
> poe-code@0.0.0-dev prepare
> husky

.git can't be found[
  {
    "id": "poe-code@0.0.0-dev",
    "name": "poe-code",
    "version": "0.0.0-dev",
    "size": 34433611,
    "unpackedSize": 209980710,
    "shasum": "adceaafa9f412c4e0430323e56bfd5d83a053431",
    "integrity": "sha512-QmzVDw3E8boVS3IkzOGzGr3Tp0Zs3bNd8yU4kDI8uqJlZkPSDTtfRFNcriLuccIS3lvPUcvvE0pPAKZIQiw2IA==",
    "filename": "poe-code-0.0.0-dev.tgz",
    "files": [
      {
        "path": "LICENSE",
        "size": 1069,
        "mode": 420
      },
      {
        "path": "README.md",
        "size": 10018,
        "mode": 420
      },
      {
        "path": "dist/agent-run-options.compile-check.d.ts",
        "size": 11,
        "mode": 420
      },
      {
        "path": "dist/agent-run-options.compile-check.js",
        "size": 70,
        "mode": 420
      },
      {
        "path": "dist/agent-run-options.compile-check.js.map",
        "size": 154,
        "mode": 420
      },
      {
        "path": "dist/agent.d.ts",
        "size": 9903,
        "mode": 420
      },
      {
        "path": "dist/agent.js",
        "size": 629244,
        "mode": 420
      },
      {
        "path": "dist/agent.js.map",
        "size": 1909266,
        "mode": 420
      },
      {
        "path": "dist/bin.cjs",
        "size": 337,
        "mode": 420
      },
      {
        "path": "dist/bin/poe-agent.js",
        "size": 359,
        "mode": 420
      },
      {
        "path": "dist/bootstrap-N5OLPRGT.js",
        "size": 7150,
        "mode": 420
      },
      {
        "path": "dist/bootstrap-N5OLPRGT.js.map",
        "size": 13571,
        "mode": 420
      },
      {
        "path": "dist/chunk-2IMEZI2L.js",
        "size": 4686,
        "mode": 420
      },
      {
        "path": "dist/chunk-2IMEZI2L.js.map",
        "size": 9106,
        "mode": 420
      },
      {
        "path": "dist/chunk-7OZT6OJ2.js",
        "size": 46249,
        "mode": 420
      },
      {
        "path": "dist/chunk-7OZT6OJ2.js.map",
        "size": 92283,
        "mode": 420
      },
      {
        "path": "dist/chunk-E3QK6N3R.js",
        "size": 98649,
        "mode": 420
      },
      {
        "path": "dist/chunk-E3QK6N3R.js.map",
        "size": 208310,
        "mode": 420
      },
      {
        "path": "dist/chunk-F4N4BL5X.js",
        "size": 160586,
        "mode": 420
      },
      {
        "path": "dist/chunk-F4N4BL5X.js.map",
        "size": 382096,
        "mode": 420
      },
      {
        "path": "dist/chunk-FUVW3AP4.js",
        "size": 10490,
        "mode": 420
      },
      {
        "path": "dist/chunk-FUVW3AP4.js.map",
        "size": 20861,
        "mode": 420
      },
      {
        "path": "dist/chunk-HJYXJLJ7.js",
        "size": 180725,
        "mode": 420
      },
      {
        "path": "dist/chunk-HJYXJLJ7.js.map",
        "size": 328445,
        "mode": 420
      },
      {
        "path": "dist/chunk-IXAQDRXI.js",
        "size": 845070,
        "mode": 420
      },
      {
        "path": "dist/chunk-IXAQDRXI.js.map",
        "size": 1789793,
        "mode": 420
      },
      {
        "path": "dist/chunk-IZZTKO35.js",
        "size": 743417,
        "mode": 420
      },
      {
        "path": "dist/chunk-IZZTKO35.js.map",
        "size": 1499860,
        "mode": 420
      },
      {
        "path": "dist/chunk-JLWEHPFH.js",
        "size": 9179593,
        "mode": 420
      },
      {
        "path": "dist/chunk-JLWEHPFH.js.map",
        "size": 12531337,
        "mode": 420
      },
      {
        "path": "dist/chunk-KSH3HB2M.js",
        "size": 1463,
        "mode": 420
      },
      {
        "path": "dist/chunk-KSH3HB2M.js.map",
        "size": 2813,
        "mode": 420
      },
      {
        "path": "dist/chunk-NO7WNABG.js",
        "size": 10808,
        "mode": 420
      },
      {
        "path": "dist/chunk-NO7WNABG.js.map",
        "size": 21697,
        "mode": 420
      },
      {
        "path": "dist/chunk-OADWN624.js",
        "size": 2125,
        "mode": 420
      },
      {
        "path": "dist/chunk-OADWN624.js.map",
        "size": 6817,
        "mode": 420
      },
      {
        "path": "dist/chunk-OYGYZRJ4.js",
        "size": 276,
        "mode": 420
      },
      {
        "path": "dist/chunk-OYGYZRJ4.js.map",
        "size": 540,
        "mode": 420
      },
      {
        "path": "dist/chunk-PX6F3LHL.js",
        "size": 1592,
        "mode": 420
      },
      {
        "path": "dist/chunk-PX6F3LHL.js.map",
        "size": 93,
        "mode": 420
      },
      {
        "path": "dist/chunk-SEW6ZNVE.js",
        "size": 23336,
        "mode": 420
      },
      {
        "path": "dist/chunk-SEW6ZNVE.js.map",
        "size": 49964,
        "mode": 420
      },
      {
        "path": "dist/chunk-WXX4XQFR.js",
        "size": 449354,
        "mode": 420
      },
      {
        "path": "dist/chunk-WXX4XQFR.js.map",
        "size": 917075,
        "mode": 420
      },
      {
        "path": "dist/chunk-XVWB3UZS.js",
        "size": 629708,
        "mode": 420
      },
      {
        "path": "dist/chunk-XVWB3UZS.js.map",
        "size": 1300974,
        "mode": 420
      },
      {
        "path": "dist/chunk-YJT6NRUL.js",
        "size": 3277,
        "mode": 420
      },
      {
        "path": "dist/chunk-YJT6NRUL.js.map",
        "size": 6088,
        "mode": 420
      },
      {
        "path": "dist/cli/bootstrap.d.ts",
        "size": 417,
        "mode": 420
      },
      {
        "path": "dist/cli/bootstrap.js",
        "size": 5910,
        "mode": 420
      },
      {
        "path": "dist/cli/bootstrap.js.map",
        "size": 5639,
        "mode": 420
      },
      {
        "path": "dist/cli/command-not-found.d.ts",
        "size": 377,
        "mode": 420
      },
      {
        "path": "dist/cli/command-not-found.js",
        "size": 1387,
        "mode": 420
      },
      {
        "path": "dist/cli/command-not-found.js.map",
        "size": 1445,
        "mode": 420
      },
      {
        "path": "dist/cli/commander-input-errors.d.ts",
        "size": 603,
        "mode": 420
      },
      {
        "path": "dist/cli/commander-input-errors.js",
        "size": 2626,
        "mode": 420
      },
      {
        "path": "dist/cli/commander-input-errors.js.map",
        "size": 2483,
        "mode": 420
      },
      {
        "path": "dist/cli/commands/activity-timeout-options.d.ts",
        "size": 583,
        "mode": 420
      },
      {
        "path": "dist/cli/commands/activity-timeout-options.js",
        "size": 1123,
        "mode": 420
      },
      {
        "path": "dist/cli/commands/activity-timeout-options.js.map",
        "size": 885,
        "mode": 420
      },
      {
        "path": "dist/cli/commands/agent.d.ts",
        "size": 190,
        "mode": 420
      },
      {
        "path": "dist/cli/commands/agent.js",
        "size": 5437,
        "mode": 420
      },
      {
        "path": "dist/cli/commands/agent.js.map",
        "size": 4399,
        "mode": 420
      },
      {
        "path": "dist/cli/commands/auth.d.ts",
        "size": 189,
        "mode": 420
      },
      {
        "path": "dist/cli/commands/auth.js",
        "size": 5327,
        "mode": 420
      },
      {
        "path": "dist/cli/commands/auth.js.map",
        "size": 5001,
        "mode": 420
      },
      {
        "path": "dist/cli/commands/braintrust.d.ts",
        "size": 195,
        "mode": 420
      },
      {
        "path": "dist/cli/commands/braintrust.js",
        "size": 4415,
        "mode": 420
      },
      {
        "path": "dist/cli/commands/braintrust.js.map",
        "size": 4147,
        "mode": 420
      },
      {
        "path": "dist/cli/commands/completion.d.ts",
        "size": 117,
        "mode": 420
      },
      {
        "path": "dist/cli/commands/completion.js",
        "size": 9409,
        "mode": 420
      },
      {
        "path": "dist/cli/commands/completion.js.map",
        "size": 8318,
        "mode": 420
      },
      {
        "path": "dist/cli/commands/config.d.ts",
        "size": 191,
        "mode": 420
      },
      {
        "path": "dist/cli/commands/config.js",
        "size": 9783,
        "mode": 420
      },
      {
        "path": "dist/cli/commands/config.js.map",
        "size": 9607,
        "mode": 420
      },
      {
        "path": "dist/cli/commands/configure-payload.d.ts",
        "size": 638,
        "mode": 420
      },
      {
        "path": "dist/cli/commands/configure-payload.js",
        "size": 3605,
        "mode": 420
      },
      {
        "path": "dist/cli/commands/configure-payload.js.map",
        "size": 3226,
        "mode": 420
      },
      {
        "path": "dist/cli/commands/configure.d.ts",
        "size": 967,
        "mode": 420
      },
      {
        "path": "dist/cli/commands/configure.js",
        "size": 33142,
        "mode": 420
      },
      {
        "path": "dist/cli/commands/configure.js.map",
        "size": 29904,
        "mode": 420
      },
      {
        "path": "dist/cli/commands/confirm-destructive.d.ts",
        "size": 779,
        "mode": 420
      },
      {
        "path": "dist/cli/commands/confirm-destructive.js",
        "size": 1082,
        "mode": 420
      },
      {
        "path": "dist/cli/commands/confirm-destructive.js.map",
        "size": 867,
        "mode": 420
      },
      {
        "path": "dist/cli/commands/dashboard-loop-shared.d.ts",
        "size": 718,
        "mode": 420
      },
      {
        "path": "dist/cli/commands/dashboard-loop-shared.js",
        "size": 1949,
        "mode": 420
      },
      {
        "path": "dist/cli/commands/dashboard-loop-shared.js.map",
        "size": 2297,
        "mode": 420
      },
      {
        "path": "dist/cli/commands/decimal-integer.d.ts",
        "size": 73,
        "mode": 420
      },
      {
        "path": "dist/cli/commands/decimal-integer.js",
        "size": 347,
        "mode": 420
      },
      {
        "path": "dist/cli/commands/decimal-integer.js.map",
        "size": 472,
        "mode": 420
      },
      {
        "path": "dist/cli/commands/doctor.d.ts",
        "size": 191,
        "mode": 420
      },
      {
        "path": "dist/cli/commands/doctor.js",
        "size": 6285,
        "mode": 420
      },
      {
        "path": "dist/cli/commands/doctor.js.map",
        "size": 6221,
        "mode": 420
      },
      {
        "path": "dist/cli/commands/ensure-isolated-config.d.ts",
        "size": 478,
        "mode": 420
      },
      {
        "path": "dist/cli/commands/ensure-isolated-config.js",
        "size": 4337,
        "mode": 420
      },
      {
        "path": "dist/cli/commands/ensure-isolated-config.js.map",
        "size": 4004,
        "mode": 420
      },
      {
        "path": "dist/cli/commands/experiment.d.ts",
        "size": 195,
        "mode": 420
      },
      {
        "path": "dist/cli/commands/experiment.js",
        "size": 42060,
        "mode": 420
      },
      {
        "path": "dist/cli/commands/experiment.js.map",
        "size": 35232,
        "mode": 420
      },
      {
        "path": "dist/cli/commands/gaslight.d.ts",
        "size": 193,
        "mode": 420
      },
      {
        "path": "dist/cli/commands/gaslight.js",
        "size": 23514,
        "mode": 420
      },
      {
        "path": "dist/cli/commands/gaslight.js.map",
        "size": 21469,
        "mode": 420
      },
      {
        "path": "dist/cli/commands/harness-runtime.d.ts",
        "size": 614,
        "mode": 420
      },
      {
        "path": "dist/cli/commands/harness-runtime.js",
        "size": 33662,
        "mode": 420
      },
      {
        "path": "dist/cli/commands/harness-runtime.js.map",
        "size": 32897,
        "mode": 420
      },
      {
        "path": "dist/cli/commands/harness-spawn-retry.d.ts",
        "size": 219,
        "mode": 420
      },
      {
        "path": "dist/cli/commands/harness-spawn-retry.js",
        "size": 2624,
        "mode": 420
      },
      {
        "path": "dist/cli/commands/harness-spawn-retry.js.map",
        "size": 2148,
        "mode": 420
      },
      {
        "path": "dist/cli/commands/harness.d.ts",
        "size": 647,
        "mode": 420
      },
      {
        "path": "dist/cli/commands/harness.js",
        "size": 5507,
        "mode": 420
      },
      {
        "path": "dist/cli/commands/harness.js.map",
        "size": 4067,
        "mode": 420
      },
      {
        "path": "dist/cli/commands/help-guidance.d.ts",
        "size": 940,
        "mode": 420
      },
      {
        "path": "dist/cli/commands/help-guidance.js",
        "size": 1567,
        "mode": 420
      },
      {
        "path": "dist/cli/commands/help-guidance.js.map",
        "size": 1256,
        "mode": 420
      },
      {
        "path": "dist/cli/commands/install-skill-file.d.ts",
        "size": 833,
        "mode": 420
      },
      {
        "path": "dist/cli/commands/install-skill-file.js",
        "size": 2356,
        "mode": 420
      },
      {
        "path": "dist/cli/commands/install-skill-file.js.map",
        "size": 2360,
        "mode": 420
      },
      {
        "path": "dist/cli/commands/install.d.ts",
        "size": 310,
        "mode": 420
      },
      {
        "path": "dist/cli/commands/install.js",
        "size": 2457,
        "mode": 420
      },
      {
        "path": "dist/cli/commands/install.js.map",
        "size": 2237,
        "mode": 420
      },
      {
        "path": "dist/cli/commands/json-output.d.ts",
        "size": 237,
        "mode": 420
      },
      {
        "path": "dist/cli/commands/json-output.js",
        "size": 244,
        "mode": 420
      },
      {
        "path": "dist/cli/commands/json-output.js.map",
        "size": 305,
        "mode": 420
      },
      {
        "path": "dist/cli/commands/launch.d.ts",
        "size": 189,
        "mode": 420
      },
      {
        "path": "dist/cli/commands/launch.js",
        "size": 20913,
        "mode": 420
      },
      {
        "path": "dist/cli/commands/launch.js.map",
        "size": 20507,
        "mode": 420
      },
      {
        "path": "dist/cli/commands/login.d.ts",
        "size": 378,
        "mode": 420
      },
      {
        "path": "dist/cli/commands/login.js",
        "size": 6496,
        "mode": 420
      },
      {
        "path": "dist/cli/commands/login.js.map",
        "size": 5212,
        "mode": 420
      },
      {
        "path": "dist/cli/commands/logout.d.ts",
        "size": 530,
        "mode": 420
      },
      {
        "path": "dist/cli/commands/logout.js",
        "size": 5340,
        "mode": 420
      },
      {
        "path": "dist/cli/commands/logout.js.map",
        "size": 4370,
        "mode": 420
      },
      {
        "path": "dist/cli/commands/memory-mcp.d.ts",
        "size": 194,
        "mode": 420
      },
      {
        "path": "dist/cli/commands/memory-mcp.js",
        "size": 1749,
        "mode": 420
      },
      {
        "path": "dist/cli/commands/memory-mcp.js.map",
        "size": 1420,
        "mode": 420
      },
      {
        "path": "dist/cli/commands/memory.d.ts",
        "size": 191,
        "mode": 420
      },
      {
        "path": "dist/cli/commands/memory.js",
        "size": 24276,
        "mode": 420
      },
      {
        "path": "dist/cli/commands/memory.js.map",
        "size": 22117,
        "mode": 420
      },
      {
        "path": "dist/cli/commands/models.d.ts",
        "size": 191,
        "mode": 420
      },
      {
        "path": "dist/cli/commands/models.js",
        "size": 22353,
        "mode": 420
      },
      {
        "path": "dist/cli/commands/models.js.map",
        "size": 20867,
        "mode": 420
      },
      {
        "path": "dist/cli/commands/pipeline-init.d.ts",
        "size": 547,
        "mode": 420
      },
      {
        "path": "dist/cli/commands/pipeline-init.js",
        "size": 5128,
        "mode": 420
      },
      {
        "path": "dist/cli/commands/pipeline-init.js.map",
        "size": 5157,
        "mode": 420
      },
      {
        "path": "dist/cli/commands/pipeline-loop-agent.d.ts",
        "size": 177,
        "mode": 420
      },
      {
        "path": "dist/cli/commands/pipeline-loop-agent.js",
        "size": 141,
        "mode": 420
      },
      {
        "path": "dist/cli/commands/pipeline-loop-agent.js.map",
        "size": 205,
        "mode": 420
      },
      {
        "path": "dist/cli/commands/pipeline.d.ts",
        "size": 193,
        "mode": 420
      },
      {
        "path": "dist/cli/commands/pipeline.js",
        "size": 55993,
        "mode": 420
      },
      {
        "path": "dist/cli/commands/pipeline.js.map",
        "size": 46464,
        "mode": 420
      },
      {
        "path": "dist/cli/commands/plan.d.ts",
        "size": 316,
        "mode": 420
      },
      {
        "path": "dist/cli/commands/plan.js",
        "size": 29286,
        "mode": 420
      },
      {
        "path": "dist/cli/commands/plan.js.map",
        "size": 25859,
        "mode": 420
      },
      {
        "path": "dist/cli/commands/provider.d.ts",
        "size": 307,
        "mode": 420
      },
      {
        "path": "dist/cli/commands/provider.js",
        "size": 22136,
        "mode": 420
      },
      {
        "path": "dist/cli/commands/provider.js.map",
        "size": 19999,
        "mode": 420
      },
      {
        "path": "dist/cli/commands/ralph.d.ts",
        "size": 190,
        "mode": 420
      },
      {
        "path": "dist/cli/commands/ralph.js",
        "size": 28921,
        "mode": 420
      },
      {
        "path": "dist/cli/commands/ralph.js.map",
        "size": 25586,
        "mode": 420
      },
      {
        "path": "dist/cli/commands/runtime-options.d.ts",
        "size": 395,
        "mode": 420
      },
      {
        "path": "dist/cli/commands/runtime-options.js",
        "size": 926,
        "mode": 420
      },
      {
        "path": "dist/cli/commands/runtime-options.js.map",
        "size": 1023,
        "mode": 420
      },
      {
        "path": "dist/cli/commands/runtime/build.d.ts",
        "size": 367,
        "mode": 420
      },
      {
        "path": "dist/cli/commands/runtime/build.js",
        "size": 4240,
        "mode": 420
      },
      {
        "path": "dist/cli/commands/runtime/build.js.map",
        "size": 3911,
        "mode": 420
      },
      {
        "path": "dist/cli/commands/runtime/index.d.ts",
        "size": 195,
        "mode": 420
      },
      {
        "path": "dist/cli/commands/runtime/index.js",
        "size": 719,
        "mode": 420
      },
      {
        "path": "dist/cli/commands/runtime/index.js.map",
        "size": 659,
        "mode": 420
      },
      {
        "path": "dist/cli/commands/runtime/init.d.ts",
        "size": 299,
        "mode": 420
      },
      {
        "path": "dist/cli/commands/runtime/init.js",
        "size": 1724,
        "mode": 420
      },
      {
        "path": "dist/cli/commands/runtime/init.js.map",
        "size": 1614,
        "mode": 420
      },
      {
        "path": "dist/cli/commands/runtime/jobs/attach.d.ts",
        "size": 220,
        "mode": 420
      },
      {
        "path": "dist/cli/commands/runtime/jobs/attach.js",
        "size": 2244,
        "mode": 420
      },
      {
        "path": "dist/cli/commands/runtime/jobs/attach.js.map",
        "size": 2136,
        "mode": 420
      },
      {
        "path": "dist/cli/commands/runtime/jobs/index.d.ts",
        "size": 217,
        "mode": 420
      },
      {
        "path": "dist/cli/commands/runtime/jobs/index.js",
        "size": 1035,
        "mode": 420
      },
      {
        "path": "dist/cli/commands/runtime/jobs/index.js.map",
        "size": 961,
        "mode": 420
      },
      {
        "path": "dist/cli/commands/runtime/jobs/logs.d.ts",
        "size": 218,
        "mode": 420
      },
      {
        "path": "dist/cli/commands/runtime/jobs/logs.js",
        "size": 1561,
        "mode": 420
      },
      {
        "path": "dist/cli/commands/runtime/jobs/logs.js.map",
        "size": 1548,
        "mode": 420
      },
      {
        "path": "dist/cli/commands/runtime/jobs/ls.d.ts",
        "size": 216,
        "mode": 420
      },
      {
        "path": "dist/cli/commands/runtime/jobs/ls.js",
        "size": 2906,
        "mode": 420
      },
      {
        "path": "dist/cli/commands/runtime/jobs/ls.js.map",
        "size": 3212,
        "mode": 420
      },
      {
        "path": "dist/cli/commands/runtime/jobs/sandbox.d.ts",
        "size": 221,
        "mode": 420
      },
      {
        "path": "dist/cli/commands/runtime/jobs/sandbox.js",
        "size": 1735,
        "mode": 420
      },
      {
        "path": "dist/cli/commands/runtime/jobs/sandbox.js.map",
        "size": 1738,
        "mode": 420
      },
      {
        "path": "dist/cli/commands/runtime/jobs/shared.d.ts",
        "size": 1257,
        "mode": 420
      },
      {
        "path": "dist/cli/commands/runtime/jobs/shared.js",
        "size": 7687,
        "mode": 420
      },
      {
        "path": "dist/cli/commands/runtime/jobs/shared.js.map",
        "size": 8228,
        "mode": 420
      },
      {
        "path": "dist/cli/commands/runtime/jobs/show.d.ts",
        "size": 218,
        "mode": 420
      },
      {
        "path": "dist/cli/commands/runtime/jobs/show.js",
        "size": 1955,
        "mode": 420
      },
      {
        "path": "dist/cli/commands/runtime/jobs/show.js.map",
        "size": 2131,
        "mode": 420
      },
      {
        "path": "dist/cli/commands/runtime/jobs/stop.d.ts",
        "size": 218,
        "mode": 420
      },
      {
        "path": "dist/cli/commands/runtime/jobs/stop.js",
        "size": 1669,
        "mode": 420
      },
      {
        "path": "dist/cli/commands/runtime/jobs/stop.js.map",
        "size": 1720,
        "mode": 420
      },
      {
        "path": "dist/cli/commands/runtime/jobs/sync.d.ts",
        "size": 218,
        "mode": 420
      },
      {
        "path": "dist/cli/commands/runtime/jobs/sync.js",
        "size": 1390,
        "mode": 420
      },
      {
        "path": "dist/cli/commands/runtime/jobs/sync.js.map",
        "size": 1409,
        "mode": 420
      },
      {
        "path": "dist/cli/commands/runtime/list-window.d.ts",
        "size": 528,
        "mode": 420
      },
      {
        "path": "dist/cli/commands/runtime/list-window.js",
        "size": 1456,
        "mode": 420
      },
      {
        "path": "dist/cli/commands/runtime/list-window.js.map",
        "size": 1548,
        "mode": 420
      },
      {
        "path": "dist/cli/commands/runtime/shared.d.ts",
        "size": 895,
        "mode": 420
      },
      {
        "path": "dist/cli/commands/runtime/shared.js",
        "size": 3058,
        "mode": 420
      },
      {
        "path": "dist/cli/commands/runtime/shared.js.map",
        "size": 3088,
        "mode": 420
      },
      {
        "path": "dist/cli/commands/runtime/templates/clear.d.ts",
        "size": 229,
        "mode": 420
      },
      {
        "path": "dist/cli/commands/runtime/templates/clear.js",
        "size": 2362,
        "mode": 420
      },
      {
        "path": "dist/cli/commands/runtime/templates/clear.js.map",
        "size": 2353,
        "mode": 420
      },
      {
        "path": "dist/cli/commands/runtime/templates/index.d.ts",
        "size": 222,
        "mode": 420
      },
      {
        "path": "dist/cli/commands/runtime/templates/index.js",
        "size": 512,
        "mode": 420
      },
      {
        "path": "dist/cli/commands/runtime/templates/index.js.map",
        "size": 488,
        "mode": 420
      },
      {
        "path": "dist/cli/commands/runtime/templates/ls.d.ts",
        "size": 226,
        "mode": 420
      },
      {
        "path": "dist/cli/commands/runtime/templates/ls.js",
        "size": 3097,
        "mode": 420
      },
      {
        "path": "dist/cli/commands/runtime/templates/ls.js.map",
        "size": 3523,
        "mode": 420
      },
      {
        "path": "dist/cli/commands/shared.d.ts",
        "size": 5315,
        "mode": 420
      },
      {
        "path": "dist/cli/commands/shared.js",
        "size": 23500,
        "mode": 420
      },
      {
        "path": "dist/cli/commands/shared.js.map",
        "size": 22231,
        "mode": 420
      },
      {
        "path": "dist/cli/commands/skill-options.d.ts",
        "size": 566,
        "mode": 420
      },
      {
        "path": "dist/cli/commands/skill-options.js",
        "size": 1377,
        "mode": 420
      },
      {
        "path": "dist/cli/commands/skill-options.js.map",
        "size": 1197,
        "mode": 420
      },
      {
        "path": "dist/cli/commands/skill.d.ts",
        "size": 190,
        "mode": 420
      },
      {
        "path": "dist/cli/commands/skill.js",
        "size": 21507,
        "mode": 420
      },
      {
        "path": "dist/cli/commands/skill.js.map",
        "size": 18291,
        "mode": 420
      },
      {
        "path": "dist/cli/commands/spawn-poe-agent.d.ts",
        "size": 188,
        "mode": 420
      },
      {
        "path": "dist/cli/commands/spawn-poe-agent.js",
        "size": 2311,
        "mode": 420
      },
      {
        "path": "dist/cli/commands/spawn-poe-agent.js.map",
        "size": 2226,
        "mode": 420
      },
      {
        "path": "dist/cli/commands/spawn.d.ts",
        "size": 789,
        "mode": 420
      },
      {
        "path": "dist/cli/commands/spawn.js",
        "size": 27934,
        "mode": 420
      },
      {
        "path": "dist/cli/commands/spawn.js.map",
        "size": 21727,
        "mode": 420
      },
      {
        "path": "dist/cli/commands/tasks-options.d.ts",
        "size": 1384,
        "mode": 420
      },
      {
        "path": "dist/cli/commands/tasks-options.js",
        "size": 10191,
        "mode": 420
      },
      {
        "path": "dist/cli/commands/tasks-options.js.map",
        "size": 10478,
        "mode": 420
      },
      {
        "path": "dist/cli/commands/tasks.d.ts",
        "size": 190,
        "mode": 420
      },
      {
        "path": "dist/cli/commands/tasks.js",
        "size": 28563,
        "mode": 420
      },
      {
        "path": "dist/cli/commands/tasks.js.map",
        "size": 27281,
        "mode": 420
      },
      {
        "path": "dist/cli/commands/test.d.ts",
        "size": 480,
        "mode": 420
      },
      {
        "path": "dist/cli/commands/test.js",
        "size": 8304,
        "mode": 420
      },
      {
        "path": "dist/cli/commands/test.js.map",
        "size": 6293,
        "mode": 420
      },
      {
        "path": "dist/cli/commands/traces.d.ts",
        "size": 191,
        "mode": 420
      },
      {
        "path": "dist/cli/commands/traces.js",
        "size": 5819,
        "mode": 420
      },
      {
        "path": "dist/cli/commands/traces.js.map",
        "size": 4868,
        "mode": 420
      },
      {
        "path": "dist/cli/commands/unconfigure.d.ts",
        "size": 1459,
        "mode": 420
      },
      {
        "path": "dist/cli/commands/unconfigure.js",
        "size": 6479,
        "mode": 420
      },
      {
        "path": "dist/cli/commands/unconfigure.js.map",
        "size": 5402,
        "mode": 420
      },
      {
        "path": "dist/cli/commands/update.d.ts",
        "size": 580,
        "mode": 420
      },
      {
        "path": "dist/cli/commands/update.js",
        "size": 2693,
        "mode": 420
      },
      {
        "path": "dist/cli/commands/update.js.map",
        "size": 2315,
        "mode": 420
      },
      {
        "path": "dist/cli/commands/usage.d.ts",
        "size": 1005,
        "mode": 420
      },
      {
        "path": "dist/cli/commands/usage.js",
        "size": 12401,
        "mode": 420
      },
      {
        "path": "dist/cli/commands/usage.js.map",
        "size": 10952,
        "mode": 420
      },
      {
        "path": "dist/cli/commands/utils-symlink-agents.d.ts",
        "size": 415,
        "mode": 420
      },
      {
        "path": "dist/cli/commands/utils-symlink-agents.js",
        "size": 3901,
        "mode": 420
      },
      {
        "path": "dist/cli/commands/utils-symlink-agents.js.map",
        "size": 3328,
        "mode": 420
      },
      {
        "path": "dist/cli/commands/utils-symlink-ops.d.ts",
        "size": 907,
        "mode": 420
      },
      {
        "path": "dist/cli/commands/utils-symlink-ops.js",
        "size": 3349,
        "mode": 420
      },
      {
        "path": "dist/cli/commands/utils-symlink-ops.js.map",
        "size": 3612,
        "mode": 420
      },
      {
        "path": "dist/cli/commands/utils-symlink-skills.d.ts",
        "size": 681,
        "mode": 420
      },
      {
        "path": "dist/cli/commands/utils-symlink-skills.js",
        "size": 5936,
        "mode": 420
      },
      {
        "path": "dist/cli/commands/utils-symlink-skills.js.map",
        "size": 4754,
        "mode": 420
      },
      {
        "path": "dist/cli/commands/utils-symlink.d.ts",
        "size": 196,
        "mode": 420
      },
      {
        "path": "dist/cli/commands/utils-symlink.js",
        "size": 1370,
        "mode": 420
      },
      {
        "path": "dist/cli/commands/utils-symlink.js.map",
        "size": 1118,
        "mode": 420
      },
      {
        "path": "dist/cli/commands/utils.d.ts",
        "size": 190,
        "mode": 420
      },
      {
        "path": "dist/cli/commands/utils.js",
        "size": 472,
        "mode": 420
      },
      {
        "path": "dist/cli/commands/utils.js.map",
        "size": 460,
        "mode": 420
      },
      {
        "path": "dist/cli/commands/version.d.ts",
        "size": 216,
        "mode": 420
      },
      {
        "path": "dist/cli/commands/version.js",
        "size": 1855,
        "mode": 420
      },
      {
        "path": "dist/cli/commands/version.js.map",
        "size": 1839,
        "mode": 420
      },
      {
        "path": "dist/cli/commands/worktree-options.d.ts",
        "size": 555,
        "mode": 420
      },
      {
        "path": "dist/cli/commands/worktree-options.js",
        "size": 847,
        "mode": 420
      },
      {
        "path": "dist/cli/commands/worktree-options.js.map",
        "size": 935,
        "mode": 420
      },
      {
        "path": "dist/cli/commands/worktree.d.ts",
        "size": 193,
        "mode": 420
      },
      {
        "path": "dist/cli/commands/worktree.js",
        "size": 3899,
        "mode": 420
      },
      {
        "path": "dist/cli/commands/worktree.js.map",
        "size": 3477,
        "mode": 420
      },
      {
        "path": "dist/cli/constants.d.ts",
        "size": 387,
        "mode": 420
      },
      {
        "path": "dist/cli/constants.js",
        "size": 523,
        "mode": 420
      },
      {
        "path": "dist/cli/constants.js.map",
        "size": 510,
        "mode": 420
      },
      {
        "path": "dist/cli/container.d.ts",
        "size": 2249,
        "mode": 420
      },
      {
        "path": "dist/cli/container.js",
        "size": 8113,
        "mode": 420
      },
      {
        "path": "dist/cli/container.js.map",
        "size": 7347,
        "mode": 420
      },
      {
        "path": "dist/cli/context.d.ts",
        "size": 1219,
        "mode": 420
      },
      {
        "path": "dist/cli/context.js",
        "size": 4002,
        "mode": 420
      },
      {
        "path": "dist/cli/context.js.map",
        "size": 3566,
        "mode": 420
      },
      {
        "path": "dist/cli/environment.d.ts",
        "size": 1000,
        "mode": 420
      },
      {
        "path": "dist/cli/environment.js",
        "size": 3864,
        "mode": 420
      },
      {
        "path": "dist/cli/environment.js.map",
        "size": 4362,
        "mode": 420
      },
      {
        "path": "dist/cli/error-logger.d.ts",
        "size": 1840,
        "mode": 420
      },
      {
        "path": "dist/cli/error-logger.js",
        "size": 7535,
        "mode": 420
      },
      {
        "path": "dist/cli/error-logger.js.map",
        "size": 7519,
        "mode": 420
      },
      {
        "path": "dist/cli/errors.d.ts",
        "size": 3083,
        "mode": 420
      },
      {
        "path": "dist/cli/errors.js",
        "size": 4487,
        "mode": 420
      },
      {
        "path": "dist/cli/errors.js.map",
        "size": 3647,
        "mode": 420
      },
      {
        "path": "dist/cli/exit-signals.d.ts",
        "size": 119,
        "mode": 420
      },
      {
        "path": "dist/cli/exit-signals.js",
        "size": 236,
        "mode": 420
      },
      {
        "path": "dist/cli/exit-signals.js.map",
        "size": 311,
        "mode": 420
      },
      {
        "path": "dist/cli/http.d.ts",
        "size": 343,
        "mode": 420
      },
      {
        "path": "dist/cli/http.js",
        "size": 43,
        "mode": 420
      },
      {
        "path": "dist/cli/http.js.map",
        "size": 107,
        "mode": 420
      },
      {
        "path": "dist/cli/isolated-env.d.ts",
        "size": 1495,
        "mode": 420
      },
      {
        "path": "dist/cli/isolated-env.js",
        "size": 8475,
        "mode": 420
      },
      {
        "path": "dist/cli/isolated-env.js.map",
        "size": 8241,
        "mode": 420
      },
      {
        "path": "dist/cli/logger.d.ts",
        "size": 1401,
        "mode": 420
      },
      {
        "path": "dist/cli/logger.js",
        "size": 7799,
        "mode": 420
      },
      {
        "path": "dist/cli/logger.js.map",
        "size": 6797,
        "mode": 420
      },
      {
        "path": "dist/cli/mcp-spawn-config.d.ts",
        "size": 472,
        "mode": 420
      },
      {
        "path": "dist/cli/mcp-spawn-config.js",
        "size": 4872,
        "mode": 420
      },
      {
        "path": "dist/cli/mcp-spawn-config.js.map",
        "size": 4610,
        "mode": 420
      },
      {
        "path": "dist/cli/oauth-login.d.ts",
        "size": 364,
        "mode": 420
      },
      {
        "path": "dist/cli/oauth-login.js",
        "size": 2459,
        "mode": 420
      },
      {
        "path": "dist/cli/oauth-login.js.map",
        "size": 2446,
        "mode": 420
      },
      {
        "path": "dist/cli/options.d.ts",
        "size": 2470,
        "mode": 420
      },
      {
        "path": "dist/cli/options.js",
        "size": 8604,
        "mode": 420
      },
      {
        "path": "dist/cli/options.js.map",
        "size": 7133,
        "mode": 420
      },
      {
        "path": "dist/cli/poe-agent-main.d.ts",
        "size": 507,
        "mode": 420
      },
      {
        "path": "dist/cli/poe-agent-main.js",
        "size": 5355,
        "mode": 420
      },
      {
        "path": "dist/cli/poe-agent-main.js.map",
        "size": 5016,
        "mode": 420
      },
      {
        "path": "dist/cli/poe-theme.d.ts",
        "size": 47,
        "mode": 420
      },
      {
        "path": "dist/cli/poe-theme.js",
        "size": 179,
        "mode": 420
      },
      {
        "path": "dist/cli/poe-theme.js.map",
        "size": 261,
        "mode": 420
      },
      {
        "path": "dist/cli/program.d.ts",
        "size": 204,
        "mode": 420
      },
      {
        "path": "dist/cli/program.js",
        "size": 35373,
        "mode": 420
      },
      {
        "path": "dist/cli/program.js.map",
        "size": 32707,
        "mode": 420
      },
      {
        "path": "dist/cli/prompt-runner.d.ts",
        "size": 417,
        "mode": 420
      },
      {
        "path": "dist/cli/prompt-runner.js",
        "size": 2584,
        "mode": 420
      },
      {
        "path": "dist/cli/prompt-runner.js.map",
        "size": 2512,
        "mode": 420
      },
      {
        "path": "dist/cli/prompts.d.ts",
        "size": 2095,
        "mode": 420
      },
      {
        "path": "dist/cli/prompts.js",
        "size": 1579,
        "mode": 420
      },
      {
        "path": "dist/cli/prompts.js.map",
        "size": 1329,
        "mode": 420
      },
      {
        "path": "dist/cli/provider-auth-storage.d.ts",
        "size": 248,
        "mode": 420
      },
      {
        "path": "dist/cli/provider-auth-storage.js",
        "size": 1066,
        "mode": 420
      },
      {
        "path": "dist/cli/provider-auth-storage.js.map",
        "size": 1005,
        "mode": 420
      },
      {
        "path": "dist/cli/service-registry.d.ts",
        "size": 5296,
        "mode": 420
      },
      {
        "path": "dist/cli/service-registry.js",
        "size": 2896,
        "mode": 420
      },
      {
        "path": "dist/cli/service-registry.js.map",
        "size": 3068,
        "mode": 420
      },
      {
        "path": "dist/cli/subcommand-required.d.ts",
        "size": 499,
        "mode": 420
      },
      {
        "path": "dist/cli/subcommand-required.js",
        "size": 1699,
        "mode": 420
      },
      {
        "path": "dist/cli/subcommand-required.js.map",
        "size": 1697,
        "mode": 420
      },
      {
        "path": "dist/cli/types.d.ts",
        "size": 131,
        "mode": 420
      },
      {
        "path": "dist/cli/types.js",
        "size": 44,
        "mode": 420
      },
      {
        "path": "dist/cli/types.js.map",
        "size": 109,
        "mode": 420
      },
      {
        "path": "dist/cli/ui/service-menu.d.ts",
        "size": 438,
        "mode": 420
      },
      {
        "path": "dist/cli/ui/service-menu.js",
        "size": 1540,
        "mode": 420
      },
      {
        "path": "dist/cli/ui/service-menu.js.map",
        "size": 1786,
        "mode": 420
      },
      {
        "path": "dist/codegen/agent-spawn-py-types.d.ts",
        "size": 873,
        "mode": 420
      },
      {
        "path": "dist/codegen/agent-spawn-py-types.js",
        "size": 16576,
        "mode": 420
      },
      {
        "path": "dist/codegen/agent-spawn-py-types.js.map",
        "size": 16447,
        "mode": 420
      },
      {
        "path": "dist/config-testing.d.ts",
        "size": 68,
        "mode": 420
      },
      {
        "path": "dist/config-testing.js",
        "size": 15863,
        "mode": 420
      },
      {
        "path": "dist/config-testing.js.map",
        "size": 41986,
        "mode": 420
      },
      {
        "path": "dist/config.d.ts",
        "size": 59,
        "mode": 420
      },
      {
        "path": "dist/config.js",
        "size": 192320,
        "mode": 420
      },
      {
        "path": "dist/config.js.map",
        "size": 631978,
        "mode": 420
      },
      {
        "path": "dist/config.toml-2VIEXJWD.js",
        "size": 944,
        "mode": 420
      },
      {
        "path": "dist/config.toml-2VIEXJWD.js.map",
        "size": 917,
        "mode": 420
      },
      {
        "path": "dist/corpus/001-archaeoastronomy.md",
        "size": 244022,
        "mode": 420
      },
      {
        "path": "dist/corpus/002-magnetohydrodynamics.md",
        "size": 243369,
        "mode": 420
      },
      {
        "path": "dist/corpus/003-biosemiotics.md",
        "size": 244624,
        "mode": 420
      },
      {
        "path": "dist/corpus/004-cryopedology.md",
        "size": 244621,
        "mode": 420
      },
      {
        "path": "dist/corpus/005-geomicrobiology.md",
        "size": 244175,
        "mode": 420
      },
      {
        "path": "dist/corpus/006-aeronomy.md",
        "size": 245281,
        "mode": 420
      },
      {
        "path": "dist/corpus/007-paleoclimatology.md",
        "size": 244025,
        "mode": 420
      },
      {
        "path": "dist/corpus/008-hydrogeophysics.md",
        "size": 243724,
        "mode": 420
      },
      {
        "path": "dist/corpus/009-magnetostratigraphy.md",
        "size": 243074,
        "mode": 420
      },
      {
        "path": "dist/corpus/010-isotope-hydrology.md",
        "size": 243902,
        "mode": 420
      },
      {
        "path": "dist/corpus/011-speleothem-geochemistry.md",
        "size": 242131,
        "mode": 420
      },
      {
        "path": "dist/corpus/012-astrobiogeochemistry.md",
        "size": 243369,
        "mode": 420
      },
      {
        "path": "dist/corpus/013-neuroethology.md",
        "size": 244921,
        "mode": 420
      },
      {
        "path": "dist/corpus/014-chronophysiology.md",
        "size": 245824,
        "mode": 420
      },
      {
        "path": "dist/corpus/015-limnogeochemistry.md",
        "size": 242482,
        "mode": 420
      },
      {
        "path": "dist/corpus/016-palynology.md",
        "size": 244024,
        "mode": 420
      },
      {
        "path": "dist/corpus/017-volcanotectonics.md",
        "size": 240858,
        "mode": 420
      },
      {
        "path": "dist/corpus/018-seismotectonics.md",
        "size": 240109,
        "mode": 420
      },
      {
        "path": "dist/corpus/019-biogeomorphology.md",
        "size": 242186,
        "mode": 420
      },
      {
        "path": "dist/corpus/020-geobiophysics.md",
        "size": 243131,
        "mode": 420
      },
      {
        "path": "dist/corpus/021-phytolith-analysis.md",
        "size": 244194,
        "mode": 420
      },
      {
        "path": "dist/corpus/022-archaeometallurgy.md",
        "size": 244320,
        "mode": 420
      },
      {
        "path": "dist/corpus/023-paleomagnetism.md",
        "size": 243429,
        "mode": 420
      },
      {
        "path": "dist/corpus/024-biocalorimetry.md",
        "size": 241594,
        "mode": 420
      },
      {
        "path": "dist/corpus/025-atmospheric-chemiluminescence.md",
        "size": 243845,
        "mode": 420
      },
      {
        "path": "dist/corpus/026-cryoseismology.md",
        "size": 243426,
        "mode": 420
      },
      {
        "path": "dist/corpus/027-extremophile-radiobiology.md",
        "size": 243130,
        "mode": 420
      },
      {
        "path": "dist/corpus/028-heliophysics.md",
        "size": 242833,
        "mode": 420
      },
      {
        "path": "dist/corpus/029-astroparticle-geophysics.md",
        "size": 242418,
        "mode": 420
      },
      {
        "path": "dist/corpus/030-glaciohydrology.md",
        "size": 243727,
        "mode": 420
      },
      {
        "path": "dist/corpus/031-permafrost-microbiology.md",
        "size": 243859,
        "mode": 420
      },
      {
        "path": "dist/corpus/032-ecoacoustics.md",
        "size": 242830,
        "mode": 420
      },
      {
        "path": "dist/corpus/033-dendroclimatology.md",
        "size": 241152,
        "mode": 420
      },
      {
        "path": "dist/corpus/034-ionospheric-tomography.md",
        "size": 243571,
        "mode": 420
      },
      {
        "path": "dist/corpus/035-marine-geodesy.md",
        "size": 243018,
        "mode": 420
      },
      {
        "path": "dist/corpus/036-sedimentary-ancient-dna.md",
        "size": 245795,
        "mode": 420
      },
      {
        "path": "dist/corpus/037-myrmecochory-dynamics.md",
        "size": 241557,
        "mode": 420
      },
      {
        "path": "dist/corpus/038-chemosensory-ecology.md",
        "size": 242987,
        "mode": 420
      },
      {
        "path": "dist/corpus/039-spintronics-materials.md",
        "size": 245262,
        "mode": 420
      },
      {
        "path": "dist/corpus/040-nanotoxicology.md",
        "size": 245221,
        "mode": 420
      },
      {
        "path": "dist/corpus/041-cosmochemistry.md",
        "size": 245224,
        "mode": 420
      },
      {
        "path": "dist/corpus/042-quaternary-geochronology.md",
        "size": 240671,
        "mode": 420
      },
      {
        "path": "dist/corpus/043-biophotonics.md",
        "size": 242833,
        "mode": 420
      },
      {
        "path": "dist/corpus/044-evolutionary-morphometrics.md",
        "size": 246939,
        "mode": 420
      },
      {
        "path": "dist/corpus/045-cryovolcanology.md",
        "size": 241889,
        "mode": 420
      },
      {
        "path": "dist/corpus/046-exoplanet-atmospheric-dynamics.md",
        "size": 245546,
        "mode": 420
      },
      {
        "path": "dist/corpus/047-microbial-electrosynthesis.md",
        "size": 245148,
        "mode": 420
      },
      {
        "path": "dist/corpus/048-paleoseismology.md",
        "size": 243727,
        "mode": 420
      },
      {
        "path": "dist/corpus/049-actinide-geochemistry.md",
        "size": 243279,
        "mode": 420
      },
      {
        "path": "dist/corpus/050-quantum-biology.md",
        "size": 246899,
        "mode": 420
      },
      {
        "path": "dist/credentials.compile-check.d.ts",
        "size": 11,
        "mode": 420
      },
      {
        "path": "dist/credentials.compile-check.js",
        "size": 64,
        "mode": 420
      },
      {
        "path": "dist/credentials.compile-check.js.map",
        "size": 142,
        "mode": 420
      },
      {
        "path": "dist/credentials.d.ts",
        "size": 232,
        "mode": 420
      },
      {
        "path": "dist/credentials.js",
        "size": 79322,
        "mode": 420
      },
      {
        "path": "dist/credentials.js.map",
        "size": 458143,
        "mode": 420
      },
      {
        "path": "dist/default-instructions.md",
        "size": 460,
        "mode": 420
      },
      {
        "path": "dist/default-run.yaml",
        "size": 623,
        "mode": 420
      },
      {
        "path": "dist/ensure-isolated-config-5EQFXRV5.js",
        "size": 4310,
        "mode": 420
      },
      {
        "path": "dist/ensure-isolated-config-5EQFXRV5.js.map",
        "size": 7385,
        "mode": 420
      },
      {
        "path": "dist/env-OTCVFSB7.js",
        "size": 252,
        "mode": 420
      },
      {
        "path": "dist/env-OTCVFSB7.js.map",
        "size": 225,
        "mode": 420
      },
      {
        "path": "dist/harness-runtime-3377YFSO.js",
        "size": 57861,
        "mode": 420
      },
      {
        "path": "dist/harness-runtime-3377YFSO.js.map",
        "size": 124934,
        "mode": 420
      },
      {
        "path": "dist/index.d.ts",
        "size": 5828,
        "mode": 420
      },
      {
        "path": "dist/index.js",
        "size": 14187,
        "mode": 420
      },
      {
        "path": "dist/index.js.map",
        "size": 40405,
        "mode": 420
      },
      {
        "path": "dist/inMemory-GNRAKXH6.js",
        "size": 1545,
        "mode": 420
      },
      {
        "path": "dist/inMemory-GNRAKXH6.js.map",
        "size": 869,
        "mode": 420
      },
      {
        "path": "dist/main.py-PGH3I5VG.js",
        "size": 580,
        "mode": 420
      },
      {
        "path": "dist/main.py-PGH3I5VG.js.map",
        "size": 557,
        "mode": 420
      },
      {
        "path": "dist/metafile.json",
        "size": 2256924,
        "mode": 420
      },
      {
        "path": "dist/package-metadata.d.ts",
        "size": 45,
        "mode": 420
      },
      {
        "path": "dist/package-metadata.js",
        "size": 340,
        "mode": 420
      },
      {
        "path": "dist/package-metadata.js.map",
        "size": 292,
        "mode": 420
      },
      {
        "path": "dist/plan/document-schema.d.ts",
        "size": 739,
        "mode": 420
      },
      {
        "path": "dist/plan/document-schema.js",
        "size": 597,
        "mode": 420
      },
      {
        "path": "dist/plan/document-schema.js.map",
        "size": 523,
        "mode": 420
      },
      {
        "path": "dist/poe-agent-VJUA43BR.js",
        "size": 386,
        "mode": 420
      },
      {
        "path": "dist/poe-agent-VJUA43BR.js.map",
        "size": 93,
        "mode": 420
      },
      {
        "path": "dist/program-VIKTI35L.js",
        "size": 871313,
        "mode": 420
      },
      {
        "path": "dist/program-VIKTI35L.js.map",
        "size": 1715471,
        "mode": 420
      },
      {
        "path": "dist/prompts/fix-vulnerabilities.md",
        "size": 595,
        "mode": 420
      },
      {
        "path": "dist/prompts/github-issue-comment-created.md",
        "size": 873,
        "mode": 420
      },
      {
        "path": "dist/prompts/github-issue-opened.md",
        "size": 864,
        "mode": 420
      },
      {
        "path": "dist/prompts/github-pull-request-comment-created.md",
        "size": 811,
        "mode": 420
      },
      {
        "path": "dist/prompts/github-pull-request-opened.md",
        "size": 408,
        "mode": 420
      },
      {
        "path": "dist/prompts/github-pull-request-synchronized.md",
        "size": 426,
        "mode": 420
      },
      {
        "path": "dist/prompts/update-dependencies.md",
        "size": 235,
        "mode": 420
      },
      {
        "path": "dist/prompts/update-documentation.md",
        "size": 481,
        "mode": 420
      },
      {
        "path": "dist/providers/claude-code.d.ts",
        "size": 880,
        "mode": 420
      },
      {
        "path": "dist/providers/claude-code.js",
        "size": 381805,
        "mode": 420
      },
      {
        "path": "dist/providers/claude-code.js.map",
        "size": 1273039,
        "mode": 420
      },
      {
        "path": "dist/providers/codex.d.ts",
        "size": 903,
        "mode": 420
      },
      {
        "path": "dist/providers/codex.js",
        "size": 386337,
        "mode": 420
      },
      {
        "path": "dist/providers/codex.js.map",
        "size": 1283767,
        "mode": 420
      },
      {
        "path": "dist/providers/create-provider.d.ts",
        "size": 1735,
        "mode": 420
      },
      {
        "path": "dist/providers/create-provider.js",
        "size": 3381,
        "mode": 420
      },
      {
        "path": "dist/providers/create-provider.js.map",
        "size": 2942,
        "mode": 420
      },
      {
        "path": "dist/providers/cursor.d.ts",
        "size": 205,
        "mode": 420
      },
      {
        "path": "dist/providers/cursor.js",
        "size": 377922,
        "mode": 420
      },
      {
        "path": "dist/providers/cursor.js.map",
        "size": 1261789,
        "mode": 420
      },
      {
        "path": "dist/providers/gemini-cli.d.ts",
        "size": 919,
        "mode": 420
      },
      {
        "path": "dist/providers/gemini-cli.js",
        "size": 454152,
        "mode": 420
      },
      {
        "path": "dist/providers/gemini-cli.js.map",
        "size": 1391643,
        "mode": 420
      },
      {
        "path": "dist/providers/goose.d.ts",
        "size": 818,
        "mode": 420
      },
      {
        "path": "dist/providers/goose.js",
        "size": 381290,
        "mode": 420
      },
      {
        "path": "dist/providers/goose.js.map",
        "size": 1270663,
        "mode": 420
      },
      {
        "path": "dist/providers/index.d.ts",
        "size": 133,
        "mode": 420
      },
      {
        "path": "dist/providers/index.js",
        "size": 2014,
        "mode": 420
      },
      {
        "path": "dist/providers/index.js.map",
        "size": 2110,
        "mode": 420
      },
      {
        "path": "dist/providers/opencode.d.ts",
        "size": 364,
        "mode": 420
      },
      {
        "path": "dist/providers/opencode.js",
        "size": 388432,
        "mode": 420
      },
      {
        "path": "dist/providers/opencode.js.map",
        "size": 1291712,
        "mode": 420
      },
      {
        "path": "dist/providers/poe-agent.d.ts",
        "size": 1128,
        "mode": 420
      },
      {
        "path": "dist/providers/poe-agent.js",
        "size": 1947521,
        "mode": 420
      },
      {
        "path": "dist/providers/poe-agent.js.map",
        "size": 4363320,
        "mode": 420
      },
      {
        "path": "dist/providers/spawn-options.d.ts",
        "size": 1368,
        "mode": 420
      },
      {
        "path": "dist/providers/spawn-options.js",
        "size": 52,
        "mode": 420
      },
      {
        "path": "dist/providers/spawn-options.js.map",
        "size": 131,
        "mode": 420
      },
      {
        "path": "dist/requirements.txt-VHUZ32G4.js",
        "size": 263,
        "mode": 420
      },
      {
        "path": "dist/requirements.txt-VHUZ32G4.js.map",
        "size": 197,
        "mode": 420
      },
      {
        "path": "dist/sdk/auth-check.d.ts",
        "size": 243,
        "mode": 420
      },
      {
        "path": "dist/sdk/auth-check.js",
        "size": 801,
        "mode": 420
      },
      {
        "path": "dist/sdk/auth-check.js.map",
        "size": 909,
        "mode": 420
      },
      {
        "path": "dist/sdk/autonomous.d.ts",
        "size": 516,
        "mode": 420
      },
      {
        "path": "dist/sdk/autonomous.js",
        "size": 232,
        "mode": 420
      },
      {
        "path": "dist/sdk/autonomous.js.map",
        "size": 289,
        "mode": 420
      },
      {
        "path": "dist/sdk/container.d.ts",
        "size": 707,
        "mode": 420
      },
      {
        "path": "dist/sdk/container.js",
        "size": 8625,
        "mode": 420
      },
      {
        "path": "dist/sdk/container.js.map",
        "size": 8103,
        "mode": 420
      },
      {
        "path": "dist/sdk/credentials.d.ts",
        "size": 1055,
        "mode": 420
      },
      {
        "path": "dist/sdk/credentials.js",
        "size": 3523,
        "mode": 420
      },
      {
        "path": "dist/sdk/credentials.js.map",
        "size": 3205,
        "mode": 420
      },
      {
        "path": "dist/sdk/experiment.d.ts",
        "size": 1162,
        "mode": 420
      },
      {
        "path": "dist/sdk/experiment.js",
        "size": 4623,
        "mode": 420
      },
      {
        "path": "dist/sdk/experiment.js.map",
        "size": 4866,
        "mode": 420
      },
      {
        "path": "dist/sdk/gaslight.d.ts",
        "size": 1171,
        "mode": 420
      },
      {
        "path": "dist/sdk/gaslight.js",
        "size": 1748,
        "mode": 420
      },
      {
        "path": "dist/sdk/gaslight.js.map",
        "size": 1665,
        "mode": 420
      },
      {
        "path": "dist/sdk/launch.d.ts",
        "size": 1972,
        "mode": 420
      },
      {
        "path": "dist/sdk/launch.js",
        "size": 6275,
        "mode": 420
      },
      {
        "path": "dist/sdk/launch.js.map",
        "size": 6435,
        "mode": 420
      },
      {
        "path": "dist/sdk/pipeline.d.ts",
        "size": 1838,
        "mode": 420
      },
      {
        "path": "dist/sdk/pipeline.js",
        "size": 7886,
        "mode": 420
      },
      {
        "path": "dist/sdk/pipeline.js.map",
        "size": 7572,
        "mode": 420
      },
      {
        "path": "dist/sdk/process-launcher.d.ts",
        "size": 365,
        "mode": 420
      },
      {
        "path": "dist/sdk/process-launcher.js",
        "size": 156,
        "mode": 420
      },
      {
        "path": "dist/sdk/process-launcher.js.map",
        "size": 208,
        "mode": 420
      },
      {
        "path": "dist/sdk/prompt-document.d.ts",
        "size": 258,
        "mode": 420
      },
      {
        "path": "dist/sdk/prompt-document.js",
        "size": 109,
        "mode": 420
      },
      {
        "path": "dist/sdk/prompt-document.js.map",
        "size": 172,
        "mode": 420
      },
      {
        "path": "dist/sdk/ralph.d.ts",
        "size": 494,
        "mode": 420
      },
      {
        "path": "dist/sdk/ralph.js",
        "size": 2467,
        "mode": 420
      },
      {
        "path": "dist/sdk/ralph.js.map",
        "size": 2889,
        "mode": 420
      },
      {
        "path": "dist/sdk/spawn-core.d.ts",
        "size": 2301,
        "mode": 420
      },
      {
        "path": "dist/sdk/spawn-core.js",
        "size": 5863,
        "mode": 420
      },
      {
        "path": "dist/sdk/spawn-core.js.map",
        "size": 5257,
        "mode": 420
      },
      {
        "path": "dist/sdk/spawn.d.ts",
        "size": 1834,
        "mode": 420
      },
      {
        "path": "dist/sdk/spawn.js",
        "size": 25309,
        "mode": 420
      },
      {
        "path": "dist/sdk/spawn.js.map",
        "size": 22443,
        "mode": 420
      },
      {
        "path": "dist/sdk/trace.d.ts",
        "size": 611,
        "mode": 420
      },
      {
        "path": "dist/sdk/trace.js",
        "size": 347,
        "mode": 420
      },
      {
        "path": "dist/sdk/trace.js.map",
        "size": 353,
        "mode": 420
      },
      {
        "path": "dist/sdk/types.d.ts",
        "size": 6438,
        "mode": 420
      },
      {
        "path": "dist/sdk/types.js",
        "size": 44,
        "mode": 420
      },
      {
        "path": "dist/sdk/types.js.map",
        "size": 109,
        "mode": 420
      },
      {
        "path": "dist/sdk/worktree.d.ts",
        "size": 2569,
        "mode": 420
      },
      {
        "path": "dist/sdk/worktree.js",
        "size": 10019,
        "mode": 420
      },
      {
        "path": "dist/sdk/worktree.js.map",
        "size": 9759,
        "mode": 420
      },
      {
        "path": "dist/server-A62QVM6S.js",
        "size": 446547,
        "mode": 420
      },
      {
        "path": "dist/server-A62QVM6S.js.map",
        "size": 713009,
        "mode": 420
      },
      {
        "path": "dist/services/client-instance.d.ts",
        "size": 413,
        "mode": 420
      },
      {
        "path": "dist/services/client-instance.js",
        "size": 728,
        "mode": 420
      },
      {
        "path": "dist/services/client-instance.js.map",
        "size": 753,
        "mode": 420
      },
      {
        "path": "dist/services/config.d.ts",
        "size": 9499,
        "mode": 420
      },
      {
        "path": "dist/services/config.js",
        "size": 9894,
        "mode": 420
      },
      {
        "path": "dist/services/config.js.map",
        "size": 9330,
        "mode": 420
      },
      {
        "path": "dist/services/llm-client.d.ts",
        "size": 633,
        "mode": 420
      },
      {
        "path": "dist/services/llm-client.js",
        "size": 6057,
        "mode": 420
      },
      {
        "path": "dist/services/llm-client.js.map",
        "size": 6305,
        "mode": 420
      },
      {
        "path": "dist/services/media-download.d.ts",
        "size": 506,
        "mode": 420
      },
      {
        "path": "dist/services/media-download.js",
        "size": 2204,
        "mode": 420
      },
      {
        "path": "dist/services/media-download.js.map",
        "size": 2232,
        "mode": 420
      },
      {
        "path": "dist/services/mutation-events.d.ts",
        "size": 364,
        "mode": 420
      },
      {
        "path": "dist/services/mutation-events.js",
        "size": 1555,
        "mode": 420
      },
      {
        "path": "dist/services/mutation-events.js.map",
        "size": 1670,
        "mode": 420
      },
      {
        "path": "dist/services/service-install.d.ts",
        "size": 690,
        "mode": 420
      },
      {
        "path": "dist/services/service-install.js",
        "size": 2578,
        "mode": 420
      },
      {
        "path": "dist/services/service-install.js.map",
        "size": 2994,
        "mode": 420
      },
      {
        "path": "dist/services/update.d.ts",
        "size": 1687,
        "mode": 420
      },
      {
        "path": "dist/services/update.js",
        "size": 4879,
        "mode": 420
      },
      {
        "path": "dist/services/update.js.map",
        "size": 4772,
        "mode": 420
      },
      {
        "path": "dist/services/version.d.ts",
        "size": 619,
        "mode": 420
      },
      {
        "path": "dist/services/version.js",
        "size": 1318,
        "mode": 420
      },
      {
        "path": "dist/services/version.js.map",
        "size": 1236,
        "mode": 420
      },
      {
        "path": "dist/skills.d.ts",
        "size": 1866,
        "mode": 420
      },
      {
        "path": "dist/skills.js",
        "size": 97522,
        "mode": 420
      },
      {
        "path": "dist/skills.js.map",
        "size": 411679,
        "mode": 420
      },
      {
        "path": "dist/source-files-ZIEHBXTT.js",
        "size": 189,
        "mode": 420
      },
      {
        "path": "dist/source-files-ZIEHBXTT.js.map",
        "size": 93,
        "mode": 420
      },
      {
        "path": "dist/spawn-BFME2NNL.js",
        "size": 380,
        "mode": 420
      },
      {
        "path": "dist/spawn-BFME2NNL.js.map",
        "size": 93,
        "mode": 420
      },
      {
        "path": "dist/src-FUWN7MGZ.js",
        "size": 2152,
        "mode": 420
      },
      {
        "path": "dist/src-FUWN7MGZ.js.map",
        "size": 93,
        "mode": 420
      },
      {
        "path": "dist/src-ILKTTM5J.js",
        "size": 2468,
        "mode": 420
      },
      {
        "path": "dist/src-ILKTTM5J.js.map",
        "size": 93,
        "mode": 420
      },
      {
        "path": "dist/SYSTEM_PROMPT.md",
        "size": 794,
        "mode": 420
      },
      {
        "path": "dist/templates/pipeline/SKILL_plan.md",
        "size": 3306,
        "mode": 420
      },
      {
        "path": "dist/templates/pipeline/steps.yaml.mustache",
        "size": 1496,
        "mode": 420
      },
      {
        "path": "dist/templates/skill/poe-generate.md",
        "size": 1079,
        "mode": 420
      },
      {
        "path": "dist/templates/skill/terminal-pilot.md",
        "size": 1514,
        "mode": 420
      },
      {
        "path": "dist/tools/label-generator.d.ts",
        "size": 452,
        "mode": 420
      },
      {
        "path": "dist/tools/label-generator.js",
        "size": 2504,
        "mode": 420
      },
      {
        "path": "dist/tools/label-generator.js.map",
        "size": 2669,
        "mode": 420
      },
      {
        "path": "dist/types-O6DFXTA7.js",
        "size": 9476,
        "mode": 420
      },
      {
        "path": "dist/types-O6DFXTA7.js.map",
        "size": 93,
        "mode": 420
      },
      {
        "path": "dist/utils/backup.d.ts",
        "size": 330,
        "mode": 420
      },
      {
        "path": "dist/utils/backup.js",
        "size": 2529,
        "mode": 420
      },
      {
        "path": "dist/utils/backup.js.map",
        "size": 3012,
        "mode": 420
      },
      {
        "path": "dist/utils/cli-settings-merge.d.ts",
        "size": 807,
        "mode": 420
      },
      {
        "path": "dist/utils/cli-settings-merge.js",
        "size": 1982,
        "mode": 420
      },
      {
        "path": "dist/utils/cli-settings-merge.js.map",
        "size": 1648,
        "mode": 420
      },
      {
        "path": "dist/utils/command-checks.d.ts",
        "size": 2721,
        "mode": 420
      },
      {
        "path": "dist/utils/command-checks.js",
        "size": 10056,
        "mode": 420
      },
      {
        "path": "dist/utils/command-checks.js.map",
        "size": 8697,
        "mode": 420
      },
      {
        "path": "dist/utils/command-line.d.ts",
        "size": 70,
        "mode": 420
      },
      {
        "path": "dist/utils/command-line.js",
        "size": 1325,
        "mode": 420
      },
      {
        "path": "dist/utils/command-line.js.map",
        "size": 1518,
        "mode": 420
      },
      {
        "path": "dist/utils/dry-run.d.ts",
        "size": 1360,
        "mode": 420
      },
      {
        "path": "dist/utils/dry-run.js",
        "size": 16381,
        "mode": 420
      },
      {
        "path": "dist/utils/dry-run.js.map",
        "size": 17144,
        "mode": 420
      },
      {
        "path": "dist/utils/error-codes.d.ts",
        "size": 103,
        "mode": 420
      },
      {
        "path": "dist/utils/error-codes.js",
        "size": 248,
        "mode": 420
      },
      {
        "path": "dist/utils/error-codes.js.map",
        "size": 337,
        "mode": 420
      },
      {
        "path": "dist/utils/execution-context.d.ts",
        "size": 1594,
        "mode": 420
      },
      {
        "path": "dist/utils/execution-context.js",
        "size": 4699,
        "mode": 420
      },
      {
        "path": "dist/utils/execution-context.js.map",
        "size": 3989,
        "mode": 420
      },
      {
        "path": "dist/utils/file-system.d.ts",
        "size": 1097,
        "mode": 420
      },
      {
        "path": "dist/utils/file-system.js",
        "size": 50,
        "mode": 420
      },
      {
        "path": "dist/utils/file-system.js.map",
        "size": 123,
        "mode": 420
      },
      {
        "path": "dist/utils/json.d.ts",
        "size": 523,
        "mode": 420
      },
      {
        "path": "dist/utils/json.js",
        "size": 2021,
        "mode": 420
      },
      {
        "path": "dist/utils/json.js.map",
        "size": 2286,
        "mode": 420
      },
      {
        "path": "dist/utils/redaction.d.ts",
        "size": 198,
        "mode": 420
      },
      {
        "path": "dist/utils/redaction.js",
        "size": 5454,
        "mode": 420
      },
      {
        "path": "dist/utils/redaction.js.map",
        "size": 5225,
        "mode": 420
      },
      {
        "path": "dist/variables.yaml",
        "size": 3250,
        "mode": 420
      },
      {
        "path": "dist/workflow-templates/fix-vulnerabilities.caller.yml",
        "size": 563,
        "mode": 420
      },
      {
        "path": "dist/workflow-templates/fix-vulnerabilities.ejected.yml",
        "size": 2311,
        "mode": 420
      },
      {
        "path": "dist/workflow-templates/github-issue-comment-created.caller.yml",
        "size": 1054,
        "mode": 420
      },
      {
        "path": "dist/workflow-templates/github-issue-comment-created.ejected.yml",
        "size": 8164,
        "mode": 420
      },
      {
        "path": "dist/workflow-templates/github-issue-opened.caller.yml",
        "size": 841,
        "mode": 420
      },
      {
        "path": "dist/workflow-templates/github-issue-opened.ejected.yml",
        "size": 4661,
        "mode": 420
      },
      {
        "path": "dist/workflow-templates/github-pull-request-comment-created.caller.yml",
        "size": 1064,
        "mode": 420
      },
      {
        "path": "dist/workflow-templates/github-pull-request-comment-created.ejected.yml",
        "size": 7869,
        "mode": 420
      },
      {
        "path": "dist/workflow-templates/github-pull-request-opened.caller.yml",
        "size": 845,
        "mode": 420
      },
      {
        "path": "dist/workflow-templates/github-pull-request-opened.ejected.yml",
        "size": 4682,
        "mode": 420
      },
      {
        "path": "dist/workflow-templates/github-pull-request-synchronized.caller.yml",
        "size": 728,
        "mode": 420
      },
      {
        "path": "dist/workflow-templates/github-pull-request-synchronized.ejected.yml",
        "size": 4569,
        "mode": 420
      },
      {
        "path": "dist/workflow-templates/maestro-turn.yml",
        "size": 4637,
        "mode": 420
      },
      {
        "path": "dist/workflow-templates/update-dependencies.caller.yml",
        "size": 539,
        "mode": 420
      },
      {
        "path": "dist/workflow-templates/update-dependencies.ejected.yml",
        "size": 2283,
        "mode": 420
      },
      {
        "path": "dist/workflow-templates/update-documentation.caller.yml",
        "size": 541,
        "mode": 420
      },
      {
        "path": "dist/workflow-templates/update-documentation.ejected.yml",
        "size": 2311,
        "mode": 420
      },
      {
        "path": "dist/workspace/resolve-spawn-workspace.d.ts",
        "size": 612,
        "mode": 420
      },
      {
        "path": "dist/workspace/resolve-spawn-workspace.js",
        "size": 1039,
        "mode": 420
      },
      {
        "path": "dist/workspace/resolve-spawn-workspace.js.map",
        "size": 1250,
        "mode": 420
      },
      {
        "path": "node_modules/esprima/bin/esparse.js",
        "size": 4948,
        "mode": 493
      },
      {
        "path": "node_modules/esprima/bin/esvalidate.js",
        "size": 7744,
        "mode": 493
      },
      {
        "path": "node_modules/esprima/dist/esprima.js",
        "size": 283567,
        "mode": 420
      },
      {
        "path": "node_modules/esprima/LICENSE.BSD",
        "size": 1303,
        "mode": 420
      },
      {
        "path": "node_modules/esprima/package.json",
        "size": 4459,
        "mode": 420
      },
      {
        "path": "node_modules/esprima/README.md",
        "size": 2427,
        "mode": 420
      },
      {
        "path": "node_modules/extend-shallow/index.js",
        "size": 576,
        "mode": 420
      },
      {
        "path": "node_modules/extend-shallow/LICENSE",
        "size": 1088,
        "mode": 420
      },
      {
        "path": "node_modules/extend-shallow/package.json",
        "size": 1173,
        "mode": 420
      },
      {
        "path": "node_modules/extend-shallow/README.md",
        "size": 1982,
        "mode": 420
      },
      {
        "path": "node_modules/gray-matter/gray-matter.d.ts",
        "size": 3875,
        "mode": 420
      },
      {
        "path": "node_modules/gray-matter/index.js",
        "size": 6140,
        "mode": 420
      },
      {
        "path": "node_modules/gray-matter/lib/defaults.js",
        "size": 539,
        "mode": 420
      },
      {
        "path": "node_modules/gray-matter/lib/engine.js",
        "size": 648,
        "mode": 420
      },
      {
        "path": "node_modules/gray-matter/lib/engines.js",
        "size": 1023,
        "mode": 420
      },
      {
        "path": "node_modules/gray-matter/lib/excerpt.js",
        "size": 741,
        "mode": 420
      },
      {
        "path": "node_modules/gray-matter/lib/parse.js",
        "size": 389,
        "mode": 420
      },
      {
        "path": "node_modules/gray-matter/lib/stringify.js",
        "size": 1427,
        "mode": 420
      },
      {
        "path": "node_modules/gray-matter/lib/to-file.js",
        "size": 1145,
        "mode": 420
      },
      {
        "path": "node_modules/gray-matter/lib/utils.js",
        "size": 1257,
        "mode": 420
      },
      {
        "path": "node_modules/gray-matter/LICENSE",
        "size": 1088,
        "mode": 420
      },
      {
        "path": "node_modules/gray-matter/node_modules/argparse/index.js",
        "size": 59,
        "mode": 420
      },
      {
        "path": "node_modules/gray-matter/node_modules/argparse/lib/action_container.js",
        "size": 15055,
        "mode": 420
      },
      {
        "path": "node_modules/gray-matter/node_modules/argparse/lib/action.js",
        "size": 4659,
        "mode": 420
      },
      {
        "path": "node_modules/gray-matter/node_modules/argparse/lib/action/append.js",
        "size": 1565,
        "mode": 420
      },
      {
        "path": "node_modules/gray-matter/node_modules/argparse/lib/action/append/constant.js",
        "size": 1430,
        "mode": 420
      },
      {
        "path": "node_modules/gray-matter/node_modules/argparse/lib/action/count.js",
        "size": 1036,
        "mode": 420
      },
      {
        "path": "node_modules/gray-matter/node_modules/argparse/lib/action/help.js",
        "size": 1120,
        "mode": 420
      },
      {
        "path": "node_modules/gray-matter/node_modules/argparse/lib/action/store.js",
        "size": 1350,
        "mode": 420
      },
      {
        "path": "node_modules/gray-matter/node_modules/argparse/lib/action/store/constant.js",
        "size": 1332,
        "mode": 420
      },
      {
        "path": "node_modules/gray-matter/node_modules/argparse/lib/action/store/false.js",
        "size": 704,
        "mode": 420
      },
      {
        "path": "node_modules/gray-matter/node_modules/argparse/lib/action/store/true.js",
        "size": 693,
        "mode": 420
      },
      {
        "path": "node_modules/gray-matter/node_modules/argparse/lib/action/subparsers.js",
        "size": 3590,
        "mode": 420
      },
      {
        "path": "node_modules/gray-matter/node_modules/argparse/lib/action/version.js",
        "size": 1244,
        "mode": 420
      },
      {
        "path": "node_modules/gray-matter/node_modules/argparse/lib/argparse.js",
        "size": 618,
        "mode": 420
      },
      {
        "path": "node_modules/gray-matter/node_modules/argparse/lib/argument_parser.js",
        "size": 35223,
        "mode": 420
      },
      {
        "path": "node_modules/gray-matter/node_modules/argparse/lib/argument/error.js",
        "size": 1183,
        "mode": 420
      },
      {
        "path": "node_modules/gray-matter/node_modules/argparse/lib/argument/exclusive.js",
        "size": 1589,
        "mode": 420
      },
      {
        "path": "node_modules/gray-matter/node_modules/argparse/lib/argument/group.js",
        "size": 2330,
        "mode": 420
      },
      {
        "path": "node_modules/gray-matter/node_modules/argparse/lib/const.js",
        "size": 340,
        "mode": 420
      },
      {
        "path": "node_modules/gray-matter/node_modules/argparse/lib/help/added_formatters.js",
        "size": 2647,
        "mode": 420
      },
      {
        "path": "node_modules/gray-matter/node_modules/argparse/lib/help/formatter.js",
        "size": 22025,
        "mode": 420
      },
      {
        "path": "node_modules/gray-matter/node_modules/argparse/lib/namespace.js",
        "size": 1824,
        "mode": 420
      },
      {
        "path": "node_modules/gray-matter/node_modules/argparse/lib/utils.js",
        "size": 1281,
        "mode": 420
      },
      {
        "path": "node_modules/gray-matter/node_modules/argparse/LICENSE",
        "size": 1079,
        "mode": 420
      },
      {
        "path": "node_modules/gray-matter/node_modules/argparse/package.json",
        "size": 638,
        "mode": 420
      },
      {
        "path": "node_modules/gray-matter/node_modules/argparse/README.md",
        "size": 8404,
        "mode": 420
      },
      {
        "path": "node_modules/gray-matter/node_modules/js-yaml/bin/js-yaml.js",
        "size": 2727,
        "mode": 493
      },
      {
        "path": "node_modules/gray-matter/node_modules/js-yaml/dist/js-yaml.js",
        "size": 111352,
        "mode": 420
      },
      {
        "path": "node_modules/gray-matter/node_modules/js-yaml/dist/js-yaml.min.js",
        "size": 42410,
        "mode": 420
      },
      {
        "path": "node_modules/gray-matter/node_modules/js-yaml/index.js",
        "size": 81,
        "mode": 420
      },
      {
        "path": "node_modules/gray-matter/node_modules/js-yaml/lib/js-yaml.js",
        "size": 1665,
        "mode": 420
      },
      {
        "path": "node_modules/gray-matter/node_modules/js-yaml/lib/js-yaml/common.js",
        "size": 1177,
        "mode": 420
      },
      {
        "path": "node_modules/gray-matter/node_modules/js-yaml/lib/js-yaml/dumper.js",
        "size": 27488,
        "mode": 420
      },
      {
        "path": "node_modules/gray-matter/node_modules/js-yaml/lib/js-yaml/exception.js",
        "size": 1024,
        "mode": 420
      },
      {
        "path": "node_modules/gray-matter/node_modules/js-yaml/lib/js-yaml/loader.js",
        "size": 45215,
        "mode": 420
      },
      {
        "path": "node_modules/gray-matter/node_modules/js-yaml/lib/js-yaml/mark.js",
        "size": 1562,
        "mode": 420
      },
      {
        "path": "node_modules/gray-matter/node_modules/js-yaml/lib/js-yaml/schema.js",
        "size": 2753,
        "mode": 420
      },
      {
        "path": "node_modules/gray-matter/node_modules/js-yaml/lib/js-yaml/schema/core.js",
        "size": 362,
        "mode": 420
      },
      {
        "path": "node_modules/gray-matter/node_modules/js-yaml/lib/js-yaml/schema/default_full.js",
        "size": 610,
        "mode": 420
      },
      {
        "path": "node_modules/gray-matter/node_modules/js-yaml/lib/js-yaml/schema/default_safe.js",
        "size": 601,
        "mode": 420
      },
      {
        "path": "node_modules/gray-matter/node_modules/js-yaml/lib/js-yaml/schema/failsafe.js",
        "size": 278,
        "mode": 420
      },
      {
        "path": "node_modules/gray-matter/node_modules/js-yaml/lib/js-yaml/schema/json.js",
        "size": 586,
        "mode": 420
      },
      {
        "path": "node_modules/gray-matter/node_modules/js-yaml/lib/js-yaml/type.js",
        "size": 1586,
        "mode": 420
      },
      {
        "path": "node_modules/gray-matter/node_modules/js-yaml/lib/js-yaml/type/binary.js",
        "size": 3274,
        "mode": 420
      },
      {
        "path": "node_modules/gray-matter/node_modules/js-yaml/lib/js-yaml/type/bool.js",
        "size": 971,
        "mode": 420
      },
      {
        "path": "node_modules/gray-matter/node_modules/js-yaml/lib/js-yaml/type/float.js",
        "size": 2840,
        "mode": 420
      },
      {
        "path": "node_modules/gray-matter/node_modules/js-yaml/lib/js-yaml/type/int.js",
        "size": 4066,
        "mode": 420
      },
      {
        "path": "node_modules/gray-matter/node_modules/js-yaml/lib/js-yaml/type/js/function.js",
        "size": 2819,
        "mode": 420
      },
      {
        "path": "node_modules/gray-matter/node_modules/js-yaml/lib/js-yaml/type/js/regexp.js",
        "size": 1572,
        "mode": 420
      },
      {
        "path": "node_modules/gray-matter/node_modules/js-yaml/lib/js-yaml/type/js/undefined.js",
        "size": 573,
        "mode": 420
      },
      {
        "path": "node_modules/gray-matter/node_modules/js-yaml/lib/js-yaml/type/map.js",
        "size": 190,
        "mode": 420
      },
      {
        "path": "node_modules/gray-matter/node_modules/js-yaml/lib/js-yaml/type/merge.js",
        "size": 230,
        "mode": 420
      },
      {
        "path": "node_modules/gray-matter/node_modules/js-yaml/lib/js-yaml/type/null.js",
        "size": 761,
        "mode": 420
      },
      {
        "path": "node_modules/gray-matter/node_modules/js-yaml/lib/js-yaml/type/omap.js",
        "size": 1060,
        "mode": 420
      },
      {
        "path": "node_modules/gray-matter/node_modules/js-yaml/lib/js-yaml/type/pairs.js",
        "size": 1084,
        "mode": 420
      },
      {
        "path": "node_modules/gray-matter/node_modules/js-yaml/lib/js-yaml/type/seq.js",
        "size": 191,
        "mode": 420
      },
      {
        "path": "node_modules/gray-matter/node_modules/js-yaml/lib/js-yaml/type/set.js",
        "size": 547,
        "mode": 420
      },
      {
        "path": "node_modules/gray-matter/node_modules/js-yaml/lib/js-yaml/type/str.js",
        "size": 189,
        "mode": 420
      },
      {
        "path": "node_modules/gray-matter/node_modules/js-yaml/lib/js-yaml/type/timestamp.js",
        "size": 2571,
        "mode": 420
      },
      {
        "path": "node_modules/gray-matter/node_modules/js-yaml/LICENSE",
        "size": 1084,
        "mode": 420
      },
      {
        "path": "node_modules/gray-matter/node_modules/js-yaml/package.json",
        "size": 1208,
        "mode": 420
      },
      {
        "path": "node_modules/gray-matter/node_modules/js-yaml/README.md",
        "size": 10279,
        "mode": 420
      },
      {
        "path": "node_modules/gray-matter/package.json",
        "size": 2862,
        "mode": 420
      },
      {
        "path": "node_modules/gray-matter/README.md",
        "size": 16832,
        "mode": 420
      },
      {
        "path": "node_modules/is-extendable/index.js",
        "size": 331,
        "mode": 420
      },
      {
        "path": "node_modules/is-extendable/LICENSE",
        "size": 1083,
        "mode": 420
      },
      {
        "path": "node_modules/is-extendable/package.json",
        "size": 1131,
        "mode": 420
      },
      {
        "path": "node_modules/is-extendable/README.md",
        "size": 2546,
        "mode": 420
      },
      {
        "path": "node_modules/kind-of/index.js",
        "size": 3562,
        "mode": 420
      },
      {
        "path": "node_modules/kind-of/LICENSE",
        "size": 1088,
        "mode": 420
      },
      {
        "path": "node_modules/kind-of/package.json",
        "size": 1830,
        "mode": 420
      },
      {
        "path": "node_modules/kind-of/README.md",
        "size": 11769,
        "mode": 420
      },
      {
        "path": "node_modules/section-matter/index.js",
        "size": 3082,
        "mode": 420
      },
      {
        "path": "node_modules/section-matter/LICENSE",
        "size": 1083,
        "mode": 420
      },
      {
        "path": "node_modules/section-matter/package.json",
        "size": 1085,
        "mode": 420
      },
      {
        "path": "node_modules/section-matter/README.md",
        "size": 6878,
        "mode": 420
      },
      {
        "path": "node_modules/sprintf-js/.npmignore",
        "size": 14,
        "mode": 420
      },
      {
        "path": "node_modules/sprintf-js/bower.json",
        "size": 439,
        "mode": 420
      },
      {
        "path": "node_modules/sprintf-js/demo/angular.html",
        "size": 690,
        "mode": 420
      },
      {
        "path": "node_modules/sprintf-js/dist/angular-sprintf.min.js",
        "size": 449,
        "mode": 420
      },
      {
        "path": "node_modules/sprintf-js/dist/angular-sprintf.min.js.map",
        "size": 429,
        "mode": 420
      },
      {
        "path": "node_modules/sprintf-js/dist/angular-sprintf.min.map",
        "size": 429,
        "mode": 420
      },
      {
        "path": "node_modules/sprintf-js/dist/sprintf.min.js",
        "size": 3169,
        "mode": 420
      },
      {
        "path": "node_modules/sprintf-js/dist/sprintf.min.js.map",
        "size": 4391,
        "mode": 420
      },
      {
        "path": "node_modules/sprintf-js/dist/sprintf.min.map",
        "size": 4485,
        "mode": 420
      },
      {
        "path": "node_modules/sprintf-js/gruntfile.js",
        "size": 970,
        "mode": 420
      },
      {
        "path": "node_modules/sprintf-js/LICENSE",
        "size": 1518,
        "mode": 420
      },
      {
        "path": "node_modules/sprintf-js/package.json",
        "size": 598,
        "mode": 420
      },
      {
        "path": "node_modules/sprintf-js/README.md",
        "size": 4855,
        "mode": 420
      },
      {
        "path": "node_modules/sprintf-js/src/angular-sprintf.js",
        "size": 490,
        "mode": 420
      },
      {
        "path": "node_modules/sprintf-js/src/sprintf.js",
        "size": 8112,
        "mode": 420
      },
      {
        "path": "node_modules/sprintf-js/test/test.js",
        "size": 3746,
        "mode": 420
      },
      {
        "path": "node_modules/strip-bom-string/index.js",
        "size": 321,
        "mode": 420
      },
      {
        "path": "node_modules/strip-bom-string/LICENSE",
        "size": 1088,
        "mode": 420
      },
      {
        "path": "node_modules/strip-bom-string/package.json",
        "size": 1113,
        "mode": 420
      },
      {
        "path": "node_modules/strip-bom-string/README.md",
        "size": 3166,
        "mode": 420
      },
      {
        "path": "package.json",
        "size": 29229,
        "mode": 420
      },
      {
        "path": "packages/acp-telemetry/dist/emit-braintrust.d.ts",
        "size": 465,
        "mode": 420
      },
      {
        "path": "packages/acp-telemetry/dist/emit-braintrust.js",
        "size": 923,
        "mode": 420
      },
      {
        "path": "packages/acp-telemetry/dist/emit-otel.d.ts",
        "size": 539,
        "mode": 420
      },
      {
        "path": "packages/acp-telemetry/dist/emit-otel.js",
        "size": 3739,
        "mode": 420
      },
      {
        "path": "packages/acp-telemetry/dist/index.d.ts",
        "size": 482,
        "mode": 420
      },
      {
        "path": "packages/acp-telemetry/dist/index.js",
        "size": 242,
        "mode": 420
      },
      {
        "path": "packages/acp-telemetry/dist/redact.d.ts",
        "size": 57,
        "mode": 420
      },
      {
        "path": "packages/acp-telemetry/dist/redact.js",
        "size": 4525,
        "mode": 420
      },
      {
        "path": "packages/acp-telemetry/dist/trace-sink.d.ts",
        "size": 264,
        "mode": 420
      },
      {
        "path": "packages/acp-telemetry/dist/trace-sink.js",
        "size": 253,
        "mode": 420
      },
      {
        "path": "packages/acp-telemetry/dist/trace.d.ts",
        "size": 467,
        "mode": 420
      },
      {
        "path": "packages/acp-telemetry/dist/trace.js",
        "size": 7084,
        "mode": 420
      },
      {
        "path": "packages/agent-child-process/dist/index.d.ts",
        "size": 2668,
        "mode": 420
      },
      {
        "path": "packages/agent-child-process/dist/index.js",
        "size": 10017,
        "mode": 420
      },
      {
        "path": "packages/agent-code-review/dist/assets.d.ts",
        "size": 2084,
        "mode": 420
      },
      {
        "path": "packages/agent-code-review/dist/assets.js",
        "size": 15852,
        "mode": 420
      },
      {
        "path": "packages/agent-code-review/dist/cli.d.ts",
        "size": 38455,
        "mode": 420
      },
      {
        "path": "packages/agent-code-review/dist/cli.js",
        "size": 11154,
        "mode": 420
      },
      {
        "path": "packages/agent-code-review/dist/commit.d.ts",
        "size": 1378,
        "mode": 420
      },
      {
        "path": "packages/agent-code-review/dist/commit.js",
        "size": 3871,
        "mode": 420
      },
      {
        "path": "packages/agent-code-review/dist/config-scope.d.ts",
        "size": 1561,
        "mode": 420
      },
      {
        "path": "packages/agent-code-review/dist/config-scope.js",
        "size": 3543,
        "mode": 420
      },
      {
        "path": "packages/agent-code-review/dist/config.d.ts",
        "size": 1437,
        "mode": 420
      },
      {
        "path": "packages/agent-code-review/dist/config.js",
        "size": 7907,
        "mode": 420
      },
      {
        "path": "packages/agent-code-review/dist/document-schemas.d.ts",
        "size": 1667,
        "mode": 420
      },
      {
        "path": "packages/agent-code-review/dist/document-schemas.js",
        "size": 10201,
        "mode": 420
      },
      {
        "path": "packages/agent-code-review/dist/error-codes.d.ts",
        "size": 80,
        "mode": 420
      },
      {
        "path": "packages/agent-code-review/dist/error-codes.js",
        "size": 180,
        "mode": 420
      },
      {
        "path": "packages/agent-code-review/dist/index.d.ts",
        "size": 3150,
        "mode": 420
      },
      {
        "path": "packages/agent-code-review/dist/index.js",
        "size": 1853,
        "mode": 420
      },
      {
        "path": "packages/agent-code-review/dist/ingest.d.ts",
        "size": 1731,
        "mode": 420
      },
      {
        "path": "packages/agent-code-review/dist/ingest.js",
        "size": 15372,
        "mode": 420
      },
      {
        "path": "packages/agent-code-review/dist/mcp.d.ts",
        "size": 13265,
        "mode": 420
      },
      {
        "path": "packages/agent-code-review/dist/mcp.js",
        "size": 21160,
        "mode": 420
      },
      {
        "path": "packages/agent-code-review/dist/prompt-builders.d.ts",
        "size": 757,
        "mode": 420
      },
      {
        "path": "packages/agent-code-review/dist/prompt-builders.js",
        "size": 3263,
        "mode": 420
      },
      {
        "path": "packages/agent-code-review/dist/prompt-preview.d.ts",
        "size": 986,
        "mode": 420
      },
      {
        "path": "packages/agent-code-review/dist/prompt-preview.js",
        "size": 3500,
        "mode": 420
      },
      {
        "path": "packages/agent-code-review/dist/prompt-transport.d.ts",
        "size": 81,
        "mode": 420
      },
      {
        "path": "packages/agent-code-review/dist/prompt-transport.js",
        "size": 260,
        "mode": 420
      },
      {
        "path": "packages/agent-code-review/dist/review-state.d.ts",
        "size": 1852,
        "mode": 420
      },
      {
        "path": "packages/agent-code-review/dist/review-state.js",
        "size": 17496,
        "mode": 420
      },
      {
        "path": "packages/agent-code-review/dist/review-store.d.ts",
        "size": 3198,
        "mode": 420
      },
      {
        "path": "packages/agent-code-review/dist/review-store.js",
        "size": 22957,
        "mode": 420
      },
      {
        "path": "packages/agent-code-review/dist/review.d.ts",
        "size": 1413,
        "mode": 420
      },
      {
        "path": "packages/agent-code-review/dist/review.js",
        "size": 5417,
        "mode": 420
      },
      {
        "path": "packages/agent-defs/dist/agents/claude-code.d.ts",
        "size": 107,
        "mode": 420
      },
      {
        "path": "packages/agent-defs/dist/agents/claude-code.js",
        "size": 582,
        "mode": 420
      },
      {
        "path": "packages/agent-defs/dist/agents/claude-desktop.d.ts",
        "size": 110,
        "mode": 420
      },
      {
        "path": "packages/agent-defs/dist/agents/claude-desktop.js",
        "size": 628,
        "mode": 420
      },
      {
        "path": "packages/agent-defs/dist/agents/codex.d.ts",
        "size": 102,
        "mode": 420
      },
      {
        "path": "packages/agent-defs/dist/agents/codex.js",
        "size": 835,
        "mode": 420
      },
      {
        "path": "packages/agent-defs/dist/agents/cursor.d.ts",
        "size": 103,
        "mode": 420
      },
      {
        "path": "packages/agent-defs/dist/agents/cursor.js",
        "size": 420,
        "mode": 420
      },
      {
        "path": "packages/agent-defs/dist/agents/gemini-cli.d.ts",
        "size": 106,
        "mode": 420
      },
      {
        "path": "packages/agent-defs/dist/agents/gemini-cli.js",
        "size": 481,
        "mode": 420
      },
      {
        "path": "packages/agent-defs/dist/agents/goose.d.ts",
        "size": 102,
        "mode": 420
      },
      {
        "path": "packages/agent-defs/dist/agents/goose.js",
        "size": 472,
        "mode": 420
      },
      {
        "path": "packages/agent-defs/dist/agents/index.d.ts",
        "size": 415,
        "mode": 420
      },
      {
        "path": "packages/agent-defs/dist/agents/index.js",
        "size": 415,
        "mode": 420
      },
      {
        "path": "packages/agent-defs/dist/agents/opencode.d.ts",
        "size": 105,
        "mode": 420
      },
      {
        "path": "packages/agent-defs/dist/agents/opencode.js",
        "size": 604,
        "mode": 420
      },
      {
        "path": "packages/agent-defs/dist/agents/pi.d.ts",
        "size": 99,
        "mode": 420
      },
      {
        "path": "packages/agent-defs/dist/agents/pi.js",
        "size": 319,
        "mode": 420
      },
      {
        "path": "packages/agent-defs/dist/agents/poe-agent.d.ts",
        "size": 105,
        "mode": 420
      },
      {
        "path": "packages/agent-defs/dist/agents/poe-agent.js",
        "size": 424,
        "mode": 420
      },
      {
        "path": "packages/agent-defs/dist/capabilities.d.ts",
        "size": 656,
        "mode": 420
      },
      {
        "path": "packages/agent-defs/dist/capabilities.js",
        "size": 2882,
        "mode": 420
      },
      {
        "path": "packages/agent-defs/dist/index.d.ts",
        "size": 590,
        "mode": 420
      },
      {
        "path": "packages/agent-defs/dist/index.js",
        "size": 433,
        "mode": 420
      },
      {
        "path": "packages/agent-defs/dist/registry.d.ts",
        "size": 186,
        "mode": 420
      },
      {
        "path": "packages/agent-defs/dist/registry.js",
        "size": 1543,
        "mode": 420
      },
      {
        "path": "packages/agent-defs/dist/specifier.d.ts",
        "size": 297,
        "mode": 420
      },
      {
        "path": "packages/agent-defs/dist/specifier.js",
        "size": 1330,
        "mode": 420
      },
      {
        "path": "packages/agent-defs/dist/types.d.ts",
        "size": 1259,
        "mode": 420
      },
      {
        "path": "packages/agent-defs/dist/types.js",
        "size": 11,
        "mode": 420
      },
      {
        "path": "packages/agent-defs/LICENSE",
        "size": 1069,
        "mode": 420
      },
      {
        "path": "packages/agent-eval/dist/aggregate.d.ts",
        "size": 407,
        "mode": 420
      },
      {
        "path": "packages/agent-eval/dist/aggregate.js",
        "size": 7894,
        "mode": 420
      },
      {
        "path": "packages/agent-eval/dist/check/check.d.ts",
        "size": 434,
        "mode": 420
      },
      {
        "path": "packages/agent-eval/dist/check/check.js",
        "size": 3771,
        "mode": 420
      },
      {
        "path": "packages/agent-eval/dist/cli/check.d.ts",
        "size": 287,
        "mode": 420
      },
      {
        "path": "packages/agent-eval/dist/cli/check.js",
        "size": 2398,
        "mode": 420
      },
      {
        "path": "packages/agent-eval/dist/cli/commands.d.ts",
        "size": 19169,
        "mode": 420
      },
      {
        "path": "packages/agent-eval/dist/cli/commands.js",
        "size": 12989,
        "mode": 420
      },
      {
        "path": "packages/agent-eval/dist/cli/init.d.ts",
        "size": 265,
        "mode": 420
      },
      {
        "path": "packages/agent-eval/dist/cli/init.js",
        "size": 580,
        "mode": 420
      },
      {
        "path": "packages/agent-eval/dist/cli/lint.d.ts",
        "size": 307,
        "mode": 420
      },
      {
        "path": "packages/agent-eval/dist/cli/lint.js",
        "size": 3752,
        "mode": 420
      },
      {
        "path": "packages/agent-eval/dist/cli/target.d.ts",
        "size": 268,
        "mode": 420
      },
      {
        "path": "packages/agent-eval/dist/cli/target.js",
        "size": 417,
        "mode": 420
      },
      {
        "path": "packages/agent-eval/dist/error-codes.d.ts",
        "size": 103,
        "mode": 420
      },
      {
        "path": "packages/agent-eval/dist/error-codes.js",
        "size": 209,
        "mode": 420
      },
      {
        "path": "packages/agent-eval/dist/index.d.ts",
        "size": 2496,
        "mode": 420
      },
      {
        "path": "packages/agent-eval/dist/index.js",
        "size": 1596,
        "mode": 420
      },
      {
        "path": "packages/agent-eval/dist/init/init.d.ts",
        "size": 407,
        "mode": 420
      },
      {
        "path": "packages/agent-eval/dist/init/init.js",
        "size": 7247,
        "mode": 420
      },
      {
        "path": "packages/agent-eval/dist/lint/lint.d.ts",
        "size": 320,
        "mode": 420
      },
      {
        "path": "packages/agent-eval/dist/lint/lint.js",
        "size": 10110,
        "mode": 420
      },
      {
        "path": "packages/agent-eval/dist/path-boundary.d.ts",
        "size": 732,
        "mode": 420
      },
      {
        "path": "packages/agent-eval/dist/path-boundary.js",
        "size": 2722,
        "mode": 420
      },
      {
        "path": "packages/agent-eval/dist/report/format.d.ts",
        "size": 1047,
        "mode": 420
      },
      {
        "path": "packages/agent-eval/dist/report/format.js",
        "size": 8738,
        "mode": 420
      },
      {
        "path": "packages/agent-eval/dist/report/load.d.ts",
        "size": 373,
        "mode": 420
      },
      {
        "path": "packages/agent-eval/dist/report/load.js",
        "size": 13299,
        "mode": 420
      },
      {
        "path": "packages/agent-eval/dist/report/render-md.d.ts",
        "size": 389,
        "mode": 420
      },
      {
        "path": "packages/agent-eval/dist/report/render-md.js",
        "size": 3387,
        "mode": 420
      },
      {
        "path": "packages/agent-eval/dist/report/render-table.d.ts",
        "size": 347,
        "mode": 420
      },
      {
        "path": "packages/agent-eval/dist/report/render-table.js",
        "size": 569,
        "mode": 420
      },
      {
        "path": "packages/agent-eval/dist/run/artifact-path.d.ts",
        "size": 211,
        "mode": 420
      },
      {
        "path": "packages/agent-eval/dist/run/artifact-path.js",
        "size": 1666,
        "mode": 420
      },
      {
        "path": "packages/agent-eval/dist/run/budget.d.ts",
        "size": 926,
        "mode": 420
      },
      {
        "path": "packages/agent-eval/dist/run/budget.js",
        "size": 3867,
        "mode": 420
      },
      {
        "path": "packages/agent-eval/dist/run/cheat.d.ts",
        "size": 576,
        "mode": 420
      },
      {
        "path": "packages/agent-eval/dist/run/cheat.js",
        "size": 4188,
        "mode": 420
      },
      {
        "path": "packages/agent-eval/dist/run/clone.d.ts",
        "size": 248,
        "mode": 420
      },
      {
        "path": "packages/agent-eval/dist/run/clone.js",
        "size": 2285,
        "mode": 420
      },
      {
        "path": "packages/agent-eval/dist/run/dispatch.d.ts",
        "size": 563,
        "mode": 420
      },
      {
        "path": "packages/agent-eval/dist/run/dispatch.js",
        "size": 1162,
        "mode": 420
      },
      {
        "path": "packages/agent-eval/dist/run/fixture-copy.d.ts",
        "size": 104,
        "mode": 420
      },
      {
        "path": "packages/agent-eval/dist/run/fixture-copy.js",
        "size": 901,
        "mode": 420
      },
      {
        "path": "packages/agent-eval/dist/run/judge.d.ts",
        "size": 925,
        "mode": 420
      },
      {
        "path": "packages/agent-eval/dist/run/judge.js",
        "size": 9407,
        "mode": 420
      },
      {
        "path": "packages/agent-eval/dist/run/matrix.d.ts",
        "size": 159,
        "mode": 420
      },
      {
        "path": "packages/agent-eval/dist/run/matrix.js",
        "size": 7009,
        "mode": 420
      },
      {
        "path": "packages/agent-eval/dist/run/metrics/metrics.d.ts",
        "size": 924,
        "mode": 420
      },
      {
        "path": "packages/agent-eval/dist/run/metrics/metrics.js",
        "size": 4840,
        "mode": 420
      },
      {
        "path": "packages/agent-eval/dist/run/oracle.d.ts",
        "size": 172,
        "mode": 420
      },
      {
        "path": "packages/agent-eval/dist/run/oracle.js",
        "size": 3867,
        "mode": 420
      },
      {
        "path": "packages/agent-eval/dist/run/result-writer.d.ts",
        "size": 850,
        "mode": 420
      },
      {
        "path": "packages/agent-eval/dist/run/result-writer.js",
        "size": 4673,
        "mode": 420
      },
      {
        "path": "packages/agent-eval/dist/run/run.d.ts",
        "size": 237,
        "mode": 420
      },
      {
        "path": "packages/agent-eval/dist/run/run.integration-helper.d.ts",
        "size": 930,
        "mode": 420
      },
      {
        "path": "packages/agent-eval/dist/run/run.integration-helper.js",
        "size": 5789,
        "mode": 420
      },
      {
        "path": "packages/agent-eval/dist/run/run.js",
        "size": 21413,
        "mode": 420
      },
      {
        "path": "packages/agent-eval/dist/run/scorer.d.ts",
        "size": 491,
        "mode": 420
      },
      {
        "path": "packages/agent-eval/dist/run/scorer.js",
        "size": 7694,
        "mode": 420
      },
      {
        "path": "packages/agent-eval/dist/run/subprocess-termination.d.ts",
        "size": 344,
        "mode": 420
      },
      {
        "path": "packages/agent-eval/dist/run/subprocess-termination.js",
        "size": 1029,
        "mode": 420
      },
      {
        "path": "packages/agent-eval/dist/run/trace/normalize.d.ts",
        "size": 363,
        "mode": 420
      },
      {
        "path": "packages/agent-eval/dist/run/trace/normalize.js",
        "size": 14559,
        "mode": 420
      },
      {
        "path": "packages/agent-eval/dist/run/trace/types.d.ts",
        "size": 1378,
        "mode": 420
      },
      {
        "path": "packages/agent-eval/dist/run/trace/types.js",
        "size": 11,
        "mode": 420
      },
      {
        "path": "packages/agent-eval/dist/run/vitest-runner.d.ts",
        "size": 535,
        "mode": 420
      },
      {
        "path": "packages/agent-eval/dist/run/vitest-runner.js",
        "size": 8676,
        "mode": 420
      },
      {
        "path": "packages/agent-eval/dist/schema.d.ts",
        "size": 6009,
        "mode": 420
      },
      {
        "path": "packages/agent-eval/dist/schema.js",
        "size": 7069,
        "mode": 420
      },
      {
        "path": "packages/agent-eval/dist/source/config.d.ts",
        "size": 307,
        "mode": 420
      },
      {
        "path": "packages/agent-eval/dist/source/config.js",
        "size": 4468,
        "mode": 420
      },
      {
        "path": "packages/agent-eval/dist/source/open.d.ts",
        "size": 313,
        "mode": 420
      },
      {
        "path": "packages/agent-eval/dist/source/open.js",
        "size": 1305,
        "mode": 420
      },
      {
        "path": "packages/agent-eval/dist/source/registry.d.ts",
        "size": 482,
        "mode": 420
      },
      {
        "path": "packages/agent-eval/dist/source/registry.js",
        "size": 6570,
        "mode": 420
      },
      {
        "path": "packages/agent-eval/dist/target-repo.d.ts",
        "size": 70,
        "mode": 420
      },
      {
        "path": "packages/agent-eval/dist/target-repo.js",
        "size": 608,
        "mode": 420
      },
      {
        "path": "packages/agent-eval/dist/types.d.ts",
        "size": 7642,
        "mode": 420
      },
      {
        "path": "packages/agent-eval/dist/types.js",
        "size": 341,
        "mode": 420
      },
      {
        "path": "packages/agent-gaslight/dist/config.d.ts",
        "size": 498,
        "mode": 420
      },
      {
        "path": "packages/agent-gaslight/dist/config.js",
        "size": 5487,
        "mode": 420
      },
      {
        "path": "packages/agent-gaslight/dist/daemon.d.ts",
        "size": 871,
        "mode": 420
      },
      {
        "path": "packages/agent-gaslight/dist/daemon.js",
        "size": 2660,
        "mode": 420
      },
      {
        "path": "packages/agent-gaslight/dist/index.d.ts",
        "size": 622,
        "mode": 420
      },
      {
        "path": "packages/agent-gaslight/dist/index.js",
        "size": 231,
        "mode": 420
      },
      {
        "path": "packages/agent-gaslight/dist/ingest.d.ts",
        "size": 182,
        "mode": 420
      },
      {
        "path": "packages/agent-gaslight/dist/ingest.js",
        "size": 19929,
        "mode": 420
      },
      {
        "path": "packages/agent-gaslight/dist/run.d.ts",
        "size": 155,
        "mode": 420
      },
      {
        "path": "packages/agent-gaslight/dist/run.js",
        "size": 9195,
        "mode": 420
      },
      {
        "path": "packages/agent-gaslight/dist/types.d.ts",
        "size": 3125,
        "mode": 420
      },
      {
        "path": "packages/agent-gaslight/dist/types.js",
        "size": 11,
        "mode": 420
      },
      {
        "path": "packages/agent-gaslight/dist/vars.d.ts",
        "size": 319,
        "mode": 420
      },
      {
        "path": "packages/agent-gaslight/dist/vars.js",
        "size": 1675,
        "mode": 420
      },
      {
        "path": "packages/agent-harness-tools/dist/binary-exists.d.ts",
        "size": 329,
        "mode": 420
      },
      {
        "path": "packages/agent-harness-tools/dist/binary-exists.js",
        "size": 759,
        "mode": 420
      },
      {
        "path": "packages/agent-harness-tools/dist/error-codes.d.ts",
        "size": 103,
        "mode": 420
      },
      {
        "path": "packages/agent-harness-tools/dist/error-codes.js",
        "size": 209,
        "mode": 420
      },
      {
        "path": "packages/agent-harness-tools/dist/execution-env.d.ts",
        "size": 3472,
        "mode": 420
      },
      {
        "path": "packages/agent-harness-tools/dist/execution-env.js",
        "size": 516,
        "mode": 420
      },
      {
        "path": "packages/agent-harness-tools/dist/hooks.d.ts",
        "size": 909,
        "mode": 420
      },
      {
        "path": "packages/agent-harness-tools/dist/hooks.js",
        "size": 1333,
        "mode": 420
      },
      {
        "path": "packages/agent-harness-tools/dist/index.d.ts",
        "size": 1887,
        "mode": 420
      },
      {
        "path": "packages/agent-harness-tools/dist/index.js",
        "size": 1193,
        "mode": 420
      },
      {
        "path": "packages/agent-harness-tools/dist/log-stream.d.ts",
        "size": 896,
        "mode": 420
      },
      {
        "path": "packages/agent-harness-tools/dist/log-stream.js",
        "size": 7972,
        "mode": 420
      },
      {
        "path": "packages/agent-harness-tools/dist/participant.d.ts",
        "size": 411,
        "mode": 420
      },
      {
        "path": "packages/agent-harness-tools/dist/participant.js",
        "size": 3671,
        "mode": 420
      },
      {
        "path": "packages/agent-harness-tools/dist/path-boundary.d.ts",
        "size": 109,
        "mode": 420
      },
      {
        "path": "packages/agent-harness-tools/dist/path-boundary.js",
        "size": 363,
        "mode": 420
      },
      {
        "path": "packages/agent-harness-tools/dist/paths.d.ts",
        "size": 486,
        "mode": 420
      },
      {
        "path": "packages/agent-harness-tools/dist/paths.js",
        "size": 3342,
        "mode": 420
      },
      {
        "path": "packages/agent-harness-tools/dist/plan-readiness.d.ts",
        "size": 285,
        "mode": 420
      },
      {
        "path": "packages/agent-harness-tools/dist/plan-readiness.js",
        "size": 263,
        "mode": 420
      },
      {
        "path": "packages/agent-harness-tools/dist/plans.d.ts",
        "size": 1096,
        "mode": 420
      },
      {
        "path": "packages/agent-harness-tools/dist/plans.js",
        "size": 5037,
        "mode": 420
      },
      {
        "path": "packages/agent-harness-tools/dist/poe-command-execution.d.ts",
        "size": 1463,
        "mode": 420
      },
      {
        "path": "packages/agent-harness-tools/dist/poe-command-execution.js",
        "size": 5494,
        "mode": 420
      },
      {
        "path": "packages/agent-harness-tools/dist/run-logs.d.ts",
        "size": 639,
        "mode": 420
      },
      {
        "path": "packages/agent-harness-tools/dist/run-logs.js",
        "size": 4808,
        "mode": 420
      },
      {
        "path": "packages/agent-harness-tools/dist/run-poe-command.d.ts",
        "size": 939,
        "mode": 420
      },
      {
        "path": "packages/agent-harness-tools/dist/run-poe-command.js",
        "size": 17854,
        "mode": 420
      },
      {
        "path": "packages/agent-harness-tools/dist/runner.d.ts",
        "size": 1117,
        "mode": 420
      },
      {
        "path": "packages/agent-harness-tools/dist/runner.js",
        "size": 11928,
        "mode": 420
      },
      {
        "path": "packages/agent-harness-tools/dist/select-agent.d.ts",
        "size": 572,
        "mode": 420
      },
      {
        "path": "packages/agent-harness-tools/dist/select-agent.js",
        "size": 2085,
        "mode": 420
      },
      {
        "path": "packages/agent-harness-tools/dist/sequence.d.ts",
        "size": 407,
        "mode": 420
      },
      {
        "path": "packages/agent-harness-tools/dist/sequence.js",
        "size": 1522,
        "mode": 420
      },
      {
        "path": "packages/agent-harness-tools/dist/skill-config.d.ts",
        "size": 76,
        "mode": 420
      },
      {
        "path": "packages/agent-harness-tools/dist/skill-config.js",
        "size": 226,
        "mode": 420
      },
      {
        "path": "packages/agent-harness-tools/dist/stage.d.ts",
        "size": 678,
        "mode": 420
      },
      {
        "path": "packages/agent-harness-tools/dist/stage.js",
        "size": 1468,
        "mode": 420
      },
      {
        "path": "packages/agent-harness-tools/dist/workspace-transfer.d.ts",
        "size": 403,
        "mode": 420
      },
      {
        "path": "packages/agent-harness-tools/dist/workspace-transfer.js",
        "size": 79,
        "mode": 420
      },
      {
        "path": "packages/agent-harness/dist/codegen/emit-schemas.d.ts",
        "size": 642,
        "mode": 420
      },
      {
        "path": "packages/agent-harness/dist/codegen/emit-schemas.js",
        "size": 7843,
        "mode": 420
      },
      {
        "path": "packages/agent-harness/dist/discovery/discover.d.ts",
        "size": 170,
        "mode": 420
      },
      {
        "path": "packages/agent-harness/dist/discovery/discover.js",
        "size": 1488,
        "mode": 420
      },
      {
        "path": "packages/agent-harness/dist/error-codes.d.ts",
        "size": 80,
        "mode": 420
      },
      {
        "path": "packages/agent-harness/dist/error-codes.js",
        "size": 180,
        "mode": 420
      },
      {
        "path": "packages/agent-harness/dist/index.d.ts",
        "size": 779,
        "mode": 420
      },
      {
        "path": "packages/agent-harness/dist/index.js",
        "size": 606,
        "mode": 420
      },
      {
        "path": "packages/agent-harness/dist/loader/extract-schema.d.ts",
        "size": 208,
        "mode": 420
      },
      {
        "path": "packages/agent-harness/dist/loader/extract-schema.js",
        "size": 4212,
        "mode": 420
      },
      {
        "path": "packages/agent-harness/dist/loader/pair.d.ts",
        "size": 1192,
        "mode": 420
      },
      {
        "path": "packages/agent-harness/dist/loader/pair.js",
        "size": 2347,
        "mode": 420
      },
      {
        "path": "packages/agent-harness/dist/loader/run.d.ts",
        "size": 1793,
        "mode": 420
      },
      {
        "path": "packages/agent-harness/dist/loader/run.js",
        "size": 18442,
        "mode": 420
      },
      {
        "path": "packages/agent-harness/dist/loader/validate.d.ts",
        "size": 453,
        "mode": 420
      },
      {
        "path": "packages/agent-harness/dist/loader/validate.js",
        "size": 767,
        "mode": 420
      },
      {
        "path": "packages/agent-harness/dist/modules/schema.d.ts",
        "size": 127,
        "mode": 420
      },
      {
        "path": "packages/agent-harness/dist/modules/schema.js",
        "size": 95,
        "mode": 420
      },
      {
        "path": "packages/agent-harness/dist/templates/coverage-demo/coverage-demo.ajs",
        "size": 1940,
        "mode": 420
      },
      {
        "path": "packages/agent-harness/dist/templates/coverage-demo/coverage-demo.md",
        "size": 56,
        "mode": 420
      },
      {
        "path": "packages/agent-harness/dist/templates/experiment-demo/experiment-demo.ajs",
        "size": 1562,
        "mode": 420
      },
      {
        "path": "packages/agent-harness/dist/templates/experiment-demo/experiment-demo.md",
        "size": 644,
        "mode": 420
      },
      {
        "path": "packages/agent-harness/dist/templates/index.d.ts",
        "size": 170,
        "mode": 420
      },
      {
        "path": "packages/agent-harness/dist/templates/index.js",
        "size": 505,
        "mode": 420
      },
      {
        "path": "packages/agent-harness/dist/templates/pipeline-demo/pipeline-demo.ajs",
        "size": 1659,
        "mode": 420
      },
      {
        "path": "packages/agent-harness/dist/templates/pipeline-demo/pipeline-demo.md",
        "size": 753,
        "mode": 420
      },
      {
        "path": "packages/agent-harness/dist/templates/ralph-demo/ralph-demo.ajs",
        "size": 1305,
        "mode": 420
      },
      {
        "path": "packages/agent-harness/dist/templates/ralph-demo/ralph-demo.md",
        "size": 587,
        "mode": 420
      },
      {
        "path": "packages/agent-harness/dist/templates/superintendent-demo/superintendent-demo.ajs",
        "size": 2356,
        "mode": 420
      },
      {
        "path": "packages/agent-harness/dist/templates/superintendent-demo/superintendent-demo.md",
        "size": 989,
        "mode": 420
      },
      {
        "path": "packages/agent-harness/dist/testing/replay-equivalence.d.ts",
        "size": 230,
        "mode": 420
      },
      {
        "path": "packages/agent-harness/dist/testing/replay-equivalence.js",
        "size": 4186,
        "mode": 420
      },
      {
        "path": "packages/agent-hook-config/dist/bridge-hooks.d.ts",
        "size": 1343,
        "mode": 420
      },
      {
        "path": "packages/agent-hook-config/dist/bridge-hooks.js",
        "size": 12110,
        "mode": 420
      },
      {
        "path": "packages/agent-hook-config/dist/configs.d.ts",
        "size": 3051,
        "mode": 420
      },
      {
        "path": "packages/agent-hook-config/dist/configs.js",
        "size": 4769,
        "mode": 420
      },
      {
        "path": "packages/agent-hook-config/dist/error-codes.d.ts",
        "size": 80,
        "mode": 420
      },
      {
        "path": "packages/agent-hook-config/dist/error-codes.js",
        "size": 180,
        "mode": 420
      },
      {
        "path": "packages/agent-hook-config/dist/event-mapping.d.ts",
        "size": 970,
        "mode": 420
      },
      {
        "path": "packages/agent-hook-config/dist/event-mapping.js",
        "size": 1994,
        "mode": 420
      },
      {
        "path": "packages/agent-hook-config/dist/exports.compile-check.d.ts",
        "size": 11,
        "mode": 420
      },
      {
        "path": "packages/agent-hook-config/dist/exports.compile-check.js",
        "size": 11,
        "mode": 420
      },
      {
        "path": "packages/agent-hook-config/dist/index.d.ts",
        "size": 1188,
        "mode": 420
      },
      {
        "path": "packages/agent-hook-config/dist/index.js",
        "size": 563,
        "mode": 420
      },
      {
        "path": "packages/agent-hook-config/dist/path-safety.d.ts",
        "size": 103,
        "mode": 420
      },
      {
        "path": "packages/agent-hook-config/dist/path-safety.js",
        "size": 1249,
        "mode": 420
      },
      {
        "path": "packages/agent-hook-config/dist/read-hooks.d.ts",
        "size": 815,
        "mode": 420
      },
      {
        "path": "packages/agent-hook-config/dist/read-hooks.js",
        "size": 2184,
        "mode": 420
      },
      {
        "path": "packages/agent-hook-config/dist/symlink-hooks.d.ts",
        "size": 578,
        "mode": 420
      },
      {
        "path": "packages/agent-hook-config/dist/symlink-hooks.js",
        "size": 5264,
        "mode": 420
      },
      {
        "path": "packages/agent-hook-config/dist/transform-hooks.d.ts",
        "size": 874,
        "mode": 420
      },
      {
        "path": "packages/agent-hook-config/dist/transform-hooks.js",
        "size": 2812,
        "mode": 420
      },
      {
        "path": "packages/agent-hook-config/dist/write-hooks.d.ts",
        "size": 374,
        "mode": 420
      },
      {
        "path": "packages/agent-hook-config/dist/write-hooks.js",
        "size": 4441,
        "mode": 420
      },
      {
        "path": "packages/agent-human-in-loop/dist/index.d.ts",
        "size": 334,
        "mode": 420
      },
      {
        "path": "packages/agent-human-in-loop/dist/index.js",
        "size": 171,
        "mode": 420
      },
      {
        "path": "packages/agent-human-in-loop/dist/providers/mock.d.ts",
        "size": 206,
        "mode": 420
      },
      {
        "path": "packages/agent-human-in-loop/dist/providers/mock.js",
        "size": 558,
        "mode": 420
      },
      {
        "path": "packages/agent-human-in-loop/dist/providers/osascript-script.d.ts",
        "size": 292,
        "mode": 420
      },
      {
        "path": "packages/agent-human-in-loop/dist/providers/osascript-script.js",
        "size": 1818,
        "mode": 420
      },
      {
        "path": "packages/agent-human-in-loop/dist/providers/osascript.d.ts",
        "size": 243,
        "mode": 420
      },
      {
        "path": "packages/agent-human-in-loop/dist/providers/osascript.js",
        "size": 1600,
        "mode": 420
      },
      {
        "path": "packages/agent-human-in-loop/dist/request-approval.d.ts",
        "size": 218,
        "mode": 420
      },
      {
        "path": "packages/agent-human-in-loop/dist/request-approval.js",
        "size": 1719,
        "mode": 420
      },
      {
        "path": "packages/agent-human-in-loop/dist/types.d.ts",
        "size": 340,
        "mode": 420
      },
      {
        "path": "packages/agent-human-in-loop/dist/types.js",
        "size": 11,
        "mode": 420
      },
      {
        "path": "packages/agent-human-in-loop/LICENSE",
        "size": 1069,
        "mode": 420
      },
      {
        "path": "packages/agent-mcp-config/dist/apply.d.ts",
        "size": 398,
        "mode": 420
      },
      {
        "path": "packages/agent-mcp-config/dist/apply.js",
        "size": 6323,
        "mode": 420
      },
      {
        "path": "packages/agent-mcp-config/dist/configs.d.ts",
        "size": 982,
        "mode": 420
      },
      {
        "path": "packages/agent-mcp-config/dist/configs.js",
        "size": 2423,
        "mode": 420
      },
      {
        "path": "packages/agent-mcp-config/dist/index.d.ts",
        "size": 270,
        "mode": 420
      },
      {
        "path": "packages/agent-mcp-config/dist/index.js",
        "size": 158,
        "mode": 420
      },
      {
        "path": "packages/agent-mcp-config/dist/shapes.d.ts",
        "size": 1584,
        "mode": 420
      },
      {
        "path": "packages/agent-mcp-config/dist/shapes.js",
        "size": 2664,
        "mode": 420
      },
      {
        "path": "packages/agent-mcp-config/dist/types.d.ts",
        "size": 684,
        "mode": 420
      },
      {
        "path": "packages/agent-mcp-config/dist/types.js",
        "size": 11,
        "mode": 420
      },
      {
        "path": "packages/agent-mcp-config/LICENSE",
        "size": 1069,
        "mode": 420
      },
      {
        "path": "packages/agent-skill-config/dist/apply.d.ts",
        "size": 989,
        "mode": 420
      },
      {
        "path": "packages/agent-skill-config/dist/apply.js",
        "size": 6799,
        "mode": 420
      },
      {
        "path": "packages/agent-skill-config/dist/bridge-active-skills.d.ts",
        "size": 807,
        "mode": 420
      },
      {
        "path": "packages/agent-skill-config/dist/bridge-active-skills.js",
        "size": 14353,
        "mode": 420
      },
      {
        "path": "packages/agent-skill-config/dist/configs.d.ts",
        "size": 852,
        "mode": 420
      },
      {
        "path": "packages/agent-skill-config/dist/configs.js",
        "size": 2556,
        "mode": 420
      },
      {
        "path": "packages/agent-skill-config/dist/error-codes.d.ts",
        "size": 80,
        "mode": 420
      },
      {
        "path": "packages/agent-skill-config/dist/error-codes.js",
        "size": 180,
        "mode": 420
      },
      {
        "path": "packages/agent-skill-config/dist/exports.compile-check.d.ts",
        "size": 11,
        "mode": 420
      },
      {
        "path": "packages/agent-skill-config/dist/exports.compile-check.js",
        "size": 11,
        "mode": 420
      },
      {
        "path": "packages/agent-skill-config/dist/git-exclude.d.ts",
        "size": 413,
        "mode": 420
      },
      {
        "path": "packages/agent-skill-config/dist/git-exclude.js",
        "size": 5568,
        "mode": 420
      },
      {
        "path": "packages/agent-skill-config/dist/index.d.ts",
        "size": 940,
        "mode": 420
      },
      {
        "path": "packages/agent-skill-config/dist/index.js",
        "size": 482,
        "mode": 420
      },
      {
        "path": "packages/agent-skill-config/dist/resolve-skill-reference.d.ts",
        "size": 579,
        "mode": 420
      },
      {
        "path": "packages/agent-skill-config/dist/resolve-skill-reference.js",
        "size": 2886,
        "mode": 420
      },
      {
        "path": "packages/agent-skill-config/dist/templates.d.ts",
        "size": 215,
        "mode": 420
      },
      {
        "path": "packages/agent-skill-config/dist/templates.js",
        "size": 2077,
        "mode": 420
      },
      {
        "path": "packages/agent-skill-config/dist/templates/poe-generate.md",
        "size": 1079,
        "mode": 420
      },
      {
        "path": "packages/agent-skill-config/dist/templates/terminal-pilot.md",
        "size": 1514,
        "mode": 420
      },
      {
        "path": "packages/agent-skill-config/dist/types.d.ts",
        "size": 451,
        "mode": 420
      },
      {
        "path": "packages/agent-skill-config/dist/types.js",
        "size": 11,
        "mode": 420
      },
      {
        "path": "packages/agent-spawn/dist/acp/index.d.ts",
        "size": 687,
        "mode": 420
      },
      {
        "path": "packages/agent-spawn/dist/acp/index.js",
        "size": 336,
        "mode": 420
      },
      {
        "path": "packages/agent-spawn/dist/acp/line-reader.d.ts",
        "size": 122,
        "mode": 420
      },
      {
        "path": "packages/agent-spawn/dist/acp/line-reader.js",
        "size": 810,
        "mode": 420
      },
      {
        "path": "packages/agent-spawn/dist/acp/meta.d.ts",
        "size": 70,
        "mode": 420
      },
      {
        "path": "packages/agent-spawn/dist/acp/meta.js",
        "size": 353,
        "mode": 420
      },
      {
        "path": "packages/agent-spawn/dist/acp/middleware.d.ts",
        "size": 1129,
        "mode": 420
      },
      {
        "path": "packages/agent-spawn/dist/acp/middleware.js",
        "size": 602,
        "mode": 420
      },
      {
        "path": "packages/agent-spawn/dist/acp/middlewares/session-capture.d.ts",
        "size": 107,
        "mode": 420
      },
      {
        "path": "packages/agent-spawn/dist/acp/middlewares/session-capture.js",
        "size": 2764,
        "mode": 420
      },
      {
        "path": "packages/agent-spawn/dist/acp/middlewares/spawn-log.d.ts",
        "size": 101,
        "mode": 420
      },
      {
        "path": "packages/agent-spawn/dist/acp/middlewares/spawn-log.js",
        "size": 7116,
        "mode": 420
      },
      {
        "path": "packages/agent-spawn/dist/acp/middlewares/usage-capture.d.ts",
        "size": 105,
        "mode": 420
      },
      {
        "path": "packages/agent-spawn/dist/acp/middlewares/usage-capture.js",
        "size": 1938,
        "mode": 420
      },
      {
        "path": "packages/agent-spawn/dist/acp/renderer.d.ts",
        "size": 526,
        "mode": 420
      },
      {
        "path": "packages/agent-spawn/dist/acp/renderer.js",
        "size": 5777,
        "mode": 420
      },
      {
        "path": "packages/agent-spawn/dist/acp/replay-cli.d.ts",
        "size": 82,
        "mode": 420
      },
      {
        "path": "packages/agent-spawn/dist/acp/replay-cli.js",
        "size": 4507,
        "mode": 420
      },
      {
        "path": "packages/agent-spawn/dist/acp/replay.d.ts",
        "size": 997,
        "mode": 420
      },
      {
        "path": "packages/agent-spawn/dist/acp/replay.js",
        "size": 7073,
        "mode": 420
      },
      {
        "path": "packages/agent-spawn/dist/acp/session-update-converter.d.ts",
        "size": 823,
        "mode": 420
      },
      {
        "path": "packages/agent-spawn/dist/acp/session-update-converter.js",
        "size": 4639,
        "mode": 420
      },
      {
        "path": "packages/agent-spawn/dist/acp/spawn-acp.d.ts",
        "size": 1018,
        "mode": 420
      },
      {
        "path": "packages/agent-spawn/dist/acp/spawn-acp.js",
        "size": 15859,
        "mode": 420
      },
      {
        "path": "packages/agent-spawn/dist/acp/spawn-log-path.d.ts",
        "size": 145,
        "mode": 420
      },
      {
        "path": "packages/agent-spawn/dist/acp/spawn-log-path.js",
        "size": 1694,
        "mode": 420
      },
      {
        "path": "packages/agent-spawn/dist/acp/spawn.d.ts",
        "size": 434,
        "mode": 420
      },
      {
        "path": "packages/agent-spawn/dist/acp/spawn.js",
        "size": 20505,
        "mode": 420
      },
      {
        "path": "packages/agent-spawn/dist/acp/types.compile-check.d.ts",
        "size": 11,
        "mode": 420
      },
      {
        "path": "packages/agent-spawn/dist/acp/types.compile-check.js",
        "size": 11,
        "mode": 420
      },
      {
        "path": "packages/agent-spawn/dist/acp/types.d.ts",
        "size": 6717,
        "mode": 420
      },
      {
        "path": "packages/agent-spawn/dist/acp/types.js",
        "size": 11,
        "mode": 420
      },
      {
        "path": "packages/agent-spawn/dist/adapters/claude.d.ts",
        "size": 202,
        "mode": 420
      },
      {
        "path": "packages/agent-spawn/dist/adapters/claude.js",
        "size": 6114,
        "mode": 420
      },
      {
        "path": "packages/agent-spawn/dist/adapters/codex.d.ts",
        "size": 141,
        "mode": 420
      },
      {
        "path": "packages/agent-spawn/dist/adapters/codex.js",
        "size": 5603,
        "mode": 420
      },
      {
        "path": "packages/agent-spawn/dist/adapters/cursor.d.ts",
        "size": 142,
        "mode": 420
      },
      {
        "path": "packages/agent-spawn/dist/adapters/cursor.js",
        "size": 4157,
        "mode": 420
      },
      {
        "path": "packages/agent-spawn/dist/adapters/index.d.ts",
        "size": 609,
        "mode": 420
      },
      {
        "path": "packages/agent-spawn/dist/adapters/index.js",
        "size": 851,
        "mode": 420
      },
      {
        "path": "packages/agent-spawn/dist/adapters/native.d.ts",
        "size": 170,
        "mode": 420
      },
      {
        "path": "packages/agent-spawn/dist/adapters/native.js",
        "size": 929,
        "mode": 420
      },
      {
        "path": "packages/agent-spawn/dist/adapters/opencode.d.ts",
        "size": 144,
        "mode": 420
      },
      {
        "path": "packages/agent-spawn/dist/adapters/opencode.js",
        "size": 4884,
        "mode": 420
      },
      {
        "path": "packages/agent-spawn/dist/adapters/pi.d.ts",
        "size": 138,
        "mode": 420
      },
      {
        "path": "packages/agent-spawn/dist/adapters/pi.js",
        "size": 6185,
        "mode": 420
      },
      {
        "path": "packages/agent-spawn/dist/adapters/test-utils.d.ts",
        "size": 146,
        "mode": 420
      },
      {
        "path": "packages/agent-spawn/dist/adapters/test-utils.js",
        "size": 259,
        "mode": 420
      },
      {
        "path": "packages/agent-spawn/dist/adapters/utils.d.ts",
        "size": 227,
        "mode": 420
      },
      {
        "path": "packages/agent-spawn/dist/adapters/utils.js",
        "size": 869,
        "mode": 420
      },
      {
        "path": "packages/agent-spawn/dist/autonomous.d.ts",
        "size": 1066,
        "mode": 420
      },
      {
        "path": "packages/agent-spawn/dist/autonomous.js",
        "size": 1860,
        "mode": 420
      },
      {
        "path": "packages/agent-spawn/dist/configs/claude-code.d.ts",
        "size": 111,
        "mode": 420
      },
      {
        "path": "packages/agent-spawn/dist/configs/claude-code.js",
        "size": 1296,
        "mode": 420
      },
      {
        "path": "packages/agent-spawn/dist/configs/claude-desktop.d.ts",
        "size": 91,
        "mode": 420
      },
      {
        "path": "packages/agent-spawn/dist/configs/claude-desktop.js",
        "size": 161,
        "mode": 420
      },
      {
        "path": "packages/agent-spawn/dist/configs/codex.d.ts",
        "size": 106,
        "mode": 420
      },
      {
        "path": "packages/agent-spawn/dist/configs/codex.js",
        "size": 1129,
        "mode": 420
      },
      {
        "path": "packages/agent-spawn/dist/configs/cursor.d.ts",
        "size": 107,
        "mode": 420
      },
      {
        "path": "packages/agent-spawn/dist/configs/cursor.js",
        "size": 1096,
        "mode": 420
      },
      {
        "path": "packages/agent-spawn/dist/configs/gemini-cli.d.ts",
        "size": 113,
        "mode": 420
      },
      {
        "path": "packages/agent-spawn/dist/configs/gemini-cli.js",
        "size": 667,
        "mode": 420
      },
      {
        "path": "packages/agent-spawn/dist/configs/goose.d.ts",
        "size": 180,
        "mode": 420
      },
      {
        "path": "packages/agent-spawn/dist/configs/goose.js",
        "size": 1371,
        "mode": 420
      },
      {
        "path": "packages/agent-spawn/dist/configs/index.d.ts",
        "size": 1128,
        "mode": 420
      },
      {
        "path": "packages/agent-spawn/dist/configs/index.js",
        "size": 4279,
        "mode": 420
      },
      {
        "path": "packages/agent-spawn/dist/configs/mcp-file.d.ts",
        "size": 480,
        "mode": 420
      },
      {
        "path": "packages/agent-spawn/dist/configs/mcp-file.js",
        "size": 3090,
        "mode": 420
      },
      {
        "path": "packages/agent-spawn/dist/configs/mcp.d.ts",
        "size": 708,
        "mode": 420
      },
      {
        "path": "packages/agent-spawn/dist/configs/mcp.js",
        "size": 4320,
        "mode": 420
      },
      {
        "path": "packages/agent-spawn/dist/configs/opencode.d.ts",
        "size": 2117,
        "mode": 420
      },
      {
        "path": "packages/agent-spawn/dist/configs/opencode.js",
        "size": 3144,
        "mode": 420
      },
      {
        "path": "packages/agent-spawn/dist/configs/pi.d.ts",
        "size": 103,
        "mode": 420
      },
      {
        "path": "packages/agent-spawn/dist/configs/pi.js",
        "size": 821,
        "mode": 420
      },
      {
        "path": "packages/agent-spawn/dist/configs/resolve-config.d.ts",
        "size": 295,
        "mode": 420
      },
      {
        "path": "packages/agent-spawn/dist/configs/resolve-config.js",
        "size": 700,
        "mode": 420
      },
      {
        "path": "packages/agent-spawn/dist/environment.d.ts",
        "size": 207,
        "mode": 420
      },
      {
        "path": "packages/agent-spawn/dist/environment.js",
        "size": 391,
        "mode": 420
      },
      {
        "path": "packages/agent-spawn/dist/error-codes.d.ts",
        "size": 80,
        "mode": 420
      },
      {
        "path": "packages/agent-spawn/dist/error-codes.js",
        "size": 180,
        "mode": 420
      },
      {
        "path": "packages/agent-spawn/dist/index.d.ts",
        "size": 3600,
        "mode": 420
      },
      {
        "path": "packages/agent-spawn/dist/index.js",
        "size": 1916,
        "mode": 420
      },
      {
        "path": "packages/agent-spawn/dist/mcp-args.d.ts",
        "size": 446,
        "mode": 420
      },
      {
        "path": "packages/agent-spawn/dist/mcp-args.js",
        "size": 1201,
        "mode": 420
      },
      {
        "path": "packages/agent-spawn/dist/model-utils.d.ts",
        "size": 573,
        "mode": 420
      },
      {
        "path": "packages/agent-spawn/dist/model-utils.js",
        "size": 815,
        "mode": 420
      },
      {
        "path": "packages/agent-spawn/dist/native-otel.d.ts",
        "size": 436,
        "mode": 420
      },
      {
        "path": "packages/agent-spawn/dist/native-otel.js",
        "size": 3076,
        "mode": 420
      },
      {
        "path": "packages/agent-spawn/dist/observability/otel.d.ts",
        "size": 334,
        "mode": 420
      },
      {
        "path": "packages/agent-spawn/dist/observability/otel.js",
        "size": 2254,
        "mode": 420
      },
      {
        "path": "packages/agent-spawn/dist/parallel.d.ts",
        "size": 1221,
        "mode": 420
      },
      {
        "path": "packages/agent-spawn/dist/parallel.js",
        "size": 5862,
        "mode": 420
      },
      {
        "path": "packages/agent-spawn/dist/prompt-transport.d.ts",
        "size": 360,
        "mode": 420
      },
      {
        "path": "packages/agent-spawn/dist/prompt-transport.js",
        "size": 662,
        "mode": 420
      },
      {
        "path": "packages/agent-spawn/dist/register-factories.d.ts",
        "size": 11,
        "mode": 420
      },
      {
        "path": "packages/agent-spawn/dist/register-factories.js",
        "size": 4156,
        "mode": 420
      },
      {
        "path": "packages/agent-spawn/dist/retry.d.ts",
        "size": 993,
        "mode": 420
      },
      {
        "path": "packages/agent-spawn/dist/retry.js",
        "size": 5937,
        "mode": 420
      },
      {
        "path": "packages/agent-spawn/dist/run-command.d.ts",
        "size": 598,
        "mode": 420
      },
      {
        "path": "packages/agent-spawn/dist/run-command.js",
        "size": 7163,
        "mode": 420
      },
      {
        "path": "packages/agent-spawn/dist/runtime.d.ts",
        "size": 111,
        "mode": 420
      },
      {
        "path": "packages/agent-spawn/dist/runtime.js",
        "size": 101,
        "mode": 420
      },
      {
        "path": "packages/agent-spawn/dist/skill-bridge.d.ts",
        "size": 586,
        "mode": 420
      },
      {
        "path": "packages/agent-spawn/dist/skill-bridge.js",
        "size": 1696,
        "mode": 420
      },
      {
        "path": "packages/agent-spawn/dist/spawn-interactive.d.ts",
        "size": 204,
        "mode": 420
      },
      {
        "path": "packages/agent-spawn/dist/spawn-interactive.js",
        "size": 5350,
        "mode": 420
      },
      {
        "path": "packages/agent-spawn/dist/spawn.d.ts",
        "size": 1141,
        "mode": 420
      },
      {
        "path": "packages/agent-spawn/dist/spawn.js",
        "size": 11472,
        "mode": 420
      },
      {
        "path": "packages/agent-spawn/dist/testing.d.ts",
        "size": 427,
        "mode": 420
      },
      {
        "path": "packages/agent-spawn/dist/testing.js",
        "size": 1364,
        "mode": 420
      },
      {
        "path": "packages/agent-spawn/dist/types.compile-check.d.ts",
        "size": 11,
        "mode": 420
      },
      {
        "path": "packages/agent-spawn/dist/types.compile-check.js",
        "size": 11,
        "mode": 420
      },
      {
        "path": "packages/agent-spawn/dist/types.d.ts",
        "size": 10409,
        "mode": 420
      },
      {
        "path": "packages/agent-spawn/dist/types.js",
        "size": 1165,
        "mode": 420
      },
      {
        "path": "packages/agent-trace-viewer/dist/breakdown.d.ts",
        "size": 379,
        "mode": 420
      },
      {
        "path": "packages/agent-trace-viewer/dist/breakdown.js",
        "size": 4932,
        "mode": 420
      },
      {
        "path": "packages/agent-trace-viewer/dist/context.d.ts",
        "size": 366,
        "mode": 420
      },
      {
        "path": "packages/agent-trace-viewer/dist/context.js",
        "size": 907,
        "mode": 420
      },
      {
        "path": "packages/agent-trace-viewer/dist/index.d.ts",
        "size": 1276,
        "mode": 420
      },
      {
        "path": "packages/agent-trace-viewer/dist/index.js",
        "size": 592,
        "mode": 420
      },
      {
        "path": "packages/agent-trace-viewer/dist/loader.d.ts",
        "size": 911,
        "mode": 420
      },
      {
        "path": "packages/agent-trace-viewer/dist/loader.js",
        "size": 12161,
        "mode": 420
      },
      {
        "path": "packages/agent-trace-viewer/dist/open-html.d.ts",
        "size": 371,
        "mode": 420
      },
      {
        "path": "packages/agent-trace-viewer/dist/open-html.js",
        "size": 392,
        "mode": 420
      },
      {
        "path": "packages/agent-trace-viewer/dist/render-html.d.ts",
        "size": 391,
        "mode": 420
      },
      {
        "path": "packages/agent-trace-viewer/dist/render-html.js",
        "size": 33268,
        "mode": 420
      },
      {
        "path": "packages/agent-trace-viewer/dist/render.d.ts",
        "size": 818,
        "mode": 420
      },
      {
        "path": "packages/agent-trace-viewer/dist/render.js",
        "size": 17903,
        "mode": 420
      },
      {
        "path": "packages/agent-trace-viewer/dist/run.d.ts",
        "size": 770,
        "mode": 420
      },
      {
        "path": "packages/agent-trace-viewer/dist/run.js",
        "size": 16097,
        "mode": 420
      },
      {
        "path": "packages/agent-trace-viewer/dist/token-cache.d.ts",
        "size": 752,
        "mode": 420
      },
      {
        "path": "packages/agent-trace-viewer/dist/token-cache.js",
        "size": 1924,
        "mode": 420
      },
      {
        "path": "packages/agent-trace-viewer/dist/types.d.ts",
        "size": 2075,
        "mode": 420
      },
      {
        "path": "packages/agent-trace-viewer/dist/types.js",
        "size": 11,
        "mode": 420
      },
      {
        "path": "packages/agent-trace-viewer/dist/write-html.d.ts",
        "size": 495,
        "mode": 420
      },
      {
        "path": "packages/agent-trace-viewer/dist/write-html.js",
        "size": 1231,
        "mode": 420
      },
      {
        "path": "packages/agent-traces/dist/collect.d.ts",
        "size": 516,
        "mode": 420
      },
      {
        "path": "packages/agent-traces/dist/collect.js",
        "size": 5827,
        "mode": 420
      },
      {
        "path": "packages/agent-traces/dist/index-store/concurrency.d.ts",
        "size": 139,
        "mode": 420
      },
      {
        "path": "packages/agent-traces/dist/index-store/concurrency.js",
        "size": 507,
        "mode": 420
      },
      {
        "path": "packages/agent-traces/dist/index-store/head.d.ts",
        "size": 220,
        "mode": 420
      },
      {
        "path": "packages/agent-traces/dist/index-store/head.js",
        "size": 691,
        "mode": 420
      },
      {
        "path": "packages/agent-traces/dist/index-store/store.d.ts",
        "size": 1271,
        "mode": 420
      },
      {
        "path": "packages/agent-traces/dist/index-store/store.js",
        "size": 11345,
        "mode": 420
      },
      {
        "path": "packages/agent-traces/dist/index.d.ts",
        "size": 845,
        "mode": 420
      },
      {
        "path": "packages/agent-traces/dist/index.js",
        "size": 346,
        "mode": 420
      },
      {
        "path": "packages/agent-traces/dist/jsonl.d.ts",
        "size": 212,
        "mode": 420
      },
      {
        "path": "packages/agent-traces/dist/jsonl.js",
        "size": 401,
        "mode": 420
      },
      {
        "path": "packages/agent-traces/dist/line-json.d.ts",
        "size": 329,
        "mode": 420
      },
      {
        "path": "packages/agent-traces/dist/line-json.js",
        "size": 1307,
        "mode": 420
      },
      {
        "path": "packages/agent-traces/dist/readers/claude.d.ts",
        "size": 101,
        "mode": 420
      },
      {
        "path": "packages/agent-traces/dist/readers/claude.js",
        "size": 20954,
        "mode": 420
      },
      {
        "path": "packages/agent-traces/dist/readers/codex.d.ts",
        "size": 100,
        "mode": 420
      },
      {
        "path": "packages/agent-traces/dist/readers/codex.js",
        "size": 16744,
        "mode": 420
      },
      {
        "path": "packages/agent-traces/dist/readers/index.d.ts",
        "size": 370,
        "mode": 420
      },
      {
        "path": "packages/agent-traces/dist/readers/index.js",
        "size": 392,
        "mode": 420
      },
      {
        "path": "packages/agent-traces/dist/readers/pi.d.ts",
        "size": 97,
        "mode": 420
      },
      {
        "path": "packages/agent-traces/dist/readers/pi.js",
        "size": 12287,
        "mode": 420
      },
      {
        "path": "packages/agent-traces/dist/readers/poe-code.d.ts",
        "size": 102,
        "mode": 420
      },
      {
        "path": "packages/agent-traces/dist/readers/poe-code.js",
        "size": 10910,
        "mode": 420
      },
      {
        "path": "packages/agent-traces/dist/types.d.ts",
        "size": 3408,
        "mode": 420
      },
      {
        "path": "packages/agent-traces/dist/types.js",
        "size": 11,
        "mode": 420
      },
      {
        "path": "packages/auth-store/dist/create-secret-store.d.ts",
        "size": 182,
        "mode": 420
      },
      {
        "path": "packages/auth-store/dist/create-secret-store.js",
        "size": 1711,
        "mode": 420
      },
      {
        "path": "packages/auth-store/dist/encrypted-file-store.d.ts",
        "size": 1655,
        "mode": 420
      },
      {
        "path": "packages/auth-store/dist/encrypted-file-store.js",
        "size": 11236,
        "mode": 420
      },
      {
        "path": "packages/auth-store/dist/error-codes.d.ts",
        "size": 80,
        "mode": 420
      },
      {
        "path": "packages/auth-store/dist/error-codes.js",
        "size": 180,
        "mode": 420
      },
      {
        "path": "packages/auth-store/dist/index.d.ts",
        "size": 608,
        "mode": 420
      },
      {
        "path": "packages/auth-store/dist/index.js",
        "size": 244,
        "mode": 420
      },
      {
        "path": "packages/auth-store/dist/keychain-store.d.ts",
        "size": 815,
        "mode": 420
      },
      {
        "path": "packages/auth-store/dist/keychain-store.js",
        "size": 5646,
        "mode": 420
      },
      {
        "path": "packages/auth-store/dist/provider-store.d.ts",
        "size": 503,
        "mode": 420
      },
      {
        "path": "packages/auth-store/dist/provider-store.js",
        "size": 2623,
        "mode": 420
      },
      {
        "path": "packages/auth-store/dist/types.d.ts",
        "size": 704,
        "mode": 420
      },
      {
        "path": "packages/auth-store/dist/types.js",
        "size": 11,
        "mode": 420
      },
      {
        "path": "packages/auth-store/LICENSE",
        "size": 1069,
        "mode": 420
      },
      {
        "path": "packages/braintrust/dist/adapters/experiment.d.ts",
        "size": 446,
        "mode": 420
      },
      {
        "path": "packages/braintrust/dist/adapters/experiment.js",
        "size": 843,
        "mode": 420
      },
      {
        "path": "packages/braintrust/dist/adapters/pipeline.d.ts",
        "size": 344,
        "mode": 420
      },
      {
        "path": "packages/braintrust/dist/adapters/pipeline.js",
        "size": 410,
        "mode": 420
      },
      {
        "path": "packages/braintrust/dist/adapters/spawn.d.ts",
        "size": 215,
        "mode": 420
      },
      {
        "path": "packages/braintrust/dist/adapters/spawn.js",
        "size": 1816,
        "mode": 420
      },
      {
        "path": "packages/braintrust/dist/adapters/superintendent.d.ts",
        "size": 378,
        "mode": 420
      },
      {
        "path": "packages/braintrust/dist/adapters/superintendent.js",
        "size": 2052,
        "mode": 420
      },
      {
        "path": "packages/braintrust/dist/client.d.ts",
        "size": 569,
        "mode": 420
      },
      {
        "path": "packages/braintrust/dist/client.js",
        "size": 4023,
        "mode": 420
      },
      {
        "path": "packages/braintrust/dist/index.d.ts",
        "size": 1059,
        "mode": 420
      },
      {
        "path": "packages/braintrust/dist/index.js",
        "size": 1578,
        "mode": 420
      },
      {
        "path": "packages/braintrust/dist/load-integrations.d.ts",
        "size": 218,
        "mode": 420
      },
      {
        "path": "packages/braintrust/dist/load-integrations.js",
        "size": 233,
        "mode": 420
      },
      {
        "path": "packages/braintrust/dist/row-builder.d.ts",
        "size": 1283,
        "mode": 420
      },
      {
        "path": "packages/braintrust/dist/row-builder.js",
        "size": 13067,
        "mode": 420
      },
      {
        "path": "packages/braintrust/dist/trace-run.d.ts",
        "size": 278,
        "mode": 420
      },
      {
        "path": "packages/braintrust/dist/trace-run.js",
        "size": 1726,
        "mode": 420
      },
      {
        "path": "packages/cached-resource/dist/api-fetch.d.ts",
        "size": 422,
        "mode": 420
      },
      {
        "path": "packages/cached-resource/dist/api-fetch.js",
        "size": 1195,
        "mode": 420
      },
      {
        "path": "packages/cached-resource/dist/background-revalidator.d.ts",
        "size": 210,
        "mode": 420
      },
      {
        "path": "packages/cached-resource/dist/background-revalidator.js",
        "size": 1049,
        "mode": 420
      },
      {
        "path": "packages/cached-resource/dist/cache-orchestrator.d.ts",
        "size": 617,
        "mode": 420
      },
      {
        "path": "packages/cached-resource/dist/cache-orchestrator.js",
        "size": 2656,
        "mode": 420
      },
      {
        "path": "packages/cached-resource/dist/create-cached-resource.d.ts",
        "size": 704,
        "mode": 420
      },
      {
        "path": "packages/cached-resource/dist/create-cached-resource.js",
        "size": 2093,
        "mode": 420
      },
      {
        "path": "packages/cached-resource/dist/disk-cache.d.ts",
        "size": 1209,
        "mode": 420
      },
      {
        "path": "packages/cached-resource/dist/disk-cache.js",
        "size": 5947,
        "mode": 420
      },
      {
        "path": "packages/cached-resource/dist/index.d.ts",
        "size": 813,
        "mode": 420
      },
      {
        "path": "packages/cached-resource/dist/index.js",
        "size": 380,
        "mode": 420
      },
      {
        "path": "packages/cached-resource/dist/memory-cache.d.ts",
        "size": 418,
        "mode": 420
      },
      {
        "path": "packages/cached-resource/dist/memory-cache.js",
        "size": 463,
        "mode": 420
      },
      {
        "path": "packages/cached-resource/dist/testing/index.d.ts",
        "size": 530,
        "mode": 420
      },
      {
        "path": "packages/cached-resource/dist/testing/index.js",
        "size": 1051,
        "mode": 420
      },
      {
        "path": "packages/cached-resource/dist/types.compile-check.d.ts",
        "size": 11,
        "mode": 420
      },
      {
        "path": "packages/cached-resource/dist/types.compile-check.js",
        "size": 11,
        "mode": 420
      },
      {
        "path": "packages/cached-resource/dist/types.d.ts",
        "size": 358,
        "mode": 420
      },
      {
        "path": "packages/cached-resource/dist/types.js",
        "size": 11,
        "mode": 420
      },
      {
        "path": "packages/config-extends/dist/discover.d.ts",
        "size": 231,
        "mode": 420
      },
      {
        "path": "packages/config-extends/dist/discover.js",
        "size": 1196,
        "mode": 420
      },
      {
        "path": "packages/config-extends/dist/error-codes.d.ts",
        "size": 103,
        "mode": 420
      },
      {
        "path": "packages/config-extends/dist/error-codes.js",
        "size": 209,
        "mode": 420
      },
      {
        "path": "packages/config-extends/dist/index.d.ts",
        "size": 578,
        "mode": 420
      },
      {
        "path": "packages/config-extends/dist/index.js",
        "size": 230,
        "mode": 420
      },
      {
        "path": "packages/config-extends/dist/merge.d.ts",
        "size": 233,
        "mode": 420
      },
      {
        "path": "packages/config-extends/dist/merge.js",
        "size": 4116,
        "mode": 420
      },
      {
        "path": "packages/config-extends/dist/parse.d.ts",
        "size": 140,
        "mode": 420
      },
      {
        "path": "packages/config-extends/dist/parse.js",
        "size": 3816,
        "mode": 420
      },
      {
        "path": "packages/config-extends/dist/prompt-document.d.ts",
        "size": 906,
        "mode": 420
      },
      {
        "path": "packages/config-extends/dist/prompt-document.js",
        "size": 4924,
        "mode": 420
      },
      {
        "path": "packages/config-extends/dist/resolve.d.ts",
        "size": 186,
        "mode": 420
      },
      {
        "path": "packages/config-extends/dist/resolve.js",
        "size": 12890,
        "mode": 420
      },
      {
        "path": "packages/config-extends/dist/types.d.ts",
        "size": 890,
        "mode": 420
      },
      {
        "path": "packages/config-extends/dist/types.js",
        "size": 11,
        "mode": 420
      },
      {
        "path": "packages/config-mutations/dist/error-codes.d.ts",
        "size": 103,
        "mode": 420
      },
      {
        "path": "packages/config-mutations/dist/error-codes.js",
        "size": 209,
        "mode": 420
      },
      {
        "path": "packages/config-mutations/dist/execution/apply-mutation.d.ts",
        "size": 435,
        "mode": 420
      },
      {
        "path": "packages/config-mutations/dist/execution/apply-mutation.js",
        "size": 30042,
        "mode": 420
      },
      {
        "path": "packages/config-mutations/dist/execution/path-utils.d.ts",
        "size": 712,
        "mode": 420
      },
      {
        "path": "packages/config-mutations/dist/execution/path-utils.js",
        "size": 2436,
        "mode": 420
      },
      {
        "path": "packages/config-mutations/dist/execution/run-mutations.d.ts",
        "size": 352,
        "mode": 420
      },
      {
        "path": "packages/config-mutations/dist/execution/run-mutations.js",
        "size": 1285,
        "mode": 420
      },
      {
        "path": "packages/config-mutations/dist/formats/index.d.ts",
        "size": 515,
        "mode": 420
      },
      {
        "path": "packages/config-mutations/dist/formats/index.js",
        "size": 1538,
        "mode": 420
      },
      {
        "path": "packages/config-mutations/dist/formats/json.d.ts",
        "size": 1660,
        "mode": 420
      },
      {
        "path": "packages/config-mutations/dist/formats/json.js",
        "size": 5787,
        "mode": 420
      },
      {
        "path": "packages/config-mutations/dist/formats/object.d.ts",
        "size": 325,
        "mode": 420
      },
      {
        "path": "packages/config-mutations/dist/formats/object.js",
        "size": 793,
        "mode": 420
      },
      {
        "path": "packages/config-mutations/dist/formats/toml.d.ts",
        "size": 96,
        "mode": 420
      },
      {
        "path": "packages/config-mutations/dist/formats/toml.js",
        "size": 2434,
        "mode": 420
      },
      {
        "path": "packages/config-mutations/dist/formats/yaml.d.ts",
        "size": 96,
        "mode": 420
      },
      {
        "path": "packages/config-mutations/dist/formats/yaml.js",
        "size": 2359,
        "mode": 420
      },
      {
        "path": "packages/config-mutations/dist/fs-utils.d.ts",
        "size": 633,
        "mode": 420
      },
      {
        "path": "packages/config-mutations/dist/fs-utils.js",
        "size": 1012,
        "mode": 420
      },
      {
        "path": "packages/config-mutations/dist/index.d.ts",
        "size": 682,
        "mode": 420
      },
      {
        "path": "packages/config-mutations/dist/index.js",
        "size": 463,
        "mode": 420
      },
      {
        "path": "packages/config-mutations/dist/mutations/config-mutation.d.ts",
        "size": 1956,
        "mode": 420
      },
      {
        "path": "packages/config-mutations/dist/mutations/config-mutation.js",
        "size": 765,
        "mode": 420
      },
      {
        "path": "packages/config-mutations/dist/mutations/file-mutation.d.ts",
        "size": 2494,
        "mode": 420
      },
      {
        "path": "packages/config-mutations/dist/mutations/file-mutation.js",
        "size": 1156,
        "mode": 420
      },
      {
        "path": "packages/config-mutations/dist/mutations/template-mutation.d.ts",
        "size": 1604,
        "mode": 420
      },
      {
        "path": "packages/config-mutations/dist/mutations/template-mutation.js",
        "size": 735,
        "mode": 420
      },
      {
        "path": "packages/config-mutations/dist/template/render.d.ts",
        "size": 276,
        "mode": 420
      },
      {
        "path": "packages/config-mutations/dist/template/render.js",
        "size": 299,
        "mode": 420
      },
      {
        "path": "packages/config-mutations/dist/testing/format-utils.d.ts",
        "size": 445,
        "mode": 420
      },
      {
        "path": "packages/config-mutations/dist/testing/format-utils.js",
        "size": 609,
        "mode": 420
      },
      {
        "path": "packages/config-mutations/dist/testing/index.d.ts",
        "size": 211,
        "mode": 420
      },
      {
        "path": "packages/config-mutations/dist/testing/index.js",
        "size": 159,
        "mode": 420
      },
      {
        "path": "packages/config-mutations/dist/testing/mock-fs.d.ts",
        "size": 1089,
        "mode": 420
      },
      {
        "path": "packages/config-mutations/dist/testing/mock-fs.js",
        "size": 7773,
        "mode": 420
      },
      {
        "path": "packages/config-mutations/dist/types.d.ts",
        "size": 6085,
        "mode": 420
      },
      {
        "path": "packages/config-mutations/dist/types.js",
        "size": 336,
        "mode": 420
      },
      {
        "path": "packages/config-mutations/LICENSE",
        "size": 1069,
        "mode": 420
      },
      {
        "path": "packages/e2e-test-runner/dist/backend.d.ts",
        "size": 280,
        "mode": 420
      },
      {
        "path": "packages/e2e-test-runner/dist/backend.js",
        "size": 1454,
        "mode": 420
      },
      {
        "path": "packages/e2e-test-runner/dist/backend.js.map",
        "size": 1441,
        "mode": 420
      },
      {
        "path": "packages/e2e-test-runner/dist/cleanup.d.ts",
        "size": 481,
        "mode": 420
      },
      {
        "path": "packages/e2e-test-runner/dist/cleanup.js",
        "size": 2418,
        "mode": 420
      },
      {
        "path": "packages/e2e-test-runner/dist/cleanup.js.map",
        "size": 2295,
        "mode": 420
      },
      {
        "path": "packages/e2e-test-runner/dist/credentials.d.ts",
        "size": 116,
        "mode": 420
      },
      {
        "path": "packages/e2e-test-runner/dist/credentials.js",
        "size": 1173,
        "mode": 420
      },
      {
        "path": "packages/e2e-test-runner/dist/credentials.js.map",
        "size": 1212,
        "mode": 420
      },
      {
        "path": "packages/e2e-test-runner/dist/engine.d.ts",
        "size": 90,
        "mode": 420
      },
      {
        "path": "packages/e2e-test-runner/dist/engine.js",
        "size": 466,
        "mode": 420
      },
      {
        "path": "packages/e2e-test-runner/dist/engine.js.map",
        "size": 493,
        "mode": 420
      },
      {
        "path": "packages/e2e-test-runner/dist/env-container.d.ts",
        "size": 220,
        "mode": 420
      },
      {
        "path": "packages/e2e-test-runner/dist/env-container.js",
        "size": 329,
        "mode": 420
      },
      {
        "path": "packages/e2e-test-runner/dist/env-container.js.map",
        "size": 418,
        "mode": 420
      },
      {
        "path": "packages/e2e-test-runner/dist/error-codes.d.ts",
        "size": 103,
        "mode": 420
      },
      {
        "path": "packages/e2e-test-runner/dist/error-codes.js",
        "size": 248,
        "mode": 420
      },
      {
        "path": "packages/e2e-test-runner/dist/error-codes.js.map",
        "size": 328,
        "mode": 420
      },
      {
        "path": "packages/e2e-test-runner/dist/host-container.d.ts",
        "size": 508,
        "mode": 420
      },
      {
        "path": "packages/e2e-test-runner/dist/host-container.js",
        "size": 15565,
        "mode": 420
      },
      {
        "path": "packages/e2e-test-runner/dist/host-container.js.map",
        "size": 15024,
        "mode": 420
      },
      {
        "path": "packages/e2e-test-runner/dist/index.d.ts",
        "size": 1167,
        "mode": 420
      },
      {
        "path": "packages/e2e-test-runner/dist/index.js",
        "size": 845,
        "mode": 420
      },
      {
        "path": "packages/e2e-test-runner/dist/index.js.map",
        "size": 750,
        "mode": 420
      },
      {
        "path": "packages/e2e-test-runner/dist/log-rotation.d.ts",
        "size": 79,
        "mode": 420
      },
      {
        "path": "packages/e2e-test-runner/dist/log-rotation.js",
        "size": 1384,
        "mode": 420
      },
      {
        "path": "packages/e2e-test-runner/dist/log-rotation.js.map",
        "size": 1599,
        "mode": 420
      },
      {
        "path": "packages/e2e-test-runner/dist/matcher-format.d.ts",
        "size": 224,
        "mode": 420
      },
      {
        "path": "packages/e2e-test-runner/dist/matcher-format.js",
        "size": 2609,
        "mode": 420
      },
      {
        "path": "packages/e2e-test-runner/dist/matcher-format.js.map",
        "size": 2847,
        "mode": 420
      },
      {
        "path": "packages/e2e-test-runner/dist/matchers.d.ts",
        "size": 1681,
        "mode": 420
      },
      {
        "path": "packages/e2e-test-runner/dist/matchers.js",
        "size": 13870,
        "mode": 420
      },
      {
        "path": "packages/e2e-test-runner/dist/matchers.js.map",
        "size": 11923,
        "mode": 420
      },
      {
        "path": "packages/e2e-test-runner/dist/persistent-container.d.ts",
        "size": 756,
        "mode": 420
      },
      {
        "path": "packages/e2e-test-runner/dist/persistent-container.js",
        "size": 16064,
        "mode": 420
      },
      {
        "path": "packages/e2e-test-runner/dist/persistent-container.js.map",
        "size": 15174,
        "mode": 420
      },
      {
        "path": "packages/e2e-test-runner/dist/preflight.d.ts",
        "size": 843,
        "mode": 420
      },
      {
        "path": "packages/e2e-test-runner/dist/preflight.js",
        "size": 10082,
        "mode": 420
      },
      {
        "path": "packages/e2e-test-runner/dist/preflight.js.map",
        "size": 9243,
        "mode": 420
      },
      {
        "path": "packages/e2e-test-runner/dist/proxy-cli.d.ts",
        "size": 948,
        "mode": 420
      },
      {
        "path": "packages/e2e-test-runner/dist/proxy-cli.js",
        "size": 8477,
        "mode": 420
      },
      {
        "path": "packages/e2e-test-runner/dist/proxy-cli.js.map",
        "size": 8298,
        "mode": 420
      },
      {
        "path": "packages/e2e-test-runner/dist/proxy-requests.d.ts",
        "size": 963,
        "mode": 420
      },
      {
        "path": "packages/e2e-test-runner/dist/proxy-requests.js",
        "size": 4530,
        "mode": 420
      },
      {
        "path": "packages/e2e-test-runner/dist/proxy-requests.js.map",
        "size": 4603,
        "mode": 420
      },
      {
        "path": "packages/e2e-test-runner/dist/proxy-server.d.ts",
        "size": 216,
        "mode": 420
      },
      {
        "path": "packages/e2e-test-runner/dist/proxy-server.js",
        "size": 12267,
        "mode": 420
      },
      {
        "path": "packages/e2e-test-runner/dist/proxy-server.js.map",
        "size": 11613,
        "mode": 420
      },
      {
        "path": "packages/e2e-test-runner/dist/proxy-types.d.ts",
        "size": 668,
        "mode": 420
      },
      {
        "path": "packages/e2e-test-runner/dist/proxy-types.js",
        "size": 50,
        "mode": 420
      },
      {
        "path": "packages/e2e-test-runner/dist/proxy-types.js.map",
        "size": 114,
        "mode": 420
      },
      {
        "path": "packages/e2e-test-runner/dist/runtime.d.ts",
        "size": 351,
        "mode": 420
      },
      {
        "path": "packages/e2e-test-runner/dist/runtime.js",
        "size": 540,
        "mode": 420
      },
      {
        "path": "packages/e2e-test-runner/dist/runtime.js.map",
        "size": 633,
        "mode": 420
      },
      {
        "path": "packages/e2e-test-runner/dist/sandbox-container.d.ts",
        "size": 228,
        "mode": 420
      },
      {
        "path": "packages/e2e-test-runner/dist/sandbox-container.js",
        "size": 783,
        "mode": 420
      },
      {
        "path": "packages/e2e-test-runner/dist/sandbox-container.js.map",
        "size": 897,
        "mode": 420
      },
      {
        "path": "packages/e2e-test-runner/dist/sandbox.d.ts",
        "size": 242,
        "mode": 420
      },
      {
        "path": "packages/e2e-test-runner/dist/sandbox.js",
        "size": 2671,
        "mode": 420
      },
      {
        "path": "packages/e2e-test-runner/dist/sandbox.js.map",
        "size": 2614,
        "mode": 420
      },
      {
        "path": "packages/e2e-test-runner/dist/shell-quote.d.ts",
        "size": 59,
        "mode": 420
      },
      {
        "path": "packages/e2e-test-runner/dist/shell-quote.js",
        "size": 290,
        "mode": 420
      },
      {
        "path": "packages/e2e-test-runner/dist/shell-quote.js.map",
        "size": 390,
        "mode": 420
      },
      {
        "path": "packages/e2e-test-runner/dist/types.d.ts",
        "size": 1666,
        "mode": 420
      },
      {
        "path": "packages/e2e-test-runner/dist/types.js",
        "size": 44,
        "mode": 420
      },
      {
        "path": "packages/e2e-test-runner/dist/types.js.map",
        "size": 102,
        "mode": 420
      },
      {
        "path": "packages/e2e-test-runner/dist/use-container.d.ts",
        "size": 321,
        "mode": 420
      },
      {
        "path": "packages/e2e-test-runner/dist/use-container.js",
        "size": 1138,
        "mode": 420
      },
      {
        "path": "packages/e2e-test-runner/dist/use-container.js.map",
        "size": 1186,
        "mode": 420
      },
      {
        "path": "packages/e2e-test-runner/dist/vitest.d.ts",
        "size": 205,
        "mode": 420
      },
      {
        "path": "packages/e2e-test-runner/dist/vitest.js",
        "size": 705,
        "mode": 420
      },
      {
        "path": "packages/e2e-test-runner/dist/vitest.js.map",
        "size": 741,
        "mode": 420
      },
      {
        "path": "packages/experiment-loop/dist/config/default-instructions.md",
        "size": 460,
        "mode": 420
      },
      {
        "path": "packages/experiment-loop/dist/config/default-run.yaml",
        "size": 623,
        "mode": 420
      },
      {
        "path": "packages/experiment-loop/dist/config/loader.d.ts",
        "size": 357,
        "mode": 420
      },
      {
        "path": "packages/experiment-loop/dist/config/loader.js",
        "size": 4963,
        "mode": 420
      },
      {
        "path": "packages/experiment-loop/dist/discovery/discovery.d.ts",
        "size": 505,
        "mode": 420
      },
      {
        "path": "packages/experiment-loop/dist/discovery/discovery.js",
        "size": 691,
        "mode": 420
      },
      {
        "path": "packages/experiment-loop/dist/errors.d.ts",
        "size": 80,
        "mode": 420
      },
      {
        "path": "packages/experiment-loop/dist/errors.js",
        "size": 180,
        "mode": 420
      },
      {
        "path": "packages/experiment-loop/dist/evaluator/evaluator.d.ts",
        "size": 427,
        "mode": 420
      },
      {
        "path": "packages/experiment-loop/dist/evaluator/evaluator.js",
        "size": 1612,
        "mode": 420
      },
      {
        "path": "packages/experiment-loop/dist/frontmatter/frontmatter.d.ts",
        "size": 1557,
        "mode": 420
      },
      {
        "path": "packages/experiment-loop/dist/frontmatter/frontmatter.js",
        "size": 10548,
        "mode": 420
      },
      {
        "path": "packages/experiment-loop/dist/git/git.d.ts",
        "size": 289,
        "mode": 420
      },
      {
        "path": "packages/experiment-loop/dist/git/git.js",
        "size": 3541,
        "mode": 420
      },
      {
        "path": "packages/experiment-loop/dist/index.d.ts",
        "size": 293,
        "mode": 420
      },
      {
        "path": "packages/experiment-loop/dist/index.js",
        "size": 293,
        "mode": 420
      },
      {
        "path": "packages/experiment-loop/dist/journal/journal.d.ts",
        "size": 746,
        "mode": 420
      },
      {
        "path": "packages/experiment-loop/dist/journal/journal.js",
        "size": 7579,
        "mode": 420
      },
      {
        "path": "packages/experiment-loop/dist/run/loop.d.ts",
        "size": 240,
        "mode": 420
      },
      {
        "path": "packages/experiment-loop/dist/run/loop.js",
        "size": 20343,
        "mode": 420
      },
      {
        "path": "packages/experiment-loop/dist/testing/index.d.ts",
        "size": 321,
        "mode": 420
      },
      {
        "path": "packages/experiment-loop/dist/testing/index.js",
        "size": 133,
        "mode": 420
      },
      {
        "path": "packages/experiment-loop/dist/testing/simulation.d.ts",
        "size": 2862,
        "mode": 420
      },
      {
        "path": "packages/experiment-loop/dist/testing/simulation.js",
        "size": 15392,
        "mode": 420
      },
      {
        "path": "packages/experiment-loop/dist/types.d.ts",
        "size": 3449,
        "mode": 420
      },
      {
        "path": "packages/experiment-loop/dist/types.js",
        "size": 11,
        "mode": 420
      },
      {
        "path": "packages/frontmatter/dist/fences.d.ts",
        "size": 659,
        "mode": 420
      },
      {
        "path": "packages/frontmatter/dist/fences.js",
        "size": 3226,
        "mode": 420
      },
      {
        "path": "packages/frontmatter/dist/index.d.ts",
        "size": 388,
        "mode": 420
      },
      {
        "path": "packages/frontmatter/dist/index.js",
        "size": 250,
        "mode": 420
      },
      {
        "path": "packages/frontmatter/dist/parse.d.ts",
        "size": 1070,
        "mode": 420
      },
      {
        "path": "packages/frontmatter/dist/parse.js",
        "size": 6661,
        "mode": 420
      },
      {
        "path": "packages/frontmatter/dist/stringify.d.ts",
        "size": 106,
        "mode": 420
      },
      {
        "path": "packages/frontmatter/dist/stringify.js",
        "size": 1599,
        "mode": 420
      },
      {
        "path": "packages/frontmatter/LICENSE",
        "size": 1069,
        "mode": 420
      },
      {
        "path": "packages/frontmatter/package.json",
        "size": 733,
        "mode": 420
      },
      {
        "path": "packages/github-review/dist/command.d.ts",
        "size": 352,
        "mode": 420
      },
      {
        "path": "packages/github-review/dist/command.js",
        "size": 483,
        "mode": 420
      },
      {
        "path": "packages/github-review/dist/diff.d.ts",
        "size": 1014,
        "mode": 420
      },
      {
        "path": "packages/github-review/dist/diff.js",
        "size": 8846,
        "mode": 420
      },
      {
        "path": "packages/github-review/dist/filesystem-name.d.ts",
        "size": 86,
        "mode": 420
      },
      {
        "path": "packages/github-review/dist/filesystem-name.js",
        "size": 469,
        "mode": 420
      },
      {
        "path": "packages/github-review/dist/gh.d.ts",
        "size": 624,
        "mode": 420
      },
      {
        "path": "packages/github-review/dist/gh.js",
        "size": 5818,
        "mode": 420
      },
      {
        "path": "packages/github-review/dist/github-api.d.ts",
        "size": 1388,
        "mode": 420
      },
      {
        "path": "packages/github-review/dist/github-api.js",
        "size": 6038,
        "mode": 420
      },
      {
        "path": "packages/github-review/dist/index.d.ts",
        "size": 1498,
        "mode": 420
      },
      {
        "path": "packages/github-review/dist/index.js",
        "size": 1003,
        "mode": 420
      },
      {
        "path": "packages/github-review/dist/pr-url.d.ts",
        "size": 301,
        "mode": 420
      },
      {
        "path": "packages/github-review/dist/pr-url.js",
        "size": 1862,
        "mode": 420
      },
      {
        "path": "packages/github-review/dist/pull-request.d.ts",
        "size": 1645,
        "mode": 420
      },
      {
        "path": "packages/github-review/dist/pull-request.js",
        "size": 2149,
        "mode": 420
      },
      {
        "path": "packages/github-review/dist/review-history.d.ts",
        "size": 951,
        "mode": 420
      },
      {
        "path": "packages/github-review/dist/review-history.js",
        "size": 13121,
        "mode": 420
      },
      {
        "path": "packages/github-review/dist/review.d.ts",
        "size": 988,
        "mode": 420
      },
      {
        "path": "packages/github-review/dist/review.js",
        "size": 3430,
        "mode": 420
      },
      {
        "path": "packages/github-workflows/dist/commands.d.ts",
        "size": 97,
        "mode": 420
      },
      {
        "path": "packages/github-workflows/dist/commands.js",
        "size": 34816,
        "mode": 420
      },
      {
        "path": "packages/github-workflows/dist/discover.d.ts",
        "size": 378,
        "mode": 420
      },
      {
        "path": "packages/github-workflows/dist/discover.js",
        "size": 9807,
        "mode": 420
      },
      {
        "path": "packages/github-workflows/dist/errors.d.ts",
        "size": 80,
        "mode": 420
      },
      {
        "path": "packages/github-workflows/dist/errors.js",
        "size": 180,
        "mode": 420
      },
      {
        "path": "packages/github-workflows/dist/exec/check-user-allow.d.ts",
        "size": 207,
        "mode": 420
      },
      {
        "path": "packages/github-workflows/dist/exec/check-user-allow.js",
        "size": 631,
        "mode": 420
      },
      {
        "path": "packages/github-workflows/dist/exec/require-comment-prefix.d.ts",
        "size": 201,
        "mode": 420
      },
      {
        "path": "packages/github-workflows/dist/exec/require-comment-prefix.js",
        "size": 793,
        "mode": 420
      },
      {
        "path": "packages/github-workflows/dist/exec/trufflehog-pr-scan.d.ts",
        "size": 1798,
        "mode": 420
      },
      {
        "path": "packages/github-workflows/dist/exec/trufflehog-pr-scan.js",
        "size": 15747,
        "mode": 420
      },
      {
        "path": "packages/github-workflows/dist/frontmatter.d.ts",
        "size": 92,
        "mode": 420
      },
      {
        "path": "packages/github-workflows/dist/frontmatter.js",
        "size": 58,
        "mode": 420
      },
      {
        "path": "packages/github-workflows/dist/index.d.ts",
        "size": 559,
        "mode": 420
      },
      {
        "path": "packages/github-workflows/dist/index.js",
        "size": 479,
        "mode": 420
      },
      {
        "path": "packages/github-workflows/dist/preflight.d.ts",
        "size": 204,
        "mode": 420
      },
      {
        "path": "packages/github-workflows/dist/preflight.js",
        "size": 639,
        "mode": 420
      },
      {
        "path": "packages/github-workflows/dist/prompts/fix-vulnerabilities.md",
        "size": 595,
        "mode": 420
      },
      {
        "path": "packages/github-workflows/dist/prompts/github-issue-comment-created.md",
        "size": 873,
        "mode": 420
      },
      {
        "path": "packages/github-workflows/dist/prompts/github-issue-opened.md",
        "size": 864,
        "mode": 420
      },
      {
        "path": "packages/github-workflows/dist/prompts/github-pull-request-comment-created.md",
        "size": 811,
        "mode": 420
      },
      {
        "path": "packages/github-workflows/dist/prompts/github-pull-request-opened.md",
        "size": 408,
        "mode": 420
      },
      {
        "path": "packages/github-workflows/dist/prompts/github-pull-request-synchronized.md",
        "size": 426,
        "mode": 420
      },
      {
        "path": "packages/github-workflows/dist/prompts/update-dependencies.md",
        "size": 235,
        "mode": 420
      },
      {
        "path": "packages/github-workflows/dist/prompts/update-documentation.md",
        "size": 481,
        "mode": 420
      },
      {
        "path": "packages/github-workflows/dist/sdk-dependency-audit.d.ts",
        "size": 1285,
        "mode": 420
      },
      {
        "path": "packages/github-workflows/dist/sdk-dependency-audit.js",
        "size": 3284,
        "mode": 420
      },
      {
        "path": "packages/github-workflows/dist/setup-agent.d.ts",
        "size": 483,
        "mode": 420
      },
      {
        "path": "packages/github-workflows/dist/setup-agent.js",
        "size": 1508,
        "mode": 420
      },
      {
        "path": "packages/github-workflows/dist/subprocess-timeout.d.ts",
        "size": 58,
        "mode": 420
      },
      {
        "path": "packages/github-workflows/dist/subprocess-timeout.js",
        "size": 60,
        "mode": 420
      },
      {
        "path": "packages/github-workflows/dist/types.d.ts",
        "size": 292,
        "mode": 420
      },
      {
        "path": "packages/github-workflows/dist/types.js",
        "size": 11,
        "mode": 420
      },
      {
        "path": "packages/github-workflows/dist/variables.d.ts",
        "size": 559,
        "mode": 420
      },
      {
        "path": "packages/github-workflows/dist/variables.js",
        "size": 9872,
        "mode": 420
      },
      {
        "path": "packages/github-workflows/dist/variables.yaml",
        "size": 3250,
        "mode": 420
      },
      {
        "path": "packages/github-workflows/dist/workflow-templates/fix-vulnerabilities.caller.yml",
        "size": 563,
        "mode": 420
      },
      {
        "path": "packages/github-workflows/dist/workflow-templates/fix-vulnerabilities.ejected.yml",
        "size": 2311,
        "mode": 420
      },
      {
        "path": "packages/github-workflows/dist/workflow-templates/github-issue-comment-created.caller.yml",
        "size": 1054,
        "mode": 420
      },
      {
        "path": "packages/github-workflows/dist/workflow-templates/github-issue-comment-created.ejected.yml",
        "size": 8164,
        "mode": 420
      },
      {
        "path": "packages/github-workflows/dist/workflow-templates/github-issue-opened.caller.yml",
        "size": 841,
        "mode": 420
      },
      {
        "path": "packages/github-workflows/dist/workflow-templates/github-issue-opened.ejected.yml",
        "size": 4661,
        "mode": 420
      },
      {
        "path": "packages/github-workflows/dist/workflow-templates/github-pull-request-comment-created.caller.yml",
        "size": 1064,
        "mode": 420
      },
      {
        "path": "packages/github-workflows/dist/workflow-templates/github-pull-request-comment-created.ejected.yml",
        "size": 7869,
        "mode": 420
      },
      {
        "path": "packages/github-workflows/dist/workflow-templates/github-pull-request-opened.caller.yml",
        "size": 845,
        "mode": 420
      },
      {
        "path": "packages/github-workflows/dist/workflow-templates/github-pull-request-opened.ejected.yml",
        "size": 4682,
        "mode": 420
      },
      {
        "path": "packages/github-workflows/dist/workflow-templates/github-pull-request-synchronized.caller.yml",
        "size": 728,
        "mode": 420
      },
      {
        "path": "packages/github-workflows/dist/workflow-templates/github-pull-request-synchronized.ejected.yml",
        "size": 4569,
        "mode": 420
      },
      {
        "path": "packages/github-workflows/dist/workflow-templates/maestro-turn.yml",
        "size": 4637,
        "mode": 420
      },
      {
        "path": "packages/github-workflows/dist/workflow-templates/update-dependencies.caller.yml",
        "size": 539,
        "mode": 420
      },
      {
        "path": "packages/github-workflows/dist/workflow-templates/update-dependencies.ejected.yml",
        "size": 2283,
        "mode": 420
      },
      {
        "path": "packages/github-workflows/dist/workflow-templates/update-documentation.caller.yml",
        "size": 541,
        "mode": 420
      },
      {
        "path": "packages/github-workflows/dist/workflow-templates/update-documentation.ejected.yml",
        "size": 2311,
        "mode": 420
      },
      {
        "path": "packages/maestro-tui/dist/actions.d.ts",
        "size": 575,
        "mode": 420
      },
      {
        "path": "packages/maestro-tui/dist/actions.js",
        "size": 2425,
        "mode": 420
      },
      {
        "path": "packages/maestro-tui/dist/explorer-config.d.ts",
        "size": 459,
        "mode": 420
      },
      {
        "path": "packages/maestro-tui/dist/explorer-config.js",
        "size": 5935,
        "mode": 420
      },
      {
        "path": "packages/maestro-tui/dist/index.d.ts",
        "size": 242,
        "mode": 420
      },
      {
        "path": "packages/maestro-tui/dist/index.js",
        "size": 109,
        "mode": 420
      },
      {
        "path": "packages/maestro-tui/dist/run.d.ts",
        "size": 314,
        "mode": 420
      },
      {
        "path": "packages/maestro-tui/dist/run.js",
        "size": 1264,
        "mode": 420
      },
      {
        "path": "packages/maestro/dist/__test_utils__/event-collector.d.ts",
        "size": 419,
        "mode": 420
      },
      {
        "path": "packages/maestro/dist/__test_utils__/event-collector.js",
        "size": 1401,
        "mode": 420
      },
      {
        "path": "packages/maestro/dist/__test_utils__/fixtures.d.ts",
        "size": 1690,
        "mode": 420
      },
      {
        "path": "packages/maestro/dist/__test_utils__/fixtures.js",
        "size": 5057,
        "mode": 420
      },
      {
        "path": "packages/maestro/dist/__test_utils__/index.d.ts",
        "size": 798,
        "mode": 420
      },
      {
        "path": "packages/maestro/dist/__test_utils__/index.js",
        "size": 369,
        "mode": 420
      },
      {
        "path": "packages/maestro/dist/__test_utils__/mock-spawn.d.ts",
        "size": 1896,
        "mode": 420
      },
      {
        "path": "packages/maestro/dist/__test_utils__/mock-spawn.js",
        "size": 13818,
        "mode": 420
      },
      {
        "path": "packages/maestro/dist/__test_utils__/mock-task-list.d.ts",
        "size": 2546,
        "mode": 420
      },
      {
        "path": "packages/maestro/dist/__test_utils__/mock-task-list.js",
        "size": 22125,
        "mode": 420
      },
      {
        "path": "packages/maestro/dist/agent/runner.d.ts",
        "size": 1631,
        "mode": 420
      },
      {
        "path": "packages/maestro/dist/agent/runner.js",
        "size": 1380,
        "mode": 420
      },
      {
        "path": "packages/maestro/dist/config/load.d.ts",
        "size": 479,
        "mode": 420
      },
      {
        "path": "packages/maestro/dist/config/load.js",
        "size": 3859,
        "mode": 420
      },
      {
        "path": "packages/maestro/dist/config/schema.d.ts",
        "size": 921,
        "mode": 420
      },
      {
        "path": "packages/maestro/dist/config/schema.js",
        "size": 8418,
        "mode": 420
      },
      {
        "path": "packages/maestro/dist/config/task-list.d.ts",
        "size": 281,
        "mode": 420
      },
      {
        "path": "packages/maestro/dist/config/task-list.js",
        "size": 1320,
        "mode": 420
      },
      {
        "path": "packages/maestro/dist/config/validate.d.ts",
        "size": 1179,
        "mode": 420
      },
      {
        "path": "packages/maestro/dist/config/validate.js",
        "size": 6873,
        "mode": 420
      },
      {
        "path": "packages/maestro/dist/drivers/experiment.d.ts",
        "size": 247,
        "mode": 420
      },
      {
        "path": "packages/maestro/dist/drivers/experiment.js",
        "size": 147,
        "mode": 420
      },
      {
        "path": "packages/maestro/dist/drivers/harness.d.ts",
        "size": 233,
        "mode": 420
      },
      {
        "path": "packages/maestro/dist/drivers/harness.js",
        "size": 141,
        "mode": 420
      },
      {
        "path": "packages/maestro/dist/drivers/index.d.ts",
        "size": 196,
        "mode": 420
      },
      {
        "path": "packages/maestro/dist/drivers/index.js",
        "size": 478,
        "mode": 420
      },
      {
        "path": "packages/maestro/dist/drivers/kind.d.ts",
        "size": 127,
        "mode": 420
      },
      {
        "path": "packages/maestro/dist/drivers/kind.js",
        "size": 1485,
        "mode": 420
      },
      {
        "path": "packages/maestro/dist/drivers/pipeline.d.ts",
        "size": 103,
        "mode": 420
      },
      {
        "path": "packages/maestro/dist/drivers/pipeline.js",
        "size": 6727,
        "mode": 420
      },
      {
        "path": "packages/maestro/dist/drivers/ralph.d.ts",
        "size": 377,
        "mode": 420
      },
      {
        "path": "packages/maestro/dist/drivers/ralph.js",
        "size": 7311,
        "mode": 420
      },
      {
        "path": "packages/maestro/dist/drivers/registry.d.ts",
        "size": 255,
        "mode": 420
      },
      {
        "path": "packages/maestro/dist/drivers/registry.js",
        "size": 473,
        "mode": 420
      },
      {
        "path": "packages/maestro/dist/drivers/superintendent.d.ts",
        "size": 234,
        "mode": 420
      },
      {
        "path": "packages/maestro/dist/drivers/superintendent.js",
        "size": 155,
        "mode": 420
      },
      {
        "path": "packages/maestro/dist/drivers/types.d.ts",
        "size": 969,
        "mode": 420
      },
      {
        "path": "packages/maestro/dist/drivers/types.js",
        "size": 11,
        "mode": 420
      },
      {
        "path": "packages/maestro/dist/drivers/unsupported.d.ts",
        "size": 137,
        "mode": 420
      },
      {
        "path": "packages/maestro/dist/drivers/unsupported.js",
        "size": 957,
        "mode": 420
      },
      {
        "path": "packages/maestro/dist/error-codes.d.ts",
        "size": 103,
        "mode": 420
      },
      {
        "path": "packages/maestro/dist/error-codes.js",
        "size": 209,
        "mode": 420
      },
      {
        "path": "packages/maestro/dist/index.d.ts",
        "size": 3980,
        "mode": 420
      },
      {
        "path": "packages/maestro/dist/index.js",
        "size": 12108,
        "mode": 420
      },
      {
        "path": "packages/maestro/dist/prompt/render.d.ts",
        "size": 535,
        "mode": 420
      },
      {
        "path": "packages/maestro/dist/prompt/render.js",
        "size": 2633,
        "mode": 420
      },
      {
        "path": "packages/maestro/dist/runtime/advance.d.ts",
        "size": 561,
        "mode": 420
      },
      {
        "path": "packages/maestro/dist/runtime/advance.js",
        "size": 508,
        "mode": 420
      },
      {
        "path": "packages/maestro/dist/runtime/loop.d.ts",
        "size": 2441,
        "mode": 420
      },
      {
        "path": "packages/maestro/dist/runtime/loop.js",
        "size": 10734,
        "mode": 420
      },
      {
        "path": "packages/maestro/dist/runtime/phases.d.ts",
        "size": 722,
        "mode": 420
      },
      {
        "path": "packages/maestro/dist/runtime/phases.js",
        "size": 1631,
        "mode": 420
      },
      {
        "path": "packages/maestro/dist/runtime/reconcile.d.ts",
        "size": 907,
        "mode": 420
      },
      {
        "path": "packages/maestro/dist/runtime/reconcile.js",
        "size": 2846,
        "mode": 420
      },
      {
        "path": "packages/maestro/dist/runtime/retry.d.ts",
        "size": 599,
        "mode": 420
      },
      {
        "path": "packages/maestro/dist/runtime/retry.js",
        "size": 1149,
        "mode": 420
      },
      {
        "path": "packages/maestro/dist/runtime/sanitize.d.ts",
        "size": 171,
        "mode": 420
      },
      {
        "path": "packages/maestro/dist/runtime/sanitize.js",
        "size": 2340,
        "mode": 420
      },
      {
        "path": "packages/maestro/dist/runtime/state.d.ts",
        "size": 1060,
        "mode": 420
      },
      {
        "path": "packages/maestro/dist/runtime/state.js",
        "size": 1264,
        "mode": 420
      },
      {
        "path": "packages/maestro/dist/state-machine.d.ts",
        "size": 375,
        "mode": 420
      },
      {
        "path": "packages/maestro/dist/state-machine.js",
        "size": 775,
        "mode": 420
      },
      {
        "path": "packages/maestro/dist/tick-command.d.ts",
        "size": 533,
        "mode": 420
      },
      {
        "path": "packages/maestro/dist/tick-command.js",
        "size": 3537,
        "mode": 420
      },
      {
        "path": "packages/maestro/dist/workflow-path.d.ts",
        "size": 92,
        "mode": 420
      },
      {
        "path": "packages/maestro/dist/workflow-path.js",
        "size": 1042,
        "mode": 420
      },
      {
        "path": "packages/maestro/dist/workspace/manager.d.ts",
        "size": 414,
        "mode": 420
      },
      {
        "path": "packages/maestro/dist/workspace/manager.js",
        "size": 5854,
        "mode": 420
      },
      {
        "path": "packages/markdown-reader/dist/core/document.d.ts",
        "size": 688,
        "mode": 420
      },
      {
        "path": "packages/markdown-reader/dist/core/document.js",
        "size": 2882,
        "mode": 420
      },
      {
        "path": "packages/markdown-reader/dist/core/read-markdown.d.ts",
        "size": 911,
        "mode": 420
      },
      {
        "path": "packages/markdown-reader/dist/core/read-markdown.js",
        "size": 997,
        "mode": 420
      },
      {
        "path": "packages/markdown-reader/dist/core/read-section.d.ts",
        "size": 566,
        "mode": 420
      },
      {
        "path": "packages/markdown-reader/dist/core/read-section.js",
        "size": 1011,
        "mode": 420
      },
      {
        "path": "packages/markdown-reader/dist/core/resolve.d.ts",
        "size": 124,
        "mode": 420
      },
      {
        "path": "packages/markdown-reader/dist/core/resolve.js",
        "size": 1026,
        "mode": 420
      },
      {
        "path": "packages/markdown-reader/dist/core/scan.d.ts",
        "size": 260,
        "mode": 420
      },
      {
        "path": "packages/markdown-reader/dist/core/scan.js",
        "size": 4559,
        "mode": 420
      },
      {
        "path": "packages/markdown-reader/dist/error-codes.d.ts",
        "size": 66,
        "mode": 420
      },
      {
        "path": "packages/markdown-reader/dist/error-codes.js",
        "size": 225,
        "mode": 420
      },
      {
        "path": "packages/markdown-reader/dist/index.d.ts",
        "size": 392,
        "mode": 420
      },
      {
        "path": "packages/markdown-reader/dist/index.js",
        "size": 211,
        "mode": 420
      },
      {
        "path": "packages/markdown-reader/dist/mcp/group.d.ts",
        "size": 2320,
        "mode": 420
      },
      {
        "path": "packages/markdown-reader/dist/mcp/group.js",
        "size": 295,
        "mode": 420
      },
      {
        "path": "packages/markdown-reader/dist/mcp/run.d.ts",
        "size": 63,
        "mode": 420
      },
      {
        "path": "packages/markdown-reader/dist/mcp/run.js",
        "size": 351,
        "mode": 420
      },
      {
        "path": "packages/markdown-reader/dist/mcp/tools.d.ts",
        "size": 2175,
        "mode": 420
      },
      {
        "path": "packages/markdown-reader/dist/mcp/tools.js",
        "size": 1711,
        "mode": 420
      },
      {
        "path": "packages/mcp-oauth/dist/client/auth-store-session-store.d.ts",
        "size": 644,
        "mode": 420
      },
      {
        "path": "packages/mcp-oauth/dist/client/auth-store-session-store.js",
        "size": 6935,
        "mode": 420
      },
      {
        "path": "packages/mcp-oauth/dist/client/authorization-state.d.ts",
        "size": 249,
        "mode": 420
      },
      {
        "path": "packages/mcp-oauth/dist/client/authorization-state.js",
        "size": 1481,
        "mode": 420
      },
      {
        "path": "packages/mcp-oauth/dist/client/default-oauth-client-provider.d.ts",
        "size": 350,
        "mode": 420
      },
      {
        "path": "packages/mcp-oauth/dist/client/default-oauth-client-provider.js",
        "size": 27541,
        "mode": 420
      },
      {
        "path": "packages/mcp-oauth/dist/client/loopback-authorization.d.ts",
        "size": 795,
        "mode": 420
      },
      {
        "path": "packages/mcp-oauth/dist/client/loopback-authorization.js",
        "size": 8392,
        "mode": 420
      },
      {
        "path": "packages/mcp-oauth/dist/client/pkce.d.ts",
        "size": 129,
        "mode": 420
      },
      {
        "path": "packages/mcp-oauth/dist/client/pkce.js",
        "size": 263,
        "mode": 420
      },
      {
        "path": "packages/mcp-oauth/dist/client/token-endpoint.d.ts",
        "size": 1373,
        "mode": 420
      },
      {
        "path": "packages/mcp-oauth/dist/client/token-endpoint.js",
        "size": 6051,
        "mode": 420
      },
      {
        "path": "packages/mcp-oauth/dist/client/types.d.ts",
        "size": 3430,
        "mode": 420
      },
      {
        "path": "packages/mcp-oauth/dist/client/types.js",
        "size": 11,
        "mode": 420
      },
      {
        "path": "packages/mcp-oauth/dist/index.d.ts",
        "size": 1230,
        "mode": 420
      },
      {
        "path": "packages/mcp-oauth/dist/index.js",
        "size": 626,
        "mode": 420
      },
      {
        "path": "packages/mcp-oauth/dist/resource-indicator.d.ts",
        "size": 84,
        "mode": 420
      },
      {
        "path": "packages/mcp-oauth/dist/resource-indicator.js",
        "size": 302,
        "mode": 420
      },
      {
        "path": "packages/mcp-oauth/dist/server/jwks-token-verifier.d.ts",
        "size": 961,
        "mode": 420
      },
      {
        "path": "packages/mcp-oauth/dist/server/jwks-token-verifier.js",
        "size": 13959,
        "mode": 420
      },
      {
        "path": "packages/mcp-oauth/dist/types.compile-check.d.ts",
        "size": 11,
        "mode": 420
      },
      {
        "path": "packages/mcp-oauth/dist/types.compile-check.js",
        "size": 573,
        "mode": 420
      },
      {
        "path": "packages/mcp-oauth/LICENSE",
        "size": 1069,
        "mode": 420
      },
      {
        "path": "packages/memory/dist/agent-response.d.ts",
        "size": 442,
        "mode": 420
      },
      {
        "path": "packages/memory/dist/agent-response.js",
        "size": 2684,
        "mode": 420
      },
      {
        "path": "packages/memory/dist/atomic-write.d.ts",
        "size": 95,
        "mode": 420
      },
      {
        "path": "packages/memory/dist/atomic-write.js",
        "size": 745,
        "mode": 420
      },
      {
        "path": "packages/memory/dist/audit.d.ts",
        "size": 385,
        "mode": 420
      },
      {
        "path": "packages/memory/dist/audit.js",
        "size": 6413,
        "mode": 420
      },
      {
        "path": "packages/memory/dist/cache.cli.d.ts",
        "size": 414,
        "mode": 420
      },
      {
        "path": "packages/memory/dist/cache.cli.js",
        "size": 1453,
        "mode": 420
      },
      {
        "path": "packages/memory/dist/cache.d.ts",
        "size": 705,
        "mode": 420
      },
      {
        "path": "packages/memory/dist/cache.js",
        "size": 7184,
        "mode": 420
      },
      {
        "path": "packages/memory/dist/confidence.d.ts",
        "size": 231,
        "mode": 420
      },
      {
        "path": "packages/memory/dist/confidence.js",
        "size": 8061,
        "mode": 420
      },
      {
        "path": "packages/memory/dist/corpus/001-archaeoastronomy.md",
        "size": 244022,
        "mode": 420
      },
      {
        "path": "packages/memory/dist/corpus/002-magnetohydrodynamics.md",
        "size": 243369,
        "mode": 420
      },
      {
        "path": "packages/memory/dist/corpus/003-biosemiotics.md",
        "size": 244624,
        "mode": 420
      },
      {
        "path": "packages/memory/dist/corpus/004-cryopedology.md",
        "size": 244621,
        "mode": 420
      },
      {
        "path": "packages/memory/dist/corpus/005-geomicrobiology.md",
        "size": 244175,
        "mode": 420
      },
      {
        "path": "packages/memory/dist/corpus/006-aeronomy.md",
        "size": 245281,
        "mode": 420
      },
      {
        "path": "packages/memory/dist/corpus/007-paleoclimatology.md",
        "size": 244025,
        "mode": 420
      },
      {
        "path": "packages/memory/dist/corpus/008-hydrogeophysics.md",
        "size": 243724,
        "mode": 420
      },
      {
        "path": "packages/memory/dist/corpus/009-magnetostratigraphy.md",
        "size": 243074,
        "mode": 420
      },
      {
        "path": "packages/memory/dist/corpus/010-isotope-hydrology.md",
        "size": 243902,
        "mode": 420
      },
      {
        "path": "packages/memory/dist/corpus/011-speleothem-geochemistry.md",
        "size": 242131,
        "mode": 420
      },
      {
        "path": "packages/memory/dist/corpus/012-astrobiogeochemistry.md",
        "size": 243369,
        "mode": 420
      },
      {
        "path": "packages/memory/dist/corpus/013-neuroethology.md",
        "size": 244921,
        "mode": 420
      },
      {
        "path": "packages/memory/dist/corpus/014-chronophysiology.md",
        "size": 245824,
        "mode": 420
      },
      {
        "path": "packages/memory/dist/corpus/015-limnogeochemistry.md",
        "size": 242482,
        "mode": 420
      },
      {
        "path": "packages/memory/dist/corpus/016-palynology.md",
        "size": 244024,
        "mode": 420
      },
      {
        "path": "packages/memory/dist/corpus/017-volcanotectonics.md",
        "size": 240858,
        "mode": 420
      },
      {
        "path": "packages/memory/dist/corpus/018-seismotectonics.md",
        "size": 240109,
        "mode": 420
      },
      {
        "path": "packages/memory/dist/corpus/019-biogeomorphology.md",
        "size": 242186,
        "mode": 420
      },
      {
        "path": "packages/memory/dist/corpus/020-geobiophysics.md",
        "size": 243131,
        "mode": 420
      },
      {
        "path": "packages/memory/dist/corpus/021-phytolith-analysis.md",
        "size": 244194,
        "mode": 420
      },
      {
        "path": "packages/memory/dist/corpus/022-archaeometallurgy.md",
        "size": 244320,
        "mode": 420
      },
      {
        "path": "packages/memory/dist/corpus/023-paleomagnetism.md",
        "size": 243429,
        "mode": 420
      },
      {
        "path": "packages/memory/dist/corpus/024-biocalorimetry.md",
        "size": 241594,
        "mode": 420
      },
      {
        "path": "packages/memory/dist/corpus/025-atmospheric-chemiluminescence.md",
        "size": 243845,
        "mode": 420
      },
      {
        "path": "packages/memory/dist/corpus/026-cryoseismology.md",
        "size": 243426,
        "mode": 420
      },
      {
        "path": "packages/memory/dist/corpus/027-extremophile-radiobiology.md",
        "size": 243130,
        "mode": 420
      },
      {
        "path": "packages/memory/dist/corpus/028-heliophysics.md",
        "size": 242833,
        "mode": 420
      },
      {
        "path": "packages/memory/dist/corpus/029-astroparticle-geophysics.md",
        "size": 242418,
        "mode": 420
      },
      {
        "path": "packages/memory/dist/corpus/030-glaciohydrology.md",
        "size": 243727,
        "mode": 420
      },
      {
        "path": "packages/memory/dist/corpus/031-permafrost-microbiology.md",
        "size": 243859,
        "mode": 420
      },
      {
        "path": "packages/memory/dist/corpus/032-ecoacoustics.md",
        "size": 242830,
        "mode": 420
      },
      {
        "path": "packages/memory/dist/corpus/033-dendroclimatology.md",
        "size": 241152,
        "mode": 420
      },
      {
        "path": "packages/memory/dist/corpus/034-ionospheric-tomography.md",
        "size": 243571,
        "mode": 420
      },
      {
        "path": "packages/memory/dist/corpus/035-marine-geodesy.md",
        "size": 243018,
        "mode": 420
      },
      {
        "path": "packages/memory/dist/corpus/036-sedimentary-ancient-dna.md",
        "size": 245795,
        "mode": 420
      },
      {
        "path": "packages/memory/dist/corpus/037-myrmecochory-dynamics.md",
        "size": 241557,
        "mode": 420
      },
      {
        "path": "packages/memory/dist/corpus/038-chemosensory-ecology.md",
        "size": 242987,
        "mode": 420
      },
      {
        "path": "packages/memory/dist/corpus/039-spintronics-materials.md",
        "size": 245262,
        "mode": 420
      },
      {
        "path": "packages/memory/dist/corpus/040-nanotoxicology.md",
        "size": 245221,
        "mode": 420
      },
      {
        "path": "packages/memory/dist/corpus/041-cosmochemistry.md",
        "size": 245224,
        "mode": 420
      },
      {
        "path": "packages/memory/dist/corpus/042-quaternary-geochronology.md",
        "size": 240671,
        "mode": 420
      },
      {
        "path": "packages/memory/dist/corpus/043-biophotonics.md",
        "size": 242833,
        "mode": 420
      },
      {
        "path": "packages/memory/dist/corpus/044-evolutionary-morphometrics.md",
        "size": 246939,
        "mode": 420
      },
      {
        "path": "packages/memory/dist/corpus/045-cryovolcanology.md",
        "size": 241889,
        "mode": 420
      },
      {
        "path": "packages/memory/dist/corpus/046-exoplanet-atmospheric-dynamics.md",
        "size": 245546,
        "mode": 420
      },
      {
        "path": "packages/memory/dist/corpus/047-microbial-electrosynthesis.md",
        "size": 245148,
        "mode": 420
      },
      {
        "path": "packages/memory/dist/corpus/048-paleoseismology.md",
        "size": 243727,
        "mode": 420
      },
      {
        "path": "packages/memory/dist/corpus/049-actinide-geochemistry.md",
        "size": 243279,
        "mode": 420
      },
      {
        "path": "packages/memory/dist/corpus/050-quantum-biology.md",
        "size": 246899,
        "mode": 420
      },
      {
        "path": "packages/memory/dist/edit.d.ts",
        "size": 364,
        "mode": 420
      },
      {
        "path": "packages/memory/dist/edit.js",
        "size": 1724,
        "mode": 420
      },
      {
        "path": "packages/memory/dist/errors.d.ts",
        "size": 80,
        "mode": 420
      },
      {
        "path": "packages/memory/dist/errors.js",
        "size": 209,
        "mode": 420
      },
      {
        "path": "packages/memory/dist/explain.cli.d.ts",
        "size": 206,
        "mode": 420
      },
      {
        "path": "packages/memory/dist/explain.cli.js",
        "size": 228,
        "mode": 420
      },
      {
        "path": "packages/memory/dist/explain.d.ts",
        "size": 280,
        "mode": 420
      },
      {
        "path": "packages/memory/dist/explain.js",
        "size": 3675,
        "mode": 420
      },
      {
        "path": "packages/memory/dist/frontmatter.d.ts",
        "size": 472,
        "mode": 420
      },
      {
        "path": "packages/memory/dist/frontmatter.js",
        "size": 6165,
        "mode": 420
      },
      {
        "path": "packages/memory/dist/handle.d.ts",
        "size": 1533,
        "mode": 420
      },
      {
        "path": "packages/memory/dist/handle.js",
        "size": 2034,
        "mode": 420
      },
      {
        "path": "packages/memory/dist/index.d.ts",
        "size": 1731,
        "mode": 420
      },
      {
        "path": "packages/memory/dist/index.js",
        "size": 602778,
        "mode": 420
      },
      {
        "path": "packages/memory/dist/index.js.map",
        "size": 1681136,
        "mode": 420
      },
      {
        "path": "packages/memory/dist/ingest.d.ts",
        "size": 715,
        "mode": 420
      },
      {
        "path": "packages/memory/dist/ingest.js",
        "size": 5693,
        "mode": 420
      },
      {
        "path": "packages/memory/dist/init.d.ts",
        "size": 115,
        "mode": 420
      },
      {
        "path": "packages/memory/dist/init.js",
        "size": 1993,
        "mode": 420
      },
      {
        "path": "packages/memory/dist/install.d.ts",
        "size": 779,
        "mode": 420
      },
      {
        "path": "packages/memory/dist/install.js",
        "size": 3003,
        "mode": 420
      },
      {
        "path": "packages/memory/dist/mcp.d.ts",
        "size": 342,
        "mode": 420
      },
      {
        "path": "packages/memory/dist/mcp.js",
        "size": 4796,
        "mode": 420
      },
      {
        "path": "packages/memory/dist/pages.d.ts",
        "size": 415,
        "mode": 420
      },
      {
        "path": "packages/memory/dist/pages.js",
        "size": 4147,
        "mode": 420
      },
      {
        "path": "packages/memory/dist/paths.d.ts",
        "size": 750,
        "mode": 420
      },
      {
        "path": "packages/memory/dist/paths.js",
        "size": 3360,
        "mode": 420
      },
      {
        "path": "packages/memory/dist/query.d.ts",
        "size": 533,
        "mode": 420
      },
      {
        "path": "packages/memory/dist/query.js",
        "size": 5130,
        "mode": 420
      },
      {
        "path": "packages/memory/dist/reconcile.d.ts",
        "size": 617,
        "mode": 420
      },
      {
        "path": "packages/memory/dist/reconcile.js",
        "size": 7401,
        "mode": 420
      },
      {
        "path": "packages/memory/dist/resolve-root.d.ts",
        "size": 498,
        "mode": 420
      },
      {
        "path": "packages/memory/dist/resolve-root.js",
        "size": 1418,
        "mode": 420
      },
      {
        "path": "packages/memory/dist/search.d.ts",
        "size": 150,
        "mode": 420
      },
      {
        "path": "packages/memory/dist/search.js",
        "size": 1116,
        "mode": 420
      },
      {
        "path": "packages/memory/dist/status.d.ts",
        "size": 217,
        "mode": 420
      },
      {
        "path": "packages/memory/dist/status.js",
        "size": 1773,
        "mode": 420
      },
      {
        "path": "packages/memory/dist/tokens.d.ts",
        "size": 140,
        "mode": 420
      },
      {
        "path": "packages/memory/dist/tokens.js",
        "size": 2853,
        "mode": 420
      },
      {
        "path": "packages/memory/dist/types.d.ts",
        "size": 3069,
        "mode": 420
      },
      {
        "path": "packages/memory/dist/types.js",
        "size": 11,
        "mode": 420
      },
      {
        "path": "packages/memory/dist/write.d.ts",
        "size": 458,
        "mode": 420
      },
      {
        "path": "packages/memory/dist/write.js",
        "size": 4119,
        "mode": 420
      },
      {
        "path": "packages/opencode-poe-auth/dist/index.d.ts",
        "size": 119,
        "mode": 420
      },
      {
        "path": "packages/opencode-poe-auth/dist/index.js",
        "size": 119,
        "mode": 420
      },
      {
        "path": "packages/opencode-poe-auth/dist/poe-auth-plugin.d.ts",
        "size": 169,
        "mode": 420
      },
      {
        "path": "packages/opencode-poe-auth/dist/poe-auth-plugin.js",
        "size": 4341,
        "mode": 420
      },
      {
        "path": "packages/opencode-poe-auth/LICENSE",
        "size": 1069,
        "mode": 420
      },
      {
        "path": "packages/package-lint/dist/bundle-policy.d.ts",
        "size": 8110,
        "mode": 420
      },
      {
        "path": "packages/package-lint/dist/bundle-policy.js",
        "size": 19538,
        "mode": 420
      },
      {
        "path": "packages/package-lint/dist/cli.d.ts",
        "size": 31,
        "mode": 420
      },
      {
        "path": "packages/package-lint/dist/cli.js",
        "size": 2294,
        "mode": 420
      },
      {
        "path": "packages/package-lint/dist/index.d.ts",
        "size": 228,
        "mode": 420
      },
      {
        "path": "packages/package-lint/dist/index.js",
        "size": 228,
        "mode": 420
      },
      {
        "path": "packages/package-lint/dist/model.d.ts",
        "size": 6229,
        "mode": 420
      },
      {
        "path": "packages/package-lint/dist/model.js",
        "size": 20383,
        "mode": 420
      },
      {
        "path": "packages/package-lint/dist/native-assets.d.ts",
        "size": 1359,
        "mode": 420
      },
      {
        "path": "packages/package-lint/dist/native-assets.js",
        "size": 19951,
        "mode": 420
      },
      {
        "path": "packages/package-lint/dist/node-builtins.d.ts",
        "size": 67,
        "mode": 420
      },
      {
        "path": "packages/package-lint/dist/node-builtins.js",
        "size": 2795,
        "mode": 420
      },
      {
        "path": "packages/package-lint/dist/packlist.d.ts",
        "size": 723,
        "mode": 420
      },
      {
        "path": "packages/package-lint/dist/packlist.js",
        "size": 3257,
        "mode": 420
      },
      {
        "path": "packages/package-lint/dist/report.d.ts",
        "size": 162,
        "mode": 420
      },
      {
        "path": "packages/package-lint/dist/report.js",
        "size": 2934,
        "mode": 420
      },
      {
        "path": "packages/package-lint/dist/rules/bundle-self-contained.d.ts",
        "size": 347,
        "mode": 420
      },
      {
        "path": "packages/package-lint/dist/rules/bundle-self-contained.js",
        "size": 1420,
        "mode": 420
      },
      {
        "path": "packages/package-lint/dist/rules/bundled-transitive-npm-dep-unbundled.d.ts",
        "size": 614,
        "mode": 420
      },
      {
        "path": "packages/package-lint/dist/rules/bundled-transitive-npm-dep-unbundled.js",
        "size": 3006,
        "mode": 420
      },
      {
        "path": "packages/package-lint/dist/rules/exports-subpath-resolvable.d.ts",
        "size": 470,
        "mode": 420
      },
      {
        "path": "packages/package-lint/dist/rules/exports-subpath-resolvable.js",
        "size": 3830,
        "mode": 420
      },
      {
        "path": "packages/package-lint/dist/rules/imported-workspace-dep-unresolvable.d.ts",
        "size": 631,
        "mode": 420
      },
      {
        "path": "packages/package-lint/dist/rules/imported-workspace-dep-unresolvable.js",
        "size": 3059,
        "mode": 420
      },
      {
        "path": "packages/package-lint/dist/rules/index.d.ts",
        "size": 221,
        "mode": 420
      },
      {
        "path": "packages/package-lint/dist/rules/index.js",
        "size": 3047,
        "mode": 420
      },
      {
        "path": "packages/package-lint/dist/rules/lockstep-release-group-valid.d.ts",
        "size": 95,
        "mode": 420
      },
      {
        "path": "packages/package-lint/dist/rules/lockstep-release-group-valid.js",
        "size": 4144,
        "mode": 420
      },
      {
        "path": "packages/package-lint/dist/rules/no-cross-package-relative-import.d.ts",
        "size": 390,
        "mode": 420
      },
      {
        "path": "packages/package-lint/dist/rules/no-cross-package-relative-import.js",
        "size": 2309,
        "mode": 420
      },
      {
        "path": "packages/package-lint/dist/rules/no-import-attributes-in-shipped-source.d.ts",
        "size": 560,
        "mode": 420
      },
      {
        "path": "packages/package-lint/dist/rules/no-import-attributes-in-shipped-source.js",
        "size": 2088,
        "mode": 420
      },
      {
        "path": "packages/package-lint/dist/rules/no-published-to-private-dep.d.ts",
        "size": 385,
        "mode": 420
      },
      {
        "path": "packages/package-lint/dist/rules/no-published-to-private-dep.js",
        "size": 5206,
        "mode": 420
      },
      {
        "path": "packages/package-lint/dist/rules/package-readme-required.d.ts",
        "size": 91,
        "mode": 420
      },
      {
        "path": "packages/package-lint/dist/rules/package-readme-required.js",
        "size": 697,
        "mode": 420
      },
      {
        "path": "packages/package-lint/dist/rules/public-needs-publish-wiring.d.ts",
        "size": 495,
        "mode": 420
      },
      {
        "path": "packages/package-lint/dist/rules/public-needs-publish-wiring.js",
        "size": 1527,
        "mode": 420
      },
      {
        "path": "packages/package-lint/dist/rules/published-bin-must-be-executable.d.ts",
        "size": 625,
        "mode": 420
      },
      {
        "path": "packages/package-lint/dist/rules/published-bin-must-be-executable.js",
        "size": 2513,
        "mode": 420
      },
      {
        "path": "packages/package-lint/dist/rules/published-dep-needs-version-range.d.ts",
        "size": 293,
        "mode": 420
      },
      {
        "path": "packages/package-lint/dist/rules/published-dep-needs-version-range.js",
        "size": 3671,
        "mode": 420
      },
      {
        "path": "packages/package-lint/dist/rules/published-license-required.d.ts",
        "size": 94,
        "mode": 420
      },
      {
        "path": "packages/package-lint/dist/rules/published-license-required.js",
        "size": 1397,
        "mode": 420
      },
      {
        "path": "packages/package-lint/dist/rules/release-workflow-maps-to-package.d.ts",
        "size": 256,
        "mode": 420
      },
      {
        "path": "packages/package-lint/dist/rules/release-workflow-maps-to-package.js",
        "size": 1376,
        "mode": 420
      },
      {
        "path": "packages/package-lint/dist/rules/runtime-file-assets-collocated.d.ts",
        "size": 97,
        "mode": 420
      },
      {
        "path": "packages/package-lint/dist/rules/runtime-file-assets-collocated.js",
        "size": 1102,
        "mode": 420
      },
      {
        "path": "packages/package-lint/dist/rules/runtime-file-assets-packaged.d.ts",
        "size": 95,
        "mode": 420
      },
      {
        "path": "packages/package-lint/dist/rules/runtime-file-assets-packaged.js",
        "size": 5857,
        "mode": 420
      },
      {
        "path": "packages/package-lint/dist/rules/shipped-dist-deps-unresolvable.d.ts",
        "size": 411,
        "mode": 420
      },
      {
        "path": "packages/package-lint/dist/rules/shipped-dist-deps-unresolvable.js",
        "size": 3208,
        "mode": 420
      },
      {
        "path": "packages/package-lint/dist/runtime-files.d.ts",
        "size": 888,
        "mode": 420
      },
      {
        "path": "packages/package-lint/dist/runtime-files.js",
        "size": 16011,
        "mode": 420
      },
      {
        "path": "packages/package-lint/dist/source-files.d.ts",
        "size": 955,
        "mode": 420
      },
      {
        "path": "packages/package-lint/dist/source-files.js",
        "size": 8653,
        "mode": 420
      },
      {
        "path": "packages/package-lint/dist/source-imports.d.ts",
        "size": 2015,
        "mode": 420
      },
      {
        "path": "packages/package-lint/dist/source-imports.js",
        "size": 9549,
        "mode": 420
      },
      {
        "path": "packages/pipeline/dist/config/loader.d.ts",
        "size": 563,
        "mode": 420
      },
      {
        "path": "packages/pipeline/dist/config/loader.js",
        "size": 12738,
        "mode": 420
      },
      {
        "path": "packages/pipeline/dist/error-codes.d.ts",
        "size": 80,
        "mode": 420
      },
      {
        "path": "packages/pipeline/dist/error-codes.js",
        "size": 180,
        "mode": 420
      },
      {
        "path": "packages/pipeline/dist/index.d.ts",
        "size": 1213,
        "mode": 420
      },
      {
        "path": "packages/pipeline/dist/index.js",
        "size": 742,
        "mode": 420
      },
      {
        "path": "packages/pipeline/dist/plan/discovery.d.ts",
        "size": 1856,
        "mode": 420
      },
      {
        "path": "packages/pipeline/dist/plan/discovery.js",
        "size": 5852,
        "mode": 420
      },
      {
        "path": "packages/pipeline/dist/plan/lock.d.ts",
        "size": 340,
        "mode": 420
      },
      {
        "path": "packages/pipeline/dist/plan/lock.js",
        "size": 2579,
        "mode": 420
      },
      {
        "path": "packages/pipeline/dist/plan/parser.d.ts",
        "size": 1065,
        "mode": 420
      },
      {
        "path": "packages/pipeline/dist/plan/parser.js",
        "size": 18847,
        "mode": 420
      },
      {
        "path": "packages/pipeline/dist/plan/writer.d.ts",
        "size": 771,
        "mode": 420
      },
      {
        "path": "packages/pipeline/dist/plan/writer.js",
        "size": 8322,
        "mode": 420
      },
      {
        "path": "packages/pipeline/dist/run/pipeline.d.ts",
        "size": 168,
        "mode": 420
      },
      {
        "path": "packages/pipeline/dist/run/pipeline.js",
        "size": 21814,
        "mode": 420
      },
      {
        "path": "packages/pipeline/dist/run/runner.d.ts",
        "size": 597,
        "mode": 420
      },
      {
        "path": "packages/pipeline/dist/run/runner.js",
        "size": 2787,
        "mode": 420
      },
      {
        "path": "packages/pipeline/dist/testing/simulation.d.ts",
        "size": 2086,
        "mode": 420
      },
      {
        "path": "packages/pipeline/dist/testing/simulation.js",
        "size": 7649,
        "mode": 420
      },
      {
        "path": "packages/pipeline/dist/types.d.ts",
        "size": 5174,
        "mode": 420
      },
      {
        "path": "packages/pipeline/dist/types.js",
        "size": 69,
        "mode": 420
      },
      {
        "path": "packages/pipeline/dist/utils.d.ts",
        "size": 559,
        "mode": 420
      },
      {
        "path": "packages/pipeline/dist/utils.js",
        "size": 959,
        "mode": 420
      },
      {
        "path": "packages/pipeline/dist/vars/interpolate.d.ts",
        "size": 125,
        "mode": 420
      },
      {
        "path": "packages/pipeline/dist/vars/interpolate.js",
        "size": 691,
        "mode": 420
      },
      {
        "path": "packages/pipeline/dist/vars/resolve.d.ts",
        "size": 244,
        "mode": 420
      },
      {
        "path": "packages/pipeline/dist/vars/resolve.js",
        "size": 2081,
        "mode": 420
      },
      {
        "path": "packages/pipeline/dist/vars/validate.d.ts",
        "size": 336,
        "mode": 420
      },
      {
        "path": "packages/pipeline/dist/vars/validate.js",
        "size": 1089,
        "mode": 420
      },
      {
        "path": "packages/plan-browser/dist/actions.d.ts",
        "size": 1866,
        "mode": 420
      },
      {
        "path": "packages/plan-browser/dist/actions.js",
        "size": 9867,
        "mode": 420
      },
      {
        "path": "packages/plan-browser/dist/browser.d.ts",
        "size": 572,
        "mode": 420
      },
      {
        "path": "packages/plan-browser/dist/browser.js",
        "size": 1291,
        "mode": 420
      },
      {
        "path": "packages/plan-browser/dist/discovery.d.ts",
        "size": 429,
        "mode": 420
      },
      {
        "path": "packages/plan-browser/dist/discovery.js",
        "size": 9757,
        "mode": 420
      },
      {
        "path": "packages/plan-browser/dist/error-codes.d.ts",
        "size": 80,
        "mode": 420
      },
      {
        "path": "packages/plan-browser/dist/error-codes.js",
        "size": 180,
        "mode": 420
      },
      {
        "path": "packages/plan-browser/dist/explorer-config.d.ts",
        "size": 665,
        "mode": 420
      },
      {
        "path": "packages/plan-browser/dist/explorer-config.js",
        "size": 13532,
        "mode": 420
      },
      {
        "path": "packages/plan-browser/dist/format.d.ts",
        "size": 1790,
        "mode": 420
      },
      {
        "path": "packages/plan-browser/dist/format.js",
        "size": 13656,
        "mode": 420
      },
      {
        "path": "packages/plan-browser/dist/index.d.ts",
        "size": 845,
        "mode": 420
      },
      {
        "path": "packages/plan-browser/dist/index.js",
        "size": 641,
        "mode": 420
      },
      {
        "path": "packages/plan-browser/dist/types.d.ts",
        "size": 1988,
        "mode": 420
      },
      {
        "path": "packages/plan-browser/dist/types.js",
        "size": 11,
        "mode": 420
      },
      {
        "path": "packages/poe-acp-client/dist/acp-client.d.ts",
        "size": 6571,
        "mode": 420
      },
      {
        "path": "packages/poe-acp-client/dist/acp-client.js",
        "size": 23679,
        "mode": 420
      },
      {
        "path": "packages/poe-acp-client/dist/acp-transport.d.ts",
        "size": 5787,
        "mode": 420
      },
      {
        "path": "packages/poe-acp-client/dist/acp-transport.js",
        "size": 5999,
        "mode": 420
      },
      {
        "path": "packages/poe-acp-client/dist/error-codes.d.ts",
        "size": 103,
        "mode": 420
      },
      {
        "path": "packages/poe-acp-client/dist/error-codes.js",
        "size": 209,
        "mode": 420
      },
      {
        "path": "packages/poe-acp-client/dist/index.d.ts",
        "size": 1946,
        "mode": 420
      },
      {
        "path": "packages/poe-acp-client/dist/index.js",
        "size": 898,
        "mode": 420
      },
      {
        "path": "packages/poe-acp-client/dist/jsonrpc-message-layer.d.ts",
        "size": 2808,
        "mode": 420
      },
      {
        "path": "packages/poe-acp-client/dist/jsonrpc-message-layer.js",
        "size": 11435,
        "mode": 420
      },
      {
        "path": "packages/poe-acp-client/dist/jsonrpc.d.ts",
        "size": 414,
        "mode": 420
      },
      {
        "path": "packages/poe-acp-client/dist/jsonrpc.js",
        "size": 14925,
        "mode": 420
      },
      {
        "path": "packages/poe-acp-client/dist/run-report.d.ts",
        "size": 2011,
        "mode": 420
      },
      {
        "path": "packages/poe-acp-client/dist/run-report.js",
        "size": 11638,
        "mode": 420
      },
      {
        "path": "packages/poe-acp-client/dist/stream-helpers.d.ts",
        "size": 1227,
        "mode": 420
      },
      {
        "path": "packages/poe-acp-client/dist/stream-helpers.js",
        "size": 8555,
        "mode": 420
      },
      {
        "path": "packages/poe-acp-client/dist/types.compile-check.d.ts",
        "size": 11,
        "mode": 420
      },
      {
        "path": "packages/poe-acp-client/dist/types.compile-check.js",
        "size": 959,
        "mode": 420
      },
      {
        "path": "packages/poe-acp-client/dist/types.d.ts",
        "size": 14823,
        "mode": 420
      },
      {
        "path": "packages/poe-acp-client/dist/types.js",
        "size": 1285,
        "mode": 420
      },
      {
        "path": "packages/poe-agent/dist/agent-session-options.compile-check.d.ts",
        "size": 11,
        "mode": 420
      },
      {
        "path": "packages/poe-agent/dist/agent-session-options.compile-check.js",
        "size": 331,
        "mode": 420
      },
      {
        "path": "packages/poe-agent/dist/agent-session.d.ts",
        "size": 1918,
        "mode": 420
      },
      {
        "path": "packages/poe-agent/dist/agent-session.js",
        "size": 17137,
        "mode": 420
      },
      {
        "path": "packages/poe-agent/dist/agent.d.ts",
        "size": 1919,
        "mode": 420
      },
      {
        "path": "packages/poe-agent/dist/agent.js",
        "size": 18729,
        "mode": 420
      },
      {
        "path": "packages/poe-agent/dist/error-codes.d.ts",
        "size": 103,
        "mode": 420
      },
      {
        "path": "packages/poe-agent/dist/error-codes.js",
        "size": 209,
        "mode": 420
      },
      {
        "path": "packages/poe-agent/dist/index.d.ts",
        "size": 3135,
        "mode": 420
      },
      {
        "path": "packages/poe-agent/dist/index.js",
        "size": 2142,
        "mode": 420
      },
      {
        "path": "packages/poe-agent/dist/mcp-type-exports.compile-check.d.ts",
        "size": 11,
        "mode": 420
      },
      {
        "path": "packages/poe-agent/dist/mcp-type-exports.compile-check.js",
        "size": 11,
        "mode": 420
      },
      {
        "path": "packages/poe-agent/dist/plugins/openai-auth.d.ts",
        "size": 92,
        "mode": 420
      },
      {
        "path": "packages/poe-agent/dist/plugins/openai-auth.js",
        "size": 1066,
        "mode": 420
      },
      {
        "path": "packages/poe-agent/dist/plugins/parse-options.d.ts",
        "size": 678,
        "mode": 420
      },
      {
        "path": "packages/poe-agent/dist/plugins/parse-options.js",
        "size": 1641,
        "mode": 420
      },
      {
        "path": "packages/poe-agent/dist/plugins/plugin-args.d.ts",
        "size": 1135,
        "mode": 420
      },
      {
        "path": "packages/poe-agent/dist/plugins/plugin-args.js",
        "size": 4024,
        "mode": 420
      },
      {
        "path": "packages/poe-agent/dist/plugins/poe-agent-plugin-audit-log.d.ts",
        "size": 294,
        "mode": 420
      },
      {
        "path": "packages/poe-agent/dist/plugins/poe-agent-plugin-audit-log.js",
        "size": 842,
        "mode": 420
      },
      {
        "path": "packages/poe-agent/dist/plugins/poe-agent-plugin-compaction.d.ts",
        "size": 586,
        "mode": 420
      },
      {
        "path": "packages/poe-agent/dist/plugins/poe-agent-plugin-compaction.js",
        "size": 7959,
        "mode": 420
      },
      {
        "path": "packages/poe-agent/dist/plugins/poe-agent-plugin-environment.d.ts",
        "size": 148,
        "mode": 420
      },
      {
        "path": "packages/poe-agent/dist/plugins/poe-agent-plugin-environment.js",
        "size": 314,
        "mode": 420
      },
      {
        "path": "packages/poe-agent/dist/plugins/poe-agent-plugin-files.d.ts",
        "size": 1196,
        "mode": 420
      },
      {
        "path": "packages/poe-agent/dist/plugins/poe-agent-plugin-files.js",
        "size": 18210,
        "mode": 420
      },
      {
        "path": "packages/poe-agent/dist/plugins/poe-agent-plugin-git-context.d.ts",
        "size": 146,
        "mode": 420
      },
      {
        "path": "packages/poe-agent/dist/plugins/poe-agent-plugin-git-context.js",
        "size": 659,
        "mode": 420
      },
      {
        "path": "packages/poe-agent/dist/plugins/poe-agent-plugin-max-iterations.d.ts",
        "size": 154,
        "mode": 420
      },
      {
        "path": "packages/poe-agent/dist/plugins/poe-agent-plugin-max-iterations.js",
        "size": 250,
        "mode": 420
      },
      {
        "path": "packages/poe-agent/dist/plugins/poe-agent-plugin-mcp.d.ts",
        "size": 153,
        "mode": 420
      },
      {
        "path": "packages/poe-agent/dist/plugins/poe-agent-plugin-mcp.js",
        "size": 291,
        "mode": 420
      },
      {
        "path": "packages/poe-agent/dist/plugins/poe-agent-plugin-memory.d.ts",
        "size": 614,
        "mode": 420
      },
      {
        "path": "packages/poe-agent/dist/plugins/poe-agent-plugin-memory.js",
        "size": 7101,
        "mode": 420
      },
      {
        "path": "packages/poe-agent/dist/plugins/poe-agent-plugin-openai-chat-completions.d.ts",
        "size": 512,
        "mode": 420
      },
      {
        "path": "packages/poe-agent/dist/plugins/poe-agent-plugin-openai-chat-completions.js",
        "size": 13551,
        "mode": 420
      },
      {
        "path": "packages/poe-agent/dist/plugins/poe-agent-plugin-openai-responses.d.ts",
        "size": 651,
        "mode": 420
      },
      {
        "path": "packages/poe-agent/dist/plugins/poe-agent-plugin-openai-responses.js",
        "size": 20096,
        "mode": 420
      },
      {
        "path": "packages/poe-agent/dist/plugins/poe-agent-plugin-policy.d.ts",
        "size": 660,
        "mode": 420
      },
      {
        "path": "packages/poe-agent/dist/plugins/poe-agent-plugin-policy.js",
        "size": 1997,
        "mode": 420
      },
      {
        "path": "packages/poe-agent/dist/plugins/poe-agent-plugin-scratchpad.d.ts",
        "size": 135,
        "mode": 420
      },
      {
        "path": "packages/poe-agent/dist/plugins/poe-agent-plugin-scratchpad.js",
        "size": 2094,
        "mode": 420
      },
      {
        "path": "packages/poe-agent/dist/plugins/poe-agent-plugin-shell.d.ts",
        "size": 837,
        "mode": 420
      },
      {
        "path": "packages/poe-agent/dist/plugins/poe-agent-plugin-shell.js",
        "size": 28890,
        "mode": 420
      },
      {
        "path": "packages/poe-agent/dist/plugins/poe-agent-plugin-skills.d.ts",
        "size": 487,
        "mode": 420
      },
      {
        "path": "packages/poe-agent/dist/plugins/poe-agent-plugin-skills.js",
        "size": 3146,
        "mode": 420
      },
      {
        "path": "packages/poe-agent/dist/plugins/poe-agent-plugin-spawn.d.ts",
        "size": 125,
        "mode": 420
      },
      {
        "path": "packages/poe-agent/dist/plugins/poe-agent-plugin-spawn.js",
        "size": 804,
        "mode": 420
      },
      {
        "path": "packages/poe-agent/dist/plugins/poe-agent-plugin-system-prompt.d.ts",
        "size": 341,
        "mode": 420
      },
      {
        "path": "packages/poe-agent/dist/plugins/poe-agent-plugin-system-prompt.js",
        "size": 852,
        "mode": 420
      },
      {
        "path": "packages/poe-agent/dist/plugins/poe-agent-plugin-web.d.ts",
        "size": 593,
        "mode": 420
      },
      {
        "path": "packages/poe-agent/dist/plugins/poe-agent-plugin-web.js",
        "size": 8408,
        "mode": 420
      },
      {
        "path": "packages/poe-agent/dist/plugins/registry.d.ts",
        "size": 307,
        "mode": 420
      },
      {
        "path": "packages/poe-agent/dist/plugins/registry.js",
        "size": 1414,
        "mode": 420
      },
      {
        "path": "packages/poe-agent/dist/plugins/resolve-plugins.d.ts",
        "size": 599,
        "mode": 420
      },
      {
        "path": "packages/poe-agent/dist/plugins/resolve-plugins.js",
        "size": 4925,
        "mode": 420
      },
      {
        "path": "packages/poe-agent/dist/runtime-plugin-type-exports.compile-check.d.ts",
        "size": 11,
        "mode": 420
      },
      {
        "path": "packages/poe-agent/dist/runtime-plugin-type-exports.compile-check.js",
        "size": 11,
        "mode": 420
      },
      {
        "path": "packages/poe-agent/dist/runtime-type-exports.compile-check.d.ts",
        "size": 11,
        "mode": 420
      },
      {
        "path": "packages/poe-agent/dist/runtime-type-exports.compile-check.js",
        "size": 11,
        "mode": 420
      },
      {
        "path": "packages/poe-agent/dist/runtime/acp-core.d.ts",
        "size": 1564,
        "mode": 420
      },
      {
        "path": "packages/poe-agent/dist/runtime/acp-core.js",
        "size": 31725,
        "mode": 420
      },
      {
        "path": "packages/poe-agent/dist/runtime/agent-host.d.ts",
        "size": 2877,
        "mode": 420
      },
      {
        "path": "packages/poe-agent/dist/runtime/agent-host.js",
        "size": 14886,
        "mode": 420
      },
      {
        "path": "packages/poe-agent/dist/runtime/config.d.ts",
        "size": 606,
        "mode": 420
      },
      {
        "path": "packages/poe-agent/dist/runtime/config.js",
        "size": 4809,
        "mode": 420
      },
      {
        "path": "packages/poe-agent/dist/runtime/errors.d.ts",
        "size": 412,
        "mode": 420
      },
      {
        "path": "packages/poe-agent/dist/runtime/errors.js",
        "size": 1102,
        "mode": 420
      },
      {
        "path": "packages/poe-agent/dist/runtime/file-awareness.d.ts",
        "size": 438,
        "mode": 420
      },
      {
        "path": "packages/poe-agent/dist/runtime/file-awareness.js",
        "size": 1261,
        "mode": 420
      },
      {
        "path": "packages/poe-agent/dist/runtime/hooks.d.ts",
        "size": 5435,
        "mode": 420
      },
      {
        "path": "packages/poe-agent/dist/runtime/hooks.js",
        "size": 12457,
        "mode": 420
      },
      {
        "path": "packages/poe-agent/dist/runtime/index.d.ts",
        "size": 616,
        "mode": 420
      },
      {
        "path": "packages/poe-agent/dist/runtime/index.js",
        "size": 616,
        "mode": 420
      },
      {
        "path": "packages/poe-agent/dist/runtime/plugin-api-impl.d.ts",
        "size": 480,
        "mode": 420
      },
      {
        "path": "packages/poe-agent/dist/runtime/plugin-api-impl.js",
        "size": 4603,
        "mode": 420
      },
      {
        "path": "packages/poe-agent/dist/runtime/plugin-setup.d.ts",
        "size": 209,
        "mode": 420
      },
      {
        "path": "packages/poe-agent/dist/runtime/plugin-setup.js",
        "size": 2241,
        "mode": 420
      },
      {
        "path": "packages/poe-agent/dist/runtime/plugin-types.compile-check.d.ts",
        "size": 11,
        "mode": 420
      },
      {
        "path": "packages/poe-agent/dist/runtime/plugin-types.compile-check.js",
        "size": 3137,
        "mode": 420
      },
      {
        "path": "packages/poe-agent/dist/runtime/plugin-types.d.ts",
        "size": 7068,
        "mode": 420
      },
      {
        "path": "packages/poe-agent/dist/runtime/plugin-types.js",
        "size": 11,
        "mode": 420
      },
      {
        "path": "packages/poe-agent/dist/runtime/prompts.d.ts",
        "size": 379,
        "mode": 420
      },
      {
        "path": "packages/poe-agent/dist/runtime/prompts.js",
        "size": 712,
        "mode": 420
      },
      {
        "path": "packages/poe-agent/dist/runtime/provider-metadata.d.ts",
        "size": 436,
        "mode": 420
      },
      {
        "path": "packages/poe-agent/dist/runtime/provider-metadata.js",
        "size": 590,
        "mode": 420
      },
      {
        "path": "packages/poe-agent/dist/runtime/resolve-provider.d.ts",
        "size": 813,
        "mode": 420
      },
      {
        "path": "packages/poe-agent/dist/runtime/resolve-provider.js",
        "size": 3066,
        "mode": 420
      },
      {
        "path": "packages/poe-agent/dist/runtime/run-context.d.ts",
        "size": 1415,
        "mode": 420
      },
      {
        "path": "packages/poe-agent/dist/runtime/run-context.js",
        "size": 3067,
        "mode": 420
      },
      {
        "path": "packages/poe-agent/dist/runtime/session/entry-types.d.ts",
        "size": 1120,
        "mode": 420
      },
      {
        "path": "packages/poe-agent/dist/runtime/session/entry-types.js",
        "size": 1161,
        "mode": 420
      },
      {
        "path": "packages/poe-agent/dist/runtime/session/session-id.d.ts",
        "size": 94,
        "mode": 420
      },
      {
        "path": "packages/poe-agent/dist/runtime/session/session-id.js",
        "size": 348,
        "mode": 420
      },
      {
        "path": "packages/poe-agent/dist/runtime/session/session-store.d.ts",
        "size": 759,
        "mode": 420
      },
      {
        "path": "packages/poe-agent/dist/runtime/session/session-store.js",
        "size": 2749,
        "mode": 420
      },
      {
        "path": "packages/poe-agent/dist/runtime/session/session-tree.d.ts",
        "size": 374,
        "mode": 420
      },
      {
        "path": "packages/poe-agent/dist/runtime/session/session-tree.js",
        "size": 2465,
        "mode": 420
      },
      {
        "path": "packages/poe-agent/dist/runtime/tool-names.d.ts",
        "size": 248,
        "mode": 420
      },
      {
        "path": "packages/poe-agent/dist/runtime/tool-names.js",
        "size": 627,
        "mode": 420
      },
      {
        "path": "packages/poe-agent/dist/runtime/tool-results.d.ts",
        "size": 586,
        "mode": 420
      },
      {
        "path": "packages/poe-agent/dist/runtime/tool-results.js",
        "size": 2156,
        "mode": 420
      },
      {
        "path": "packages/poe-agent/dist/runtime/tools.d.ts",
        "size": 397,
        "mode": 420
      },
      {
        "path": "packages/poe-agent/dist/runtime/tools.js",
        "size": 3612,
        "mode": 420
      },
      {
        "path": "packages/poe-agent/dist/runtime/transcript.d.ts",
        "size": 905,
        "mode": 420
      },
      {
        "path": "packages/poe-agent/dist/runtime/transcript.js",
        "size": 4043,
        "mode": 420
      },
      {
        "path": "packages/poe-agent/dist/runtime/types.d.ts",
        "size": 4230,
        "mode": 420
      },
      {
        "path": "packages/poe-agent/dist/runtime/types.js",
        "size": 11,
        "mode": 420
      },
      {
        "path": "packages/poe-agent/dist/session-store.d.ts",
        "size": 889,
        "mode": 420
      },
      {
        "path": "packages/poe-agent/dist/session-store.js",
        "size": 3863,
        "mode": 420
      },
      {
        "path": "packages/poe-agent/dist/SYSTEM_PROMPT.md",
        "size": 794,
        "mode": 420
      },
      {
        "path": "packages/poe-agent/dist/system-prompt.d.ts",
        "size": 117,
        "mode": 420
      },
      {
        "path": "packages/poe-agent/dist/system-prompt.js",
        "size": 413,
        "mode": 420
      },
      {
        "path": "packages/poe-agent/dist/testing/model-response.d.ts",
        "size": 1206,
        "mode": 420
      },
      {
        "path": "packages/poe-agent/dist/testing/model-response.js",
        "size": 3592,
        "mode": 420
      },
      {
        "path": "packages/poe-code-config/dist/compile/schema-compiler.d.ts",
        "size": 622,
        "mode": 420
      },
      {
        "path": "packages/poe-code-config/dist/compile/schema-compiler.js",
        "size": 16062,
        "mode": 420
      },
      {
        "path": "packages/poe-code-config/dist/config.d.ts",
        "size": 152,
        "mode": 420
      },
      {
        "path": "packages/poe-code-config/dist/config.js",
        "size": 1542,
        "mode": 420
      },
      {
        "path": "packages/poe-code-config/dist/configured-services.d.ts",
        "size": 1163,
        "mode": 420
      },
      {
        "path": "packages/poe-code-config/dist/configured-services.js",
        "size": 13582,
        "mode": 420
      },
      {
        "path": "packages/poe-code-config/dist/core.d.ts",
        "size": 2229,
        "mode": 420
      },
      {
        "path": "packages/poe-code-config/dist/core.js",
        "size": 1238,
        "mode": 420
      },
      {
        "path": "packages/poe-code-config/dist/errors.d.ts",
        "size": 80,
        "mode": 420
      },
      {
        "path": "packages/poe-code-config/dist/errors.js",
        "size": 180,
        "mode": 420
      },
      {
        "path": "packages/poe-code-config/dist/index.d.ts",
        "size": 194,
        "mode": 420
      },
      {
        "path": "packages/poe-code-config/dist/index.js",
        "size": 146,
        "mode": 420
      },
      {
        "path": "packages/poe-code-config/dist/inspect.d.ts",
        "size": 745,
        "mode": 420
      },
      {
        "path": "packages/poe-code-config/dist/inspect.js",
        "size": 3242,
        "mode": 420
      },
      {
        "path": "packages/poe-code-config/dist/memory.d.ts",
        "size": 908,
        "mode": 420
      },
      {
        "path": "packages/poe-code-config/dist/memory.js",
        "size": 3753,
        "mode": 420
      },
      {
        "path": "packages/poe-code-config/dist/merge-callbacks.d.ts",
        "size": 2260,
        "mode": 420
      },
      {
        "path": "packages/poe-code-config/dist/merge-callbacks.js",
        "size": 1866,
        "mode": 420
      },
      {
        "path": "packages/poe-code-config/dist/merge.d.ts",
        "size": 158,
        "mode": 420
      },
      {
        "path": "packages/poe-code-config/dist/merge.js",
        "size": 2344,
        "mode": 420
      },
      {
        "path": "packages/poe-code-config/dist/plan-scope.d.ts",
        "size": 307,
        "mode": 420
      },
      {
        "path": "packages/poe-code-config/dist/plan-scope.js",
        "size": 279,
        "mode": 420
      },
      {
        "path": "packages/poe-code-config/dist/provider-config.d.ts",
        "size": 782,
        "mode": 420
      },
      {
        "path": "packages/poe-code-config/dist/provider-config.js",
        "size": 2142,
        "mode": 420
      },
      {
        "path": "packages/poe-code-config/dist/resolve.d.ts",
        "size": 228,
        "mode": 420
      },
      {
        "path": "packages/poe-code-config/dist/resolve.js",
        "size": 3248,
        "mode": 420
      },
      {
        "path": "packages/poe-code-config/dist/runtime.d.ts",
        "size": 3131,
        "mode": 420
      },
      {
        "path": "packages/poe-code-config/dist/runtime.js",
        "size": 13718,
        "mode": 420
      },
      {
        "path": "packages/poe-code-config/dist/schema.d.ts",
        "size": 679,
        "mode": 420
      },
      {
        "path": "packages/poe-code-config/dist/schema.js",
        "size": 1273,
        "mode": 420
      },
      {
        "path": "packages/poe-code-config/dist/state/fs.d.ts",
        "size": 937,
        "mode": 420
      },
      {
        "path": "packages/poe-code-config/dist/state/fs.js",
        "size": 978,
        "mode": 420
      },
      {
        "path": "packages/poe-code-config/dist/state/index.d.ts",
        "size": 706,
        "mode": 420
      },
      {
        "path": "packages/poe-code-config/dist/state/index.js",
        "size": 587,
        "mode": 420
      },
      {
        "path": "packages/poe-code-config/dist/state/jobs.d.ts",
        "size": 1092,
        "mode": 420
      },
      {
        "path": "packages/poe-code-config/dist/state/jobs.js",
        "size": 7889,
        "mode": 420
      },
      {
        "path": "packages/poe-code-config/dist/state/templates.d.ts",
        "size": 737,
        "mode": 420
      },
      {
        "path": "packages/poe-code-config/dist/state/templates.js",
        "size": 4215,
        "mode": 420
      },
      {
        "path": "packages/poe-code-config/dist/store.d.ts",
        "size": 1143,
        "mode": 420
      },
      {
        "path": "packages/poe-code-config/dist/store.js",
        "size": 7404,
        "mode": 420
      },
      {
        "path": "packages/poe-code-config/dist/types.compile-check.d.ts",
        "size": 11,
        "mode": 420
      },
      {
        "path": "packages/poe-code-config/dist/types.compile-check.js",
        "size": 1188,
        "mode": 420
      },
      {
        "path": "packages/poe-code-config/dist/types.d.ts",
        "size": 3007,
        "mode": 420
      },
      {
        "path": "packages/poe-code-config/dist/types.js",
        "size": 11,
        "mode": 420
      },
      {
        "path": "packages/poe-oauth/dist/authorization-state.d.ts",
        "size": 249,
        "mode": 420
      },
      {
        "path": "packages/poe-oauth/dist/authorization-state.js",
        "size": 1481,
        "mode": 420
      },
      {
        "path": "packages/poe-oauth/dist/check-auth.d.ts",
        "size": 286,
        "mode": 420
      },
      {
        "path": "packages/poe-oauth/dist/check-auth.js",
        "size": 2173,
        "mode": 420
      },
      {
        "path": "packages/poe-oauth/dist/index.d.ts",
        "size": 705,
        "mode": 420
      },
      {
        "path": "packages/poe-oauth/dist/index.js",
        "size": 303,
        "mode": 420
      },
      {
        "path": "packages/poe-oauth/dist/loopback-authorization.d.ts",
        "size": 1094,
        "mode": 420
      },
      {
        "path": "packages/poe-oauth/dist/loopback-authorization.js",
        "size": 8662,
        "mode": 420
      },
      {
        "path": "packages/poe-oauth/dist/oauth-client.d.ts",
        "size": 1383,
        "mode": 420
      },
      {
        "path": "packages/poe-oauth/dist/oauth-client.js",
        "size": 8432,
        "mode": 420
      },
      {
        "path": "packages/poe-oauth/dist/pkce.d.ts",
        "size": 275,
        "mode": 420
      },
      {
        "path": "packages/poe-oauth/dist/pkce.js",
        "size": 1260,
        "mode": 420
      },
      {
        "path": "packages/poe-oauth/LICENSE",
        "size": 1069,
        "mode": 420
      },
      {
        "path": "packages/process-launcher/dist/errors.d.ts",
        "size": 80,
        "mode": 420
      },
      {
        "path": "packages/process-launcher/dist/errors.js",
        "size": 180,
        "mode": 420
      },
      {
        "path": "packages/process-launcher/dist/health/health-check.d.ts",
        "size": 483,
        "mode": 420
      },
      {
        "path": "packages/process-launcher/dist/health/health-check.js",
        "size": 5075,
        "mode": 420
      },
      {
        "path": "packages/process-launcher/dist/index.d.ts",
        "size": 1012,
        "mode": 420
      },
      {
        "path": "packages/process-launcher/dist/index.js",
        "size": 489,
        "mode": 420
      },
      {
        "path": "packages/process-launcher/dist/launcher.d.ts",
        "size": 2899,
        "mode": 420
      },
      {
        "path": "packages/process-launcher/dist/launcher.js",
        "size": 33405,
        "mode": 420
      },
      {
        "path": "packages/process-launcher/dist/logs/log-writer.d.ts",
        "size": 180,
        "mode": 420
      },
      {
        "path": "packages/process-launcher/dist/logs/log-writer.js",
        "size": 7062,
        "mode": 420
      },
      {
        "path": "packages/process-launcher/dist/path-safety.d.ts",
        "size": 182,
        "mode": 420
      },
      {
        "path": "packages/process-launcher/dist/path-safety.js",
        "size": 858,
        "mode": 420
      },
      {
        "path": "packages/process-launcher/dist/process-id.d.ts",
        "size": 141,
        "mode": 420
      },
      {
        "path": "packages/process-launcher/dist/process-id.js",
        "size": 625,
        "mode": 420
      },
      {
        "path": "packages/process-launcher/dist/state/state-store.d.ts",
        "size": 340,
        "mode": 420
      },
      {
        "path": "packages/process-launcher/dist/state/state-store.js",
        "size": 7174,
        "mode": 420
      },
      {
        "path": "packages/process-launcher/dist/supervisor/supervisor.d.ts",
        "size": 148,
        "mode": 420
      },
      {
        "path": "packages/process-launcher/dist/supervisor/supervisor.js",
        "size": 21237,
        "mode": 420
      },
      {
        "path": "packages/process-launcher/dist/testing/index.d.ts",
        "size": 116,
        "mode": 420
      },
      {
        "path": "packages/process-launcher/dist/testing/index.js",
        "size": 52,
        "mode": 420
      },
      {
        "path": "packages/process-launcher/dist/testing/simulation.d.ts",
        "size": 1093,
        "mode": 420
      },
      {
        "path": "packages/process-launcher/dist/testing/simulation.js",
        "size": 4041,
        "mode": 420
      },
      {
        "path": "packages/process-launcher/dist/types.d.ts",
        "size": 2921,
        "mode": 420
      },
      {
        "path": "packages/process-launcher/dist/types.js",
        "size": 11,
        "mode": 420
      },
      {
        "path": "packages/process-runner/dist/docker/args.d.ts",
        "size": 231,
        "mode": 420
      },
      {
        "path": "packages/process-runner/dist/docker/args.js",
        "size": 2195,
        "mode": 420
      },
      {
        "path": "packages/process-runner/dist/docker/build-context.d.ts",
        "size": 199,
        "mode": 420
      },
      {
        "path": "packages/process-runner/dist/docker/build-context.js",
        "size": 1719,
        "mode": 420
      },
      {
        "path": "packages/process-runner/dist/docker/context.d.ts",
        "size": 191,
        "mode": 420
      },
      {
        "path": "packages/process-runner/dist/docker/context.js",
        "size": 919,
        "mode": 420
      },
      {
        "path": "packages/process-runner/dist/docker/docker-execution-env.d.ts",
        "size": 879,
        "mode": 420
      },
      {
        "path": "packages/process-runner/dist/docker/docker-execution-env.js",
        "size": 28027,
        "mode": 420
      },
      {
        "path": "packages/process-runner/dist/docker/docker-runner.d.ts",
        "size": 146,
        "mode": 420
      },
      {
        "path": "packages/process-runner/dist/docker/docker-runner.js",
        "size": 7105,
        "mode": 420
      },
      {
        "path": "packages/process-runner/dist/docker/engine.d.ts",
        "size": 159,
        "mode": 420
      },
      {
        "path": "packages/process-runner/dist/docker/engine.js",
        "size": 724,
        "mode": 420
      },
      {
        "path": "packages/process-runner/dist/docker/env-file.d.ts",
        "size": 272,
        "mode": 420
      },
      {
        "path": "packages/process-runner/dist/docker/env-file.js",
        "size": 1573,
        "mode": 420
      },
      {
        "path": "packages/process-runner/dist/host/host-execution-env.d.ts",
        "size": 123,
        "mode": 420
      },
      {
        "path": "packages/process-runner/dist/host/host-execution-env.js",
        "size": 2434,
        "mode": 420
      },
      {
        "path": "packages/process-runner/dist/host/host-runner.d.ts",
        "size": 176,
        "mode": 420
      },
      {
        "path": "packages/process-runner/dist/host/host-runner.js",
        "size": 4373,
        "mode": 420
      },
      {
        "path": "packages/process-runner/dist/index.d.ts",
        "size": 1260,
        "mode": 420
      },
      {
        "path": "packages/process-runner/dist/index.js",
        "size": 674,
        "mode": 420
      },
      {
        "path": "packages/process-runner/dist/testing/index.d.ts",
        "size": 132,
        "mode": 420
      },
      {
        "path": "packages/process-runner/dist/testing/index.js",
        "size": 80,
        "mode": 420
      },
      {
        "path": "packages/process-runner/dist/testing/mock-runner.d.ts",
        "size": 252,
        "mode": 420
      },
      {
        "path": "packages/process-runner/dist/testing/mock-runner.js",
        "size": 4330,
        "mode": 420
      },
      {
        "path": "packages/process-runner/dist/testing/verify.d.ts",
        "size": 11,
        "mode": 420
      },
      {
        "path": "packages/process-runner/dist/testing/verify.js",
        "size": 12733,
        "mode": 420
      },
      {
        "path": "packages/process-runner/dist/types.d.ts",
        "size": 5103,
        "mode": 420
      },
      {
        "path": "packages/process-runner/dist/types.js",
        "size": 11,
        "mode": 420
      },
      {
        "path": "packages/process-runner/dist/workspace-transfer.d.ts",
        "size": 2147,
        "mode": 420
      },
      {
        "path": "packages/process-runner/dist/workspace-transfer.js",
        "size": 20831,
        "mode": 420
      },
      {
        "path": "packages/process-runner/LICENSE",
        "size": 1069,
        "mode": 420
      },
      {
        "path": "packages/providers/dist/auth/api-key.d.ts",
        "size": 184,
        "mode": 420
      },
      {
        "path": "packages/providers/dist/auth/api-key.js",
        "size": 1548,
        "mode": 420
      },
      {
        "path": "packages/providers/dist/auth/types.d.ts",
        "size": 770,
        "mode": 420
      },
      {
        "path": "packages/providers/dist/auth/types.js",
        "size": 11,
        "mode": 420
      },
      {
        "path": "packages/providers/dist/compatibility.d.ts",
        "size": 200,
        "mode": 420
      },
      {
        "path": "packages/providers/dist/compatibility.js",
        "size": 319,
        "mode": 420
      },
      {
        "path": "packages/providers/dist/index.d.ts",
        "size": 570,
        "mode": 420
      },
      {
        "path": "packages/providers/dist/index.js",
        "size": 256,
        "mode": 420
      },
      {
        "path": "packages/providers/dist/provider-order.d.ts",
        "size": 153,
        "mode": 420
      },
      {
        "path": "packages/providers/dist/provider-order.js",
        "size": 591,
        "mode": 420
      },
      {
        "path": "packages/providers/dist/providers/anthropic.d.ts",
        "size": 76,
        "mode": 420
      },
      {
        "path": "packages/providers/dist/providers/anthropic.js",
        "size": 577,
        "mode": 420
      },
      {
        "path": "packages/providers/dist/providers/cloudflare.d.ts",
        "size": 77,
        "mode": 420
      },
      {
        "path": "packages/providers/dist/providers/cloudflare.js",
        "size": 1064,
        "mode": 420
      },
      {
        "path": "packages/providers/dist/providers/generated.d.ts",
        "size": 206,
        "mode": 420
      },
      {
        "path": "packages/providers/dist/providers/generated.js",
        "size": 608,
        "mode": 420
      },
      {
        "path": "packages/providers/dist/providers/openai.d.ts",
        "size": 73,
        "mode": 420
      },
      {
        "path": "packages/providers/dist/providers/openai.js",
        "size": 541,
        "mode": 420
      },
      {
        "path": "packages/providers/dist/providers/poe.d.ts",
        "size": 115,
        "mode": 420
      },
      {
        "path": "packages/providers/dist/providers/poe.js",
        "size": 966,
        "mode": 420
      },
      {
        "path": "packages/providers/dist/registry.d.ts",
        "size": 1726,
        "mode": 420
      },
      {
        "path": "packages/providers/dist/registry.js",
        "size": 5146,
        "mode": 420
      },
      {
        "path": "packages/providers/dist/types.d.ts",
        "size": 1539,
        "mode": 420
      },
      {
        "path": "packages/providers/dist/types.js",
        "size": 666,
        "mode": 420
      },
      {
        "path": "packages/ralph/dist/discovery/discovery.d.ts",
        "size": 532,
        "mode": 420
      },
      {
        "path": "packages/ralph/dist/discovery/discovery.js",
        "size": 1198,
        "mode": 420
      },
      {
        "path": "packages/ralph/dist/frontmatter/frontmatter.d.ts",
        "size": 1590,
        "mode": 420
      },
      {
        "path": "packages/ralph/dist/frontmatter/frontmatter.js",
        "size": 12350,
        "mode": 420
      },
      {
        "path": "packages/ralph/dist/index.d.ts",
        "size": 599,
        "mode": 420
      },
      {
        "path": "packages/ralph/dist/index.js",
        "size": 292,
        "mode": 420
      },
      {
        "path": "packages/ralph/dist/run/ralph.d.ts",
        "size": 153,
        "mode": 420
      },
      {
        "path": "packages/ralph/dist/run/ralph.js",
        "size": 16612,
        "mode": 420
      },
      {
        "path": "packages/ralph/dist/testing/index.d.ts",
        "size": 162,
        "mode": 420
      },
      {
        "path": "packages/ralph/dist/testing/index.js",
        "size": 80,
        "mode": 420
      },
      {
        "path": "packages/ralph/dist/testing/simulation.d.ts",
        "size": 1428,
        "mode": 420
      },
      {
        "path": "packages/ralph/dist/testing/simulation.js",
        "size": 5306,
        "mode": 420
      },
      {
        "path": "packages/ralph/dist/types.d.ts",
        "size": 2304,
        "mode": 420
      },
      {
        "path": "packages/ralph/dist/types.js",
        "size": 11,
        "mode": 420
      },
      {
        "path": "packages/ralph/dist/variables/variables.d.ts",
        "size": 146,
        "mode": 420
      },
      {
        "path": "packages/ralph/dist/variables/variables.js",
        "size": 214,
        "mode": 420
      },
      {
        "path": "packages/safe-bash/dist/chunks/bz2-B2RXT4EX.js",
        "size": 405337,
        "mode": 420
      },
      {
        "path": "packages/safe-bash/dist/chunks/bz2-B2RXT4EX.js.map",
        "size": 481513,
        "mode": 420
      },
      {
        "path": "packages/safe-bash/dist/chunks/chunk-2KL6W6NB.js",
        "size": 65695,
        "mode": 420
      },
      {
        "path": "packages/safe-bash/dist/chunks/chunk-2KL6W6NB.js.map",
        "size": 111965,
        "mode": 420
      },
      {
        "path": "packages/safe-bash/dist/chunks/chunk-2PQ3XOCQ.js",
        "size": 21593,
        "mode": 420
      },
      {
        "path": "packages/safe-bash/dist/chunks/chunk-2PQ3XOCQ.js.map",
        "size": 42649,
        "mode": 420
      },
      {
        "path": "packages/safe-bash/dist/chunks/chunk-3Y5PKSHX.js",
        "size": 18772,
        "mode": 420
      },
      {
        "path": "packages/safe-bash/dist/chunks/chunk-3Y5PKSHX.js.map",
        "size": 35445,
        "mode": 420
      },
      {
        "path": "packages/safe-bash/dist/chunks/chunk-BXVGCJXW.js",
        "size": 57021,
        "mode": 420
      },
      {
        "path": "packages/safe-bash/dist/chunks/chunk-BXVGCJXW.js.map",
        "size": 103960,
        "mode": 420
      },
      {
        "path": "packages/safe-bash/dist/chunks/chunk-C7QNJ3D4.js",
        "size": 332,
        "mode": 420
      },
      {
        "path": "packages/safe-bash/dist/chunks/chunk-C7QNJ3D4.js.map",
        "size": 761,
        "mode": 420
      },
      {
        "path": "packages/safe-bash/dist/chunks/chunk-DPJWEGIX.js",
        "size": 539,
        "mode": 420
      },
      {
        "path": "packages/safe-bash/dist/chunks/chunk-DPJWEGIX.js.map",
        "size": 423,
        "mode": 420
      },
      {
        "path": "packages/safe-bash/dist/chunks/chunk-E3NZKSTA.js",
        "size": 40120,
        "mode": 420
      },
      {
        "path": "packages/safe-bash/dist/chunks/chunk-E3NZKSTA.js.map",
        "size": 70163,
        "mode": 420
      },
      {
        "path": "packages/safe-bash/dist/chunks/chunk-FMTBJ7SG.js",
        "size": 6547,
        "mode": 420
      },
      {
        "path": "packages/safe-bash/dist/chunks/chunk-FMTBJ7SG.js.map",
        "size": 11891,
        "mode": 420
      },
      {
        "path": "packages/safe-bash/dist/chunks/chunk-H6E6F5KJ.js",
        "size": 45376,
        "mode": 420
      },
      {
        "path": "packages/safe-bash/dist/chunks/chunk-H6E6F5KJ.js.map",
        "size": 81094,
        "mode": 420
      },
      {
        "path": "packages/safe-bash/dist/chunks/chunk-HQCBEAFK.js",
        "size": 24814,
        "mode": 420
      },
      {
        "path": "packages/safe-bash/dist/chunks/chunk-HQCBEAFK.js.map",
        "size": 44938,
        "mode": 420
      },
      {
        "path": "packages/safe-bash/dist/chunks/chunk-IYFB6VED.js",
        "size": 17757,
        "mode": 420
      },
      {
        "path": "packages/safe-bash/dist/chunks/chunk-IYFB6VED.js.map",
        "size": 32504,
        "mode": 420
      },
      {
        "path": "packages/safe-bash/dist/chunks/chunk-LHKAA57T.js",
        "size": 19147,
        "mode": 420
      },
      {
        "path": "packages/safe-bash/dist/chunks/chunk-LHKAA57T.js.map",
        "size": 36247,
        "mode": 420
      },
      {
        "path": "packages/safe-bash/dist/chunks/chunk-OECKXHVJ.js",
        "size": 4638,
        "mode": 420
      },
      {
        "path": "packages/safe-bash/dist/chunks/chunk-OECKXHVJ.js.map",
        "size": 8747,
        "mode": 420
      },
      {
        "path": "packages/safe-bash/dist/chunks/chunk-PE5NZIA2.js",
        "size": 22513,
        "mode": 420
      },
      {
        "path": "packages/safe-bash/dist/chunks/chunk-PE5NZIA2.js.map",
        "size": 40188,
        "mode": 420
      },
      {
        "path": "packages/safe-bash/dist/chunks/chunk-PMBBUNNN.js",
        "size": 242128,
        "mode": 420
      },
      {
        "path": "packages/safe-bash/dist/chunks/chunk-PMBBUNNN.js.map",
        "size": 450916,
        "mode": 420
      },
      {
        "path": "packages/safe-bash/dist/chunks/chunk-PVJJFCGA.js",
        "size": 43317,
        "mode": 420
      },
      {
        "path": "packages/safe-bash/dist/chunks/chunk-PVJJFCGA.js.map",
        "size": 80700,
        "mode": 420
      },
      {
        "path": "packages/safe-bash/dist/chunks/chunk-QAZN7SAN.js",
        "size": 11664,
        "mode": 420
      },
      {
        "path": "packages/safe-bash/dist/chunks/chunk-QAZN7SAN.js.map",
        "size": 21320,
        "mode": 420
      },
      {
        "path": "packages/safe-bash/dist/chunks/chunk-TJVKGNKA.js",
        "size": 22525,
        "mode": 420
      },
      {
        "path": "packages/safe-bash/dist/chunks/chunk-TJVKGNKA.js.map",
        "size": 40771,
        "mode": 420
      },
      {
        "path": "packages/safe-bash/dist/chunks/chunk-W3TLNFDB.js",
        "size": 198469,
        "mode": 420
      },
      {
        "path": "packages/safe-bash/dist/chunks/chunk-W3TLNFDB.js.map",
        "size": 363474,
        "mode": 420
      },
      {
        "path": "packages/safe-bash/dist/chunks/chunk-XBLVOMEJ.js",
        "size": 12275,
        "mode": 420
      },
      {
        "path": "packages/safe-bash/dist/chunks/chunk-XBLVOMEJ.js.map",
        "size": 22674,
        "mode": 420
      },
      {
        "path": "packages/safe-bash/dist/chunks/chunk-XYVCXUGM.js",
        "size": 54936,
        "mode": 420
      },
      {
        "path": "packages/safe-bash/dist/chunks/chunk-XYVCXUGM.js.map",
        "size": 110744,
        "mode": 420
      },
      {
        "path": "packages/safe-bash/dist/chunks/xz-AVXFDXW4.js",
        "size": 423162,
        "mode": 420
      },
      {
        "path": "packages/safe-bash/dist/chunks/xz-AVXFDXW4.js.map",
        "size": 557101,
        "mode": 420
      },
      {
        "path": "packages/safe-bash/dist/chunks/zstd-R6RPHJYO.js",
        "size": 2345948,
        "mode": 420
      },
      {
        "path": "packages/safe-bash/dist/chunks/zstd-R6RPHJYO.js.map",
        "size": 3732957,
        "mode": 420
      },
      {
        "path": "packages/safe-bash/dist/commands/apply-patch/apply.d.ts",
        "size": 273,
        "mode": 420
      },
      {
        "path": "packages/safe-bash/dist/commands/apply-patch/apply.d.ts.map",
        "size": 343,
        "mode": 420
      },
      {
        "path": "packages/safe-bash/dist/commands/apply-patch/apply.js",
        "size": 13032,
        "mode": 420
      },
      {
        "path": "packages/safe-bash/dist/commands/apply-patch/apply.js.map",
        "size": 14519,
        "mode": 420
      },
      {
        "path": "packages/safe-bash/dist/commands/apply-patch/index.d.ts",
        "size": 589,
        "mode": 420
      },
      {
        "path": "packages/safe-bash/dist/commands/apply-patch/index.d.ts.map",
        "size": 483,
        "mode": 420
      },
      {
        "path": "packages/safe-bash/dist/commands/apply-patch/index.js",
        "size": 1015,
        "mode": 420
      },
      {
        "path": "packages/safe-bash/dist/commands/apply-patch/index.js.map",
        "size": 1019,
        "mode": 420
      },
      {
        "path": "packages/safe-bash/dist/commands/apply-patch/matcher.d.ts",
        "size": 249,
        "mode": 420
      },
      {
        "path": "packages/safe-bash/dist/commands/apply-patch/matcher.d.ts.map",
        "size": 351,
        "mode": 420
      },
      {
        "path": "packages/safe-bash/dist/commands/apply-patch/matcher.js",
        "size": 5714,
        "mode": 420
      },
      {
        "path": "packages/safe-bash/dist/commands/apply-patch/matcher.js.map",
        "size": 7111,
        "mode": 420
      },
      {
        "path": "packages/safe-bash/dist/commands/apply-patch/options.d.ts",
        "size": 780,
        "mode": 420
      },
      {
        "path": "packages/safe-bash/dist/commands/apply-patch/options.d.ts.map",
        "size": 855,
        "mode": 420
      },
      {
        "path": "packages/safe-bash/dist/commands/apply-patch/options.js",
        "size": 1298,
        "mode": 420
      },
      {
        "path": "packages/safe-bash/dist/commands/apply-patch/options.js.map",
        "size": 1464,
        "mode": 420
      },
      {
        "path": "packages/safe-bash/dist/commands/apply-patch/parser.d.ts",
        "size": 703,
        "mode": 420
      },
      {
        "path": "packages/safe-bash/dist/commands/apply-patch/parser.d.ts.map",
        "size": 924,
        "mode": 420
      },
      {
        "path": "packages/safe-bash/dist/commands/apply-patch/parser.js",
        "size": 6991,
        "mode": 420
      },
      {
        "path": "packages/safe-bash/dist/commands/apply-patch/parser.js.map",
        "size": 7680,
        "mode": 420
      },
      {
        "path": "packages/safe-bash/dist/commands/apply-patch/shared.d.ts",
        "size": 1763,
        "mode": 420
      },
      {
        "path": "packages/safe-bash/dist/commands/apply-patch/shared.d.ts.map",
        "size": 1989,
        "mode": 420
      },
      {
        "path": "packages/safe-bash/dist/commands/apply-patch/shared.js",
        "size": 9082,
        "mode": 420
      },
      {
        "path": "packages/safe-bash/dist/commands/apply-patch/shared.js.map",
        "size": 10138,
        "mode": 420
      },
      {
        "path": "packages/safe-bash/dist/commands/archive/create.d.ts",
        "size": 714,
        "mode": 420
      },
      {
        "path": "packages/safe-bash/dist/commands/archive/create.d.ts.map",
        "size": 790,
        "mode": 420
      },
      {
        "path": "packages/safe-bash/dist/commands/archive/create.js",
        "size": 9154,
        "mode": 420
      },
      {
        "path": "packages/safe-bash/dist/commands/archive/create.js.map",
        "size": 10136,
        "mode": 420
      },
      {
        "path": "packages/safe-bash/dist/commands/archive/extract.d.ts",
        "size": 340,
        "mode": 420
      },
      {
        "path": "packages/safe-bash/dist/commands/archive/extract.d.ts.map",
        "size": 413,
        "mode": 420
      },
      {
        "path": "packages/safe-bash/dist/commands/archive/extract.js",
        "size": 17935,
        "mode": 420
      },
      {
        "path": "packages/safe-bash/dist/commands/archive/extract.js.map",
        "size": 19230,
        "mode": 420
      },
      {
        "path": "packages/safe-bash/dist/commands/archive/format.d.ts",
        "size": 1275,
        "mode": 420
      },
      {
        "path": "packages/safe-bash/dist/commands/archive/format.d.ts.map",
        "size": 1463,
        "mode": 420
      },
      {
        "path": "packages/safe-bash/dist/commands/archive/format.js",
        "size": 10000,
        "mode": 420
      },
      {
        "path": "packages/safe-bash/dist/commands/archive/format.js.map",
        "size": 12909,
        "mode": 420
      },
      {
        "path": "packages/safe-bash/dist/commands/archive/index.d.ts",
        "size": 715,
        "mode": 420
      },
      {
        "path": "packages/safe-bash/dist/commands/archive/index.d.ts.map",
        "size": 611,
        "mode": 420
      },
      {
        "path": "packages/safe-bash/dist/commands/archive/index.js",
        "size": 4459,
        "mode": 420
      },
      {
        "path": "packages/safe-bash/dist/commands/archive/index.js.map",
        "size": 4174,
        "mode": 420
      },
      {
        "path": "packages/safe-bash/dist/commands/archive/internal.d.ts",
        "size": 2569,
        "mode": 420
      },
      {
        "path": "packages/safe-bash/dist/commands/archive/internal.d.ts.map",
        "size": 2497,
        "mode": 420
      },
      {
        "path": "packages/safe-bash/dist/commands/archive/internal.js",
        "size": 8185,
        "mode": 420
      },
      {
        "path": "packages/safe-bash/dist/commands/archive/internal.js.map",
        "size": 9301,
        "mode": 420
      },
      {
        "path": "packages/safe-bash/dist/commands/archive/options.d.ts",
        "size": 792,
        "mode": 420
      },
      {
        "path": "packages/safe-bash/dist/commands/archive/options.d.ts.map",
        "size": 902,
        "mode": 420
      },
      {
        "path": "packages/safe-bash/dist/commands/archive/options.js",
        "size": 11462,
        "mode": 420
      },
      {
        "path": "packages/safe-bash/dist/commands/archive/options.js.map",
        "size": 11847,
        "mode": 420
      },
      {
        "path": "packages/safe-bash/dist/commands/archive/stream.d.ts",
        "size": 773,
        "mode": 420
      },
      {
        "path": "packages/safe-bash/dist/commands/archive/stream.d.ts.map",
        "size": 881,
        "mode": 420
      },
      {
        "path": "packages/safe-bash/dist/commands/archive/stream.js",
        "size": 3478,
        "mode": 420
      },
      {
        "path": "packages/safe-bash/dist/commands/archive/stream.js.map",
        "size": 3777,
        "mode": 420
      },
      {
        "path": "packages/safe-bash/dist/commands/archive/unzip.d.ts",
        "size": 260,
        "mode": 420
      },
      {
        "path": "packages/safe-bash/dist/commands/archive/unzip.d.ts.map",
        "size": 288,
        "mode": 420
      },
      {
        "path": "packages/safe-bash/dist/commands/archive/unzip.js",
        "size": 16577,
        "mode": 420
      },
      {
        "path": "packages/safe-bash/dist/commands/archive/unzip.js.map",
        "size": 15256,
        "mode": 420
      },
      {
        "path": "packages/safe-bash/dist/commands/archive/unzip/arguments.d.ts",
        "size": 1167,
        "mode": 420
      },
      {
        "path": "packages/safe-bash/dist/commands/archive/unzip/arguments.d.ts.map",
        "size": 1090,
        "mode": 420
      },
      {
        "path": "packages/safe-bash/dist/commands/archive/unzip/arguments.js",
        "size": 8541,
        "mode": 420
      },
      {
        "path": "packages/safe-bash/dist/commands/archive/unzip/arguments.js.map",
        "size": 8601,
        "mode": 420
      },
      {
        "path": "packages/safe-bash/dist/commands/archive/unzip/safety.d.ts",
        "size": 1584,
        "mode": 420
      },
      {
        "path": "packages/safe-bash/dist/commands/archive/unzip/safety.d.ts.map",
        "size": 1846,
        "mode": 420
      },
      {
        "path": "packages/safe-bash/dist/commands/archive/unzip/safety.js",
        "size": 13064,
        "mode": 420
      },
      {
        "path": "packages/safe-bash/dist/commands/archive/unzip/safety.js.map",
        "size": 13310,
        "mode": 420
      },
      {
        "path": "packages/safe-bash/dist/commands/archive/zip-format.d.ts",
        "size": 1428,
        "mode": 420
      },
      {
        "path": "packages/safe-bash/dist/commands/archive/zip-format.d.ts.map",
        "size": 1547,
        "mode": 420
      },
      {
        "path": "packages/safe-bash/dist/commands/archive/zip-format.js",
        "size": 27390,
        "mode": 420
      },
      {
        "path": "packages/safe-bash/dist/commands/archive/zip-format.js.map",
        "size": 30916,
        "mode": 420
      },
      {
        "path": "packages/safe-bash/dist/commands/archive/zip.d.ts",
        "size": 256,
        "mode": 420
      },
      {
        "path": "packages/safe-bash/dist/commands/archive/zip.d.ts.map",
        "size": 285,
        "mode": 420
      },
      {
        "path": "packages/safe-bash/dist/commands/archive/zip.js",
        "size": 14692,
        "mode": 420
      },
      {
        "path": "packages/safe-bash/dist/commands/archive/zip.js.map",
        "size": 15160,
        "mode": 420
      },
      {
        "path": "packages/safe-bash/dist/commands/archive/zip/safety.d.ts",
        "size": 1124,
        "mode": 420
      },
      {
        "path": "packages/safe-bash/dist/commands/archive/zip/safety.d.ts.map",
        "size": 1240,
        "mode": 420
      },
      {
        "path": "packages/safe-bash/dist/commands/archive/zip/safety.js",
        "size": 6795,
        "mode": 420
      },
      {
        "path": "packages/safe-bash/dist/commands/archive/zip/safety.js.map",
        "size": 7341,
        "mode": 420
      },
      {
        "path": "packages/safe-bash/dist/commands/basic.d.ts",
        "size": 344,
        "mode": 420
      },
      {
        "path": "packages/safe-bash/dist/commands/basic.d.ts.map",
        "size": 338,
        "mode": 420
      },
      {
        "path": "packages/safe-bash/dist/commands/basic.js",
        "size": 11963,
        "mode": 420
      },
      {
        "path": "packages/safe-bash/dist/commands/basic.js.map",
        "size": 13152,
        "mode": 420
      },
      {
        "path": "packages/safe-bash/dist/commands/bytes/checksums/index.d.ts",
        "size": 271,
        "mode": 420
      },
      {
        "path": "packages/safe-bash/dist/commands/bytes/checksums/index.d.ts.map",
        "size": 309,
        "mode": 420
      },
      {
        "path": "packages/safe-bash/dist/commands/bytes/checksums/index.js",
        "size": 15490,
        "mode": 420
      },
      {
        "path": "packages/safe-bash/dist/commands/bytes/checksums/index.js.map",
        "size": 16393,
        "mode": 420
      },
      {
        "path": "packages/safe-bash/dist/commands/bytes/compression/bounded-codec.d.ts",
        "size": 927,
        "mode": 420
      },
      {
        "path": "packages/safe-bash/dist/commands/bytes/compression/bounded-codec.d.ts.map",
        "size": 972,
        "mode": 420
      },
      {
        "path": "packages/safe-bash/dist/commands/bytes/compression/bounded-codec.js",
        "size": 4325,
        "mode": 420
      },
      {
        "path": "packages/safe-bash/dist/commands/bytes/compression/bounded-codec.js.map",
        "size": 4079,
        "mode": 420
      },
      {
        "path": "packages/safe-bash/dist/commands/bytes/compression/codec-loader.d.ts",
        "size": 407,
        "mode": 420
      },
      {
        "path": "packages/safe-bash/dist/commands/bytes/compression/codec-loader.d.ts.map",
        "size": 395,
        "mode": 420
      },
      {
        "path": "packages/safe-bash/dist/commands/bytes/compression/codec-loader.js",
        "size": 3861,
        "mode": 420
      },
      {
        "path": "packages/safe-bash/dist/commands/bytes/compression/codec-loader.js.map",
        "size": 3546,
        "mode": 420
      },
      {
        "path": "packages/safe-bash/dist/commands/bytes/compression/codec.d.ts",
        "size": 891,
        "mode": 420
      },
      {
        "path": "packages/safe-bash/dist/commands/bytes/compression/codec.d.ts.map",
        "size": 984,
        "mode": 420
      },
      {
        "path": "packages/safe-bash/dist/commands/bytes/compression/codec.js",
        "size": 6868,
        "mode": 420
      },
      {
        "path": "packages/safe-bash/dist/commands/bytes/compression/codec.js.map",
        "size": 6715,
        "mode": 420
      },
      {
        "path": "packages/safe-bash/dist/commands/bytes/compression/errors.d.ts",
        "size": 108,
        "mode": 420
      },
      {
        "path": "packages/safe-bash/dist/commands/bytes/compression/errors.d.ts.map",
        "size": 196,
        "mode": 420
      },
      {
        "path": "packages/safe-bash/dist/commands/bytes/compression/errors.js",
        "size": 1088,
        "mode": 420
      },
      {
        "path": "packages/safe-bash/dist/commands/bytes/compression/errors.js.map",
        "size": 910,
        "mode": 420
      },
      {
        "path": "packages/safe-bash/dist/commands/bytes/compression/file-operation.d.ts",
        "size": 597,
        "mode": 420
      },
      {
        "path": "packages/safe-bash/dist/commands/bytes/compression/file-operation.d.ts.map",
        "size": 745,
        "mode": 420
      },
      {
        "path": "packages/safe-bash/dist/commands/bytes/compression/file-operation.js",
        "size": 5188,
        "mode": 420
      },
      {
        "path": "packages/safe-bash/dist/commands/bytes/compression/file-operation.js.map",
        "size": 5316,
        "mode": 420
      },
      {
        "path": "packages/safe-bash/dist/commands/bytes/compression/files.d.ts",
        "size": 714,
        "mode": 420
      },
      {
        "path": "packages/safe-bash/dist/commands/bytes/compression/files.d.ts.map",
        "size": 775,
        "mode": 420
      },
      {
        "path": "packages/safe-bash/dist/commands/bytes/compression/files.js",
        "size": 15131,
        "mode": 420
      },
      {
        "path": "packages/safe-bash/dist/commands/bytes/compression/files.js.map",
        "size": 15688,
        "mode": 420
      },
      {
        "path": "packages/safe-bash/dist/commands/bytes/compression/gunzip.d.ts",
        "size": 231,
        "mode": 420
      },
      {
        "path": "packages/safe-bash/dist/commands/bytes/compression/gunzip.d.ts.map",
        "size": 309,
        "mode": 420
      },
      {
        "path": "packages/safe-bash/dist/commands/bytes/compression/gunzip.js",
        "size": 5644,
        "mode": 420
      },
      {
        "path": "packages/safe-bash/dist/commands/bytes/compression/gunzip.js.map",
        "size": 6098,
        "mode": 420
      },
      {
        "path": "packages/safe-bash/dist/commands/bytes/compression/index.d.ts",
        "size": 188,
        "mode": 420
      },
      {
        "path": "packages/safe-bash/dist/commands/bytes/compression/index.d.ts.map",
        "size": 238,
        "mode": 420
      },
      {
        "path": "packages/safe-bash/dist/commands/bytes/compression/index.js",
        "size": 2674,
        "mode": 420
      },
      {
        "path": "packages/safe-bash/dist/commands/bytes/compression/index.js.map",
        "size": 2358,
        "mode": 420
      },
      {
        "path": "packages/safe-bash/dist/commands/bytes/compression/native/generated/bz2.d.mts",
        "size": 114,
        "mode": 420
      },
      {
        "path": "packages/safe-bash/dist/commands/bytes/compression/native/generated/bz2.mjs",
        "size": 162421,
        "mode": 420
      },
      {
        "path": "packages/safe-bash/dist/commands/bytes/compression/native/generated/xz.d.mts",
        "size": 114,
        "mode": 420
      },
      {
        "path": "packages/safe-bash/dist/commands/bytes/compression/native/generated/xz.mjs",
        "size": 203484,
        "mode": 420
      },
      {
        "path": "packages/safe-bash/dist/commands/bytes/compression/native/generated/zstd.d.mts",
        "size": 114,
        "mode": 420
      },
      {
        "path": "packages/safe-bash/dist/commands/bytes/compression/native/generated/zstd.mjs",
        "size": 1184023,
        "mode": 420
      },
      {
        "path": "packages/safe-bash/dist/commands/bytes/compression/native/LICENSES.txt",
        "size": 37012,
        "mode": 420
      },
      {
        "path": "packages/safe-bash/dist/commands/bytes/compression/native/sources.json",
        "size": 8349,
        "mode": 420
      },
      {
        "path": "packages/safe-bash/dist/commands/bytes/compression/native/types.d.ts",
        "size": 702,
        "mode": 420
      },
      {
        "path": "packages/safe-bash/dist/commands/bytes/compression/native/types.d.ts.map",
        "size": 826,
        "mode": 420
      },
      {
        "path": "packages/safe-bash/dist/commands/bytes/compression/native/types.js",
        "size": 44,
        "mode": 420
      },
      {
        "path": "packages/safe-bash/dist/commands/bytes/compression/native/types.js.map",
        "size": 148,
        "mode": 420
      },
      {
        "path": "packages/safe-bash/dist/commands/bytes/compression/options.d.ts",
        "size": 1158,
        "mode": 420
      },
      {
        "path": "packages/safe-bash/dist/commands/bytes/compression/options.d.ts.map",
        "size": 619,
        "mode": 420
      },
      {
        "path": "packages/safe-bash/dist/commands/bytes/compression/options.js",
        "size": 2846,
        "mode": 420
      },
      {
        "path": "packages/safe-bash/dist/commands/bytes/compression/options.js.map",
        "size": 3067,
        "mode": 420
      },
      {
        "path": "packages/safe-bash/dist/commands/bytes/compression/stream.d.ts",
        "size": 497,
        "mode": 420
      },
      {
        "path": "packages/safe-bash/dist/commands/bytes/compression/stream.d.ts.map",
        "size": 559,
        "mode": 420
      },
      {
        "path": "packages/safe-bash/dist/commands/bytes/compression/stream.js",
        "size": 4755,
        "mode": 420
      },
      {
        "path": "packages/safe-bash/dist/commands/bytes/compression/stream.js.map",
        "size": 5102,
        "mode": 420
      },
      {
        "path": "packages/safe-bash/dist/commands/bytes/encoding/base.d.ts",
        "size": 216,
        "mode": 420
      },
      {
        "path": "packages/safe-bash/dist/commands/bytes/encoding/base.d.ts.map",
        "size": 273,
        "mode": 420
      },
      {
        "path": "packages/safe-bash/dist/commands/bytes/encoding/base.js",
        "size": 4591,
        "mode": 420
      },
      {
        "path": "packages/safe-bash/dist/commands/bytes/encoding/base.js.map",
        "size": 5412,
        "mode": 420
      },
      {
        "path": "packages/safe-bash/dist/commands/bytes/encoding/index.d.ts",
        "size": 271,
        "mode": 420
      },
      {
        "path": "packages/safe-bash/dist/commands/bytes/encoding/index.d.ts.map",
        "size": 306,
        "mode": 420
      },
      {
        "path": "packages/safe-bash/dist/commands/bytes/encoding/index.js",
        "size": 501,
        "mode": 420
      },
      {
        "path": "packages/safe-bash/dist/commands/bytes/encoding/index.js.map",
        "size": 551,
        "mode": 420
      },
      {
        "path": "packages/safe-bash/dist/commands/bytes/encoding/od.d.ts",
        "size": 185,
        "mode": 420
      },
      {
        "path": "packages/safe-bash/dist/commands/bytes/encoding/od.d.ts.map",
        "size": 237,
        "mode": 420
      },
      {
        "path": "packages/safe-bash/dist/commands/bytes/encoding/od.js",
        "size": 6836,
        "mode": 420
      },
      {
        "path": "packages/safe-bash/dist/commands/bytes/encoding/od.js.map",
        "size": 8011,
        "mode": 420
      },
      {
        "path": "packages/safe-bash/dist/commands/bytes/encoding/shared.d.ts",
        "size": 796,
        "mode": 420
      },
      {
        "path": "packages/safe-bash/dist/commands/bytes/encoding/shared.d.ts.map",
        "size": 841,
        "mode": 420
      },
      {
        "path": "packages/safe-bash/dist/commands/bytes/encoding/shared.js",
        "size": 4209,
        "mode": 420
      },
      {
        "path": "packages/safe-bash/dist/commands/bytes/encoding/shared.js.map",
        "size": 4711,
        "mode": 420
      },
      {
        "path": "packages/safe-bash/dist/commands/bytes/encoding/xxd.d.ts",
        "size": 187,
        "mode": 420
      },
      {
        "path": "packages/safe-bash/dist/commands/bytes/encoding/xxd.d.ts.map",
        "size": 242,
        "mode": 420
      },
      {
        "path": "packages/safe-bash/dist/commands/bytes/encoding/xxd.js",
        "size": 6811,
        "mode": 420
      },
      {
        "path": "packages/safe-bash/dist/commands/bytes/encoding/xxd.js.map",
        "size": 7302,
        "mode": 420
      },
      {
        "path": "packages/safe-bash/dist/commands/bytes/index.d.ts",
        "size": 828,
        "mode": 420
      },
      {
        "path": "packages/safe-bash/dist/commands/bytes/index.d.ts.map",
        "size": 623,
        "mode": 420
      },
      {
        "path": "packages/safe-bash/dist/commands/bytes/index.js",
        "size": 1007,
        "mode": 420
      },
      {
        "path": "packages/safe-bash/dist/commands/bytes/index.js.map",
        "size": 939,
        "mode": 420
      },
      {
        "path": "packages/safe-bash/dist/commands/bytes/input-budget.d.ts",
        "size": 776,
        "mode": 420
      },
      {
        "path": "packages/safe-bash/dist/commands/bytes/input-budget.d.ts.map",
        "size": 593,
        "mode": 420
      },
      {
        "path": "packages/safe-bash/dist/commands/bytes/input-budget.js",
        "size": 1224,
        "mode": 420
      },
      {
        "path": "packages/safe-bash/dist/commands/bytes/input-budget.js.map",
        "size": 1277,
        "mode": 420
      },
      {
        "path": "packages/safe-bash/dist/commands/cmp.d.ts",
        "size": 154,
        "mode": 420
      },
      {
        "path": "packages/safe-bash/dist/commands/cmp.d.ts.map",
        "size": 200,
        "mode": 420
      },
      {
        "path": "packages/safe-bash/dist/commands/cmp.js",
        "size": 27217,
        "mode": 420
      },
      {
        "path": "packages/safe-bash/dist/commands/cmp.js.map",
        "size": 29494,
        "mode": 420
      },
      {
        "path": "packages/safe-bash/dist/commands/column/column.d.ts",
        "size": 259,
        "mode": 420
      },
      {
        "path": "packages/safe-bash/dist/commands/column/column.d.ts.map",
        "size": 289,
        "mode": 420
      },
      {
        "path": "packages/safe-bash/dist/commands/column/column.js",
        "size": 6678,
        "mode": 420
      },
      {
        "path": "packages/safe-bash/dist/commands/column/column.js.map",
        "size": 5698,
        "mode": 420
      },
      {
        "path": "packages/safe-bash/dist/commands/column/display.d.ts",
        "size": 605,
        "mode": 420
      },
      {
        "path": "packages/safe-bash/dist/commands/column/display.d.ts.map",
        "size": 694,
        "mode": 420
      },
      {
        "path": "packages/safe-bash/dist/commands/column/display.js",
        "size": 3355,
        "mode": 420
      },
      {
        "path": "packages/safe-bash/dist/commands/column/display.js.map",
        "size": 4134,
        "mode": 420
      },
      {
        "path": "packages/safe-bash/dist/commands/column/index.d.ts",
        "size": 507,
        "mode": 420
      },
      {
        "path": "packages/safe-bash/dist/commands/column/index.d.ts.map",
        "size": 457,
        "mode": 420
      },
      {
        "path": "packages/safe-bash/dist/commands/column/index.js",
        "size": 780,
        "mode": 420
      },
      {
        "path": "packages/safe-bash/dist/commands/column/index.js.map",
        "size": 814,
        "mode": 420
      },
      {
        "path": "packages/safe-bash/dist/commands/column/internal.d.ts",
        "size": 1415,
        "mode": 420
      },
      {
        "path": "packages/safe-bash/dist/commands/column/internal.d.ts.map",
        "size": 1518,
        "mode": 420
      },
      {
        "path": "packages/safe-bash/dist/commands/column/internal.js",
        "size": 7976,
        "mode": 420
      },
      {
        "path": "packages/safe-bash/dist/commands/column/internal.js.map",
        "size": 8861,
        "mode": 420
      },
      {
        "path": "packages/safe-bash/dist/commands/column/options.d.ts",
        "size": 2081,
        "mode": 420
      },
      {
        "path": "packages/safe-bash/dist/commands/column/options.d.ts.map",
        "size": 1356,
        "mode": 420
      },
      {
        "path": "packages/safe-bash/dist/commands/column/options.js",
        "size": 6224,
        "mode": 420
      },
      {
        "path": "packages/safe-bash/dist/commands/column/options.js.map",
        "size": 5436,
        "mode": 420
      },
      {
        "path": "packages/safe-bash/dist/commands/column/table.d.ts",
        "size": 268,
        "mode": 420
      },
      {
        "path": "packages/safe-bash/dist/commands/column/table.d.ts.map",
        "size": 366,
        "mode": 420
      },
      {
        "path": "packages/safe-bash/dist/commands/column/table.js",
        "size": 3330,
        "mode": 420
      },
      {
        "path": "packages/safe-bash/dist/commands/column/table.js.map",
        "size": 3958,
        "mode": 420
      },
      {
        "path": "packages/safe-bash/dist/commands/copy-identity.d.ts",
        "size": 485,
        "mode": 420
      },
      {
        "path": "packages/safe-bash/dist/commands/copy-identity.d.ts.map",
        "size": 534,
        "mode": 420
      },
      {
        "path": "packages/safe-bash/dist/commands/copy-identity.js",
        "size": 2048,
        "mode": 420
      },
      {
        "path": "packages/safe-bash/dist/commands/copy-identity.js.map",
        "size": 2324,
        "mode": 420
      },
      {
        "path": "packages/safe-bash/dist/commands/csplit/command.d.ts",
        "size": 436,
        "mode": 420
      },
      {
        "path": "packages/safe-bash/dist/commands/csplit/command.d.ts.map",
        "size": 405,
        "mode": 420
      },
      {
        "path": "packages/safe-bash/dist/commands/csplit/command.js",
        "size": 4575,
        "mode": 420
      },
      {
        "path": "packages/safe-bash/dist/commands/csplit/command.js.map",
        "size": 3672,
        "mode": 420
      },
      {
        "path": "packages/safe-bash/dist/commands/csplit/index.browser.js",
        "size": 437,
        "mode": 420
      },
      {
        "path": "packages/safe-bash/dist/commands/csplit/index.browser.js.map",
        "size": 93,
        "mode": 420
      },
      {
        "path": "packages/safe-bash/dist/commands/csplit/index.d.ts",
        "size": 555,
        "mode": 420
      },
      {
        "path": "packages/safe-bash/dist/commands/csplit/index.d.ts.map",
        "size": 473,
        "mode": 420
      },
      {
        "path": "packages/safe-bash/dist/commands/csplit/index.js",
        "size": 1239,
        "mode": 420
      },
      {
        "path": "packages/safe-bash/dist/commands/csplit/index.js.map",
        "size": 1239,
        "mode": 420
      },
      {
        "path": "packages/safe-bash/dist/commands/csplit/internal.d.ts",
        "size": 2522,
        "mode": 420
      },
      {
        "path": "packages/safe-bash/dist/commands/csplit/internal.d.ts.map",
        "size": 2428,
        "mode": 420
      },
      {
        "path": "packages/safe-bash/dist/commands/csplit/internal.js",
        "size": 6820,
        "mode": 420
      },
      {
        "path": "packages/safe-bash/dist/commands/csplit/internal.js.map",
        "size": 6832,
        "mode": 420
      },
      {
        "path": "packages/safe-bash/dist/commands/csplit/io.d.ts",
        "size": 1769,
        "mode": 420
      },
      {
        "path": "packages/safe-bash/dist/commands/csplit/io.d.ts.map",
        "size": 1886,
        "mode": 420
      },
      {
        "path": "packages/safe-bash/dist/commands/csplit/io.js",
        "size": 15936,
        "mode": 420
      },
      {
        "path": "packages/safe-bash/dist/commands/csplit/io.js.map",
        "size": 16884,
        "mode": 420
      },
      {
        "path": "packages/safe-bash/dist/commands/csplit/options.d.ts",
        "size": 587,
        "mode": 420
      },
      {
        "path": "packages/safe-bash/dist/commands/csplit/options.d.ts.map",
        "size": 713,
        "mode": 420
      },
      {
        "path": "packages/safe-bash/dist/commands/csplit/options.js",
        "size": 8354,
        "mode": 420
      },
      {
        "path": "packages/safe-bash/dist/commands/csplit/options.js.map",
        "size": 9519,
        "mode": 420
      },
      {
        "path": "packages/safe-bash/dist/commands/csplit/patterns.d.ts",
        "size": 712,
        "mode": 420
      },
      {
        "path": "packages/safe-bash/dist/commands/csplit/patterns.d.ts.map",
        "size": 798,
        "mode": 420
      },
      {
        "path": "packages/safe-bash/dist/commands/csplit/patterns.js",
        "size": 4746,
        "mode": 420
      },
      {
        "path": "packages/safe-bash/dist/commands/csplit/patterns.js.map",
        "size": 4726,
        "mode": 420
      },
      {
        "path": "packages/safe-bash/dist/commands/csplit/quoting.d.ts",
        "size": 113,
        "mode": 420
      },
      {
        "path": "packages/safe-bash/dist/commands/csplit/quoting.d.ts.map",
        "size": 204,
        "mode": 420
      },
      {
        "path": "packages/safe-bash/dist/commands/csplit/quoting.js",
        "size": 13005,
        "mode": 420
      },
      {
        "path": "packages/safe-bash/dist/commands/csplit/quoting.js.map",
        "size": 15422,
        "mode": 420
      },
      {
        "path": "packages/safe-bash/dist/commands/csplit/split.d.ts",
        "size": 529,
        "mode": 420
      },
      {
        "path": "packages/safe-bash/dist/commands/csplit/split.d.ts.map",
        "size": 595,
        "mode": 420
      },
      {
        "path": "packages/safe-bash/dist/commands/csplit/split.js",
        "size": 4742,
        "mode": 420
      },
      {
        "path": "packages/safe-bash/dist/commands/csplit/split.js.map",
        "size": 5279,
        "mode": 420
      },
      {
        "path": "packages/safe-bash/dist/commands/diff-patch/diff-format.d.ts",
        "size": 534,
        "mode": 420
      },
      {
        "path": "packages/safe-bash/dist/commands/diff-patch/diff-format.d.ts.map",
        "size": 722,
        "mode": 420
      },
      {
        "path": "packages/safe-bash/dist/commands/diff-patch/diff-format.js",
        "size": 5607,
        "mode": 420
      },
      {
        "path": "packages/safe-bash/dist/commands/diff-patch/diff-format.js.map",
        "size": 6458,
        "mode": 420
      },
      {
        "path": "packages/safe-bash/dist/commands/diff-patch/diff.d.ts",
        "size": 207,
        "mode": 420
      },
      {
        "path": "packages/safe-bash/dist/commands/diff-patch/diff.d.ts.map",
        "size": 223,
        "mode": 420
      },
      {
        "path": "packages/safe-bash/dist/commands/diff-patch/diff.js",
        "size": 13706,
        "mode": 420
      },
      {
        "path": "packages/safe-bash/dist/commands/diff-patch/diff.js.map",
        "size": 14944,
        "mode": 420
      },
      {
        "path": "packages/safe-bash/dist/commands/diff-patch/index.d.ts",
        "size": 426,
        "mode": 420
      },
      {
        "path": "packages/safe-bash/dist/commands/diff-patch/index.d.ts.map",
        "size": 410,
        "mode": 420
      },
      {
        "path": "packages/safe-bash/dist/commands/diff-patch/index.js",
        "size": 826,
        "mode": 420
      },
      {
        "path": "packages/safe-bash/dist/commands/diff-patch/index.js.map",
        "size": 839,
        "mode": 420
      },
      {
        "path": "packages/safe-bash/dist/commands/diff-patch/patch-envelope.d.ts",
        "size": 166,
        "mode": 420
      },
      {
        "path": "packages/safe-bash/dist/commands/diff-patch/patch-envelope.d.ts.map",
        "size": 278,
        "mode": 420
      },
      {
        "path": "packages/safe-bash/dist/commands/diff-patch/patch-envelope.js",
        "size": 2628,
        "mode": 420
      },
      {
        "path": "packages/safe-bash/dist/commands/diff-patch/patch-envelope.js.map",
        "size": 2494,
        "mode": 420
      },
      {
        "path": "packages/safe-bash/dist/commands/diff-patch/patch-formats.d.ts",
        "size": 419,
        "mode": 420
      },
      {
        "path": "packages/safe-bash/dist/commands/diff-patch/patch-formats.d.ts.map",
        "size": 527,
        "mode": 420
      },
      {
        "path": "packages/safe-bash/dist/commands/diff-patch/patch-formats.js",
        "size": 11610,
        "mode": 420
      },
      {
        "path": "packages/safe-bash/dist/commands/diff-patch/patch-formats.js.map",
        "size": 12547,
        "mode": 420
      },
      {
        "path": "packages/safe-bash/dist/commands/diff-patch/patch-gnu-paths.d.ts",
        "size": 1947,
        "mode": 420
      },
      {
        "path": "packages/safe-bash/dist/commands/diff-patch/patch-gnu-paths.d.ts.map",
        "size": 2101,
        "mode": 420
      },
      {
        "path": "packages/safe-bash/dist/commands/diff-patch/patch-gnu-paths.js",
        "size": 9395,
        "mode": 420
      },
      {
        "path": "packages/safe-bash/dist/commands/diff-patch/patch-gnu-paths.js.map",
        "size": 10693,
        "mode": 420
      },
      {
        "path": "packages/safe-bash/dist/commands/diff-patch/patch-gnu-reject.d.ts",
        "size": 377,
        "mode": 420
      },
      {
        "path": "packages/safe-bash/dist/commands/diff-patch/patch-gnu-reject.d.ts.map",
        "size": 484,
        "mode": 420
      },
      {
        "path": "packages/safe-bash/dist/commands/diff-patch/patch-gnu-reject.js",
        "size": 3679,
        "mode": 420
      },
      {
        "path": "packages/safe-bash/dist/commands/diff-patch/patch-gnu-reject.js.map",
        "size": 4488,
        "mode": 420
      },
      {
        "path": "packages/safe-bash/dist/commands/diff-patch/patch-path.d.ts",
        "size": 277,
        "mode": 420
      },
      {
        "path": "packages/safe-bash/dist/commands/diff-patch/patch-path.d.ts.map",
        "size": 347,
        "mode": 420
      },
      {
        "path": "packages/safe-bash/dist/commands/diff-patch/patch-path.js",
        "size": 4602,
        "mode": 420
      },
      {
        "path": "packages/safe-bash/dist/commands/diff-patch/patch-path.js.map",
        "size": 5430,
        "mode": 420
      },
      {
        "path": "packages/safe-bash/dist/commands/diff-patch/patch.d.ts",
        "size": 209,
        "mode": 420
      },
      {
        "path": "packages/safe-bash/dist/commands/diff-patch/patch.d.ts.map",
        "size": 225,
        "mode": 420
      },
      {
        "path": "packages/safe-bash/dist/commands/diff-patch/patch.js",
        "size": 20477,
        "mode": 420
      },
      {
        "path": "packages/safe-bash/dist/commands/diff-patch/patch.js.map",
        "size": 21790,
        "mode": 420
      },
      {
        "path": "packages/safe-bash/dist/commands/diff-patch/shared.d.ts",
        "size": 1783,
        "mode": 420
      },
      {
        "path": "packages/safe-bash/dist/commands/diff-patch/shared.d.ts.map",
        "size": 1896,
        "mode": 420
      },
      {
        "path": "packages/safe-bash/dist/commands/diff-patch/shared.js",
        "size": 7198,
        "mode": 420
      },
      {
        "path": "packages/safe-bash/dist/commands/diff-patch/shared.js.map",
        "size": 7960,
        "mode": 420
      },
      {
        "path": "packages/safe-bash/dist/commands/diff-patch/unified.d.ts",
        "size": 1764,
        "mode": 420
      },
      {
        "path": "packages/safe-bash/dist/commands/diff-patch/unified.d.ts.map",
        "size": 2007,
        "mode": 420
      },
      {
        "path": "packages/safe-bash/dist/commands/diff-patch/unified.js",
        "size": 11864,
        "mode": 420
      },
      {
        "path": "packages/safe-bash/dist/commands/diff-patch/unified.js.map",
        "size": 12172,
        "mode": 420
      },
      {
        "path": "packages/safe-bash/dist/commands/directory-admission.d.ts",
        "size": 360,
        "mode": 420
      },
      {
        "path": "packages/safe-bash/dist/commands/directory-admission.d.ts.map",
        "size": 376,
        "mode": 420
      },
      {
        "path": "packages/safe-bash/dist/commands/directory-admission.js",
        "size": 1258,
        "mode": 420
      },
      {
        "path": "packages/safe-bash/dist/commands/directory-admission.js.map",
        "size": 1486,
        "mode": 420
      },
      {
        "path": "packages/safe-bash/dist/commands/du/arguments.d.ts",
        "size": 1625,
        "mode": 420
      },
      {
        "path": "packages/safe-bash/dist/commands/du/arguments.d.ts.map",
        "size": 706,
        "mode": 420
      },
      {
        "path": "packages/safe-bash/dist/commands/du/arguments.js",
        "size": 6683,
        "mode": 420
      },
      {
        "path": "packages/safe-bash/dist/commands/du/arguments.js.map",
        "size": 5647,
        "mode": 420
      },
      {
        "path": "packages/safe-bash/dist/commands/du/budget.d.ts",
        "size": 1372,
        "mode": 420
      },
      {
        "path": "packages/safe-bash/dist/commands/du/budget.d.ts.map",
        "size": 1524,
        "mode": 420
      },
      {
        "path": "packages/safe-bash/dist/commands/du/budget.js",
        "size": 5401,
        "mode": 420
      },
      {
        "path": "packages/safe-bash/dist/commands/du/budget.js.map",
        "size": 6668,
        "mode": 420
      },
      {
        "path": "packages/safe-bash/dist/commands/du/du.d.ts",
        "size": 243,
        "mode": 420
      },
      {
        "path": "packages/safe-bash/dist/commands/du/du.d.ts.map",
        "size": 274,
        "mode": 420
      },
      {
        "path": "packages/safe-bash/dist/commands/du/du.js",
        "size": 9052,
        "mode": 420
      },
      {
        "path": "packages/safe-bash/dist/commands/du/du.js.map",
        "size": 10252,
        "mode": 420
      },
      {
        "path": "packages/safe-bash/dist/commands/du/format.d.ts",
        "size": 405,
        "mode": 420
      },
      {
        "path": "packages/safe-bash/dist/commands/du/format.d.ts.map",
        "size": 478,
        "mode": 420
      },
      {
        "path": "packages/safe-bash/dist/commands/du/format.js",
        "size": 2162,
        "mode": 420
      },
      {
        "path": "packages/safe-bash/dist/commands/du/format.js.map",
        "size": 2901,
        "mode": 420
      },
      {
        "path": "packages/safe-bash/dist/commands/du/index.d.ts",
        "size": 471,
        "mode": 420
      },
      {
        "path": "packages/safe-bash/dist/commands/du/index.d.ts.map",
        "size": 451,
        "mode": 420
      },
      {
        "path": "packages/safe-bash/dist/commands/du/index.js",
        "size": 754,
        "mode": 420
      },
      {
        "path": "packages/safe-bash/dist/commands/du/index.js.map",
        "size": 813,
        "mode": 420
      },
      {
        "path": "packages/safe-bash/dist/commands/du/options.d.ts",
        "size": 573,
        "mode": 420
      },
      {
        "path": "packages/safe-bash/dist/commands/du/options.d.ts.map",
        "size": 661,
        "mode": 420
      },
      {
        "path": "packages/safe-bash/dist/commands/du/options.js",
        "size": 593,
        "mode": 420
      },
      {
        "path": "packages/safe-bash/dist/commands/du/options.js.map",
        "size": 732,
        "mode": 420
      },
      {
        "path": "packages/safe-bash/dist/commands/env-split.d.ts",
        "size": 455,
        "mode": 420
      },
      {
        "path": "packages/safe-bash/dist/commands/env-split.d.ts.map",
        "size": 494,
        "mode": 420
      },
      {
        "path": "packages/safe-bash/dist/commands/env-split.js",
        "size": 13498,
        "mode": 420
      },
      {
        "path": "packages/safe-bash/dist/commands/env-split.js.map",
        "size": 14438,
        "mode": 420
      },
      {
        "path": "packages/safe-bash/dist/commands/execution.d.ts",
        "size": 427,
        "mode": 420
      },
      {
        "path": "packages/safe-bash/dist/commands/execution.d.ts.map",
        "size": 399,
        "mode": 420
      },
      {
        "path": "packages/safe-bash/dist/commands/execution.js",
        "size": 17741,
        "mode": 420
      },
      {
        "path": "packages/safe-bash/dist/commands/execution.js.map",
        "size": 16705,
        "mode": 420
      },
      {
        "path": "packages/safe-bash/dist/commands/expr/bre-engine.d.ts",
        "size": 573,
        "mode": 420
      },
      {
        "path": "packages/safe-bash/dist/commands/expr/bre-engine.d.ts.map",
        "size": 597,
        "mode": 420
      },
      {
        "path": "packages/safe-bash/dist/commands/expr/bre-engine.js",
        "size": 98419,
        "mode": 420
      },
      {
        "path": "packages/safe-bash/dist/commands/expr/bre-engine.js.map",
        "size": 114235,
        "mode": 420
      },
      {
        "path": "packages/safe-bash/dist/commands/expr/bre-worker.d.ts",
        "size": 382,
        "mode": 420
      },
      {
        "path": "packages/safe-bash/dist/commands/expr/bre-worker.d.ts.map",
        "size": 365,
        "mode": 420
      },
      {
        "path": "packages/safe-bash/dist/commands/expr/bre-worker.js",
        "size": 809,
        "mode": 420
      },
      {
        "path": "packages/safe-bash/dist/commands/expr/bre-worker.js.map",
        "size": 857,
        "mode": 420
      },
      {
        "path": "packages/safe-bash/dist/commands/expr/command.d.ts",
        "size": 426,
        "mode": 420
      },
      {
        "path": "packages/safe-bash/dist/commands/expr/command.d.ts.map",
        "size": 403,
        "mode": 420
      },
      {
        "path": "packages/safe-bash/dist/commands/expr/command.js",
        "size": 5589,
        "mode": 420
      },
      {
        "path": "packages/safe-bash/dist/commands/expr/command.js.map",
        "size": 4676,
        "mode": 420
      },
      {
        "path": "packages/safe-bash/dist/commands/expr/evaluate.d.ts",
        "size": 953,
        "mode": 420
      },
      {
        "path": "packages/safe-bash/dist/commands/expr/evaluate.d.ts.map",
        "size": 1066,
        "mode": 420
      },
      {
        "path": "packages/safe-bash/dist/commands/expr/evaluate.js",
        "size": 6841,
        "mode": 420
      },
      {
        "path": "packages/safe-bash/dist/commands/expr/evaluate.js.map",
        "size": 8535,
        "mode": 420
      },
      {
        "path": "packages/safe-bash/dist/commands/expr/index.d.ts",
        "size": 537,
        "mode": 420
      },
      {
        "path": "packages/safe-bash/dist/commands/expr/index.d.ts.map",
        "size": 471,
        "mode": 420
      },
      {
        "path": "packages/safe-bash/dist/commands/expr/index.js",
        "size": 1022,
        "mode": 420
      },
      {
        "path": "packages/safe-bash/dist/commands/expr/index.js.map",
        "size": 1011,
        "mode": 420
      },
      {
        "path": "packages/safe-bash/dist/commands/expr/internal.d.ts",
        "size": 1950,
        "mode": 420
      },
      {
        "path": "packages/safe-bash/dist/commands/expr/internal.d.ts.map",
        "size": 1881,
        "mode": 420
      },
      {
        "path": "packages/safe-bash/dist/commands/expr/internal.js",
        "size": 6174,
        "mode": 420
      },
      {
        "path": "packages/safe-bash/dist/commands/expr/internal.js.map",
        "size": 6225,
        "mode": 420
      },
      {
        "path": "packages/safe-bash/dist/commands/expr/syntax.d.ts",
        "size": 267,
        "mode": 420
      },
      {
        "path": "packages/safe-bash/dist/commands/expr/syntax.d.ts.map",
        "size": 364,
        "mode": 420
      },
      {
        "path": "packages/safe-bash/dist/commands/expr/syntax.js",
        "size": 5694,
        "mode": 420
      },
      {
        "path": "packages/safe-bash/dist/commands/expr/syntax.js.map",
        "size": 6937,
        "mode": 420
      },
      {
        "path": "packages/safe-bash/dist/commands/factor/command.d.ts",
        "size": 261,
        "mode": 420
      },
      {
        "path": "packages/safe-bash/dist/commands/factor/command.d.ts.map",
        "size": 288,
        "mode": 420
      },
      {
        "path": "packages/safe-bash/dist/commands/factor/command.js",
        "size": 6249,
        "mode": 420
      },
      {
        "path": "packages/safe-bash/dist/commands/factor/command.js.map",
        "size": 4931,
        "mode": 420
      },
      {
        "path": "packages/safe-bash/dist/commands/factor/factor.d.ts",
        "size": 269,
        "mode": 420
      },
      {
        "path": "packages/safe-bash/dist/commands/factor/factor.d.ts.map",
        "size": 366,
        "mode": 420
      },
      {
        "path": "packages/safe-bash/dist/commands/factor/factor.js",
        "size": 1701,
        "mode": 420
      },
      {
        "path": "packages/safe-bash/dist/commands/factor/factor.js.map",
        "size": 2069,
        "mode": 420
      },
      {
        "path": "packages/safe-bash/dist/commands/factor/index.browser.js",
        "size": 355,
        "mode": 420
      },
      {
        "path": "packages/safe-bash/dist/commands/factor/index.browser.js.map",
        "size": 93,
        "mode": 420
      },
      {
        "path": "packages/safe-bash/dist/commands/factor/index.d.ts",
        "size": 510,
        "mode": 420
      },
      {
        "path": "packages/safe-bash/dist/commands/factor/index.d.ts.map",
        "size": 457,
        "mode": 420
      },
      {
        "path": "packages/safe-bash/dist/commands/factor/index.js",
        "size": 533,
        "mode": 420
      },
      {
        "path": "packages/safe-bash/dist/commands/factor/index.js.map",
        "size": 606,
        "mode": 420
      },
      {
        "path": "packages/safe-bash/dist/commands/factor/internal.d.ts",
        "size": 1899,
        "mode": 420
      },
      {
        "path": "packages/safe-bash/dist/commands/factor/internal.d.ts.map",
        "size": 1904,
        "mode": 420
      },
      {
        "path": "packages/safe-bash/dist/commands/factor/internal.js",
        "size": 5594,
        "mode": 420
      },
      {
        "path": "packages/safe-bash/dist/commands/factor/internal.js.map",
        "size": 6163,
        "mode": 420
      },
      {
        "path": "packages/safe-bash/dist/commands/factor/io.d.ts",
        "size": 1142,
        "mode": 420
      },
      {
        "path": "packages/safe-bash/dist/commands/factor/io.d.ts.map",
        "size": 1251,
        "mode": 420
      },
      {
        "path": "packages/safe-bash/dist/commands/factor/io.js",
        "size": 7493,
        "mode": 420
      },
      {
        "path": "packages/safe-bash/dist/commands/factor/io.js.map",
        "size": 8125,
        "mode": 420
      },
      {
        "path": "packages/safe-bash/dist/commands/file/classify.d.ts",
        "size": 299,
        "mode": 420
      },
      {
        "path": "packages/safe-bash/dist/commands/file/classify.d.ts.map",
        "size": 375,
        "mode": 420
      },
      {
        "path": "packages/safe-bash/dist/commands/file/classify.js",
        "size": 7457,
        "mode": 420
      },
      {
        "path": "packages/safe-bash/dist/commands/file/classify.js.map",
        "size": 10381,
        "mode": 420
      },
      {
        "path": "packages/safe-bash/dist/commands/file/index.d.ts",
        "size": 538,
        "mode": 420
      },
      {
        "path": "packages/safe-bash/dist/commands/file/index.d.ts.map",
        "size": 481,
        "mode": 420
      },
      {
        "path": "packages/safe-bash/dist/commands/file/index.js",
        "size": 12294,
        "mode": 420
      },
      {
        "path": "packages/safe-bash/dist/commands/file/index.js.map",
        "size": 11967,
        "mode": 420
      },
      {
        "path": "packages/safe-bash/dist/commands/file/shared.d.ts",
        "size": 1782,
        "mode": 420
      },
      {
        "path": "packages/safe-bash/dist/commands/file/shared.d.ts.map",
        "size": 1849,
        "mode": 420
      },
      {
        "path": "packages/safe-bash/dist/commands/file/shared.js",
        "size": 6830,
        "mode": 420
      },
      {
        "path": "packages/safe-bash/dist/commands/file/shared.js.map",
        "size": 7635,
        "mode": 420
      },
      {
        "path": "packages/safe-bash/dist/commands/filesystem-requirements.d.ts",
        "size": 1662,
        "mode": 420
      },
      {
        "path": "packages/safe-bash/dist/commands/filesystem-requirements.d.ts.map",
        "size": 461,
        "mode": 420
      },
      {
        "path": "packages/safe-bash/dist/commands/filesystem-requirements.js",
        "size": 6022,
        "mode": 420
      },
      {
        "path": "packages/safe-bash/dist/commands/filesystem-requirements.js.map",
        "size": 5273,
        "mode": 420
      },
      {
        "path": "packages/safe-bash/dist/commands/filesystem.d.ts",
        "size": 199,
        "mode": 420
      },
      {
        "path": "packages/safe-bash/dist/commands/filesystem.d.ts.map",
        "size": 248,
        "mode": 420
      },
      {
        "path": "packages/safe-bash/dist/commands/filesystem.js",
        "size": 41361,
        "mode": 420
      },
      {
        "path": "packages/safe-bash/dist/commands/filesystem.js.map",
        "size": 44118,
        "mode": 420
      },
      {
        "path": "packages/safe-bash/dist/commands/find-format.d.ts",
        "size": 1128,
        "mode": 420
      },
      {
        "path": "packages/safe-bash/dist/commands/find-format.d.ts.map",
        "size": 1086,
        "mode": 420
      },
      {
        "path": "packages/safe-bash/dist/commands/find-format.js",
        "size": 6229,
        "mode": 420
      },
      {
        "path": "packages/safe-bash/dist/commands/find-format.js.map",
        "size": 7063,
        "mode": 420
      },
      {
        "path": "packages/safe-bash/dist/commands/find.d.ts",
        "size": 233,
        "mode": 420
      },
      {
        "path": "packages/safe-bash/dist/commands/find.d.ts.map",
        "size": 268,
        "mode": 420
      },
      {
        "path": "packages/safe-bash/dist/commands/find.js",
        "size": 17950,
        "mode": 420
      },
      {
        "path": "packages/safe-bash/dist/commands/find.js.map",
        "size": 16719,
        "mode": 420
      },
      {
        "path": "packages/safe-bash/dist/commands/fmt.d.ts",
        "size": 154,
        "mode": 420
      },
      {
        "path": "packages/safe-bash/dist/commands/fmt.d.ts.map",
        "size": 201,
        "mode": 420
      },
      {
        "path": "packages/safe-bash/dist/commands/fmt.js",
        "size": 43904,
        "mode": 420
      },
      {
        "path": "packages/safe-bash/dist/commands/fmt.js.map",
        "size": 47350,
        "mode": 420
      },
      {
        "path": "packages/safe-bash/dist/commands/getopt/command.d.ts",
        "size": 261,
        "mode": 420
      },
      {
        "path": "packages/safe-bash/dist/commands/getopt/command.d.ts.map",
        "size": 288,
        "mode": 420
      },
      {
        "path": "packages/safe-bash/dist/commands/getopt/command.js",
        "size": 9729,
        "mode": 420
      },
      {
        "path": "packages/safe-bash/dist/commands/getopt/command.js.map",
        "size": 7616,
        "mode": 420
      },
      {
        "path": "packages/safe-bash/dist/commands/getopt/index.browser.js",
        "size": 355,
        "mode": 420
      },
      {
        "path": "packages/safe-bash/dist/commands/getopt/index.browser.js.map",
        "size": 93,
        "mode": 420
      },
      {
        "path": "packages/safe-bash/dist/commands/getopt/index.d.ts",
        "size": 510,
        "mode": 420
      },
      {
        "path": "packages/safe-bash/dist/commands/getopt/index.d.ts.map",
        "size": 457,
        "mode": 420
      },
      {
        "path": "packages/safe-bash/dist/commands/getopt/index.js",
        "size": 533,
        "mode": 420
      },
      {
        "path": "packages/safe-bash/dist/commands/getopt/index.js.map",
        "size": 606,
        "mode": 420
      },
      {
        "path": "packages/safe-bash/dist/commands/getopt/internal.d.ts",
        "size": 1663,
        "mode": 420
      },
      {
        "path": "packages/safe-bash/dist/commands/getopt/internal.d.ts.map",
        "size": 1648,
        "mode": 420
      },
      {
        "path": "packages/safe-bash/dist/commands/getopt/internal.js",
        "size": 5385,
        "mode": 420
      },
      {
        "path": "packages/safe-bash/dist/commands/getopt/internal.js.map",
        "size": 5600,
        "mode": 420
      },
      {
        "path": "packages/safe-bash/dist/commands/getopt/io.d.ts",
        "size": 531,
        "mode": 420
      },
      {
        "path": "packages/safe-bash/dist/commands/getopt/io.d.ts.map",
        "size": 611,
        "mode": 420
      },
      {
        "path": "packages/safe-bash/dist/commands/getopt/io.js",
        "size": 3763,
        "mode": 420
      },
      {
        "path": "packages/safe-bash/dist/commands/getopt/io.js.map",
        "size": 4457,
        "mode": 420
      },
      {
        "path": "packages/safe-bash/dist/commands/getopt/parser.d.ts",
        "size": 1549,
        "mode": 420
      },
      {
        "path": "packages/safe-bash/dist/commands/getopt/parser.d.ts.map",
        "size": 1769,
        "mode": 420
      },
      {
        "path": "packages/safe-bash/dist/commands/getopt/parser.js",
        "size": 8381,
        "mode": 420
      },
      {
        "path": "packages/safe-bash/dist/commands/getopt/parser.js.map",
        "size": 9242,
        "mode": 420
      },
      {
        "path": "packages/safe-bash/dist/commands/grep-aliases/aliases.d.ts",
        "size": 302,
        "mode": 420
      },
      {
        "path": "packages/safe-bash/dist/commands/grep-aliases/aliases.d.ts.map",
        "size": 342,
        "mode": 420
      },
      {
        "path": "packages/safe-bash/dist/commands/grep-aliases/aliases.js",
        "size": 1122,
        "mode": 420
      },
      {
        "path": "packages/safe-bash/dist/commands/grep-aliases/aliases.js.map",
        "size": 1259,
        "mode": 420
      },
      {
        "path": "packages/safe-bash/dist/commands/grep-aliases/index.d.ts",
        "size": 808,
        "mode": 420
      },
      {
        "path": "packages/safe-bash/dist/commands/grep-aliases/index.d.ts.map",
        "size": 690,
        "mode": 420
      },
      {
        "path": "packages/safe-bash/dist/commands/grep-aliases/index.js",
        "size": 1387,
        "mode": 420
      },
      {
        "path": "packages/safe-bash/dist/commands/grep-aliases/index.js.map",
        "size": 1547,
        "mode": 420
      },
      {
        "path": "packages/safe-bash/dist/commands/grep.d.ts",
        "size": 461,
        "mode": 420
      },
      {
        "path": "packages/safe-bash/dist/commands/grep.d.ts.map",
        "size": 409,
        "mode": 420
      },
      {
        "path": "packages/safe-bash/dist/commands/grep.js",
        "size": 494,
        "mode": 420
      },
      {
        "path": "packages/safe-bash/dist/commands/grep.js.map",
        "size": 504,
        "mode": 420
      },
      {
        "path": "packages/safe-bash/dist/commands/hexdump/command.d.ts",
        "size": 358,
        "mode": 420
      },
      {
        "path": "packages/safe-bash/dist/commands/hexdump/command.d.ts.map",
        "size": 348,
        "mode": 420
      },
      {
        "path": "packages/safe-bash/dist/commands/hexdump/command.js",
        "size": 6509,
        "mode": 420
      },
      {
        "path": "packages/safe-bash/dist/commands/hexdump/command.js.map",
        "size": 6990,
        "mode": 420
      },
      {
        "path": "packages/safe-bash/dist/commands/hexdump/format.d.ts",
        "size": 151,
        "mode": 420
      },
      {
        "path": "packages/safe-bash/dist/commands/hexdump/format.d.ts.map",
        "size": 242,
        "mode": 420
      },
      {
        "path": "packages/safe-bash/dist/commands/hexdump/format.js",
        "size": 1009,
        "mode": 420
      },
      {
        "path": "packages/safe-bash/dist/commands/hexdump/format.js.map",
        "size": 1525,
        "mode": 420
      },
      {
        "path": "packages/safe-bash/dist/commands/hexdump/index.browser.js",
        "size": 440,
        "mode": 420
      },
      {
        "path": "packages/safe-bash/dist/commands/hexdump/index.browser.js.map",
        "size": 93,
        "mode": 420
      },
      {
        "path": "packages/safe-bash/dist/commands/hexdump/index.d.ts",
        "size": 535,
        "mode": 420
      },
      {
        "path": "packages/safe-bash/dist/commands/hexdump/index.d.ts.map",
        "size": 468,
        "mode": 420
      },
      {
        "path": "packages/safe-bash/dist/commands/hexdump/index.js",
        "size": 827,
        "mode": 420
      },
      {
        "path": "packages/safe-bash/dist/commands/hexdump/index.js.map",
        "size": 838,
        "mode": 420
      },
      {
        "path": "packages/safe-bash/dist/commands/hexdump/internal.d.ts",
        "size": 1889,
        "mode": 420
      },
      {
        "path": "packages/safe-bash/dist/commands/hexdump/internal.d.ts.map",
        "size": 1857,
        "mode": 420
      },
      {
        "path": "packages/safe-bash/dist/commands/hexdump/internal.js",
        "size": 5683,
        "mode": 420
      },
      {
        "path": "packages/safe-bash/dist/commands/hexdump/internal.js.map",
        "size": 5926,
        "mode": 420
      },
      {
        "path": "packages/safe-bash/dist/commands/hexdump/io.d.ts",
        "size": 1457,
        "mode": 420
      },
      {
        "path": "packages/safe-bash/dist/commands/hexdump/io.d.ts.map",
        "size": 1586,
        "mode": 420
      },
      {
        "path": "packages/safe-bash/dist/commands/hexdump/io.js",
        "size": 11715,
        "mode": 420
      },
      {
        "path": "packages/safe-bash/dist/commands/hexdump/io.js.map",
        "size": 11257,
        "mode": 420
      },
      {
        "path": "packages/safe-bash/dist/commands/hexdump/options.d.ts",
        "size": 331,
        "mode": 420
      },
      {
        "path": "packages/safe-bash/dist/commands/hexdump/options.d.ts.map",
        "size": 463,
        "mode": 420
      },
      {
        "path": "packages/safe-bash/dist/commands/hexdump/options.js",
        "size": 3409,
        "mode": 420
      },
      {
        "path": "packages/safe-bash/dist/commands/hexdump/options.js.map",
        "size": 3561,
        "mode": 420
      },
      {
        "path": "packages/safe-bash/dist/commands/html-to-markdown/budget.d.ts",
        "size": 1113,
        "mode": 420
      },
      {
        "path": "packages/safe-bash/dist/commands/html-to-markdown/budget.d.ts.map",
        "size": 1165,
        "mode": 420
      },
      {
        "path": "packages/safe-bash/dist/commands/html-to-markdown/budget.js",
        "size": 3386,
        "mode": 420
      },
      {
        "path": "packages/safe-bash/dist/commands/html-to-markdown/budget.js.map",
        "size": 4270,
        "mode": 420
      },
      {
        "path": "packages/safe-bash/dist/commands/html-to-markdown/entities.d.ts",
        "size": 451,
        "mode": 420
      },
      {
        "path": "packages/safe-bash/dist/commands/html-to-markdown/entities.d.ts.map",
        "size": 579,
        "mode": 420
      },
      {
        "path": "packages/safe-bash/dist/commands/html-to-markdown/entities.js",
        "size": 5510,
        "mode": 420
      },
      {
        "path": "packages/safe-bash/dist/commands/html-to-markdown/entities.js.map",
        "size": 6677,
        "mode": 420
      },
      {
        "path": "packages/safe-bash/dist/commands/html-to-markdown/index.d.ts",
        "size": 630,
        "mode": 420
      },
      {
        "path": "packages/safe-bash/dist/commands/html-to-markdown/index.d.ts.map",
        "size": 496,
        "mode": 420
      },
      {
        "path": "packages/safe-bash/dist/commands/html-to-markdown/index.js",
        "size": 4397,
        "mode": 420
      },
      {
        "path": "packages/safe-bash/dist/commands/html-to-markdown/index.js.map",
        "size": 3883,
        "mode": 420
      },
      {
        "path": "packages/safe-bash/dist/commands/html-to-markdown/input.d.ts",
        "size": 607,
        "mode": 420
      },
      {
        "path": "packages/safe-bash/dist/commands/html-to-markdown/input.d.ts.map",
        "size": 696,
        "mode": 420
      },
      {
        "path": "packages/safe-bash/dist/commands/html-to-markdown/input.js",
        "size": 4308,
        "mode": 420
      },
      {
        "path": "packages/safe-bash/dist/commands/html-to-markdown/input.js.map",
        "size": 4834,
        "mode": 420
      },
      {
        "path": "packages/safe-bash/dist/commands/html-to-markdown/options.d.ts",
        "size": 1381,
        "mode": 420
      },
      {
        "path": "packages/safe-bash/dist/commands/html-to-markdown/options.d.ts.map",
        "size": 1041,
        "mode": 420
      },
      {
        "path": "packages/safe-bash/dist/commands/html-to-markdown/options.js",
        "size": 2712,
        "mode": 420
      },
      {
        "path": "packages/safe-bash/dist/commands/html-to-markdown/options.js.map",
        "size": 2402,
        "mode": 420
      },
      {
        "path": "packages/safe-bash/dist/commands/html-to-markdown/parser.d.ts",
        "size": 832,
        "mode": 420
      },
      {
        "path": "packages/safe-bash/dist/commands/html-to-markdown/parser.d.ts.map",
        "size": 946,
        "mode": 420
      },
      {
        "path": "packages/safe-bash/dist/commands/html-to-markdown/parser.js",
        "size": 11872,
        "mode": 420
      },
      {
        "path": "packages/safe-bash/dist/commands/html-to-markdown/parser.js.map",
        "size": 13196,
        "mode": 420
      },
      {
        "path": "packages/safe-bash/dist/commands/html-to-markdown/render.d.ts",
        "size": 721,
        "mode": 420
      },
      {
        "path": "packages/safe-bash/dist/commands/html-to-markdown/render.d.ts.map",
        "size": 703,
        "mode": 420
      },
      {
        "path": "packages/safe-bash/dist/commands/html-to-markdown/render.js",
        "size": 19283,
        "mode": 420
      },
      {
        "path": "packages/safe-bash/dist/commands/html-to-markdown/render.js.map",
        "size": 22181,
        "mode": 420
      },
      {
        "path": "packages/safe-bash/dist/commands/html-to-markdown/text.d.ts",
        "size": 374,
        "mode": 420
      },
      {
        "path": "packages/safe-bash/dist/commands/html-to-markdown/text.d.ts.map",
        "size": 483,
        "mode": 420
      },
      {
        "path": "packages/safe-bash/dist/commands/html-to-markdown/text.js",
        "size": 1822,
        "mode": 420
      },
      {
        "path": "packages/safe-bash/dist/commands/html-to-markdown/text.js.map",
        "size": 2206,
        "mode": 420
      },
      {
        "path": "packages/safe-bash/dist/commands/iconv/codec.d.ts",
        "size": 348,
        "mode": 420
      },
      {
        "path": "packages/safe-bash/dist/commands/iconv/codec.d.ts.map",
        "size": 444,
        "mode": 420
      },
      {
        "path": "packages/safe-bash/dist/commands/iconv/codec.js",
        "size": 7691,
        "mode": 420
      },
      {
        "path": "packages/safe-bash/dist/commands/iconv/codec.js.map",
        "size": 8736,
        "mode": 420
      },
      {
        "path": "packages/safe-bash/dist/commands/iconv/command.d.ts",
        "size": 258,
        "mode": 420
      },
      {
        "path": "packages/safe-bash/dist/commands/iconv/command.d.ts.map",
        "size": 289,
        "mode": 420
      },
      {
        "path": "packages/safe-bash/dist/commands/iconv/command.js",
        "size": 4580,
        "mode": 420
      },
      {
        "path": "packages/safe-bash/dist/commands/iconv/command.js.map",
        "size": 4800,
        "mode": 420
      },
      {
        "path": "packages/safe-bash/dist/commands/iconv/index.browser.js",
        "size": 390,
        "mode": 420
      },
      {
        "path": "packages/safe-bash/dist/commands/iconv/index.browser.js.map",
        "size": 93,
        "mode": 420
      },
      {
        "path": "packages/safe-bash/dist/commands/iconv/index.d.ts",
        "size": 502,
        "mode": 420
      },
      {
        "path": "packages/safe-bash/dist/commands/iconv/index.d.ts.map",
        "size": 457,
        "mode": 420
      },
      {
        "path": "packages/safe-bash/dist/commands/iconv/index.js",
        "size": 522,
        "mode": 420
      },
      {
        "path": "packages/safe-bash/dist/commands/iconv/index.js.map",
        "size": 605,
        "mode": 420
      },
      {
        "path": "packages/safe-bash/dist/commands/iconv/internal.d.ts",
        "size": 1893,
        "mode": 420
      },
      {
        "path": "packages/safe-bash/dist/commands/iconv/internal.d.ts.map",
        "size": 1874,
        "mode": 420
      },
      {
        "path": "packages/safe-bash/dist/commands/iconv/internal.js",
        "size": 6011,
        "mode": 420
      },
      {
        "path": "packages/safe-bash/dist/commands/iconv/internal.js.map",
        "size": 6357,
        "mode": 420
      },
      {
        "path": "packages/safe-bash/dist/commands/iconv/lifecycle.d.ts",
        "size": 954,
        "mode": 420
      },
      {
        "path": "packages/safe-bash/dist/commands/iconv/lifecycle.d.ts.map",
        "size": 1050,
        "mode": 420
      },
      {
        "path": "packages/safe-bash/dist/commands/iconv/lifecycle.js",
        "size": 3896,
        "mode": 420
      },
      {
        "path": "packages/safe-bash/dist/commands/iconv/lifecycle.js.map",
        "size": 3781,
        "mode": 420
      },
      {
        "path": "packages/safe-bash/dist/commands/iconv/options.d.ts",
        "size": 409,
        "mode": 420
      },
      {
        "path": "packages/safe-bash/dist/commands/iconv/options.d.ts.map",
        "size": 526,
        "mode": 420
      },
      {
        "path": "packages/safe-bash/dist/commands/iconv/options.js",
        "size": 3386,
        "mode": 420
      },
      {
        "path": "packages/safe-bash/dist/commands/iconv/options.js.map",
        "size": 3529,
        "mode": 420
      },
      {
        "path": "packages/safe-bash/dist/commands/iconv/reader.d.ts",
        "size": 639,
        "mode": 420
      },
      {
        "path": "packages/safe-bash/dist/commands/iconv/reader.d.ts.map",
        "size": 768,
        "mode": 420
      },
      {
        "path": "packages/safe-bash/dist/commands/iconv/reader.js",
        "size": 7968,
        "mode": 420
      },
      {
        "path": "packages/safe-bash/dist/commands/iconv/reader.js.map",
        "size": 7945,
        "mode": 420
      },
      {
        "path": "packages/safe-bash/dist/commands/iconv/transliterations.d.ts",
        "size": 129,
        "mode": 420
      },
      {
        "path": "packages/safe-bash/dist/commands/iconv/transliterations.d.ts.map",
        "size": 241,
        "mode": 420
      },
      {
        "path": "packages/safe-bash/dist/commands/iconv/transliterations.js",
        "size": 29401,
        "mode": 420
      },
      {
        "path": "packages/safe-bash/dist/commands/iconv/transliterations.js.map",
        "size": 35854,
        "mode": 420
      },
      {
        "path": "packages/safe-bash/dist/commands/index.d.ts",
        "size": 479,
        "mode": 420
      },
      {
        "path": "packages/safe-bash/dist/commands/index.d.ts.map",
        "size": 410,
        "mode": 420
      },
      {
        "path": "packages/safe-bash/dist/commands/index.js",
        "size": 1443,
        "mode": 420
      },
      {
        "path": "packages/safe-bash/dist/commands/index.js.map",
        "size": 1416,
        "mode": 420
      },
      {
        "path": "packages/safe-bash/dist/commands/internal.d.ts",
        "size": 2696,
        "mode": 420
      },
      {
        "path": "packages/safe-bash/dist/commands/internal.d.ts.map",
        "size": 2619,
        "mode": 420
      },
      {
        "path": "packages/safe-bash/dist/commands/internal.js",
        "size": 14091,
        "mode": 420
      },
      {
        "path": "packages/safe-bash/dist/commands/internal.js.map",
        "size": 16209,
        "mode": 420
      },
      {
        "path": "packages/safe-bash/dist/commands/line-endings/command.d.ts",
        "size": 374,
        "mode": 420
      },
      {
        "path": "packages/safe-bash/dist/commands/line-endings/command.d.ts.map",
        "size": 355,
        "mode": 420
      },
      {
        "path": "packages/safe-bash/dist/commands/line-endings/command.js",
        "size": 16889,
        "mode": 420
      },
      {
        "path": "packages/safe-bash/dist/commands/line-endings/command.js.map",
        "size": 12595,
        "mode": 420
      },
      {
        "path": "packages/safe-bash/dist/commands/line-endings/convert.d.ts",
        "size": 550,
        "mode": 420
      },
      {
        "path": "packages/safe-bash/dist/commands/line-endings/convert.d.ts.map",
        "size": 646,
        "mode": 420
      },
      {
        "path": "packages/safe-bash/dist/commands/line-endings/convert.js",
        "size": 7555,
        "mode": 420
      },
      {
        "path": "packages/safe-bash/dist/commands/line-endings/convert.js.map",
        "size": 8074,
        "mode": 420
      },
      {
        "path": "packages/safe-bash/dist/commands/line-endings/index.browser.js",
        "size": 507,
        "mode": 420
      },
      {
        "path": "packages/safe-bash/dist/commands/line-endings/index.browser.js.map",
        "size": 93,
        "mode": 420
      },
      {
        "path": "packages/safe-bash/dist/commands/line-endings/index.d.ts",
        "size": 563,
        "mode": 420
      },
      {
        "path": "packages/safe-bash/dist/commands/line-endings/index.d.ts.map",
        "size": 480,
        "mode": 420
      },
      {
        "path": "packages/safe-bash/dist/commands/line-endings/index.js",
        "size": 606,
        "mode": 420
      },
      {
        "path": "packages/safe-bash/dist/commands/line-endings/index.js.map",
        "size": 663,
        "mode": 420
      },
      {
        "path": "packages/safe-bash/dist/commands/line-endings/internal.d.ts",
        "size": 2307,
        "mode": 420
      },
      {
        "path": "packages/safe-bash/dist/commands/line-endings/internal.d.ts.map",
        "size": 2340,
        "mode": 420
      },
      {
        "path": "packages/safe-bash/dist/commands/line-endings/internal.js",
        "size": 6131,
        "mode": 420
      },
      {
        "path": "packages/safe-bash/dist/commands/line-endings/internal.js.map",
        "size": 6351,
        "mode": 420
      },
      {
        "path": "packages/safe-bash/dist/commands/line-endings/io.d.ts",
        "size": 1710,
        "mode": 420
      },
      {
        "path": "packages/safe-bash/dist/commands/line-endings/io.d.ts.map",
        "size": 1899,
        "mode": 420
      },
      {
        "path": "packages/safe-bash/dist/commands/line-endings/io.js",
        "size": 10553,
        "mode": 420
      },
      {
        "path": "packages/safe-bash/dist/commands/line-endings/io.js.map",
        "size": 11015,
        "mode": 420
      },
      {
        "path": "packages/safe-bash/dist/commands/line-endings/stage.d.ts",
        "size": 1129,
        "mode": 420
      },
      {
        "path": "packages/safe-bash/dist/commands/line-endings/stage.d.ts.map",
        "size": 1295,
        "mode": 420
      },
      {
        "path": "packages/safe-bash/dist/commands/line-endings/stage.js",
        "size": 7713,
        "mode": 420
      },
      {
        "path": "packages/safe-bash/dist/commands/line-endings/stage.js.map",
        "size": 8559,
        "mode": 420
      },
      {
        "path": "packages/safe-bash/dist/commands/llm/command.d.ts",
        "size": 371,
        "mode": 420
      },
      {
        "path": "packages/safe-bash/dist/commands/llm/command.d.ts.map",
        "size": 370,
        "mode": 420
      },
      {
        "path": "packages/safe-bash/dist/commands/llm/command.js",
        "size": 12803,
        "mode": 420
      },
      {
        "path": "packages/safe-bash/dist/commands/llm/command.js.map",
        "size": 13793,
        "mode": 420
      },
      {
        "path": "packages/safe-bash/dist/commands/llm/elevenlabs-stream.d.ts",
        "size": 252,
        "mode": 420
      },
      {
        "path": "packages/safe-bash/dist/commands/llm/elevenlabs-stream.d.ts.map",
        "size": 313,
        "mode": 420
      },
      {
        "path": "packages/safe-bash/dist/commands/llm/elevenlabs-stream.js",
        "size": 4041,
        "mode": 420
      },
      {
        "path": "packages/safe-bash/dist/commands/llm/elevenlabs-stream.js.map",
        "size": 4482,
        "mode": 420
      },
      {
        "path": "packages/safe-bash/dist/commands/llm/elevenlabs.d.ts",
        "size": 695,
        "mode": 420
      },
      {
        "path": "packages/safe-bash/dist/commands/llm/elevenlabs.d.ts.map",
        "size": 715,
        "mode": 420
      },
      {
        "path": "packages/safe-bash/dist/commands/llm/elevenlabs.js",
        "size": 6046,
        "mode": 420
      },
      {
        "path": "packages/safe-bash/dist/commands/llm/elevenlabs.js.map",
        "size": 6005,
        "mode": 420
      },
      {
        "path": "packages/safe-bash/dist/commands/llm/index.browser.js",
        "size": 532,
        "mode": 420
      },
      {
        "path": "packages/safe-bash/dist/commands/llm/index.browser.js.map",
        "size": 93,
        "mode": 420
      },
      {
        "path": "packages/safe-bash/dist/commands/llm/index.d.ts",
        "size": 463,
        "mode": 420
      },
      {
        "path": "packages/safe-bash/dist/commands/llm/index.d.ts.map",
        "size": 444,
        "mode": 420
      },
      {
        "path": "packages/safe-bash/dist/commands/llm/index.js",
        "size": 208,
        "mode": 420
      },
      {
        "path": "packages/safe-bash/dist/commands/llm/index.js.map",
        "size": 262,
        "mode": 420
      },
      {
        "path": "packages/safe-bash/dist/commands/llm/mime.d.ts",
        "size": 208,
        "mode": 420
      },
      {
        "path": "packages/safe-bash/dist/commands/llm/mime.d.ts.map",
        "size": 278,
        "mode": 420
      },
      {
        "path": "packages/safe-bash/dist/commands/llm/mime.js",
        "size": 6242,
        "mode": 420
      },
      {
        "path": "packages/safe-bash/dist/commands/llm/mime.js.map",
        "size": 7697,
        "mode": 420
      },
      {
        "path": "packages/safe-bash/dist/commands/llm/openai-http.d.ts",
        "size": 842,
        "mode": 420
      },
      {
        "path": "packages/safe-bash/dist/commands/llm/openai-http.d.ts.map",
        "size": 845,
        "mode": 420
      },
      {
        "path": "packages/safe-bash/dist/commands/llm/openai-http.js",
        "size": 5404,
        "mode": 420
      },
      {
        "path": "packages/safe-bash/dist/commands/llm/openai-http.js.map",
        "size": 6245,
        "mode": 420
      },
      {
        "path": "packages/safe-bash/dist/commands/llm/openai-sse.d.ts",
        "size": 240,
        "mode": 420
      },
      {
        "path": "packages/safe-bash/dist/commands/llm/openai-sse.d.ts.map",
        "size": 301,
        "mode": 420
      },
      {
        "path": "packages/safe-bash/dist/commands/llm/openai-sse.js",
        "size": 2929,
        "mode": 420
      },
      {
        "path": "packages/safe-bash/dist/commands/llm/openai-sse.js.map",
        "size": 3006,
        "mode": 420
      },
      {
        "path": "packages/safe-bash/dist/commands/llm/openai.d.ts",
        "size": 646,
        "mode": 420
      },
      {
        "path": "packages/safe-bash/dist/commands/llm/openai.d.ts.map",
        "size": 675,
        "mode": 420
      },
      {
        "path": "packages/safe-bash/dist/commands/llm/openai.js",
        "size": 12363,
        "mode": 420
      },
      {
        "path": "packages/safe-bash/dist/commands/llm/openai.js.map",
        "size": 12478,
        "mode": 420
      },
      {
        "path": "packages/safe-bash/dist/commands/llm/providers/elevenlabs.d.ts",
        "size": 155,
        "mode": 420
      },
      {
        "path": "packages/safe-bash/dist/commands/llm/providers/elevenlabs.d.ts.map",
        "size": 221,
        "mode": 420
      },
      {
        "path": "packages/safe-bash/dist/commands/llm/providers/elevenlabs.js",
        "size": 99,
        "mode": 420
      },
      {
        "path": "packages/safe-bash/dist/commands/llm/providers/elevenlabs.js.map",
        "size": 188,
        "mode": 420
      },
      {
        "path": "packages/safe-bash/dist/commands/llm/providers/index.browser.js",
        "size": 297,
        "mode": 420
      },
      {
        "path": "packages/safe-bash/dist/commands/llm/providers/index.browser.js.map",
        "size": 93,
        "mode": 420
      },
      {
        "path": "packages/safe-bash/dist/commands/llm/providers/index.d.ts",
        "size": 301,
        "mode": 420
      },
      {
        "path": "packages/safe-bash/dist/commands/llm/providers/index.d.ts.map",
        "size": 329,
        "mode": 420
      },
      {
        "path": "packages/safe-bash/dist/commands/llm/providers/index.js",
        "size": 145,
        "mode": 420
      },
      {
        "path": "packages/safe-bash/dist/commands/llm/providers/index.js.map",
        "size": 222,
        "mode": 420
      },
      {
        "path": "packages/safe-bash/dist/commands/llm/providers/openai.d.ts",
        "size": 135,
        "mode": 420
      },
      {
        "path": "packages/safe-bash/dist/commands/llm/providers/openai.d.ts.map",
        "size": 211,
        "mode": 420
      },
      {
        "path": "packages/safe-bash/dist/commands/llm/providers/openai.js",
        "size": 87,
        "mode": 420
      },
      {
        "path": "packages/safe-bash/dist/commands/llm/providers/openai.js.map",
        "size": 178,
        "mode": 420
      },
      {
        "path": "packages/safe-bash/dist/commands/llm/providers/shared.d.ts",
        "size": 871,
        "mode": 420
      },
      {
        "path": "packages/safe-bash/dist/commands/llm/providers/shared.d.ts.map",
        "size": 945,
        "mode": 420
      },
      {
        "path": "packages/safe-bash/dist/commands/llm/providers/shared.js",
        "size": 3659,
        "mode": 420
      },
      {
        "path": "packages/safe-bash/dist/commands/llm/providers/shared.js.map",
        "size": 4242,
        "mode": 420
      },
      {
        "path": "packages/safe-bash/dist/commands/llm/types.d.ts",
        "size": 799,
        "mode": 420
      },
      {
        "path": "packages/safe-bash/dist/commands/llm/types.d.ts.map",
        "size": 947,
        "mode": 420
      },
      {
        "path": "packages/safe-bash/dist/commands/llm/types.js",
        "size": 44,
        "mode": 420
      },
      {
        "path": "packages/safe-bash/dist/commands/llm/types.js.map",
        "size": 121,
        "mode": 420
      },
      {
        "path": "packages/safe-bash/dist/commands/metadata/chmod.d.ts",
        "size": 238,
        "mode": 420
      },
      {
        "path": "packages/safe-bash/dist/commands/metadata/chmod.d.ts.map",
        "size": 226,
        "mode": 420
      },
      {
        "path": "packages/safe-bash/dist/commands/metadata/chmod.js",
        "size": 8059,
        "mode": 420
      },
      {
        "path": "packages/safe-bash/dist/commands/metadata/chmod.js.map",
        "size": 9017,
        "mode": 420
      },
      {
        "path": "packages/safe-bash/dist/commands/metadata/index.d.ts",
        "size": 472,
        "mode": 420
      },
      {
        "path": "packages/safe-bash/dist/commands/metadata/index.d.ts.map",
        "size": 418,
        "mode": 420
      },
      {
        "path": "packages/safe-bash/dist/commands/metadata/index.js",
        "size": 1009,
        "mode": 420
      },
      {
        "path": "packages/safe-bash/dist/commands/metadata/index.js.map",
        "size": 1034,
        "mode": 420
      },
      {
        "path": "packages/safe-bash/dist/commands/metadata/internal.d.ts",
        "size": 1147,
        "mode": 420
      },
      {
        "path": "packages/safe-bash/dist/commands/metadata/internal.d.ts.map",
        "size": 1092,
        "mode": 420
      },
      {
        "path": "packages/safe-bash/dist/commands/metadata/internal.js",
        "size": 2972,
        "mode": 420
      },
      {
        "path": "packages/safe-bash/dist/commands/metadata/internal.js.map",
        "size": 3558,
        "mode": 420
      },
      {
        "path": "packages/safe-bash/dist/commands/metadata/mktemp.d.ts",
        "size": 240,
        "mode": 420
      },
      {
        "path": "packages/safe-bash/dist/commands/metadata/mktemp.d.ts.map",
        "size": 228,
        "mode": 420
      },
      {
        "path": "packages/safe-bash/dist/commands/metadata/mktemp.js",
        "size": 7037,
        "mode": 420
      },
      {
        "path": "packages/safe-bash/dist/commands/metadata/mktemp.js.map",
        "size": 6664,
        "mode": 420
      },
      {
        "path": "packages/safe-bash/dist/commands/metadata/stat.d.ts",
        "size": 236,
        "mode": 420
      },
      {
        "path": "packages/safe-bash/dist/commands/metadata/stat.d.ts.map",
        "size": 224,
        "mode": 420
      },
      {
        "path": "packages/safe-bash/dist/commands/metadata/stat.js",
        "size": 13884,
        "mode": 420
      },
      {
        "path": "packages/safe-bash/dist/commands/metadata/stat.js.map",
        "size": 16432,
        "mode": 420
      },
      {
        "path": "packages/safe-bash/dist/commands/move.d.ts",
        "size": 436,
        "mode": 420
      },
      {
        "path": "packages/safe-bash/dist/commands/move.d.ts.map",
        "size": 482,
        "mode": 420
      },
      {
        "path": "packages/safe-bash/dist/commands/move.js",
        "size": 9723,
        "mode": 420
      },
      {
        "path": "packages/safe-bash/dist/commands/move.js.map",
        "size": 10518,
        "mode": 420
      },
      {
        "path": "packages/safe-bash/dist/commands/network/aggregate.d.ts",
        "size": 431,
        "mode": 420
      },
      {
        "path": "packages/safe-bash/dist/commands/network/aggregate.d.ts.map",
        "size": 459,
        "mode": 420
      },
      {
        "path": "packages/safe-bash/dist/commands/network/aggregate.js",
        "size": 1069,
        "mode": 420
      },
      {
        "path": "packages/safe-bash/dist/commands/network/aggregate.js.map",
        "size": 1270,
        "mode": 420
      },
      {
        "path": "packages/safe-bash/dist/commands/network/args.d.ts",
        "size": 1097,
        "mode": 420
      },
      {
        "path": "packages/safe-bash/dist/commands/network/args.d.ts.map",
        "size": 1333,
        "mode": 420
      },
      {
        "path": "packages/safe-bash/dist/commands/network/args.js",
        "size": 9576,
        "mode": 420
      },
      {
        "path": "packages/safe-bash/dist/commands/network/args.js.map",
        "size": 9615,
        "mode": 420
      },
      {
        "path": "packages/safe-bash/dist/commands/network/authorizer.d.ts",
        "size": 368,
        "mode": 420
      },
      {
        "path": "packages/safe-bash/dist/commands/network/authorizer.d.ts.map",
        "size": 392,
        "mode": 420
      },
      {
        "path": "packages/safe-bash/dist/commands/network/authorizer.js",
        "size": 1459,
        "mode": 420
      },
      {
        "path": "packages/safe-bash/dist/commands/network/authorizer.js.map",
        "size": 1613,
        "mode": 420
      },
      {
        "path": "packages/safe-bash/dist/commands/network/body.d.ts",
        "size": 568,
        "mode": 420
      },
      {
        "path": "packages/safe-bash/dist/commands/network/body.d.ts.map",
        "size": 607,
        "mode": 420
      },
      {
        "path": "packages/safe-bash/dist/commands/network/body.js",
        "size": 8312,
        "mode": 420
      },
      {
        "path": "packages/safe-bash/dist/commands/network/body.js.map",
        "size": 8877,
        "mode": 420
      },
      {
        "path": "packages/safe-bash/dist/commands/network/curl.d.ts",
        "size": 726,
        "mode": 420
      },
      {
        "path": "packages/safe-bash/dist/commands/network/curl.d.ts.map",
        "size": 707,
        "mode": 420
      },
      {
        "path": "packages/safe-bash/dist/commands/network/curl.js",
        "size": 23825,
        "mode": 420
      },
      {
        "path": "packages/safe-bash/dist/commands/network/curl.js.map",
        "size": 23254,
        "mode": 420
      },
      {
        "path": "packages/safe-bash/dist/commands/network/fetch-transport.d.ts",
        "size": 277,
        "mode": 420
      },
      {
        "path": "packages/safe-bash/dist/commands/network/fetch-transport.d.ts.map",
        "size": 335,
        "mode": 420
      },
      {
        "path": "packages/safe-bash/dist/commands/network/fetch-transport.js",
        "size": 3103,
        "mode": 420
      },
      {
        "path": "packages/safe-bash/dist/commands/network/fetch-transport.js.map",
        "size": 2975,
        "mode": 420
      },
      {
        "path": "packages/safe-bash/dist/commands/network/index.browser.js",
        "size": 836,
        "mode": 420
      },
      {
        "path": "packages/safe-bash/dist/commands/network/index.browser.js.map",
        "size": 93,
        "mode": 420
      },
      {
        "path": "packages/safe-bash/dist/commands/network/index.d.ts",
        "size": 153,
        "mode": 420
      },
      {
        "path": "packages/safe-bash/dist/commands/network/index.d.ts.map",
        "size": 208,
        "mode": 420
      },
      {
        "path": "packages/safe-bash/dist/commands/network/index.js",
        "size": 120,
        "mode": 420
      },
      {
        "path": "packages/safe-bash/dist/commands/network/index.js.map",
        "size": 190,
        "mode": 420
      },
      {
        "path": "packages/safe-bash/dist/commands/network/output.d.ts",
        "size": 662,
        "mode": 420
      },
      {
        "path": "packages/safe-bash/dist/commands/network/output.d.ts.map",
        "size": 712,
        "mode": 420
      },
      {
        "path": "packages/safe-bash/dist/commands/network/output.js",
        "size": 4324,
        "mode": 420
      },
      {
        "path": "packages/safe-bash/dist/commands/network/output.js.map",
        "size": 4631,
        "mode": 420
      },
      {
        "path": "packages/safe-bash/dist/commands/network/platform.d.ts",
        "size": 238,
        "mode": 420
      },
      {
        "path": "packages/safe-bash/dist/commands/network/platform.d.ts.map",
        "size": 284,
        "mode": 420
      },
      {
        "path": "packages/safe-bash/dist/commands/network/platform.js",
        "size": 236,
        "mode": 420
      },
      {
        "path": "packages/safe-bash/dist/commands/network/platform.js.map",
        "size": 282,
        "mode": 420
      },
      {
        "path": "packages/safe-bash/dist/commands/network/private-address.d.ts",
        "size": 110,
        "mode": 420
      },
      {
        "path": "packages/safe-bash/dist/commands/network/private-address.d.ts.map",
        "size": 200,
        "mode": 420
      },
      {
        "path": "packages/safe-bash/dist/commands/network/private-address.js",
        "size": 2573,
        "mode": 420
      },
      {
        "path": "packages/safe-bash/dist/commands/network/private-address.js.map",
        "size": 3503,
        "mode": 420
      },
      {
        "path": "packages/safe-bash/dist/commands/network/public.d.ts",
        "size": 836,
        "mode": 420
      },
      {
        "path": "packages/safe-bash/dist/commands/network/public.d.ts.map",
        "size": 677,
        "mode": 420
      },
      {
        "path": "packages/safe-bash/dist/commands/network/public.js",
        "size": 1159,
        "mode": 420
      },
      {
        "path": "packages/safe-bash/dist/commands/network/public.js.map",
        "size": 1096,
        "mode": 420
      },
      {
        "path": "packages/safe-bash/dist/commands/network/shared.d.ts",
        "size": 784,
        "mode": 420
      },
      {
        "path": "packages/safe-bash/dist/commands/network/shared.d.ts.map",
        "size": 808,
        "mode": 420
      },
      {
        "path": "packages/safe-bash/dist/commands/network/shared.js",
        "size": 2424,
        "mode": 420
      },
      {
        "path": "packages/safe-bash/dist/commands/network/shared.js.map",
        "size": 2948,
        "mode": 420
      },
      {
        "path": "packages/safe-bash/dist/commands/network/transport.d.ts",
        "size": 477,
        "mode": 420
      },
      {
        "path": "packages/safe-bash/dist/commands/network/transport.d.ts.map",
        "size": 559,
        "mode": 420
      },
      {
        "path": "packages/safe-bash/dist/commands/network/transport.js",
        "size": 6548,
        "mode": 420
      },
      {
        "path": "packages/safe-bash/dist/commands/network/transport.js.map",
        "size": 6645,
        "mode": 420
      },
      {
        "path": "packages/safe-bash/dist/commands/network/types.d.ts",
        "size": 2329,
        "mode": 420
      },
      {
        "path": "packages/safe-bash/dist/commands/network/types.d.ts.map",
        "size": 2177,
        "mode": 420
      },
      {
        "path": "packages/safe-bash/dist/commands/network/types.js",
        "size": 847,
        "mode": 420
      },
      {
        "path": "packages/safe-bash/dist/commands/network/types.js.map",
        "size": 941,
        "mode": 420
      },
      {
        "path": "packages/safe-bash/dist/commands/network/wget.d.ts",
        "size": 254,
        "mode": 420
      },
      {
        "path": "packages/safe-bash/dist/commands/network/wget.d.ts.map",
        "size": 284,
        "mode": 420
      },
      {
        "path": "packages/safe-bash/dist/commands/network/wget.js",
        "size": 7340,
        "mode": 420
      },
      {
        "path": "packages/safe-bash/dist/commands/network/wget.js.map",
        "size": 7236,
        "mode": 420
      },
      {
        "path": "packages/safe-bash/dist/commands/node/admission.d.ts",
        "size": 315,
        "mode": 420
      },
      {
        "path": "packages/safe-bash/dist/commands/node/admission.d.ts.map",
        "size": 417,
        "mode": 420
      },
      {
        "path": "packages/safe-bash/dist/commands/node/admission.js",
        "size": 21402,
        "mode": 420
      },
      {
        "path": "packages/safe-bash/dist/commands/node/admission.js.map",
        "size": 22739,
        "mode": 420
      },
      {
        "path": "packages/safe-bash/dist/commands/node/channel.d.ts",
        "size": 1148,
        "mode": 420
      },
      {
        "path": "packages/safe-bash/dist/commands/node/channel.d.ts.map",
        "size": 1071,
        "mode": 420
      },
      {
        "path": "packages/safe-bash/dist/commands/node/channel.js",
        "size": 3558,
        "mode": 420
      },
      {
        "path": "packages/safe-bash/dist/commands/node/channel.js.map",
        "size": 4392,
        "mode": 420
      },
      {
        "path": "packages/safe-bash/dist/commands/node/cli.d.ts",
        "size": 351,
        "mode": 420
      },
      {
        "path": "packages/safe-bash/dist/commands/node/cli.d.ts.map",
        "size": 436,
        "mode": 420
      },
      {
        "path": "packages/safe-bash/dist/commands/node/cli.js",
        "size": 2853,
        "mode": 420
      },
      {
        "path": "packages/safe-bash/dist/commands/node/cli.js.map",
        "size": 3114,
        "mode": 420
      },
      {
        "path": "packages/safe-bash/dist/commands/node/diagnostics.d.ts",
        "size": 498,
        "mode": 420
      },
      {
        "path": "packages/safe-bash/dist/commands/node/diagnostics.d.ts.map",
        "size": 504,
        "mode": 420
      },
      {
        "path": "packages/safe-bash/dist/commands/node/diagnostics.js",
        "size": 2011,
        "mode": 420
      },
      {
        "path": "packages/safe-bash/dist/commands/node/diagnostics.js.map",
        "size": 2087,
        "mode": 420
      },
      {
        "path": "packages/safe-bash/dist/commands/node/host.d.ts",
        "size": 1448,
        "mode": 420
      },
      {
        "path": "packages/safe-bash/dist/commands/node/host.d.ts.map",
        "size": 1533,
        "mode": 420
      },
      {
        "path": "packages/safe-bash/dist/commands/node/host.js",
        "size": 19142,
        "mode": 420
      },
      {
        "path": "packages/safe-bash/dist/commands/node/host.js.map",
        "size": 20200,
        "mode": 420
      },
      {
        "path": "packages/safe-bash/dist/commands/node/index.d.ts",
        "size": 1316,
        "mode": 420
      },
      {
        "path": "packages/safe-bash/dist/commands/node/index.d.ts.map",
        "size": 1112,
        "mode": 420
      },
      {
        "path": "packages/safe-bash/dist/commands/node/index.js",
        "size": 10493,
        "mode": 420
      },
      {
        "path": "packages/safe-bash/dist/commands/node/index.js.map",
        "size": 9572,
        "mode": 420
      },
      {
        "path": "packages/safe-bash/dist/commands/node/lifecycle.d.ts",
        "size": 1196,
        "mode": 420
      },
      {
        "path": "packages/safe-bash/dist/commands/node/lifecycle.d.ts.map",
        "size": 1209,
        "mode": 420
      },
      {
        "path": "packages/safe-bash/dist/commands/node/lifecycle.js",
        "size": 8452,
        "mode": 420
      },
      {
        "path": "packages/safe-bash/dist/commands/node/lifecycle.js.map",
        "size": 9085,
        "mode": 420
      },
      {
        "path": "packages/safe-bash/dist/commands/node/lower.d.ts",
        "size": 172,
        "mode": 420
      },
      {
        "path": "packages/safe-bash/dist/commands/node/lower.d.ts.map",
        "size": 244,
        "mode": 420
      },
      {
        "path": "packages/safe-bash/dist/commands/node/lower.js",
        "size": 18353,
        "mode": 420
      },
      {
        "path": "packages/safe-bash/dist/commands/node/lower.js.map",
        "size": 22858,
        "mode": 420
      },
      {
        "path": "packages/safe-bash/dist/commands/node/program.d.ts",
        "size": 175,
        "mode": 420
      },
      {
        "path": "packages/safe-bash/dist/commands/node/program.d.ts.map",
        "size": 249,
        "mode": 420
      },
      {
        "path": "packages/safe-bash/dist/commands/node/program.js",
        "size": 13150,
        "mode": 420
      },
      {
        "path": "packages/safe-bash/dist/commands/node/program.js.map",
        "size": 1082,
        "mode": 420
      },
      {
        "path": "packages/safe-bash/dist/commands/node/rules.d.ts",
        "size": 80,
        "mode": 420
      },
      {
        "path": "packages/safe-bash/dist/commands/node/rules.d.ts.map",
        "size": 155,
        "mode": 420
      },
      {
        "path": "packages/safe-bash/dist/commands/node/rules.js",
        "size": 9995,
        "mode": 420
      },
      {
        "path": "packages/safe-bash/dist/commands/node/rules.js.map",
        "size": 314,
        "mode": 420
      },
      {
        "path": "packages/safe-bash/dist/commands/node/safejs.d.ts",
        "size": 284,
        "mode": 420
      },
      {
        "path": "packages/safe-bash/dist/commands/node/safejs.d.ts.map",
        "size": 309,
        "mode": 420
      },
      {
        "path": "packages/safe-bash/dist/commands/node/safejs.js",
        "size": 4312,
        "mode": 420
      },
      {
        "path": "packages/safe-bash/dist/commands/node/safejs.js.map",
        "size": 3917,
        "mode": 420
      },
      {
        "path": "packages/safe-bash/dist/commands/node/types.d.ts",
        "size": 5014,
        "mode": 420
      },
      {
        "path": "packages/safe-bash/dist/commands/node/types.d.ts.map",
        "size": 4651,
        "mode": 420
      },
      {
        "path": "packages/safe-bash/dist/commands/node/types.js",
        "size": 1000,
        "mode": 420
      },
      {
        "path": "packages/safe-bash/dist/commands/node/types.js.map",
        "size": 1079,
        "mode": 420
      },
      {
        "path": "packages/safe-bash/dist/commands/node/values.d.ts",
        "size": 762,
        "mode": 420
      },
      {
        "path": "packages/safe-bash/dist/commands/node/values.d.ts.map",
        "size": 878,
        "mode": 420
      },
      {
        "path": "packages/safe-bash/dist/commands/node/values.js",
        "size": 5840,
        "mode": 420
      },
      {
        "path": "packages/safe-bash/dist/commands/node/values.js.map",
        "size": 6355,
        "mode": 420
      },
      {
        "path": "packages/safe-bash/dist/commands/node/worker-main.d.ts",
        "size": 52,
        "mode": 420
      },
      {
        "path": "packages/safe-bash/dist/commands/node/worker-main.d.ts.map",
        "size": 136,
        "mode": 420
      },
      {
        "path": "packages/safe-bash/dist/commands/node/worker-main.js",
        "size": 8744,
        "mode": 420
      },
      {
        "path": "packages/safe-bash/dist/commands/node/worker-main.js.map",
        "size": 9822,
        "mode": 420
      },
      {
        "path": "packages/safe-bash/dist/commands/node/worker-provider.d.ts",
        "size": 275,
        "mode": 420
      },
      {
        "path": "packages/safe-bash/dist/commands/node/worker-provider.d.ts.map",
        "size": 304,
        "mode": 420
      },
      {
        "path": "packages/safe-bash/dist/commands/node/worker-provider.js",
        "size": 18347,
        "mode": 420
      },
      {
        "path": "packages/safe-bash/dist/commands/node/worker-provider.js.map",
        "size": 20322,
        "mode": 420
      },
      {
        "path": "packages/safe-bash/dist/commands/node/worker-types.d.ts",
        "size": 1287,
        "mode": 420
      },
      {
        "path": "packages/safe-bash/dist/commands/node/worker-types.d.ts.map",
        "size": 1388,
        "mode": 420
      },
      {
        "path": "packages/safe-bash/dist/commands/node/worker-types.js",
        "size": 99,
        "mode": 420
      },
      {
        "path": "packages/safe-bash/dist/commands/node/worker-types.js.map",
        "size": 177,
        "mode": 420
      },
      {
        "path": "packages/safe-bash/dist/commands/numfmt.d.ts",
        "size": 160,
        "mode": 420
      },
      {
        "path": "packages/safe-bash/dist/commands/numfmt.d.ts.map",
        "size": 206,
        "mode": 420
      },
      {
        "path": "packages/safe-bash/dist/commands/numfmt.js",
        "size": 64992,
        "mode": 420
      },
      {
        "path": "packages/safe-bash/dist/commands/numfmt.js.map",
        "size": 65596,
        "mode": 420
      },
      {
        "path": "packages/safe-bash/dist/commands/portable-random.d.ts",
        "size": 109,
        "mode": 420
      },
      {
        "path": "packages/safe-bash/dist/commands/portable-random.d.ts.map",
        "size": 188,
        "mode": 420
      },
      {
        "path": "packages/safe-bash/dist/commands/portable-random.js",
        "size": 513,
        "mode": 420
      },
      {
        "path": "packages/safe-bash/dist/commands/portable-random.js.map",
        "size": 643,
        "mode": 420
      },
      {
        "path": "packages/safe-bash/dist/commands/portable-requirements.d.ts",
        "size": 472,
        "mode": 420
      },
      {
        "path": "packages/safe-bash/dist/commands/portable-requirements.d.ts.map",
        "size": 395,
        "mode": 420
      },
      {
        "path": "packages/safe-bash/dist/commands/portable-requirements.js",
        "size": 1041,
        "mode": 420
      },
      {
        "path": "packages/safe-bash/dist/commands/portable-requirements.js.map",
        "size": 1093,
        "mode": 420
      },
      {
        "path": "packages/safe-bash/dist/commands/pr/command.d.ts",
        "size": 249,
        "mode": 420
      },
      {
        "path": "packages/safe-bash/dist/commands/pr/command.d.ts.map",
        "size": 282,
        "mode": 420
      },
      {
        "path": "packages/safe-bash/dist/commands/pr/command.js",
        "size": 6520,
        "mode": 420
      },
      {
        "path": "packages/safe-bash/dist/commands/pr/command.js.map",
        "size": 5861,
        "mode": 420
      },
      {
        "path": "packages/safe-bash/dist/commands/pr/format.d.ts",
        "size": 1325,
        "mode": 420
      },
      {
        "path": "packages/safe-bash/dist/commands/pr/format.d.ts.map",
        "size": 1471,
        "mode": 420
      },
      {
        "path": "packages/safe-bash/dist/commands/pr/format.js",
        "size": 20236,
        "mode": 420
      },
      {
        "path": "packages/safe-bash/dist/commands/pr/format.js.map",
        "size": 22239,
        "mode": 420
      },
      {
        "path": "packages/safe-bash/dist/commands/pr/index.browser.js",
        "size": 372,
        "mode": 420
      },
      {
        "path": "packages/safe-bash/dist/commands/pr/index.browser.js.map",
        "size": 93,
        "mode": 420
      },
      {
        "path": "packages/safe-bash/dist/commands/pr/index.d.ts",
        "size": 478,
        "mode": 420
      },
      {
        "path": "packages/safe-bash/dist/commands/pr/index.d.ts.map",
        "size": 451,
        "mode": 420
      },
      {
        "path": "packages/safe-bash/dist/commands/pr/index.js",
        "size": 505,
        "mode": 420
      },
      {
        "path": "packages/safe-bash/dist/commands/pr/index.js.map",
        "size": 594,
        "mode": 420
      },
      {
        "path": "packages/safe-bash/dist/commands/pr/internal.d.ts",
        "size": 2155,
        "mode": 420
      },
      {
        "path": "packages/safe-bash/dist/commands/pr/internal.d.ts.map",
        "size": 2193,
        "mode": 420
      },
      {
        "path": "packages/safe-bash/dist/commands/pr/internal.js",
        "size": 6817,
        "mode": 420
      },
      {
        "path": "packages/safe-bash/dist/commands/pr/internal.js.map",
        "size": 7544,
        "mode": 420
      },
      {
        "path": "packages/safe-bash/dist/commands/pr/io.d.ts",
        "size": 1239,
        "mode": 420
      },
      {
        "path": "packages/safe-bash/dist/commands/pr/io.d.ts.map",
        "size": 1369,
        "mode": 420
      },
      {
        "path": "packages/safe-bash/dist/commands/pr/io.js",
        "size": 9633,
        "mode": 420
      },
      {
        "path": "packages/safe-bash/dist/commands/pr/io.js.map",
        "size": 9817,
        "mode": 420
      },
      {
        "path": "packages/safe-bash/dist/commands/pr/options.d.ts",
        "size": 927,
        "mode": 420
      },
      {
        "path": "packages/safe-bash/dist/commands/pr/options.d.ts.map",
        "size": 1106,
        "mode": 420
      },
      {
        "path": "packages/safe-bash/dist/commands/pr/options.js",
        "size": 11346,
        "mode": 420
      },
      {
        "path": "packages/safe-bash/dist/commands/pr/options.js.map",
        "size": 10306,
        "mode": 420
      },
      {
        "path": "packages/safe-bash/dist/commands/predicates.d.ts",
        "size": 170,
        "mode": 420
      },
      {
        "path": "packages/safe-bash/dist/commands/predicates.d.ts.map",
        "size": 221,
        "mode": 420
      },
      {
        "path": "packages/safe-bash/dist/commands/predicates.js",
        "size": 8439,
        "mode": 420
      },
      {
        "path": "packages/safe-bash/dist/commands/predicates.js.map",
        "size": 7843,
        "mode": 420
      },
      {
        "path": "packages/safe-bash/dist/commands/record-buffer.d.ts",
        "size": 451,
        "mode": 420
      },
      {
        "path": "packages/safe-bash/dist/commands/record-buffer.d.ts.map",
        "size": 497,
        "mode": 420
      },
      {
        "path": "packages/safe-bash/dist/commands/record-buffer.js",
        "size": 2213,
        "mode": 420
      },
      {
        "path": "packages/safe-bash/dist/commands/record-buffer.js.map",
        "size": 2572,
        "mode": 420
      },
      {
        "path": "packages/safe-bash/dist/commands/regex-execution/ascii.d.ts",
        "size": 172,
        "mode": 420
      },
      {
        "path": "packages/safe-bash/dist/commands/regex-execution/ascii.d.ts.map",
        "size": 200,
        "mode": 420
      },
      {
        "path": "packages/safe-bash/dist/commands/regex-execution/ascii.js",
        "size": 205,
        "mode": 420
      },
      {
        "path": "packages/safe-bash/dist/commands/regex-execution/ascii.js.map",
        "size": 287,
        "mode": 420
      },
      {
        "path": "packages/safe-bash/dist/commands/regex-execution/bounded-provider.d.ts",
        "size": 789,
        "mode": 420
      },
      {
        "path": "packages/safe-bash/dist/commands/regex-execution/bounded-provider.d.ts.map",
        "size": 762,
        "mode": 420
      },
      {
        "path": "packages/safe-bash/dist/commands/regex-execution/bounded-provider.js",
        "size": 29529,
        "mode": 420
      },
      {
        "path": "packages/safe-bash/dist/commands/regex-execution/bounded-provider.js.map",
        "size": 31515,
        "mode": 420
      },
      {
        "path": "packages/safe-bash/dist/commands/regex-execution/client.d.ts",
        "size": 582,
        "mode": 420
      },
      {
        "path": "packages/safe-bash/dist/commands/regex-execution/client.d.ts.map",
        "size": 505,
        "mode": 420
      },
      {
        "path": "packages/safe-bash/dist/commands/regex-execution/client.js",
        "size": 917,
        "mode": 420
      },
      {
        "path": "packages/safe-bash/dist/commands/regex-execution/client.js.map",
        "size": 840,
        "mode": 420
      },
      {
        "path": "packages/safe-bash/dist/commands/regex-execution/ere/errors.d.ts",
        "size": 727,
        "mode": 420
      },
      {
        "path": "packages/safe-bash/dist/commands/regex-execution/ere/errors.d.ts.map",
        "size": 692,
        "mode": 420
      },
      {
        "path": "packages/safe-bash/dist/commands/regex-execution/ere/errors.js",
        "size": 1079,
        "mode": 420
      },
      {
        "path": "packages/safe-bash/dist/commands/regex-execution/ere/errors.js.map",
        "size": 1029,
        "mode": 420
      },
      {
        "path": "packages/safe-bash/dist/commands/regex-execution/ere/limits.d.ts",
        "size": 707,
        "mode": 420
      },
      {
        "path": "packages/safe-bash/dist/commands/regex-execution/ere/limits.d.ts.map",
        "size": 758,
        "mode": 420
      },
      {
        "path": "packages/safe-bash/dist/commands/regex-execution/ere/limits.js",
        "size": 3306,
        "mode": 420
      },
      {
        "path": "packages/safe-bash/dist/commands/regex-execution/ere/limits.js.map",
        "size": 3675,
        "mode": 420
      },
      {
        "path": "packages/safe-bash/dist/commands/regex-execution/ere/matcher.d.ts",
        "size": 824,
        "mode": 420
      },
      {
        "path": "packages/safe-bash/dist/commands/regex-execution/ere/matcher.d.ts.map",
        "size": 788,
        "mode": 420
      },
      {
        "path": "packages/safe-bash/dist/commands/regex-execution/ere/matcher.js",
        "size": 14508,
        "mode": 420
      },
      {
        "path": "packages/safe-bash/dist/commands/regex-execution/ere/matcher.js.map",
        "size": 16426,
        "mode": 420
      },
      {
        "path": "packages/safe-bash/dist/commands/regex-execution/ere/syntax.d.ts",
        "size": 509,
        "mode": 420
      },
      {
        "path": "packages/safe-bash/dist/commands/regex-execution/ere/syntax.d.ts.map",
        "size": 590,
        "mode": 420
      },
      {
        "path": "packages/safe-bash/dist/commands/regex-execution/ere/syntax.js",
        "size": 15040,
        "mode": 420
      },
      {
        "path": "packages/safe-bash/dist/commands/regex-execution/ere/syntax.js.map",
        "size": 17243,
        "mode": 420
      },
      {
        "path": "packages/safe-bash/dist/commands/regex-execution/ere/transport/accounting.d.ts",
        "size": 1965,
        "mode": 420
      },
      {
        "path": "packages/safe-bash/dist/commands/regex-execution/ere/transport/accounting.d.ts.map",
        "size": 1806,
        "mode": 420
      },
      {
        "path": "packages/safe-bash/dist/commands/regex-execution/ere/transport/accounting.js",
        "size": 7041,
        "mode": 420
      },
      {
        "path": "packages/safe-bash/dist/commands/regex-execution/ere/transport/accounting.js.map",
        "size": 7655,
        "mode": 420
      },
      {
        "path": "packages/safe-bash/dist/commands/regex-execution/ere/transport/owner.d.ts",
        "size": 693,
        "mode": 420
      },
      {
        "path": "packages/safe-bash/dist/commands/regex-execution/ere/transport/owner.d.ts.map",
        "size": 721,
        "mode": 420
      },
      {
        "path": "packages/safe-bash/dist/commands/regex-execution/ere/transport/owner.js",
        "size": 9930,
        "mode": 420
      },
      {
        "path": "packages/safe-bash/dist/commands/regex-execution/ere/transport/owner.js.map",
        "size": 9409,
        "mode": 420
      },
      {
        "path": "packages/safe-bash/dist/commands/regex-execution/ere/transport/protocol.d.ts",
        "size": 2696,
        "mode": 420
      },
      {
        "path": "packages/safe-bash/dist/commands/regex-execution/ere/transport/protocol.d.ts.map",
        "size": 2659,
        "mode": 420
      },
      {
        "path": "packages/safe-bash/dist/commands/regex-execution/ere/transport/protocol.js",
        "size": 1234,
        "mode": 420
      },
      {
        "path": "packages/safe-bash/dist/commands/regex-execution/ere/transport/protocol.js.map",
        "size": 1223,
        "mode": 420
      },
      {
        "path": "packages/safe-bash/dist/commands/regex-execution/ere/transport/root.d.ts",
        "size": 679,
        "mode": 420
      },
      {
        "path": "packages/safe-bash/dist/commands/regex-execution/ere/transport/root.d.ts.map",
        "size": 648,
        "mode": 420
      },
      {
        "path": "packages/safe-bash/dist/commands/regex-execution/ere/transport/root.js",
        "size": 14651,
        "mode": 420
      },
      {
        "path": "packages/safe-bash/dist/commands/regex-execution/ere/transport/root.js.map",
        "size": 14712,
        "mode": 420
      },
      {
        "path": "packages/safe-bash/dist/commands/regex-execution/ere/transport/validation.d.ts",
        "size": 1502,
        "mode": 420
      },
      {
        "path": "packages/safe-bash/dist/commands/regex-execution/ere/transport/validation.d.ts.map",
        "size": 1493,
        "mode": 420
      },
      {
        "path": "packages/safe-bash/dist/commands/regex-execution/ere/transport/validation.js",
        "size": 12869,
        "mode": 420
      },
      {
        "path": "packages/safe-bash/dist/commands/regex-execution/ere/transport/validation.js.map",
        "size": 14967,
        "mode": 420
      },
      {
        "path": "packages/safe-bash/dist/commands/regex-execution/ere/transport/wire-engine.d.ts",
        "size": 205,
        "mode": 420
      },
      {
        "path": "packages/safe-bash/dist/commands/regex-execution/ere/transport/wire-engine.d.ts.map",
        "size": 302,
        "mode": 420
      },
      {
        "path": "packages/safe-bash/dist/commands/regex-execution/ere/transport/wire-engine.js",
        "size": 2553,
        "mode": 420
      },
      {
        "path": "packages/safe-bash/dist/commands/regex-execution/ere/transport/wire-engine.js.map",
        "size": 2803,
        "mode": 420
      },
      {
        "path": "packages/safe-bash/dist/commands/regex-execution/ere/transport/worker-entry.d.ts",
        "size": 53,
        "mode": 420
      },
      {
        "path": "packages/safe-bash/dist/commands/regex-execution/ere/transport/worker-entry.d.ts.map",
        "size": 169,
        "mode": 420
      },
      {
        "path": "packages/safe-bash/dist/commands/regex-execution/ere/transport/worker-entry.js",
        "size": 1542,
        "mode": 420
      },
      {
        "path": "packages/safe-bash/dist/commands/regex-execution/ere/transport/worker-entry.js.map",
        "size": 1889,
        "mode": 420
      },
      {
        "path": "packages/safe-bash/dist/commands/regex-execution/ere/types.d.ts",
        "size": 1708,
        "mode": 420
      },
      {
        "path": "packages/safe-bash/dist/commands/regex-execution/ere/types.d.ts.map",
        "size": 1985,
        "mode": 420
      },
      {
        "path": "packages/safe-bash/dist/commands/regex-execution/ere/types.js",
        "size": 44,
        "mode": 420
      },
      {
        "path": "packages/safe-bash/dist/commands/regex-execution/ere/types.js.map",
        "size": 140,
        "mode": 420
      },
      {
        "path": "packages/safe-bash/dist/commands/regex-execution/matching.d.ts",
        "size": 204,
        "mode": 420
      },
      {
        "path": "packages/safe-bash/dist/commands/regex-execution/matching.d.ts.map",
        "size": 322,
        "mode": 420
      },
      {
        "path": "packages/safe-bash/dist/commands/regex-execution/matching.js",
        "size": 13810,
        "mode": 420
      },
      {
        "path": "packages/safe-bash/dist/commands/regex-execution/matching.js.map",
        "size": 14696,
        "mode": 420
      },
      {
        "path": "packages/safe-bash/dist/commands/regex-execution/portable.d.ts",
        "size": 3416,
        "mode": 420
      },
      {
        "path": "packages/safe-bash/dist/commands/regex-execution/portable.d.ts.map",
        "size": 3466,
        "mode": 420
      },
      {
        "path": "packages/safe-bash/dist/commands/regex-execution/portable.js",
        "size": 15984,
        "mode": 420
      },
      {
        "path": "packages/safe-bash/dist/commands/regex-execution/portable.js.map",
        "size": 17513,
        "mode": 420
      },
      {
        "path": "packages/safe-bash/dist/commands/regex-execution/protocol.d.ts",
        "size": 5736,
        "mode": 420
      },
      {
        "path": "packages/safe-bash/dist/commands/regex-execution/protocol.d.ts.map",
        "size": 5622,
        "mode": 420
      },
      {
        "path": "packages/safe-bash/dist/commands/regex-execution/protocol.js",
        "size": 13505,
        "mode": 420
      },
      {
        "path": "packages/safe-bash/dist/commands/regex-execution/protocol.js.map",
        "size": 14898,
        "mode": 420
      },
      {
        "path": "packages/safe-bash/dist/commands/regex-execution/provider.d.ts",
        "size": 1163,
        "mode": 420
      },
      {
        "path": "packages/safe-bash/dist/commands/regex-execution/provider.d.ts.map",
        "size": 1373,
        "mode": 420
      },
      {
        "path": "packages/safe-bash/dist/commands/regex-execution/provider.js",
        "size": 47,
        "mode": 420
      },
      {
        "path": "packages/safe-bash/dist/commands/regex-execution/provider.js.map",
        "size": 139,
        "mode": 420
      },
      {
        "path": "packages/safe-bash/dist/commands/regex-execution/public.d.ts",
        "size": 897,
        "mode": 420
      },
      {
        "path": "packages/safe-bash/dist/commands/regex-execution/public.d.ts.map",
        "size": 806,
        "mode": 420
      },
      {
        "path": "packages/safe-bash/dist/commands/regex-execution/public.js",
        "size": 406,
        "mode": 420
      },
      {
        "path": "packages/safe-bash/dist/commands/regex-execution/public.js.map",
        "size": 430,
        "mode": 420
      },
      {
        "path": "packages/safe-bash/dist/commands/regex-execution/utf8.d.ts",
        "size": 201,
        "mode": 420
      },
      {
        "path": "packages/safe-bash/dist/commands/regex-execution/utf8.d.ts.map",
        "size": 299,
        "mode": 420
      },
      {
        "path": "packages/safe-bash/dist/commands/regex-execution/utf8.js",
        "size": 1339,
        "mode": 420
      },
      {
        "path": "packages/safe-bash/dist/commands/regex-execution/utf8.js.map",
        "size": 1628,
        "mode": 420
      },
      {
        "path": "packages/safe-bash/dist/commands/regex-execution/worker.d.ts",
        "size": 47,
        "mode": 420
      },
      {
        "path": "packages/safe-bash/dist/commands/regex-execution/worker.d.ts.map",
        "size": 137,
        "mode": 420
      },
      {
        "path": "packages/safe-bash/dist/commands/regex-execution/worker.js",
        "size": 3052,
        "mode": 420
      },
      {
        "path": "packages/safe-bash/dist/commands/regex-execution/worker.js.map",
        "size": 3347,
        "mode": 420
      },
      {
        "path": "packages/safe-bash/dist/commands/safejs/index.d.ts",
        "size": 1223,
        "mode": 420
      },
      {
        "path": "packages/safe-bash/dist/commands/safejs/index.d.ts.map",
        "size": 1134,
        "mode": 420
      },
      {
        "path": "packages/safe-bash/dist/commands/safejs/index.js",
        "size": 11765,
        "mode": 420
      },
      {
        "path": "packages/safe-bash/dist/commands/safejs/index.js.map",
        "size": 10552,
        "mode": 420
      },
      {
        "path": "packages/safe-bash/dist/commands/safejs/io.d.ts",
        "size": 1322,
        "mode": 420
      },
      {
        "path": "packages/safe-bash/dist/commands/safejs/io.d.ts.map",
        "size": 1488,
        "mode": 420
      },
      {
        "path": "packages/safe-bash/dist/commands/safejs/io.js",
        "size": 4803,
        "mode": 420
      },
      {
        "path": "packages/safe-bash/dist/commands/safejs/io.js.map",
        "size": 5403,
        "mode": 420
      },
      {
        "path": "packages/safe-bash/dist/commands/safejs/options.d.ts",
        "size": 522,
        "mode": 420
      },
      {
        "path": "packages/safe-bash/dist/commands/safejs/options.d.ts.map",
        "size": 584,
        "mode": 420
      },
      {
        "path": "packages/safe-bash/dist/commands/safejs/options.js",
        "size": 2371,
        "mode": 420
      },
      {
        "path": "packages/safe-bash/dist/commands/safejs/options.js.map",
        "size": 2848,
        "mode": 420
      },
      {
        "path": "packages/safe-bash/dist/commands/safejs/render.d.ts",
        "size": 157,
        "mode": 420
      },
      {
        "path": "packages/safe-bash/dist/commands/safejs/render.d.ts.map",
        "size": 256,
        "mode": 420
      },
      {
        "path": "packages/safe-bash/dist/commands/safejs/render.js",
        "size": 3374,
        "mode": 420
      },
      {
        "path": "packages/safe-bash/dist/commands/safejs/render.js.map",
        "size": 3627,
        "mode": 420
      },
      {
        "path": "packages/safe-bash/dist/commands/safejs/types.d.ts",
        "size": 2395,
        "mode": 420
      },
      {
        "path": "packages/safe-bash/dist/commands/safejs/types.d.ts.map",
        "size": 2484,
        "mode": 420
      },
      {
        "path": "packages/safe-bash/dist/commands/safejs/types.js",
        "size": 305,
        "mode": 420
      },
      {
        "path": "packages/safe-bash/dist/commands/safejs/types.js.map",
        "size": 329,
        "mode": 420
      },
      {
        "path": "packages/safe-bash/dist/commands/search/file-types.d.ts",
        "size": 124,
        "mode": 420
      },
      {
        "path": "packages/safe-bash/dist/commands/search/file-types.d.ts.map",
        "size": 224,
        "mode": 420
      },
      {
        "path": "packages/safe-bash/dist/commands/search/file-types.js",
        "size": 9891,
        "mode": 420
      },
      {
        "path": "packages/safe-bash/dist/commands/search/file-types.js.map",
        "size": 11123,
        "mode": 420
      },
      {
        "path": "packages/safe-bash/dist/commands/search/glob.d.ts",
        "size": 941,
        "mode": 420
      },
      {
        "path": "packages/safe-bash/dist/commands/search/glob.d.ts.map",
        "size": 975,
        "mode": 420
      },
      {
        "path": "packages/safe-bash/dist/commands/search/glob.js",
        "size": 3177,
        "mode": 420
      },
      {
        "path": "packages/safe-bash/dist/commands/search/glob.js.map",
        "size": 3530,
        "mode": 420
      },
      {
        "path": "packages/safe-bash/dist/commands/search/grep.d.ts",
        "size": 255,
        "mode": 420
      },
      {
        "path": "packages/safe-bash/dist/commands/search/grep.d.ts.map",
        "size": 282,
        "mode": 420
      },
      {
        "path": "packages/safe-bash/dist/commands/search/grep.js",
        "size": 10504,
        "mode": 420
      },
      {
        "path": "packages/safe-bash/dist/commands/search/grep.js.map",
        "size": 9182,
        "mode": 420
      },
      {
        "path": "packages/safe-bash/dist/commands/search/index.d.ts",
        "size": 410,
        "mode": 420
      },
      {
        "path": "packages/safe-bash/dist/commands/search/index.d.ts.map",
        "size": 398,
        "mode": 420
      },
      {
        "path": "packages/safe-bash/dist/commands/search/index.js",
        "size": 756,
        "mode": 420
      },
      {
        "path": "packages/safe-bash/dist/commands/search/index.js.map",
        "size": 767,
        "mode": 420
      },
      {
        "path": "packages/safe-bash/dist/commands/search/matcher.d.ts",
        "size": 601,
        "mode": 420
      },
      {
        "path": "packages/safe-bash/dist/commands/search/matcher.d.ts.map",
        "size": 656,
        "mode": 420
      },
      {
        "path": "packages/safe-bash/dist/commands/search/matcher.js",
        "size": 893,
        "mode": 420
      },
      {
        "path": "packages/safe-bash/dist/commands/search/matcher.js.map",
        "size": 1090,
        "mode": 420
      },
      {
        "path": "packages/safe-bash/dist/commands/search/options.d.ts",
        "size": 1892,
        "mode": 420
      },
      {
        "path": "packages/safe-bash/dist/commands/search/options.d.ts.map",
        "size": 2046,
        "mode": 420
      },
      {
        "path": "packages/safe-bash/dist/commands/search/options.js",
        "size": 12441,
        "mode": 420
      },
      {
        "path": "packages/safe-bash/dist/commands/search/options.js.map",
        "size": 9795,
        "mode": 420
      },
      {
        "path": "packages/safe-bash/dist/commands/search/output.d.ts",
        "size": 1203,
        "mode": 420
      },
      {
        "path": "packages/safe-bash/dist/commands/search/output.d.ts.map",
        "size": 1343,
        "mode": 420
      },
      {
        "path": "packages/safe-bash/dist/commands/search/output.js",
        "size": 3680,
        "mode": 420
      },
      {
        "path": "packages/safe-bash/dist/commands/search/output.js.map",
        "size": 5167,
        "mode": 420
      },
      {
        "path": "packages/safe-bash/dist/commands/search/portable.d.ts",
        "size": 764,
        "mode": 420
      },
      {
        "path": "packages/safe-bash/dist/commands/search/portable.d.ts.map",
        "size": 730,
        "mode": 420
      },
      {
        "path": "packages/safe-bash/dist/commands/search/portable.js",
        "size": 1019,
        "mode": 420
      },
      {
        "path": "packages/safe-bash/dist/commands/search/portable.js.map",
        "size": 1033,
        "mode": 420
      },
      {
        "path": "packages/safe-bash/dist/commands/search/requirements.d.ts",
        "size": 875,
        "mode": 420
      },
      {
        "path": "packages/safe-bash/dist/commands/search/requirements.d.ts.map",
        "size": 746,
        "mode": 420
      },
      {
        "path": "packages/safe-bash/dist/commands/search/requirements.js",
        "size": 3893,
        "mode": 420
      },
      {
        "path": "packages/safe-bash/dist/commands/search/requirements.js.map",
        "size": 3814,
        "mode": 420
      },
      {
        "path": "packages/safe-bash/dist/commands/search/rg-command.d.ts",
        "size": 332,
        "mode": 420
      },
      {
        "path": "packages/safe-bash/dist/commands/search/rg-command.d.ts.map",
        "size": 356,
        "mode": 420
      },
      {
        "path": "packages/safe-bash/dist/commands/search/rg-command.js",
        "size": 12659,
        "mode": 420
      },
      {
        "path": "packages/safe-bash/dist/commands/search/rg-command.js.map",
        "size": 13065,
        "mode": 420
      },
      {
        "path": "packages/safe-bash/dist/commands/search/rg.d.ts",
        "size": 229,
        "mode": 420
      },
      {
        "path": "packages/safe-bash/dist/commands/search/rg.d.ts.map",
        "size": 271,
        "mode": 420
      },
      {
        "path": "packages/safe-bash/dist/commands/search/rg.js",
        "size": 468,
        "mode": 420
      },
      {
        "path": "packages/safe-bash/dist/commands/search/rg.js.map",
        "size": 489,
        "mode": 420
      },
      {
        "path": "packages/safe-bash/dist/commands/search/shared.d.ts",
        "size": 1455,
        "mode": 420
      },
      {
        "path": "packages/safe-bash/dist/commands/search/shared.d.ts.map",
        "size": 1482,
        "mode": 420
      },
      {
        "path": "packages/safe-bash/dist/commands/search/shared.js",
        "size": 4936,
        "mode": 420
      },
      {
        "path": "packages/safe-bash/dist/commands/search/shared.js.map",
        "size": 5523,
        "mode": 420
      },
      {
        "path": "packages/safe-bash/dist/commands/search/walk.d.ts",
        "size": 1082,
        "mode": 420
      },
      {
        "path": "packages/safe-bash/dist/commands/search/walk.d.ts.map",
        "size": 1141,
        "mode": 420
      },
      {
        "path": "packages/safe-bash/dist/commands/search/walk.js",
        "size": 11756,
        "mode": 420
      },
      {
        "path": "packages/safe-bash/dist/commands/search/walk.js.map",
        "size": 12627,
        "mode": 420
      },
      {
        "path": "packages/safe-bash/dist/commands/shuf.d.ts",
        "size": 156,
        "mode": 420
      },
      {
        "path": "packages/safe-bash/dist/commands/shuf.d.ts.map",
        "size": 203,
        "mode": 420
      },
      {
        "path": "packages/safe-bash/dist/commands/shuf.js",
        "size": 43885,
        "mode": 420
      },
      {
        "path": "packages/safe-bash/dist/commands/shuf.js.map",
        "size": 45553,
        "mode": 420
      },
      {
        "path": "packages/safe-bash/dist/commands/sort-admission.d.ts",
        "size": 222,
        "mode": 420
      },
      {
        "path": "packages/safe-bash/dist/commands/sort-admission.d.ts.map",
        "size": 212,
        "mode": 420
      },
      {
        "path": "packages/safe-bash/dist/commands/sort-admission.js",
        "size": 582,
        "mode": 420
      },
      {
        "path": "packages/safe-bash/dist/commands/sort-admission.js.map",
        "size": 615,
        "mode": 420
      },
      {
        "path": "packages/safe-bash/dist/commands/split/index.d.ts",
        "size": 449,
        "mode": 420
      },
      {
        "path": "packages/safe-bash/dist/commands/split/index.d.ts.map",
        "size": 413,
        "mode": 420
      },
      {
        "path": "packages/safe-bash/dist/commands/split/index.js",
        "size": 771,
        "mode": 420
      },
      {
        "path": "packages/safe-bash/dist/commands/split/index.js.map",
        "size": 827,
        "mode": 420
      },
      {
        "path": "packages/safe-bash/dist/commands/split/io.d.ts",
        "size": 994,
        "mode": 420
      },
      {
        "path": "packages/safe-bash/dist/commands/split/io.d.ts.map",
        "size": 1100,
        "mode": 420
      },
      {
        "path": "packages/safe-bash/dist/commands/split/io.js",
        "size": 3906,
        "mode": 420
      },
      {
        "path": "packages/safe-bash/dist/commands/split/io.js.map",
        "size": 4531,
        "mode": 420
      },
      {
        "path": "packages/safe-bash/dist/commands/split/names.d.ts",
        "size": 329,
        "mode": 420
      },
      {
        "path": "packages/safe-bash/dist/commands/split/names.d.ts.map",
        "size": 404,
        "mode": 420
      },
      {
        "path": "packages/safe-bash/dist/commands/split/names.js",
        "size": 1802,
        "mode": 420
      },
      {
        "path": "packages/safe-bash/dist/commands/split/names.js.map",
        "size": 2137,
        "mode": 420
      },
      {
        "path": "packages/safe-bash/dist/commands/split/options.d.ts",
        "size": 999,
        "mode": 420
      },
      {
        "path": "packages/safe-bash/dist/commands/split/options.d.ts.map",
        "size": 1081,
        "mode": 420
      },
      {
        "path": "packages/safe-bash/dist/commands/split/options.js",
        "size": 5902,
        "mode": 420
      },
      {
        "path": "packages/safe-bash/dist/commands/split/options.js.map",
        "size": 6050,
        "mode": 420
      },
      {
        "path": "packages/safe-bash/dist/commands/split/outputs.d.ts",
        "size": 634,
        "mode": 420
      },
      {
        "path": "packages/safe-bash/dist/commands/split/outputs.d.ts.map",
        "size": 718,
        "mode": 420
      },
      {
        "path": "packages/safe-bash/dist/commands/split/outputs.js",
        "size": 5191,
        "mode": 420
      },
      {
        "path": "packages/safe-bash/dist/commands/split/outputs.js.map",
        "size": 6015,
        "mode": 420
      },
      {
        "path": "packages/safe-bash/dist/commands/split/split.d.ts",
        "size": 235,
        "mode": 420
      },
      {
        "path": "packages/safe-bash/dist/commands/split/split.d.ts.map",
        "size": 280,
        "mode": 420
      },
      {
        "path": "packages/safe-bash/dist/commands/split/split.js",
        "size": 5858,
        "mode": 420
      },
      {
        "path": "packages/safe-bash/dist/commands/split/split.js.map",
        "size": 6504,
        "mode": 420
      },
      {
        "path": "packages/safe-bash/dist/commands/standard.d.ts",
        "size": 944,
        "mode": 420
      },
      {
        "path": "packages/safe-bash/dist/commands/standard.d.ts.map",
        "size": 849,
        "mode": 420
      },
      {
        "path": "packages/safe-bash/dist/commands/standard.js",
        "size": 1552,
        "mode": 420
      },
      {
        "path": "packages/safe-bash/dist/commands/standard.js.map",
        "size": 1615,
        "mode": 420
      },
      {
        "path": "packages/safe-bash/dist/commands/stream-format/index.d.ts",
        "size": 496,
        "mode": 420
      },
      {
        "path": "packages/safe-bash/dist/commands/stream-format/index.d.ts.map",
        "size": 425,
        "mode": 420
      },
      {
        "path": "packages/safe-bash/dist/commands/stream-format/index.js",
        "size": 1060,
        "mode": 420
      },
      {
        "path": "packages/safe-bash/dist/commands/stream-format/index.js.map",
        "size": 1074,
        "mode": 420
      },
      {
        "path": "packages/safe-bash/dist/commands/stream-format/nl.d.ts",
        "size": 242,
        "mode": 420
      },
      {
        "path": "packages/safe-bash/dist/commands/stream-format/nl.d.ts.map",
        "size": 284,
        "mode": 420
      },
      {
        "path": "packages/safe-bash/dist/commands/stream-format/nl.js",
        "size": 4938,
        "mode": 420
      },
      {
        "path": "packages/safe-bash/dist/commands/stream-format/nl.js.map",
        "size": 5510,
        "mode": 420
      },
      {
        "path": "packages/safe-bash/dist/commands/stream-format/rev.d.ts",
        "size": 244,
        "mode": 420
      },
      {
        "path": "packages/safe-bash/dist/commands/stream-format/rev.d.ts.map",
        "size": 288,
        "mode": 420
      },
      {
        "path": "packages/safe-bash/dist/commands/stream-format/rev.js",
        "size": 2970,
        "mode": 420
      },
      {
        "path": "packages/safe-bash/dist/commands/stream-format/rev.js.map",
        "size": 3553,
        "mode": 420
      },
      {
        "path": "packages/safe-bash/dist/commands/stream-format/seq.d.ts",
        "size": 244,
        "mode": 420
      },
      {
        "path": "packages/safe-bash/dist/commands/stream-format/seq.d.ts.map",
        "size": 288,
        "mode": 420
      },
      {
        "path": "packages/safe-bash/dist/commands/stream-format/seq.js",
        "size": 12434,
        "mode": 420
      },
      {
        "path": "packages/safe-bash/dist/commands/stream-format/seq.js.map",
        "size": 14558,
        "mode": 420
      },
      {
        "path": "packages/safe-bash/dist/commands/stream-format/shared.d.ts",
        "size": 1965,
        "mode": 420
      },
      {
        "path": "packages/safe-bash/dist/commands/stream-format/shared.d.ts.map",
        "size": 2053,
        "mode": 420
      },
      {
        "path": "packages/safe-bash/dist/commands/stream-format/shared.js",
        "size": 8066,
        "mode": 420
      },
      {
        "path": "packages/safe-bash/dist/commands/stream-format/shared.js.map",
        "size": 8863,
        "mode": 420
      },
      {
        "path": "packages/safe-bash/dist/commands/stream-format/unexpand.d.ts",
        "size": 254,
        "mode": 420
      },
      {
        "path": "packages/safe-bash/dist/commands/stream-format/unexpand.d.ts.map",
        "size": 298,
        "mode": 420
      },
      {
        "path": "packages/safe-bash/dist/commands/stream-format/unexpand.js",
        "size": 5402,
        "mode": 420
      },
      {
        "path": "packages/safe-bash/dist/commands/stream-format/unexpand.js.map",
        "size": 5546,
        "mode": 420
      },
      {
        "path": "packages/safe-bash/dist/commands/stream-inspection/expand.d.ts",
        "size": 258,
        "mode": 420
      },
      {
        "path": "packages/safe-bash/dist/commands/stream-inspection/expand.d.ts.map",
        "size": 298,
        "mode": 420
      },
      {
        "path": "packages/safe-bash/dist/commands/stream-inspection/expand.js",
        "size": 3943,
        "mode": 420
      },
      {
        "path": "packages/safe-bash/dist/commands/stream-inspection/expand.js.map",
        "size": 3976,
        "mode": 420
      },
      {
        "path": "packages/safe-bash/dist/commands/stream-inspection/fold.d.ts",
        "size": 254,
        "mode": 420
      },
      {
        "path": "packages/safe-bash/dist/commands/stream-inspection/fold.d.ts.map",
        "size": 293,
        "mode": 420
      },
      {
        "path": "packages/safe-bash/dist/commands/stream-inspection/fold.js",
        "size": 2484,
        "mode": 420
      },
      {
        "path": "packages/safe-bash/dist/commands/stream-inspection/fold.js.map",
        "size": 2681,
        "mode": 420
      },
      {
        "path": "packages/safe-bash/dist/commands/stream-inspection/index.d.ts",
        "size": 524,
        "mode": 420
      },
      {
        "path": "packages/safe-bash/dist/commands/stream-inspection/index.d.ts.map",
        "size": 429,
        "mode": 420
      },
      {
        "path": "packages/safe-bash/dist/commands/stream-inspection/index.js",
        "size": 1088,
        "mode": 420
      },
      {
        "path": "packages/safe-bash/dist/commands/stream-inspection/index.js.map",
        "size": 1082,
        "mode": 420
      },
      {
        "path": "packages/safe-bash/dist/commands/stream-inspection/numeric-options.d.ts",
        "size": 288,
        "mode": 420
      },
      {
        "path": "packages/safe-bash/dist/commands/stream-inspection/numeric-options.d.ts.map",
        "size": 425,
        "mode": 420
      },
      {
        "path": "packages/safe-bash/dist/commands/stream-inspection/numeric-options.js",
        "size": 2188,
        "mode": 420
      },
      {
        "path": "packages/safe-bash/dist/commands/stream-inspection/numeric-options.js.map",
        "size": 2534,
        "mode": 420
      },
      {
        "path": "packages/safe-bash/dist/commands/stream-inspection/shared.d.ts",
        "size": 2013,
        "mode": 420
      },
      {
        "path": "packages/safe-bash/dist/commands/stream-inspection/shared.d.ts.map",
        "size": 2056,
        "mode": 420
      },
      {
        "path": "packages/safe-bash/dist/commands/stream-inspection/shared.js",
        "size": 7830,
        "mode": 420
      },
      {
        "path": "packages/safe-bash/dist/commands/stream-inspection/shared.js.map",
        "size": 8701,
        "mode": 420
      },
      {
        "path": "packages/safe-bash/dist/commands/stream-inspection/strings.d.ts",
        "size": 260,
        "mode": 420
      },
      {
        "path": "packages/safe-bash/dist/commands/stream-inspection/strings.d.ts.map",
        "size": 299,
        "mode": 420
      },
      {
        "path": "packages/safe-bash/dist/commands/stream-inspection/strings.js",
        "size": 2761,
        "mode": 420
      },
      {
        "path": "packages/safe-bash/dist/commands/stream-inspection/strings.js.map",
        "size": 3002,
        "mode": 420
      },
      {
        "path": "packages/safe-bash/dist/commands/stream-inspection/tac.d.ts",
        "size": 252,
        "mode": 420
      },
      {
        "path": "packages/safe-bash/dist/commands/stream-inspection/tac.d.ts.map",
        "size": 290,
        "mode": 420
      },
      {
        "path": "packages/safe-bash/dist/commands/stream-inspection/tac.js",
        "size": 2516,
        "mode": 420
      },
      {
        "path": "packages/safe-bash/dist/commands/stream-inspection/tac.js.map",
        "size": 2917,
        "mode": 420
      },
      {
        "path": "packages/safe-bash/dist/commands/streams.d.ts",
        "size": 217,
        "mode": 420
      },
      {
        "path": "packages/safe-bash/dist/commands/streams.d.ts.map",
        "size": 244,
        "mode": 420
      },
      {
        "path": "packages/safe-bash/dist/commands/streams.js",
        "size": 26307,
        "mode": 420
      },
      {
        "path": "packages/safe-bash/dist/commands/streams.js.map",
        "size": 27489,
        "mode": 420
      },
      {
        "path": "packages/safe-bash/dist/commands/structured/index.d.ts",
        "size": 521,
        "mode": 420
      },
      {
        "path": "packages/safe-bash/dist/commands/structured/index.d.ts.map",
        "size": 461,
        "mode": 420
      },
      {
        "path": "packages/safe-bash/dist/commands/structured/index.js",
        "size": 811,
        "mode": 420
      },
      {
        "path": "packages/safe-bash/dist/commands/structured/index.js.map",
        "size": 814,
        "mode": 420
      },
      {
        "path": "packages/safe-bash/dist/commands/structured/input.d.ts",
        "size": 1731,
        "mode": 420
      },
      {
        "path": "packages/safe-bash/dist/commands/structured/input.d.ts.map",
        "size": 1748,
        "mode": 420
      },
      {
        "path": "packages/safe-bash/dist/commands/structured/input.js",
        "size": 19946,
        "mode": 420
      },
      {
        "path": "packages/safe-bash/dist/commands/structured/input.js.map",
        "size": 22624,
        "mode": 420
      },
      {
        "path": "packages/safe-bash/dist/commands/structured/interpreter.d.ts",
        "size": 1218,
        "mode": 420
      },
      {
        "path": "packages/safe-bash/dist/commands/structured/interpreter.d.ts.map",
        "size": 1576,
        "mode": 420
      },
      {
        "path": "packages/safe-bash/dist/commands/structured/interpreter.js",
        "size": 34555,
        "mode": 420
      },
      {
        "path": "packages/safe-bash/dist/commands/structured/interpreter.js.map",
        "size": 34910,
        "mode": 420
      },
      {
        "path": "packages/safe-bash/dist/commands/structured/jq.d.ts",
        "size": 252,
        "mode": 420
      },
      {
        "path": "packages/safe-bash/dist/commands/structured/jq.d.ts.map",
        "size": 281,
        "mode": 420
      },
      {
        "path": "packages/safe-bash/dist/commands/structured/jq.js",
        "size": 13354,
        "mode": 420
      },
      {
        "path": "packages/safe-bash/dist/commands/structured/jq.js.map",
        "size": 13734,
        "mode": 420
      },
      {
        "path": "packages/safe-bash/dist/commands/structured/limits.d.ts",
        "size": 2591,
        "mode": 420
      },
      {
        "path": "packages/safe-bash/dist/commands/structured/limits.d.ts.map",
        "size": 2740,
        "mode": 420
      },
      {
        "path": "packages/safe-bash/dist/commands/structured/limits.js",
        "size": 6579,
        "mode": 420
      },
      {
        "path": "packages/safe-bash/dist/commands/structured/limits.js.map",
        "size": 7491,
        "mode": 420
      },
      {
        "path": "packages/safe-bash/dist/commands/structured/numbers.d.ts",
        "size": 854,
        "mode": 420
      },
      {
        "path": "packages/safe-bash/dist/commands/structured/numbers.d.ts.map",
        "size": 922,
        "mode": 420
      },
      {
        "path": "packages/safe-bash/dist/commands/structured/numbers.js",
        "size": 6349,
        "mode": 420
      },
      {
        "path": "packages/safe-bash/dist/commands/structured/numbers.js.map",
        "size": 8579,
        "mode": 420
      },
      {
        "path": "packages/safe-bash/dist/commands/structured/parser.d.ts",
        "size": 1265,
        "mode": 420
      },
      {
        "path": "packages/safe-bash/dist/commands/structured/parser.d.ts.map",
        "size": 1795,
        "mode": 420
      },
      {
        "path": "packages/safe-bash/dist/commands/structured/parser.js",
        "size": 15686,
        "mode": 420
      },
      {
        "path": "packages/safe-bash/dist/commands/structured/parser.js.map",
        "size": 18676,
        "mode": 420
      },
      {
        "path": "packages/safe-bash/dist/commands/structured/query-core.d.ts",
        "size": 1307,
        "mode": 420
      },
      {
        "path": "packages/safe-bash/dist/commands/structured/query-core.d.ts.map",
        "size": 1355,
        "mode": 420
      },
      {
        "path": "packages/safe-bash/dist/commands/structured/query-core.js",
        "size": 23175,
        "mode": 420
      },
      {
        "path": "packages/safe-bash/dist/commands/structured/query-core.js.map",
        "size": 22060,
        "mode": 420
      },
      {
        "path": "packages/safe-bash/dist/commands/structured/split.d.ts",
        "size": 186,
        "mode": 420
      },
      {
        "path": "packages/safe-bash/dist/commands/structured/split.d.ts.map",
        "size": 300,
        "mode": 420
      },
      {
        "path": "packages/safe-bash/dist/commands/structured/split.js",
        "size": 2631,
        "mode": 420
      },
      {
        "path": "packages/safe-bash/dist/commands/structured/split.js.map",
        "size": 2938,
        "mode": 420
      },
      {
        "path": "packages/safe-bash/dist/commands/structured/values.d.ts",
        "size": 1193,
        "mode": 420
      },
      {
        "path": "packages/safe-bash/dist/commands/structured/values.d.ts.map",
        "size": 1469,
        "mode": 420
      },
      {
        "path": "packages/safe-bash/dist/commands/structured/values.js",
        "size": 13397,
        "mode": 420
      },
      {
        "path": "packages/safe-bash/dist/commands/structured/values.js.map",
        "size": 17049,
        "mode": 420
      },
      {
        "path": "packages/safe-bash/dist/commands/table-text/comm.d.ts",
        "size": 262,
        "mode": 420
      },
      {
        "path": "packages/safe-bash/dist/commands/table-text/comm.d.ts.map",
        "size": 286,
        "mode": 420
      },
      {
        "path": "packages/safe-bash/dist/commands/table-text/comm.js",
        "size": 4700,
        "mode": 420
      },
      {
        "path": "packages/safe-bash/dist/commands/table-text/comm.js.map",
        "size": 5152,
        "mode": 420
      },
      {
        "path": "packages/safe-bash/dist/commands/table-text/index.d.ts",
        "size": 479,
        "mode": 420
      },
      {
        "path": "packages/safe-bash/dist/commands/table-text/index.d.ts.map",
        "size": 420,
        "mode": 420
      },
      {
        "path": "packages/safe-bash/dist/commands/table-text/index.js",
        "size": 967,
        "mode": 420
      },
      {
        "path": "packages/safe-bash/dist/commands/table-text/index.js.map",
        "size": 990,
        "mode": 420
      },
      {
        "path": "packages/safe-bash/dist/commands/table-text/internal.d.ts",
        "size": 2942,
        "mode": 420
      },
      {
        "path": "packages/safe-bash/dist/commands/table-text/internal.d.ts.map",
        "size": 2918,
        "mode": 420
      },
      {
        "path": "packages/safe-bash/dist/commands/table-text/internal.js",
        "size": 8528,
        "mode": 420
      },
      {
        "path": "packages/safe-bash/dist/commands/table-text/internal.js.map",
        "size": 9687,
        "mode": 420
      },
      {
        "path": "packages/safe-bash/dist/commands/table-text/join.d.ts",
        "size": 262,
        "mode": 420
      },
      {
        "path": "packages/safe-bash/dist/commands/table-text/join.d.ts.map",
        "size": 288,
        "mode": 420
      },
      {
        "path": "packages/safe-bash/dist/commands/table-text/join.js",
        "size": 11073,
        "mode": 420
      },
      {
        "path": "packages/safe-bash/dist/commands/table-text/join.js.map",
        "size": 12371,
        "mode": 420
      },
      {
        "path": "packages/safe-bash/dist/commands/table-text/paste.d.ts",
        "size": 264,
        "mode": 420
      },
      {
        "path": "packages/safe-bash/dist/commands/table-text/paste.d.ts.map",
        "size": 289,
        "mode": 420
      },
      {
        "path": "packages/safe-bash/dist/commands/table-text/paste.js",
        "size": 4896,
        "mode": 420
      },
      {
        "path": "packages/safe-bash/dist/commands/table-text/paste.js.map",
        "size": 5044,
        "mode": 420
      },
      {
        "path": "packages/safe-bash/dist/commands/tail-follow.d.ts",
        "size": 1027,
        "mode": 420
      },
      {
        "path": "packages/safe-bash/dist/commands/tail-follow.d.ts.map",
        "size": 1121,
        "mode": 420
      },
      {
        "path": "packages/safe-bash/dist/commands/tail-follow.js",
        "size": 20073,
        "mode": 420
      },
      {
        "path": "packages/safe-bash/dist/commands/tail-follow.js.map",
        "size": 20490,
        "mode": 420
      },
      {
        "path": "packages/safe-bash/dist/commands/text-programs/awk-reader.d.ts",
        "size": 778,
        "mode": 420
      },
      {
        "path": "packages/safe-bash/dist/commands/text-programs/awk-reader.d.ts.map",
        "size": 912,
        "mode": 420
      },
      {
        "path": "packages/safe-bash/dist/commands/text-programs/awk-reader.js",
        "size": 6539,
        "mode": 420
      },
      {
        "path": "packages/safe-bash/dist/commands/text-programs/awk-reader.js.map",
        "size": 7219,
        "mode": 420
      },
      {
        "path": "packages/safe-bash/dist/commands/text-programs/awk-retention.d.ts",
        "size": 458,
        "mode": 420
      },
      {
        "path": "packages/safe-bash/dist/commands/text-programs/awk-retention.d.ts.map",
        "size": 495,
        "mode": 420
      },
      {
        "path": "packages/safe-bash/dist/commands/text-programs/awk-retention.js",
        "size": 1344,
        "mode": 420
      },
      {
        "path": "packages/safe-bash/dist/commands/text-programs/awk-retention.js.map",
        "size": 1227,
        "mode": 420
      },
      {
        "path": "packages/safe-bash/dist/commands/text-programs/awk-runtime.d.ts",
        "size": 1598,
        "mode": 420
      },
      {
        "path": "packages/safe-bash/dist/commands/text-programs/awk-runtime.d.ts.map",
        "size": 1590,
        "mode": 420
      },
      {
        "path": "packages/safe-bash/dist/commands/text-programs/awk-runtime.js",
        "size": 40429,
        "mode": 420
      },
      {
        "path": "packages/safe-bash/dist/commands/text-programs/awk-runtime.js.map",
        "size": 44176,
        "mode": 420
      },
      {
        "path": "packages/safe-bash/dist/commands/text-programs/awk-syntax.d.ts",
        "size": 3047,
        "mode": 420
      },
      {
        "path": "packages/safe-bash/dist/commands/text-programs/awk-syntax.d.ts.map",
        "size": 3608,
        "mode": 420
      },
      {
        "path": "packages/safe-bash/dist/commands/text-programs/awk-syntax.js",
        "size": 23209,
        "mode": 420
      },
      {
        "path": "packages/safe-bash/dist/commands/text-programs/awk-syntax.js.map",
        "size": 26494,
        "mode": 420
      },
      {
        "path": "packages/safe-bash/dist/commands/text-programs/awk-values.d.ts",
        "size": 1230,
        "mode": 420
      },
      {
        "path": "packages/safe-bash/dist/commands/text-programs/awk-values.d.ts.map",
        "size": 1404,
        "mode": 420
      },
      {
        "path": "packages/safe-bash/dist/commands/text-programs/awk-values.js",
        "size": 9284,
        "mode": 420
      },
      {
        "path": "packages/safe-bash/dist/commands/text-programs/awk-values.js.map",
        "size": 11257,
        "mode": 420
      },
      {
        "path": "packages/safe-bash/dist/commands/text-programs/awk.d.ts",
        "size": 240,
        "mode": 420
      },
      {
        "path": "packages/safe-bash/dist/commands/text-programs/awk.d.ts.map",
        "size": 285,
        "mode": 420
      },
      {
        "path": "packages/safe-bash/dist/commands/text-programs/awk.js",
        "size": 2102,
        "mode": 420
      },
      {
        "path": "packages/safe-bash/dist/commands/text-programs/awk.js.map",
        "size": 2190,
        "mode": 420
      },
      {
        "path": "packages/safe-bash/dist/commands/text-programs/index.d.ts",
        "size": 438,
        "mode": 420
      },
      {
        "path": "packages/safe-bash/dist/commands/text-programs/index.d.ts.map",
        "size": 413,
        "mode": 420
      },
      {
        "path": "packages/safe-bash/dist/commands/text-programs/index.js",
        "size": 840,
        "mode": 420
      },
      {
        "path": "packages/safe-bash/dist/commands/text-programs/index.js.map",
        "size": 842,
        "mode": 420
      },
      {
        "path": "packages/safe-bash/dist/commands/text-programs/regex.d.ts",
        "size": 713,
        "mode": 420
      },
      {
        "path": "packages/safe-bash/dist/commands/text-programs/regex.d.ts.map",
        "size": 874,
        "mode": 420
      },
      {
        "path": "packages/safe-bash/dist/commands/text-programs/regex.js",
        "size": 28437,
        "mode": 420
      },
      {
        "path": "packages/safe-bash/dist/commands/text-programs/regex.js.map",
        "size": 26432,
        "mode": 420
      },
      {
        "path": "packages/safe-bash/dist/commands/text-programs/replacement-buffer.d.ts",
        "size": 390,
        "mode": 420
      },
      {
        "path": "packages/safe-bash/dist/commands/text-programs/replacement-buffer.d.ts.map",
        "size": 495,
        "mode": 420
      },
      {
        "path": "packages/safe-bash/dist/commands/text-programs/replacement-buffer.js",
        "size": 2835,
        "mode": 420
      },
      {
        "path": "packages/safe-bash/dist/commands/text-programs/replacement-buffer.js.map",
        "size": 3423,
        "mode": 420
      },
      {
        "path": "packages/safe-bash/dist/commands/text-programs/sed.d.ts",
        "size": 240,
        "mode": 420
      },
      {
        "path": "packages/safe-bash/dist/commands/text-programs/sed.d.ts.map",
        "size": 287,
        "mode": 420
      },
      {
        "path": "packages/safe-bash/dist/commands/text-programs/sed.js",
        "size": 33132,
        "mode": 420
      },
      {
        "path": "packages/safe-bash/dist/commands/text-programs/sed.js.map",
        "size": 30847,
        "mode": 420
      },
      {
        "path": "packages/safe-bash/dist/commands/text-programs/shared.d.ts",
        "size": 1657,
        "mode": 420
      },
      {
        "path": "packages/safe-bash/dist/commands/text-programs/shared.d.ts.map",
        "size": 1637,
        "mode": 420
      },
      {
        "path": "packages/safe-bash/dist/commands/text-programs/shared.js",
        "size": 4251,
        "mode": 420
      },
      {
        "path": "packages/safe-bash/dist/commands/text-programs/shared.js.map",
        "size": 4780,
        "mode": 420
      },
      {
        "path": "packages/safe-bash/dist/commands/text.d.ts",
        "size": 159,
        "mode": 420
      },
      {
        "path": "packages/safe-bash/dist/commands/text.d.ts.map",
        "size": 206,
        "mode": 420
      },
      {
        "path": "packages/safe-bash/dist/commands/text.js",
        "size": 35288,
        "mode": 420
      },
      {
        "path": "packages/safe-bash/dist/commands/text.js.map",
        "size": 36609,
        "mode": 420
      },
      {
        "path": "packages/safe-bash/dist/commands/time-env/calendar.d.ts",
        "size": 1391,
        "mode": 420
      },
      {
        "path": "packages/safe-bash/dist/commands/time-env/calendar.d.ts.map",
        "size": 1205,
        "mode": 420
      },
      {
        "path": "packages/safe-bash/dist/commands/time-env/calendar.js",
        "size": 9870,
        "mode": 420
      },
      {
        "path": "packages/safe-bash/dist/commands/time-env/calendar.js.map",
        "size": 11267,
        "mode": 420
      },
      {
        "path": "packages/safe-bash/dist/commands/time-env/date.d.ts",
        "size": 203,
        "mode": 420
      },
      {
        "path": "packages/safe-bash/dist/commands/time-env/date.d.ts.map",
        "size": 220,
        "mode": 420
      },
      {
        "path": "packages/safe-bash/dist/commands/time-env/date.js",
        "size": 7246,
        "mode": 420
      },
      {
        "path": "packages/safe-bash/dist/commands/time-env/date.js.map",
        "size": 6332,
        "mode": 420
      },
      {
        "path": "packages/safe-bash/dist/commands/time-env/format.d.ts",
        "size": 244,
        "mode": 420
      },
      {
        "path": "packages/safe-bash/dist/commands/time-env/format.d.ts.map",
        "size": 333,
        "mode": 420
      },
      {
        "path": "packages/safe-bash/dist/commands/time-env/format.js",
        "size": 10371,
        "mode": 420
      },
      {
        "path": "packages/safe-bash/dist/commands/time-env/format.js.map",
        "size": 11352,
        "mode": 420
      },
      {
        "path": "packages/safe-bash/dist/commands/time-env/index.d.ts",
        "size": 477,
        "mode": 420
      },
      {
        "path": "packages/safe-bash/dist/commands/time-env/index.d.ts.map",
        "size": 426,
        "mode": 420
      },
      {
        "path": "packages/safe-bash/dist/commands/time-env/index.js",
        "size": 1009,
        "mode": 420
      },
      {
        "path": "packages/safe-bash/dist/commands/time-env/index.js.map",
        "size": 1001,
        "mode": 420
      },
      {
        "path": "packages/safe-bash/dist/commands/time-env/printenv.d.ts",
        "size": 198,
        "mode": 420
      },
      {
        "path": "packages/safe-bash/dist/commands/time-env/printenv.d.ts.map",
        "size": 227,
        "mode": 420
      },
      {
        "path": "packages/safe-bash/dist/commands/time-env/printenv.js",
        "size": 2396,
        "mode": 420
      },
      {
        "path": "packages/safe-bash/dist/commands/time-env/printenv.js.map",
        "size": 2352,
        "mode": 420
      },
      {
        "path": "packages/safe-bash/dist/commands/time-env/shared.d.ts",
        "size": 1673,
        "mode": 420
      },
      {
        "path": "packages/safe-bash/dist/commands/time-env/shared.d.ts.map",
        "size": 1648,
        "mode": 420
      },
      {
        "path": "packages/safe-bash/dist/commands/time-env/shared.js",
        "size": 3258,
        "mode": 420
      },
      {
        "path": "packages/safe-bash/dist/commands/time-env/shared.js.map",
        "size": 3345,
        "mode": 420
      },
      {
        "path": "packages/safe-bash/dist/commands/time-env/sleep.d.ts",
        "size": 192,
        "mode": 420
      },
      {
        "path": "packages/safe-bash/dist/commands/time-env/sleep.d.ts.map",
        "size": 222,
        "mode": 420
      },
      {
        "path": "packages/safe-bash/dist/commands/time-env/sleep.js",
        "size": 6053,
        "mode": 420
      },
      {
        "path": "packages/safe-bash/dist/commands/time-env/sleep.js.map",
        "size": 6126,
        "mode": 420
      },
      {
        "path": "packages/safe-bash/dist/commands/timeout/duration.d.ts",
        "size": 278,
        "mode": 420
      },
      {
        "path": "packages/safe-bash/dist/commands/timeout/duration.d.ts.map",
        "size": 385,
        "mode": 420
      },
      {
        "path": "packages/safe-bash/dist/commands/timeout/duration.js",
        "size": 2777,
        "mode": 420
      },
      {
        "path": "packages/safe-bash/dist/commands/timeout/duration.js.map",
        "size": 2814,
        "mode": 420
      },
      {
        "path": "packages/safe-bash/dist/commands/timeout/index.d.ts",
        "size": 941,
        "mode": 420
      },
      {
        "path": "packages/safe-bash/dist/commands/timeout/index.d.ts.map",
        "size": 856,
        "mode": 420
      },
      {
        "path": "packages/safe-bash/dist/commands/timeout/index.js",
        "size": 10448,
        "mode": 420
      },
      {
        "path": "packages/safe-bash/dist/commands/timeout/index.js.map",
        "size": 9157,
        "mode": 420
      },
      {
        "path": "packages/safe-bash/dist/commands/timeout/scheduler.d.ts",
        "size": 706,
        "mode": 420
      },
      {
        "path": "packages/safe-bash/dist/commands/timeout/scheduler.d.ts.map",
        "size": 757,
        "mode": 420
      },
      {
        "path": "packages/safe-bash/dist/commands/timeout/scheduler.js",
        "size": 3202,
        "mode": 420
      },
      {
        "path": "packages/safe-bash/dist/commands/timeout/scheduler.js.map",
        "size": 3240,
        "mode": 420
      },
      {
        "path": "packages/safe-bash/dist/commands/tree/arguments.d.ts",
        "size": 1438,
        "mode": 420
      },
      {
        "path": "packages/safe-bash/dist/commands/tree/arguments.d.ts.map",
        "size": 850,
        "mode": 420
      },
      {
        "path": "packages/safe-bash/dist/commands/tree/arguments.js",
        "size": 5258,
        "mode": 420
      },
      {
        "path": "packages/safe-bash/dist/commands/tree/arguments.js.map",
        "size": 4558,
        "mode": 420
      },
      {
        "path": "packages/safe-bash/dist/commands/tree/charset.d.ts",
        "size": 259,
        "mode": 420
      },
      {
        "path": "packages/safe-bash/dist/commands/tree/charset.d.ts.map",
        "size": 328,
        "mode": 420
      },
      {
        "path": "packages/safe-bash/dist/commands/tree/charset.js",
        "size": 1373,
        "mode": 420
      },
      {
        "path": "packages/safe-bash/dist/commands/tree/charset.js.map",
        "size": 1531,
        "mode": 420
      },
      {
        "path": "packages/safe-bash/dist/commands/tree/index.d.ts",
        "size": 489,
        "mode": 420
      },
      {
        "path": "packages/safe-bash/dist/commands/tree/index.d.ts.map",
        "size": 455,
        "mode": 420
      },
      {
        "path": "packages/safe-bash/dist/commands/tree/index.js",
        "size": 772,
        "mode": 420
      },
      {
        "path": "packages/safe-bash/dist/commands/tree/index.js.map",
        "size": 821,
        "mode": 420
      },
      {
        "path": "packages/safe-bash/dist/commands/tree/io.d.ts",
        "size": 1110,
        "mode": 420
      },
      {
        "path": "packages/safe-bash/dist/commands/tree/io.d.ts.map",
        "size": 1180,
        "mode": 420
      },
      {
        "path": "packages/safe-bash/dist/commands/tree/io.js",
        "size": 3265,
        "mode": 420
      },
      {
        "path": "packages/safe-bash/dist/commands/tree/io.js.map",
        "size": 3809,
        "mode": 420
      },
      {
        "path": "packages/safe-bash/dist/commands/tree/options.d.ts",
        "size": 583,
        "mode": 420
      },
      {
        "path": "packages/safe-bash/dist/commands/tree/options.d.ts.map",
        "size": 663,
        "mode": 420
      },
      {
        "path": "packages/safe-bash/dist/commands/tree/options.js",
        "size": 595,
        "mode": 420
      },
      {
        "path": "packages/safe-bash/dist/commands/tree/options.js.map",
        "size": 734,
        "mode": 420
      },
      {
        "path": "packages/safe-bash/dist/commands/tree/pattern.d.ts",
        "size": 451,
        "mode": 420
      },
      {
        "path": "packages/safe-bash/dist/commands/tree/pattern.d.ts.map",
        "size": 583,
        "mode": 420
      },
      {
        "path": "packages/safe-bash/dist/commands/tree/pattern.js",
        "size": 3433,
        "mode": 420
      },
      {
        "path": "packages/safe-bash/dist/commands/tree/pattern.js.map",
        "size": 3875,
        "mode": 420
      },
      {
        "path": "packages/safe-bash/dist/commands/tree/tree.d.ts",
        "size": 251,
        "mode": 420
      },
      {
        "path": "packages/safe-bash/dist/commands/tree/tree.d.ts.map",
        "size": 282,
        "mode": 420
      },
      {
        "path": "packages/safe-bash/dist/commands/tree/tree.js",
        "size": 11651,
        "mode": 420
      },
      {
        "path": "packages/safe-bash/dist/commands/tree/tree.js.map",
        "size": 14320,
        "mode": 420
      },
      {
        "path": "packages/safe-bash/dist/commands/truncate.d.ts",
        "size": 268,
        "mode": 420
      },
      {
        "path": "packages/safe-bash/dist/commands/truncate.d.ts.map",
        "size": 283,
        "mode": 420
      },
      {
        "path": "packages/safe-bash/dist/commands/truncate.js",
        "size": 43454,
        "mode": 420
      },
      {
        "path": "packages/safe-bash/dist/commands/truncate.js.map",
        "size": 41691,
        "mode": 420
      },
      {
        "path": "packages/safe-bash/dist/commands/tsort/command.d.ts",
        "size": 258,
        "mode": 420
      },
      {
        "path": "packages/safe-bash/dist/commands/tsort/command.d.ts.map",
        "size": 287,
        "mode": 420
      },
      {
        "path": "packages/safe-bash/dist/commands/tsort/command.js",
        "size": 3701,
        "mode": 420
      },
      {
        "path": "packages/safe-bash/dist/commands/tsort/command.js.map",
        "size": 3218,
        "mode": 420
      },
      {
        "path": "packages/safe-bash/dist/commands/tsort/graph.d.ts",
        "size": 165,
        "mode": 420
      },
      {
        "path": "packages/safe-bash/dist/commands/tsort/graph.d.ts.map",
        "size": 264,
        "mode": 420
      },
      {
        "path": "packages/safe-bash/dist/commands/tsort/graph.js",
        "size": 7083,
        "mode": 420
      },
      {
        "path": "packages/safe-bash/dist/commands/tsort/graph.js.map",
        "size": 7149,
        "mode": 420
      },
      {
        "path": "packages/safe-bash/dist/commands/tsort/index.browser.js",
        "size": 390,
        "mode": 420
      },
      {
        "path": "packages/safe-bash/dist/commands/tsort/index.browser.js.map",
        "size": 93,
        "mode": 420
      },
      {
        "path": "packages/safe-bash/dist/commands/tsort/index.d.ts",
        "size": 502,
        "mode": 420
      },
      {
        "path": "packages/safe-bash/dist/commands/tsort/index.d.ts.map",
        "size": 456,
        "mode": 420
      },
      {
        "path": "packages/safe-bash/dist/commands/tsort/index.js",
        "size": 526,
        "mode": 420
      },
      {
        "path": "packages/safe-bash/dist/commands/tsort/index.js.map",
        "size": 605,
        "mode": 420
      },
      {
        "path": "packages/safe-bash/dist/commands/tsort/internal.d.ts",
        "size": 1877,
        "mode": 420
      },
      {
        "path": "packages/safe-bash/dist/commands/tsort/internal.d.ts.map",
        "size": 1878,
        "mode": 420
      },
      {
        "path": "packages/safe-bash/dist/commands/tsort/internal.js",
        "size": 6859,
        "mode": 420
      },
      {
        "path": "packages/safe-bash/dist/commands/tsort/internal.js.map",
        "size": 7602,
        "mode": 420
      },
      {
        "path": "packages/safe-bash/dist/commands/tsort/io.d.ts",
        "size": 971,
        "mode": 420
      },
      {
        "path": "packages/safe-bash/dist/commands/tsort/io.d.ts.map",
        "size": 1093,
        "mode": 420
      },
      {
        "path": "packages/safe-bash/dist/commands/tsort/io.js",
        "size": 9159,
        "mode": 420
      },
      {
        "path": "packages/safe-bash/dist/commands/tsort/io.js.map",
        "size": 8862,
        "mode": 420
      },
      {
        "path": "packages/safe-bash/dist/commands/which/index.d.ts",
        "size": 498,
        "mode": 420
      },
      {
        "path": "packages/safe-bash/dist/commands/which/index.d.ts.map",
        "size": 456,
        "mode": 420
      },
      {
        "path": "packages/safe-bash/dist/commands/which/index.js",
        "size": 817,
        "mode": 420
      },
      {
        "path": "packages/safe-bash/dist/commands/which/index.js.map",
        "size": 849,
        "mode": 420
      },
      {
        "path": "packages/safe-bash/dist/commands/which/options.d.ts",
        "size": 522,
        "mode": 420
      },
      {
        "path": "packages/safe-bash/dist/commands/which/options.d.ts.map",
        "size": 590,
        "mode": 420
      },
      {
        "path": "packages/safe-bash/dist/commands/which/options.js",
        "size": 864,
        "mode": 420
      },
      {
        "path": "packages/safe-bash/dist/commands/which/options.js.map",
        "size": 1020,
        "mode": 420
      },
      {
        "path": "packages/safe-bash/dist/commands/which/which.d.ts",
        "size": 255,
        "mode": 420
      },
      {
        "path": "packages/safe-bash/dist/commands/which/which.d.ts.map",
        "size": 285,
        "mode": 420
      },
      {
        "path": "packages/safe-bash/dist/commands/which/which.js",
        "size": 10852,
        "mode": 420
      },
      {
        "path": "packages/safe-bash/dist/commands/which/which.js.map",
        "size": 11252,
        "mode": 420
      },
      {
        "path": "packages/safe-bash/dist/commands/xargs-bytes.d.ts",
        "size": 587,
        "mode": 420
      },
      {
        "path": "packages/safe-bash/dist/commands/xargs-bytes.d.ts.map",
        "size": 605,
        "mode": 420
      },
      {
        "path": "packages/safe-bash/dist/commands/xargs-bytes.js",
        "size": 5167,
        "mode": 420
      },
      {
        "path": "packages/safe-bash/dist/commands/xargs-bytes.js.map",
        "size": 5729,
        "mode": 420
      },
      {
        "path": "packages/safe-bash/dist/commands/xml/evaluate.d.ts",
        "size": 971,
        "mode": 420
      },
      {
        "path": "packages/safe-bash/dist/commands/xml/evaluate.d.ts.map",
        "size": 1075,
        "mode": 420
      },
      {
        "path": "packages/safe-bash/dist/commands/xml/evaluate.js",
        "size": 7701,
        "mode": 420
      },
      {
        "path": "packages/safe-bash/dist/commands/xml/evaluate.js.map",
        "size": 8299,
        "mode": 420
      },
      {
        "path": "packages/safe-bash/dist/commands/xml/index.browser.js",
        "size": 429,
        "mode": 420
      },
      {
        "path": "packages/safe-bash/dist/commands/xml/index.browser.js.map",
        "size": 93,
        "mode": 420
      },
      {
        "path": "packages/safe-bash/dist/commands/xml/index.d.ts",
        "size": 496,
        "mode": 420
      },
      {
        "path": "packages/safe-bash/dist/commands/xml/index.d.ts.map",
        "size": 463,
        "mode": 420
      },
      {
        "path": "packages/safe-bash/dist/commands/xml/index.js",
        "size": 8699,
        "mode": 420
      },
      {
        "path": "packages/safe-bash/dist/commands/xml/index.js.map",
        "size": 9068,
        "mode": 420
      },
      {
        "path": "packages/safe-bash/dist/commands/xml/limits.d.ts",
        "size": 1265,
        "mode": 420
      },
      {
        "path": "packages/safe-bash/dist/commands/xml/limits.d.ts.map",
        "size": 1208,
        "mode": 420
      },
      {
        "path": "packages/safe-bash/dist/commands/xml/limits.js",
        "size": 1865,
        "mode": 420
      },
      {
        "path": "packages/safe-bash/dist/commands/xml/limits.js.map",
        "size": 1989,
        "mode": 420
      },
      {
        "path": "packages/safe-bash/dist/commands/xml/query.d.ts",
        "size": 625,
        "mode": 420
      },
      {
        "path": "packages/safe-bash/dist/commands/xml/query.d.ts.map",
        "size": 762,
        "mode": 420
      },
      {
        "path": "packages/safe-bash/dist/commands/xml/query.js",
        "size": 3991,
        "mode": 420
      },
      {
        "path": "packages/safe-bash/dist/commands/xml/query.js.map",
        "size": 4596,
        "mode": 420
      },
      {
        "path": "packages/safe-bash/dist/commands/yq/accounting.d.ts",
        "size": 2207,
        "mode": 420
      },
      {
        "path": "packages/safe-bash/dist/commands/yq/accounting.d.ts.map",
        "size": 1538,
        "mode": 420
      },
      {
        "path": "packages/safe-bash/dist/commands/yq/accounting.js",
        "size": 9736,
        "mode": 420
      },
      {
        "path": "packages/safe-bash/dist/commands/yq/accounting.js.map",
        "size": 9933,
        "mode": 420
      },
      {
        "path": "packages/safe-bash/dist/commands/yq/encoder.d.ts",
        "size": 480,
        "mode": 420
      },
      {
        "path": "packages/safe-bash/dist/commands/yq/encoder.d.ts.map",
        "size": 568,
        "mode": 420
      },
      {
        "path": "packages/safe-bash/dist/commands/yq/encoder.js",
        "size": 8794,
        "mode": 420
      },
      {
        "path": "packages/safe-bash/dist/commands/yq/encoder.js.map",
        "size": 10003,
        "mode": 420
      },
      {
        "path": "packages/safe-bash/dist/commands/yq/errors.d.ts",
        "size": 2213,
        "mode": 420
      },
      {
        "path": "packages/safe-bash/dist/commands/yq/errors.d.ts.map",
        "size": 1533,
        "mode": 420
      },
      {
        "path": "packages/safe-bash/dist/commands/yq/errors.js",
        "size": 1213,
        "mode": 420
      },
      {
        "path": "packages/safe-bash/dist/commands/yq/errors.js.map",
        "size": 1183,
        "mode": 420
      },
      {
        "path": "packages/safe-bash/dist/commands/yq/index.browser.js",
        "size": 454,
        "mode": 420
      },
      {
        "path": "packages/safe-bash/dist/commands/yq/index.browser.js.map",
        "size": 93,
        "mode": 420
      },
      {
        "path": "packages/safe-bash/dist/commands/yq/index.d.ts",
        "size": 517,
        "mode": 420
      },
      {
        "path": "packages/safe-bash/dist/commands/yq/index.d.ts.map",
        "size": 495,
        "mode": 420
      },
      {
        "path": "packages/safe-bash/dist/commands/yq/index.js",
        "size": 30801,
        "mode": 420
      },
      {
        "path": "packages/safe-bash/dist/commands/yq/index.js.map",
        "size": 28774,
        "mode": 420
      },
      {
        "path": "packages/safe-bash/dist/commands/yq/parser.d.ts",
        "size": 362,
        "mode": 420
      },
      {
        "path": "packages/safe-bash/dist/commands/yq/parser.d.ts.map",
        "size": 419,
        "mode": 420
      },
      {
        "path": "packages/safe-bash/dist/commands/yq/parser.js",
        "size": 51656,
        "mode": 420
      },
      {
        "path": "packages/safe-bash/dist/commands/yq/parser.js.map",
        "size": 56878,
        "mode": 420
      },
      {
        "path": "packages/safe-bash/dist/commands/yq/toml.d.ts",
        "size": 322,
        "mode": 420
      },
      {
        "path": "packages/safe-bash/dist/commands/yq/toml.d.ts.map",
        "size": 390,
        "mode": 420
      },
      {
        "path": "packages/safe-bash/dist/commands/yq/toml.js",
        "size": 26380,
        "mode": 420
      },
      {
        "path": "packages/safe-bash/dist/commands/yq/toml.js.map",
        "size": 28811,
        "mode": 420
      },
      {
        "path": "packages/safe-bash/dist/contracts/command-requirements.d.ts",
        "size": 1248,
        "mode": 420
      },
      {
        "path": "packages/safe-bash/dist/contracts/command-requirements.d.ts.map",
        "size": 1176,
        "mode": 420
      },
      {
        "path": "packages/safe-bash/dist/contracts/command-requirements.js",
        "size": 2529,
        "mode": 420
      },
      {
        "path": "packages/safe-bash/dist/contracts/command-requirements.js.map",
        "size": 2934,
        "mode": 420
      },
      {
        "path": "packages/safe-bash/dist/contracts/command.d.ts",
        "size": 3830,
        "mode": 420
      },
      {
        "path": "packages/safe-bash/dist/contracts/command.d.ts.map",
        "size": 3834,
        "mode": 420
      },
      {
        "path": "packages/safe-bash/dist/contracts/command.js",
        "size": 8873,
        "mode": 420
      },
      {
        "path": "packages/safe-bash/dist/contracts/command.js.map",
        "size": 8322,
        "mode": 420
      },
      {
        "path": "packages/safe-bash/dist/contracts/errors.d.ts",
        "size": 192,
        "mode": 420
      },
      {
        "path": "packages/safe-bash/dist/contracts/errors.d.ts.map",
        "size": 243,
        "mode": 420
      },
      {
        "path": "packages/safe-bash/dist/contracts/errors.js",
        "size": 118,
        "mode": 420
      },
      {
        "path": "packages/safe-bash/dist/contracts/errors.js.map",
        "size": 188,
        "mode": 420
      },
      {
        "path": "packages/safe-bash/dist/contracts/filesystem-output.d.ts",
        "size": 878,
        "mode": 420
      },
      {
        "path": "packages/safe-bash/dist/contracts/filesystem-output.d.ts.map",
        "size": 998,
        "mode": 420
      },
      {
        "path": "packages/safe-bash/dist/contracts/filesystem-output.js",
        "size": 7662,
        "mode": 420
      },
      {
        "path": "packages/safe-bash/dist/contracts/filesystem-output.js.map",
        "size": 7542,
        "mode": 420
      },
      {
        "path": "packages/safe-bash/dist/contracts/filesystem.d.ts",
        "size": 741,
        "mode": 420
      },
      {
        "path": "packages/safe-bash/dist/contracts/filesystem.d.ts.map",
        "size": 559,
        "mode": 420
      },
      {
        "path": "packages/safe-bash/dist/contracts/filesystem.js",
        "size": 92,
        "mode": 420
      },
      {
        "path": "packages/safe-bash/dist/contracts/filesystem.js.map",
        "size": 166,
        "mode": 420
      },
      {
        "path": "packages/safe-bash/dist/contracts/index.d.ts",
        "size": 280,
        "mode": 420
      },
      {
        "path": "packages/safe-bash/dist/contracts/index.d.ts.map",
        "size": 287,
        "mode": 420
      },
      {
        "path": "packages/safe-bash/dist/contracts/index.js",
        "size": 278,
        "mode": 420
      },
      {
        "path": "packages/safe-bash/dist/contracts/index.js.map",
        "size": 285,
        "mode": 420
      },
      {
        "path": "packages/safe-bash/dist/contracts/io.d.ts",
        "size": 1332,
        "mode": 420
      },
      {
        "path": "packages/safe-bash/dist/contracts/io.d.ts.map",
        "size": 1402,
        "mode": 420
      },
      {
        "path": "packages/safe-bash/dist/contracts/io.js",
        "size": 5274,
        "mode": 420
      },
      {
        "path": "packages/safe-bash/dist/contracts/io.js.map",
        "size": 5476,
        "mode": 420
      },
      {
        "path": "packages/safe-bash/dist/contracts/node-path.d.ts",
        "size": 114,
        "mode": 420
      },
      {
        "path": "packages/safe-bash/dist/contracts/node-path.d.ts.map",
        "size": 195,
        "mode": 420
      },
      {
        "path": "packages/safe-bash/dist/contracts/node-path.js",
        "size": 112,
        "mode": 420
      },
      {
        "path": "packages/safe-bash/dist/contracts/node-path.js.map",
        "size": 193,
        "mode": 420
      },
      {
        "path": "packages/safe-bash/dist/contracts/node.d.ts",
        "size": 110,
        "mode": 420
      },
      {
        "path": "packages/safe-bash/dist/contracts/node.d.ts.map",
        "size": 185,
        "mode": 420
      },
      {
        "path": "packages/safe-bash/dist/contracts/node.js",
        "size": 108,
        "mode": 420
      },
      {
        "path": "packages/safe-bash/dist/contracts/node.js.map",
        "size": 183,
        "mode": 420
      },
      {
        "path": "packages/safe-bash/dist/contracts/output.d.ts",
        "size": 719,
        "mode": 420
      },
      {
        "path": "packages/safe-bash/dist/contracts/output.d.ts.map",
        "size": 821,
        "mode": 420
      },
      {
        "path": "packages/safe-bash/dist/contracts/output.js",
        "size": 5250,
        "mode": 420
      },
      {
        "path": "packages/safe-bash/dist/contracts/output.js.map",
        "size": 5320,
        "mode": 420
      },
      {
        "path": "packages/safe-bash/dist/contracts/path.d.ts",
        "size": 227,
        "mode": 420
      },
      {
        "path": "packages/safe-bash/dist/contracts/path.d.ts.map",
        "size": 268,
        "mode": 420
      },
      {
        "path": "packages/safe-bash/dist/contracts/path.js",
        "size": 225,
        "mode": 420
      },
      {
        "path": "packages/safe-bash/dist/contracts/path.js.map",
        "size": 266,
        "mode": 420
      },
      {
        "path": "packages/safe-bash/dist/contracts/plugin.d.ts",
        "size": 836,
        "mode": 420
      },
      {
        "path": "packages/safe-bash/dist/contracts/plugin.d.ts.map",
        "size": 880,
        "mode": 420
      },
      {
        "path": "packages/safe-bash/dist/contracts/plugin.js",
        "size": 1878,
        "mode": 420
      },
      {
        "path": "packages/safe-bash/dist/contracts/plugin.js.map",
        "size": 1751,
        "mode": 420
      },
      {
        "path": "packages/safe-bash/dist/contracts/value.d.ts",
        "size": 976,
        "mode": 420
      },
      {
        "path": "packages/safe-bash/dist/contracts/value.d.ts.map",
        "size": 913,
        "mode": 420
      },
      {
        "path": "packages/safe-bash/dist/contracts/value.js",
        "size": 7483,
        "mode": 420
      },
      {
        "path": "packages/safe-bash/dist/contracts/value.js.map",
        "size": 8004,
        "mode": 420
      },
      {
        "path": "packages/safe-bash/dist/contracts/yield.d.ts",
        "size": 638,
        "mode": 420
      },
      {
        "path": "packages/safe-bash/dist/contracts/yield.d.ts.map",
        "size": 667,
        "mode": 420
      },
      {
        "path": "packages/safe-bash/dist/contracts/yield.js",
        "size": 1448,
        "mode": 420
      },
      {
        "path": "packages/safe-bash/dist/contracts/yield.js.map",
        "size": 1653,
        "mode": 420
      },
      {
        "path": "packages/safe-bash/dist/core.browser.d.ts",
        "size": 69,
        "mode": 420
      },
      {
        "path": "packages/safe-bash/dist/core.browser.d.ts.map",
        "size": 137,
        "mode": 420
      },
      {
        "path": "packages/safe-bash/dist/core.browser.js",
        "size": 2081644,
        "mode": 420
      },
      {
        "path": "packages/safe-bash/dist/core.browser.js.map",
        "size": 4267975,
        "mode": 420
      },
      {
        "path": "packages/safe-bash/dist/core.d.ts",
        "size": 2651,
        "mode": 420
      },
      {
        "path": "packages/safe-bash/dist/core.d.ts.map",
        "size": 1536,
        "mode": 420
      },
      {
        "path": "packages/safe-bash/dist/core.js",
        "size": 2621,
        "mode": 420
      },
      {
        "path": "packages/safe-bash/dist/core.js.map",
        "size": 1518,
        "mode": 420
      },
      {
        "path": "packages/safe-bash/dist/diagnostics.d.ts",
        "size": 278,
        "mode": 420
      },
      {
        "path": "packages/safe-bash/dist/diagnostics.d.ts.map",
        "size": 282,
        "mode": 420
      },
      {
        "path": "packages/safe-bash/dist/diagnostics.js",
        "size": 892,
        "mode": 420
      },
      {
        "path": "packages/safe-bash/dist/diagnostics.js.map",
        "size": 922,
        "mode": 420
      },
      {
        "path": "packages/safe-bash/dist/escaping.d.ts",
        "size": 331,
        "mode": 420
      },
      {
        "path": "packages/safe-bash/dist/escaping.d.ts.map",
        "size": 404,
        "mode": 420
      },
      {
        "path": "packages/safe-bash/dist/escaping.js",
        "size": 1700,
        "mode": 420
      },
      {
        "path": "packages/safe-bash/dist/escaping.js.map",
        "size": 2179,
        "mode": 420
      },
      {
        "path": "packages/safe-bash/dist/fs/memory/index.d.ts",
        "size": 208,
        "mode": 420
      },
      {
        "path": "packages/safe-bash/dist/fs/memory/index.d.ts.map",
        "size": 223,
        "mode": 420
      },
      {
        "path": "packages/safe-bash/dist/fs/memory/index.js",
        "size": 147,
        "mode": 420
      },
      {
        "path": "packages/safe-bash/dist/fs/memory/index.js.map",
        "size": 186,
        "mode": 420
      },
      {
        "path": "packages/safe-bash/dist/fs/mount/index.d.ts",
        "size": 184,
        "mode": 420
      },
      {
        "path": "packages/safe-bash/dist/fs/mount/index.d.ts.map",
        "size": 217,
        "mode": 420
      },
      {
        "path": "packages/safe-bash/dist/fs/mount/index.js",
        "size": 113,
        "mode": 420
      },
      {
        "path": "packages/safe-bash/dist/fs/mount/index.js.map",
        "size": 170,
        "mode": 420
      },
      {
        "path": "packages/safe-bash/dist/fs/overlay/index.d.ts",
        "size": 190,
        "mode": 420
      },
      {
        "path": "packages/safe-bash/dist/fs/overlay/index.d.ts.map",
        "size": 221,
        "mode": 420
      },
      {
        "path": "packages/safe-bash/dist/fs/overlay/index.js",
        "size": 117,
        "mode": 420
      },
      {
        "path": "packages/safe-bash/dist/fs/overlay/index.js.map",
        "size": 174,
        "mode": 420
      },
      {
        "path": "packages/safe-bash/dist/fs/readonly/index.d.ts",
        "size": 121,
        "mode": 420
      },
      {
        "path": "packages/safe-bash/dist/fs/readonly/index.d.ts.map",
        "size": 177,
        "mode": 420
      },
      {
        "path": "packages/safe-bash/dist/fs/readonly/index.js",
        "size": 119,
        "mode": 420
      },
      {
        "path": "packages/safe-bash/dist/fs/readonly/index.js.map",
        "size": 175,
        "mode": 420
      },
      {
        "path": "packages/safe-bash/dist/fs/real/index.d.ts",
        "size": 171,
        "mode": 420
      },
      {
        "path": "packages/safe-bash/dist/fs/real/index.d.ts.map",
        "size": 216,
        "mode": 420
      },
      {
        "path": "packages/safe-bash/dist/fs/real/index.js",
        "size": 106,
        "mode": 420
      },
      {
        "path": "packages/safe-bash/dist/fs/real/index.js.map",
        "size": 169,
        "mode": 420
      },
      {
        "path": "packages/safe-bash/dist/fs/s3/http/index.d.ts",
        "size": 224,
        "mode": 420
      },
      {
        "path": "packages/safe-bash/dist/fs/s3/http/index.d.ts.map",
        "size": 248,
        "mode": 420
      },
      {
        "path": "packages/safe-bash/dist/fs/s3/http/index.js",
        "size": 91,
        "mode": 420
      },
      {
        "path": "packages/safe-bash/dist/fs/s3/http/index.js.map",
        "size": 165,
        "mode": 420
      },
      {
        "path": "packages/safe-bash/dist/fs/s3/index.d.ts",
        "size": 494,
        "mode": 420
      },
      {
        "path": "packages/safe-bash/dist/fs/s3/index.d.ts.map",
        "size": 442,
        "mode": 420
      },
      {
        "path": "packages/safe-bash/dist/fs/s3/index.js",
        "size": 164,
        "mode": 420
      },
      {
        "path": "packages/safe-bash/dist/fs/s3/index.js.map",
        "size": 209,
        "mode": 420
      },
      {
        "path": "packages/safe-bash/dist/fs/webdav/index.d.ts",
        "size": 280,
        "mode": 420
      },
      {
        "path": "packages/safe-bash/dist/fs/webdav/index.d.ts.map",
        "size": 254,
        "mode": 420
      },
      {
        "path": "packages/safe-bash/dist/fs/webdav/index.js",
        "size": 91,
        "mode": 420
      },
      {
        "path": "packages/safe-bash/dist/fs/webdav/index.js.map",
        "size": 161,
        "mode": 420
      },
      {
        "path": "packages/safe-bash/dist/index.d.ts",
        "size": 354,
        "mode": 420
      },
      {
        "path": "packages/safe-bash/dist/index.d.ts.map",
        "size": 312,
        "mode": 420
      },
      {
        "path": "packages/safe-bash/dist/index.js",
        "size": 352,
        "mode": 420
      },
      {
        "path": "packages/safe-bash/dist/index.js.map",
        "size": 310,
        "mode": 420
      },
      {
        "path": "packages/safe-bash/dist/integrations/safejs/filesystem.d.ts",
        "size": 495,
        "mode": 420
      },
      {
        "path": "packages/safe-bash/dist/integrations/safejs/filesystem.d.ts.map",
        "size": 496,
        "mode": 420
      },
      {
        "path": "packages/safe-bash/dist/integrations/safejs/filesystem.js",
        "size": 218,
        "mode": 420
      },
      {
        "path": "packages/safe-bash/dist/integrations/safejs/filesystem.js.map",
        "size": 325,
        "mode": 420
      },
      {
        "path": "packages/safe-bash/dist/integrations/safejs/index.d.ts",
        "size": 464,
        "mode": 420
      },
      {
        "path": "packages/safe-bash/dist/integrations/safejs/index.d.ts.map",
        "size": 426,
        "mode": 420
      },
      {
        "path": "packages/safe-bash/dist/integrations/safejs/index.js",
        "size": 159,
        "mode": 420
      },
      {
        "path": "packages/safe-bash/dist/integrations/safejs/index.js.map",
        "size": 226,
        "mode": 420
      },
      {
        "path": "packages/safe-bash/dist/integrations/safejs/shell.d.ts",
        "size": 1302,
        "mode": 420
      },
      {
        "path": "packages/safe-bash/dist/integrations/safejs/shell.d.ts.map",
        "size": 1280,
        "mode": 420
      },
      {
        "path": "packages/safe-bash/dist/integrations/safejs/shell.js",
        "size": 2623,
        "mode": 420
      },
      {
        "path": "packages/safe-bash/dist/integrations/safejs/shell.js.map",
        "size": 2871,
        "mode": 420
      },
      {
        "path": "packages/safe-bash/dist/integrations/safejs/values.d.ts",
        "size": 627,
        "mode": 420
      },
      {
        "path": "packages/safe-bash/dist/integrations/safejs/values.d.ts.map",
        "size": 707,
        "mode": 420
      },
      {
        "path": "packages/safe-bash/dist/integrations/safejs/values.js",
        "size": 2395,
        "mode": 420
      },
      {
        "path": "packages/safe-bash/dist/integrations/safejs/values.js.map",
        "size": 2566,
        "mode": 420
      },
      {
        "path": "packages/safe-bash/dist/node-unavailable.d.ts",
        "size": 57,
        "mode": 420
      },
      {
        "path": "packages/safe-bash/dist/node-unavailable.d.ts.map",
        "size": 145,
        "mode": 420
      },
      {
        "path": "packages/safe-bash/dist/node-unavailable.js",
        "size": 55,
        "mode": 420
      },
      {
        "path": "packages/safe-bash/dist/node-unavailable.js.map",
        "size": 143,
        "mode": 420
      },
      {
        "path": "packages/safe-bash/dist/node.d.ts",
        "size": 142,
        "mode": 420
      },
      {
        "path": "packages/safe-bash/dist/node.d.ts.map",
        "size": 166,
        "mode": 420
      },
      {
        "path": "packages/safe-bash/dist/node.js",
        "size": 140,
        "mode": 420
      },
      {
        "path": "packages/safe-bash/dist/node.js.map",
        "size": 164,
        "mode": 420
      },
      {
        "path": "packages/safe-bash/dist/plugins/composition.d.ts",
        "size": 5544,
        "mode": 420
      },
      {
        "path": "packages/safe-bash/dist/plugins/composition.d.ts.map",
        "size": 4762,
        "mode": 420
      },
      {
        "path": "packages/safe-bash/dist/plugins/composition.js",
        "size": 6657,
        "mode": 420
      },
      {
        "path": "packages/safe-bash/dist/plugins/composition.js.map",
        "size": 6440,
        "mode": 420
      },
      {
        "path": "packages/safe-bash/dist/plugins/index.d.ts",
        "size": 486,
        "mode": 420
      },
      {
        "path": "packages/safe-bash/dist/plugins/index.d.ts.map",
        "size": 438,
        "mode": 420
      },
      {
        "path": "packages/safe-bash/dist/plugins/index.js",
        "size": 2281,
        "mode": 420
      },
      {
        "path": "packages/safe-bash/dist/plugins/index.js.map",
        "size": 2253,
        "mode": 420
      },
      {
        "path": "packages/safe-bash/dist/shell/arithmetic-parameters.d.ts",
        "size": 791,
        "mode": 420
      },
      {
        "path": "packages/safe-bash/dist/shell/arithmetic-parameters.d.ts.map",
        "size": 824,
        "mode": 420
      },
      {
        "path": "packages/safe-bash/dist/shell/arithmetic-parameters.js",
        "size": 5564,
        "mode": 420
      },
      {
        "path": "packages/safe-bash/dist/shell/arithmetic-parameters.js.map",
        "size": 6018,
        "mode": 420
      },
      {
        "path": "packages/safe-bash/dist/shell/arithmetic.d.ts",
        "size": 1124,
        "mode": 420
      },
      {
        "path": "packages/safe-bash/dist/shell/arithmetic.d.ts.map",
        "size": 1239,
        "mode": 420
      },
      {
        "path": "packages/safe-bash/dist/shell/arithmetic.js",
        "size": 12948,
        "mode": 420
      },
      {
        "path": "packages/safe-bash/dist/shell/arithmetic.js.map",
        "size": 13760,
        "mode": 420
      },
      {
        "path": "packages/safe-bash/dist/shell/arrays/bindings.d.ts",
        "size": 3716,
        "mode": 420
      },
      {
        "path": "packages/safe-bash/dist/shell/arrays/bindings.d.ts.map",
        "size": 3542,
        "mode": 420
      },
      {
        "path": "packages/safe-bash/dist/shell/arrays/bindings.js",
        "size": 15134,
        "mode": 420
      },
      {
        "path": "packages/safe-bash/dist/shell/arrays/bindings.js.map",
        "size": 17225,
        "mode": 420
      },
      {
        "path": "packages/safe-bash/dist/shell/arrays/ledger.d.ts",
        "size": 2487,
        "mode": 420
      },
      {
        "path": "packages/safe-bash/dist/shell/arrays/ledger.d.ts.map",
        "size": 2534,
        "mode": 420
      },
      {
        "path": "packages/safe-bash/dist/shell/arrays/ledger.js",
        "size": 9369,
        "mode": 420
      },
      {
        "path": "packages/safe-bash/dist/shell/arrays/ledger.js.map",
        "size": 10045,
        "mode": 420
      },
      {
        "path": "packages/safe-bash/dist/shell/arrays/state.d.ts",
        "size": 3453,
        "mode": 420
      },
      {
        "path": "packages/safe-bash/dist/shell/arrays/state.d.ts.map",
        "size": 3374,
        "mode": 420
      },
      {
        "path": "packages/safe-bash/dist/shell/arrays/state.js",
        "size": 19323,
        "mode": 420
      },
      {
        "path": "packages/safe-bash/dist/shell/arrays/state.js.map",
        "size": 20634,
        "mode": 420
      },
      {
        "path": "packages/safe-bash/dist/shell/arrays/syntax.d.ts",
        "size": 2449,
        "mode": 420
      },
      {
        "path": "packages/safe-bash/dist/shell/arrays/syntax.d.ts.map",
        "size": 2457,
        "mode": 420
      },
      {
        "path": "packages/safe-bash/dist/shell/arrays/syntax.js",
        "size": 5830,
        "mode": 420
      },
      {
        "path": "packages/safe-bash/dist/shell/arrays/syntax.js.map",
        "size": 7088,
        "mode": 420
      },
      {
        "path": "packages/safe-bash/dist/shell/brace-expansion.d.ts",
        "size": 300,
        "mode": 420
      },
      {
        "path": "packages/safe-bash/dist/shell/brace-expansion.d.ts.map",
        "size": 367,
        "mode": 420
      },
      {
        "path": "packages/safe-bash/dist/shell/brace-expansion.js",
        "size": 15380,
        "mode": 420
      },
      {
        "path": "packages/safe-bash/dist/shell/brace-expansion.js.map",
        "size": 15792,
        "mode": 420
      },
      {
        "path": "packages/safe-bash/dist/shell/cancellation.d.ts",
        "size": 5155,
        "mode": 420
      },
      {
        "path": "packages/safe-bash/dist/shell/cancellation.d.ts.map",
        "size": 4551,
        "mode": 420
      },
      {
        "path": "packages/safe-bash/dist/shell/cancellation.js",
        "size": 27690,
        "mode": 420
      },
      {
        "path": "packages/safe-bash/dist/shell/cancellation.js.map",
        "size": 28030,
        "mode": 420
      },
      {
        "path": "packages/safe-bash/dist/shell/cleanup.d.ts",
        "size": 918,
        "mode": 420
      },
      {
        "path": "packages/safe-bash/dist/shell/cleanup.d.ts.map",
        "size": 870,
        "mode": 420
      },
      {
        "path": "packages/safe-bash/dist/shell/cleanup.js",
        "size": 3405,
        "mode": 420
      },
      {
        "path": "packages/safe-bash/dist/shell/cleanup.js.map",
        "size": 3614,
        "mode": 420
      },
      {
        "path": "packages/safe-bash/dist/shell/conditional.d.ts",
        "size": 1342,
        "mode": 420
      },
      {
        "path": "packages/safe-bash/dist/shell/conditional.d.ts.map",
        "size": 1460,
        "mode": 420
      },
      {
        "path": "packages/safe-bash/dist/shell/conditional.js",
        "size": 9159,
        "mode": 420
      },
      {
        "path": "packages/safe-bash/dist/shell/conditional.js.map",
        "size": 10657,
        "mode": 420
      },
      {
        "path": "packages/safe-bash/dist/shell/display.d.ts",
        "size": 159,
        "mode": 420
      },
      {
        "path": "packages/safe-bash/dist/shell/display.d.ts.map",
        "size": 237,
        "mode": 420
      },
      {
        "path": "packages/safe-bash/dist/shell/display.js",
        "size": 3353,
        "mode": 420
      },
      {
        "path": "packages/safe-bash/dist/shell/display.js.map",
        "size": 3990,
        "mode": 420
      },
      {
        "path": "packages/safe-bash/dist/shell/env-warning.d.ts",
        "size": 144,
        "mode": 420
      },
      {
        "path": "packages/safe-bash/dist/shell/env-warning.d.ts.map",
        "size": 229,
        "mode": 420
      },
      {
        "path": "packages/safe-bash/dist/shell/env-warning.js",
        "size": 669,
        "mode": 420
      },
      {
        "path": "packages/safe-bash/dist/shell/env-warning.js.map",
        "size": 469,
        "mode": 420
      },
      {
        "path": "packages/safe-bash/dist/shell/getopts.d.ts",
        "size": 2216,
        "mode": 420
      },
      {
        "path": "packages/safe-bash/dist/shell/getopts.d.ts.map",
        "size": 2129,
        "mode": 420
      },
      {
        "path": "packages/safe-bash/dist/shell/getopts.js",
        "size": 10984,
        "mode": 420
      },
      {
        "path": "packages/safe-bash/dist/shell/getopts.js.map",
        "size": 12134,
        "mode": 420
      },
      {
        "path": "packages/safe-bash/dist/shell/index.d.ts",
        "size": 390,
        "mode": 420
      },
      {
        "path": "packages/safe-bash/dist/shell/index.d.ts.map",
        "size": 400,
        "mode": 420
      },
      {
        "path": "packages/safe-bash/dist/shell/index.js",
        "size": 236,
        "mode": 420
      },
      {
        "path": "packages/safe-bash/dist/shell/index.js.map",
        "size": 289,
        "mode": 420
      },
      {
        "path": "packages/safe-bash/dist/shell/input.d.ts",
        "size": 2046,
        "mode": 420
      },
      {
        "path": "packages/safe-bash/dist/shell/input.d.ts.map",
        "size": 1982,
        "mode": 420
      },
      {
        "path": "packages/safe-bash/dist/shell/input.js",
        "size": 29140,
        "mode": 420
      },
      {
        "path": "packages/safe-bash/dist/shell/input.js.map",
        "size": 28593,
        "mode": 420
      },
      {
        "path": "packages/safe-bash/dist/shell/locale.d.ts",
        "size": 126,
        "mode": 420
      },
      {
        "path": "packages/safe-bash/dist/shell/locale.d.ts.map",
        "size": 207,
        "mode": 420
      },
      {
        "path": "packages/safe-bash/dist/shell/locale.js",
        "size": 202,
        "mode": 420
      },
      {
        "path": "packages/safe-bash/dist/shell/locale.js.map",
        "size": 286,
        "mode": 420
      },
      {
        "path": "packages/safe-bash/dist/shell/mapfile.d.ts",
        "size": 1117,
        "mode": 420
      },
      {
        "path": "packages/safe-bash/dist/shell/mapfile.d.ts.map",
        "size": 1176,
        "mode": 420
      },
      {
        "path": "packages/safe-bash/dist/shell/mapfile.js",
        "size": 5324,
        "mode": 420
      },
      {
        "path": "packages/safe-bash/dist/shell/mapfile.js.map",
        "size": 5440,
        "mode": 420
      },
      {
        "path": "packages/safe-bash/dist/shell/parameter-transforms.d.ts",
        "size": 583,
        "mode": 420
      },
      {
        "path": "packages/safe-bash/dist/shell/parameter-transforms.d.ts.map",
        "size": 559,
        "mode": 420
      },
      {
        "path": "packages/safe-bash/dist/shell/parameter-transforms.js",
        "size": 7648,
        "mode": 420
      },
      {
        "path": "packages/safe-bash/dist/shell/parameter-transforms.js.map",
        "size": 8735,
        "mode": 420
      },
      {
        "path": "packages/safe-bash/dist/shell/parameter-trim.d.ts",
        "size": 413,
        "mode": 420
      },
      {
        "path": "packages/safe-bash/dist/shell/parameter-trim.d.ts.map",
        "size": 478,
        "mode": 420
      },
      {
        "path": "packages/safe-bash/dist/shell/parameter-trim.js",
        "size": 5876,
        "mode": 420
      },
      {
        "path": "packages/safe-bash/dist/shell/parameter-trim.js.map",
        "size": 6858,
        "mode": 420
      },
      {
        "path": "packages/safe-bash/dist/shell/parse-budget.d.ts",
        "size": 412,
        "mode": 420
      },
      {
        "path": "packages/safe-bash/dist/shell/parse-budget.d.ts.map",
        "size": 435,
        "mode": 420
      },
      {
        "path": "packages/safe-bash/dist/shell/parse-budget.js",
        "size": 1024,
        "mode": 420
      },
      {
        "path": "packages/safe-bash/dist/shell/parse-budget.js.map",
        "size": 1012,
        "mode": 420
      },
      {
        "path": "packages/safe-bash/dist/shell/parser.d.ts",
        "size": 5069,
        "mode": 420
      },
      {
        "path": "packages/safe-bash/dist/shell/parser.d.ts.map",
        "size": 5508,
        "mode": 420
      },
      {
        "path": "packages/safe-bash/dist/shell/parser.js",
        "size": 70044,
        "mode": 420
      },
      {
        "path": "packages/safe-bash/dist/shell/parser.js.map",
        "size": 73277,
        "mode": 420
      },
      {
        "path": "packages/safe-bash/dist/shell/path-lookup.d.ts",
        "size": 601,
        "mode": 420
      },
      {
        "path": "packages/safe-bash/dist/shell/path-lookup.d.ts.map",
        "size": 657,
        "mode": 420
      },
      {
        "path": "packages/safe-bash/dist/shell/path-lookup.js",
        "size": 3138,
        "mode": 420
      },
      {
        "path": "packages/safe-bash/dist/shell/path-lookup.js.map",
        "size": 3636,
        "mode": 420
      },
      {
        "path": "packages/safe-bash/dist/shell/pattern.d.ts",
        "size": 528,
        "mode": 420
      },
      {
        "path": "packages/safe-bash/dist/shell/pattern.d.ts.map",
        "size": 632,
        "mode": 420
      },
      {
        "path": "packages/safe-bash/dist/shell/pattern.js",
        "size": 8636,
        "mode": 420
      },
      {
        "path": "packages/safe-bash/dist/shell/pattern.js.map",
        "size": 9000,
        "mode": 420
      },
      {
        "path": "packages/safe-bash/dist/shell/pipestatus.d.ts",
        "size": 496,
        "mode": 420
      },
      {
        "path": "packages/safe-bash/dist/shell/pipestatus.d.ts.map",
        "size": 510,
        "mode": 420
      },
      {
        "path": "packages/safe-bash/dist/shell/pipestatus.js",
        "size": 3258,
        "mode": 420
      },
      {
        "path": "packages/safe-bash/dist/shell/pipestatus.js.map",
        "size": 3650,
        "mode": 420
      },
      {
        "path": "packages/safe-bash/dist/shell/runtime.d.ts",
        "size": 15148,
        "mode": 420
      },
      {
        "path": "packages/safe-bash/dist/shell/runtime.d.ts.map",
        "size": 14653,
        "mode": 420
      },
      {
        "path": "packages/safe-bash/dist/shell/runtime.js",
        "size": 348484,
        "mode": 420
      },
      {
        "path": "packages/safe-bash/dist/shell/runtime.js.map",
        "size": 336988,
        "mode": 420
      },
      {
        "path": "packages/safe-bash/dist/shell/select-menu.d.ts",
        "size": 502,
        "mode": 420
      },
      {
        "path": "packages/safe-bash/dist/shell/select-menu.d.ts.map",
        "size": 487,
        "mode": 420
      },
      {
        "path": "packages/safe-bash/dist/shell/select-menu.js",
        "size": 4631,
        "mode": 420
      },
      {
        "path": "packages/safe-bash/dist/shell/select-menu.js.map",
        "size": 4919,
        "mode": 420
      },
      {
        "path": "packages/safe-bash/dist/shell/shell.d.ts",
        "size": 923,
        "mode": 420
      },
      {
        "path": "packages/safe-bash/dist/shell/shell.d.ts.map",
        "size": 879,
        "mode": 420
      },
      {
        "path": "packages/safe-bash/dist/shell/shell.js",
        "size": 16394,
        "mode": 420
      },
      {
        "path": "packages/safe-bash/dist/shell/shell.js.map",
        "size": 15896,
        "mode": 420
      },
      {
        "path": "packages/safe-bash/dist/shell/source-line-index.d.ts",
        "size": 337,
        "mode": 420
      },
      {
        "path": "packages/safe-bash/dist/shell/source-line-index.d.ts.map",
        "size": 389,
        "mode": 420
      },
      {
        "path": "packages/safe-bash/dist/shell/source-line-index.js",
        "size": 1389,
        "mode": 420
      },
      {
        "path": "packages/safe-bash/dist/shell/source-line-index.js.map",
        "size": 1647,
        "mode": 420
      },
      {
        "path": "packages/safe-bash/dist/shell/source-value.d.ts",
        "size": 430,
        "mode": 420
      },
      {
        "path": "packages/safe-bash/dist/shell/source-value.d.ts.map",
        "size": 455,
        "mode": 420
      },
      {
        "path": "packages/safe-bash/dist/shell/source-value.js",
        "size": 1630,
        "mode": 420
      },
      {
        "path": "packages/safe-bash/dist/shell/source-value.js.map",
        "size": 2178,
        "mode": 420
      },
      {
        "path": "packages/safe-bash/dist/shell/string-operations.d.ts",
        "size": 728,
        "mode": 420
      },
      {
        "path": "packages/safe-bash/dist/shell/string-operations.d.ts.map",
        "size": 803,
        "mode": 420
      },
      {
        "path": "packages/safe-bash/dist/shell/string-operations.js",
        "size": 1583,
        "mode": 420
      },
      {
        "path": "packages/safe-bash/dist/shell/string-operations.js.map",
        "size": 2144,
        "mode": 420
      },
      {
        "path": "packages/safe-bash/dist/shell/types.d.ts",
        "size": 3318,
        "mode": 420
      },
      {
        "path": "packages/safe-bash/dist/shell/types.d.ts.map",
        "size": 3248,
        "mode": 420
      },
      {
        "path": "packages/safe-bash/dist/shell/types.js",
        "size": 738,
        "mode": 420
      },
      {
        "path": "packages/safe-bash/dist/shell/types.js.map",
        "size": 656,
        "mode": 420
      },
      {
        "path": "packages/safe-bash/dist/shell/value-state.d.ts",
        "size": 2158,
        "mode": 420
      },
      {
        "path": "packages/safe-bash/dist/shell/value-state.d.ts.map",
        "size": 2118,
        "mode": 420
      },
      {
        "path": "packages/safe-bash/dist/shell/value-state.js",
        "size": 9851,
        "mode": 420
      },
      {
        "path": "packages/safe-bash/dist/shell/value-state.js.map",
        "size": 10708,
        "mode": 420
      },
      {
        "path": "packages/safe-bash/dist/shell/worker-limits.d.ts",
        "size": 168,
        "mode": 420
      },
      {
        "path": "packages/safe-bash/dist/shell/worker-limits.d.ts.map",
        "size": 243,
        "mode": 420
      },
      {
        "path": "packages/safe-bash/dist/shell/worker-limits.js",
        "size": 583,
        "mode": 420
      },
      {
        "path": "packages/safe-bash/dist/shell/worker-limits.js.map",
        "size": 627,
        "mode": 420
      },
      {
        "path": "packages/safe-fs/dist/bridge/confinement.d.ts",
        "size": 295,
        "mode": 420
      },
      {
        "path": "packages/safe-fs/dist/bridge/filesystem.d.ts",
        "size": 4696,
        "mode": 420
      },
      {
        "path": "packages/safe-fs/dist/bridge/index.d.ts",
        "size": 458,
        "mode": 420
      },
      {
        "path": "packages/safe-fs/dist/bridge/stats.d.ts",
        "size": 345,
        "mode": 420
      },
      {
        "path": "packages/safe-fs/dist/bridge/types.d.ts",
        "size": 2292,
        "mode": 420
      },
      {
        "path": "packages/safe-fs/dist/bridge/values.d.ts",
        "size": 516,
        "mode": 420
      },
      {
        "path": "packages/safe-fs/dist/config.d.ts",
        "size": 824,
        "mode": 420
      },
      {
        "path": "packages/safe-fs/dist/config.node.d.ts",
        "size": 190,
        "mode": 420
      },
      {
        "path": "packages/safe-fs/dist/config/memory.d.ts",
        "size": 245,
        "mode": 420
      },
      {
        "path": "packages/safe-fs/dist/config/real.d.ts",
        "size": 300,
        "mode": 420
      },
      {
        "path": "packages/safe-fs/dist/contracts/abort.d.ts",
        "size": 189,
        "mode": 420
      },
      {
        "path": "packages/safe-fs/dist/contracts/cleanup.d.ts",
        "size": 95,
        "mode": 420
      },
      {
        "path": "packages/safe-fs/dist/contracts/errors.d.ts",
        "size": 2211,
        "mode": 420
      },
      {
        "path": "packages/safe-fs/dist/contracts/filesystem.d.ts",
        "size": 10026,
        "mode": 420
      },
      {
        "path": "packages/safe-fs/dist/contracts/index.d.ts",
        "size": 114,
        "mode": 420
      },
      {
        "path": "packages/safe-fs/dist/contracts/io.d.ts",
        "size": 441,
        "mode": 420
      },
      {
        "path": "packages/safe-fs/dist/contracts/path.d.ts",
        "size": 475,
        "mode": 420
      },
      {
        "path": "packages/safe-fs/dist/contracts/portable-path.d.ts",
        "size": 578,
        "mode": 420
      },
      {
        "path": "packages/safe-fs/dist/contracts/virtual-path.d.ts",
        "size": 491,
        "mode": 420
      },
      {
        "path": "packages/safe-fs/dist/core.d.ts",
        "size": 1060,
        "mode": 420
      },
      {
        "path": "packages/safe-fs/dist/fs/capabilities.d.ts",
        "size": 1418,
        "mode": 420
      },
      {
        "path": "packages/safe-fs/dist/fs/devices/index.d.ts",
        "size": 3800,
        "mode": 420
      },
      {
        "path": "packages/safe-fs/dist/fs/devices/path.d.ts",
        "size": 398,
        "mode": 420
      },
      {
        "path": "packages/safe-fs/dist/fs/devices/stream.d.ts",
        "size": 436,
        "mode": 420
      },
      {
        "path": "packages/safe-fs/dist/fs/directory-admission.d.ts",
        "size": 291,
        "mode": 420
      },
      {
        "path": "packages/safe-fs/dist/fs/memory/index.d.ts",
        "size": 5464,
        "mode": 420
      },
      {
        "path": "packages/safe-fs/dist/fs/memory/ledger.d.ts",
        "size": 797,
        "mode": 420
      },
      {
        "path": "packages/safe-fs/dist/fs/memory/limits.d.ts",
        "size": 423,
        "mode": 420
      },
      {
        "path": "packages/safe-fs/dist/fs/memory/missing-target.d.ts",
        "size": 318,
        "mode": 420
      },
      {
        "path": "packages/safe-fs/dist/fs/mount/comparison.d.ts",
        "size": 1266,
        "mode": 420
      },
      {
        "path": "packages/safe-fs/dist/fs/mount/identity.d.ts",
        "size": 194,
        "mode": 420
      },
      {
        "path": "packages/safe-fs/dist/fs/mount/index.d.ts",
        "size": 4121,
        "mode": 420
      },
      {
        "path": "packages/safe-fs/dist/fs/overlay/index.d.ts",
        "size": 3819,
        "mode": 420
      },
      {
        "path": "packages/safe-fs/dist/fs/path-namespace.d.ts",
        "size": 342,
        "mode": 420
      },
      {
        "path": "packages/safe-fs/dist/fs/quota/index.d.ts",
        "size": 446,
        "mode": 420
      },
      {
        "path": "packages/safe-fs/dist/fs/readonly/index.d.ts",
        "size": 2882,
        "mode": 420
      },
      {
        "path": "packages/safe-fs/dist/fs/real/allocation.d.ts",
        "size": 101,
        "mode": 420
      },
      {
        "path": "packages/safe-fs/dist/fs/real/index.d.ts",
        "size": 5262,
        "mode": 420
      },
      {
        "path": "packages/safe-fs/dist/fs/s3/authority.d.ts",
        "size": 649,
        "mode": 420
      },
      {
        "path": "packages/safe-fs/dist/fs/s3/filesystem.d.ts",
        "size": 4897,
        "mode": 420
      },
      {
        "path": "packages/safe-fs/dist/fs/s3/http/index.d.ts",
        "size": 181,
        "mode": 420
      },
      {
        "path": "packages/safe-fs/dist/fs/s3/http/request.d.ts",
        "size": 970,
        "mode": 420
      },
      {
        "path": "packages/safe-fs/dist/fs/s3/http/signature.d.ts",
        "size": 859,
        "mode": 420
      },
      {
        "path": "packages/safe-fs/dist/fs/s3/http/transport.d.ts",
        "size": 203,
        "mode": 420
      },
      {
        "path": "packages/safe-fs/dist/fs/s3/http/types.d.ts",
        "size": 1214,
        "mode": 420
      },
      {
        "path": "packages/safe-fs/dist/fs/s3/http/xml.d.ts",
        "size": 515,
        "mode": 420
      },
      {
        "path": "packages/safe-fs/dist/fs/s3/index.d.ts",
        "size": 590,
        "mode": 420
      },
      {
        "path": "packages/safe-fs/dist/fs/s3/mock.d.ts",
        "size": 2217,
        "mode": 420
      },
      {
        "path": "packages/safe-fs/dist/fs/s3/registry.d.ts",
        "size": 833,
        "mode": 420
      },
      {
        "path": "packages/safe-fs/dist/fs/s3/transport.d.ts",
        "size": 3966,
        "mode": 420
      },
      {
        "path": "packages/safe-fs/dist/fs/scoped.d.ts",
        "size": 961,
        "mode": 420
      },
      {
        "path": "packages/safe-fs/dist/fs/webdav/index.d.ts",
        "size": 226,
        "mode": 420
      },
      {
        "path": "packages/safe-fs/dist/fs/webdav/resource-id.d.ts",
        "size": 1248,
        "mode": 420
      },
      {
        "path": "packages/safe-fs/dist/fs/webdav/webdav.d.ts",
        "size": 5656,
        "mode": 420
      },
      {
        "path": "packages/safe-fs/dist/fs/webdav/xml.d.ts",
        "size": 668,
        "mode": 420
      },
      {
        "path": "packages/safe-fs/dist/index.d.ts",
        "size": 998,
        "mode": 420
      },
      {
        "path": "packages/safe-fs/dist/native/fs-seek/loader.d.ts",
        "size": 174,
        "mode": 420
      },
      {
        "path": "packages/safe-fs/dist/node-host.d.ts",
        "size": 28,
        "mode": 420
      },
      {
        "path": "packages/safe-fs/dist/node-unavailable.d.ts",
        "size": 11,
        "mode": 420
      },
      {
        "path": "packages/safe-fs/dist/node/filesystem.d.ts",
        "size": 761,
        "mode": 420
      },
      {
        "path": "packages/safe-fs/dist/node/index.d.ts",
        "size": 160,
        "mode": 420
      },
      {
        "path": "packages/safe-fs/dist/node/native-seek.d.ts",
        "size": 304,
        "mode": 420
      },
      {
        "path": "packages/safe-fs/dist/node/stats.d.ts",
        "size": 91,
        "mode": 420
      },
      {
        "path": "packages/safe-fs/dist/node/values.d.ts",
        "size": 107,
        "mode": 420
      },
      {
        "path": "packages/safe-fs/dist/platform/browser.d.ts",
        "size": 521,
        "mode": 420
      },
      {
        "path": "packages/safe-fs/dist/platform/node.d.ts",
        "size": 551,
        "mode": 420
      },
      {
        "path": "packages/safe-fs/dist/testing/atomic-filesystem.d.ts",
        "size": 709,
        "mode": 420
      },
      {
        "path": "packages/safe-fs/dist/xml.d.ts",
        "size": 1537,
        "mode": 420
      },
      {
        "path": "packages/safe-fs/native/assets.json",
        "size": 341,
        "mode": 420
      },
      {
        "path": "packages/safe-fs/native/loader.mjs",
        "size": 5483,
        "mode": 420
      },
      {
        "path": "packages/safe-fs/native/seek.c",
        "size": 6041,
        "mode": 420
      },
      {
        "path": "packages/safe-fs/src/native/loader.d.ts",
        "size": 174,
        "mode": 420
      },
      {
        "path": "packages/safe-js/dist/browser/chunks/chunk-SB2GDI2R.js",
        "size": 330076,
        "mode": 420
      },
      {
        "path": "packages/safe-js/dist/browser/chunks/chunk-SB2GDI2R.js.map",
        "size": 641137,
        "mode": 420
      },
      {
        "path": "packages/safe-js/dist/browser/safe-fs-core.js",
        "size": 1601,
        "mode": 420
      },
      {
        "path": "packages/safe-js/dist/browser/safe-fs-core.js.map",
        "size": 93,
        "mode": 420
      },
      {
        "path": "packages/safe-js/dist/browser/safe-fs.js",
        "size": 1596,
        "mode": 420
      },
      {
        "path": "packages/safe-js/dist/browser/safe-fs.js.map",
        "size": 93,
        "mode": 420
      },
      {
        "path": "packages/safe-js/dist/chunks/chunk-3F3DS2EX.js",
        "size": 298346,
        "mode": 420
      },
      {
        "path": "packages/safe-js/dist/chunks/chunk-3F3DS2EX.js.map",
        "size": 570363,
        "mode": 420
      },
      {
        "path": "packages/safe-js/dist/chunks/chunk-3IA5ZPDR.js",
        "size": 1115,
        "mode": 420
      },
      {
        "path": "packages/safe-js/dist/chunks/chunk-3IA5ZPDR.js.map",
        "size": 2667,
        "mode": 420
      },
      {
        "path": "packages/safe-js/dist/chunks/chunk-4YIDX44G.js",
        "size": 1592,
        "mode": 420
      },
      {
        "path": "packages/safe-js/dist/chunks/chunk-4YIDX44G.js.map",
        "size": 93,
        "mode": 420
      },
      {
        "path": "packages/safe-js/dist/chunks/chunk-7A4S5TZE.js",
        "size": 133500,
        "mode": 420
      },
      {
        "path": "packages/safe-js/dist/chunks/chunk-7A4S5TZE.js.map",
        "size": 252781,
        "mode": 420
      },
      {
        "path": "packages/safe-js/dist/chunks/chunk-7IP7DTCE.js",
        "size": 96625,
        "mode": 420
      },
      {
        "path": "packages/safe-js/dist/chunks/chunk-7IP7DTCE.js.map",
        "size": 219281,
        "mode": 420
      },
      {
        "path": "packages/safe-js/dist/chunks/chunk-7N7C5YY4.js",
        "size": 2709,
        "mode": 420
      },
      {
        "path": "packages/safe-js/dist/chunks/chunk-7N7C5YY4.js.map",
        "size": 5231,
        "mode": 420
      },
      {
        "path": "packages/safe-js/dist/chunks/chunk-22LVFM5E.js",
        "size": 13790,
        "mode": 420
      },
      {
        "path": "packages/safe-js/dist/chunks/chunk-22LVFM5E.js.map",
        "size": 27844,
        "mode": 420
      },
      {
        "path": "packages/safe-js/dist/chunks/chunk-77XSZ4SB.js",
        "size": 6057,
        "mode": 420
      },
      {
        "path": "packages/safe-js/dist/chunks/chunk-77XSZ4SB.js.map",
        "size": 11846,
        "mode": 420
      },
      {
        "path": "packages/safe-js/dist/chunks/chunk-BETCSKG7.js",
        "size": 87245,
        "mode": 420
      },
      {
        "path": "packages/safe-js/dist/chunks/chunk-BETCSKG7.js.map",
        "size": 192362,
        "mode": 420
      },
      {
        "path": "packages/safe-js/dist/chunks/chunk-BL2UKABD.js",
        "size": 23841,
        "mode": 420
      },
      {
        "path": "packages/safe-js/dist/chunks/chunk-BL2UKABD.js.map",
        "size": 61999,
        "mode": 420
      },
      {
        "path": "packages/safe-js/dist/chunks/chunk-FCCA27RC.js",
        "size": 3277,
        "mode": 420
      },
      {
        "path": "packages/safe-js/dist/chunks/chunk-FCCA27RC.js.map",
        "size": 6074,
        "mode": 420
      },
      {
        "path": "packages/safe-js/dist/chunks/chunk-HMJGGU6F.js",
        "size": 137862,
        "mode": 420
      },
      {
        "path": "packages/safe-js/dist/chunks/chunk-HMJGGU6F.js.map",
        "size": 324167,
        "mode": 420
      },
      {
        "path": "packages/safe-js/dist/chunks/chunk-IYHI2HGV.js",
        "size": 1607,
        "mode": 420
      },
      {
        "path": "packages/safe-js/dist/chunks/chunk-IYHI2HGV.js.map",
        "size": 3349,
        "mode": 420
      },
      {
        "path": "packages/safe-js/dist/chunks/chunk-J5DHJS2V.js",
        "size": 33489,
        "mode": 420
      },
      {
        "path": "packages/safe-js/dist/chunks/chunk-J5DHJS2V.js.map",
        "size": 67345,
        "mode": 420
      },
      {
        "path": "packages/safe-js/dist/chunks/chunk-KRAQ4SV4.js",
        "size": 8339664,
        "mode": 420
      },
      {
        "path": "packages/safe-js/dist/chunks/chunk-KRAQ4SV4.js.map",
        "size": 10828910,
        "mode": 420
      },
      {
        "path": "packages/safe-js/dist/chunks/chunk-M4TAICVU.js",
        "size": 4416,
        "mode": 420
      },
      {
        "path": "packages/safe-js/dist/chunks/chunk-M4TAICVU.js.map",
        "size": 8533,
        "mode": 420
      },
      {
        "path": "packages/safe-js/dist/chunks/chunk-MCIID45D.js",
        "size": 1244,
        "mode": 420
      },
      {
        "path": "packages/safe-js/dist/chunks/chunk-MCIID45D.js.map",
        "size": 2515,
        "mode": 420
      },
      {
        "path": "packages/safe-js/dist/chunks/chunk-NJA7XDY3.js",
        "size": 263818,
        "mode": 420
      },
      {
        "path": "packages/safe-js/dist/chunks/chunk-NJA7XDY3.js.map",
        "size": 499784,
        "mode": 420
      },
      {
        "path": "packages/safe-js/dist/chunks/chunk-O2H6H4WG.js",
        "size": 5308,
        "mode": 420
      },
      {
        "path": "packages/safe-js/dist/chunks/chunk-O2H6H4WG.js.map",
        "size": 10264,
        "mode": 420
      },
      {
        "path": "packages/safe-js/dist/chunks/chunk-OKDHSBCV.js",
        "size": 8595,
        "mode": 420
      },
      {
        "path": "packages/safe-js/dist/chunks/chunk-OKDHSBCV.js.map",
        "size": 16269,
        "mode": 420
      },
      {
        "path": "packages/safe-js/dist/chunks/chunk-OZLTLIHX.js",
        "size": 1336,
        "mode": 420
      },
      {
        "path": "packages/safe-js/dist/chunks/chunk-OZLTLIHX.js.map",
        "size": 2657,
        "mode": 420
      },
      {
        "path": "packages/safe-js/dist/chunks/chunk-QSWV7N2Q.js",
        "size": 337547,
        "mode": 420
      },
      {
        "path": "packages/safe-js/dist/chunks/chunk-QSWV7N2Q.js.map",
        "size": 657904,
        "mode": 420
      },
      {
        "path": "packages/safe-js/dist/chunks/chunk-SJZWSPWD.js",
        "size": 462,
        "mode": 420
      },
      {
        "path": "packages/safe-js/dist/chunks/chunk-SJZWSPWD.js.map",
        "size": 856,
        "mode": 420
      },
      {
        "path": "packages/safe-js/dist/chunks/chunk-UVQCKXAA.js",
        "size": 6688,
        "mode": 420
      },
      {
        "path": "packages/safe-js/dist/chunks/chunk-UVQCKXAA.js.map",
        "size": 12176,
        "mode": 420
      },
      {
        "path": "packages/safe-js/dist/chunks/cli-runtime-Q3LURAEW.js",
        "size": 23499,
        "mode": 420
      },
      {
        "path": "packages/safe-js/dist/chunks/cli-runtime-Q3LURAEW.js.map",
        "size": 44591,
        "mode": 420
      },
      {
        "path": "packages/safe-js/dist/chunks/dump-CVKYE6QC.js",
        "size": 371,
        "mode": 420
      },
      {
        "path": "packages/safe-js/dist/chunks/dump-CVKYE6QC.js.map",
        "size": 93,
        "mode": 420
      },
      {
        "path": "packages/safe-js/dist/chunks/fs-F7DWCDMF.js",
        "size": 403,
        "mode": 420
      },
      {
        "path": "packages/safe-js/dist/chunks/fs-F7DWCDMF.js.map",
        "size": 93,
        "mode": 420
      },
      {
        "path": "packages/safe-js/dist/chunks/harness-3PSJG4G2.js",
        "size": 226,
        "mode": 420
      },
      {
        "path": "packages/safe-js/dist/chunks/harness-3PSJG4G2.js.map",
        "size": 93,
        "mode": 420
      },
      {
        "path": "packages/safe-js/dist/chunks/mcp-6O5D2NZN.js",
        "size": 244,
        "mode": 420
      },
      {
        "path": "packages/safe-js/dist/chunks/mcp-6O5D2NZN.js.map",
        "size": 93,
        "mode": 420
      },
      {
        "path": "packages/safe-js/dist/chunks/migration-file-BF2SQMDX.js",
        "size": 297,
        "mode": 420
      },
      {
        "path": "packages/safe-js/dist/chunks/migration-file-BF2SQMDX.js.map",
        "size": 93,
        "mode": 420
      },
      {
        "path": "packages/safe-js/dist/chunks/restore-XC2VBC4D.js",
        "size": 286,
        "mode": 420
      },
      {
        "path": "packages/safe-js/dist/chunks/restore-XC2VBC4D.js.map",
        "size": 93,
        "mode": 420
      },
      {
        "path": "packages/safe-js/dist/chunks/run-VJMVOXDV.js",
        "size": 398,
        "mode": 420
      },
      {
        "path": "packages/safe-js/dist/chunks/run-VJMVOXDV.js.map",
        "size": 93,
        "mode": 420
      },
      {
        "path": "packages/safe-js/dist/chunks/runtime-modules-ZP7BGQYD.js",
        "size": 272,
        "mode": 420
      },
      {
        "path": "packages/safe-js/dist/chunks/runtime-modules-ZP7BGQYD.js.map",
        "size": 93,
        "mode": 420
      },
      {
        "path": "packages/safe-js/dist/chunks/source-files-73OHLNGH.js",
        "size": 189,
        "mode": 420
      },
      {
        "path": "packages/safe-js/dist/chunks/source-files-73OHLNGH.js.map",
        "size": 93,
        "mode": 420
      },
      {
        "path": "packages/safe-js/dist/cli-runtime.d.ts",
        "size": 1327,
        "mode": 420
      },
      {
        "path": "packages/safe-js/dist/cli-runtime.js",
        "size": 25732,
        "mode": 420
      },
      {
        "path": "packages/safe-js/dist/cli.d.ts",
        "size": 266,
        "mode": 420
      },
      {
        "path": "packages/safe-js/dist/cli.js",
        "size": 3673,
        "mode": 493
      },
      {
        "path": "packages/safe-js/dist/cli.js.map",
        "size": 5547,
        "mode": 420
      },
      {
        "path": "packages/safe-js/dist/core.d.ts",
        "size": 1153,
        "mode": 420
      },
      {
        "path": "packages/safe-js/dist/core.js",
        "size": 680,
        "mode": 420
      },
      {
        "path": "packages/safe-js/dist/core.js.map",
        "size": 93,
        "mode": 420
      },
      {
        "path": "packages/safe-js/dist/dump.d.ts",
        "size": 164,
        "mode": 420
      },
      {
        "path": "packages/safe-js/dist/dump.js",
        "size": 146,
        "mode": 420
      },
      {
        "path": "packages/safe-js/dist/error-codes.d.ts",
        "size": 180,
        "mode": 420
      },
      {
        "path": "packages/safe-js/dist/error-codes.js",
        "size": 380,
        "mode": 420
      },
      {
        "path": "packages/safe-js/dist/error/format.d.ts",
        "size": 484,
        "mode": 420
      },
      {
        "path": "packages/safe-js/dist/error/format.js",
        "size": 9744,
        "mode": 420
      },
      {
        "path": "packages/safe-js/dist/error/native-suppressed-error.d.ts",
        "size": 438,
        "mode": 420
      },
      {
        "path": "packages/safe-js/dist/error/native-suppressed-error.js",
        "size": 998,
        "mode": 420
      },
      {
        "path": "packages/safe-js/dist/error/shape.d.ts",
        "size": 1831,
        "mode": 420
      },
      {
        "path": "packages/safe-js/dist/error/shape.js",
        "size": 5522,
        "mode": 420
      },
      {
        "path": "packages/safe-js/dist/error/source-lines.d.ts",
        "size": 68,
        "mode": 420
      },
      {
        "path": "packages/safe-js/dist/error/source-lines.js",
        "size": 538,
        "mode": 420
      },
      {
        "path": "packages/safe-js/dist/example-runner.d.ts",
        "size": 591,
        "mode": 420
      },
      {
        "path": "packages/safe-js/dist/example-runner.js",
        "size": 15183,
        "mode": 420
      },
      {
        "path": "packages/safe-js/dist/extensions.d.ts",
        "size": 2175,
        "mode": 420
      },
      {
        "path": "packages/safe-js/dist/extensions.js",
        "size": 3982,
        "mode": 420
      },
      {
        "path": "packages/safe-js/dist/graph-depth.d.ts",
        "size": 640,
        "mode": 420
      },
      {
        "path": "packages/safe-js/dist/graph-depth.js",
        "size": 4741,
        "mode": 420
      },
      {
        "path": "packages/safe-js/dist/index.d.ts",
        "size": 5251,
        "mode": 420
      },
      {
        "path": "packages/safe-js/dist/index.js",
        "size": 14590,
        "mode": 420
      },
      {
        "path": "packages/safe-js/dist/index.js.map",
        "size": 30585,
        "mode": 420
      },
      {
        "path": "packages/safe-js/dist/interp/accessors.d.ts",
        "size": 976,
        "mode": 420
      },
      {
        "path": "packages/safe-js/dist/interp/accessors.js",
        "size": 3336,
        "mode": 420
      },
      {
        "path": "packages/safe-js/dist/interp/arguments.d.ts",
        "size": 1131,
        "mode": 420
      },
      {
        "path": "packages/safe-js/dist/interp/arguments.js",
        "size": 5400,
        "mode": 420
      },
      {
        "path": "packages/safe-js/dist/interp/array-buffer.d.ts",
        "size": 867,
        "mode": 420
      },
      {
        "path": "packages/safe-js/dist/interp/array-buffer.js",
        "size": 2779,
        "mode": 420
      },
      {
        "path": "packages/safe-js/dist/interp/array-iterator.d.ts",
        "size": 668,
        "mode": 420
      },
      {
        "path": "packages/safe-js/dist/interp/array-iterator.js",
        "size": 811,
        "mode": 420
      },
      {
        "path": "packages/safe-js/dist/interp/async-disposable-stack.d.ts",
        "size": 1494,
        "mode": 420
      },
      {
        "path": "packages/safe-js/dist/interp/async-disposable-stack.js",
        "size": 4719,
        "mode": 420
      },
      {
        "path": "packages/safe-js/dist/interp/async-function-driver.d.ts",
        "size": 1230,
        "mode": 420
      },
      {
        "path": "packages/safe-js/dist/interp/async-function-driver.js",
        "size": 7614,
        "mode": 420
      },
      {
        "path": "packages/safe-js/dist/interp/async-generator-driver.d.ts",
        "size": 1784,
        "mode": 420
      },
      {
        "path": "packages/safe-js/dist/interp/async-generator-driver.js",
        "size": 9713,
        "mode": 420
      },
      {
        "path": "packages/safe-js/dist/interp/async.d.ts",
        "size": 5918,
        "mode": 420
      },
      {
        "path": "packages/safe-js/dist/interp/async.js",
        "size": 26890,
        "mode": 420
      },
      {
        "path": "packages/safe-js/dist/interp/atomic-wait-state.d.ts",
        "size": 352,
        "mode": 420
      },
      {
        "path": "packages/safe-js/dist/interp/atomic-wait-state.js",
        "size": 94,
        "mode": 420
      },
      {
        "path": "packages/safe-js/dist/interp/atomic-wait.d.ts",
        "size": 363,
        "mode": 420
      },
      {
        "path": "packages/safe-js/dist/interp/atomic-wait.js",
        "size": 5858,
        "mode": 420
      },
      {
        "path": "packages/safe-js/dist/interp/bigint-operators.d.ts",
        "size": 263,
        "mode": 420
      },
      {
        "path": "packages/safe-js/dist/interp/bigint-operators.js",
        "size": 2355,
        "mode": 420
      },
      {
        "path": "packages/safe-js/dist/interp/bound-function-state.d.ts",
        "size": 265,
        "mode": 420
      },
      {
        "path": "packages/safe-js/dist/interp/bound-function-state.js",
        "size": 50,
        "mode": 420
      },
      {
        "path": "packages/safe-js/dist/interp/bound-function.d.ts",
        "size": 381,
        "mode": 420
      },
      {
        "path": "packages/safe-js/dist/interp/bound-function.js",
        "size": 933,
        "mode": 420
      },
      {
        "path": "packages/safe-js/dist/interp/boxed.d.ts",
        "size": 967,
        "mode": 420
      },
      {
        "path": "packages/safe-js/dist/interp/boxed.js",
        "size": 2485,
        "mode": 420
      },
      {
        "path": "packages/safe-js/dist/interp/budget.d.ts",
        "size": 3283,
        "mode": 420
      },
      {
        "path": "packages/safe-js/dist/interp/budget.js",
        "size": 18053,
        "mode": 420
      },
      {
        "path": "packages/safe-js/dist/interp/builtin-call.d.ts",
        "size": 394,
        "mode": 420
      },
      {
        "path": "packages/safe-js/dist/interp/builtin-call.js",
        "size": 1505,
        "mode": 420
      },
      {
        "path": "packages/safe-js/dist/interp/cancel.d.ts",
        "size": 1267,
        "mode": 420
      },
      {
        "path": "packages/safe-js/dist/interp/cancel.js",
        "size": 8999,
        "mode": 420
      },
      {
        "path": "packages/safe-js/dist/interp/classes.d.ts",
        "size": 1448,
        "mode": 420
      },
      {
        "path": "packages/safe-js/dist/interp/classes.js",
        "size": 14322,
        "mode": 420
      },
      {
        "path": "packages/safe-js/dist/interp/closure-origin.d.ts",
        "size": 1402,
        "mode": 420
      },
      {
        "path": "packages/safe-js/dist/interp/closure-origin.js",
        "size": 1547,
        "mode": 420
      },
      {
        "path": "packages/safe-js/dist/interp/collection-brands.d.ts",
        "size": 315,
        "mode": 420
      },
      {
        "path": "packages/safe-js/dist/interp/collection-brands.js",
        "size": 487,
        "mode": 420
      },
      {
        "path": "packages/safe-js/dist/interp/collection-iterator.d.ts",
        "size": 1616,
        "mode": 420
      },
      {
        "path": "packages/safe-js/dist/interp/collection-iterator.js",
        "size": 3566,
        "mode": 420
      },
      {
        "path": "packages/safe-js/dist/interp/collection-properties.d.ts",
        "size": 453,
        "mode": 420
      },
      {
        "path": "packages/safe-js/dist/interp/collection-properties.js",
        "size": 886,
        "mode": 420
      },
      {
        "path": "packages/safe-js/dist/interp/construction-state.d.ts",
        "size": 443,
        "mode": 420
      },
      {
        "path": "packages/safe-js/dist/interp/construction-state.js",
        "size": 49,
        "mode": 420
      },
      {
        "path": "packages/safe-js/dist/interp/data-checkpoint.d.ts",
        "size": 274,
        "mode": 420
      },
      {
        "path": "packages/safe-js/dist/interp/data-checkpoint.js",
        "size": 783,
        "mode": 420
      },
      {
        "path": "packages/safe-js/dist/interp/data-view.d.ts",
        "size": 1116,
        "mode": 420
      },
      {
        "path": "packages/safe-js/dist/interp/data-view.js",
        "size": 3173,
        "mode": 420
      },
      {
        "path": "packages/safe-js/dist/interp/date-locale.d.ts",
        "size": 472,
        "mode": 420
      },
      {
        "path": "packages/safe-js/dist/interp/date-locale.js",
        "size": 4819,
        "mode": 420
      },
      {
        "path": "packages/safe-js/dist/interp/date.d.ts",
        "size": 1791,
        "mode": 420
      },
      {
        "path": "packages/safe-js/dist/interp/date.js",
        "size": 4544,
        "mode": 420
      },
      {
        "path": "packages/safe-js/dist/interp/disposable-stack.d.ts",
        "size": 389,
        "mode": 420
      },
      {
        "path": "packages/safe-js/dist/interp/disposable-stack.js",
        "size": 52,
        "mode": 420
      },
      {
        "path": "packages/safe-js/dist/interp/dynamic-function.d.ts",
        "size": 358,
        "mode": 420
      },
      {
        "path": "packages/safe-js/dist/interp/dynamic-function.js",
        "size": 493,
        "mode": 420
      },
      {
        "path": "packages/safe-js/dist/interp/error-prototypes.d.ts",
        "size": 341,
        "mode": 420
      },
      {
        "path": "packages/safe-js/dist/interp/error-prototypes.js",
        "size": 46,
        "mode": 420
      },
      {
        "path": "packages/safe-js/dist/interp/exceptions.d.ts",
        "size": 4631,
        "mode": 420
      },
      {
        "path": "packages/safe-js/dist/interp/exceptions.js",
        "size": 20656,
        "mode": 420
      },
      {
        "path": "packages/safe-js/dist/interp/finalization-registry-state.d.ts",
        "size": 1118,
        "mode": 420
      },
      {
        "path": "packages/safe-js/dist/interp/finalization-registry-state.js",
        "size": 2930,
        "mode": 420
      },
      {
        "path": "packages/safe-js/dist/interp/float16-array.d.ts",
        "size": 392,
        "mode": 420
      },
      {
        "path": "packages/safe-js/dist/interp/float16-array.js",
        "size": 954,
        "mode": 420
      },
      {
        "path": "packages/safe-js/dist/interp/function-realm.d.ts",
        "size": 584,
        "mode": 420
      },
      {
        "path": "packages/safe-js/dist/interp/function-realm.js",
        "size": 1869,
        "mode": 420
      },
      {
        "path": "packages/safe-js/dist/interp/function-string.d.ts",
        "size": 122,
        "mode": 420
      },
      {
        "path": "packages/safe-js/dist/interp/function-string.js",
        "size": 814,
        "mode": 420
      },
      {
        "path": "packages/safe-js/dist/interp/generator-expression-state.d.ts",
        "size": 2987,
        "mode": 420
      },
      {
        "path": "packages/safe-js/dist/interp/generator-expression-state.js",
        "size": 11,
        "mode": 420
      },
      {
        "path": "packages/safe-js/dist/interp/generator-properties.d.ts",
        "size": 235,
        "mode": 420
      },
      {
        "path": "packages/safe-js/dist/interp/generator-properties.js",
        "size": 327,
        "mode": 420
      },
      {
        "path": "packages/safe-js/dist/interp/generator-prototypes.d.ts",
        "size": 325,
        "mode": 420
      },
      {
        "path": "packages/safe-js/dist/interp/generator-prototypes.js",
        "size": 104,
        "mode": 420
      },
      {
        "path": "packages/safe-js/dist/interp/generator.d.ts",
        "size": 974,
        "mode": 420
      },
      {
        "path": "packages/safe-js/dist/interp/generator.js",
        "size": 5362,
        "mode": 420
      },
      {
        "path": "packages/safe-js/dist/interp/globals.d.ts",
        "size": 2617,
        "mode": 420
      },
      {
        "path": "packages/safe-js/dist/interp/globals.js",
        "size": 6629,
        "mode": 420
      },
      {
        "path": "packages/safe-js/dist/interp/globals/array-buffer.d.ts",
        "size": 177,
        "mode": 420
      },
      {
        "path": "packages/safe-js/dist/interp/globals/array-buffer.js",
        "size": 14835,
        "mode": 420
      },
      {
        "path": "packages/safe-js/dist/interp/globals/async-disposable-stack.d.ts",
        "size": 186,
        "mode": 420
      },
      {
        "path": "packages/safe-js/dist/interp/globals/async-disposable-stack.js",
        "size": 7733,
        "mode": 420
      },
      {
        "path": "packages/safe-js/dist/interp/globals/async-iterator-dispose.d.ts",
        "size": 196,
        "mode": 420
      },
      {
        "path": "packages/safe-js/dist/interp/globals/async-iterator-dispose.js",
        "size": 3551,
        "mode": 420
      },
      {
        "path": "packages/safe-js/dist/interp/globals/atomics.d.ts",
        "size": 171,
        "mode": 420
      },
      {
        "path": "packages/safe-js/dist/interp/globals/atomics.js",
        "size": 7621,
        "mode": 420
      },
      {
        "path": "packages/safe-js/dist/interp/globals/bigint.d.ts",
        "size": 476,
        "mode": 420
      },
      {
        "path": "packages/safe-js/dist/interp/globals/bigint.js",
        "size": 4822,
        "mode": 420
      },
      {
        "path": "packages/safe-js/dist/interp/globals/collection-prototypes.d.ts",
        "size": 318,
        "mode": 420
      },
      {
        "path": "packages/safe-js/dist/interp/globals/collection-prototypes.js",
        "size": 6325,
        "mode": 420
      },
      {
        "path": "packages/safe-js/dist/interp/globals/collections.d.ts",
        "size": 465,
        "mode": 420
      },
      {
        "path": "packages/safe-js/dist/interp/globals/collections.js",
        "size": 11034,
        "mode": 420
      },
      {
        "path": "packages/safe-js/dist/interp/globals/console-json.d.ts",
        "size": 560,
        "mode": 420
      },
      {
        "path": "packages/safe-js/dist/interp/globals/console-json.js",
        "size": 17512,
        "mode": 420
      },
      {
        "path": "packages/safe-js/dist/interp/globals/data-view.d.ts",
        "size": 174,
        "mode": 420
      },
      {
        "path": "packages/safe-js/dist/interp/globals/data-view.js",
        "size": 7675,
        "mode": 420
      },
      {
        "path": "packages/safe-js/dist/interp/globals/date.d.ts",
        "size": 505,
        "mode": 420
      },
      {
        "path": "packages/safe-js/dist/interp/globals/date.js",
        "size": 10151,
        "mode": 420
      },
      {
        "path": "packages/safe-js/dist/interp/globals/disposable-stack.d.ts",
        "size": 181,
        "mode": 420
      },
      {
        "path": "packages/safe-js/dist/interp/globals/disposable-stack.js",
        "size": 7871,
        "mode": 420
      },
      {
        "path": "packages/safe-js/dist/interp/globals/error.d.ts",
        "size": 889,
        "mode": 420
      },
      {
        "path": "packages/safe-js/dist/interp/globals/error.js",
        "size": 9555,
        "mode": 420
      },
      {
        "path": "packages/safe-js/dist/interp/globals/eval.d.ts",
        "size": 141,
        "mode": 420
      },
      {
        "path": "packages/safe-js/dist/interp/globals/eval.js",
        "size": 650,
        "mode": 420
      },
      {
        "path": "packages/safe-js/dist/interp/globals/finalization-registry.d.ts",
        "size": 186,
        "mode": 420
      },
      {
        "path": "packages/safe-js/dist/interp/globals/finalization-registry.js",
        "size": 4966,
        "mode": 420
      },
      {
        "path": "packages/safe-js/dist/interp/globals/function.d.ts",
        "size": 326,
        "mode": 420
      },
      {
        "path": "packages/safe-js/dist/interp/globals/function.js",
        "size": 6640,
        "mode": 420
      },
      {
        "path": "packages/safe-js/dist/interp/globals/generator.d.ts",
        "size": 117,
        "mode": 420
      },
      {
        "path": "packages/safe-js/dist/interp/globals/generator.js",
        "size": 3269,
        "mode": 420
      },
      {
        "path": "packages/safe-js/dist/interp/globals/group-by.d.ts",
        "size": 172,
        "mode": 420
      },
      {
        "path": "packages/safe-js/dist/interp/globals/group-by.js",
        "size": 4757,
        "mode": 420
      },
      {
        "path": "packages/safe-js/dist/interp/globals/intl-collator.d.ts",
        "size": 179,
        "mode": 420
      },
      {
        "path": "packages/safe-js/dist/interp/globals/intl-collator.js",
        "size": 5962,
        "mode": 420
      },
      {
        "path": "packages/safe-js/dist/interp/globals/intl-datetimeformat.d.ts",
        "size": 206,
        "mode": 420
      },
      {
        "path": "packages/safe-js/dist/interp/globals/intl-datetimeformat.js",
        "size": 7542,
        "mode": 420
      },
      {
        "path": "packages/safe-js/dist/interp/globals/intl-displaynames.d.ts",
        "size": 183,
        "mode": 420
      },
      {
        "path": "packages/safe-js/dist/interp/globals/intl-displaynames.js",
        "size": 5724,
        "mode": 420
      },
      {
        "path": "packages/safe-js/dist/interp/globals/intl-durationformat.d.ts",
        "size": 185,
        "mode": 420
      },
      {
        "path": "packages/safe-js/dist/interp/globals/intl-durationformat.js",
        "size": 5299,
        "mode": 420
      },
      {
        "path": "packages/safe-js/dist/interp/globals/intl-listformat.d.ts",
        "size": 181,
        "mode": 420
      },
      {
        "path": "packages/safe-js/dist/interp/globals/intl-listformat.js",
        "size": 7028,
        "mode": 420
      },
      {
        "path": "packages/safe-js/dist/interp/globals/intl-locale.d.ts",
        "size": 177,
        "mode": 420
      },
      {
        "path": "packages/safe-js/dist/interp/globals/intl-locale.js",
        "size": 3353,
        "mode": 420
      },
      {
        "path": "packages/safe-js/dist/interp/globals/intl-numberformat.d.ts",
        "size": 183,
        "mode": 420
      },
      {
        "path": "packages/safe-js/dist/interp/globals/intl-numberformat.js",
        "size": 7220,
        "mode": 420
      },
      {
        "path": "packages/safe-js/dist/interp/globals/intl-pluralrules.d.ts",
        "size": 182,
        "mode": 420
      },
      {
        "path": "packages/safe-js/dist/interp/globals/intl-pluralrules.js",
        "size": 6131,
        "mode": 420
      },
      {
        "path": "packages/safe-js/dist/interp/globals/intl-relativetimeformat.d.ts",
        "size": 189,
        "mode": 420
      },
      {
        "path": "packages/safe-js/dist/interp/globals/intl-relativetimeformat.js",
        "size": 5756,
        "mode": 420
      },
      {
        "path": "packages/safe-js/dist/interp/globals/intl-segmenter.d.ts",
        "size": 180,
        "mode": 420
      },
      {
        "path": "packages/safe-js/dist/interp/globals/intl-segmenter.js",
        "size": 8335,
        "mode": 420
      },
      {
        "path": "packages/safe-js/dist/interp/globals/intl.d.ts",
        "size": 236,
        "mode": 420
      },
      {
        "path": "packages/safe-js/dist/interp/globals/intl.js",
        "size": 4816,
        "mode": 420
      },
      {
        "path": "packages/safe-js/dist/interp/globals/iterator-consumers.d.ts",
        "size": 193,
        "mode": 420
      },
      {
        "path": "packages/safe-js/dist/interp/globals/iterator-consumers.js",
        "size": 7132,
        "mode": 420
      },
      {
        "path": "packages/safe-js/dist/interp/globals/iterator-from.d.ts",
        "size": 192,
        "mode": 420
      },
      {
        "path": "packages/safe-js/dist/interp/globals/iterator-from.js",
        "size": 5066,
        "mode": 420
      },
      {
        "path": "packages/safe-js/dist/interp/globals/iterator-lazy.d.ts",
        "size": 242,
        "mode": 420
      },
      {
        "path": "packages/safe-js/dist/interp/globals/iterator-lazy.js",
        "size": 16527,
        "mode": 420
      },
      {
        "path": "packages/safe-js/dist/interp/globals/iterator-zip.d.ts",
        "size": 972,
        "mode": 420
      },
      {
        "path": "packages/safe-js/dist/interp/globals/iterator-zip.js",
        "size": 12728,
        "mode": 420
      },
      {
        "path": "packages/safe-js/dist/interp/globals/iterator.d.ts",
        "size": 174,
        "mode": 420
      },
      {
        "path": "packages/safe-js/dist/interp/globals/iterator.js",
        "size": 5885,
        "mode": 420
      },
      {
        "path": "packages/safe-js/dist/interp/globals/json-parse.d.ts",
        "size": 294,
        "mode": 420
      },
      {
        "path": "packages/safe-js/dist/interp/globals/json-parse.js",
        "size": 8303,
        "mode": 420
      },
      {
        "path": "packages/safe-js/dist/interp/globals/math-sum-precise.d.ts",
        "size": 235,
        "mode": 420
      },
      {
        "path": "packages/safe-js/dist/interp/globals/math-sum-precise.js",
        "size": 3982,
        "mode": 420
      },
      {
        "path": "packages/safe-js/dist/interp/globals/math.d.ts",
        "size": 608,
        "mode": 420
      },
      {
        "path": "packages/safe-js/dist/interp/globals/math.js",
        "size": 5495,
        "mode": 420
      },
      {
        "path": "packages/safe-js/dist/interp/globals/misc.d.ts",
        "size": 496,
        "mode": 420
      },
      {
        "path": "packages/safe-js/dist/interp/globals/misc.js",
        "size": 1189,
        "mode": 420
      },
      {
        "path": "packages/safe-js/dist/interp/globals/numeric-parsers.d.ts",
        "size": 219,
        "mode": 420
      },
      {
        "path": "packages/safe-js/dist/interp/globals/numeric-parsers.js",
        "size": 1910,
        "mode": 420
      },
      {
        "path": "packages/safe-js/dist/interp/globals/numeric-typed-array.d.ts",
        "size": 1263,
        "mode": 420
      },
      {
        "path": "packages/safe-js/dist/interp/globals/numeric-typed-array.js",
        "size": 59102,
        "mode": 420
      },
      {
        "path": "packages/safe-js/dist/interp/globals/object-array.d.ts",
        "size": 1638,
        "mode": 420
      },
      {
        "path": "packages/safe-js/dist/interp/globals/object-array.js",
        "size": 63455,
        "mode": 420
      },
      {
        "path": "packages/safe-js/dist/interp/globals/object.d.ts",
        "size": 351,
        "mode": 420
      },
      {
        "path": "packages/safe-js/dist/interp/globals/object.js",
        "size": 15446,
        "mode": 420
      },
      {
        "path": "packages/safe-js/dist/interp/globals/primitives.d.ts",
        "size": 497,
        "mode": 420
      },
      {
        "path": "packages/safe-js/dist/interp/globals/primitives.js",
        "size": 5588,
        "mode": 420
      },
      {
        "path": "packages/safe-js/dist/interp/globals/proxy.d.ts",
        "size": 142,
        "mode": 420
      },
      {
        "path": "packages/safe-js/dist/interp/globals/proxy.js",
        "size": 1463,
        "mode": 420
      },
      {
        "path": "packages/safe-js/dist/interp/globals/reflect.d.ts",
        "size": 171,
        "mode": 420
      },
      {
        "path": "packages/safe-js/dist/interp/globals/reflect.js",
        "size": 7207,
        "mode": 420
      },
      {
        "path": "packages/safe-js/dist/interp/globals/regex.d.ts",
        "size": 337,
        "mode": 420
      },
      {
        "path": "packages/safe-js/dist/interp/globals/regex.js",
        "size": 16831,
        "mode": 420
      },
      {
        "path": "packages/safe-js/dist/interp/globals/set-operations.d.ts",
        "size": 344,
        "mode": 420
      },
      {
        "path": "packages/safe-js/dist/interp/globals/set-operations.js",
        "size": 6726,
        "mode": 420
      },
      {
        "path": "packages/safe-js/dist/interp/globals/shared-array-buffer.d.ts",
        "size": 183,
        "mode": 420
      },
      {
        "path": "packages/safe-js/dist/interp/globals/shared-array-buffer.js",
        "size": 9785,
        "mode": 420
      },
      {
        "path": "packages/safe-js/dist/interp/globals/structured-clone.d.ts",
        "size": 181,
        "mode": 420
      },
      {
        "path": "packages/safe-js/dist/interp/globals/structured-clone.js",
        "size": 9774,
        "mode": 420
      },
      {
        "path": "packages/safe-js/dist/interp/globals/symbol.d.ts",
        "size": 143,
        "mode": 420
      },
      {
        "path": "packages/safe-js/dist/interp/globals/symbol.js",
        "size": 4703,
        "mode": 420
      },
      {
        "path": "packages/safe-js/dist/interp/globals/temporal-calendar-identifier.d.ts",
        "size": 359,
        "mode": 420
      },
      {
        "path": "packages/safe-js/dist/interp/globals/temporal-calendar-identifier.js",
        "size": 2416,
        "mode": 420
      },
      {
        "path": "packages/safe-js/dist/interp/globals/temporal-difference-options.d.ts",
        "size": 280,
        "mode": 420
      },
      {
        "path": "packages/safe-js/dist/interp/globals/temporal-difference-options.js",
        "size": 2532,
        "mode": 420
      },
      {
        "path": "packages/safe-js/dist/interp/globals/temporal-duration-format.d.ts",
        "size": 351,
        "mode": 420
      },
      {
        "path": "packages/safe-js/dist/interp/globals/temporal-duration-format.js",
        "size": 2980,
        "mode": 420
      },
      {
        "path": "packages/safe-js/dist/interp/globals/temporal-duration-input.d.ts",
        "size": 500,
        "mode": 420
      },
      {
        "path": "packages/safe-js/dist/interp/globals/temporal-duration-input.js",
        "size": 1882,
        "mode": 420
      },
      {
        "path": "packages/safe-js/dist/interp/globals/temporal-duration-round.d.ts",
        "size": 401,
        "mode": 420
      },
      {
        "path": "packages/safe-js/dist/interp/globals/temporal-duration-round.js",
        "size": 3002,
        "mode": 420
      },
      {
        "path": "packages/safe-js/dist/interp/globals/temporal-duration-total.d.ts",
        "size": 350,
        "mode": 420
      },
      {
        "path": "packages/safe-js/dist/interp/globals/temporal-duration-total.js",
        "size": 4651,
        "mode": 420
      },
      {
        "path": "packages/safe-js/dist/interp/globals/temporal-duration.d.ts",
        "size": 187,
        "mode": 420
      },
      {
        "path": "packages/safe-js/dist/interp/globals/temporal-duration.js",
        "size": 11549,
        "mode": 420
      },
      {
        "path": "packages/safe-js/dist/interp/globals/temporal-instant-difference.d.ts",
        "size": 362,
        "mode": 420
      },
      {
        "path": "packages/safe-js/dist/interp/globals/temporal-instant-difference.js",
        "size": 703,
        "mode": 420
      },
      {
        "path": "packages/safe-js/dist/interp/globals/temporal-instant-format.d.ts",
        "size": 262,
        "mode": 420
      },
      {
        "path": "packages/safe-js/dist/interp/globals/temporal-instant-format.js",
        "size": 4300,
        "mode": 420
      },
      {
        "path": "packages/safe-js/dist/interp/globals/temporal-instant-round.d.ts",
        "size": 261,
        "mode": 420
      },
      {
        "path": "packages/safe-js/dist/interp/globals/temporal-instant-round.js",
        "size": 3190,
        "mode": 420
      },
      {
        "path": "packages/safe-js/dist/interp/globals/temporal-now.d.ts",
        "size": 396,
        "mode": 420
      },
      {
        "path": "packages/safe-js/dist/interp/globals/temporal-now.js",
        "size": 5408,
        "mode": 420
      },
      {
        "path": "packages/safe-js/dist/interp/globals/temporal-plain-date-input.d.ts",
        "size": 429,
        "mode": 420
      },
      {
        "path": "packages/safe-js/dist/interp/globals/temporal-plain-date-input.js",
        "size": 7055,
        "mode": 420
      },
      {
        "path": "packages/safe-js/dist/interp/globals/temporal-plain-date-time-arithmetic.d.ts",
        "size": 485,
        "mode": 420
      },
      {
        "path": "packages/safe-js/dist/interp/globals/temporal-plain-date-time-arithmetic.js",
        "size": 1907,
        "mode": 420
      },
      {
        "path": "packages/safe-js/dist/interp/globals/temporal-plain-date-time-input.d.ts",
        "size": 454,
        "mode": 420
      },
      {
        "path": "packages/safe-js/dist/interp/globals/temporal-plain-date-time-input.js",
        "size": 7747,
        "mode": 420
      },
      {
        "path": "packages/safe-js/dist/interp/globals/temporal-plain-date-time.d.ts",
        "size": 353,
        "mode": 420
      },
      {
        "path": "packages/safe-js/dist/interp/globals/temporal-plain-date-time.js",
        "size": 21328,
        "mode": 420
      },
      {
        "path": "packages/safe-js/dist/interp/globals/temporal-plain-date.d.ts",
        "size": 344,
        "mode": 420
      },
      {
        "path": "packages/safe-js/dist/interp/globals/temporal-plain-date.js",
        "size": 21495,
        "mode": 420
      },
      {
        "path": "packages/safe-js/dist/interp/globals/temporal-plain-month-day-input.d.ts",
        "size": 460,
        "mode": 420
      },
      {
        "path": "packages/safe-js/dist/interp/globals/temporal-plain-month-day-input.js",
        "size": 6795,
        "mode": 420
      },
      {
        "path": "packages/safe-js/dist/interp/globals/temporal-plain-month-day.d.ts",
        "size": 266,
        "mode": 420
      },
      {
        "path": "packages/safe-js/dist/interp/globals/temporal-plain-month-day.js",
        "size": 12565,
        "mode": 420
      },
      {
        "path": "packages/safe-js/dist/interp/globals/temporal-plain-time-format.d.ts",
        "size": 356,
        "mode": 420
      },
      {
        "path": "packages/safe-js/dist/interp/globals/temporal-plain-time-format.js",
        "size": 582,
        "mode": 420
      },
      {
        "path": "packages/safe-js/dist/interp/globals/temporal-plain-time-input.d.ts",
        "size": 397,
        "mode": 420
      },
      {
        "path": "packages/safe-js/dist/interp/globals/temporal-plain-time-input.js",
        "size": 4528,
        "mode": 420
      },
      {
        "path": "packages/safe-js/dist/interp/globals/temporal-plain-time-locale.d.ts",
        "size": 370,
        "mode": 420
      },
      {
        "path": "packages/safe-js/dist/interp/globals/temporal-plain-time-locale.js",
        "size": 2098,
        "mode": 420
      },
      {
        "path": "packages/safe-js/dist/interp/globals/temporal-plain-time-round.d.ts",
        "size": 409,
        "mode": 420
      },
      {
        "path": "packages/safe-js/dist/interp/globals/temporal-plain-time-round.js",
        "size": 878,
        "mode": 420
      },
      {
        "path": "packages/safe-js/dist/interp/globals/temporal-plain-time.d.ts",
        "size": 215,
        "mode": 420
      },
      {
        "path": "packages/safe-js/dist/interp/globals/temporal-plain-time.js",
        "size": 11435,
        "mode": 420
      },
      {
        "path": "packages/safe-js/dist/interp/globals/temporal-plain-year-month-input.d.ts",
        "size": 466,
        "mode": 420
      },
      {
        "path": "packages/safe-js/dist/interp/globals/temporal-plain-year-month-input.js",
        "size": 6754,
        "mode": 420
      },
      {
        "path": "packages/safe-js/dist/interp/globals/temporal-plain-year-month.d.ts",
        "size": 294,
        "mode": 420
      },
      {
        "path": "packages/safe-js/dist/interp/globals/temporal-plain-year-month.js",
        "size": 17341,
        "mode": 420
      },
      {
        "path": "packages/safe-js/dist/interp/globals/temporal-relative-to.d.ts",
        "size": 370,
        "mode": 420
      },
      {
        "path": "packages/safe-js/dist/interp/globals/temporal-relative-to.js",
        "size": 6013,
        "mode": 420
      },
      {
        "path": "packages/safe-js/dist/interp/globals/temporal-rounding-options.d.ts",
        "size": 412,
        "mode": 420
      },
      {
        "path": "packages/safe-js/dist/interp/globals/temporal-rounding-options.js",
        "size": 2344,
        "mode": 420
      },
      {
        "path": "packages/safe-js/dist/interp/globals/temporal-string-options.d.ts",
        "size": 326,
        "mode": 420
      },
      {
        "path": "packages/safe-js/dist/interp/globals/temporal-string-options.js",
        "size": 4442,
        "mode": 420
      },
      {
        "path": "packages/safe-js/dist/interp/globals/temporal-zoned-date-time-input.d.ts",
        "size": 460,
        "mode": 420
      },
      {
        "path": "packages/safe-js/dist/interp/globals/temporal-zoned-date-time-input.js",
        "size": 8170,
        "mode": 420
      },
      {
        "path": "packages/safe-js/dist/interp/globals/temporal-zoned-date-time.d.ts",
        "size": 368,
        "mode": 420
      },
      {
        "path": "packages/safe-js/dist/interp/globals/temporal-zoned-date-time.js",
        "size": 25854,
        "mode": 420
      },
      {
        "path": "packages/safe-js/dist/interp/globals/temporal.d.ts",
        "size": 252,
        "mode": 420
      },
      {
        "path": "packages/safe-js/dist/interp/globals/temporal.js",
        "size": 16371,
        "mode": 420
      },
      {
        "path": "packages/safe-js/dist/interp/globals/uint8-base64.d.ts",
        "size": 237,
        "mode": 420
      },
      {
        "path": "packages/safe-js/dist/interp/globals/uint8-base64.js",
        "size": 9421,
        "mode": 420
      },
      {
        "path": "packages/safe-js/dist/interp/globals/uint8-hex.d.ts",
        "size": 234,
        "mode": 420
      },
      {
        "path": "packages/safe-js/dist/interp/globals/uint8-hex.js",
        "size": 3573,
        "mode": 420
      },
      {
        "path": "packages/safe-js/dist/interp/globals/uri.d.ts",
        "size": 473,
        "mode": 420
      },
      {
        "path": "packages/safe-js/dist/interp/globals/uri.js",
        "size": 1046,
        "mode": 420
      },
      {
        "path": "packages/safe-js/dist/interp/globals/weak-collections.d.ts",
        "size": 228,
        "mode": 420
      },
      {
        "path": "packages/safe-js/dist/interp/globals/weak-collections.js",
        "size": 9724,
        "mode": 420
      },
      {
        "path": "packages/safe-js/dist/interp/globals/weak-ref.d.ts",
        "size": 173,
        "mode": 420
      },
      {
        "path": "packages/safe-js/dist/interp/globals/weak-ref.js",
        "size": 3313,
        "mode": 420
      },
      {
        "path": "packages/safe-js/dist/interp/guest-proxy-array.d.ts",
        "size": 178,
        "mode": 420
      },
      {
        "path": "packages/safe-js/dist/interp/guest-proxy-array.js",
        "size": 339,
        "mode": 420
      },
      {
        "path": "packages/safe-js/dist/interp/guest-proxy-call.d.ts",
        "size": 308,
        "mode": 420
      },
      {
        "path": "packages/safe-js/dist/interp/guest-proxy-call.js",
        "size": 1202,
        "mode": 420
      },
      {
        "path": "packages/safe-js/dist/interp/guest-proxy-construct.d.ts",
        "size": 336,
        "mode": 420
      },
      {
        "path": "packages/safe-js/dist/interp/guest-proxy-construct.js",
        "size": 1488,
        "mode": 420
      },
      {
        "path": "packages/safe-js/dist/interp/guest-proxy-define.d.ts",
        "size": 277,
        "mode": 420
      },
      {
        "path": "packages/safe-js/dist/interp/guest-proxy-define.js",
        "size": 2840,
        "mode": 420
      },
      {
        "path": "packages/safe-js/dist/interp/guest-proxy-delete.d.ts",
        "size": 272,
        "mode": 420
      },
      {
        "path": "packages/safe-js/dist/interp/guest-proxy-delete.js",
        "size": 1331,
        "mode": 420
      },
      {
        "path": "packages/safe-js/dist/interp/guest-proxy-descriptor.d.ts",
        "size": 328,
        "mode": 420
      },
      {
        "path": "packages/safe-js/dist/interp/guest-proxy-descriptor.js",
        "size": 3123,
        "mode": 420
      },
      {
        "path": "packages/safe-js/dist/interp/guest-proxy-extensibility.d.ts",
        "size": 397,
        "mode": 420
      },
      {
        "path": "packages/safe-js/dist/interp/guest-proxy-extensibility.js",
        "size": 2212,
        "mode": 420
      },
      {
        "path": "packages/safe-js/dist/interp/guest-proxy-get.d.ts",
        "size": 303,
        "mode": 420
      },
      {
        "path": "packages/safe-js/dist/interp/guest-proxy-get.js",
        "size": 2581,
        "mode": 420
      },
      {
        "path": "packages/safe-js/dist/interp/guest-proxy-has.d.ts",
        "size": 269,
        "mode": 420
      },
      {
        "path": "packages/safe-js/dist/interp/guest-proxy-has.js",
        "size": 2263,
        "mode": 420
      },
      {
        "path": "packages/safe-js/dist/interp/guest-proxy-integrity.d.ts",
        "size": 440,
        "mode": 420
      },
      {
        "path": "packages/safe-js/dist/interp/guest-proxy-integrity.js",
        "size": 2093,
        "mode": 420
      },
      {
        "path": "packages/safe-js/dist/interp/guest-proxy-own-keys.d.ts",
        "size": 282,
        "mode": 420
      },
      {
        "path": "packages/safe-js/dist/interp/guest-proxy-own-keys.js",
        "size": 3238,
        "mode": 420
      },
      {
        "path": "packages/safe-js/dist/interp/guest-proxy-prototype.d.ts",
        "size": 431,
        "mode": 420
      },
      {
        "path": "packages/safe-js/dist/interp/guest-proxy-prototype.js",
        "size": 2469,
        "mode": 420
      },
      {
        "path": "packages/safe-js/dist/interp/guest-proxy-set.d.ts",
        "size": 305,
        "mode": 420
      },
      {
        "path": "packages/safe-js/dist/interp/guest-proxy-set.js",
        "size": 4173,
        "mode": 420
      },
      {
        "path": "packages/safe-js/dist/interp/guest-proxy.d.ts",
        "size": 1355,
        "mode": 420
      },
      {
        "path": "packages/safe-js/dist/interp/guest-proxy.js",
        "size": 3230,
        "mode": 420
      },
      {
        "path": "packages/safe-js/dist/interp/host-bridge.d.ts",
        "size": 2554,
        "mode": 420
      },
      {
        "path": "packages/safe-js/dist/interp/host-bridge.js",
        "size": 62022,
        "mode": 420
      },
      {
        "path": "packages/safe-js/dist/interp/host-call.d.ts",
        "size": 7377,
        "mode": 420
      },
      {
        "path": "packages/safe-js/dist/interp/host-call.js",
        "size": 65054,
        "mode": 420
      },
      {
        "path": "packages/safe-js/dist/interp/host-callback-context.d.ts",
        "size": 164,
        "mode": 420
      },
      {
        "path": "packages/safe-js/dist/interp/host-callback-context.js",
        "size": 11,
        "mode": 420
      },
      {
        "path": "packages/safe-js/dist/interp/host-capabilities.d.ts",
        "size": 3687,
        "mode": 420
      },
      {
        "path": "packages/safe-js/dist/interp/host-capabilities.js",
        "size": 17645,
        "mode": 420
      },
      {
        "path": "packages/safe-js/dist/interp/host-function-metadata.d.ts",
        "size": 101,
        "mode": 420
      },
      {
        "path": "packages/safe-js/dist/interp/host-function-metadata.js",
        "size": 195,
        "mode": 420
      },
      {
        "path": "packages/safe-js/dist/interp/instanceof.d.ts",
        "size": 430,
        "mode": 420
      },
      {
        "path": "packages/safe-js/dist/interp/instanceof.js",
        "size": 3725,
        "mode": 420
      },
      {
        "path": "packages/safe-js/dist/interp/internal-symbols.d.ts",
        "size": 51,
        "mode": 420
      },
      {
        "path": "packages/safe-js/dist/interp/internal-symbols.js",
        "size": 42,
        "mode": 420
      },
      {
        "path": "packages/safe-js/dist/interp/interpreter.d.ts",
        "size": 3453,
        "mode": 420
      },
      {
        "path": "packages/safe-js/dist/interp/interpreter.js",
        "size": 197604,
        "mode": 420
      },
      {
        "path": "packages/safe-js/dist/interp/intl-collator.d.ts",
        "size": 1090,
        "mode": 420
      },
      {
        "path": "packages/safe-js/dist/interp/intl-collator.js",
        "size": 2147,
        "mode": 420
      },
      {
        "path": "packages/safe-js/dist/interp/intl-datetimeformat.d.ts",
        "size": 1202,
        "mode": 420
      },
      {
        "path": "packages/safe-js/dist/interp/intl-datetimeformat.js",
        "size": 6771,
        "mode": 420
      },
      {
        "path": "packages/safe-js/dist/interp/intl-digit-options.d.ts",
        "size": 356,
        "mode": 420
      },
      {
        "path": "packages/safe-js/dist/interp/intl-digit-options.js",
        "size": 4427,
        "mode": 420
      },
      {
        "path": "packages/safe-js/dist/interp/intl-displaynames.d.ts",
        "size": 762,
        "mode": 420
      },
      {
        "path": "packages/safe-js/dist/interp/intl-displaynames.js",
        "size": 900,
        "mode": 420
      },
      {
        "path": "packages/safe-js/dist/interp/intl-duration-locale.d.ts",
        "size": 230,
        "mode": 420
      },
      {
        "path": "packages/safe-js/dist/interp/intl-duration-locale.js",
        "size": 1210,
        "mode": 420
      },
      {
        "path": "packages/safe-js/dist/interp/intl-duration-options.d.ts",
        "size": 690,
        "mode": 420
      },
      {
        "path": "packages/safe-js/dist/interp/intl-duration-options.js",
        "size": 4509,
        "mode": 420
      },
      {
        "path": "packages/safe-js/dist/interp/intl-duration-parts.d.ts",
        "size": 554,
        "mode": 420
      },
      {
        "path": "packages/safe-js/dist/interp/intl-duration-parts.js",
        "size": 3780,
        "mode": 420
      },
      {
        "path": "packages/safe-js/dist/interp/intl-duration-record.d.ts",
        "size": 451,
        "mode": 420
      },
      {
        "path": "packages/safe-js/dist/interp/intl-duration-record.js",
        "size": 2648,
        "mode": 420
      },
      {
        "path": "packages/safe-js/dist/interp/intl-durationformat.d.ts",
        "size": 605,
        "mode": 420
      },
      {
        "path": "packages/safe-js/dist/interp/intl-durationformat.js",
        "size": 896,
        "mode": 420
      },
      {
        "path": "packages/safe-js/dist/interp/intl-iso-month.d.ts",
        "size": 710,
        "mode": 420
      },
      {
        "path": "packages/safe-js/dist/interp/intl-iso-month.js",
        "size": 1550,
        "mode": 420
      },
      {
        "path": "packages/safe-js/dist/interp/intl-listformat.d.ts",
        "size": 691,
        "mode": 420
      },
      {
        "path": "packages/safe-js/dist/interp/intl-listformat.js",
        "size": 988,
        "mode": 420
      },
      {
        "path": "packages/safe-js/dist/interp/intl-locale.d.ts",
        "size": 647,
        "mode": 420
      },
      {
        "path": "packages/safe-js/dist/interp/intl-locale.js",
        "size": 6222,
        "mode": 420
      },
      {
        "path": "packages/safe-js/dist/interp/intl-numberformat.d.ts",
        "size": 1016,
        "mode": 420
      },
      {
        "path": "packages/safe-js/dist/interp/intl-numberformat.js",
        "size": 1427,
        "mode": 420
      },
      {
        "path": "packages/safe-js/dist/interp/intl-offset-zone.d.ts",
        "size": 87,
        "mode": 420
      },
      {
        "path": "packages/safe-js/dist/interp/intl-offset-zone.js",
        "size": 938,
        "mode": 420
      },
      {
        "path": "packages/safe-js/dist/interp/intl-options.d.ts",
        "size": 789,
        "mode": 420
      },
      {
        "path": "packages/safe-js/dist/interp/intl-options.js",
        "size": 3581,
        "mode": 420
      },
      {
        "path": "packages/safe-js/dist/interp/intl-pluralrules.d.ts",
        "size": 604,
        "mode": 420
      },
      {
        "path": "packages/safe-js/dist/interp/intl-pluralrules.js",
        "size": 1829,
        "mode": 420
      },
      {
        "path": "packages/safe-js/dist/interp/intl-relativetimeformat.d.ts",
        "size": 796,
        "mode": 420
      },
      {
        "path": "packages/safe-js/dist/interp/intl-relativetimeformat.js",
        "size": 1110,
        "mode": 420
      },
      {
        "path": "packages/safe-js/dist/interp/intl-segmenter.d.ts",
        "size": 1257,
        "mode": 420
      },
      {
        "path": "packages/safe-js/dist/interp/intl-segmenter.js",
        "size": 2950,
        "mode": 420
      },
      {
        "path": "packages/safe-js/dist/interp/intrinsic-data-roots.d.ts",
        "size": 133,
        "mode": 420
      },
      {
        "path": "packages/safe-js/dist/interp/intrinsic-data-roots.js",
        "size": 180,
        "mode": 420
      },
      {
        "path": "packages/safe-js/dist/interp/intrinsics.d.ts",
        "size": 915,
        "mode": 420
      },
      {
        "path": "packages/safe-js/dist/interp/intrinsics.js",
        "size": 4715,
        "mode": 420
      },
      {
        "path": "packages/safe-js/dist/interp/iteration.d.ts",
        "size": 3034,
        "mode": 420
      },
      {
        "path": "packages/safe-js/dist/interp/iteration.js",
        "size": 28236,
        "mode": 420
      },
      {
        "path": "packages/safe-js/dist/interp/iterator-helper.d.ts",
        "size": 864,
        "mode": 420
      },
      {
        "path": "packages/safe-js/dist/interp/iterator-helper.js",
        "size": 51,
        "mode": 420
      },
      {
        "path": "packages/safe-js/dist/interp/iterator-result.d.ts",
        "size": 240,
        "mode": 420
      },
      {
        "path": "packages/safe-js/dist/interp/iterator-result.js",
        "size": 338,
        "mode": 420
      },
      {
        "path": "packages/safe-js/dist/interp/iterator-wrapper.d.ts",
        "size": 224,
        "mode": 420
      },
      {
        "path": "packages/safe-js/dist/interp/iterator-wrapper.js",
        "size": 52,
        "mode": 420
      },
      {
        "path": "packages/safe-js/dist/interp/jobs.d.ts",
        "size": 1865,
        "mode": 420
      },
      {
        "path": "packages/safe-js/dist/interp/jobs.js",
        "size": 10008,
        "mode": 420
      },
      {
        "path": "packages/safe-js/dist/interp/legacy-block-functions.d.ts",
        "size": 440,
        "mode": 420
      },
      {
        "path": "packages/safe-js/dist/interp/legacy-block-functions.js",
        "size": 4964,
        "mode": 420
      },
      {
        "path": "packages/safe-js/dist/interp/methods/array-iterator.d.ts",
        "size": 247,
        "mode": 420
      },
      {
        "path": "packages/safe-js/dist/interp/methods/array-iterator.js",
        "size": 2396,
        "mode": 420
      },
      {
        "path": "packages/safe-js/dist/interp/methods/array.d.ts",
        "size": 1845,
        "mode": 420
      },
      {
        "path": "packages/safe-js/dist/interp/methods/array.js",
        "size": 50621,
        "mode": 420
      },
      {
        "path": "packages/safe-js/dist/interp/methods/collection-callback.d.ts",
        "size": 412,
        "mode": 420
      },
      {
        "path": "packages/safe-js/dist/interp/methods/collection-callback.js",
        "size": 2290,
        "mode": 420
      },
      {
        "path": "packages/safe-js/dist/interp/methods/collection-iterator.d.ts",
        "size": 315,
        "mode": 420
      },
      {
        "path": "packages/safe-js/dist/interp/methods/collection-iterator.js",
        "size": 916,
        "mode": 420
      },
      {
        "path": "packages/safe-js/dist/interp/methods/function.d.ts",
        "size": 926,
        "mode": 420
      },
      {
        "path": "packages/safe-js/dist/interp/methods/function.js",
        "size": 7807,
        "mode": 420
      },
      {
        "path": "packages/safe-js/dist/interp/methods/generator.d.ts",
        "size": 576,
        "mode": 420
      },
      {
        "path": "packages/safe-js/dist/interp/methods/generator.js",
        "size": 1442,
        "mode": 420
      },
      {
        "path": "packages/safe-js/dist/interp/methods/map.d.ts",
        "size": 974,
        "mode": 420
      },
      {
        "path": "packages/safe-js/dist/interp/methods/map.js",
        "size": 4736,
        "mode": 420
      },
      {
        "path": "packages/safe-js/dist/interp/methods/number.d.ts",
        "size": 692,
        "mode": 420
      },
      {
        "path": "packages/safe-js/dist/interp/methods/number.js",
        "size": 2519,
        "mode": 420
      },
      {
        "path": "packages/safe-js/dist/interp/methods/regex-split.d.ts",
        "size": 340,
        "mode": 420
      },
      {
        "path": "packages/safe-js/dist/interp/methods/regex-split.js",
        "size": 4777,
        "mode": 420
      },
      {
        "path": "packages/safe-js/dist/interp/methods/regex.d.ts",
        "size": 1575,
        "mode": 420
      },
      {
        "path": "packages/safe-js/dist/interp/methods/regex.js",
        "size": 11070,
        "mode": 420
      },
      {
        "path": "packages/safe-js/dist/interp/methods/regexp-iterator.d.ts",
        "size": 622,
        "mode": 420
      },
      {
        "path": "packages/safe-js/dist/interp/methods/regexp-iterator.js",
        "size": 4774,
        "mode": 420
      },
      {
        "path": "packages/safe-js/dist/interp/methods/set.d.ts",
        "size": 926,
        "mode": 420
      },
      {
        "path": "packages/safe-js/dist/interp/methods/set.js",
        "size": 3132,
        "mode": 420
      },
      {
        "path": "packages/safe-js/dist/interp/methods/string-html.d.ts",
        "size": 914,
        "mode": 420
      },
      {
        "path": "packages/safe-js/dist/interp/methods/string-html.js",
        "size": 1022,
        "mode": 420
      },
      {
        "path": "packages/safe-js/dist/interp/methods/string-locale.d.ts",
        "size": 476,
        "mode": 420
      },
      {
        "path": "packages/safe-js/dist/interp/methods/string-locale.js",
        "size": 2113,
        "mode": 420
      },
      {
        "path": "packages/safe-js/dist/interp/methods/string-padding.d.ts",
        "size": 297,
        "mode": 420
      },
      {
        "path": "packages/safe-js/dist/interp/methods/string-padding.js",
        "size": 705,
        "mode": 420
      },
      {
        "path": "packages/safe-js/dist/interp/methods/string-range.d.ts",
        "size": 306,
        "mode": 420
      },
      {
        "path": "packages/safe-js/dist/interp/methods/string-range.js",
        "size": 557,
        "mode": 420
      },
      {
        "path": "packages/safe-js/dist/interp/methods/string-search.d.ts",
        "size": 356,
        "mode": 420
      },
      {
        "path": "packages/safe-js/dist/interp/methods/string-search.js",
        "size": 1357,
        "mode": 420
      },
      {
        "path": "packages/safe-js/dist/interp/methods/string.d.ts",
        "size": 3400,
        "mode": 420
      },
      {
        "path": "packages/safe-js/dist/interp/methods/string.js",
        "size": 40558,
        "mode": 420
      },
      {
        "path": "packages/safe-js/dist/interp/module-function-origin.d.ts",
        "size": 231,
        "mode": 420
      },
      {
        "path": "packages/safe-js/dist/interp/module-function-origin.js",
        "size": 52,
        "mode": 420
      },
      {
        "path": "packages/safe-js/dist/interp/module-namespace.d.ts",
        "size": 487,
        "mode": 420
      },
      {
        "path": "packages/safe-js/dist/interp/module-namespace.js",
        "size": 2253,
        "mode": 420
      },
      {
        "path": "packages/safe-js/dist/interp/native-collections.d.ts",
        "size": 306,
        "mode": 420
      },
      {
        "path": "packages/safe-js/dist/interp/native-collections.js",
        "size": 887,
        "mode": 420
      },
      {
        "path": "packages/safe-js/dist/interp/native-constructor-name.d.ts",
        "size": 82,
        "mode": 420
      },
      {
        "path": "packages/safe-js/dist/interp/native-constructor-name.js",
        "size": 787,
        "mode": 420
      },
      {
        "path": "packages/safe-js/dist/interp/native-promise-properties.d.ts",
        "size": 669,
        "mode": 420
      },
      {
        "path": "packages/safe-js/dist/interp/native-promise-properties.js",
        "size": 2117,
        "mode": 420
      },
      {
        "path": "packages/safe-js/dist/interp/native-regexp.d.ts",
        "size": 101,
        "mode": 420
      },
      {
        "path": "packages/safe-js/dist/interp/native-regexp.js",
        "size": 504,
        "mode": 420
      },
      {
        "path": "packages/safe-js/dist/interp/number-locale.d.ts",
        "size": 466,
        "mode": 420
      },
      {
        "path": "packages/safe-js/dist/interp/number-locale.js",
        "size": 4570,
        "mode": 420
      },
      {
        "path": "packages/safe-js/dist/interp/numberformat-backend.d.ts",
        "size": 576,
        "mode": 420
      },
      {
        "path": "packages/safe-js/dist/interp/numberformat-backend.js",
        "size": 1229,
        "mode": 420
      },
      {
        "path": "packages/safe-js/dist/interp/numberformat-numbering.d.ts",
        "size": 453,
        "mode": 420
      },
      {
        "path": "packages/safe-js/dist/interp/numberformat-numbering.js",
        "size": 8277,
        "mode": 420
      },
      {
        "path": "packages/safe-js/dist/interp/numberformat-pluralrules.d.ts",
        "size": 374,
        "mode": 420
      },
      {
        "path": "packages/safe-js/dist/interp/numberformat-pluralrules.js",
        "size": 945,
        "mode": 420
      },
      {
        "path": "packages/safe-js/dist/interp/numberformat-portable.d.ts",
        "size": 723,
        "mode": 420
      },
      {
        "path": "packages/safe-js/dist/interp/numberformat-portable.js",
        "size": 4898,
        "mode": 420
      },
      {
        "path": "packages/safe-js/dist/interp/object-model.d.ts",
        "size": 3979,
        "mode": 420
      },
      {
        "path": "packages/safe-js/dist/interp/object-model.js",
        "size": 35004,
        "mode": 420
      },
      {
        "path": "packages/safe-js/dist/interp/owned-finalization-registry.d.ts",
        "size": 544,
        "mode": 420
      },
      {
        "path": "packages/safe-js/dist/interp/owned-finalization-registry.js",
        "size": 2674,
        "mode": 420
      },
      {
        "path": "packages/safe-js/dist/interp/patterns.d.ts",
        "size": 2195,
        "mode": 420
      },
      {
        "path": "packages/safe-js/dist/interp/patterns.js",
        "size": 20060,
        "mode": 420
      },
      {
        "path": "packages/safe-js/dist/interp/private-state.d.ts",
        "size": 662,
        "mode": 420
      },
      {
        "path": "packages/safe-js/dist/interp/private-state.js",
        "size": 792,
        "mode": 420
      },
      {
        "path": "packages/safe-js/dist/interp/promise-continuations.d.ts",
        "size": 3272,
        "mode": 420
      },
      {
        "path": "packages/safe-js/dist/interp/promise-continuations.js",
        "size": 2878,
        "mode": 420
      },
      {
        "path": "packages/safe-js/dist/interp/promise-replay.d.ts",
        "size": 2609,
        "mode": 420
      },
      {
        "path": "packages/safe-js/dist/interp/promise-replay.js",
        "size": 20358,
        "mode": 420
      },
      {
        "path": "packages/safe-js/dist/interp/promise-resolvers.d.ts",
        "size": 292,
        "mode": 420
      },
      {
        "path": "packages/safe-js/dist/interp/promise-resolvers.js",
        "size": 109,
        "mode": 420
      },
      {
        "path": "packages/safe-js/dist/interp/promise-state.d.ts",
        "size": 645,
        "mode": 420
      },
      {
        "path": "packages/safe-js/dist/interp/promise-state.js",
        "size": 209,
        "mode": 420
      },
      {
        "path": "packages/safe-js/dist/interp/promise-tracker.d.ts",
        "size": 1890,
        "mode": 420
      },
      {
        "path": "packages/safe-js/dist/interp/promise-tracker.js",
        "size": 4267,
        "mode": 420
      },
      {
        "path": "packages/safe-js/dist/interp/promise.d.ts",
        "size": 3411,
        "mode": 420
      },
      {
        "path": "packages/safe-js/dist/interp/promise.js",
        "size": 56080,
        "mode": 420
      },
      {
        "path": "packages/safe-js/dist/interp/property-key.d.ts",
        "size": 334,
        "mode": 420
      },
      {
        "path": "packages/safe-js/dist/interp/property-key.js",
        "size": 764,
        "mode": 420
      },
      {
        "path": "packages/safe-js/dist/interp/raw-json.d.ts",
        "size": 185,
        "mode": 420
      },
      {
        "path": "packages/safe-js/dist/interp/raw-json.js",
        "size": 703,
        "mode": 420
      },
      {
        "path": "packages/safe-js/dist/interp/regex/compile-guard.d.ts",
        "size": 1196,
        "mode": 420
      },
      {
        "path": "packages/safe-js/dist/interp/regex/compile-guard.js",
        "size": 7022,
        "mode": 420
      },
      {
        "path": "packages/safe-js/dist/interp/regex/engine.d.ts",
        "size": 795,
        "mode": 420
      },
      {
        "path": "packages/safe-js/dist/interp/regex/engine.js",
        "size": 19282,
        "mode": 420
      },
      {
        "path": "packages/safe-js/dist/interp/regex/parse.d.ts",
        "size": 2168,
        "mode": 420
      },
      {
        "path": "packages/safe-js/dist/interp/regex/parse.js",
        "size": 32846,
        "mode": 420
      },
      {
        "path": "packages/safe-js/dist/interp/regexp-iterator.d.ts",
        "size": 843,
        "mode": 420
      },
      {
        "path": "packages/safe-js/dist/interp/regexp-iterator.js",
        "size": 1466,
        "mode": 420
      },
      {
        "path": "packages/safe-js/dist/interp/regexp-properties.d.ts",
        "size": 219,
        "mode": 420
      },
      {
        "path": "packages/safe-js/dist/interp/regexp-properties.js",
        "size": 274,
        "mode": 420
      },
      {
        "path": "packages/safe-js/dist/interp/resource-management.d.ts",
        "size": 1492,
        "mode": 420
      },
      {
        "path": "packages/safe-js/dist/interp/resource-management.js",
        "size": 7861,
        "mode": 420
      },
      {
        "path": "packages/safe-js/dist/interp/resources.d.ts",
        "size": 686,
        "mode": 420
      },
      {
        "path": "packages/safe-js/dist/interp/resources.js",
        "size": 1971,
        "mode": 420
      },
      {
        "path": "packages/safe-js/dist/interp/resume-target.d.ts",
        "size": 186,
        "mode": 420
      },
      {
        "path": "packages/safe-js/dist/interp/resume-target.js",
        "size": 1060,
        "mode": 420
      },
      {
        "path": "packages/safe-js/dist/interp/running-state.d.ts",
        "size": 363,
        "mode": 420
      },
      {
        "path": "packages/safe-js/dist/interp/running-state.js",
        "size": 1219,
        "mode": 420
      },
      {
        "path": "packages/safe-js/dist/interp/scope-data-roots.d.ts",
        "size": 211,
        "mode": 420
      },
      {
        "path": "packages/safe-js/dist/interp/scope-data-roots.js",
        "size": 122,
        "mode": 420
      },
      {
        "path": "packages/safe-js/dist/interp/scope.d.ts",
        "size": 5196,
        "mode": 420
      },
      {
        "path": "packages/safe-js/dist/interp/scope.js",
        "size": 28664,
        "mode": 420
      },
      {
        "path": "packages/safe-js/dist/interp/shared-array-buffer.d.ts",
        "size": 947,
        "mode": 420
      },
      {
        "path": "packages/safe-js/dist/interp/shared-array-buffer.js",
        "size": 3365,
        "mode": 420
      },
      {
        "path": "packages/safe-js/dist/interp/shared-host-storage.d.ts",
        "size": 305,
        "mode": 420
      },
      {
        "path": "packages/safe-js/dist/interp/shared-host-storage.js",
        "size": 1717,
        "mode": 420
      },
      {
        "path": "packages/safe-js/dist/interp/statement-completion.d.ts",
        "size": 483,
        "mode": 420
      },
      {
        "path": "packages/safe-js/dist/interp/statement-completion.js",
        "size": 849,
        "mode": 420
      },
      {
        "path": "packages/safe-js/dist/interp/string-coercion.d.ts",
        "size": 881,
        "mode": 420
      },
      {
        "path": "packages/safe-js/dist/interp/string-coercion.js",
        "size": 10263,
        "mode": 420
      },
      {
        "path": "packages/safe-js/dist/interp/string-iterator.d.ts",
        "size": 845,
        "mode": 420
      },
      {
        "path": "packages/safe-js/dist/interp/string-iterator.js",
        "size": 1790,
        "mode": 420
      },
      {
        "path": "packages/safe-js/dist/interp/symbol-registry.d.ts",
        "size": 264,
        "mode": 420
      },
      {
        "path": "packages/safe-js/dist/interp/symbol-registry.js",
        "size": 182,
        "mode": 420
      },
      {
        "path": "packages/safe-js/dist/interp/symbols.d.ts",
        "size": 73,
        "mode": 420
      },
      {
        "path": "packages/safe-js/dist/interp/symbols.js",
        "size": 625,
        "mode": 420
      },
      {
        "path": "packages/safe-js/dist/interp/template-cache.d.ts",
        "size": 304,
        "mode": 420
      },
      {
        "path": "packages/safe-js/dist/interp/template-cache.js",
        "size": 258,
        "mode": 420
      },
      {
        "path": "packages/safe-js/dist/interp/template-objects.d.ts",
        "size": 657,
        "mode": 420
      },
      {
        "path": "packages/safe-js/dist/interp/template-objects.js",
        "size": 2608,
        "mode": 420
      },
      {
        "path": "packages/safe-js/dist/interp/temporal-duration.d.ts",
        "size": 1002,
        "mode": 420
      },
      {
        "path": "packages/safe-js/dist/interp/temporal-duration.js",
        "size": 4190,
        "mode": 420
      },
      {
        "path": "packages/safe-js/dist/interp/temporal-instant.d.ts",
        "size": 646,
        "mode": 420
      },
      {
        "path": "packages/safe-js/dist/interp/temporal-instant.js",
        "size": 2373,
        "mode": 420
      },
      {
        "path": "packages/safe-js/dist/interp/temporal-offset-validation.d.ts",
        "size": 170,
        "mode": 420
      },
      {
        "path": "packages/safe-js/dist/interp/temporal-offset-validation.js",
        "size": 3035,
        "mode": 420
      },
      {
        "path": "packages/safe-js/dist/interp/temporal-plain-date-time.d.ts",
        "size": 1218,
        "mode": 420
      },
      {
        "path": "packages/safe-js/dist/interp/temporal-plain-date-time.js",
        "size": 4482,
        "mode": 420
      },
      {
        "path": "packages/safe-js/dist/interp/temporal-plain-date.d.ts",
        "size": 1037,
        "mode": 420
      },
      {
        "path": "packages/safe-js/dist/interp/temporal-plain-date.js",
        "size": 3912,
        "mode": 420
      },
      {
        "path": "packages/safe-js/dist/interp/temporal-plain-month-day.d.ts",
        "size": 1005,
        "mode": 420
      },
      {
        "path": "packages/safe-js/dist/interp/temporal-plain-month-day.js",
        "size": 3867,
        "mode": 420
      },
      {
        "path": "packages/safe-js/dist/interp/temporal-plain-time.d.ts",
        "size": 1174,
        "mode": 420
      },
      {
        "path": "packages/safe-js/dist/interp/temporal-plain-time.js",
        "size": 3390,
        "mode": 420
      },
      {
        "path": "packages/safe-js/dist/interp/temporal-plain-year-month.d.ts",
        "size": 1022,
        "mode": 420
      },
      {
        "path": "packages/safe-js/dist/interp/temporal-plain-year-month.js",
        "size": 4181,
        "mode": 420
      },
      {
        "path": "packages/safe-js/dist/interp/temporal-time-zone-string.d.ts",
        "size": 152,
        "mode": 420
      },
      {
        "path": "packages/safe-js/dist/interp/temporal-time-zone-string.js",
        "size": 7581,
        "mode": 420
      },
      {
        "path": "packages/safe-js/dist/interp/temporal-zoned-date-time.d.ts",
        "size": 990,
        "mode": 420
      },
      {
        "path": "packages/safe-js/dist/interp/temporal-zoned-date-time.js",
        "size": 4042,
        "mode": 420
      },
      {
        "path": "packages/safe-js/dist/interp/time-duration-total.d.ts",
        "size": 409,
        "mode": 420
      },
      {
        "path": "packages/safe-js/dist/interp/time-duration-total.js",
        "size": 1518,
        "mode": 420
      },
      {
        "path": "packages/safe-js/dist/interp/typed-array-constructors.d.ts",
        "size": 979,
        "mode": 420
      },
      {
        "path": "packages/safe-js/dist/interp/typed-array-constructors.js",
        "size": 277,
        "mode": 420
      },
      {
        "path": "packages/safe-js/dist/interp/typed-array-prototypes.d.ts",
        "size": 273,
        "mode": 420
      },
      {
        "path": "packages/safe-js/dist/interp/typed-array-prototypes.js",
        "size": 51,
        "mode": 420
      },
      {
        "path": "packages/safe-js/dist/interp/typed-array.d.ts",
        "size": 1712,
        "mode": 420
      },
      {
        "path": "packages/safe-js/dist/interp/typed-array.js",
        "size": 5999,
        "mode": 420
      },
      {
        "path": "packages/safe-js/dist/interp/values.d.ts",
        "size": 10271,
        "mode": 420
      },
      {
        "path": "packages/safe-js/dist/interp/values.js",
        "size": 114100,
        "mode": 420
      },
      {
        "path": "packages/safe-js/dist/interp/var-hoist.d.ts",
        "size": 210,
        "mode": 420
      },
      {
        "path": "packages/safe-js/dist/interp/var-hoist.js",
        "size": 431,
        "mode": 420
      },
      {
        "path": "packages/safe-js/dist/interp/weak-collection.d.ts",
        "size": 999,
        "mode": 420
      },
      {
        "path": "packages/safe-js/dist/interp/weak-collection.js",
        "size": 2374,
        "mode": 420
      },
      {
        "path": "packages/safe-js/dist/interp/weak-reference.d.ts",
        "size": 518,
        "mode": 420
      },
      {
        "path": "packages/safe-js/dist/interp/weak-reference.js",
        "size": 1286,
        "mode": 420
      },
      {
        "path": "packages/safe-js/dist/intl-data/dist/numberformat-engine.d.ts",
        "size": 60,
        "mode": 420
      },
      {
        "path": "packages/safe-js/dist/intl-data/dist/numberformat-engine.js",
        "size": 72779,
        "mode": 420
      },
      {
        "path": "packages/safe-js/dist/intl-data/dist/numberformat.d.ts",
        "size": 182,
        "mode": 420
      },
      {
        "path": "packages/safe-js/dist/intl-data/dist/numberformat.js",
        "size": 5153552,
        "mode": 420
      },
      {
        "path": "packages/safe-js/dist/intl-data/dist/pluralrules-engine.d.ts",
        "size": 58,
        "mode": 420
      },
      {
        "path": "packages/safe-js/dist/intl-data/dist/pluralrules-engine.js",
        "size": 40233,
        "mode": 420
      },
      {
        "path": "packages/safe-js/dist/intl-data/dist/pluralrules.d.ts",
        "size": 179,
        "mode": 420
      },
      {
        "path": "packages/safe-js/dist/intl-data/dist/pluralrules.js",
        "size": 136232,
        "mode": 420
      },
      {
        "path": "packages/safe-js/dist/lint.d.ts",
        "size": 105,
        "mode": 420
      },
      {
        "path": "packages/safe-js/dist/lint.js",
        "size": 40,
        "mode": 420
      },
      {
        "path": "packages/safe-js/dist/lint/class-elements.d.ts",
        "size": 498,
        "mode": 420
      },
      {
        "path": "packages/safe-js/dist/lint/class-elements.js",
        "size": 870,
        "mode": 420
      },
      {
        "path": "packages/safe-js/dist/lint/index.d.ts",
        "size": 1140,
        "mode": 420
      },
      {
        "path": "packages/safe-js/dist/lint/index.js",
        "size": 14981,
        "mode": 420
      },
      {
        "path": "packages/safe-js/dist/lint/rules/AS-async-not-needed.d.ts",
        "size": 671,
        "mode": 420
      },
      {
        "path": "packages/safe-js/dist/lint/rules/AS-async-not-needed.js",
        "size": 23493,
        "mode": 420
      },
      {
        "path": "packages/safe-js/dist/lint/rules/AS-destructure-null-default.d.ts",
        "size": 395,
        "mode": 420
      },
      {
        "path": "packages/safe-js/dist/lint/rules/AS-destructure-null-default.js",
        "size": 15634,
        "mode": 420
      },
      {
        "path": "packages/safe-js/dist/lint/rules/AS-export-import-meta.d.ts",
        "size": 782,
        "mode": 420
      },
      {
        "path": "packages/safe-js/dist/lint/rules/AS-export-import-meta.js",
        "size": 15182,
        "mode": 420
      },
      {
        "path": "packages/safe-js/dist/lint/rules/AS-floating-promise.d.ts",
        "size": 437,
        "mode": 420
      },
      {
        "path": "packages/safe-js/dist/lint/rules/AS-floating-promise.js",
        "size": 23414,
        "mode": 420
      },
      {
        "path": "packages/safe-js/dist/lint/rules/AS-frontmatter-field-unused.d.ts",
        "size": 417,
        "mode": 420
      },
      {
        "path": "packages/safe-js/dist/lint/rules/AS-frontmatter-field-unused.js",
        "size": 14722,
        "mode": 420
      },
      {
        "path": "packages/safe-js/dist/lint/rules/AS-import-cycle.d.ts",
        "size": 427,
        "mode": 420
      },
      {
        "path": "packages/safe-js/dist/lint/rules/AS-import-cycle.js",
        "size": 3275,
        "mode": 420
      },
      {
        "path": "packages/safe-js/dist/lint/rules/AS-jsdoc-type.d.ts",
        "size": 425,
        "mode": 420
      },
      {
        "path": "packages/safe-js/dist/lint/rules/AS-jsdoc-type.js",
        "size": 26492,
        "mode": 420
      },
      {
        "path": "packages/safe-js/dist/lint/rules/AS-large-literal.d.ts",
        "size": 391,
        "mode": 420
      },
      {
        "path": "packages/safe-js/dist/lint/rules/AS-large-literal.js",
        "size": 12922,
        "mode": 420
      },
      {
        "path": "packages/safe-js/dist/lint/rules/AS-missing-async.d.ts",
        "size": 649,
        "mode": 420
      },
      {
        "path": "packages/safe-js/dist/lint/rules/AS-missing-async.js",
        "size": 22186,
        "mode": 420
      },
      {
        "path": "packages/safe-js/dist/lint/rules/AS-mutating-frozen.d.ts",
        "size": 359,
        "mode": 420
      },
      {
        "path": "packages/safe-js/dist/lint/rules/AS-mutating-frozen.js",
        "size": 18539,
        "mode": 420
      },
      {
        "path": "packages/safe-js/dist/lint/rules/AS-needless-template.d.ts",
        "size": 716,
        "mode": 420
      },
      {
        "path": "packages/safe-js/dist/lint/rules/AS-needless-template.js",
        "size": 15138,
        "mode": 420
      },
      {
        "path": "packages/safe-js/dist/lint/rules/AS-shadow-global.d.ts",
        "size": 395,
        "mode": 420
      },
      {
        "path": "packages/safe-js/dist/lint/rules/AS-shadow-global.js",
        "size": 14347,
        "mode": 420
      },
      {
        "path": "packages/safe-js/dist/lint/rules/AS-unbounded-loop.d.ts",
        "size": 357,
        "mode": 420
      },
      {
        "path": "packages/safe-js/dist/lint/rules/AS-unbounded-loop.js",
        "size": 13612,
        "mode": 420
      },
      {
        "path": "packages/safe-js/dist/lint/rules/AS-unreachable.d.ts",
        "size": 351,
        "mode": 420
      },
      {
        "path": "packages/safe-js/dist/lint/rules/AS-unreachable.js",
        "size": 12091,
        "mode": 420
      },
      {
        "path": "packages/safe-js/dist/lint/rules/AS-unused-import.d.ts",
        "size": 550,
        "mode": 420
      },
      {
        "path": "packages/safe-js/dist/lint/rules/AS-unused-import.js",
        "size": 24003,
        "mode": 420
      },
      {
        "path": "packages/safe-js/dist/lint/rules/AS001.d.ts",
        "size": 331,
        "mode": 420
      },
      {
        "path": "packages/safe-js/dist/lint/rules/AS001.js",
        "size": 19481,
        "mode": 420
      },
      {
        "path": "packages/safe-js/dist/lint/rules/AS003.d.ts",
        "size": 371,
        "mode": 420
      },
      {
        "path": "packages/safe-js/dist/lint/rules/AS003.js",
        "size": 23572,
        "mode": 420
      },
      {
        "path": "packages/safe-js/dist/lint/rules/AS004.d.ts",
        "size": 407,
        "mode": 420
      },
      {
        "path": "packages/safe-js/dist/lint/rules/AS004.js",
        "size": 943,
        "mode": 420
      },
      {
        "path": "packages/safe-js/dist/lint/rules/AS005.d.ts",
        "size": 407,
        "mode": 420
      },
      {
        "path": "packages/safe-js/dist/lint/rules/AS005.js",
        "size": 1456,
        "mode": 420
      },
      {
        "path": "packages/safe-js/dist/lint/rules/AS006-007.d.ts",
        "size": 396,
        "mode": 420
      },
      {
        "path": "packages/safe-js/dist/lint/rules/AS006-007.js",
        "size": 25029,
        "mode": 420
      },
      {
        "path": "packages/safe-js/dist/lint/rules/AS009.d.ts",
        "size": 331,
        "mode": 420
      },
      {
        "path": "packages/safe-js/dist/lint/rules/AS009.js",
        "size": 17149,
        "mode": 420
      },
      {
        "path": "packages/safe-js/dist/lint/rules/AS010.d.ts",
        "size": 333,
        "mode": 420
      },
      {
        "path": "packages/safe-js/dist/lint/rules/AS010.js",
        "size": 23334,
        "mode": 420
      },
      {
        "path": "packages/safe-js/dist/lint/rules/AS013.d.ts",
        "size": 451,
        "mode": 420
      },
      {
        "path": "packages/safe-js/dist/lint/rules/AS013.js",
        "size": 2840,
        "mode": 420
      },
      {
        "path": "packages/safe-js/dist/lint/rules/AS014.d.ts",
        "size": 407,
        "mode": 420
      },
      {
        "path": "packages/safe-js/dist/lint/rules/AS014.js",
        "size": 2784,
        "mode": 420
      },
      {
        "path": "packages/safe-js/dist/lint/rules/AS015.d.ts",
        "size": 333,
        "mode": 420
      },
      {
        "path": "packages/safe-js/dist/lint/rules/AS015.js",
        "size": 11695,
        "mode": 420
      },
      {
        "path": "packages/safe-js/dist/lint/rules/known-globals.d.ts",
        "size": 774,
        "mode": 420
      },
      {
        "path": "packages/safe-js/dist/lint/rules/known-globals.js",
        "size": 1112,
        "mode": 420
      },
      {
        "path": "packages/safe-js/dist/lint/rules/module-registry.d.ts",
        "size": 1681,
        "mode": 420
      },
      {
        "path": "packages/safe-js/dist/lint/rules/module-registry.js",
        "size": 4135,
        "mode": 420
      },
      {
        "path": "packages/safe-js/dist/lint/runtime-modules.d.ts",
        "size": 217,
        "mode": 420
      },
      {
        "path": "packages/safe-js/dist/lint/runtime-modules.js",
        "size": 1151,
        "mode": 420
      },
      {
        "path": "packages/safe-js/dist/loader/extract-block.d.ts",
        "size": 437,
        "mode": 420
      },
      {
        "path": "packages/safe-js/dist/loader/extract-block.js",
        "size": 6574,
        "mode": 420
      },
      {
        "path": "packages/safe-js/dist/loader/find-exported.d.ts",
        "size": 250,
        "mode": 420
      },
      {
        "path": "packages/safe-js/dist/loader/find-exported.js",
        "size": 1211,
        "mode": 420
      },
      {
        "path": "packages/safe-js/dist/loader/frontmatter.d.ts",
        "size": 188,
        "mode": 420
      },
      {
        "path": "packages/safe-js/dist/loader/frontmatter.js",
        "size": 2206,
        "mode": 420
      },
      {
        "path": "packages/safe-js/dist/migrate.d.ts",
        "size": 1530,
        "mode": 420
      },
      {
        "path": "packages/safe-js/dist/migrate.js",
        "size": 3488,
        "mode": 420
      },
      {
        "path": "packages/safe-js/dist/migration-file.d.ts",
        "size": 2291,
        "mode": 420
      },
      {
        "path": "packages/safe-js/dist/migration-file.js",
        "size": 3692,
        "mode": 420
      },
      {
        "path": "packages/safe-js/dist/modules/agent.d.ts",
        "size": 4057,
        "mode": 420
      },
      {
        "path": "packages/safe-js/dist/modules/agent.js",
        "size": 31935,
        "mode": 420
      },
      {
        "path": "packages/safe-js/dist/modules/canonical-path.d.ts",
        "size": 660,
        "mode": 420
      },
      {
        "path": "packages/safe-js/dist/modules/canonical-path.js",
        "size": 7721,
        "mode": 420
      },
      {
        "path": "packages/safe-js/dist/modules/env.d.ts",
        "size": 525,
        "mode": 420
      },
      {
        "path": "packages/safe-js/dist/modules/env.js",
        "size": 3525,
        "mode": 420
      },
      {
        "path": "packages/safe-js/dist/modules/fail.d.ts",
        "size": 176,
        "mode": 420
      },
      {
        "path": "packages/safe-js/dist/modules/fail.js",
        "size": 625,
        "mode": 420
      },
      {
        "path": "packages/safe-js/dist/modules/fs-config.d.ts",
        "size": 617,
        "mode": 420
      },
      {
        "path": "packages/safe-js/dist/modules/fs-config.js",
        "size": 1211,
        "mode": 420
      },
      {
        "path": "packages/safe-js/dist/modules/fs.conformance-cases.d.ts",
        "size": 3981,
        "mode": 420
      },
      {
        "path": "packages/safe-js/dist/modules/fs.conformance-cases.js",
        "size": 56811,
        "mode": 420
      },
      {
        "path": "packages/safe-js/dist/modules/fs.d.ts",
        "size": 3983,
        "mode": 420
      },
      {
        "path": "packages/safe-js/dist/modules/fs.js",
        "size": 31644,
        "mode": 420
      },
      {
        "path": "packages/safe-js/dist/modules/harness.d.ts",
        "size": 600,
        "mode": 420
      },
      {
        "path": "packages/safe-js/dist/modules/harness.js",
        "size": 1601,
        "mode": 420
      },
      {
        "path": "packages/safe-js/dist/modules/log.d.ts",
        "size": 441,
        "mode": 420
      },
      {
        "path": "packages/safe-js/dist/modules/log.js",
        "size": 3617,
        "mode": 420
      },
      {
        "path": "packages/safe-js/dist/modules/mcp-transport.d.ts",
        "size": 980,
        "mode": 420
      },
      {
        "path": "packages/safe-js/dist/modules/mcp-transport.js",
        "size": 11388,
        "mode": 420
      },
      {
        "path": "packages/safe-js/dist/modules/mcp.d.ts",
        "size": 1886,
        "mode": 420
      },
      {
        "path": "packages/safe-js/dist/modules/mcp.js",
        "size": 15583,
        "mode": 420
      },
      {
        "path": "packages/safe-js/dist/modules/metric.d.ts",
        "size": 174,
        "mode": 420
      },
      {
        "path": "packages/safe-js/dist/modules/metric.js",
        "size": 1356,
        "mode": 420
      },
      {
        "path": "packages/safe-js/dist/modules/registry.d.ts",
        "size": 2385,
        "mode": 420
      },
      {
        "path": "packages/safe-js/dist/modules/registry.js",
        "size": 7700,
        "mode": 420
      },
      {
        "path": "packages/safe-js/dist/modules/source-files.d.ts",
        "size": 289,
        "mode": 420
      },
      {
        "path": "packages/safe-js/dist/modules/source-files.js",
        "size": 4159,
        "mode": 420
      },
      {
        "path": "packages/safe-js/dist/modules/source-graph.d.ts",
        "size": 1539,
        "mode": 420
      },
      {
        "path": "packages/safe-js/dist/modules/source-graph.js",
        "size": 18549,
        "mode": 420
      },
      {
        "path": "packages/safe-js/dist/modules/time.d.ts",
        "size": 322,
        "mode": 420
      },
      {
        "path": "packages/safe-js/dist/modules/time.js",
        "size": 2637,
        "mode": 420
      },
      {
        "path": "packages/safe-js/dist/native/fs-seek/loader.d.ts",
        "size": 174,
        "mode": 420
      },
      {
        "path": "packages/safe-js/dist/native/fs-seek/loader.mjs",
        "size": 5483,
        "mode": 420
      },
      {
        "path": "packages/safe-js/dist/native/fs-seek/manifest.json",
        "size": 407,
        "mode": 420
      },
      {
        "path": "packages/safe-js/dist/node-unavailable.d.ts",
        "size": 11,
        "mode": 420
      },
      {
        "path": "packages/safe-js/dist/node-unavailable.js",
        "size": 11,
        "mode": 420
      },
      {
        "path": "packages/safe-js/dist/observability/otel.d.ts",
        "size": 1340,
        "mode": 420
      },
      {
        "path": "packages/safe-js/dist/observability/otel.js",
        "size": 2556,
        "mode": 420
      },
      {
        "path": "packages/safe-js/dist/output-stream.d.ts",
        "size": 713,
        "mode": 420
      },
      {
        "path": "packages/safe-js/dist/output-stream.js",
        "size": 1349,
        "mode": 420
      },
      {
        "path": "packages/safe-js/dist/parse.d.ts",
        "size": 1557,
        "mode": 420
      },
      {
        "path": "packages/safe-js/dist/parse.js",
        "size": 155,
        "mode": 420
      },
      {
        "path": "packages/safe-js/dist/parse/assign-ids.d.ts",
        "size": 135,
        "mode": 420
      },
      {
        "path": "packages/safe-js/dist/parse/assign-ids.js",
        "size": 3010,
        "mode": 420
      },
      {
        "path": "packages/safe-js/dist/parse/bindings.d.ts",
        "size": 694,
        "mode": 420
      },
      {
        "path": "packages/safe-js/dist/parse/bindings.js",
        "size": 3829,
        "mode": 420
      },
      {
        "path": "packages/safe-js/dist/parse/dynamic-source.d.ts",
        "size": 1260,
        "mode": 420
      },
      {
        "path": "packages/safe-js/dist/parse/dynamic-source.js",
        "size": 2341,
        "mode": 420
      },
      {
        "path": "packages/safe-js/dist/parse/format-error.d.ts",
        "size": 936,
        "mode": 420
      },
      {
        "path": "packages/safe-js/dist/parse/format-error.js",
        "size": 7334,
        "mode": 420
      },
      {
        "path": "packages/safe-js/dist/parse/function-source.d.ts",
        "size": 1279,
        "mode": 420
      },
      {
        "path": "packages/safe-js/dist/parse/function-source.js",
        "size": 421,
        "mode": 420
      },
      {
        "path": "packages/safe-js/dist/parse/hash.d.ts",
        "size": 340,
        "mode": 420
      },
      {
        "path": "packages/safe-js/dist/parse/hash.js",
        "size": 4675,
        "mode": 420
      },
      {
        "path": "packages/safe-js/dist/parse/parse-export.d.ts",
        "size": 1560,
        "mode": 420
      },
      {
        "path": "packages/safe-js/dist/parse/parse-export.js",
        "size": 2161,
        "mode": 420
      },
      {
        "path": "packages/safe-js/dist/parse/parse-import-meta.d.ts",
        "size": 303,
        "mode": 420
      },
      {
        "path": "packages/safe-js/dist/parse/parse-import-meta.js",
        "size": 948,
        "mode": 420
      },
      {
        "path": "packages/safe-js/dist/parse/parser.d.ts",
        "size": 13757,
        "mode": 420
      },
      {
        "path": "packages/safe-js/dist/parse/parser.js",
        "size": 178544,
        "mode": 420
      },
      {
        "path": "packages/safe-js/dist/parse/private-names.d.ts",
        "size": 188,
        "mode": 420
      },
      {
        "path": "packages/safe-js/dist/parse/private-names.js",
        "size": 3257,
        "mode": 420
      },
      {
        "path": "packages/safe-js/dist/parse/source-module.d.ts",
        "size": 746,
        "mode": 420
      },
      {
        "path": "packages/safe-js/dist/parse/source-module.js",
        "size": 6148,
        "mode": 420
      },
      {
        "path": "packages/safe-js/dist/parse/syntax-diagnostic.d.ts",
        "size": 244,
        "mode": 420
      },
      {
        "path": "packages/safe-js/dist/parse/syntax-diagnostic.js",
        "size": 944,
        "mode": 420
      },
      {
        "path": "packages/safe-js/dist/parse/tokenizer.d.ts",
        "size": 1106,
        "mode": 420
      },
      {
        "path": "packages/safe-js/dist/parse/tokenizer.js",
        "size": 38785,
        "mode": 420
      },
      {
        "path": "packages/safe-js/dist/platform/node.d.ts",
        "size": 322,
        "mode": 420
      },
      {
        "path": "packages/safe-js/dist/platform/node.js",
        "size": 2213,
        "mode": 420
      },
      {
        "path": "packages/safe-js/dist/platform/workerd.d.ts",
        "size": 322,
        "mode": 420
      },
      {
        "path": "packages/safe-js/dist/platform/workerd.js",
        "size": 817,
        "mode": 420
      },
      {
        "path": "packages/safe-js/dist/random.d.ts",
        "size": 312,
        "mode": 420
      },
      {
        "path": "packages/safe-js/dist/random.js",
        "size": 998,
        "mode": 420
      },
      {
        "path": "packages/safe-js/dist/realm.d.ts",
        "size": 2189,
        "mode": 420
      },
      {
        "path": "packages/safe-js/dist/realm.js",
        "size": 41048,
        "mode": 420
      },
      {
        "path": "packages/safe-js/dist/restore.d.ts",
        "size": 824,
        "mode": 420
      },
      {
        "path": "packages/safe-js/dist/restore.js",
        "size": 5323,
        "mode": 420
      },
      {
        "path": "packages/safe-js/dist/run.d.ts",
        "size": 3315,
        "mode": 420
      },
      {
        "path": "packages/safe-js/dist/run.js",
        "size": 33866,
        "mode": 420
      },
      {
        "path": "packages/safe-js/dist/runner/run-harness.d.ts",
        "size": 1256,
        "mode": 420
      },
      {
        "path": "packages/safe-js/dist/runner/run-harness.js",
        "size": 9121,
        "mode": 420
      },
      {
        "path": "packages/safe-js/dist/runner/signal-dump.d.ts",
        "size": 764,
        "mode": 420
      },
      {
        "path": "packages/safe-js/dist/runner/signal-dump.js",
        "size": 2364,
        "mode": 420
      },
      {
        "path": "packages/safe-js/dist/safe-fs-bridge.js",
        "size": 217,
        "mode": 420
      },
      {
        "path": "packages/safe-js/dist/safe-fs-bridge.js.map",
        "size": 93,
        "mode": 420
      },
      {
        "path": "packages/safe-js/dist/safe-fs-core.js",
        "size": 1728,
        "mode": 420
      },
      {
        "path": "packages/safe-js/dist/safe-fs-core.js.map",
        "size": 93,
        "mode": 420
      },
      {
        "path": "packages/safe-js/dist/safe-fs-node.js",
        "size": 2217,
        "mode": 420
      },
      {
        "path": "packages/safe-js/dist/safe-fs-node.js.map",
        "size": 93,
        "mode": 420
      },
      {
        "path": "packages/safe-js/dist/safe-fs.js",
        "size": 2212,
        "mode": 420
      },
      {
        "path": "packages/safe-js/dist/safe-fs.js.map",
        "size": 93,
        "mode": 420
      },
      {
        "path": "packages/safe-js/dist/snapshot/arguments.d.ts",
        "size": 593,
        "mode": 420
      },
      {
        "path": "packages/safe-js/dist/snapshot/arguments.js",
        "size": 1442,
        "mode": 420
      },
      {
        "path": "packages/safe-js/dist/snapshot/array-buffer.d.ts",
        "size": 874,
        "mode": 420
      },
      {
        "path": "packages/safe-js/dist/snapshot/array-buffer.js",
        "size": 3929,
        "mode": 420
      },
      {
        "path": "packages/safe-js/dist/snapshot/arrays.d.ts",
        "size": 519,
        "mode": 420
      },
      {
        "path": "packages/safe-js/dist/snapshot/arrays.js",
        "size": 1038,
        "mode": 420
      },
      {
        "path": "packages/safe-js/dist/snapshot/backend.d.ts",
        "size": 656,
        "mode": 420
      },
      {
        "path": "packages/safe-js/dist/snapshot/backend.js",
        "size": 5485,
        "mode": 420
      },
      {
        "path": "packages/safe-js/dist/snapshot/bigint.d.ts",
        "size": 85,
        "mode": 420
      },
      {
        "path": "packages/safe-js/dist/snapshot/bigint.js",
        "size": 584,
        "mode": 420
      },
      {
        "path": "packages/safe-js/dist/snapshot/boxed.d.ts",
        "size": 804,
        "mode": 420
      },
      {
        "path": "packages/safe-js/dist/snapshot/boxed.js",
        "size": 2741,
        "mode": 420
      },
      {
        "path": "packages/safe-js/dist/snapshot/collection-properties.d.ts",
        "size": 352,
        "mode": 420
      },
      {
        "path": "packages/safe-js/dist/snapshot/collection-properties.js",
        "size": 929,
        "mode": 420
      },
      {
        "path": "packages/safe-js/dist/snapshot/data-view.d.ts",
        "size": 727,
        "mode": 420
      },
      {
        "path": "packages/safe-js/dist/snapshot/data-view.js",
        "size": 2488,
        "mode": 420
      },
      {
        "path": "packages/safe-js/dist/snapshot/date-properties.d.ts",
        "size": 658,
        "mode": 420
      },
      {
        "path": "packages/safe-js/dist/snapshot/date-properties.js",
        "size": 1552,
        "mode": 420
      },
      {
        "path": "packages/safe-js/dist/snapshot/dump-format.d.ts",
        "size": 333,
        "mode": 420
      },
      {
        "path": "packages/safe-js/dist/snapshot/dump-format.js",
        "size": 23732,
        "mode": 420
      },
      {
        "path": "packages/safe-js/dist/snapshot/dump.d.ts",
        "size": 1259,
        "mode": 420
      },
      {
        "path": "packages/safe-js/dist/snapshot/dump.js",
        "size": 7131,
        "mode": 420
      },
      {
        "path": "packages/safe-js/dist/snapshot/guest-ast-validation.d.ts",
        "size": 106,
        "mode": 420
      },
      {
        "path": "packages/safe-js/dist/snapshot/guest-ast-validation.js",
        "size": 19291,
        "mode": 420
      },
      {
        "path": "packages/safe-js/dist/snapshot/guest-heap-validation.d.ts",
        "size": 212,
        "mode": 420
      },
      {
        "path": "packages/safe-js/dist/snapshot/guest-heap-validation.js",
        "size": 117067,
        "mode": 420
      },
      {
        "path": "packages/safe-js/dist/snapshot/guest-heap.d.ts",
        "size": 15044,
        "mode": 420
      },
      {
        "path": "packages/safe-js/dist/snapshot/guest-heap.js",
        "size": 50274,
        "mode": 420
      },
      {
        "path": "packages/safe-js/dist/snapshot/migration.d.ts",
        "size": 1423,
        "mode": 420
      },
      {
        "path": "packages/safe-js/dist/snapshot/migration.js",
        "size": 5047,
        "mode": 420
      },
      {
        "path": "packages/safe-js/dist/snapshot/not-ready.d.ts",
        "size": 153,
        "mode": 420
      },
      {
        "path": "packages/safe-js/dist/snapshot/not-ready.js",
        "size": 145,
        "mode": 420
      },
      {
        "path": "packages/safe-js/dist/snapshot/policy.d.ts",
        "size": 2082,
        "mode": 420
      },
      {
        "path": "packages/safe-js/dist/snapshot/policy.js",
        "size": 4916,
        "mode": 420
      },
      {
        "path": "packages/safe-js/dist/snapshot/property-descriptors.d.ts",
        "size": 570,
        "mode": 420
      },
      {
        "path": "packages/safe-js/dist/snapshot/property-descriptors.js",
        "size": 5985,
        "mode": 420
      },
      {
        "path": "packages/safe-js/dist/snapshot/regexp-properties.d.ts",
        "size": 852,
        "mode": 420
      },
      {
        "path": "packages/safe-js/dist/snapshot/regexp-properties.js",
        "size": 3202,
        "mode": 420
      },
      {
        "path": "packages/safe-js/dist/snapshot/replay-data.d.ts",
        "size": 9034,
        "mode": 420
      },
      {
        "path": "packages/safe-js/dist/snapshot/replay-data.js",
        "size": 73030,
        "mode": 420
      },
      {
        "path": "packages/safe-js/dist/snapshot/replay-inputs.d.ts",
        "size": 1180,
        "mode": 420
      },
      {
        "path": "packages/safe-js/dist/snapshot/replay-inputs.js",
        "size": 12125,
        "mode": 420
      },
      {
        "path": "packages/safe-js/dist/snapshot/restore.d.ts",
        "size": 1317,
        "mode": 420
      },
      {
        "path": "packages/safe-js/dist/snapshot/restore.js",
        "size": 126300,
        "mode": 420
      },
      {
        "path": "packages/safe-js/dist/snapshot/scheduler.d.ts",
        "size": 615,
        "mode": 420
      },
      {
        "path": "packages/safe-js/dist/snapshot/scheduler.js",
        "size": 2495,
        "mode": 420
      },
      {
        "path": "packages/safe-js/dist/snapshot/scope-frames.d.ts",
        "size": 590,
        "mode": 420
      },
      {
        "path": "packages/safe-js/dist/snapshot/scope-frames.js",
        "size": 4127,
        "mode": 420
      },
      {
        "path": "packages/safe-js/dist/snapshot/serialize.d.ts",
        "size": 6993,
        "mode": 420
      },
      {
        "path": "packages/safe-js/dist/snapshot/serialize.js",
        "size": 31413,
        "mode": 420
      },
      {
        "path": "packages/safe-js/dist/snapshot/shared-array-buffer.d.ts",
        "size": 712,
        "mode": 420
      },
      {
        "path": "packages/safe-js/dist/snapshot/shared-array-buffer.js",
        "size": 2310,
        "mode": 420
      },
      {
        "path": "packages/safe-js/dist/snapshot/symbols.d.ts",
        "size": 854,
        "mode": 420
      },
      {
        "path": "packages/safe-js/dist/snapshot/symbols.js",
        "size": 1753,
        "mode": 420
      },
      {
        "path": "packages/safe-js/dist/snapshot/template-validation.d.ts",
        "size": 282,
        "mode": 420
      },
      {
        "path": "packages/safe-js/dist/snapshot/template-validation.js",
        "size": 3928,
        "mode": 420
      },
      {
        "path": "packages/safe-js/dist/snapshot/typed-array.d.ts",
        "size": 1464,
        "mode": 420
      },
      {
        "path": "packages/safe-js/dist/snapshot/typed-array.js",
        "size": 5762,
        "mode": 420
      },
      {
        "path": "packages/safe-js/dist/snapshot/validation.d.ts",
        "size": 1362,
        "mode": 420
      },
      {
        "path": "packages/safe-js/dist/snapshot/validation.js",
        "size": 58208,
        "mode": 420
      },
      {
        "path": "packages/safe-js/dist/workerd.d.ts",
        "size": 387,
        "mode": 420
      },
      {
        "path": "packages/safe-js/dist/workerd.js",
        "size": 8739283,
        "mode": 420
      },
      {
        "path": "packages/safe-js/dist/workerd.js.map",
        "size": 11658927,
        "mode": 420
      },
      {
        "path": "packages/superintendent/dist/cli.d.ts",
        "size": 82,
        "mode": 420
      },
      {
        "path": "packages/superintendent/dist/cli.js",
        "size": 1401,
        "mode": 420
      },
      {
        "path": "packages/superintendent/dist/commands/builder-group.d.ts",
        "size": 4351,
        "mode": 420
      },
      {
        "path": "packages/superintendent/dist/commands/builder-group.js",
        "size": 2974,
        "mode": 420
      },
      {
        "path": "packages/superintendent/dist/commands/complete.d.ts",
        "size": 1368,
        "mode": 420
      },
      {
        "path": "packages/superintendent/dist/commands/complete.js",
        "size": 3863,
        "mode": 420
      },
      {
        "path": "packages/superintendent/dist/commands/index.d.ts",
        "size": 308,
        "mode": 420
      },
      {
        "path": "packages/superintendent/dist/commands/index.js",
        "size": 272,
        "mode": 420
      },
      {
        "path": "packages/superintendent/dist/commands/inspector-group.d.ts",
        "size": 8229,
        "mode": 420
      },
      {
        "path": "packages/superintendent/dist/commands/inspector-group.js",
        "size": 6194,
        "mode": 420
      },
      {
        "path": "packages/superintendent/dist/commands/install.d.ts",
        "size": 2289,
        "mode": 420
      },
      {
        "path": "packages/superintendent/dist/commands/install.js",
        "size": 7509,
        "mode": 420
      },
      {
        "path": "packages/superintendent/dist/commands/plan-path.d.ts",
        "size": 473,
        "mode": 420
      },
      {
        "path": "packages/superintendent/dist/commands/plan-path.js",
        "size": 1980,
        "mode": 420
      },
      {
        "path": "packages/superintendent/dist/commands/poe-agent-runner.d.ts",
        "size": 379,
        "mode": 420
      },
      {
        "path": "packages/superintendent/dist/commands/poe-agent-runner.js",
        "size": 1548,
        "mode": 420
      },
      {
        "path": "packages/superintendent/dist/commands/run.d.ts",
        "size": 13185,
        "mode": 420
      },
      {
        "path": "packages/superintendent/dist/commands/run.js",
        "size": 48735,
        "mode": 420
      },
      {
        "path": "packages/superintendent/dist/commands/superintendent-group.d.ts",
        "size": 33106,
        "mode": 420
      },
      {
        "path": "packages/superintendent/dist/commands/superintendent-group.js",
        "size": 10380,
        "mode": 420
      },
      {
        "path": "packages/superintendent/dist/config-scope.d.ts",
        "size": 351,
        "mode": 420
      },
      {
        "path": "packages/superintendent/dist/config-scope.js",
        "size": 328,
        "mode": 420
      },
      {
        "path": "packages/superintendent/dist/direct-execution.d.ts",
        "size": 96,
        "mode": 420
      },
      {
        "path": "packages/superintendent/dist/direct-execution.js",
        "size": 644,
        "mode": 420
      },
      {
        "path": "packages/superintendent/dist/document/parse.d.ts",
        "size": 2584,
        "mode": 420
      },
      {
        "path": "packages/superintendent/dist/document/parse.js",
        "size": 17682,
        "mode": 420
      },
      {
        "path": "packages/superintendent/dist/document/status-lock.d.ts",
        "size": 425,
        "mode": 420
      },
      {
        "path": "packages/superintendent/dist/document/status-lock.js",
        "size": 1905,
        "mode": 420
      },
      {
        "path": "packages/superintendent/dist/document/tasks.d.ts",
        "size": 311,
        "mode": 420
      },
      {
        "path": "packages/superintendent/dist/document/tasks.js",
        "size": 2784,
        "mode": 420
      },
      {
        "path": "packages/superintendent/dist/document/write.d.ts",
        "size": 556,
        "mode": 420
      },
      {
        "path": "packages/superintendent/dist/document/write.js",
        "size": 6141,
        "mode": 420
      },
      {
        "path": "packages/superintendent/dist/error-codes.d.ts",
        "size": 103,
        "mode": 420
      },
      {
        "path": "packages/superintendent/dist/error-codes.js",
        "size": 209,
        "mode": 420
      },
      {
        "path": "packages/superintendent/dist/index.d.ts",
        "size": 1191,
        "mode": 420
      },
      {
        "path": "packages/superintendent/dist/index.js",
        "size": 885,
        "mode": 420
      },
      {
        "path": "packages/superintendent/dist/mcp.d.ts",
        "size": 1115,
        "mode": 420
      },
      {
        "path": "packages/superintendent/dist/mcp.js",
        "size": 1639817,
        "mode": 420
      },
      {
        "path": "packages/superintendent/dist/mcp.js.map",
        "size": 3628597,
        "mode": 420
      },
      {
        "path": "packages/superintendent/dist/runtime/agent-runner.d.ts",
        "size": 1209,
        "mode": 420
      },
      {
        "path": "packages/superintendent/dist/runtime/agent-runner.js",
        "size": 3882,
        "mode": 420
      },
      {
        "path": "packages/superintendent/dist/runtime/agentic-tools.d.ts",
        "size": 1896,
        "mode": 420
      },
      {
        "path": "packages/superintendent/dist/runtime/agentic-tools.js",
        "size": 4207,
        "mode": 420
      },
      {
        "path": "packages/superintendent/dist/runtime/loop.d.ts",
        "size": 3727,
        "mode": 420
      },
      {
        "path": "packages/superintendent/dist/runtime/loop.js",
        "size": 23184,
        "mode": 420
      },
      {
        "path": "packages/superintendent/dist/runtime/resolve-cwd.d.ts",
        "size": 169,
        "mode": 420
      },
      {
        "path": "packages/superintendent/dist/runtime/resolve-cwd.js",
        "size": 285,
        "mode": 420
      },
      {
        "path": "packages/superintendent/dist/runtime/run-builder.d.ts",
        "size": 554,
        "mode": 420
      },
      {
        "path": "packages/superintendent/dist/runtime/run-builder.js",
        "size": 2777,
        "mode": 420
      },
      {
        "path": "packages/superintendent/dist/runtime/run-inspector.d.ts",
        "size": 789,
        "mode": 420
      },
      {
        "path": "packages/superintendent/dist/runtime/run-inspector.js",
        "size": 3357,
        "mode": 420
      },
      {
        "path": "packages/superintendent/dist/runtime/run-owner-review.d.ts",
        "size": 730,
        "mode": 420
      },
      {
        "path": "packages/superintendent/dist/runtime/run-owner-review.js",
        "size": 7200,
        "mode": 420
      },
      {
        "path": "packages/superintendent/dist/runtime/run-superintendent.d.ts",
        "size": 643,
        "mode": 420
      },
      {
        "path": "packages/superintendent/dist/runtime/run-superintendent.js",
        "size": 7267,
        "mode": 420
      },
      {
        "path": "packages/superintendent/dist/runtime/system-prompt.d.ts",
        "size": 669,
        "mode": 420
      },
      {
        "path": "packages/superintendent/dist/runtime/system-prompt.js",
        "size": 3010,
        "mode": 420
      },
      {
        "path": "packages/superintendent/dist/runtime/templates.d.ts",
        "size": 594,
        "mode": 420
      },
      {
        "path": "packages/superintendent/dist/runtime/templates.js",
        "size": 893,
        "mode": 420
      },
      {
        "path": "packages/superintendent/dist/runtime/types.d.ts",
        "size": 217,
        "mode": 420
      },
      {
        "path": "packages/superintendent/dist/runtime/types.js",
        "size": 11,
        "mode": 420
      },
      {
        "path": "packages/superintendent/dist/runtime/workflow-tool.d.ts",
        "size": 1725,
        "mode": 420
      },
      {
        "path": "packages/superintendent/dist/runtime/workflow-tool.js",
        "size": 3470,
        "mode": 420
      },
      {
        "path": "packages/superintendent/dist/state/machine.d.ts",
        "size": 686,
        "mode": 420
      },
      {
        "path": "packages/superintendent/dist/state/machine.js",
        "size": 1518,
        "mode": 420
      },
      {
        "path": "packages/superintendent/dist/templates/SKILL_superintendent.md",
        "size": 8255,
        "mode": 420
      },
      {
        "path": "packages/superintendent/dist/testing/index.d.ts",
        "size": 286,
        "mode": 420
      },
      {
        "path": "packages/superintendent/dist/testing/index.js",
        "size": 172,
        "mode": 420
      },
      {
        "path": "packages/superintendent/dist/testing/simulation.d.ts",
        "size": 2549,
        "mode": 420
      },
      {
        "path": "packages/superintendent/dist/testing/simulation.js",
        "size": 13260,
        "mode": 420
      },
      {
        "path": "packages/task-list/dist/backends/gh-issues-client.d.ts",
        "size": 704,
        "mode": 420
      },
      {
        "path": "packages/task-list/dist/backends/gh-issues-client.js",
        "size": 2799,
        "mode": 420
      },
      {
        "path": "packages/task-list/dist/backends/gh-issues-sync.d.ts",
        "size": 1409,
        "mode": 420
      },
      {
        "path": "packages/task-list/dist/backends/gh-issues-sync.js",
        "size": 11494,
        "mode": 420
      },
      {
        "path": "packages/task-list/dist/backends/gh-issues.d.ts",
        "size": 1718,
        "mode": 420
      },
      {
        "path": "packages/task-list/dist/backends/gh-issues.js",
        "size": 37650,
        "mode": 420
      },
      {
        "path": "packages/task-list/dist/backends/markdown-dir.d.ts",
        "size": 145,
        "mode": 420
      },
      {
        "path": "packages/task-list/dist/backends/markdown-dir.js",
        "size": 39915,
        "mode": 420
      },
      {
        "path": "packages/task-list/dist/backends/utils.d.ts",
        "size": 1281,
        "mode": 420
      },
      {
        "path": "packages/task-list/dist/backends/utils.js",
        "size": 6017,
        "mode": 420
      },
      {
        "path": "packages/task-list/dist/backends/yaml-file.d.ts",
        "size": 142,
        "mode": 420
      },
      {
        "path": "packages/task-list/dist/backends/yaml-file.js",
        "size": 24174,
        "mode": 420
      },
      {
        "path": "packages/task-list/dist/index.d.ts",
        "size": 1307,
        "mode": 420
      },
      {
        "path": "packages/task-list/dist/index.js",
        "size": 562,
        "mode": 420
      },
      {
        "path": "packages/task-list/dist/move.d.ts",
        "size": 147,
        "mode": 420
      },
      {
        "path": "packages/task-list/dist/move.js",
        "size": 7527,
        "mode": 420
      },
      {
        "path": "packages/task-list/dist/open.d.ts",
        "size": 387,
        "mode": 420
      },
      {
        "path": "packages/task-list/dist/open.js",
        "size": 3290,
        "mode": 420
      },
      {
        "path": "packages/task-list/dist/schema/ids.d.ts",
        "size": 234,
        "mode": 420
      },
      {
        "path": "packages/task-list/dist/schema/ids.js",
        "size": 521,
        "mode": 420
      },
      {
        "path": "packages/task-list/dist/state-machine.d.ts",
        "size": 1011,
        "mode": 420
      },
      {
        "path": "packages/task-list/dist/state-machine.js",
        "size": 3223,
        "mode": 420
      },
      {
        "path": "packages/task-list/dist/state.d.ts",
        "size": 1377,
        "mode": 420
      },
      {
        "path": "packages/task-list/dist/state.js",
        "size": 2800,
        "mode": 420
      },
      {
        "path": "packages/task-list/dist/types.d.ts",
        "size": 5808,
        "mode": 420
      },
      {
        "path": "packages/task-list/dist/types.js",
        "size": 1899,
        "mode": 420
      },
      {
        "path": "packages/task-list/LICENSE",
        "size": 1069,
        "mode": 420
      },
      {
        "path": "packages/terminal-pilot-mcp/dist/cli.d.ts",
        "size": 31,
        "mode": 420
      },
      {
        "path": "packages/terminal-pilot-mcp/dist/cli.js",
        "size": 584716,
        "mode": 493
      },
      {
        "path": "packages/terminal-pilot-mcp/dist/cli.js.map",
        "size": 1471350,
        "mode": 420
      },
      {
        "path": "packages/terminal-pilot-mcp/dist/index.d.ts",
        "size": 623,
        "mode": 420
      },
      {
        "path": "packages/terminal-pilot-mcp/dist/index.js",
        "size": 584718,
        "mode": 420
      },
      {
        "path": "packages/terminal-pilot-mcp/dist/index.js.map",
        "size": 1471233,
        "mode": 420
      },
      {
        "path": "packages/terminal-pilot-mcp/LICENSE",
        "size": 1069,
        "mode": 420
      },
      {
        "path": "packages/terminal-pilot/dist/ansi.d.ts",
        "size": 58,
        "mode": 420
      },
      {
        "path": "packages/terminal-pilot/dist/ansi.js",
        "size": 1907,
        "mode": 420
      },
      {
        "path": "packages/terminal-pilot/dist/ansi.js.map",
        "size": 3559,
        "mode": 420
      },
      {
        "path": "packages/terminal-pilot/dist/cli.d.ts",
        "size": 480,
        "mode": 420
      },
      {
        "path": "packages/terminal-pilot/dist/cli.js",
        "size": 501622,
        "mode": 493
      },
      {
        "path": "packages/terminal-pilot/dist/cli.js.map",
        "size": 1236973,
        "mode": 420
      },
      {
        "path": "packages/terminal-pilot/dist/commands/close-session.d.ts",
        "size": 830,
        "mode": 420
      },
      {
        "path": "packages/terminal-pilot/dist/commands/close-session.js",
        "size": 79679,
        "mode": 420
      },
      {
        "path": "packages/terminal-pilot/dist/commands/close-session.js.map",
        "size": 225821,
        "mode": 420
      },
      {
        "path": "packages/terminal-pilot/dist/commands/create-session.d.ts",
        "size": 2518,
        "mode": 420
      },
      {
        "path": "packages/terminal-pilot/dist/commands/create-session.js",
        "size": 80312,
        "mode": 420
      },
      {
        "path": "packages/terminal-pilot/dist/commands/create-session.js.map",
        "size": 227006,
        "mode": 420
      },
      {
        "path": "packages/terminal-pilot/dist/commands/daemon-runtime.d.ts",
        "size": 281,
        "mode": 420
      },
      {
        "path": "packages/terminal-pilot/dist/commands/daemon-runtime.js",
        "size": 62412,
        "mode": 420
      },
      {
        "path": "packages/terminal-pilot/dist/commands/daemon-runtime.js.map",
        "size": 185343,
        "mode": 420
      },
      {
        "path": "packages/terminal-pilot/dist/commands/fill.d.ts",
        "size": 929,
        "mode": 420
      },
      {
        "path": "packages/terminal-pilot/dist/commands/fill.js",
        "size": 79818,
        "mode": 420
      },
      {
        "path": "packages/terminal-pilot/dist/commands/fill.js.map",
        "size": 226060,
        "mode": 420
      },
      {
        "path": "packages/terminal-pilot/dist/commands/get-session.d.ts",
        "size": 970,
        "mode": 420
      },
      {
        "path": "packages/terminal-pilot/dist/commands/get-session.js",
        "size": 79847,
        "mode": 420
      },
      {
        "path": "packages/terminal-pilot/dist/commands/get-session.js.map",
        "size": 226138,
        "mode": 420
      },
      {
        "path": "packages/terminal-pilot/dist/commands/index.d.ts",
        "size": 38050,
        "mode": 420
      },
      {
        "path": "packages/terminal-pilot/dist/commands/index.js",
        "size": 229105,
        "mode": 420
      },
      {
        "path": "packages/terminal-pilot/dist/commands/index.js.map",
        "size": 735621,
        "mode": 420
      },
      {
        "path": "packages/terminal-pilot/dist/commands/install.d.ts",
        "size": 1393,
        "mode": 420
      },
      {
        "path": "packages/terminal-pilot/dist/commands/install.js",
        "size": 129035,
        "mode": 420
      },
      {
        "path": "packages/terminal-pilot/dist/commands/install.js.map",
        "size": 542910,
        "mode": 420
      },
      {
        "path": "packages/terminal-pilot/dist/commands/installer.d.ts",
        "size": 2189,
        "mode": 420
      },
      {
        "path": "packages/terminal-pilot/dist/commands/installer.js",
        "size": 42811,
        "mode": 420
      },
      {
        "path": "packages/terminal-pilot/dist/commands/installer.js.map",
        "size": 387968,
        "mode": 420
      },
      {
        "path": "packages/terminal-pilot/dist/commands/list-sessions.d.ts",
        "size": 718,
        "mode": 420
      },
      {
        "path": "packages/terminal-pilot/dist/commands/list-sessions.js",
        "size": 79691,
        "mode": 420
      },
      {
        "path": "packages/terminal-pilot/dist/commands/list-sessions.js.map",
        "size": 225847,
        "mode": 420
      },
      {
        "path": "packages/terminal-pilot/dist/commands/press-key.d.ts",
        "size": 936,
        "mode": 420
      },
      {
        "path": "packages/terminal-pilot/dist/commands/press-key.js",
        "size": 80045,
        "mode": 420
      },
      {
        "path": "packages/terminal-pilot/dist/commands/press-key.js.map",
        "size": 226634,
        "mode": 420
      },
      {
        "path": "packages/terminal-pilot/dist/commands/read-history.d.ts",
        "size": 1162,
        "mode": 420
      },
      {
        "path": "packages/terminal-pilot/dist/commands/read-history.js",
        "size": 79948,
        "mode": 420
      },
      {
        "path": "packages/terminal-pilot/dist/commands/read-history.js.map",
        "size": 226326,
        "mode": 420
      },
      {
        "path": "packages/terminal-pilot/dist/commands/read-screen.d.ts",
        "size": 1016,
        "mode": 420
      },
      {
        "path": "packages/terminal-pilot/dist/commands/read-screen.js",
        "size": 79876,
        "mode": 420
      },
      {
        "path": "packages/terminal-pilot/dist/commands/read-screen.js.map",
        "size": 226344,
        "mode": 420
      },
      {
        "path": "packages/terminal-pilot/dist/commands/resize.d.ts",
        "size": 1089,
        "mode": 420
      },
      {
        "path": "packages/terminal-pilot/dist/commands/resize.js",
        "size": 79902,
        "mode": 420
      },
      {
        "path": "packages/terminal-pilot/dist/commands/resize.js.map",
        "size": 226214,
        "mode": 420
      },
      {
        "path": "packages/terminal-pilot/dist/commands/runtime.d.ts",
        "size": 1886,
        "mode": 420
      },
      {
        "path": "packages/terminal-pilot/dist/commands/runtime.js",
        "size": 50652,
        "mode": 420
      },
      {
        "path": "packages/terminal-pilot/dist/commands/runtime.js.map",
        "size": 160911,
        "mode": 420
      },
      {
        "path": "packages/terminal-pilot/dist/commands/screenshot.d.ts",
        "size": 1491,
        "mode": 420
      },
      {
        "path": "packages/terminal-pilot/dist/commands/screenshot.js",
        "size": 109543,
        "mode": 420
      },
      {
        "path": "packages/terminal-pilot/dist/commands/screenshot.js.map",
        "size": 282601,
        "mode": 420
      },
      {
        "path": "packages/terminal-pilot/dist/commands/send-signal.d.ts",
        "size": 946,
        "mode": 420
      },
      {
        "path": "packages/terminal-pilot/dist/commands/send-signal.js",
        "size": 79843,
        "mode": 420
      },
      {
        "path": "packages/terminal-pilot/dist/commands/send-signal.js.map",
        "size": 226075,
        "mode": 420
      },
      {
        "path": "packages/terminal-pilot/dist/commands/type.d.ts",
        "size": 929,
        "mode": 420
      },
      {
        "path": "packages/terminal-pilot/dist/commands/type.js",
        "size": 79816,
        "mode": 420
      },
      {
        "path": "packages/terminal-pilot/dist/commands/type.js.map",
        "size": 226054,
        "mode": 420
      },
      {
        "path": "packages/terminal-pilot/dist/commands/uninstall.d.ts",
        "size": 793,
        "mode": 420
      },
      {
        "path": "packages/terminal-pilot/dist/commands/uninstall.js",
        "size": 72144,
        "mode": 420
      },
      {
        "path": "packages/terminal-pilot/dist/commands/uninstall.js.map",
        "size": 455180,
        "mode": 420
      },
      {
        "path": "packages/terminal-pilot/dist/commands/wait-for-exit.d.ts",
        "size": 1109,
        "mode": 420
      },
      {
        "path": "packages/terminal-pilot/dist/commands/wait-for-exit.js",
        "size": 80151,
        "mode": 420
      },
      {
        "path": "packages/terminal-pilot/dist/commands/wait-for-exit.js.map",
        "size": 226612,
        "mode": 420
      },
      {
        "path": "packages/terminal-pilot/dist/commands/wait-for.d.ts",
        "size": 1914,
        "mode": 420
      },
      {
        "path": "packages/terminal-pilot/dist/commands/wait-for.js",
        "size": 80994,
        "mode": 420
      },
      {
        "path": "packages/terminal-pilot/dist/commands/wait-for.js.map",
        "size": 228253,
        "mode": 420
      },
      {
        "path": "packages/terminal-pilot/dist/errors.d.ts",
        "size": 80,
        "mode": 420
      },
      {
        "path": "packages/terminal-pilot/dist/errors.js",
        "size": 235,
        "mode": 420
      },
      {
        "path": "packages/terminal-pilot/dist/errors.js.map",
        "size": 457,
        "mode": 420
      },
      {
        "path": "packages/terminal-pilot/dist/exports.compile-check.d.ts",
        "size": 11,
        "mode": 420
      },
      {
        "path": "packages/terminal-pilot/dist/exports.compile-check.js",
        "size": 50,
        "mode": 420
      },
      {
        "path": "packages/terminal-pilot/dist/exports.compile-check.js.map",
        "size": 93,
        "mode": 420
      },
      {
        "path": "packages/terminal-pilot/dist/index.d.ts",
        "size": 386,
        "mode": 420
      },
      {
        "path": "packages/terminal-pilot/dist/index.js",
        "size": 43314,
        "mode": 420
      },
      {
        "path": "packages/terminal-pilot/dist/index.js.map",
        "size": 85878,
        "mode": 420
      },
      {
        "path": "packages/terminal-pilot/dist/keys.d.ts",
        "size": 341,
        "mode": 420
      },
      {
        "path": "packages/terminal-pilot/dist/keys.js",
        "size": 2445,
        "mode": 420
      },
      {
        "path": "packages/terminal-pilot/dist/keys.js.map",
        "size": 4835,
        "mode": 420
      },
      {
        "path": "packages/terminal-pilot/dist/templates/terminal-pilot.md",
        "size": 1514,
        "mode": 420
      },
      {
        "path": "packages/terminal-pilot/dist/terminal-buffer.d.ts",
        "size": 1885,
        "mode": 420
      },
      {
        "path": "packages/terminal-pilot/dist/terminal-buffer.js",
        "size": 27310,
        "mode": 420
      },
      {
        "path": "packages/terminal-pilot/dist/terminal-buffer.js.map",
        "size": 53382,
        "mode": 420
      },
      {
        "path": "packages/terminal-pilot/dist/terminal-pilot.d.ts",
        "size": 580,
        "mode": 420
      },
      {
        "path": "packages/terminal-pilot/dist/terminal-pilot.js",
        "size": 43264,
        "mode": 420
      },
      {
        "path": "packages/terminal-pilot/dist/terminal-pilot.js.map",
        "size": 85880,
        "mode": 420
      },
      {
        "path": "packages/terminal-pilot/dist/terminal-screen.d.ts",
        "size": 636,
        "mode": 420
      },
      {
        "path": "packages/terminal-pilot/dist/terminal-screen.js",
        "size": 2711,
        "mode": 420
      },
      {
        "path": "packages/terminal-pilot/dist/terminal-screen.js.map",
        "size": 5458,
        "mode": 420
      },
      {
        "path": "packages/terminal-pilot/dist/terminal-session.d.ts",
        "size": 1625,
        "mode": 420
      },
      {
        "path": "packages/terminal-pilot/dist/terminal-session.js",
        "size": 42035,
        "mode": 420
      },
      {
        "path": "packages/terminal-pilot/dist/terminal-session.js.map",
        "size": 83173,
        "mode": 420
      },
      {
        "path": "packages/terminal-pilot/dist/testing/cli-repl.d.ts",
        "size": 439,
        "mode": 420
      },
      {
        "path": "packages/terminal-pilot/dist/testing/cli-repl.js",
        "size": 504873,
        "mode": 420
      },
      {
        "path": "packages/terminal-pilot/dist/testing/cli-repl.js.map",
        "size": 1244017,
        "mode": 420
      },
      {
        "path": "packages/terminal-pilot/dist/testing/qa-cli.d.ts",
        "size": 47,
        "mode": 420
      },
      {
        "path": "packages/terminal-pilot/dist/testing/qa-cli.js",
        "size": 533008,
        "mode": 420
      },
      {
        "path": "packages/terminal-pilot/dist/testing/qa-cli.js.map",
        "size": 1299339,
        "mode": 420
      },
      {
        "path": "packages/terminal-pilot/LICENSE",
        "size": 1069,
        "mode": 420
      },
      {
        "path": "packages/terminal-png-mcp/dist/cli.d.ts",
        "size": 31,
        "mode": 420
      },
      {
        "path": "packages/terminal-png-mcp/dist/cli.js",
        "size": 122,
        "mode": 420
      },
      {
        "path": "packages/terminal-png-mcp/dist/index.d.ts",
        "size": 114,
        "mode": 420
      },
      {
        "path": "packages/terminal-png-mcp/dist/index.js",
        "size": 1024,
        "mode": 420
      },
      {
        "path": "packages/terminal-png-mcp/LICENSE",
        "size": 1069,
        "mode": 420
      },
      {
        "path": "packages/terminal-png/dist/ansi-parser.d.ts",
        "size": 483,
        "mode": 420
      },
      {
        "path": "packages/terminal-png/dist/ansi-parser.js",
        "size": 16886,
        "mode": 420
      },
      {
        "path": "packages/terminal-png/dist/cli.d.ts",
        "size": 214,
        "mode": 420
      },
      {
        "path": "packages/terminal-png/dist/cli.js",
        "size": 2545,
        "mode": 420
      },
      {
        "path": "packages/terminal-png/dist/error-codes.d.ts",
        "size": 103,
        "mode": 420
      },
      {
        "path": "packages/terminal-png/dist/error-codes.js",
        "size": 209,
        "mode": 420
      },
      {
        "path": "packages/terminal-png/dist/font.d.ts",
        "size": 241,
        "mode": 420
      },
      {
        "path": "packages/terminal-png/dist/font.js",
        "size": 1789,
        "mode": 420
      },
      {
        "path": "packages/terminal-png/dist/index.d.ts",
        "size": 344,
        "mode": 420
      },
      {
        "path": "packages/terminal-png/dist/index.js",
        "size": 1795,
        "mode": 420
      },
      {
        "path": "packages/terminal-png/dist/png-renderer.d.ts",
        "size": 56,
        "mode": 420
      },
      {
        "path": "packages/terminal-png/dist/png-renderer.js",
        "size": 530,
        "mode": 420
      },
      {
        "path": "packages/terminal-png/dist/svg-renderer.d.ts",
        "size": 211,
        "mode": 420
      },
      {
        "path": "packages/terminal-png/dist/svg-renderer.js",
        "size": 11600,
        "mode": 420
      },
      {
        "path": "packages/terminal-png/LICENSE",
        "size": 1069,
        "mode": 420
      },
      {
        "path": "packages/tiny-http-mcp-oauth-test-server/dist/cli.d.ts",
        "size": 455,
        "mode": 420
      },
      {
        "path": "packages/tiny-http-mcp-oauth-test-server/dist/cli.js",
        "size": 8187,
        "mode": 420
      },
      {
        "path": "packages/tiny-http-mcp-oauth-test-server/dist/error-codes.d.ts",
        "size": 103,
        "mode": 420
      },
      {
        "path": "packages/tiny-http-mcp-oauth-test-server/dist/error-codes.js",
        "size": 209,
        "mode": 420
      },
      {
        "path": "packages/tiny-http-mcp-oauth-test-server/dist/index.d.ts",
        "size": 857,
        "mode": 420
      },
      {
        "path": "packages/tiny-http-mcp-oauth-test-server/dist/index.js",
        "size": 10803,
        "mode": 420
      },
      {
        "path": "packages/tiny-http-mcp-oauth-test-server/package.json",
        "size": 1035,
        "mode": 420
      },
      {
        "path": "packages/tiny-http-mcp-server/dist/auth.d.ts",
        "size": 2502,
        "mode": 420
      },
      {
        "path": "packages/tiny-http-mcp-server/dist/auth.js",
        "size": 9477,
        "mode": 420
      },
      {
        "path": "packages/tiny-http-mcp-server/dist/cli.d.ts",
        "size": 1030,
        "mode": 420
      },
      {
        "path": "packages/tiny-http-mcp-server/dist/cli.js",
        "size": 22006,
        "mode": 420
      },
      {
        "path": "packages/tiny-http-mcp-server/dist/express-middleware.d.ts",
        "size": 864,
        "mode": 420
      },
      {
        "path": "packages/tiny-http-mcp-server/dist/express-middleware.js",
        "size": 3410,
        "mode": 420
      },
      {
        "path": "packages/tiny-http-mcp-server/dist/http-server.d.ts",
        "size": 2759,
        "mode": 420
      },
      {
        "path": "packages/tiny-http-mcp-server/dist/http-server.js",
        "size": 10575,
        "mode": 420
      },
      {
        "path": "packages/tiny-http-mcp-server/dist/http-transport.d.ts",
        "size": 5191,
        "mode": 420
      },
      {
        "path": "packages/tiny-http-mcp-server/dist/http-transport.js",
        "size": 37988,
        "mode": 420
      },
      {
        "path": "packages/tiny-http-mcp-server/dist/index.d.ts",
        "size": 2103,
        "mode": 420
      },
      {
        "path": "packages/tiny-http-mcp-server/dist/index.js",
        "size": 554,
        "mode": 420
      },
      {
        "path": "packages/tiny-http-mcp-server/dist/load-oauth-verifier.d.ts",
        "size": 194,
        "mode": 420
      },
      {
        "path": "packages/tiny-http-mcp-server/dist/load-oauth-verifier.js",
        "size": 1613,
        "mode": 420
      },
      {
        "path": "packages/tiny-http-mcp-server/dist/parse-body.d.ts",
        "size": 918,
        "mode": 420
      },
      {
        "path": "packages/tiny-http-mcp-server/dist/parse-body.js",
        "size": 4862,
        "mode": 420
      },
      {
        "path": "packages/tiny-http-mcp-server/dist/server.d.ts",
        "size": 915,
        "mode": 420
      },
      {
        "path": "packages/tiny-http-mcp-server/dist/server.js",
        "size": 262,
        "mode": 420
      },
      {
        "path": "packages/tiny-http-mcp-server/dist/session.d.ts",
        "size": 528,
        "mode": 420
      },
      {
        "path": "packages/tiny-http-mcp-server/dist/session.js",
        "size": 941,
        "mode": 420
      },
      {
        "path": "packages/tiny-http-mcp-server/dist/sse.d.ts",
        "size": 320,
        "mode": 420
      },
      {
        "path": "packages/tiny-http-mcp-server/dist/sse.js",
        "size": 613,
        "mode": 420
      },
      {
        "path": "packages/tiny-http-mcp-server/dist/test-support.d.ts",
        "size": 474,
        "mode": 420
      },
      {
        "path": "packages/tiny-http-mcp-server/dist/test-support.js",
        "size": 14728,
        "mode": 420
      },
      {
        "path": "packages/tiny-http-mcp-server/dist/testing.d.ts",
        "size": 1974,
        "mode": 420
      },
      {
        "path": "packages/tiny-http-mcp-server/dist/testing.js",
        "size": 6962,
        "mode": 420
      },
      {
        "path": "packages/tiny-http-mcp-server/LICENSE",
        "size": 1069,
        "mode": 420
      },
      {
        "path": "packages/tiny-http-mcp-server/package.json",
        "size": 1773,
        "mode": 420
      },
      {
        "path": "packages/tiny-mcp-client/dist/index.d.ts",
        "size": 21648,
        "mode": 420
      },
      {
        "path": "packages/tiny-mcp-client/dist/index.js",
        "size": 135504,
        "mode": 420
      },
      {
        "path": "packages/tiny-mcp-client/LICENSE",
        "size": 1069,
        "mode": 420
      },
      {
        "path": "packages/tiny-stdio-mcp-server/dist/content/audio.d.ts",
        "size": 505,
        "mode": 420
      },
      {
        "path": "packages/tiny-stdio-mcp-server/dist/content/audio.js",
        "size": 2937,
        "mode": 420
      },
      {
        "path": "packages/tiny-stdio-mcp-server/dist/content/convert.d.ts",
        "size": 783,
        "mode": 420
      },
      {
        "path": "packages/tiny-stdio-mcp-server/dist/content/convert.js",
        "size": 2159,
        "mode": 420
      },
      {
        "path": "packages/tiny-stdio-mcp-server/dist/content/file-type.d.ts",
        "size": 464,
        "mode": 420
      },
      {
        "path": "packages/tiny-stdio-mcp-server/dist/content/file-type.js",
        "size": 3011,
        "mode": 420
      },
      {
        "path": "packages/tiny-stdio-mcp-server/dist/content/file.d.ts",
        "size": 871,
        "mode": 420
      },
      {
        "path": "packages/tiny-stdio-mcp-server/dist/content/file.js",
        "size": 3796,
        "mode": 420
      },
      {
        "path": "packages/tiny-stdio-mcp-server/dist/content/image.d.ts",
        "size": 505,
        "mode": 420
      },
      {
        "path": "packages/tiny-stdio-mcp-server/dist/content/image.js",
        "size": 2661,
        "mode": 420
      },
      {
        "path": "packages/tiny-stdio-mcp-server/dist/content/index.d.ts",
        "size": 503,
        "mode": 420
      },
      {
        "path": "packages/tiny-stdio-mcp-server/dist/content/index.js",
        "size": 321,
        "mode": 420
      },
      {
        "path": "packages/tiny-stdio-mcp-server/dist/content/mime.d.ts",
        "size": 309,
        "mode": 420
      },
      {
        "path": "packages/tiny-stdio-mcp-server/dist/content/mime.js",
        "size": 1676,
        "mode": 420
      },
      {
        "path": "packages/tiny-stdio-mcp-server/dist/content/remote.d.ts",
        "size": 251,
        "mode": 420
      },
      {
        "path": "packages/tiny-stdio-mcp-server/dist/content/remote.js",
        "size": 2396,
        "mode": 420
      },
      {
        "path": "packages/tiny-stdio-mcp-server/dist/index.d.ts",
        "size": 1284,
        "mode": 420
      },
      {
        "path": "packages/tiny-stdio-mcp-server/dist/index.js",
        "size": 312,
        "mode": 420
      },
      {
        "path": "packages/tiny-stdio-mcp-server/dist/jsonrpc.d.ts",
        "size": 606,
        "mode": 420
      },
      {
        "path": "packages/tiny-stdio-mcp-server/dist/jsonrpc.js",
        "size": 2934,
        "mode": 420
      },
      {
        "path": "packages/tiny-stdio-mcp-server/dist/schema.d.ts",
        "size": 1009,
        "mode": 420
      },
      {
        "path": "packages/tiny-stdio-mcp-server/dist/schema.js",
        "size": 756,
        "mode": 420
      },
      {
        "path": "packages/tiny-stdio-mcp-server/dist/server.d.ts",
        "size": 2225,
        "mode": 420
      },
      {
        "path": "packages/tiny-stdio-mcp-server/dist/server.js",
        "size": 38549,
        "mode": 420
      },
      {
        "path": "packages/tiny-stdio-mcp-server/dist/stdio-input.d.ts",
        "size": 353,
        "mode": 420
      },
      {
        "path": "packages/tiny-stdio-mcp-server/dist/stdio-input.js",
        "size": 1740,
        "mode": 420
      },
      {
        "path": "packages/tiny-stdio-mcp-server/dist/stdio-output.d.ts",
        "size": 772,
        "mode": 420
      },
      {
        "path": "packages/tiny-stdio-mcp-server/dist/stdio-output.js",
        "size": 4289,
        "mode": 420
      },
      {
        "path": "packages/tiny-stdio-mcp-server/dist/testing.d.ts",
        "size": 270,
        "mode": 420
      },
      {
        "path": "packages/tiny-stdio-mcp-server/dist/testing.js",
        "size": 761,
        "mode": 420
      },
      {
        "path": "packages/tiny-stdio-mcp-server/dist/tool-call-admission.d.ts",
        "size": 304,
        "mode": 420
      },
      {
        "path": "packages/tiny-stdio-mcp-server/dist/tool-call-admission.js",
        "size": 1592,
        "mode": 420
      },
      {
        "path": "packages/tiny-stdio-mcp-server/dist/types.d.ts",
        "size": 7103,
        "mode": 420
      },
      {
        "path": "packages/tiny-stdio-mcp-server/dist/types.js",
        "size": 585,
        "mode": 420
      },
      {
        "path": "packages/tiny-stdio-mcp-server/dist/uri-template.d.ts",
        "size": 301,
        "mode": 420
      },
      {
        "path": "packages/tiny-stdio-mcp-server/dist/uri-template.js",
        "size": 13823,
        "mode": 420
      },
      {
        "path": "packages/tiny-stdio-mcp-server/LICENSE",
        "size": 1069,
        "mode": 420
      },
      {
        "path": "packages/tokenfill/dist/bin.d.ts",
        "size": 31,
        "mode": 420
      },
      {
        "path": "packages/tokenfill/dist/bin.js",
        "size": 140,
        "mode": 420
      },
      {
        "path": "packages/tokenfill/dist/cli.d.ts",
        "size": 239,
        "mode": 420
      },
      {
        "path": "packages/tokenfill/dist/cli.js",
        "size": 2723,
        "mode": 420
      },
      {
        "path": "packages/tokenfill/dist/corpus.d.ts",
        "size": 113,
        "mode": 420
      },
      {
        "path": "packages/tokenfill/dist/corpus.js",
        "size": 948,
        "mode": 420
      },
      {
        "path": "packages/tokenfill/dist/corpus/001-archaeoastronomy.md",
        "size": 244022,
        "mode": 420
      },
      {
        "path": "packages/tokenfill/dist/corpus/002-magnetohydrodynamics.md",
        "size": 243369,
        "mode": 420
      },
      {
        "path": "packages/tokenfill/dist/corpus/003-biosemiotics.md",
        "size": 244624,
        "mode": 420
      },
      {
        "path": "packages/tokenfill/dist/corpus/004-cryopedology.md",
        "size": 244621,
        "mode": 420
      },
      {
        "path": "packages/tokenfill/dist/corpus/005-geomicrobiology.md",
        "size": 244175,
        "mode": 420
      },
      {
        "path": "packages/tokenfill/dist/corpus/006-aeronomy.md",
        "size": 245281,
        "mode": 420
      },
      {
        "path": "packages/tokenfill/dist/corpus/007-paleoclimatology.md",
        "size": 244025,
        "mode": 420
      },
      {
        "path": "packages/tokenfill/dist/corpus/008-hydrogeophysics.md",
        "size": 243724,
        "mode": 420
      },
      {
        "path": "packages/tokenfill/dist/corpus/009-magnetostratigraphy.md",
        "size": 243074,
        "mode": 420
      },
      {
        "path": "packages/tokenfill/dist/corpus/010-isotope-hydrology.md",
        "size": 243902,
        "mode": 420
      },
      {
        "path": "packages/tokenfill/dist/corpus/011-speleothem-geochemistry.md",
        "size": 242131,
        "mode": 420
      },
      {
        "path": "packages/tokenfill/dist/corpus/012-astrobiogeochemistry.md",
        "size": 243369,
        "mode": 420
      },
      {
        "path": "packages/tokenfill/dist/corpus/013-neuroethology.md",
        "size": 244921,
        "mode": 420
      },
      {
        "path": "packages/tokenfill/dist/corpus/014-chronophysiology.md",
        "size": 245824,
        "mode": 420
      },
      {
        "path": "packages/tokenfill/dist/corpus/015-limnogeochemistry.md",
        "size": 242482,
        "mode": 420
      },
      {
        "path": "packages/tokenfill/dist/corpus/016-palynology.md",
        "size": 244024,
        "mode": 420
      },
      {
        "path": "packages/tokenfill/dist/corpus/017-volcanotectonics.md",
        "size": 240858,
        "mode": 420
      },
      {
        "path": "packages/tokenfill/dist/corpus/018-seismotectonics.md",
        "size": 240109,
        "mode": 420
      },
      {
        "path": "packages/tokenfill/dist/corpus/019-biogeomorphology.md",
        "size": 242186,
        "mode": 420
      },
      {
        "path": "packages/tokenfill/dist/corpus/020-geobiophysics.md",
        "size": 243131,
        "mode": 420
      },
      {
        "path": "packages/tokenfill/dist/corpus/021-phytolith-analysis.md",
        "size": 244194,
        "mode": 420
      },
      {
        "path": "packages/tokenfill/dist/corpus/022-archaeometallurgy.md",
        "size": 244320,
        "mode": 420
      },
      {
        "path": "packages/tokenfill/dist/corpus/023-paleomagnetism.md",
        "size": 243429,
        "mode": 420
      },
      {
        "path": "packages/tokenfill/dist/corpus/024-biocalorimetry.md",
        "size": 241594,
        "mode": 420
      },
      {
        "path": "packages/tokenfill/dist/corpus/025-atmospheric-chemiluminescence.md",
        "size": 243845,
        "mode": 420
      },
      {
        "path": "packages/tokenfill/dist/corpus/026-cryoseismology.md",
        "size": 243426,
        "mode": 420
      },
      {
        "path": "packages/tokenfill/dist/corpus/027-extremophile-radiobiology.md",
        "size": 243130,
        "mode": 420
      },
      {
        "path": "packages/tokenfill/dist/corpus/028-heliophysics.md",
        "size": 242833,
        "mode": 420
      },
      {
        "path": "packages/tokenfill/dist/corpus/029-astroparticle-geophysics.md",
        "size": 242418,
        "mode": 420
      },
      {
        "path": "packages/tokenfill/dist/corpus/030-glaciohydrology.md",
        "size": 243727,
        "mode": 420
      },
      {
        "path": "packages/tokenfill/dist/corpus/031-permafrost-microbiology.md",
        "size": 243859,
        "mode": 420
      },
      {
        "path": "packages/tokenfill/dist/corpus/032-ecoacoustics.md",
        "size": 242830,
        "mode": 420
      },
      {
        "path": "packages/tokenfill/dist/corpus/033-dendroclimatology.md",
        "size": 241152,
        "mode": 420
      },
      {
        "path": "packages/tokenfill/dist/corpus/034-ionospheric-tomography.md",
        "size": 243571,
        "mode": 420
      },
      {
        "path": "packages/tokenfill/dist/corpus/035-marine-geodesy.md",
        "size": 243018,
        "mode": 420
      },
      {
        "path": "packages/tokenfill/dist/corpus/036-sedimentary-ancient-dna.md",
        "size": 245795,
        "mode": 420
      },
      {
        "path": "packages/tokenfill/dist/corpus/037-myrmecochory-dynamics.md",
        "size": 241557,
        "mode": 420
      },
      {
        "path": "packages/tokenfill/dist/corpus/038-chemosensory-ecology.md",
        "size": 242987,
        "mode": 420
      },
      {
        "path": "packages/tokenfill/dist/corpus/039-spintronics-materials.md",
        "size": 245262,
        "mode": 420
      },
      {
        "path": "packages/tokenfill/dist/corpus/040-nanotoxicology.md",
        "size": 245221,
        "mode": 420
      },
      {
        "path": "packages/tokenfill/dist/corpus/041-cosmochemistry.md",
        "size": 245224,
        "mode": 420
      },
      {
        "path": "packages/tokenfill/dist/corpus/042-quaternary-geochronology.md",
        "size": 240671,
        "mode": 420
      },
      {
        "path": "packages/tokenfill/dist/corpus/043-biophotonics.md",
        "size": 242833,
        "mode": 420
      },
      {
        "path": "packages/tokenfill/dist/corpus/044-evolutionary-morphometrics.md",
        "size": 246939,
        "mode": 420
      },
      {
        "path": "packages/tokenfill/dist/corpus/045-cryovolcanology.md",
        "size": 241889,
        "mode": 420
      },
      {
        "path": "packages/tokenfill/dist/corpus/046-exoplanet-atmospheric-dynamics.md",
        "size": 245546,
        "mode": 420
      },
      {
        "path": "packages/tokenfill/dist/corpus/047-microbial-electrosynthesis.md",
        "size": 245148,
        "mode": 420
      },
      {
        "path": "packages/tokenfill/dist/corpus/048-paleoseismology.md",
        "size": 243727,
        "mode": 420
      },
      {
        "path": "packages/tokenfill/dist/corpus/049-actinide-geochemistry.md",
        "size": 243279,
        "mode": 420
      },
      {
        "path": "packages/tokenfill/dist/corpus/050-quantum-biology.md",
        "size": 246899,
        "mode": 420
      },
      {
        "path": "packages/tokenfill/dist/index.d.ts",
        "size": 265,
        "mode": 420
      },
      {
        "path": "packages/tokenfill/dist/index.js",
        "size": 125,
        "mode": 420
      },
      {
        "path": "packages/tokenfill/dist/tokenfill.d.ts",
        "size": 302,
        "mode": 420
      },
      {
        "path": "packages/tokenfill/dist/tokenfill.js",
        "size": 2599,
        "mode": 420
      },
      {
        "path": "packages/tokenfill/dist/tokenizer.d.ts",
        "size": 587,
        "mode": 420
      },
      {
        "path": "packages/tokenfill/dist/tokenizer.js",
        "size": 2448,
        "mode": 420
      },
      {
        "path": "packages/tokenfill/LICENSE",
        "size": 1069,
        "mode": 420
      },
      {
        "path": "packages/toolcraft-codemode/dist/error-codes.d.ts",
        "size": 77,
        "mode": 420
      },
      {
        "path": "packages/toolcraft-codemode/dist/error-codes.js",
        "size": 287,
        "mode": 420
      },
      {
        "path": "packages/toolcraft-codemode/dist/execute.d.ts",
        "size": 1701,
        "mode": 420
      },
      {
        "path": "packages/toolcraft-codemode/dist/execute.js",
        "size": 4830,
        "mode": 420
      },
      {
        "path": "packages/toolcraft-codemode/dist/get-schemas.d.ts",
        "size": 1176,
        "mode": 420
      },
      {
        "path": "packages/toolcraft-codemode/dist/get-schemas.js",
        "size": 1713,
        "mode": 420
      },
      {
        "path": "packages/toolcraft-codemode/dist/host-modules.d.ts",
        "size": 572,
        "mode": 420
      },
      {
        "path": "packages/toolcraft-codemode/dist/host-modules.js",
        "size": 2033,
        "mode": 420
      },
      {
        "path": "packages/toolcraft-codemode/dist/index.d.ts",
        "size": 4388,
        "mode": 420
      },
      {
        "path": "packages/toolcraft-codemode/dist/index.js",
        "size": 1564,
        "mode": 420
      },
      {
        "path": "packages/toolcraft-codemode/dist/search.d.ts",
        "size": 1800,
        "mode": 420
      },
      {
        "path": "packages/toolcraft-codemode/dist/search.js",
        "size": 5203,
        "mode": 420
      },
      {
        "path": "packages/toolcraft-codemode/dist/tree.d.ts",
        "size": 887,
        "mode": 420
      },
      {
        "path": "packages/toolcraft-codemode/dist/tree.js",
        "size": 3799,
        "mode": 420
      },
      {
        "path": "packages/toolcraft-design/dist/acp/components.d.ts",
        "size": 863,
        "mode": 420
      },
      {
        "path": "packages/toolcraft-design/dist/acp/components.js",
        "size": 4552,
        "mode": 420
      },
      {
        "path": "packages/toolcraft-design/dist/acp/index.d.ts",
        "size": 324,
        "mode": 420
      },
      {
        "path": "packages/toolcraft-design/dist/acp/index.js",
        "size": 219,
        "mode": 420
      },
      {
        "path": "packages/toolcraft-design/dist/acp/writer.d.ts",
        "size": 595,
        "mode": 420
      },
      {
        "path": "packages/toolcraft-design/dist/acp/writer.js",
        "size": 725,
        "mode": 420
      },
      {
        "path": "packages/toolcraft-design/dist/brand.d.ts",
        "size": 92,
        "mode": 420
      },
      {
        "path": "packages/toolcraft-design/dist/brand.js",
        "size": 44,
        "mode": 420
      },
      {
        "path": "packages/toolcraft-design/dist/brands.d.ts",
        "size": 92,
        "mode": 420
      },
      {
        "path": "packages/toolcraft-design/dist/brands.js",
        "size": 44,
        "mode": 420
      },
      {
        "path": "packages/toolcraft-design/dist/cancel.d.ts",
        "size": 45,
        "mode": 420
      },
      {
        "path": "packages/toolcraft-design/dist/cancel.js",
        "size": 45,
        "mode": 420
      },
      {
        "path": "packages/toolcraft-design/dist/color.d.ts",
        "size": 99,
        "mode": 420
      },
      {
        "path": "packages/toolcraft-design/dist/color.js",
        "size": 47,
        "mode": 420
      },
      {
        "path": "packages/toolcraft-design/dist/components/browser.d.ts",
        "size": 574,
        "mode": 420
      },
      {
        "path": "packages/toolcraft-design/dist/components/browser.js",
        "size": 1232,
        "mode": 420
      },
      {
        "path": "packages/toolcraft-design/dist/components/catalog.d.ts",
        "size": 719,
        "mode": 420
      },
      {
        "path": "packages/toolcraft-design/dist/components/catalog.js",
        "size": 4068,
        "mode": 420
      },
      {
        "path": "packages/toolcraft-design/dist/components/color.d.ts",
        "size": 735,
        "mode": 420
      },
      {
        "path": "packages/toolcraft-design/dist/components/color.js",
        "size": 3572,
        "mode": 420
      },
      {
        "path": "packages/toolcraft-design/dist/components/command-errors.d.ts",
        "size": 428,
        "mode": 420
      },
      {
        "path": "packages/toolcraft-design/dist/components/command-errors.js",
        "size": 1191,
        "mode": 420
      },
      {
        "path": "packages/toolcraft-design/dist/components/detail-card.d.ts",
        "size": 566,
        "mode": 420
      },
      {
        "path": "packages/toolcraft-design/dist/components/detail-card.js",
        "size": 1919,
        "mode": 420
      },
      {
        "path": "packages/toolcraft-design/dist/components/file-changes.d.ts",
        "size": 600,
        "mode": 420
      },
      {
        "path": "packages/toolcraft-design/dist/components/file-changes.js",
        "size": 5793,
        "mode": 420
      },
      {
        "path": "packages/toolcraft-design/dist/components/help-formatter-plain.d.ts",
        "size": 372,
        "mode": 420
      },
      {
        "path": "packages/toolcraft-design/dist/components/help-formatter-plain.js",
        "size": 6302,
        "mode": 420
      },
      {
        "path": "packages/toolcraft-design/dist/components/help-formatter.d.ts",
        "size": 2060,
        "mode": 420
      },
      {
        "path": "packages/toolcraft-design/dist/components/help-formatter.js",
        "size": 11683,
        "mode": 420
      },
      {
        "path": "packages/toolcraft-design/dist/components/index.d.ts",
        "size": 1349,
        "mode": 420
      },
      {
        "path": "packages/toolcraft-design/dist/components/index.js",
        "size": 745,
        "mode": 420
      },
      {
        "path": "packages/toolcraft-design/dist/components/inspector-card.d.ts",
        "size": 581,
        "mode": 420
      },
      {
        "path": "packages/toolcraft-design/dist/components/inspector-card.js",
        "size": 1584,
        "mode": 420
      },
      {
        "path": "packages/toolcraft-design/dist/components/logger.d.ts",
        "size": 460,
        "mode": 420
      },
      {
        "path": "packages/toolcraft-design/dist/components/logger.js",
        "size": 1660,
        "mode": 420
      },
      {
        "path": "packages/toolcraft-design/dist/components/resource-browser.d.ts",
        "size": 593,
        "mode": 420
      },
      {
        "path": "packages/toolcraft-design/dist/components/resource-browser.js",
        "size": 4142,
        "mode": 420
      },
      {
        "path": "packages/toolcraft-design/dist/components/symbols.d.ts",
        "size": 350,
        "mode": 420
      },
      {
        "path": "packages/toolcraft-design/dist/components/symbols.js",
        "size": 2033,
        "mode": 420
      },
      {
        "path": "packages/toolcraft-design/dist/components/table.d.ts",
        "size": 504,
        "mode": 420
      },
      {
        "path": "packages/toolcraft-design/dist/components/table.js",
        "size": 13581,
        "mode": 420
      },
      {
        "path": "packages/toolcraft-design/dist/components/template.d.ts",
        "size": 768,
        "mode": 420
      },
      {
        "path": "packages/toolcraft-design/dist/components/template.js",
        "size": 17552,
        "mode": 420
      },
      {
        "path": "packages/toolcraft-design/dist/components/text.d.ts",
        "size": 765,
        "mode": 420
      },
      {
        "path": "packages/toolcraft-design/dist/components/text.js",
        "size": 4831,
        "mode": 420
      },
      {
        "path": "packages/toolcraft-design/dist/configure-theme.d.ts",
        "size": 60,
        "mode": 420
      },
      {
        "path": "packages/toolcraft-design/dist/configure-theme.js",
        "size": 60,
        "mode": 420
      },
      {
        "path": "packages/toolcraft-design/dist/confirm-or-cancel.d.ts",
        "size": 112,
        "mode": 420
      },
      {
        "path": "packages/toolcraft-design/dist/confirm-or-cancel.js",
        "size": 54,
        "mode": 420
      },
      {
        "path": "packages/toolcraft-design/dist/confirm.d.ts",
        "size": 104,
        "mode": 420
      },
      {
        "path": "packages/toolcraft-design/dist/confirm.js",
        "size": 46,
        "mode": 420
      },
      {
        "path": "packages/toolcraft-design/dist/create-dashboard.d.ts",
        "size": 129,
        "mode": 420
      },
      {
        "path": "packages/toolcraft-design/dist/create-dashboard.js",
        "size": 56,
        "mode": 420
      },
      {
        "path": "packages/toolcraft-design/dist/create-logger.d.ts",
        "size": 115,
        "mode": 420
      },
      {
        "path": "packages/toolcraft-design/dist/create-logger.js",
        "size": 55,
        "mode": 420
      },
      {
        "path": "packages/toolcraft-design/dist/dark.d.ts",
        "size": 99,
        "mode": 420
      },
      {
        "path": "packages/toolcraft-design/dist/dark.js",
        "size": 43,
        "mode": 420
      },
      {
        "path": "packages/toolcraft-design/dist/dashboard/ansi.d.ts",
        "size": 740,
        "mode": 420
      },
      {
        "path": "packages/toolcraft-design/dist/dashboard/ansi.js",
        "size": 9577,
        "mode": 420
      },
      {
        "path": "packages/toolcraft-design/dist/dashboard/buffer.d.ts",
        "size": 855,
        "mode": 420
      },
      {
        "path": "packages/toolcraft-design/dist/dashboard/buffer.js",
        "size": 7280,
        "mode": 420
      },
      {
        "path": "packages/toolcraft-design/dist/dashboard/components/border.d.ts",
        "size": 360,
        "mode": 420
      },
      {
        "path": "packages/toolcraft-design/dist/dashboard/components/border.js",
        "size": 4494,
        "mode": 420
      },
      {
        "path": "packages/toolcraft-design/dist/dashboard/components/footer.d.ts",
        "size": 305,
        "mode": 420
      },
      {
        "path": "packages/toolcraft-design/dist/dashboard/components/footer.js",
        "size": 1719,
        "mode": 420
      },
      {
        "path": "packages/toolcraft-design/dist/dashboard/components/output-pane.d.ts",
        "size": 505,
        "mode": 420
      },
      {
        "path": "packages/toolcraft-design/dist/dashboard/components/output-pane.js",
        "size": 8406,
        "mode": 420
      },
      {
        "path": "packages/toolcraft-design/dist/dashboard/components/stats-pane.d.ts",
        "size": 464,
        "mode": 420
      },
      {
        "path": "packages/toolcraft-design/dist/dashboard/components/stats-pane.js",
        "size": 3812,
        "mode": 420
      },
      {
        "path": "packages/toolcraft-design/dist/dashboard/dashboard.d.ts",
        "size": 693,
        "mode": 420
      },
      {
        "path": "packages/toolcraft-design/dist/dashboard/dashboard.js",
        "size": 5229,
        "mode": 420
      },
      {
        "path": "packages/toolcraft-design/dist/dashboard/demo.d.ts",
        "size": 560,
        "mode": 420
      },
      {
        "path": "packages/toolcraft-design/dist/dashboard/demo.js",
        "size": 4870,
        "mode": 420
      },
      {
        "path": "packages/toolcraft-design/dist/dashboard/index.d.ts",
        "size": 519,
        "mode": 420
      },
      {
        "path": "packages/toolcraft-design/dist/dashboard/index.js",
        "size": 237,
        "mode": 420
      },
      {
        "path": "packages/toolcraft-design/dist/dashboard/keymap.d.ts",
        "size": 588,
        "mode": 420
      },
      {
        "path": "packages/toolcraft-design/dist/dashboard/keymap.js",
        "size": 6595,
        "mode": 420
      },
      {
        "path": "packages/toolcraft-design/dist/dashboard/layout.d.ts",
        "size": 585,
        "mode": 420
      },
      {
        "path": "packages/toolcraft-design/dist/dashboard/layout.js",
        "size": 3310,
        "mode": 420
      },
      {
        "path": "packages/toolcraft-design/dist/dashboard/should-use-dashboard.d.ts",
        "size": 262,
        "mode": 420
      },
      {
        "path": "packages/toolcraft-design/dist/dashboard/should-use-dashboard.js",
        "size": 289,
        "mode": 420
      },
      {
        "path": "packages/toolcraft-design/dist/dashboard/snapshot.d.ts",
        "size": 318,
        "mode": 420
      },
      {
        "path": "packages/toolcraft-design/dist/dashboard/snapshot.js",
        "size": 2716,
        "mode": 420
      },
      {
        "path": "packages/toolcraft-design/dist/dashboard/store.d.ts",
        "size": 345,
        "mode": 420
      },
      {
        "path": "packages/toolcraft-design/dist/dashboard/store.js",
        "size": 1208,
        "mode": 420
      },
      {
        "path": "packages/toolcraft-design/dist/dashboard/terminal-width.d.ts",
        "size": 366,
        "mode": 420
      },
      {
        "path": "packages/toolcraft-design/dist/dashboard/terminal-width.js",
        "size": 3595,
        "mode": 420
      },
      {
        "path": "packages/toolcraft-design/dist/dashboard/terminal.d.ts",
        "size": 1004,
        "mode": 420
      },
      {
        "path": "packages/toolcraft-design/dist/dashboard/terminal.js",
        "size": 8515,
        "mode": 420
      },
      {
        "path": "packages/toolcraft-design/dist/dashboard/types.d.ts",
        "size": 893,
        "mode": 420
      },
      {
        "path": "packages/toolcraft-design/dist/dashboard/types.js",
        "size": 11,
        "mode": 420
      },
      {
        "path": "packages/toolcraft-design/dist/explorer/actions.d.ts",
        "size": 1055,
        "mode": 420
      },
      {
        "path": "packages/toolcraft-design/dist/explorer/actions.js",
        "size": 3161,
        "mode": 420
      },
      {
        "path": "packages/toolcraft-design/dist/explorer/demo.d.ts",
        "size": 638,
        "mode": 420
      },
      {
        "path": "packages/toolcraft-design/dist/explorer/demo.js",
        "size": 10130,
        "mode": 420
      },
      {
        "path": "packages/toolcraft-design/dist/explorer/detail-content.d.ts",
        "size": 261,
        "mode": 420
      },
      {
        "path": "packages/toolcraft-design/dist/explorer/detail-content.js",
        "size": 1054,
        "mode": 420
      },
      {
        "path": "packages/toolcraft-design/dist/explorer/events.d.ts",
        "size": 1583,
        "mode": 420
      },
      {
        "path": "packages/toolcraft-design/dist/explorer/events.js",
        "size": 11,
        "mode": 420
      },
      {
        "path": "packages/toolcraft-design/dist/explorer/filter.d.ts",
        "size": 317,
        "mode": 420
      },
      {
        "path": "packages/toolcraft-design/dist/explorer/filter.js",
        "size": 5259,
        "mode": 420
      },
      {
        "path": "packages/toolcraft-design/dist/explorer/index.d.ts",
        "size": 783,
        "mode": 420
      },
      {
        "path": "packages/toolcraft-design/dist/explorer/index.js",
        "size": 298,
        "mode": 420
      },
      {
        "path": "packages/toolcraft-design/dist/explorer/jobs.d.ts",
        "size": 439,
        "mode": 420
      },
      {
        "path": "packages/toolcraft-design/dist/explorer/jobs.js",
        "size": 2999,
        "mode": 420
      },
      {
        "path": "packages/toolcraft-design/dist/explorer/keymap.d.ts",
        "size": 1482,
        "mode": 420
      },
      {
        "path": "packages/toolcraft-design/dist/explorer/keymap.js",
        "size": 5196,
        "mode": 420
      },
      {
        "path": "packages/toolcraft-design/dist/explorer/layout.d.ts",
        "size": 627,
        "mode": 420
      },
      {
        "path": "packages/toolcraft-design/dist/explorer/layout.js",
        "size": 3288,
        "mode": 420
      },
      {
        "path": "packages/toolcraft-design/dist/explorer/reducer.d.ts",
        "size": 373,
        "mode": 420
      },
      {
        "path": "packages/toolcraft-design/dist/explorer/reducer.js",
        "size": 34745,
        "mode": 420
      },
      {
        "path": "packages/toolcraft-design/dist/explorer/render/detail.d.ts",
        "size": 291,
        "mode": 420
      },
      {
        "path": "packages/toolcraft-design/dist/explorer/render/detail.js",
        "size": 4648,
        "mode": 420
      },
      {
        "path": "packages/toolcraft-design/dist/explorer/render/footer.d.ts",
        "size": 291,
        "mode": 420
      },
      {
        "path": "packages/toolcraft-design/dist/explorer/render/footer.js",
        "size": 3526,
        "mode": 420
      },
      {
        "path": "packages/toolcraft-design/dist/explorer/render/header.d.ts",
        "size": 291,
        "mode": 420
      },
      {
        "path": "packages/toolcraft-design/dist/explorer/render/header.js",
        "size": 2446,
        "mode": 420
      },
      {
        "path": "packages/toolcraft-design/dist/explorer/render/index.d.ts",
        "size": 431,
        "mode": 420
      },
      {
        "path": "packages/toolcraft-design/dist/explorer/render/index.js",
        "size": 2039,
        "mode": 420
      },
      {
        "path": "packages/toolcraft-design/dist/explorer/render/list.d.ts",
        "size": 607,
        "mode": 420
      },
      {
        "path": "packages/toolcraft-design/dist/explorer/render/list.js",
        "size": 5634,
        "mode": 420
      },
      {
        "path": "packages/toolcraft-design/dist/explorer/render/modal.d.ts",
        "size": 214,
        "mode": 420
      },
      {
        "path": "packages/toolcraft-design/dist/explorer/render/modal.js",
        "size": 3888,
        "mode": 420
      },
      {
        "path": "packages/toolcraft-design/dist/explorer/render/pane.d.ts",
        "size": 398,
        "mode": 420
      },
      {
        "path": "packages/toolcraft-design/dist/explorer/render/pane.js",
        "size": 1523,
        "mode": 420
      },
      {
        "path": "packages/toolcraft-design/dist/explorer/render/test-fixtures.d.ts",
        "size": 524,
        "mode": 420
      },
      {
        "path": "packages/toolcraft-design/dist/explorer/render/test-fixtures.js",
        "size": 4778,
        "mode": 420
      },
      {
        "path": "packages/toolcraft-design/dist/explorer/render/text.d.ts",
        "size": 645,
        "mode": 420
      },
      {
        "path": "packages/toolcraft-design/dist/explorer/render/text.js",
        "size": 2548,
        "mode": 420
      },
      {
        "path": "packages/toolcraft-design/dist/explorer/runtime.d.ts",
        "size": 143,
        "mode": 420
      },
      {
        "path": "packages/toolcraft-design/dist/explorer/runtime.js",
        "size": 15207,
        "mode": 420
      },
      {
        "path": "packages/toolcraft-design/dist/explorer/runtime.test-helpers.d.ts",
        "size": 1039,
        "mode": 420
      },
      {
        "path": "packages/toolcraft-design/dist/explorer/runtime.test-helpers.js",
        "size": 1574,
        "mode": 420
      },
      {
        "path": "packages/toolcraft-design/dist/explorer/state.d.ts",
        "size": 6516,
        "mode": 420
      },
      {
        "path": "packages/toolcraft-design/dist/explorer/state.js",
        "size": 5155,
        "mode": 420
      },
      {
        "path": "packages/toolcraft-design/dist/explorer/theme.d.ts",
        "size": 780,
        "mode": 420
      },
      {
        "path": "packages/toolcraft-design/dist/explorer/theme.js",
        "size": 889,
        "mode": 420
      },
      {
        "path": "packages/toolcraft-design/dist/format-columns.d.ts",
        "size": 140,
        "mode": 420
      },
      {
        "path": "packages/toolcraft-design/dist/format-columns.js",
        "size": 64,
        "mode": 420
      },
      {
        "path": "packages/toolcraft-design/dist/format-command-list.d.ts",
        "size": 135,
        "mode": 420
      },
      {
        "path": "packages/toolcraft-design/dist/format-command-list.js",
        "size": 68,
        "mode": 420
      },
      {
        "path": "packages/toolcraft-design/dist/format-command-not-found-panel.d.ts",
        "size": 77,
        "mode": 420
      },
      {
        "path": "packages/toolcraft-design/dist/format-command-not-found-panel.js",
        "size": 77,
        "mode": 420
      },
      {
        "path": "packages/toolcraft-design/dist/format-command-not-found.d.ts",
        "size": 72,
        "mode": 420
      },
      {
        "path": "packages/toolcraft-design/dist/format-command-not-found.js",
        "size": 72,
        "mode": 420
      },
      {
        "path": "packages/toolcraft-design/dist/format-command.d.ts",
        "size": 64,
        "mode": 420
      },
      {
        "path": "packages/toolcraft-design/dist/format-command.js",
        "size": 64,
        "mode": 420
      },
      {
        "path": "packages/toolcraft-design/dist/format-option-list.d.ts",
        "size": 133,
        "mode": 420
      },
      {
        "path": "packages/toolcraft-design/dist/format-option-list.js",
        "size": 67,
        "mode": 420
      },
      {
        "path": "packages/toolcraft-design/dist/format-option.d.ts",
        "size": 63,
        "mode": 420
      },
      {
        "path": "packages/toolcraft-design/dist/format-option.js",
        "size": 63,
        "mode": 420
      },
      {
        "path": "packages/toolcraft-design/dist/format-usage.d.ts",
        "size": 62,
        "mode": 420
      },
      {
        "path": "packages/toolcraft-design/dist/format-usage.js",
        "size": 62,
        "mode": 420
      },
      {
        "path": "packages/toolcraft-design/dist/get-template-partial-names.d.ts",
        "size": 68,
        "mode": 420
      },
      {
        "path": "packages/toolcraft-design/dist/get-template-partial-names.js",
        "size": 68,
        "mode": 420
      },
      {
        "path": "packages/toolcraft-design/dist/get-theme-config.d.ts",
        "size": 60,
        "mode": 420
      },
      {
        "path": "packages/toolcraft-design/dist/get-theme-config.js",
        "size": 60,
        "mode": 420
      },
      {
        "path": "packages/toolcraft-design/dist/get-theme.d.ts",
        "size": 115,
        "mode": 420
      },
      {
        "path": "packages/toolcraft-design/dist/get-theme.js",
        "size": 55,
        "mode": 420
      },
      {
        "path": "packages/toolcraft-design/dist/help-formatter-plain.d.ts",
        "size": 130,
        "mode": 420
      },
      {
        "path": "packages/toolcraft-design/dist/help-formatter-plain.js",
        "size": 130,
        "mode": 420
      },
      {
        "path": "packages/toolcraft-design/dist/help-formatter.d.ts",
        "size": 335,
        "mode": 420
      },
      {
        "path": "packages/toolcraft-design/dist/help-formatter.js",
        "size": 208,
        "mode": 420
      },
      {
        "path": "packages/toolcraft-design/dist/index.d.ts",
        "size": 5202,
        "mode": 420
      },
      {
        "path": "packages/toolcraft-design/dist/index.js",
        "size": 3156,
        "mode": 420
      },
      {
        "path": "packages/toolcraft-design/dist/internal/color-support.d.ts",
        "size": 266,
        "mode": 420
      },
      {
        "path": "packages/toolcraft-design/dist/internal/color-support.js",
        "size": 387,
        "mode": 420
      },
      {
        "path": "packages/toolcraft-design/dist/internal/output-format.d.ts",
        "size": 298,
        "mode": 420
      },
      {
        "path": "packages/toolcraft-design/dist/internal/output-format.js",
        "size": 661,
        "mode": 420
      },
      {
        "path": "packages/toolcraft-design/dist/internal/strip-ansi.d.ts",
        "size": 58,
        "mode": 420
      },
      {
        "path": "packages/toolcraft-design/dist/internal/strip-ansi.js",
        "size": 1321,
        "mode": 420
      },
      {
        "path": "packages/toolcraft-design/dist/internal/theme-detect.d.ts",
        "size": 460,
        "mode": 420
      },
      {
        "path": "packages/toolcraft-design/dist/internal/theme-detect.js",
        "size": 2440,
        "mode": 420
      },
      {
        "path": "packages/toolcraft-design/dist/internal/theme-state.d.ts",
        "size": 379,
        "mode": 420
      },
      {
        "path": "packages/toolcraft-design/dist/internal/theme-state.js",
        "size": 874,
        "mode": 420
      },
      {
        "path": "packages/toolcraft-design/dist/intro-plain.d.ts",
        "size": 49,
        "mode": 420
      },
      {
        "path": "packages/toolcraft-design/dist/intro-plain.js",
        "size": 49,
        "mode": 420
      },
      {
        "path": "packages/toolcraft-design/dist/intro.d.ts",
        "size": 44,
        "mode": 420
      },
      {
        "path": "packages/toolcraft-design/dist/intro.js",
        "size": 44,
        "mode": 420
      },
      {
        "path": "packages/toolcraft-design/dist/is-cancel.d.ts",
        "size": 47,
        "mode": 420
      },
      {
        "path": "packages/toolcraft-design/dist/is-cancel.js",
        "size": 47,
        "mode": 420
      },
      {
        "path": "packages/toolcraft-design/dist/light.d.ts",
        "size": 100,
        "mode": 420
      },
      {
        "path": "packages/toolcraft-design/dist/light.js",
        "size": 44,
        "mode": 420
      },
      {
        "path": "packages/toolcraft-design/dist/log.d.ts",
        "size": 42,
        "mode": 420
      },
      {
        "path": "packages/toolcraft-design/dist/log.js",
        "size": 42,
        "mode": 420
      },
      {
        "path": "packages/toolcraft-design/dist/logger.d.ts",
        "size": 109,
        "mode": 420
      },
      {
        "path": "packages/toolcraft-design/dist/logger.js",
        "size": 49,
        "mode": 420
      },
      {
        "path": "packages/toolcraft-design/dist/multiselect.d.ts",
        "size": 112,
        "mode": 420
      },
      {
        "path": "packages/toolcraft-design/dist/multiselect.js",
        "size": 50,
        "mode": 420
      },
      {
        "path": "packages/toolcraft-design/dist/note.d.ts",
        "size": 43,
        "mode": 420
      },
      {
        "path": "packages/toolcraft-design/dist/note.js",
        "size": 43,
        "mode": 420
      },
      {
        "path": "packages/toolcraft-design/dist/open-external.d.ts",
        "size": 56,
        "mode": 420
      },
      {
        "path": "packages/toolcraft-design/dist/open-external.js",
        "size": 56,
        "mode": 420
      },
      {
        "path": "packages/toolcraft-design/dist/outro.d.ts",
        "size": 44,
        "mode": 420
      },
      {
        "path": "packages/toolcraft-design/dist/outro.js",
        "size": 44,
        "mode": 420
      },
      {
        "path": "packages/toolcraft-design/dist/parse.d.ts",
        "size": 114,
        "mode": 420
      },
      {
        "path": "packages/toolcraft-design/dist/parse.js",
        "size": 54,
        "mode": 420
      },
      {
        "path": "packages/toolcraft-design/dist/password.d.ts",
        "size": 106,
        "mode": 420
      },
      {
        "path": "packages/toolcraft-design/dist/password.js",
        "size": 47,
        "mode": 420
      },
      {
        "path": "packages/toolcraft-design/dist/prompt-cancelled-error.d.ts",
        "size": 59,
        "mode": 420
      },
      {
        "path": "packages/toolcraft-design/dist/prompt-cancelled-error.js",
        "size": 59,
        "mode": 420
      },
      {
        "path": "packages/toolcraft-design/dist/prompt-text.d.ts",
        "size": 112,
        "mode": 420
      },
      {
        "path": "packages/toolcraft-design/dist/prompt-text.js",
        "size": 57,
        "mode": 420
      },
      {
        "path": "packages/toolcraft-design/dist/prompt-theme.d.ts",
        "size": 50,
        "mode": 420
      },
      {
        "path": "packages/toolcraft-design/dist/prompt-theme.js",
        "size": 50,
        "mode": 420
      },
      {
        "path": "packages/toolcraft-design/dist/prompts/index.d.ts",
        "size": 3331,
        "mode": 420
      },
      {
        "path": "packages/toolcraft-design/dist/prompts/index.js",
        "size": 4618,
        "mode": 420
      },
      {
        "path": "packages/toolcraft-design/dist/prompts/interactive/cancel-symbol.d.ts",
        "size": 118,
        "mode": 420
      },
      {
        "path": "packages/toolcraft-design/dist/prompts/interactive/cancel-symbol.js",
        "size": 113,
        "mode": 420
      },
      {
        "path": "packages/toolcraft-design/dist/prompts/interactive/confirm.d.ts",
        "size": 322,
        "mode": 420
      },
      {
        "path": "packages/toolcraft-design/dist/prompts/interactive/confirm.js",
        "size": 2118,
        "mode": 420
      },
      {
        "path": "packages/toolcraft-design/dist/prompts/interactive/core.d.ts",
        "size": 2200,
        "mode": 420
      },
      {
        "path": "packages/toolcraft-design/dist/prompts/interactive/core.js",
        "size": 16277,
        "mode": 420
      },
      {
        "path": "packages/toolcraft-design/dist/prompts/interactive/glyphs.d.ts",
        "size": 718,
        "mode": 420
      },
      {
        "path": "packages/toolcraft-design/dist/prompts/interactive/glyphs.js",
        "size": 1771,
        "mode": 420
      },
      {
        "path": "packages/toolcraft-design/dist/prompts/interactive/index.d.ts",
        "size": 412,
        "mode": 420
      },
      {
        "path": "packages/toolcraft-design/dist/prompts/interactive/index.js",
        "size": 287,
        "mode": 420
      },
      {
        "path": "packages/toolcraft-design/dist/prompts/interactive/keys.d.ts",
        "size": 190,
        "mode": 420
      },
      {
        "path": "packages/toolcraft-design/dist/prompts/interactive/keys.js",
        "size": 598,
        "mode": 420
      },
      {
        "path": "packages/toolcraft-design/dist/prompts/interactive/multiselect.d.ts",
        "size": 493,
        "mode": 420
      },
      {
        "path": "packages/toolcraft-design/dist/prompts/interactive/multiselect.js",
        "size": 5803,
        "mode": 420
      },
      {
        "path": "packages/toolcraft-design/dist/prompts/interactive/pagination.d.ts",
        "size": 346,
        "mode": 420
      },
      {
        "path": "packages/toolcraft-design/dist/prompts/interactive/pagination.js",
        "size": 1938,
        "mode": 420
      },
      {
        "path": "packages/toolcraft-design/dist/prompts/interactive/password.d.ts",
        "size": 377,
        "mode": 420
      },
      {
        "path": "packages/toolcraft-design/dist/prompts/interactive/password.js",
        "size": 2672,
        "mode": 420
      },
      {
        "path": "packages/toolcraft-design/dist/prompts/interactive/select.d.ts",
        "size": 648,
        "mode": 420
      },
      {
        "path": "packages/toolcraft-design/dist/prompts/interactive/select.js",
        "size": 3949,
        "mode": 420
      },
      {
        "path": "packages/toolcraft-design/dist/prompts/interactive/test-helpers.d.ts",
        "size": 564,
        "mode": 420
      },
      {
        "path": "packages/toolcraft-design/dist/prompts/interactive/test-helpers.js",
        "size": 908,
        "mode": 420
      },
      {
        "path": "packages/toolcraft-design/dist/prompts/interactive/text.d.ts",
        "size": 426,
        "mode": 420
      },
      {
        "path": "packages/toolcraft-design/dist/prompts/interactive/text.js",
        "size": 2934,
        "mode": 420
      },
      {
        "path": "packages/toolcraft-design/dist/prompts/interactive/wrap.d.ts",
        "size": 371,
        "mode": 420
      },
      {
        "path": "packages/toolcraft-design/dist/prompts/interactive/wrap.js",
        "size": 712,
        "mode": 420
      },
      {
        "path": "packages/toolcraft-design/dist/prompts/primitives/cancel.d.ts",
        "size": 112,
        "mode": 420
      },
      {
        "path": "packages/toolcraft-design/dist/prompts/primitives/cancel.js",
        "size": 362,
        "mode": 420
      },
      {
        "path": "packages/toolcraft-design/dist/prompts/primitives/intro.d.ts",
        "size": 52,
        "mode": 420
      },
      {
        "path": "packages/toolcraft-design/dist/prompts/primitives/intro.js",
        "size": 648,
        "mode": 420
      },
      {
        "path": "packages/toolcraft-design/dist/prompts/primitives/log.d.ts",
        "size": 578,
        "mode": 420
      },
      {
        "path": "packages/toolcraft-design/dist/prompts/primitives/log.js",
        "size": 3539,
        "mode": 420
      },
      {
        "path": "packages/toolcraft-design/dist/prompts/primitives/note.d.ts",
        "size": 69,
        "mode": 420
      },
      {
        "path": "packages/toolcraft-design/dist/prompts/primitives/note.js",
        "size": 1874,
        "mode": 420
      },
      {
        "path": "packages/toolcraft-design/dist/prompts/primitives/outro.d.ts",
        "size": 54,
        "mode": 420
      },
      {
        "path": "packages/toolcraft-design/dist/prompts/primitives/outro.js",
        "size": 635,
        "mode": 420
      },
      {
        "path": "packages/toolcraft-design/dist/prompts/primitives/spinner.d.ts",
        "size": 220,
        "mode": 420
      },
      {
        "path": "packages/toolcraft-design/dist/prompts/primitives/spinner.js",
        "size": 2575,
        "mode": 420
      },
      {
        "path": "packages/toolcraft-design/dist/prompts/theme.d.ts",
        "size": 269,
        "mode": 420
      },
      {
        "path": "packages/toolcraft-design/dist/prompts/theme.js",
        "size": 371,
        "mode": 420
      },
      {
        "path": "packages/toolcraft-design/dist/render-catalog.d.ts",
        "size": 181,
        "mode": 420
      },
      {
        "path": "packages/toolcraft-design/dist/render-catalog.js",
        "size": 57,
        "mode": 420
      },
      {
        "path": "packages/toolcraft-design/dist/render-detail-card.d.ts",
        "size": 174,
        "mode": 420
      },
      {
        "path": "packages/toolcraft-design/dist/render-detail-card.js",
        "size": 64,
        "mode": 420
      },
      {
        "path": "packages/toolcraft-design/dist/render-html.d.ts",
        "size": 138,
        "mode": 420
      },
      {
        "path": "packages/toolcraft-design/dist/render-html.js",
        "size": 59,
        "mode": 420
      },
      {
        "path": "packages/toolcraft-design/dist/render-inspector-card.d.ts",
        "size": 186,
        "mode": 420
      },
      {
        "path": "packages/toolcraft-design/dist/render-inspector-card.js",
        "size": 70,
        "mode": 420
      },
      {
        "path": "packages/toolcraft-design/dist/render-markdown-html.d.ts",
        "size": 138,
        "mode": 420
      },
      {
        "path": "packages/toolcraft-design/dist/render-markdown-html.js",
        "size": 67,
        "mode": 420
      },
      {
        "path": "packages/toolcraft-design/dist/render-markdown-plaintext.d.ts",
        "size": 165,
        "mode": 420
      },
      {
        "path": "packages/toolcraft-design/dist/render-markdown-plaintext.js",
        "size": 89,
        "mode": 420
      },
      {
        "path": "packages/toolcraft-design/dist/render-markdown.d.ts",
        "size": 130,
        "mode": 420
      },
      {
        "path": "packages/toolcraft-design/dist/render-markdown.js",
        "size": 63,
        "mode": 420
      },
      {
        "path": "packages/toolcraft-design/dist/render-menu.d.ts",
        "size": 120,
        "mode": 420
      },
      {
        "path": "packages/toolcraft-design/dist/render-menu.js",
        "size": 48,
        "mode": 420
      },
      {
        "path": "packages/toolcraft-design/dist/render-resource-browser.d.ts",
        "size": 203,
        "mode": 420
      },
      {
        "path": "packages/toolcraft-design/dist/render-resource-browser.js",
        "size": 74,
        "mode": 420
      },
      {
        "path": "packages/toolcraft-design/dist/render-spinner-frame.d.ts",
        "size": 118,
        "mode": 420
      },
      {
        "path": "packages/toolcraft-design/dist/render-spinner-frame.js",
        "size": 56,
        "mode": 420
      },
      {
        "path": "packages/toolcraft-design/dist/render-spinner-stopped.d.ts",
        "size": 122,
        "mode": 420
      },
      {
        "path": "packages/toolcraft-design/dist/render-spinner-stopped.js",
        "size": 58,
        "mode": 420
      },
      {
        "path": "packages/toolcraft-design/dist/render-table.d.ts",
        "size": 131,
        "mode": 420
      },
      {
        "path": "packages/toolcraft-design/dist/render-table.js",
        "size": 53,
        "mode": 420
      },
      {
        "path": "packages/toolcraft-design/dist/render-template.d.ts",
        "size": 146,
        "mode": 420
      },
      {
        "path": "packages/toolcraft-design/dist/render-template.js",
        "size": 59,
        "mode": 420
      },
      {
        "path": "packages/toolcraft-design/dist/render.d.ts",
        "size": 130,
        "mode": 420
      },
      {
        "path": "packages/toolcraft-design/dist/render.js",
        "size": 55,
        "mode": 420
      },
      {
        "path": "packages/toolcraft-design/dist/reset-output-format-cache.d.ts",
        "size": 70,
        "mode": 420
      },
      {
        "path": "packages/toolcraft-design/dist/reset-output-format-cache.js",
        "size": 70,
        "mode": 420
      },
      {
        "path": "packages/toolcraft-design/dist/reset-theme-cache.d.ts",
        "size": 62,
        "mode": 420
      },
      {
        "path": "packages/toolcraft-design/dist/reset-theme-cache.js",
        "size": 62,
        "mode": 420
      },
      {
        "path": "packages/toolcraft-design/dist/reset-theme.d.ts",
        "size": 56,
        "mode": 420
      },
      {
        "path": "packages/toolcraft-design/dist/reset-theme.js",
        "size": 56,
        "mode": 420
      },
      {
        "path": "packages/toolcraft-design/dist/resolve-output-format.d.ts",
        "size": 132,
        "mode": 420
      },
      {
        "path": "packages/toolcraft-design/dist/resolve-output-format.js",
        "size": 67,
        "mode": 420
      },
      {
        "path": "packages/toolcraft-design/dist/resolve-template-partials.d.ts",
        "size": 68,
        "mode": 420
      },
      {
        "path": "packages/toolcraft-design/dist/resolve-template-partials.js",
        "size": 68,
        "mode": 420
      },
      {
        "path": "packages/toolcraft-design/dist/resolve-theme-name.d.ts",
        "size": 123,
        "mode": 420
      },
      {
        "path": "packages/toolcraft-design/dist/resolve-theme-name.js",
        "size": 63,
        "mode": 420
      },
      {
        "path": "packages/toolcraft-design/dist/run-explorer.d.ts",
        "size": 110,
        "mode": 420
      },
      {
        "path": "packages/toolcraft-design/dist/run-explorer.js",
        "size": 51,
        "mode": 420
      },
      {
        "path": "packages/toolcraft-design/dist/screen/ansi-text.d.ts",
        "size": 100,
        "mode": 420
      },
      {
        "path": "packages/toolcraft-design/dist/screen/ansi-text.js",
        "size": 1311,
        "mode": 420
      },
      {
        "path": "packages/toolcraft-design/dist/screen/screen.d.ts",
        "size": 1218,
        "mode": 420
      },
      {
        "path": "packages/toolcraft-design/dist/screen/screen.js",
        "size": 5062,
        "mode": 420
      },
      {
        "path": "packages/toolcraft-design/dist/screen/style.d.ts",
        "size": 623,
        "mode": 420
      },
      {
        "path": "packages/toolcraft-design/dist/screen/style.js",
        "size": 2289,
        "mode": 420
      },
      {
        "path": "packages/toolcraft-design/dist/select.d.ts",
        "size": 102,
        "mode": 420
      },
      {
        "path": "packages/toolcraft-design/dist/select.js",
        "size": 45,
        "mode": 420
      },
      {
        "path": "packages/toolcraft-design/dist/should-use-interactive-dashboard.d.ts",
        "size": 70,
        "mode": 420
      },
      {
        "path": "packages/toolcraft-design/dist/should-use-interactive-dashboard.js",
        "size": 70,
        "mode": 420
      },
      {
        "path": "packages/toolcraft-design/dist/single-detail.d.ts",
        "size": 131,
        "mode": 420
      },
      {
        "path": "packages/toolcraft-design/dist/single-detail.js",
        "size": 52,
        "mode": 420
      },
      {
        "path": "packages/toolcraft-design/dist/spacing.d.ts",
        "size": 47,
        "mode": 420
      },
      {
        "path": "packages/toolcraft-design/dist/spacing.js",
        "size": 47,
        "mode": 420
      },
      {
        "path": "packages/toolcraft-design/dist/spinner-frames.d.ts",
        "size": 52,
        "mode": 420
      },
      {
        "path": "packages/toolcraft-design/dist/spinner-frames.js",
        "size": 52,
        "mode": 420
      },
      {
        "path": "packages/toolcraft-design/dist/spinner.d.ts",
        "size": 104,
        "mode": 420
      },
      {
        "path": "packages/toolcraft-design/dist/spinner.js",
        "size": 46,
        "mode": 420
      },
      {
        "path": "packages/toolcraft-design/dist/static/index.d.ts",
        "size": 273,
        "mode": 420
      },
      {
        "path": "packages/toolcraft-design/dist/static/index.js",
        "size": 129,
        "mode": 420
      },
      {
        "path": "packages/toolcraft-design/dist/static/menu.d.ts",
        "size": 273,
        "mode": 420
      },
      {
        "path": "packages/toolcraft-design/dist/static/menu.js",
        "size": 1758,
        "mode": 420
      },
      {
        "path": "packages/toolcraft-design/dist/static/spinner.d.ts",
        "size": 471,
        "mode": 420
      },
      {
        "path": "packages/toolcraft-design/dist/static/spinner.js",
        "size": 2291,
        "mode": 420
      },
      {
        "path": "packages/toolcraft-design/dist/strip-ansi.d.ts",
        "size": 54,
        "mode": 420
      },
      {
        "path": "packages/toolcraft-design/dist/strip-ansi.js",
        "size": 54,
        "mode": 420
      },
      {
        "path": "packages/toolcraft-design/dist/symbols.d.ts",
        "size": 51,
        "mode": 420
      },
      {
        "path": "packages/toolcraft-design/dist/symbols.js",
        "size": 51,
        "mode": 420
      },
      {
        "path": "packages/toolcraft-design/dist/terminal-markdown/ast.d.ts",
        "size": 2182,
        "mode": 420
      },
      {
        "path": "packages/toolcraft-design/dist/terminal-markdown/ast.js",
        "size": 11,
        "mode": 420
      },
      {
        "path": "packages/toolcraft-design/dist/terminal-markdown/demo-content.d.ts",
        "size": 192,
        "mode": 420
      },
      {
        "path": "packages/toolcraft-design/dist/terminal-markdown/demo-content.js",
        "size": 4806,
        "mode": 420
      },
      {
        "path": "packages/toolcraft-design/dist/terminal-markdown/html-renderer.d.ts",
        "size": 255,
        "mode": 420
      },
      {
        "path": "packages/toolcraft-design/dist/terminal-markdown/html-renderer.js",
        "size": 12785,
        "mode": 420
      },
      {
        "path": "packages/toolcraft-design/dist/terminal-markdown/index.d.ts",
        "size": 763,
        "mode": 420
      },
      {
        "path": "packages/toolcraft-design/dist/terminal-markdown/index.js",
        "size": 592,
        "mode": 420
      },
      {
        "path": "packages/toolcraft-design/dist/terminal-markdown/parser.d.ts",
        "size": 154,
        "mode": 420
      },
      {
        "path": "packages/toolcraft-design/dist/terminal-markdown/parser.js",
        "size": 1102,
        "mode": 420
      },
      {
        "path": "packages/toolcraft-design/dist/terminal-markdown/parser/block.d.ts",
        "size": 275,
        "mode": 420
      },
      {
        "path": "packages/toolcraft-design/dist/terminal-markdown/parser/block.js",
        "size": 49690,
        "mode": 420
      },
      {
        "path": "packages/toolcraft-design/dist/terminal-markdown/parser/code-highlight.d.ts",
        "size": 202,
        "mode": 420
      },
      {
        "path": "packages/toolcraft-design/dist/terminal-markdown/parser/code-highlight.js",
        "size": 56315,
        "mode": 420
      },
      {
        "path": "packages/toolcraft-design/dist/terminal-markdown/parser/frontmatter.d.ts",
        "size": 252,
        "mode": 420
      },
      {
        "path": "packages/toolcraft-design/dist/terminal-markdown/parser/frontmatter.js",
        "size": 1067,
        "mode": 420
      },
      {
        "path": "packages/toolcraft-design/dist/terminal-markdown/parser/inline.d.ts",
        "size": 341,
        "mode": 420
      },
      {
        "path": "packages/toolcraft-design/dist/terminal-markdown/parser/inline.js",
        "size": 38642,
        "mode": 420
      },
      {
        "path": "packages/toolcraft-design/dist/terminal-markdown/plaintext-renderer.d.ts",
        "size": 465,
        "mode": 420
      },
      {
        "path": "packages/toolcraft-design/dist/terminal-markdown/plaintext-renderer.js",
        "size": 7952,
        "mode": 420
      },
      {
        "path": "packages/toolcraft-design/dist/terminal-markdown/renderer.d.ts",
        "size": 235,
        "mode": 420
      },
      {
        "path": "packages/toolcraft-design/dist/terminal-markdown/renderer.js",
        "size": 24871,
        "mode": 420
      },
      {
        "path": "packages/toolcraft-design/dist/terminal-markdown/testing/theme-render-fixture.d.ts",
        "size": 11,
        "mode": 420
      },
      {
        "path": "packages/toolcraft-design/dist/terminal-markdown/testing/theme-render-fixture.js",
        "size": 1177,
        "mode": 420
      },
      {
        "path": "packages/toolcraft-design/dist/terminal/driver.d.ts",
        "size": 1074,
        "mode": 420
      },
      {
        "path": "packages/toolcraft-design/dist/terminal/driver.js",
        "size": 2138,
        "mode": 420
      },
      {
        "path": "packages/toolcraft-design/dist/terminal/input.d.ts",
        "size": 560,
        "mode": 420
      },
      {
        "path": "packages/toolcraft-design/dist/terminal/input.js",
        "size": 6977,
        "mode": 420
      },
      {
        "path": "packages/toolcraft-design/dist/terminal/output.d.ts",
        "size": 246,
        "mode": 420
      },
      {
        "path": "packages/toolcraft-design/dist/terminal/output.js",
        "size": 1480,
        "mode": 420
      },
      {
        "path": "packages/toolcraft-design/dist/text.d.ts",
        "size": 45,
        "mode": 420
      },
      {
        "path": "packages/toolcraft-design/dist/text.js",
        "size": 45,
        "mode": 420
      },
      {
        "path": "packages/toolcraft-design/dist/tokens/brand.d.ts",
        "size": 118,
        "mode": 420
      },
      {
        "path": "packages/toolcraft-design/dist/tokens/brand.js",
        "size": 176,
        "mode": 420
      },
      {
        "path": "packages/toolcraft-design/dist/tokens/colors.d.ts",
        "size": 1181,
        "mode": 420
      },
      {
        "path": "packages/toolcraft-design/dist/tokens/colors.js",
        "size": 3642,
        "mode": 420
      },
      {
        "path": "packages/toolcraft-design/dist/tokens/index.d.ts",
        "size": 231,
        "mode": 420
      },
      {
        "path": "packages/toolcraft-design/dist/tokens/index.js",
        "size": 190,
        "mode": 420
      },
      {
        "path": "packages/toolcraft-design/dist/tokens/spacing.d.ts",
        "size": 115,
        "mode": 420
      },
      {
        "path": "packages/toolcraft-design/dist/tokens/spacing.js",
        "size": 71,
        "mode": 420
      },
      {
        "path": "packages/toolcraft-design/dist/tokens/typography.d.ts",
        "size": 278,
        "mode": 420
      },
      {
        "path": "packages/toolcraft-design/dist/tokens/typography.js",
        "size": 298,
        "mode": 420
      },
      {
        "path": "packages/toolcraft-design/dist/tokens/widths.d.ts",
        "size": 114,
        "mode": 420
      },
      {
        "path": "packages/toolcraft-design/dist/tokens/widths.js",
        "size": 79,
        "mode": 420
      },
      {
        "path": "packages/toolcraft-design/dist/typography.d.ts",
        "size": 53,
        "mode": 420
      },
      {
        "path": "packages/toolcraft-design/dist/typography.js",
        "size": 53,
        "mode": 420
      },
      {
        "path": "packages/toolcraft-design/dist/widths.d.ts",
        "size": 45,
        "mode": 420
      },
      {
        "path": "packages/toolcraft-design/dist/widths.js",
        "size": 45,
        "mode": 420
      },
      {
        "path": "packages/toolcraft-design/dist/with-output-format.d.ts",
        "size": 129,
        "mode": 420
      },
      {
        "path": "packages/toolcraft-design/dist/with-output-format.js",
        "size": 64,
        "mode": 420
      },
      {
        "path": "packages/toolcraft-design/dist/with-spinner.d.ts",
        "size": 112,
        "mode": 420
      },
      {
        "path": "packages/toolcraft-design/dist/with-spinner.js",
        "size": 50,
        "mode": 420
      },
      {
        "path": "packages/toolcraft-design/LICENSE",
        "size": 1069,
        "mode": 420
      },
      {
        "path": "packages/toolcraft-landing-page/dist/bin/build-site.d.ts",
        "size": 594,
        "mode": 420
      },
      {
        "path": "packages/toolcraft-landing-page/dist/bin/build-site.js",
        "size": 2194,
        "mode": 420
      },
      {
        "path": "packages/toolcraft-landing-page/dist/error-codes.d.ts",
        "size": 103,
        "mode": 420
      },
      {
        "path": "packages/toolcraft-landing-page/dist/error-codes.js",
        "size": 209,
        "mode": 420
      },
      {
        "path": "packages/toolcraft-landing-page/dist/examples/toolcraft.d.ts",
        "size": 115,
        "mode": 420
      },
      {
        "path": "packages/toolcraft-landing-page/dist/examples/toolcraft.js",
        "size": 5545,
        "mode": 420
      },
      {
        "path": "packages/toolcraft-landing-page/dist/highlight.d.ts",
        "size": 334,
        "mode": 420
      },
      {
        "path": "packages/toolcraft-landing-page/dist/highlight.js",
        "size": 3371,
        "mode": 420
      },
      {
        "path": "packages/toolcraft-landing-page/dist/render.d.ts",
        "size": 809,
        "mode": 420
      },
      {
        "path": "packages/toolcraft-landing-page/dist/render.js",
        "size": 3980,
        "mode": 420
      },
      {
        "path": "packages/toolcraft-landing-page/dist/script.d.ts",
        "size": 37,
        "mode": 420
      },
      {
        "path": "packages/toolcraft-landing-page/dist/script.js",
        "size": 995,
        "mode": 420
      },
      {
        "path": "packages/toolcraft-landing-page/dist/styles.d.ts",
        "size": 34,
        "mode": 420
      },
      {
        "path": "packages/toolcraft-landing-page/dist/styles.js",
        "size": 11487,
        "mode": 420
      },
      {
        "path": "packages/toolcraft-landing-page/dist/template.d.ts",
        "size": 39,
        "mode": 420
      },
      {
        "path": "packages/toolcraft-landing-page/dist/template.js",
        "size": 7405,
        "mode": 420
      },
      {
        "path": "packages/toolcraft-openapi/dist/api-command.d.ts",
        "size": 594,
        "mode": 420
      },
      {
        "path": "packages/toolcraft-openapi/dist/api-command.js",
        "size": 122,
        "mode": 420
      },
      {
        "path": "packages/toolcraft-openapi/dist/auth/bearer-token-auth.d.ts",
        "size": 278,
        "mode": 420
      },
      {
        "path": "packages/toolcraft-openapi/dist/auth/bearer-token-auth.js",
        "size": 7968,
        "mode": 420
      },
      {
        "path": "packages/toolcraft-openapi/dist/auth/types.d.ts",
        "size": 318,
        "mode": 420
      },
      {
        "path": "packages/toolcraft-openapi/dist/auth/types.js",
        "size": 11,
        "mode": 420
      },
      {
        "path": "packages/toolcraft-openapi/dist/bin/generate.d.ts",
        "size": 2063,
        "mode": 420
      },
      {
        "path": "packages/toolcraft-openapi/dist/bin/generate.js",
        "size": 27690,
        "mode": 420
      },
      {
        "path": "packages/toolcraft-openapi/dist/config.d.ts",
        "size": 1863,
        "mode": 420
      },
      {
        "path": "packages/toolcraft-openapi/dist/config.js",
        "size": 8941,
        "mode": 420
      },
      {
        "path": "packages/toolcraft-openapi/dist/define-client.d.ts",
        "size": 897,
        "mode": 420
      },
      {
        "path": "packages/toolcraft-openapi/dist/define-client.js",
        "size": 5339,
        "mode": 420
      },
      {
        "path": "packages/toolcraft-openapi/dist/diagnose.d.ts",
        "size": 258,
        "mode": 420
      },
      {
        "path": "packages/toolcraft-openapi/dist/diagnose.js",
        "size": 3721,
        "mode": 420
      },
      {
        "path": "packages/toolcraft-openapi/dist/diagnostics.d.ts",
        "size": 848,
        "mode": 420
      },
      {
        "path": "packages/toolcraft-openapi/dist/diagnostics.js",
        "size": 794,
        "mode": 420
      },
      {
        "path": "packages/toolcraft-openapi/dist/error-codes.d.ts",
        "size": 103,
        "mode": 420
      },
      {
        "path": "packages/toolcraft-openapi/dist/error-codes.js",
        "size": 209,
        "mode": 420
      },
      {
        "path": "packages/toolcraft-openapi/dist/generate.d.ts",
        "size": 9635,
        "mode": 420
      },
      {
        "path": "packages/toolcraft-openapi/dist/generate.js",
        "size": 92154,
        "mode": 420
      },
      {
        "path": "packages/toolcraft-openapi/dist/generated-client-entrypoints.compile-check.d.ts",
        "size": 11,
        "mode": 420
      },
      {
        "path": "packages/toolcraft-openapi/dist/generated-client-entrypoints.compile-check.js",
        "size": 1096,
        "mode": 420
      },
      {
        "path": "packages/toolcraft-openapi/dist/generated-manual-wiring.compile-check.d.ts",
        "size": 722,
        "mode": 420
      },
      {
        "path": "packages/toolcraft-openapi/dist/generated-manual-wiring.compile-check.js",
        "size": 1032,
        "mode": 420
      },
      {
        "path": "packages/toolcraft-openapi/dist/group-by-noun.d.ts",
        "size": 255,
        "mode": 420
      },
      {
        "path": "packages/toolcraft-openapi/dist/group-by-noun.js",
        "size": 637,
        "mode": 420
      },
      {
        "path": "packages/toolcraft-openapi/dist/http.d.ts",
        "size": 2495,
        "mode": 420
      },
      {
        "path": "packages/toolcraft-openapi/dist/http.js",
        "size": 28884,
        "mode": 420
      },
      {
        "path": "packages/toolcraft-openapi/dist/index.d.ts",
        "size": 2002,
        "mode": 420
      },
      {
        "path": "packages/toolcraft-openapi/dist/index.js",
        "size": 930,
        "mode": 420
      },
      {
        "path": "packages/toolcraft-openapi/dist/inspect-source.d.ts",
        "size": 540,
        "mode": 420
      },
      {
        "path": "packages/toolcraft-openapi/dist/inspect-source.js",
        "size": 626,
        "mode": 420
      },
      {
        "path": "packages/toolcraft-openapi/dist/inspect.d.ts",
        "size": 805,
        "mode": 420
      },
      {
        "path": "packages/toolcraft-openapi/dist/inspect.js",
        "size": 7352,
        "mode": 420
      },
      {
        "path": "packages/toolcraft-openapi/dist/interpreter.d.ts",
        "size": 1311,
        "mode": 420
      },
      {
        "path": "packages/toolcraft-openapi/dist/interpreter.js",
        "size": 19585,
        "mode": 420
      },
      {
        "path": "packages/toolcraft-openapi/dist/mock.compile-check.d.ts",
        "size": 11,
        "mode": 420
      },
      {
        "path": "packages/toolcraft-openapi/dist/mock.compile-check.js",
        "size": 514,
        "mode": 420
      },
      {
        "path": "packages/toolcraft-openapi/dist/mock.d.ts",
        "size": 283,
        "mode": 420
      },
      {
        "path": "packages/toolcraft-openapi/dist/mock.js",
        "size": 145,
        "mode": 420
      },
      {
        "path": "packages/toolcraft-openapi/dist/mock/fetch.d.ts",
        "size": 1133,
        "mode": 420
      },
      {
        "path": "packages/toolcraft-openapi/dist/mock/fetch.js",
        "size": 27500,
        "mode": 420
      },
      {
        "path": "packages/toolcraft-openapi/dist/mock/forgeyard.d.ts",
        "size": 1053,
        "mode": 420
      },
      {
        "path": "packages/toolcraft-openapi/dist/mock/forgeyard.js",
        "size": 15641,
        "mode": 420
      },
      {
        "path": "packages/toolcraft-openapi/dist/naming.d.ts",
        "size": 1478,
        "mode": 420
      },
      {
        "path": "packages/toolcraft-openapi/dist/naming.js",
        "size": 11480,
        "mode": 420
      },
      {
        "path": "packages/toolcraft-openapi/dist/network-error.d.ts",
        "size": 152,
        "mode": 420
      },
      {
        "path": "packages/toolcraft-openapi/dist/network-error.js",
        "size": 3986,
        "mode": 420
      },
      {
        "path": "packages/toolcraft-openapi/dist/normalize-swagger.d.ts",
        "size": 148,
        "mode": 420
      },
      {
        "path": "packages/toolcraft-openapi/dist/normalize-swagger.js",
        "size": 8474,
        "mode": 420
      },
      {
        "path": "packages/toolcraft-openapi/dist/redaction.d.ts",
        "size": 248,
        "mode": 420
      },
      {
        "path": "packages/toolcraft-openapi/dist/redaction.js",
        "size": 1180,
        "mode": 420
      },
      {
        "path": "packages/toolcraft-openapi/dist/render-inspection.d.ts",
        "size": 151,
        "mode": 420
      },
      {
        "path": "packages/toolcraft-openapi/dist/render-inspection.js",
        "size": 5821,
        "mode": 420
      },
      {
        "path": "packages/toolcraft-openapi/dist/request-shape.d.ts",
        "size": 575,
        "mode": 420
      },
      {
        "path": "packages/toolcraft-openapi/dist/request-shape.js",
        "size": 282,
        "mode": 420
      },
      {
        "path": "packages/toolcraft-openapi/dist/runtime.d.ts",
        "size": 1732,
        "mode": 420
      },
      {
        "path": "packages/toolcraft-openapi/dist/runtime.js",
        "size": 9637,
        "mode": 420
      },
      {
        "path": "packages/toolcraft-openapi/dist/spec-cache.d.ts",
        "size": 1576,
        "mode": 420
      },
      {
        "path": "packages/toolcraft-openapi/dist/spec-cache.js",
        "size": 13754,
        "mode": 420
      },
      {
        "path": "packages/toolcraft-openapi/dist/spec-source.d.ts",
        "size": 1406,
        "mode": 420
      },
      {
        "path": "packages/toolcraft-openapi/dist/spec-source.js",
        "size": 10041,
        "mode": 420
      },
      {
        "path": "packages/toolcraft-openapi/LICENSE",
        "size": 1069,
        "mode": 420
      },
      {
        "path": "packages/toolcraft-schema/dist/index.compile-check.d.ts",
        "size": 11,
        "mode": 420
      },
      {
        "path": "packages/toolcraft-schema/dist/index.compile-check.js",
        "size": 866,
        "mode": 420
      },
      {
        "path": "packages/toolcraft-schema/dist/index.d.ts",
        "size": 8438,
        "mode": 420
      },
      {
        "path": "packages/toolcraft-schema/dist/index.js",
        "size": 10008,
        "mode": 420
      },
      {
        "path": "packages/toolcraft-schema/dist/json-schema-document.d.ts",
        "size": 444,
        "mode": 420
      },
      {
        "path": "packages/toolcraft-schema/dist/json-schema-document.js",
        "size": 534,
        "mode": 420
      },
      {
        "path": "packages/toolcraft-schema/dist/json-schema/compiler.d.ts",
        "size": 536,
        "mode": 420
      },
      {
        "path": "packages/toolcraft-schema/dist/json-schema/compiler.js",
        "size": 17017,
        "mode": 420
      },
      {
        "path": "packages/toolcraft-schema/dist/json-schema/evaluate.d.ts",
        "size": 200,
        "mode": 420
      },
      {
        "path": "packages/toolcraft-schema/dist/json-schema/evaluate.js",
        "size": 20452,
        "mode": 420
      },
      {
        "path": "packages/toolcraft-schema/dist/json-schema/index.d.ts",
        "size": 413,
        "mode": 420
      },
      {
        "path": "packages/toolcraft-schema/dist/json-schema/index.js",
        "size": 662,
        "mode": 420
      },
      {
        "path": "packages/toolcraft-schema/dist/json-schema/types.d.ts",
        "size": 1057,
        "mode": 420
      },
      {
        "path": "packages/toolcraft-schema/dist/json-schema/types.js",
        "size": 11,
        "mode": 420
      },
      {
        "path": "packages/toolcraft-schema/dist/json-schema/utils.d.ts",
        "size": 1426,
        "mode": 420
      },
      {
        "path": "packages/toolcraft-schema/dist/json-schema/utils.js",
        "size": 5313,
        "mode": 420
      },
      {
        "path": "packages/toolcraft-schema/dist/json.compile-check.d.ts",
        "size": 11,
        "mode": 420
      },
      {
        "path": "packages/toolcraft-schema/dist/json.compile-check.js",
        "size": 64,
        "mode": 420
      },
      {
        "path": "packages/toolcraft-schema/dist/json.d.ts",
        "size": 352,
        "mode": 420
      },
      {
        "path": "packages/toolcraft-schema/dist/json.js",
        "size": 69,
        "mode": 420
      },
      {
        "path": "packages/toolcraft-schema/dist/oneof.compile-check.d.ts",
        "size": 11,
        "mode": 420
      },
      {
        "path": "packages/toolcraft-schema/dist/oneof.compile-check.js",
        "size": 255,
        "mode": 420
      },
      {
        "path": "packages/toolcraft-schema/dist/oneof.d.ts",
        "size": 877,
        "mode": 420
      },
      {
        "path": "packages/toolcraft-schema/dist/oneof.js",
        "size": 683,
        "mode": 420
      },
      {
        "path": "packages/toolcraft-schema/dist/record.compile-check.d.ts",
        "size": 11,
        "mode": 420
      },
      {
        "path": "packages/toolcraft-schema/dist/record.compile-check.js",
        "size": 76,
        "mode": 420
      },
      {
        "path": "packages/toolcraft-schema/dist/record.d.ts",
        "size": 309,
        "mode": 420
      },
      {
        "path": "packages/toolcraft-schema/dist/record.js",
        "size": 93,
        "mode": 420
      },
      {
        "path": "packages/toolcraft-schema/dist/union.compile-check.d.ts",
        "size": 11,
        "mode": 420
      },
      {
        "path": "packages/toolcraft-schema/dist/union.compile-check.js",
        "size": 168,
        "mode": 420
      },
      {
        "path": "packages/toolcraft-schema/dist/union.d.ts",
        "size": 556,
        "mode": 420
      },
      {
        "path": "packages/toolcraft-schema/dist/union.js",
        "size": 1507,
        "mode": 420
      },
      {
        "path": "packages/toolcraft-schema/dist/validate.d.ts",
        "size": 492,
        "mode": 420
      },
      {
        "path": "packages/toolcraft-schema/dist/validate.js",
        "size": 14686,
        "mode": 420
      },
      {
        "path": "packages/toolcraft-schema/LICENSE",
        "size": 1069,
        "mode": 420
      },
      {
        "path": "packages/toolcraft/dist/agent-defs.d.ts",
        "size": 48,
        "mode": 420
      },
      {
        "path": "packages/toolcraft/dist/agent-defs.js",
        "size": 38,
        "mode": 420
      },
      {
        "path": "packages/toolcraft/dist/agent-mcp-config.d.ts",
        "size": 54,
        "mode": 420
      },
      {
        "path": "packages/toolcraft/dist/agent-mcp-config.js",
        "size": 44,
        "mode": 420
      },
      {
        "path": "packages/toolcraft/dist/api-error-summary.d.ts",
        "size": 1339,
        "mode": 420
      },
      {
        "path": "packages/toolcraft/dist/api-error-summary.js",
        "size": 6216,
        "mode": 420
      },
      {
        "path": "packages/toolcraft/dist/auth-store.d.ts",
        "size": 48,
        "mode": 420
      },
      {
        "path": "packages/toolcraft/dist/auth-store.js",
        "size": 28,
        "mode": 420
      },
      {
        "path": "packages/toolcraft/dist/cli.compile-check.d.ts",
        "size": 11,
        "mode": 420
      },
      {
        "path": "packages/toolcraft/dist/cli.compile-check.js",
        "size": 1480,
        "mode": 420
      },
      {
        "path": "packages/toolcraft/dist/cli.d.ts",
        "size": 4164,
        "mode": 420
      },
      {
        "path": "packages/toolcraft/dist/cli.js",
        "size": 167157,
        "mode": 420
      },
      {
        "path": "packages/toolcraft/dist/composition.d.ts",
        "size": 591,
        "mode": 420
      },
      {
        "path": "packages/toolcraft/dist/composition.js",
        "size": 520,
        "mode": 420
      },
      {
        "path": "packages/toolcraft/dist/composition.json",
        "size": 135,
        "mode": 420
      },
      {
        "path": "packages/toolcraft/dist/config-mutations.d.ts",
        "size": 54,
        "mode": 420
      },
      {
        "path": "packages/toolcraft/dist/config-mutations.js",
        "size": 44,
        "mode": 420
      },
      {
        "path": "packages/toolcraft/dist/design.d.ts",
        "size": 54,
        "mode": 420
      },
      {
        "path": "packages/toolcraft/dist/design.js",
        "size": 34,
        "mode": 420
      },
      {
        "path": "packages/toolcraft/dist/design/brand.d.ts",
        "size": 135,
        "mode": 420
      },
      {
        "path": "packages/toolcraft/dist/design/brand.js",
        "size": 48,
        "mode": 420
      },
      {
        "path": "packages/toolcraft/dist/design/brands.d.ts",
        "size": 138,
        "mode": 420
      },
      {
        "path": "packages/toolcraft/dist/design/brands.js",
        "size": 50,
        "mode": 420
      },
      {
        "path": "packages/toolcraft/dist/design/cancel.d.ts",
        "size": 67,
        "mode": 420
      },
      {
        "path": "packages/toolcraft/dist/design/cancel.js",
        "size": 50,
        "mode": 420
      },
      {
        "path": "packages/toolcraft/dist/design/color.d.ts",
        "size": 135,
        "mode": 420
      },
      {
        "path": "packages/toolcraft/dist/design/color.js",
        "size": 48,
        "mode": 420
      },
      {
        "path": "packages/toolcraft/dist/design/configure-theme.d.ts",
        "size": 84,
        "mode": 420
      },
      {
        "path": "packages/toolcraft/dist/design/configure-theme.js",
        "size": 67,
        "mode": 420
      },
      {
        "path": "packages/toolcraft/dist/design/confirm-or-cancel.d.ts",
        "size": 178,
        "mode": 420
      },
      {
        "path": "packages/toolcraft/dist/design/confirm-or-cancel.js",
        "size": 70,
        "mode": 420
      },
      {
        "path": "packages/toolcraft/dist/design/confirm.d.ts",
        "size": 150,
        "mode": 420
      },
      {
        "path": "packages/toolcraft/dist/design/confirm.js",
        "size": 52,
        "mode": 420
      },
      {
        "path": "packages/toolcraft/dist/design/create-dashboard.d.ts",
        "size": 189,
        "mode": 420
      },
      {
        "path": "packages/toolcraft/dist/design/create-dashboard.js",
        "size": 69,
        "mode": 420
      },
      {
        "path": "packages/toolcraft/dist/design/create-logger.d.ts",
        "size": 165,
        "mode": 420
      },
      {
        "path": "packages/toolcraft/dist/design/create-logger.js",
        "size": 63,
        "mode": 420
      },
      {
        "path": "packages/toolcraft/dist/design/dark.d.ts",
        "size": 139,
        "mode": 420
      },
      {
        "path": "packages/toolcraft/dist/design/dark.js",
        "size": 46,
        "mode": 420
      },
      {
        "path": "packages/toolcraft/dist/design/format-columns.d.ts",
        "size": 176,
        "mode": 420
      },
      {
        "path": "packages/toolcraft/dist/design/format-columns.js",
        "size": 65,
        "mode": 420
      },
      {
        "path": "packages/toolcraft/dist/design/format-command-list.d.ts",
        "size": 181,
        "mode": 420
      },
      {
        "path": "packages/toolcraft/dist/design/format-command-list.js",
        "size": 74,
        "mode": 420
      },
      {
        "path": "packages/toolcraft/dist/design/format-command-not-found-panel.d.ts",
        "size": 111,
        "mode": 420
      },
      {
        "path": "packages/toolcraft/dist/design/format-command-not-found-panel.js",
        "size": 94,
        "mode": 420
      },
      {
        "path": "packages/toolcraft/dist/design/format-command-not-found.d.ts",
        "size": 100,
        "mode": 420
      },
      {
        "path": "packages/toolcraft/dist/design/format-command-not-found.js",
        "size": 83,
        "mode": 420
      },
      {
        "path": "packages/toolcraft/dist/design/format-command.d.ts",
        "size": 82,
        "mode": 420
      },
      {
        "path": "packages/toolcraft/dist/design/format-command.js",
        "size": 65,
        "mode": 420
      },
      {
        "path": "packages/toolcraft/dist/design/format-option-list.d.ts",
        "size": 177,
        "mode": 420
      },
      {
        "path": "packages/toolcraft/dist/design/format-option-list.js",
        "size": 72,
        "mode": 420
      },
      {
        "path": "packages/toolcraft/dist/design/format-option.d.ts",
        "size": 80,
        "mode": 420
      },
      {
        "path": "packages/toolcraft/dist/design/format-option.js",
        "size": 63,
        "mode": 420
      },
      {
        "path": "packages/toolcraft/dist/design/format-usage.d.ts",
        "size": 78,
        "mode": 420
      },
      {
        "path": "packages/toolcraft/dist/design/format-usage.js",
        "size": 61,
        "mode": 420
      },
      {
        "path": "packages/toolcraft/dist/design/get-template-partial-names.d.ts",
        "size": 104,
        "mode": 420
      },
      {
        "path": "packages/toolcraft/dist/design/get-template-partial-names.js",
        "size": 87,
        "mode": 420
      },
      {
        "path": "packages/toolcraft/dist/design/get-theme-config.d.ts",
        "size": 85,
        "mode": 420
      },
      {
        "path": "packages/toolcraft/dist/design/get-theme-config.js",
        "size": 68,
        "mode": 420
      },
      {
        "path": "packages/toolcraft/dist/design/get-theme.d.ts",
        "size": 149,
        "mode": 420
      },
      {
        "path": "packages/toolcraft/dist/design/get-theme.js",
        "size": 55,
        "mode": 420
      },
      {
        "path": "packages/toolcraft/dist/design/help-formatter-plain.d.ts",
        "size": 166,
        "mode": 420
      },
      {
        "path": "packages/toolcraft/dist/design/help-formatter-plain.js",
        "size": 132,
        "mode": 420
      },
      {
        "path": "packages/toolcraft/dist/design/help-formatter.d.ts",
        "size": 371,
        "mode": 420
      },
      {
        "path": "packages/toolcraft/dist/design/help-formatter.js",
        "size": 209,
        "mode": 420
      },
      {
        "path": "packages/toolcraft/dist/design/intro-plain.d.ts",
        "size": 76,
        "mode": 420
      },
      {
        "path": "packages/toolcraft/dist/design/intro-plain.js",
        "size": 59,
        "mode": 420
      },
      {
        "path": "packages/toolcraft/dist/design/intro.d.ts",
        "size": 65,
        "mode": 420
      },
      {
        "path": "packages/toolcraft/dist/design/intro.js",
        "size": 48,
        "mode": 420
      },
      {
        "path": "packages/toolcraft/dist/design/is-cancel.d.ts",
        "size": 72,
        "mode": 420
      },
      {
        "path": "packages/toolcraft/dist/design/is-cancel.js",
        "size": 55,
        "mode": 420
      },
      {
        "path": "packages/toolcraft/dist/design/light.d.ts",
        "size": 142,
        "mode": 420
      },
      {
        "path": "packages/toolcraft/dist/design/light.js",
        "size": 48,
        "mode": 420
      },
      {
        "path": "packages/toolcraft/dist/design/log.d.ts",
        "size": 61,
        "mode": 420
      },
      {
        "path": "packages/toolcraft/dist/design/log.js",
        "size": 44,
        "mode": 420
      },
      {
        "path": "packages/toolcraft/dist/design/logger.d.ts",
        "size": 145,
        "mode": 420
      },
      {
        "path": "packages/toolcraft/dist/design/logger.js",
        "size": 50,
        "mode": 420
      },
      {
        "path": "packages/toolcraft/dist/design/multiselect.d.ts",
        "size": 166,
        "mode": 420
      },
      {
        "path": "packages/toolcraft/dist/design/multiselect.js",
        "size": 60,
        "mode": 420
      },
      {
        "path": "packages/toolcraft/dist/design/note.d.ts",
        "size": 63,
        "mode": 420
      },
      {
        "path": "packages/toolcraft/dist/design/note.js",
        "size": 46,
        "mode": 420
      },
      {
        "path": "packages/toolcraft/dist/design/open-external.d.ts",
        "size": 80,
        "mode": 420
      },
      {
        "path": "packages/toolcraft/dist/design/open-external.js",
        "size": 63,
        "mode": 420
      },
      {
        "path": "packages/toolcraft/dist/design/outro.d.ts",
        "size": 65,
        "mode": 420
      },
      {
        "path": "packages/toolcraft/dist/design/outro.js",
        "size": 48,
        "mode": 420
      },
      {
        "path": "packages/toolcraft/dist/design/parse.d.ts",
        "size": 136,
        "mode": 420
      },
      {
        "path": "packages/toolcraft/dist/design/parse.js",
        "size": 48,
        "mode": 420
      },
      {
        "path": "packages/toolcraft/dist/design/password.d.ts",
        "size": 154,
        "mode": 420
      },
      {
        "path": "packages/toolcraft/dist/design/password.js",
        "size": 54,
        "mode": 420
      },
      {
        "path": "packages/toolcraft/dist/design/prompt-cancelled-error.d.ts",
        "size": 97,
        "mode": 420
      },
      {
        "path": "packages/toolcraft/dist/design/prompt-cancelled-error.js",
        "size": 80,
        "mode": 420
      },
      {
        "path": "packages/toolcraft/dist/design/prompt-text.d.ts",
        "size": 158,
        "mode": 420
      },
      {
        "path": "packages/toolcraft/dist/design/prompt-text.js",
        "size": 59,
        "mode": 420
      },
      {
        "path": "packages/toolcraft/dist/design/prompt-theme.d.ts",
        "size": 78,
        "mode": 420
      },
      {
        "path": "packages/toolcraft/dist/design/prompt-theme.js",
        "size": 61,
        "mode": 420
      },
      {
        "path": "packages/toolcraft/dist/design/render-catalog.d.ts",
        "size": 231,
        "mode": 420
      },
      {
        "path": "packages/toolcraft/dist/design/render-catalog.js",
        "size": 65,
        "mode": 420
      },
      {
        "path": "packages/toolcraft/dist/design/render-detail-card.d.ts",
        "size": 224,
        "mode": 420
      },
      {
        "path": "packages/toolcraft/dist/design/render-detail-card.js",
        "size": 72,
        "mode": 420
      },
      {
        "path": "packages/toolcraft/dist/design/render-html.d.ts",
        "size": 172,
        "mode": 420
      },
      {
        "path": "packages/toolcraft/dist/design/render-html.js",
        "size": 59,
        "mode": 420
      },
      {
        "path": "packages/toolcraft/dist/design/render-inspector-card.d.ts",
        "size": 236,
        "mode": 420
      },
      {
        "path": "packages/toolcraft/dist/design/render-inspector-card.js",
        "size": 78,
        "mode": 420
      },
      {
        "path": "packages/toolcraft/dist/design/render-markdown-html.d.ts",
        "size": 190,
        "mode": 420
      },
      {
        "path": "packages/toolcraft/dist/design/render-markdown-html.js",
        "size": 76,
        "mode": 420
      },
      {
        "path": "packages/toolcraft/dist/design/render-markdown-plaintext.d.ts",
        "size": 227,
        "mode": 420
      },
      {
        "path": "packages/toolcraft/dist/design/render-markdown-plaintext.js",
        "size": 103,
        "mode": 420
      },
      {
        "path": "packages/toolcraft/dist/design/render-markdown.d.ts",
        "size": 172,
        "mode": 420
      },
      {
        "path": "packages/toolcraft/dist/design/render-markdown.js",
        "size": 67,
        "mode": 420
      },
      {
        "path": "packages/toolcraft/dist/design/render-menu.d.ts",
        "size": 176,
        "mode": 420
      },
      {
        "path": "packages/toolcraft/dist/design/render-menu.js",
        "size": 59,
        "mode": 420
      },
      {
        "path": "packages/toolcraft/dist/design/render-resource-browser.d.ts",
        "size": 253,
        "mode": 420
      },
      {
        "path": "packages/toolcraft/dist/design/render-resource-browser.js",
        "size": 82,
        "mode": 420
      },
      {
        "path": "packages/toolcraft/dist/design/render-spinner-frame.d.ts",
        "size": 192,
        "mode": 420
      },
      {
        "path": "packages/toolcraft/dist/design/render-spinner-frame.js",
        "size": 76,
        "mode": 420
      },
      {
        "path": "packages/toolcraft/dist/design/render-spinner-stopped.d.ts",
        "size": 200,
        "mode": 420
      },
      {
        "path": "packages/toolcraft/dist/design/render-spinner-stopped.js",
        "size": 80,
        "mode": 420
      },
      {
        "path": "packages/toolcraft/dist/design/render-table.d.ts",
        "size": 181,
        "mode": 420
      },
      {
        "path": "packages/toolcraft/dist/design/render-table.js",
        "size": 61,
        "mode": 420
      },
      {
        "path": "packages/toolcraft/dist/design/render-template.d.ts",
        "size": 196,
        "mode": 420
      },
      {
        "path": "packages/toolcraft/dist/design/render-template.js",
        "size": 67,
        "mode": 420
      },
      {
        "path": "packages/toolcraft/dist/design/render.d.ts",
        "size": 154,
        "mode": 420
      },
      {
        "path": "packages/toolcraft/dist/design/render.js",
        "size": 50,
        "mode": 420
      },
      {
        "path": "packages/toolcraft/dist/design/reset-output-format-cache.d.ts",
        "size": 102,
        "mode": 420
      },
      {
        "path": "packages/toolcraft/dist/design/reset-output-format-cache.js",
        "size": 85,
        "mode": 420
      },
      {
        "path": "packages/toolcraft/dist/design/reset-theme-cache.d.ts",
        "size": 87,
        "mode": 420
      },
      {
        "path": "packages/toolcraft/dist/design/reset-theme-cache.js",
        "size": 70,
        "mode": 420
      },
      {
        "path": "packages/toolcraft/dist/design/reset-theme.d.ts",
        "size": 76,
        "mode": 420
      },
      {
        "path": "packages/toolcraft/dist/design/reset-theme.js",
        "size": 59,
        "mode": 420
      },
      {
        "path": "packages/toolcraft/dist/design/resolve-output-format.d.ts",
        "size": 188,
        "mode": 420
      },
      {
        "path": "packages/toolcraft/dist/design/resolve-output-format.js",
        "size": 78,
        "mode": 420
      },
      {
        "path": "packages/toolcraft/dist/design/resolve-template-partials.d.ts",
        "size": 103,
        "mode": 420
      },
      {
        "path": "packages/toolcraft/dist/design/resolve-template-partials.js",
        "size": 86,
        "mode": 420
      },
      {
        "path": "packages/toolcraft/dist/design/resolve-theme-name.d.ts",
        "size": 175,
        "mode": 420
      },
      {
        "path": "packages/toolcraft/dist/design/resolve-theme-name.js",
        "size": 72,
        "mode": 420
      },
      {
        "path": "packages/toolcraft/dist/design/run-explorer.d.ts",
        "size": 164,
        "mode": 420
      },
      {
        "path": "packages/toolcraft/dist/design/run-explorer.js",
        "size": 61,
        "mode": 420
      },
      {
        "path": "packages/toolcraft/dist/design/select.d.ts",
        "size": 146,
        "mode": 420
      },
      {
        "path": "packages/toolcraft/dist/design/select.js",
        "size": 50,
        "mode": 420
      },
      {
        "path": "packages/toolcraft/dist/design/should-use-interactive-dashboard.d.ts",
        "size": 116,
        "mode": 420
      },
      {
        "path": "packages/toolcraft/dist/design/should-use-interactive-dashboard.js",
        "size": 99,
        "mode": 420
      },
      {
        "path": "packages/toolcraft/dist/design/single-detail.d.ts",
        "size": 187,
        "mode": 420
      },
      {
        "path": "packages/toolcraft/dist/design/single-detail.js",
        "size": 63,
        "mode": 420
      },
      {
        "path": "packages/toolcraft/dist/design/spacing.d.ts",
        "size": 69,
        "mode": 420
      },
      {
        "path": "packages/toolcraft/dist/design/spacing.js",
        "size": 52,
        "mode": 420
      },
      {
        "path": "packages/toolcraft/dist/design/spinner-frames.d.ts",
        "size": 83,
        "mode": 420
      },
      {
        "path": "packages/toolcraft/dist/design/spinner-frames.js",
        "size": 66,
        "mode": 420
      },
      {
        "path": "packages/toolcraft/dist/design/spinner.d.ts",
        "size": 150,
        "mode": 420
      },
      {
        "path": "packages/toolcraft/dist/design/spinner.js",
        "size": 52,
        "mode": 420
      },
      {
        "path": "packages/toolcraft/dist/design/strip-ansi.d.ts",
        "size": 74,
        "mode": 420
      },
      {
        "path": "packages/toolcraft/dist/design/strip-ansi.js",
        "size": 57,
        "mode": 420
      },
      {
        "path": "packages/toolcraft/dist/design/symbols.d.ts",
        "size": 69,
        "mode": 420
      },
      {
        "path": "packages/toolcraft/dist/design/symbols.js",
        "size": 52,
        "mode": 420
      },
      {
        "path": "packages/toolcraft/dist/design/text.d.ts",
        "size": 63,
        "mode": 420
      },
      {
        "path": "packages/toolcraft/dist/design/text.js",
        "size": 46,
        "mode": 420
      },
      {
        "path": "packages/toolcraft/dist/design/typography.d.ts",
        "size": 75,
        "mode": 420
      },
      {
        "path": "packages/toolcraft/dist/design/typography.js",
        "size": 58,
        "mode": 420
      },
      {
        "path": "packages/toolcraft/dist/design/widths.d.ts",
        "size": 67,
        "mode": 420
      },
      {
        "path": "packages/toolcraft/dist/design/widths.js",
        "size": 50,
        "mode": 420
      },
      {
        "path": "packages/toolcraft/dist/design/with-output-format.d.ts",
        "size": 179,
        "mode": 420
      },
      {
        "path": "packages/toolcraft/dist/design/with-output-format.js",
        "size": 72,
        "mode": 420
      },
      {
        "path": "packages/toolcraft/dist/design/with-spinner.d.ts",
        "size": 168,
        "mode": 420
      },
      {
        "path": "packages/toolcraft/dist/design/with-spinner.js",
        "size": 61,
        "mode": 420
      },
      {
        "path": "packages/toolcraft/dist/error-codes.d.ts",
        "size": 103,
        "mode": 420
      },
      {
        "path": "packages/toolcraft/dist/error-codes.js",
        "size": 209,
        "mode": 420
      },
      {
        "path": "packages/toolcraft/dist/error-report.d.ts",
        "size": 1705,
        "mode": 420
      },
      {
        "path": "packages/toolcraft/dist/error-report.js",
        "size": 16278,
        "mode": 420
      },
      {
        "path": "packages/toolcraft/dist/file-change-renderer.d.ts",
        "size": 461,
        "mode": 420
      },
      {
        "path": "packages/toolcraft/dist/file-change-renderer.js",
        "size": 415,
        "mode": 420
      },
      {
        "path": "packages/toolcraft/dist/frontmatter.d.ts",
        "size": 49,
        "mode": 420
      },
      {
        "path": "packages/toolcraft/dist/frontmatter.js",
        "size": 39,
        "mode": 420
      },
      {
        "path": "packages/toolcraft/dist/http-errors.d.ts",
        "size": 1608,
        "mode": 420
      },
      {
        "path": "packages/toolcraft/dist/http-errors.js",
        "size": 2073,
        "mode": 420
      },
      {
        "path": "packages/toolcraft/dist/http-hosted-oauth.compile-check.d.ts",
        "size": 11,
        "mode": 420
      },
      {
        "path": "packages/toolcraft/dist/http-hosted-oauth.compile-check.js",
        "size": 2123,
        "mode": 420
      },
      {
        "path": "packages/toolcraft/dist/http-hosted-oauth.d.ts",
        "size": 5361,
        "mode": 420
      },
      {
        "path": "packages/toolcraft/dist/http-hosted-oauth.js",
        "size": 23482,
        "mode": 420
      },
      {
        "path": "packages/toolcraft/dist/http.compile-check.d.ts",
        "size": 11,
        "mode": 420
      },
      {
        "path": "packages/toolcraft/dist/http.compile-check.js",
        "size": 969,
        "mode": 420
      },
      {
        "path": "packages/toolcraft/dist/http.d.ts",
        "size": 2937,
        "mode": 420
      },
      {
        "path": "packages/toolcraft/dist/http.js",
        "size": 6517,
        "mode": 420
      },
      {
        "path": "packages/toolcraft/dist/human-in-loop/approval-tasks.d.ts",
        "size": 1278,
        "mode": 420
      },
      {
        "path": "packages/toolcraft/dist/human-in-loop/approval-tasks.js",
        "size": 7519,
        "mode": 420
      },
      {
        "path": "packages/toolcraft/dist/human-in-loop/approvals-commands.d.ts",
        "size": 616,
        "mode": 420
      },
      {
        "path": "packages/toolcraft/dist/human-in-loop/approvals-commands.js",
        "size": 7480,
        "mode": 420
      },
      {
        "path": "packages/toolcraft/dist/human-in-loop/config.d.ts",
        "size": 792,
        "mode": 420
      },
      {
        "path": "packages/toolcraft/dist/human-in-loop/config.js",
        "size": 1168,
        "mode": 420
      },
      {
        "path": "packages/toolcraft/dist/human-in-loop/default-provider.d.ts",
        "size": 162,
        "mode": 420
      },
      {
        "path": "packages/toolcraft/dist/human-in-loop/default-provider.js",
        "size": 994,
        "mode": 420
      },
      {
        "path": "packages/toolcraft/dist/human-in-loop/gate.d.ts",
        "size": 544,
        "mode": 420
      },
      {
        "path": "packages/toolcraft/dist/human-in-loop/gate.js",
        "size": 2137,
        "mode": 420
      },
      {
        "path": "packages/toolcraft/dist/human-in-loop/index.d.ts",
        "size": 711,
        "mode": 420
      },
      {
        "path": "packages/toolcraft/dist/human-in-loop/index.js",
        "size": 347,
        "mode": 420
      },
      {
        "path": "packages/toolcraft/dist/human-in-loop/plan-hash.d.ts",
        "size": 609,
        "mode": 420
      },
      {
        "path": "packages/toolcraft/dist/human-in-loop/plan-hash.js",
        "size": 2585,
        "mode": 420
      },
      {
        "path": "packages/toolcraft/dist/human-in-loop/runner.d.ts",
        "size": 258,
        "mode": 420
      },
      {
        "path": "packages/toolcraft/dist/human-in-loop/runner.js",
        "size": 8928,
        "mode": 420
      },
      {
        "path": "packages/toolcraft/dist/human-in-loop/runtime-options.d.ts",
        "size": 742,
        "mode": 420
      },
      {
        "path": "packages/toolcraft/dist/human-in-loop/runtime-options.js",
        "size": 11,
        "mode": 420
      },
      {
        "path": "packages/toolcraft/dist/human-in-loop/runtime.d.ts",
        "size": 206,
        "mode": 420
      },
      {
        "path": "packages/toolcraft/dist/human-in-loop/runtime.js",
        "size": 636,
        "mode": 420
      },
      {
        "path": "packages/toolcraft/dist/human-in-loop/spawn.d.ts",
        "size": 291,
        "mode": 420
      },
      {
        "path": "packages/toolcraft/dist/human-in-loop/spawn.js",
        "size": 546,
        "mode": 420
      },
      {
        "path": "packages/toolcraft/dist/human-in-loop/state-machine.d.ts",
        "size": 378,
        "mode": 420
      },
      {
        "path": "packages/toolcraft/dist/human-in-loop/state-machine.js",
        "size": 861,
        "mode": 420
      },
      {
        "path": "packages/toolcraft/dist/human-in-loop/types.d.ts",
        "size": 1509,
        "mode": 420
      },
      {
        "path": "packages/toolcraft/dist/human-in-loop/types.js",
        "size": 449,
        "mode": 420
      },
      {
        "path": "packages/toolcraft/dist/human-in-loop/wiring.d.ts",
        "size": 583,
        "mode": 420
      },
      {
        "path": "packages/toolcraft/dist/human-in-loop/wiring.js",
        "size": 1388,
        "mode": 420
      },
      {
        "path": "packages/toolcraft/dist/index.compile-check.d.ts",
        "size": 11,
        "mode": 420
      },
      {
        "path": "packages/toolcraft/dist/index.compile-check.js",
        "size": 3026,
        "mode": 420
      },
      {
        "path": "packages/toolcraft/dist/index.d.ts",
        "size": 14269,
        "mode": 420
      },
      {
        "path": "packages/toolcraft/dist/index.js",
        "size": 19984,
        "mode": 420
      },
      {
        "path": "packages/toolcraft/dist/json-schema-converter.d.ts",
        "size": 803,
        "mode": 420
      },
      {
        "path": "packages/toolcraft/dist/json-schema-converter.js",
        "size": 19604,
        "mode": 420
      },
      {
        "path": "packages/toolcraft/dist/mcp-proxy.d.ts",
        "size": 770,
        "mode": 420
      },
      {
        "path": "packages/toolcraft/dist/mcp-proxy.js",
        "size": 17017,
        "mode": 420
      },
      {
        "path": "packages/toolcraft/dist/mcp.compile-check.d.ts",
        "size": 11,
        "mode": 420
      },
      {
        "path": "packages/toolcraft/dist/mcp.compile-check.js",
        "size": 1014,
        "mode": 420
      },
      {
        "path": "packages/toolcraft/dist/mcp.d.ts",
        "size": 2364,
        "mode": 420
      },
      {
        "path": "packages/toolcraft/dist/mcp.js",
        "size": 41935,
        "mode": 420
      },
      {
        "path": "packages/toolcraft/dist/node-require-shim.d.ts",
        "size": 11,
        "mode": 420
      },
      {
        "path": "packages/toolcraft/dist/node-require-shim.js",
        "size": 200,
        "mode": 420
      },
      {
        "path": "packages/toolcraft/dist/number-schema.d.ts",
        "size": 263,
        "mode": 420
      },
      {
        "path": "packages/toolcraft/dist/number-schema.js",
        "size": 807,
        "mode": 420
      },
      {
        "path": "packages/toolcraft/dist/package-metadata.d.ts",
        "size": 454,
        "mode": 420
      },
      {
        "path": "packages/toolcraft/dist/package-metadata.js",
        "size": 2111,
        "mode": 420
      },
      {
        "path": "packages/toolcraft/dist/process-runner.d.ts",
        "size": 52,
        "mode": 420
      },
      {
        "path": "packages/toolcraft/dist/process-runner.js",
        "size": 42,
        "mode": 420
      },
      {
        "path": "packages/toolcraft/dist/project-root.d.ts",
        "size": 76,
        "mode": 420
      },
      {
        "path": "packages/toolcraft/dist/project-root.js",
        "size": 476,
        "mode": 420
      },
      {
        "path": "packages/toolcraft/dist/redaction.d.ts",
        "size": 300,
        "mode": 420
      },
      {
        "path": "packages/toolcraft/dist/redaction.js",
        "size": 2386,
        "mode": 420
      },
      {
        "path": "packages/toolcraft/dist/renderer.d.ts",
        "size": 716,
        "mode": 420
      },
      {
        "path": "packages/toolcraft/dist/renderer.js",
        "size": 11420,
        "mode": 420
      },
      {
        "path": "packages/toolcraft/dist/runtime-logging.d.ts",
        "size": 873,
        "mode": 420
      },
      {
        "path": "packages/toolcraft/dist/runtime-logging.js",
        "size": 988,
        "mode": 420
      },
      {
        "path": "packages/toolcraft/dist/runtime/io.d.ts",
        "size": 335,
        "mode": 420
      },
      {
        "path": "packages/toolcraft/dist/runtime/io.js",
        "size": 1510,
        "mode": 420
      },
      {
        "path": "packages/toolcraft/dist/schema-scope.d.ts",
        "size": 232,
        "mode": 420
      },
      {
        "path": "packages/toolcraft/dist/schema-scope.js",
        "size": 2069,
        "mode": 420
      },
      {
        "path": "packages/toolcraft/dist/schema.d.ts",
        "size": 602,
        "mode": 420
      },
      {
        "path": "packages/toolcraft/dist/schema.js",
        "size": 112,
        "mode": 420
      },
      {
        "path": "packages/toolcraft/dist/sdk.compile-check.d.ts",
        "size": 11,
        "mode": 420
      },
      {
        "path": "packages/toolcraft/dist/sdk.compile-check.js",
        "size": 6973,
        "mode": 420
      },
      {
        "path": "packages/toolcraft/dist/sdk.d.ts",
        "size": 7692,
        "mode": 420
      },
      {
        "path": "packages/toolcraft/dist/sdk.js",
        "size": 21774,
        "mode": 420
      },
      {
        "path": "packages/toolcraft/dist/source-snippet.d.ts",
        "size": 227,
        "mode": 420
      },
      {
        "path": "packages/toolcraft/dist/source-snippet.js",
        "size": 1773,
        "mode": 420
      },
      {
        "path": "packages/toolcraft/dist/stack-trim.d.ts",
        "size": 240,
        "mode": 420
      },
      {
        "path": "packages/toolcraft/dist/stack-trim.js",
        "size": 2531,
        "mode": 420
      },
      {
        "path": "packages/toolcraft/dist/stream.d.ts",
        "size": 910,
        "mode": 420
      },
      {
        "path": "packages/toolcraft/dist/stream.js",
        "size": 3367,
        "mode": 420
      },
      {
        "path": "packages/toolcraft/dist/suggest.d.ts",
        "size": 143,
        "mode": 420
      },
      {
        "path": "packages/toolcraft/dist/suggest.js",
        "size": 1914,
        "mode": 420
      },
      {
        "path": "packages/toolcraft/dist/testing/fakes.d.ts",
        "size": 515,
        "mode": 420
      },
      {
        "path": "packages/toolcraft/dist/testing/fakes.js",
        "size": 3244,
        "mode": 420
      },
      {
        "path": "packages/toolcraft/dist/testing/fixtures.d.ts",
        "size": 270,
        "mode": 420
      },
      {
        "path": "packages/toolcraft/dist/testing/fixtures.js",
        "size": 8330,
        "mode": 420
      },
      {
        "path": "packages/toolcraft/dist/testing/harness.d.ts",
        "size": 2997,
        "mode": 420
      },
      {
        "path": "packages/toolcraft/dist/testing/harness.js",
        "size": 20929,
        "mode": 420
      },
      {
        "path": "packages/toolcraft/dist/testing/hosted-oauth-storage.d.ts",
        "size": 427,
        "mode": 420
      },
      {
        "path": "packages/toolcraft/dist/testing/hosted-oauth-storage.js",
        "size": 7335,
        "mode": 420
      },
      {
        "path": "packages/toolcraft/dist/testing/index.d.ts",
        "size": 597,
        "mode": 420
      },
      {
        "path": "packages/toolcraft/dist/testing/index.js",
        "size": 229,
        "mode": 420
      },
      {
        "path": "packages/toolcraft/dist/testing/memory-fs.d.ts",
        "size": 349,
        "mode": 420
      },
      {
        "path": "packages/toolcraft/dist/testing/memory-fs.js",
        "size": 2217,
        "mode": 420
      },
      {
        "path": "packages/toolcraft/dist/testing/parity.d.ts",
        "size": 795,
        "mode": 420
      },
      {
        "path": "packages/toolcraft/dist/testing/parity.js",
        "size": 14362,
        "mode": 420
      },
      {
        "path": "packages/toolcraft/dist/testing/render-capture.d.ts",
        "size": 227,
        "mode": 420
      },
      {
        "path": "packages/toolcraft/dist/testing/render-capture.js",
        "size": 2152,
        "mode": 420
      },
      {
        "path": "packages/toolcraft/dist/tiny-mcp-client.d.ts",
        "size": 53,
        "mode": 420
      },
      {
        "path": "packages/toolcraft/dist/tiny-mcp-client.js",
        "size": 33,
        "mode": 420
      },
      {
        "path": "packages/toolcraft/dist/user-error.d.ts",
        "size": 603,
        "mode": 420
      },
      {
        "path": "packages/toolcraft/dist/user-error.js",
        "size": 768,
        "mode": 420
      },
      {
        "path": "packages/toolcraft/dist/validation-errors.d.ts",
        "size": 163,
        "mode": 420
      },
      {
        "path": "packages/toolcraft/dist/validation-errors.js",
        "size": 671,
        "mode": 420
      },
      {
        "path": "packages/toolcraft/LICENSE",
        "size": 1069,
        "mode": 420
      },
      {
        "path": "packages/user-error/dist/index.d.ts",
        "size": 669,
        "mode": 420
      },
      {
        "path": "packages/user-error/dist/index.js",
        "size": 737,
        "mode": 420
      },
      {
        "path": "packages/workspace-resolver/dist/error-codes.d.ts",
        "size": 80,
        "mode": 420
      },
      {
        "path": "packages/workspace-resolver/dist/error-codes.js",
        "size": 180,
        "mode": 420
      },
      {
        "path": "packages/workspace-resolver/dist/github/clone.d.ts",
        "size": 574,
        "mode": 420
      },
      {
        "path": "packages/workspace-resolver/dist/github/clone.js",
        "size": 4316,
        "mode": 420
      },
      {
        "path": "packages/workspace-resolver/dist/github/isolation.d.ts",
        "size": 303,
        "mode": 420
      },
      {
        "path": "packages/workspace-resolver/dist/github/isolation.js",
        "size": 2123,
        "mode": 420
      },
      {
        "path": "packages/workspace-resolver/dist/index.d.ts",
        "size": 394,
        "mode": 420
      },
      {
        "path": "packages/workspace-resolver/dist/index.js",
        "size": 238,
        "mode": 420
      },
      {
        "path": "packages/workspace-resolver/dist/parse.d.ts",
        "size": 117,
        "mode": 420
      },
      {
        "path": "packages/workspace-resolver/dist/parse.js",
        "size": 4378,
        "mode": 420
      },
      {
        "path": "packages/workspace-resolver/dist/path-safety.d.ts",
        "size": 178,
        "mode": 420
      },
      {
        "path": "packages/workspace-resolver/dist/path-safety.js",
        "size": 842,
        "mode": 420
      },
      {
        "path": "packages/workspace-resolver/dist/resolve.d.ts",
        "size": 199,
        "mode": 420
      },
      {
        "path": "packages/workspace-resolver/dist/resolve.js",
        "size": 3603,
        "mode": 420
      },
      {
        "path": "packages/workspace-resolver/dist/types.d.ts",
        "size": 1329,
        "mode": 420
      },
      {
        "path": "packages/workspace-resolver/dist/types.js",
        "size": 11,
        "mode": 420
      },
      {
        "path": "packages/worktree/dist/create.d.ts",
        "size": 450,
        "mode": 420
      },
      {
        "path": "packages/worktree/dist/create.js",
        "size": 5072,
        "mode": 420
      },
      {
        "path": "packages/worktree/dist/error-codes.d.ts",
        "size": 80,
        "mode": 420
      },
      {
        "path": "packages/worktree/dist/error-codes.js",
        "size": 180,
        "mode": 420
      },
      {
        "path": "packages/worktree/dist/index.d.ts",
        "size": 613,
        "mode": 420
      },
      {
        "path": "packages/worktree/dist/index.js",
        "size": 276,
        "mode": 420
      },
      {
        "path": "packages/worktree/dist/list.d.ts",
        "size": 254,
        "mode": 420
      },
      {
        "path": "packages/worktree/dist/list.js",
        "size": 697,
        "mode": 420
      },
      {
        "path": "packages/worktree/dist/not-found.d.ts",
        "size": 353,
        "mode": 420
      },
      {
        "path": "packages/worktree/dist/not-found.js",
        "size": 615,
        "mode": 420
      },
      {
        "path": "packages/worktree/dist/reconcile.d.ts",
        "size": 842,
        "mode": 420
      },
      {
        "path": "packages/worktree/dist/reconcile.js",
        "size": 11882,
        "mode": 420
      },
      {
        "path": "packages/worktree/dist/registry-lock.d.ts",
        "size": 329,
        "mode": 420
      },
      {
        "path": "packages/worktree/dist/registry-lock.js",
        "size": 2638,
        "mode": 420
      },
      {
        "path": "packages/worktree/dist/registry.d.ts",
        "size": 1149,
        "mode": 420
      },
      {
        "path": "packages/worktree/dist/registry.js",
        "size": 7345,
        "mode": 420
      },
      {
        "path": "packages/worktree/dist/remove.d.ts",
        "size": 286,
        "mode": 420
      },
      {
        "path": "packages/worktree/dist/remove.js",
        "size": 1257,
        "mode": 420
      },
      {
        "path": "packages/worktree/dist/types.d.ts",
        "size": 1699,
        "mode": 420
      },
      {
        "path": "packages/worktree/dist/types.js",
        "size": 11,
        "mode": 420
      },
      {
        "path": "scripts/postinstall-sync-skills.mjs",
        "size": 2360,
        "mode": 420
      }
    ],
    "entryCount": 5855,
    "bundled": [
      "sprintf-js",
      "extend-shallow",
      "gray-matter",
      "is-extendable",
      "kind-of",
      "section-matter",
      "strip-bom-string",
      "esprima"
    ]
  }
]
