
> @poe-code/safe-python@0.0.0-dev test:unit
> vitest run --config vitest.config.ts codec --maxWorkers=2 --pool=forks


 RUN  v4.1.11 /Users/kjopek/Workspace/poe-code-3/packages/safe-python

 ❯ src/session-codec-callback-service.test.ts (66 tests | 18 failed) 4795ms
   × 'utf-8' unwinds service failure at callback 250 and repeats after reset 124ms
   × 'utf-8-sig' unwinds service failure at callback 250 and repeats after reset 78ms
   × 'utf-16-le' unwinds service failure at callback 250 and repeats after reset 80ms
   × 'utf-16-be' unwinds service failure at callback 250 and repeats after reset 69ms
   × 'utf-32-le' unwinds service failure at callback 250 and repeats after reset 64ms
   × 'utf-32-be' unwinds service failure at callback 250 and repeats after reset 65ms
   × 'utf-8' cancels at callback 250 (service throws: false) without crossing interpreters 133ms
   × 'utf-8' cancels at callback 250 (service throws: true) without crossing interpreters 194ms
   × 'utf-8-sig' cancels at callback 250 (service throws: false) without crossing interpreters 146ms
   × 'utf-8-sig' cancels at callback 250 (service throws: true) without crossing interpreters 152ms
   × 'utf-16-le' cancels at callback 250 (service throws: false) without crossing interpreters 233ms
   × 'utf-16-le' cancels at callback 250 (service throws: true) without crossing interpreters 156ms
   × 'utf-16-be' cancels at callback 250 (service throws: false) without crossing interpreters 114ms
   × 'utf-16-be' cancels at callback 250 (service throws: true) without crossing interpreters 135ms
   × 'utf-32-le' cancels at callback 250 (service throws: false) without crossing interpreters 85ms
   × 'utf-32-le' cancels at callback 250 (service throws: true) without crossing interpreters 113ms
   × 'utf-32-be' cancels at callback 250 (service throws: false) without crossing interpreters 94ms
   × 'utf-32-be' cancels at callback 250 (service throws: true) without crossing interpreters 129ms
 ❯ src/session-codec-incremental-callback-user.test.ts (120 tests | 18 failed) 5080ms
   × incremental callback user audit: 'utf-8; reenter; return' 74ms
   × incremental callback user audit: 'utf-8; reenter; raise' 68ms
   × incremental callback user audit: 'utf-8; reenter; overflow' 71ms
   × incremental callback user audit: 'utf-8-sig; reenter; return' 94ms
   × incremental callback user audit: 'utf-8-sig; reenter; raise' 95ms
   × incremental callback user audit: 'utf-8-sig; reenter; overflow' 93ms
   × incremental callback user audit: 'utf-16-le; reenter; return' 94ms
   × incremental callback user audit: 'utf-16-le; reenter; raise' 113ms
   × incremental callback user audit: 'utf-16-le; reenter; overflow' 207ms
   × incremental callback user audit: 'utf-16-be; reenter; return' 88ms
   × incremental callback user audit: 'utf-16-be; reenter; raise' 93ms
   × incremental callback user audit: 'utf-16-be; reenter; overflow' 94ms
   × incremental callback user audit: 'utf-32-le; reenter; return' 81ms
   × incremental callback user audit: 'utf-32-le; reenter; raise' 114ms
   × incremental callback user audit: 'utf-32-le; reenter; overflow' 89ms
   × incremental callback user audit: 'utf-32-be; reenter; return' 87ms
   × incremental callback user audit: 'utf-32-be; reenter; raise' 70ms
   × incremental callback user audit: 'utf-32-be; reenter; overflow' 79ms
 ❯ src/session-codec-native-failures.test.ts (118 tests | 8 failed) 1875ms
   × native codec failure: 'u16: text.encode(encoding)' 33ms
   × native codec failure: 'u16: str.encode(text, encoding)' 25ms
   × native codec failure: 'u16: bytes(text, encoding)' 18ms
   × native codec failure: 'u16: bytes.__new__(bytes, text, encod…' 16ms
   × native codec failure: 'u32: text.encode(encoding)' 22ms
   × native codec failure: 'u32: str.encode(text, encoding)' 17ms
   × native codec failure: 'u32: bytes(text, encoding)' 27ms
   × native codec failure: 'u32: bytes.__new__(bytes, text, encod…' 20ms
 ❯ src/session-codec-encoder-callback-state.test.ts (80 tests | 16 failed) 2313ms
   × 'utf-16; keep; negative resume' 21ms
   × 'utf-16; keep; index failure' 18ms
   × 'utf-16; reset; negative resume' 24ms
   × 'utf-16; reset; index failure' 25ms
   × 'utf-16; setstate; negative resume' 19ms
   × 'utf-16; setstate; index failure' 21ms
   × 'utf-16; nested; negative resume' 24ms
   × 'utf-16; nested; index failure' 19ms
   × 'utf-32; keep; negative resume' 22ms
   × 'utf-32; keep; index failure' 22ms
   × 'utf-32; reset; negative resume' 26ms
   × 'utf-32; reset; index failure' 21ms
   × 'utf-32; setstate; negative resume' 27ms
   × 'utf-32; setstate; index failure' 19ms
   × 'utf-32; nested; negative resume' 18ms
   × 'utf-32; nested; index failure' 21ms
 ❯ src/session-codec-native-slots.test.ts (59 tests | 3 failed) 1585ms
   × native codec slots: 'hash inheritance failure 1' 24ms
   × native codec slots: 'hash inheritance failure 2' 36ms
   × native codec slots: 'hash inheritance failure 3' 29ms
 ❯ src/session-interpolated-literal-codec.test.ts (180 tests | 64 failed) 1567ms
   × interpolated literal codec: 't"\N{SNAKE}{1}"' 12ms
   × interpolated literal codec: 't"""first\n\N{SNAKE}{1}"""' 5ms
   × interpolated literal codec: 't"\ud800{1}"' 15ms
   × interpolated literal codec: 't"""first\n\ud800{1}"""' 7ms
   × interpolated literal codec: 't"\q{1}"' 12ms
   × interpolated literal codec: 't"""first\n\q{1}"""' 9ms
   × interpolated literal codec: 't"\777{1}"' 5ms
   × interpolated literal codec: 't"""first\n\777{1}"""' 7ms
   × interpolated literal codec: 't"\{1}"' 7ms
   × interpolated literal codec: 't"""first\n\{1}"""' 12ms
   × interpolated literal codec: 't"{{\n}}"' 8ms
   × interpolated literal codec: 't"""first\n{{\n}}"""' 11ms
   × interpolated literal codec: 't"\é{1}"' 26ms
   × interpolated literal codec: 't"""first\n\é{1}"""' 5ms
   × interpolated literal codec: 't"\\é{1}"' 9ms
   × interpolated literal codec: 't"""first\n\\é{1}"""' 8ms
   × interpolated literal codec: 't"\q{{\z"' 4ms
   × interpolated literal codec: 't"""first\n\q{{\z"""' 10ms
   × interpolated literal codec: 't"\N{SNAKE}\q"' 9ms
   × interpolated literal codec: 't"""first\n\N{SNAKE}\q"""' 12ms
   × interpolated literal codec: 'rt"\x"' 10ms
   × interpolated literal codec: 'rt"""first\n\x"""' 8ms
   × interpolated literal codec: 'rt"abc\u0"' 9ms
   × interpolated literal codec: 'rt"""first\nabc\u0"""' 4ms
   × interpolated literal codec: 'rt"é\U00110000"' 11ms
   × interpolated literal codec: 'rt"""first\né\U00110000"""' 13ms
   × interpolated literal codec: 'rt"\N{no}"' 6ms
   × interpolated literal codec: 'rt"""first\n\N{no}"""' 12ms
   × interpolated literal codec: 'rt"{{\x}}"' 8ms
   × interpolated literal codec: 'rt"""first\n{{\x}}"""' 13ms
   × interpolated literal codec: 'rt"a{{b}}\x"' 8ms
   × interpolated literal codec: 'rt"""first\na{{b}}\x"""' 10ms
   × interpolated literal codec: 'rt"\x{1}"' 8ms
   × interpolated literal codec: 'rt"""first\n\x{1}"""' 4ms
   × interpolated literal codec: 'rt"{1}\x"' 7ms
   × interpolated literal codec: 'rt"""first\n{1}\x"""' 5ms
   × interpolated literal codec: 'rt"{1:\x}"' 10ms
   × interpolated literal codec: 'rt"""first\n{1:\x}"""' 7ms
   × interpolated literal codec: 'rt"\x{1:\u}"' 5ms
   × interpolated literal codec: 'rt"""first\n\x{1:\u}"""' 8ms
   × interpolated literal codec: 'rt"\N{SNAKE}{1}"' 6ms
   × interpolated literal codec: 'rt"""first\n\N{SNAKE}{1}"""' 9ms
   × interpolated literal codec: 'rt"\ud800{1}"' 11ms
   × interpolated literal codec: 'rt"""first\n\ud800{1}"""' 4ms
   × interpolated literal codec: 'rt"\q{1}"' 6ms
   × interpolated literal codec: 'rt"""first\n\q{1}"""' 4ms
   × interpolated literal codec: 'rt"\777{1}"' 15ms
   × interpolated literal codec: 'rt"""first\n\777{1}"""' 13ms
   × interpolated literal codec: 'rt"\{1}"' 6ms
   × interpolated literal codec: 'rt"""first\n\{1}"""' 9ms
   × interpolated literal codec: 'rt"{{\n}}"' 4ms
   × interpolated literal codec: 'rt"""first\n{{\n}}"""' 7ms
   × interpolated literal codec: 'rt"\é{1}"' 6ms
   × interpolated literal codec: 'rt"""first\n\é{1}"""' 5ms
   × interpolated literal codec: 'rt"\\é{1}"' 8ms
   × interpolated literal codec: 'rt"""first\n\\é{1}"""' 6ms
   × interpolated literal codec: 'rt"\N{SNAKE}\x"' 9ms
   × interpolated literal codec: 'rt"""first\n\N{SNAKE}\x"""' 7ms
   × interpolated literal codec: 'rt"\N{SNAKE}\N{no}"' 12ms
   × interpolated literal codec: 'rt"""first\n\N{SNAKE}\N{no}"""' 11ms
   × interpolated literal codec: 'rt"\q{{\z"' 6ms
   × interpolated literal codec: 'rt"""first\n\q{{\z"""' 12ms
   × interpolated literal codec: 'rt"\N{SNAKE}\q"' 7ms
   × interpolated literal codec: 'rt"""first\n\N{SNAKE}\q"""' 7ms
 ❯ src/session-codec-recovery-registry-swap.test.ts (43 tests | 12 failed) 1532ms
   × retains decoder state during registry replacement: 'utf-16; guest failure=false' 28ms
   × retains decoder state during registry replacement: 'utf-16; guest failure=true' 35ms
   × retains decoder state during registry replacement: 'utf-32; guest failure=false' 22ms
   × retains decoder state during registry replacement: 'utf-32; guest failure=true' 21ms
   × keeps cancellation during registry replacement terminal: 'utf-16; guest failure=false'; throws=false 16ms
   × keeps cancellation during registry replacement terminal: 'utf-16; guest failure=false'; throws=true 18ms
   × keeps cancellation during registry replacement terminal: 'utf-16; guest failure=true'; throws=false 22ms
   × keeps cancellation during registry replacement terminal: 'utf-16; guest failure=true'; throws=true 20ms
   × keeps cancellation during registry replacement terminal: 'utf-32; guest failure=false'; throws=false 17ms
   × keeps cancellation during registry replacement terminal: 'utf-32; guest failure=false'; throws=true 16ms
   × keeps cancellation during registry replacement terminal: 'utf-32; guest failure=true'; throws=false 29ms
   × keeps cancellation during registry replacement terminal: 'utf-32; guest failure=true'; throws=true 21ms
 ❯ src/session-codec-resume-validation-matrix.test.ts (19 tests | 4 failed) 1481ms
   × codec recovery validation: 'utf-16 encode' 184ms
   × codec recovery validation: 'utf-16 decode' 157ms
   × codec recovery validation: 'utf-32 encode' 161ms
   × codec recovery validation: 'utf-32 decode' 122ms
 ❯ src/session-codec-cstring-replacement.test.ts (15 tests | 6 failed) 1012ms
   × 'c2 decoded 8 as UTF-8 replacement' 174ms
   × 'c2 decoded 88 as UTF-8 replacement' 105ms
   × 'c4 decoded 8 as UTF-8 replacement' 90ms
   × 'c4 decoded 88 as UTF-8 replacement' 98ms
   × 'f0 decoded 8 as UTF-8 replacement' 102ms
   × 'f0 decoded 88 as UTF-8 replacement' 85ms
 ❯ src/session-codec-frozen-execution.test.ts (25 tests | 1 failed) 790ms
   × frozen execution: 'late frozen import failure retains es…' 52ms
 ❯ src/session-codec-result-diagnostic-bytes.test.ts (15 tests | 5 failed) 579ms
   × codec result diagnostic 'decode: b\'\x80\' * 401' 34ms
   × codec result diagnostic 'decode: b\'a\' * 399 + b\'\xff\'' 19ms
   × codec result diagnostic 'decode: b\'a\' * 399 + b\'\xe2\'' 21ms
   × codec result diagnostic 'decode: b\'a\' * 398 + b\'\xe2\'' 24ms
   × codec result diagnostic 'decode: b\'a\' * 399 + b\'\xe2\x82\xa…' 25ms
 ❯ src/session-codec-stateful-encoder-user.test.ts (24 tests | 24 failed) 700ms
   × 'iso2022_jp' restores encoder state after recovery and guest failure 75ms
   × 'iso2022_jp_1' restores encoder state after recovery and guest failure 53ms
   × 'iso2022_jp_2' restores encoder state after recovery and guest failure 51ms
   × 'iso2022_jp_3' restores encoder state after recovery and guest failure 37ms
   × 'iso2022_jp_2004' restores encoder state after recovery and guest failure 32ms
   × 'iso2022_jp_ext' restores encoder state after recovery and guest failure 41ms
   × 'iso2022_kr' restores encoder state after recovery and guest failure 22ms
   × 'hz' restores encoder state after recovery and guest failure 22ms
   × 'iso2022_jp' keeps encoder recovery cancellation terminal (throws=false) 42ms
   × 'iso2022_jp' keeps encoder recovery cancellation terminal (throws=true) 37ms
   × 'iso2022_jp_1' keeps encoder recovery cancellation terminal (throws=false) 22ms
   × 'iso2022_jp_1' keeps encoder recovery cancellation terminal (throws=true) 30ms
   × 'iso2022_jp_2' keeps encoder recovery cancellation terminal (throws=false) 22ms
   × 'iso2022_jp_2' keeps encoder recovery cancellation terminal (throws=true) 21ms
   × 'iso2022_jp_3' keeps encoder recovery cancellation terminal (throws=false) 22ms
   × 'iso2022_jp_3' keeps encoder recovery cancellation terminal (throws=true) 24ms
   × 'iso2022_jp_2004' keeps encoder recovery cancellation terminal (throws=false) 22ms
   × 'iso2022_jp_2004' keeps encoder recovery cancellation terminal (throws=true) 18ms
   × 'iso2022_jp_ext' keeps encoder recovery cancellation terminal (throws=false) 20ms
   × 'iso2022_jp_ext' keeps encoder recovery cancellation terminal (throws=true) 17ms
   × 'iso2022_kr' keeps encoder recovery cancellation terminal (throws=false) 15ms
   × 'iso2022_kr' keeps encoder recovery cancellation terminal (throws=true) 18ms
   × 'hz' keeps encoder recovery cancellation terminal (throws=false) 18ms
   × 'hz' keeps encoder recovery cancellation terminal (throws=true) 16ms
 ❯ src/session-codec-callback-recursion.test.ts (6 tests | 6 failed) 523ms
   × repeated 'utf-8' callback recursion preserves exact tracebacks and reset 133ms
   × repeated 'utf-8-sig' callback recursion preserves exact tracebacks and reset 85ms
   × repeated 'utf-16-le' callback recursion preserves exact tracebacks and reset 87ms
   × repeated 'utf-16-be' callback recursion preserves exact tracebacks and reset 103ms
   × repeated 'utf-32-le' callback recursion preserves exact tracebacks and reset 61ms
   × repeated 'utf-32-be' callback recursion preserves exact tracebacks and reset 53ms
 ❯ src/session-charmap-codec-api.test.ts (19 tests | 4 failed) 524ms
   × preserves 'encode' 'mapping' failure identity 24ms
   × preserves 'encode' 'handler' failure identity 15ms
   × preserves 'decode' 'mapping' failure identity 17ms
   × preserves 'decode' 'handler' failure identity 17ms
 ❯ src/session-utf7-codec-api.test.ts (18 tests | 1 failed) 586ms
   × preserves decoder guest failures, traceback and native-call note behavior 44ms
 ❯ src/session-codec-public-contracts.test.ts (20 tests | 9 failed) 747ms
   × public codec contract: 'byte escape types, argument precedenc…' 52ms
   × public codec contract: 'Punycode public decoder factories ret…' 73ms
   × public codec contract: 'charmap surrogateescape retains origi…' 37ms
   × public codec contract: 'callback failures preserve identity, …' 34ms
   × public codec contract: 'all standard handlers through publish…' 32ms
   × public codec contract: 'custom codecs shared by encode/decode…' 40ms
   × public codec contract: 'decoder subtype identity and tuple ov…' 31ms
   × public codec contract: 'stream reader/writer adapters over a …' 38ms
   × public codec contract: 'UTF-16/32 rejected replacements resto…' 20ms
 ❯ src/runtime/runtime-core-codec-functions.test.ts (41 tests | 3 failed) 370ms
   × retains ascii encoding source identity, cached errors, index side effects and rejected replacement fields 34ms
   × retains latin_1 encoding source identity, cached errors, index side effects and rejected replacement fields 14ms
   × retains utf_8 encoding source identity, cached errors, index side effects and rejected replacement fields 21ms
 ❯ src/session-codec-module.test.ts (10 tests | 1 failed) 266ms
   × shares imported registrations with native text methods and constructors 37ms
 ❯ src/session-codec-decoder-consumers.test.ts (8 tests | 8 failed) 218ms
   × registered decoder consumer: 'source.decode(\'decoder-contract\'): …' 65ms
   × registered decoder consumer: 'source.decode(\'decoder-contract\'): …' 29ms
   × registered decoder consumer: 'bytes.decode(source, \'decoder-contra…' 21ms
   × registered decoder consumer: 'bytes.decode(source, \'decoder-contra…' 21ms
   × registered decoder consumer: 'str(source, \'decoder-contract\'): om…' 22ms
   × registered decoder consumer: 'str(source, \'decoder-contract\'): ex…' 21ms
   × registered decoder consumer: 'str.__new__(str, source, \'decoder-co…' 17ms
   × registered decoder consumer: 'str.__new__(str, source, \'decoder-co…' 20ms
 ❯ src/session-codec-native-wide-modules.test.ts (10 tests | 10 failed) 294ms
   × native wide codec module: 'utf-16 registry and module API' 83ms
   × native wide codec module: 'utf-16 incremental encoder state and …' 31ms
   × native wide codec module: 'utf-16 every incremental split and st…' 25ms
   × native wide codec module: 'utf-16 missing BOM and truncated inpu…' 23ms
   × native wide codec module: 'utf-16 stream adapters BOM and reset' 19ms
   × native wide codec module: 'utf-32 registry and module API' 22ms
   × native wide codec module: 'utf-32 incremental encoder state and …' 21ms
   × native wide codec module: 'utf-32 every incremental split and st…' 21ms
   × native wide codec module: 'utf-32 missing BOM and truncated inpu…' 24ms
   × native wide codec module: 'utf-32 stream adapters BOM and reset' 24ms
 ❯ src/session-codec-multibyte-encoder-reentry.test.ts (6 tests | 6 failed) 268ms
   × 'gb2312' preserves callback and restored pending state 112ms
   × 'gbk' preserves callback and restored pending state 33ms
   × 'euc_jis_2004' preserves callback and restored pending state 41ms
   × 'euc_jisx0213' preserves callback and restored pending state 28ms
   × 'shift_jis_2004' preserves callback and restored pending state 30ms
   × 'shift_jisx0213' preserves callback and restored pending state 23ms
 ❯ src/session-codec-platform-modules.test.ts (6 tests | 3 failed) 457ms
   × platform codec: 'mbcs import failure and registry cache' 140ms
   × platform codec: 'oem import failure and registry cache' 38ms
   × platform codec: 'Windows code-page factory imports laz…' 34ms
 ❯ src/session-core-codec-buffers.test.ts (18 tests | 18 failed) 444ms
   × public codec buffer contract: 'ascii inherited buffer failure preced…' 149ms
   × public codec buffer contract: 'ascii validates buffer hook result be…' 19ms
   × public codec buffer contract: 'ascii uses and releases an overridden…' 21ms
   × public codec buffer contract: 'ascii rejects a strided memoryview' 14ms
   × public codec buffer contract: 'latin_1 inherited buffer failure prec…' 22ms
   × public codec buffer contract: 'latin_1 validates buffer hook result …' 11ms
   × public codec buffer contract: 'latin_1 uses and releases an overridd…' 11ms
   × public codec buffer contract: 'latin_1 rejects a strided memoryview' 8ms
   × public codec buffer contract: 'utf_8 inherited buffer failure preced…' 20ms
   × public codec buffer contract: 'utf_8 validates buffer hook result be…' 21ms
   × public codec buffer contract: 'utf_8 uses and releases an overridden…' 25ms
   × public codec buffer contract: 'utf_8 rejects a strided memoryview' 15ms
   × keeps cancellation in 'ascii' buffer acquisition fatal (throws=false) 32ms
   × keeps cancellation in 'ascii' buffer acquisition fatal (throws=true) 12ms
   × keeps cancellation in 'latin_1' buffer acquisition fatal (throws=false) 13ms
   × keeps cancellation in 'latin_1' buffer acquisition fatal (throws=true) 14ms
   × keeps cancellation in 'utf_8' buffer acquisition fatal (throws=false) 20ms
   × keeps cancellation in 'utf_8' buffer acquisition fatal (throws=true) 16ms
 ❯ src/session-codec-standard-rejection.test.ts (3 tests | 3 failed) 252ms
   × standard handler rejections preserve pinned exception metadata (normal) 140ms
   × standard handler rejections preserve pinned exception metadata (cancel-return) 66ms
   × standard handler rejections preserve pinned exception metadata (cancel-throw) 45ms
 ❯ src/session-codec-source-registry.test.ts (4 tests | 4 failed) 297ms
   × source registry: 'source decoder receives an ownerless …' 131ms
   × source registry: 'source callback failures retain nativ…' 55ms
   × source registry: 'source codec callbacks use the suppli…' 46ms
   × keeps cancellation in source decoder callbacks terminal 62ms
 ❯ src/session-codec-stream-mutation.test.ts (4 tests | 1 failed) 187ms
   × 'stream reader bytearray and memoryvie…' 34ms
 ❯ src/session-codec-rot13-undefined-integration.test.ts (4 tests | 4 failed) 127ms
   × 'ROT13 bytes consumer nontext rejection' 41ms
   × 'undefined bytes consumer' 11ms
   × 'guest module spec' 37ms
   × 'undefined traceback' 36ms
 ❯ src/session-codec-stream-traceback.test.ts (1 test | 1 failed) 74ms
   × retains caller and codec frames with pinned instruction positions 73ms
 ❯ src/session-source-codec-final-line.test.ts (3 tests | 2 failed) 106ms
   × source decoding: 'exec final encoding-cookie lines' 45ms
   × source decoding: 'eval final encoding-cookie lines' 17ms
 ❯ src/runtime/core-codec-rejection-admission.test.ts (153 tests | 21 failed) 22ms
   × admits 'readbuffer_encode' 'missing' rejection before constructing a catchable exception 3ms
   × admits 'readbuffer_encode' 'extra' rejection before constructing a catchable exception 0ms
   × admits 'readbuffer_encode' 'keywords' rejection before constructing a catchable exception 0ms
   × admits 'readbuffer_encode' 'source' rejection before constructing a catchable exception 0ms
   × admits 'readbuffer_encode' 'errors' rejection before constructing a catchable exception 0ms
   × admits 'readbuffer_encode' 'nul' rejection before constructing a catchable exception 0ms
   × admits 'escape_encode' 'missing' rejection before constructing a catchable exception 1ms
   × admits 'escape_encode' 'extra' rejection before constructing a catchable exception 0ms
   × admits 'escape_encode' 'keywords' rejection before constructing a catchable exception 0ms
   × admits 'escape_encode' 'source' rejection before constructing a catchable exception 0ms
   × admits 'escape_encode' 'errors' rejection before constructing a catchable exception 0ms
   × admits 'escape_encode' 'nul' rejection before constructing a catchable exception 0ms
   × admits 'escape_decode' 'missing' rejection before constructing a catchable exception 0ms
   × admits 'escape_decode' 'extra' rejection before constructing a catchable exception 0ms
   × admits 'escape_decode' 'keywords' rejection before constructing a catchable exception 0ms
   × admits 'escape_decode' 'source' rejection before constructing a catchable exception 0ms
   × admits 'escape_decode' 'errors' rejection before constructing a catchable exception 0ms
   × admits 'escape_decode' 'nul' rejection before constructing a catchable exception 0ms
   × observes 'allocation' after 'readbuffer_encode' error type resolution and releases its input lease 0ms
   × observes 'allocation' after 'escape_encode' error type resolution and releases its input lease 0ms
   × observes 'allocation' after 'escape_decode' error type resolution and releases its input lease 0ms

⎯⎯⎯⎯⎯⎯ Failed Tests 284 ⎯⎯⎯⎯⎯⎯

 FAIL  src/session-charmap-codec-api.test.ts > preserves 'encode' 'mapping' failure identity
 FAIL  src/session-charmap-codec-api.test.ts > preserves 'decode' 'mapping' failure identity
AssertionError: mapping traceback: expected 'exception' to be 'ok' // Object.is equality

Expected: "ok"
Received: "exception"

 ❯ run src/session-charmap-codec-api.test.ts:13:32
     11|     if(message.status==="ok")detail=String(message.value.primitive);
     12|   }
     13|   expect(result.status,detail).toBe("ok");
       |                                ^
     14| }
     15|
 ❯ src/session-charmap-codec-api.test.ts:135:5

⎯⎯⎯⎯⎯⎯⎯⎯⎯⎯⎯⎯⎯⎯⎯⎯⎯⎯⎯⎯⎯⎯[1/284]⎯

 FAIL  src/session-charmap-codec-api.test.ts > preserves 'encode' 'handler' failure identity
 FAIL  src/session-charmap-codec-api.test.ts > preserves 'decode' 'handler' failure identity
AssertionError: handler traceback: expected 'exception' to be 'ok' // Object.is equality

Expected: "ok"
Received: "exception"

 ❯ run src/session-charmap-codec-api.test.ts:13:32
     11|     if(message.status==="ok")detail=String(message.value.primitive);
     12|   }
     13|   expect(result.status,detail).toBe("ok");
       |                                ^
     14| }
     15|
 ❯ src/session-charmap-codec-api.test.ts:135:5

⎯⎯⎯⎯⎯⎯⎯⎯⎯⎯⎯⎯⎯⎯⎯⎯⎯⎯⎯⎯⎯⎯[2/284]⎯

 FAIL  src/session-codec-callback-recursion.test.ts > repeated 'utf-8' callback recursion preserves exact tracebacks and reset
AssertionError: prefix '' (b'\xed', 0)
: expected { status: 'terminated', …(2) } to deeply equal { status: 'ok' }

- Expected
+ Received

  {
-   "status": "ok",
+   "message": "Maximum call stack size exceeded",
+   "reason": "internal",
+   "status": "terminated",
  }

 ❯ src/session-codec-callback-recursion.test.ts:19:26
     17|   });
     18|   const result = session.exec(source);
     19|   expect(result, output).toEqual({status: "ok"});
       |                          ^
     20|   expect(output).toBe(row.stdout);
     21| });

⎯⎯⎯⎯⎯⎯⎯⎯⎯⎯⎯⎯⎯⎯⎯⎯⎯⎯⎯⎯⎯⎯[3/284]⎯

 FAIL  src/session-codec-callback-recursion.test.ts > repeated 'utf-8-sig' callback recursion preserves exact tracebacks and reset
AssertionError: prefix '' (b'\xef', 1)
: expected { status: 'terminated', …(2) } to deeply equal { status: 'ok' }

- Expected
+ Received

  {
-   "status": "ok",
+   "message": "Maximum call stack size exceeded",
+   "reason": "internal",
+   "status": "terminated",
  }

 ❯ src/session-codec-callback-recursion.test.ts:19:26
     17|   });
     18|   const result = session.exec(source);
     19|   expect(result, output).toEqual({status: "ok"});
       |                          ^
     20|   expect(output).toBe(row.stdout);
     21| });

⎯⎯⎯⎯⎯⎯⎯⎯⎯⎯⎯⎯⎯⎯⎯⎯⎯⎯⎯⎯⎯⎯[4/284]⎯

 FAIL  src/session-codec-callback-recursion.test.ts > repeated 'utf-16-le' callback recursion preserves exact tracebacks and reset
 FAIL  src/session-codec-callback-recursion.test.ts > repeated 'utf-32-le' callback recursion preserves exact tracebacks and reset
 FAIL  src/session-codec-callback-recursion.test.ts > repeated 'utf-32-be' callback recursion preserves exact tracebacks and reset
AssertionError: prefix '' (b'\x00', 0)
: expected { status: 'terminated', …(2) } to deeply equal { status: 'ok' }

- Expected
+ Received

  {
-   "status": "ok",
+   "message": "Maximum call stack size exceeded",
+   "reason": "internal",
+   "status": "terminated",
  }

 ❯ src/session-codec-callback-recursion.test.ts:19:26
     17|   });
     18|   const result = session.exec(source);
     19|   expect(result, output).toEqual({status: "ok"});
       |                          ^
     20|   expect(output).toBe(row.stdout);
     21| });

⎯⎯⎯⎯⎯⎯⎯⎯⎯⎯⎯⎯⎯⎯⎯⎯⎯⎯⎯⎯⎯⎯[5/284]⎯

 FAIL  src/session-codec-callback-recursion.test.ts > repeated 'utf-16-be' callback recursion preserves exact tracebacks and reset
AssertionError: prefix '' (b'\xd8', 0)
: expected { status: 'terminated', …(2) } to deeply equal { status: 'ok' }

- Expected
+ Received

  {
-   "status": "ok",
+   "message": "Maximum call stack size exceeded",
+   "reason": "internal",
+   "status": "terminated",
  }

 ❯ src/session-codec-callback-recursion.test.ts:19:26
     17|   });
     18|   const result = session.exec(source);
     19|   expect(result, output).toEqual({status: "ok"});
       |                          ^
     20|   expect(output).toBe(row.stdout);
     21| });

⎯⎯⎯⎯⎯⎯⎯⎯⎯⎯⎯⎯⎯⎯⎯⎯⎯⎯⎯⎯⎯⎯[6/284]⎯

 FAIL  src/session-codec-callback-service.test.ts > 'utf-8' unwinds service failure at callback 250 and repeats after reset
AssertionError: {"reads":86,"output":""}: expected { status: 'terminated', …(2) } to deeply equal { status: 'ok' }

- Expected
+ Received

  {
-   "status": "ok",
+   "message": "Maximum call stack size exceeded",
+   "reason": "internal",
+   "status": "terminated",
  }

 ❯ src/session-codec-callback-service.test.ts:22:51
     20|   });
     21|   const result = session.exec(expected.source);
     22|   expect(result, JSON.stringify({reads, output})).toEqual({status: "ok…
       |                                                   ^
     23|   expect(reads).toBe(stopAt * 2);
     24|   expect(output).toBe(expected.stdout);

⎯⎯⎯⎯⎯⎯⎯⎯⎯⎯⎯⎯⎯⎯⎯⎯⎯⎯⎯⎯⎯⎯[7/284]⎯

 FAIL  src/session-codec-callback-service.test.ts > 'utf-8-sig' unwinds service failure at callback 250 and repeats after reset
AssertionError: {"reads":75,"output":""}: expected { status: 'terminated', …(2) } to deeply equal { status: 'ok' }

- Expected
+ Received

  {
-   "status": "ok",
+   "message": "Maximum call stack size exceeded",
+   "reason": "internal",
+   "status": "terminated",
  }

 ❯ src/session-codec-callback-service.test.ts:22:51
     20|   });
     21|   const result = session.exec(expected.source);
     22|   expect(result, JSON.stringify({reads, output})).toEqual({status: "ok…
       |                                                   ^
     23|   expect(reads).toBe(stopAt * 2);
     24|   expect(output).toBe(expected.stdout);

⎯⎯⎯⎯⎯⎯⎯⎯⎯⎯⎯⎯⎯⎯⎯⎯⎯⎯⎯⎯⎯⎯[8/284]⎯

 FAIL  src/session-codec-callback-service.test.ts > 'utf-16-le' unwinds service failure at callback 250 and repeats after reset
AssertionError: {"reads":112,"output":""}: expected { status: 'terminated', …(2) } to deeply equal { status: 'ok' }

- Expected
+ Received

  {
-   "status": "ok",
+   "message": "Maximum call stack size exceeded",
+   "reason": "internal",
+   "status": "terminated",
  }

 ❯ src/session-codec-callback-service.test.ts:22:51
     20|   });
     21|   const result = session.exec(expected.source);
     22|   expect(result, JSON.stringify({reads, output})).toEqual({status: "ok…
       |                                                   ^
     23|   expect(reads).toBe(stopAt * 2);
     24|   expect(output).toBe(expected.stdout);

⎯⎯⎯⎯⎯⎯⎯⎯⎯⎯⎯⎯⎯⎯⎯⎯⎯⎯⎯⎯⎯⎯[9/284]⎯

 FAIL  src/session-codec-callback-service.test.ts > 'utf-16-be' unwinds service failure at callback 250 and repeats after reset
 FAIL  src/session-codec-callback-service.test.ts > 'utf-32-le' unwinds service failure at callback 250 and repeats after reset
AssertionError: {"reads":115,"output":""}: expected { status: 'terminated', …(2) } to deeply equal { status: 'ok' }

- Expected
+ Received

  {
-   "status": "ok",
+   "message": "Maximum call stack size exceeded",
+   "reason": "internal",
+   "status": "terminated",
  }

 ❯ src/session-codec-callback-service.test.ts:22:51
     20|   });
     21|   const result = session.exec(expected.source);
     22|   expect(result, JSON.stringify({reads, output})).toEqual({status: "ok…
       |                                                   ^
     23|   expect(reads).toBe(stopAt * 2);
     24|   expect(output).toBe(expected.stdout);

⎯⎯⎯⎯⎯⎯⎯⎯⎯⎯⎯⎯⎯⎯⎯⎯⎯⎯⎯⎯⎯[10/284]⎯

 FAIL  src/session-codec-callback-service.test.ts > 'utf-32-be' unwinds service failure at callback 250 and repeats after reset
AssertionError: {"reads":117,"output":""}: expected { status: 'terminated', …(2) } to deeply equal { status: 'ok' }

- Expected
+ Received

  {
-   "status": "ok",
+   "message": "Maximum call stack size exceeded",
+   "reason": "internal",
+   "status": "terminated",
  }

 ❯ src/session-codec-callback-service.test.ts:22:51
     20|   });
     21|   const result = session.exec(expected.source);
     22|   expect(result, JSON.stringify({reads, output})).toEqual({status: "ok…
       |                                                   ^
     23|   expect(reads).toBe(stopAt * 2);
     24|   expect(output).toBe(expected.stdout);

⎯⎯⎯⎯⎯⎯⎯⎯⎯⎯⎯⎯⎯⎯⎯⎯⎯⎯⎯⎯⎯[11/284]⎯

 FAIL  src/session-codec-callback-service.test.ts > 'utf-8' cancels at callback 250 (service throws: false) without crossing interpreters
AssertionError: {"reads":99,"output":""}: expected { status: 'terminated', …(2) } to match object { status: 'terminated', …(1) }
(1 matching property omitted from actual)

- Expected
+ Received

  {
-   "reason": "cancelled",
+   "reason": "internal",
    "status": "terminated",
  }

 ❯ src/session-codec-callback-service.test.ts:53:53
     51|     expect(isolated.exec(independent)).toEqual({status: "ok"});
     52|     expect(isolatedReads).toBe(0);
     53|     expect(result, JSON.stringify({reads, output})).toMatchObject({sta…
       |                                                     ^
     54|     expect(reads).toBe(stopAt);
     55|     expect(output).toBe("");

⎯⎯⎯⎯⎯⎯⎯⎯⎯⎯⎯⎯⎯⎯⎯⎯⎯⎯⎯⎯⎯[12/284]⎯

 FAIL  src/session-codec-callback-service.test.ts > 'utf-8' cancels at callback 250 (service throws: true) without crossing interpreters
AssertionError: {"reads":111,"output":""}: expected { status: 'terminated', …(2) } to match object { status: 'terminated', …(1) }
(1 matching property omitted from actual)

- Expected
+ Received

  {
-   "reason": "cancelled",
+   "reason": "internal",
    "status": "terminated",
  }

 ❯ src/session-codec-callback-service.test.ts:53:53
     51|     expect(isolated.exec(independent)).toEqual({status: "ok"});
     52|     expect(isolatedReads).toBe(0);
     53|     expect(result, JSON.stringify({reads, output})).toMatchObject({sta…
       |                                                     ^
     54|     expect(reads).toBe(stopAt);
     55|     expect(output).toBe("");

⎯⎯⎯⎯⎯⎯⎯⎯⎯⎯⎯⎯⎯⎯⎯⎯⎯⎯⎯⎯⎯[13/284]⎯

 FAIL  src/session-codec-callback-service.test.ts > 'utf-8-sig' cancels at callback 250 (service throws: false) without crossing interpreters
 FAIL  src/session-codec-callback-service.test.ts > 'utf-8-sig' cancels at callback 250 (service throws: true) without crossing interpreters
AssertionError: {"reads":84,"output":""}: expected { status: 'terminated', …(2) } to match object { status: 'terminated', …(1) }
(1 matching property omitted from actual)

- Expected
+ Received

  {
-   "reason": "cancelled",
+   "reason": "internal",
    "status": "terminated",
  }

 ❯ src/session-codec-callback-service.test.ts:53:53
     51|     expect(isolated.exec(independent)).toEqual({status: "ok"});
     52|     expect(isolatedReads).toBe(0);
     53|     expect(result, JSON.stringify({reads, output})).toMatchObject({sta…
       |                                                     ^
     54|     expect(reads).toBe(stopAt);
     55|     expect(output).toBe("");

⎯⎯⎯⎯⎯⎯⎯⎯⎯⎯⎯⎯⎯⎯⎯⎯⎯⎯⎯⎯⎯[14/284]⎯

 FAIL  src/session-codec-callback-service.test.ts > 'utf-16-le' cancels at callback 250 (service throws: false) without crossing interpreters
 FAIL  src/session-codec-callback-service.test.ts > 'utf-16-le' cancels at callback 250 (service throws: true) without crossing interpreters
 FAIL  src/session-codec-callback-service.test.ts > 'utf-16-be' cancels at callback 250 (service throws: false) without crossing interpreters
AssertionError: {"reads":122,"output":""}: expected { status: 'terminated', …(2) } to match object { status: 'terminated', …(1) }
(1 matching property omitted from actual)

- Expected
+ Received

  {
-   "reason": "cancelled",
+   "reason": "internal",
    "status": "terminated",
  }

 ❯ src/session-codec-callback-service.test.ts:53:53
     51|     expect(isolated.exec(independent)).toEqual({status: "ok"});
     52|     expect(isolatedReads).toBe(0);
     53|     expect(result, JSON.stringify({reads, output})).toMatchObject({sta…
       |                                                     ^
     54|     expect(reads).toBe(stopAt);
     55|     expect(output).toBe("");

⎯⎯⎯⎯⎯⎯⎯⎯⎯⎯⎯⎯⎯⎯⎯⎯⎯⎯⎯⎯⎯[15/284]⎯

 FAIL  src/session-codec-callback-service.test.ts > 'utf-16-be' cancels at callback 250 (service throws: true) without crossing interpreters
AssertionError: {"reads":126,"output":""}: expected { status: 'terminated', …(2) } to match object { status: 'terminated', …(1) }
(1 matching property omitted from actual)

- Expected
+ Received

  {
-   "reason": "cancelled",
+   "reason": "internal",
    "status": "terminated",
  }

 ❯ src/session-codec-callback-service.test.ts:53:53
     51|     expect(isolated.exec(independent)).toEqual({status: "ok"});
     52|     expect(isolatedReads).toBe(0);
     53|     expect(result, JSON.stringify({reads, output})).toMatchObject({sta…
       |                                                     ^
     54|     expect(reads).toBe(stopAt);
     55|     expect(output).toBe("");

⎯⎯⎯⎯⎯⎯⎯⎯⎯⎯⎯⎯⎯⎯⎯⎯⎯⎯⎯⎯⎯[16/284]⎯

 FAIL  src/session-codec-callback-service.test.ts > 'utf-32-le' cancels at callback 250 (service throws: false) without crossing interpreters
 FAIL  src/session-codec-callback-service.test.ts > 'utf-32-le' cancels at callback 250 (service throws: true) without crossing interpreters
 FAIL  src/session-codec-callback-service.test.ts > 'utf-32-be' cancels at callback 250 (service throws: false) without crossing interpreters
 FAIL  src/session-codec-callback-service.test.ts > 'utf-32-be' cancels at callback 250 (service throws: true) without crossing interpreters
AssertionError: {"reads":131,"output":""}: expected { status: 'terminated', …(2) } to match object { status: 'terminated', …(1) }
(1 matching property omitted from actual)

- Expected
+ Received

  {
-   "reason": "cancelled",
+   "reason": "internal",
    "status": "terminated",
  }

 ❯ src/session-codec-callback-service.test.ts:53:53
     51|     expect(isolated.exec(independent)).toEqual({status: "ok"});
     52|     expect(isolatedReads).toBe(0);
     53|     expect(result, JSON.stringify({reads, output})).toMatchObject({sta…
       |                                                     ^
     54|     expect(reads).toBe(stopAt);
     55|     expect(output).toBe("");

⎯⎯⎯⎯⎯⎯⎯⎯⎯⎯⎯⎯⎯⎯⎯⎯⎯⎯⎯⎯⎯[17/284]⎯

 FAIL  src/session-codec-cstring-replacement.test.ts > 'c2 decoded 8 as UTF-8 replacement'
AssertionError: expected '\'8\' True\nok\nok\n2\nutf-8\nok\nok\…' to be '\'8\' True\nok\nok\n2\nutf-8\nok\nok\…' // Object.is equality

- Expected
+ Received

@@ -79,12 +79,12 @@
  latin1 b'8'
  latin1 b'8'
  utf8 b'8'
  utf8 b'8'
  utf8 b'8'
- utf16 b'\xff\xfe8\x00'
+ utf16 LookupError unknown encoding: utf16
  utf16 b'\xff\xfe8\x00'
  utf16 b'\xff\xfe8\x00'
- utf32 b'\xff\xfe\x00\x008\x00\x00\x00'
+ utf32 LookupError unknown encoding: utf32
  utf32 b'\xff\xfe\x00\x008\x00\x00\x00'
  utf32 b'\xff\xfe\x00\x008\x00\x00\x00'


 ❯ src/session-codec-cstring-replacement.test.ts:16:18
     14|   });
     15|   expect(session.exec(source).status).toBe('ok');
     16|   expect(output).toBe(expected.stdout);
       |                  ^
     17| });
     18|

⎯⎯⎯⎯⎯⎯⎯⎯⎯⎯⎯⎯⎯⎯⎯⎯⎯⎯⎯⎯⎯[18/284]⎯

 FAIL  src/session-codec-cstring-replacement.test.ts > 'c2 decoded 88 as UTF-8 replacement'
AssertionError: expected '\'88\' False\nUnicodeEncodeError True…' to be '\'88\' False\nUnicodeEncodeError True…' // Object.is equality

- Expected
+ Received

@@ -79,12 +79,12 @@
  latin1 b'88'
  latin1 b'88'
  utf8 UnicodeEncodeError True utf-8 0 1 surrogates not allowed
  utf8 UnicodeEncodeError True utf-8 0 1 surrogates not allowed
  utf8 UnicodeEncodeError True utf-8 0 1 surrogates not allowed
- utf16 UnicodeEncodeError True utf-16 0 1 surrogates not allowed
+ utf16 LookupError unknown encoding: utf16
  utf16 UnicodeEncodeError True utf-16 0 1 surrogates not allowed
  utf16 UnicodeEncodeError True utf-16 0 1 surrogates not allowed
- utf32 UnicodeEncodeError True utf-32 0 1 surrogates not allowed
+ utf32 LookupError unknown encoding: utf32
  utf32 UnicodeEncodeError True utf-32 0 1 surrogates not allowed
  utf32 UnicodeEncodeError True utf-32 0 1 surrogates not allowed


 ❯ src/session-codec-cstring-replacement.test.ts:16:18
     14|   });
     15|   expect(session.exec(source).status).toBe('ok');
     16|   expect(output).toBe(expected.stdout);
       |                  ^
     17| });
     18|

⎯⎯⎯⎯⎯⎯⎯⎯⎯⎯⎯⎯⎯⎯⎯⎯⎯⎯⎯⎯⎯[19/284]⎯

 FAIL  src/session-codec-cstring-replacement.test.ts > 'c4 decoded 8 as UTF-8 replacement'
 FAIL  src/session-codec-cstring-replacement.test.ts > 'f0 decoded 8 as UTF-8 replacement'
AssertionError: expected '\'8\' False\nUnicodeEncodeError True …' to be '\'8\' False\nUnicodeEncodeError True …' // Object.is equality

- Expected
+ Received

@@ -79,12 +79,12 @@
  latin1 UnicodeEncodeError True latin-1 0 1 ordinal not in range(256)
  latin1 UnicodeEncodeError True latin-1 0 1 ordinal not in range(256)
  utf8 UnicodeEncodeError True utf-8 0 1 surrogates not allowed
  utf8 UnicodeEncodeError True utf-8 0 1 surrogates not allowed
  utf8 UnicodeEncodeError True utf-8 0 1 surrogates not allowed
- utf16 UnicodeEncodeError True utf-16 0 1 surrogates not allowed
+ utf16 LookupError unknown encoding: utf16
  utf16 UnicodeEncodeError True utf-16 0 1 surrogates not allowed
  utf16 UnicodeEncodeError True utf-16 0 1 surrogates not allowed
- utf32 UnicodeEncodeError True utf-32 0 1 surrogates not allowed
+ utf32 LookupError unknown encoding: utf32
  utf32 UnicodeEncodeError True utf-32 0 1 surrogates not allowed
  utf32 UnicodeEncodeError True utf-32 0 1 surrogates not allowed


 ❯ src/session-codec-cstring-replacement.test.ts:16:18
     14|   });
     15|   expect(session.exec(source).status).toBe('ok');
     16|   expect(output).toBe(expected.stdout);
       |                  ^
     17| });
     18|

⎯⎯⎯⎯⎯⎯⎯⎯⎯⎯⎯⎯⎯⎯⎯⎯⎯⎯⎯⎯⎯[20/284]⎯

 FAIL  src/session-codec-cstring-replacement.test.ts > 'c4 decoded 88 as UTF-8 replacement'
 FAIL  src/session-codec-cstring-replacement.test.ts > 'f0 decoded 88 as UTF-8 replacement'
AssertionError: expected '\'88\' False\nUnicodeEncodeError True…' to be '\'88\' False\nUnicodeEncodeError True…' // Object.is equality

- Expected
+ Received

@@ -79,12 +79,12 @@
  latin1 UnicodeEncodeError True latin-1 0 1 ordinal not in range(256)
  latin1 UnicodeEncodeError True latin-1 0 1 ordinal not in range(256)
  utf8 UnicodeEncodeError True utf-8 0 1 surrogates not allowed
  utf8 UnicodeEncodeError True utf-8 0 1 surrogates not allowed
  utf8 UnicodeEncodeError True utf-8 0 1 surrogates not allowed
- utf16 UnicodeEncodeError True utf-16 0 1 surrogates not allowed
+ utf16 LookupError unknown encoding: utf16
  utf16 UnicodeEncodeError True utf-16 0 1 surrogates not allowed
  utf16 UnicodeEncodeError True utf-16 0 1 surrogates not allowed
- utf32 UnicodeEncodeError True utf-32 0 1 surrogates not allowed
+ utf32 LookupError unknown encoding: utf32
  utf32 UnicodeEncodeError True utf-32 0 1 surrogates not allowed
  utf32 UnicodeEncodeError True utf-32 0 1 surrogates not allowed


 ❯ src/session-codec-cstring-replacement.test.ts:16:18
     14|   });
     15|   expect(session.exec(source).status).toBe('ok');
     16|   expect(output).toBe(expected.stdout);
       |                  ^
     17| });
     18|

⎯⎯⎯⎯⎯⎯⎯⎯⎯⎯⎯⎯⎯⎯⎯⎯⎯⎯⎯⎯⎯[21/284]⎯

 FAIL  src/session-codec-decoder-consumers.test.ts > registered decoder consumer: 'source.decode(\'decoder-contract\'): …'
 FAIL  src/session-codec-decoder-consumers.test.ts > registered decoder consumer: 'source.decode(\'decoder-contract\'): …'
 FAIL  src/session-codec-decoder-consumers.test.ts > registered decoder consumer: 'bytes.decode(source, \'decoder-contra…'
 FAIL  src/session-codec-decoder-consumers.test.ts > registered decoder consumer: 'bytes.decode(source, \'decoder-contra…'
 FAIL  src/session-codec-decoder-consumers.test.ts > registered decoder consumer: 'str(source, \'decoder-contract\'): om…'
 FAIL  src/session-codec-decoder-consumers.test.ts > registered decoder consumer: 'str(source, \'decoder-contract\'): ex…'
 FAIL  src/session-codec-decoder-consumers.test.ts > registered decoder consumer: 'str.__new__(str, source, \'decoder-co…'
 FAIL  src/session-codec-decoder-consumers.test.ts > registered decoder consumer: 'str.__new__(str, source, \'decoder-co…'
AssertionError: unknown encoding: decoder-contract: expected 'exception' to be 'ok' // Object.is equality

Expected: "ok"
Received: "exception"

 ❯ src/session-codec-decoder-consumers.test.ts:14:33
     12|     if (diagnostic.status === "ok") detail = String(diagnostic.value.p…
     13|   }
     14|   expect(result.status, detail).toBe("ok");
       |                                 ^
     15| });
     16|

⎯⎯⎯⎯⎯⎯⎯⎯⎯⎯⎯⎯⎯⎯⎯⎯⎯⎯⎯⎯⎯[22/284]⎯

 FAIL  src/session-codec-encoder-callback-state.test.ts > 'utf-16; keep; negative resume'
 FAIL  src/session-codec-encoder-callback-state.test.ts > 'utf-16; keep; index failure'
 FAIL  src/session-codec-encoder-callback-state.test.ts > 'utf-16; reset; negative resume'
 FAIL  src/session-codec-encoder-callback-state.test.ts > 'utf-16; reset; index failure'
 FAIL  src/session-codec-encoder-callback-state.test.ts > 'utf-16; setstate; negative resume'
 FAIL  src/session-codec-encoder-callback-state.test.ts > 'utf-16; setstate; index failure'
 FAIL  src/session-codec-encoder-callback-state.test.ts > 'utf-16; nested; negative resume'
 FAIL  src/session-codec-encoder-callback-state.test.ts > 'utf-16; nested; index failure'
AssertionError: unknown encoding: utf-16: expected 'exception' to be 'ok' // Object.is equality

Expected: "ok"
Received: "exception"

 ❯ src/session-codec-encoder-callback-state.test.ts:22:37
     20|     if (detail.status === 'ok') diagnostic += String(detail.value.prim…
     21|   }
     22|   expect(result.status, diagnostic).toBe('ok');
       |                                     ^
     23|   expect(output).toBe(oracle.output);
     24| });

⎯⎯⎯⎯⎯⎯⎯⎯⎯⎯⎯⎯⎯⎯⎯⎯⎯⎯⎯⎯⎯[23/284]⎯

 FAIL  src/session-codec-encoder-callback-state.test.ts > 'utf-32; keep; negative resume'
 FAIL  src/session-codec-encoder-callback-state.test.ts > 'utf-32; keep; index failure'
 FAIL  src/session-codec-encoder-callback-state.test.ts > 'utf-32; reset; negative resume'
 FAIL  src/session-codec-encoder-callback-state.test.ts > 'utf-32; reset; index failure'
 FAIL  src/session-codec-encoder-callback-state.test.ts > 'utf-32; setstate; negative resume'
 FAIL  src/session-codec-encoder-callback-state.test.ts > 'utf-32; setstate; index failure'
 FAIL  src/session-codec-encoder-callback-state.test.ts > 'utf-32; nested; negative resume'
 FAIL  src/session-codec-encoder-callback-state.test.ts > 'utf-32; nested; index failure'
AssertionError: unknown encoding: utf-32: expected 'exception' to be 'ok' // Object.is equality

Expected: "ok"
Received: "exception"

 ❯ src/session-codec-encoder-callback-state.test.ts:22:37
     20|     if (detail.status === 'ok') diagnostic += String(detail.value.prim…
     21|   }
     22|   expect(result.status, diagnostic).toBe('ok');
       |                                     ^
     23|   expect(output).toBe(oracle.output);
     24| });

⎯⎯⎯⎯⎯⎯⎯⎯⎯⎯⎯⎯⎯⎯⎯⎯⎯⎯⎯⎯⎯[24/284]⎯

 FAIL  src/session-codec-frozen-execution.test.ts > frozen execution: 'late frozen import failure retains es…'
AssertionError: 'code' object has no attribute 'co_consts': expected 'exception' to be 'ok' // Object.is equality

Expected: "ok"
Received: "exception"

 ❯ src/session-codec-frozen-execution.test.ts:42:33
     40|     if (diagnostic.status === "ok") detail = String(diagnostic.value.p…
     41|   }
     42|   expect(result.status, detail).toBe("ok");
       |                                 ^
     43|   expect(stdout).toBe(output);
     44|   // The mutated base class and the imported module cannot leak to a n…

⎯⎯⎯⎯⎯⎯⎯⎯⎯⎯⎯⎯⎯⎯⎯⎯⎯⎯⎯⎯⎯[25/284]⎯

 FAIL  src/session-codec-incremental-callback-user.test.ts > incremental callback user audit: 'utf-8; reenter; return'
 FAIL  src/session-codec-incremental-callback-user.test.ts > incremental callback user audit: 'utf-8; reenter; raise'
 FAIL  src/session-codec-incremental-callback-user.test.ts > incremental callback user audit: 'utf-8; reenter; overflow'
 FAIL  src/session-codec-incremental-callback-user.test.ts > incremental callback user audit: 'utf-8-sig; reenter; return'
 FAIL  src/session-codec-incremental-callback-user.test.ts > incremental callback user audit: 'utf-8-sig; reenter; raise'
 FAIL  src/session-codec-incremental-callback-user.test.ts > incremental callback user audit: 'utf-8-sig; reenter; overflow'
 FAIL  src/session-codec-incremental-callback-user.test.ts > incremental callback user audit: 'utf-16-le; reenter; return'
 FAIL  src/session-codec-incremental-callback-user.test.ts > incremental callback user audit: 'utf-16-le; reenter; raise'
 FAIL  src/session-codec-incremental-callback-user.test.ts > incremental callback user audit: 'utf-16-le; reenter; overflow'
 FAIL  src/session-codec-incremental-callback-user.test.ts > incremental callback user audit: 'utf-16-be; reenter; return'
 FAIL  src/session-codec-incremental-callback-user.test.ts > incremental callback user audit: 'utf-16-be; reenter; raise'
 FAIL  src/session-codec-incremental-callback-user.test.ts > incremental callback user audit: 'utf-16-be; reenter; overflow'
 FAIL  src/session-codec-incremental-callback-user.test.ts > incremental callback user audit: 'utf-32-le; reenter; return'
 FAIL  src/session-codec-incremental-callback-user.test.ts > incremental callback user audit: 'utf-32-le; reenter; raise'
 FAIL  src/session-codec-incremental-callback-user.test.ts > incremental callback user audit: 'utf-32-le; reenter; overflow'
 FAIL  src/session-codec-incremental-callback-user.test.ts > incremental callback user audit: 'utf-32-be; reenter; return'
 FAIL  src/session-codec-incremental-callback-user.test.ts > incremental callback user audit: 'utf-32-be; reenter; raise'
 FAIL  src/session-codec-incremental-callback-user.test.ts > incremental callback user audit: 'utf-32-be; reenter; overflow'
AssertionError: {"status":"terminated","reason":"internal","message":"Maximum call stack size exceeded"}: expected 'terminated' to be 'ok' // Object.is equality

Expected: "ok"
Received: "terminated"

 ❯ src/session-codec-incremental-callback-user.test.ts:22:91
     20|   });
     21|   const result = session.exec(source);
     22|   expect(result.status, result.status === "terminated" ? JSON.stringif…
       |                                                                                           ^
     23|   expect(output).toBe(row.stdout);
     24| });

⎯⎯⎯⎯⎯⎯⎯⎯⎯⎯⎯⎯⎯⎯⎯⎯⎯⎯⎯⎯⎯[26/284]⎯

 FAIL  src/session-codec-module.test.ts > shares imported registrations with native text methods and constructors
AssertionError: unknown encoding: public_text: expected 'exception' to be 'ok' // Object.is equality

Expected: "ok"
Received: "exception"

 ❯ run src/session-codec-module.test.ts:13:32
     11|     if(message.status==="ok")detail=String(message.value.primitive);
     12|   }
     13|   expect(result.status,detail).toBe("ok");
       |                                ^
     14| }
     15|
 ❯ src/session-codec-module.test.ts:77:3

⎯⎯⎯⎯⎯⎯⎯⎯⎯⎯⎯⎯⎯⎯⎯⎯⎯⎯⎯⎯⎯[27/284]⎯

 FAIL  src/session-codec-multibyte-encoder-reentry.test.ts > 'gb2312' preserves callback and restored pending state
AssertionError: LookupError('unknown encoding: gb2312'): expected 'exception' to be 'ok' // Object.is equality

Expected: "ok"
Received: "exception"

 ❯ src/session-codec-multibyte-encoder-reentry.test.ts:24:37
     22|     if (detail.status === 'ok') diagnostic += String(detail.value.prim…
     23|   }
     24|   expect(result.status, diagnostic).toBe('ok');
       |                                     ^
     25|   expect(output).toBe(oracle.stdout);
     26| });

⎯⎯⎯⎯⎯⎯⎯⎯⎯⎯⎯⎯⎯⎯⎯⎯⎯⎯⎯⎯⎯[28/284]⎯

 FAIL  src/session-codec-multibyte-encoder-reentry.test.ts > 'gbk' preserves callback and restored pending state
AssertionError: LookupError('unknown encoding: gbk'): expected 'exception' to be 'ok' // Object.is equality

Expected: "ok"
Received: "exception"

 ❯ src/session-codec-multibyte-encoder-reentry.test.ts:24:37
     22|     if (detail.status === 'ok') diagnostic += String(detail.value.prim…
     23|   }
     24|   expect(result.status, diagnostic).toBe('ok');
       |                                     ^
     25|   expect(output).toBe(oracle.stdout);
     26| });

⎯⎯⎯⎯⎯⎯⎯⎯⎯⎯⎯⎯⎯⎯⎯⎯⎯⎯⎯⎯⎯[29/284]⎯

 FAIL  src/session-codec-multibyte-encoder-reentry.test.ts > 'euc_jis_2004' preserves callback and restored pending state
AssertionError: LookupError('unknown encoding: euc_jis_2004'): expected 'exception' to be 'ok' // Object.is equality

Expected: "ok"
Received: "exception"

 ❯ src/session-codec-multibyte-encoder-reentry.test.ts:24:37
     22|     if (detail.status === 'ok') diagnostic += String(detail.value.prim…
     23|   }
     24|   expect(result.status, diagnostic).toBe('ok');
       |                                     ^
     25|   expect(output).toBe(oracle.stdout);
     26| });

⎯⎯⎯⎯⎯⎯⎯⎯⎯⎯⎯⎯⎯⎯⎯⎯⎯⎯⎯⎯⎯[30/284]⎯

 FAIL  src/session-codec-multibyte-encoder-reentry.test.ts > 'euc_jisx0213' preserves callback and restored pending state
AssertionError: LookupError('unknown encoding: euc_jisx0213'): expected 'exception' to be 'ok' // Object.is equality

Expected: "ok"
Received: "exception"

 ❯ src/session-codec-multibyte-encoder-reentry.test.ts:24:37
     22|     if (detail.status === 'ok') diagnostic += String(detail.value.prim…
     23|   }
     24|   expect(result.status, diagnostic).toBe('ok');
       |                                     ^
     25|   expect(output).toBe(oracle.stdout);
     26| });

⎯⎯⎯⎯⎯⎯⎯⎯⎯⎯⎯⎯⎯⎯⎯⎯⎯⎯⎯⎯⎯[31/284]⎯

 FAIL  src/session-codec-multibyte-encoder-reentry.test.ts > 'shift_jis_2004' preserves callback and restored pending state
AssertionError: LookupError('unknown encoding: shift_jis_2004'): expected 'exception' to be 'ok' // Object.is equality

Expected: "ok"
Received: "exception"

 ❯ src/session-codec-multibyte-encoder-reentry.test.ts:24:37
     22|     if (detail.status === 'ok') diagnostic += String(detail.value.prim…
     23|   }
     24|   expect(result.status, diagnostic).toBe('ok');
       |                                     ^
     25|   expect(output).toBe(oracle.stdout);
     26| });

⎯⎯⎯⎯⎯⎯⎯⎯⎯⎯⎯⎯⎯⎯⎯⎯⎯⎯⎯⎯⎯[32/284]⎯

 FAIL  src/session-codec-multibyte-encoder-reentry.test.ts > 'shift_jisx0213' preserves callback and restored pending state
AssertionError: LookupError('unknown encoding: shift_jisx0213'): expected 'exception' to be 'ok' // Object.is equality

Expected: "ok"
Received: "exception"

 ❯ src/session-codec-multibyte-encoder-reentry.test.ts:24:37
     22|     if (detail.status === 'ok') diagnostic += String(detail.value.prim…
     23|   }
     24|   expect(result.status, diagnostic).toBe('ok');
       |                                     ^
     25|   expect(output).toBe(oracle.stdout);
     26| });

⎯⎯⎯⎯⎯⎯⎯⎯⎯⎯⎯⎯⎯⎯⎯⎯⎯⎯⎯⎯⎯[33/284]⎯

 FAIL  src/session-codec-native-failures.test.ts > native codec failure: 'u16: text.encode(encoding)'
 FAIL  src/session-codec-native-failures.test.ts > native codec failure: 'u16: str.encode(text, encoding)'
 FAIL  src/session-codec-native-failures.test.ts > native codec failure: 'u16: bytes(text, encoding)'
 FAIL  src/session-codec-native-failures.test.ts > native codec failure: 'u16: bytes.__new__(bytes, text, encod…'
AssertionError: unknown encoding: u16: expected 'exception' to be 'ok' // Object.is equality

Expected: "ok"
Received: "exception"

 ❯ src/session-codec-native-failures.test.ts:14:32
     12|     if(diagnostic.status==="ok")detail=String(diagnostic.value.primiti…
     13|   }
     14|   expect(result.status,detail).toBe("ok");
       |                                ^
     15| });
     16|

⎯⎯⎯⎯⎯⎯⎯⎯⎯⎯⎯⎯⎯⎯⎯⎯⎯⎯⎯⎯⎯[34/284]⎯

 FAIL  src/session-codec-native-failures.test.ts > native codec failure: 'u32: text.encode(encoding)'
 FAIL  src/session-codec-native-failures.test.ts > native codec failure: 'u32: str.encode(text, encoding)'
 FAIL  src/session-codec-native-failures.test.ts > native codec failure: 'u32: bytes(text, encoding)'
 FAIL  src/session-codec-native-failures.test.ts > native codec failure: 'u32: bytes.__new__(bytes, text, encod…'
AssertionError: unknown encoding: u32: expected 'exception' to be 'ok' // Object.is equality

Expected: "ok"
Received: "exception"

 ❯ src/session-codec-native-failures.test.ts:14:32
     12|     if(diagnostic.status==="ok")detail=String(diagnostic.value.primiti…
     13|   }
     14|   expect(result.status,detail).toBe("ok");
       |                                ^
     15| });
     16|

⎯⎯⎯⎯⎯⎯⎯⎯⎯⎯⎯⎯⎯⎯⎯⎯⎯⎯⎯⎯⎯[35/284]⎯

 FAIL  src/session-codec-native-slots.test.ts > native codec slots: 'hash inheritance failure 1'
 FAIL  src/session-codec-native-slots.test.ts > native codec slots: 'hash inheritance failure 2'
 FAIL  src/session-codec-native-slots.test.ts > native codec slots: 'hash inheritance failure 3'
AssertionError: 'NoneType' object has no attribute 'tb_frame': expected 'exception' to be 'ok' // Object.is equality

Expected: "ok"
Received: "exception"

 ❯ src/session-codec-native-slots.test.ts:15:41
     13|     if (diagnostic.status === "ok") detail = diagnostic.value.primitiv…
     14|   }
     15|   expect(result.status, String(detail)).toBe("ok");
       |                                         ^
     16| });
     17|

⎯⎯⎯⎯⎯⎯⎯⎯⎯⎯⎯⎯⎯⎯⎯⎯⎯⎯⎯⎯⎯[36/284]⎯

 FAIL  src/session-codec-native-wide-modules.test.ts > native wide codec module: 'utf-16 registry and module API'
 FAIL  src/session-codec-native-wide-modules.test.ts > native wide codec module: 'utf-16 incremental encoder state and …'
 FAIL  src/session-codec-native-wide-modules.test.ts > native wide codec module: 'utf-16 every incremental split and st…'
 FAIL  src/session-codec-native-wide-modules.test.ts > native wide codec module: 'utf-16 missing BOM and truncated inpu…'
 FAIL  src/session-codec-native-wide-modules.test.ts > native wide codec module: 'utf-16 stream adapters BOM and reset'
 FAIL  src/session-codec-native-wide-modules.test.ts > native wide codec module: 'utf-32 registry and module API'
 FAIL  src/session-codec-native-wide-modules.test.ts > native wide codec module: 'utf-32 incremental encoder state and …'
 FAIL  src/session-codec-native-wide-modules.test.ts > native wide codec module: 'utf-32 every incremental split and st…'
 FAIL  src/session-codec-native-wide-modules.test.ts > native wide codec module: 'utf-32 missing BOM and truncated inpu…'
 FAIL  src/session-codec-native-wide-modules.test.ts > native wide codec module: 'utf-32 stream adapters BOM and reset'
AssertionError: No module named 'sys': expected 'exception' to be 'ok' // Object.is equality

Expected: "ok"
Received: "exception"

 ❯ src/session-codec-native-wide-modules.test.ts:14:33
     12|     if (diagnostic.status === "ok") detail = String(diagnostic.value.p…
     13|   }
     14|   expect(result.status, detail).toBe("ok");
       |                                 ^
     15| });
     16|

⎯⎯⎯⎯⎯⎯⎯⎯⎯⎯⎯⎯⎯⎯⎯⎯⎯⎯⎯⎯⎯[37/284]⎯

 FAIL  src/session-codec-platform-modules.test.ts > platform codec: 'mbcs import failure and registry cache'
 FAIL  src/session-codec-platform-modules.test.ts > platform codec: 'oem import failure and registry cache'
 FAIL  src/session-codec-platform-modules.test.ts > platform codec: 'Windows code-page factory imports laz…'
AssertionError: expected 'exception' to be 'ok' // Object.is equality

Expected: "ok"
Received: "exception"

 ❯ src/session-codec-platform-modules.test.ts:14:33
     12|     if (diagnostic.status === "ok") detail = String(diagnostic.value.p…
     13|   }
     14|   expect(result.status, detail).toBe("ok");
       |                                 ^
     15| });
     16|

⎯⎯⎯⎯⎯⎯⎯⎯⎯⎯⎯⎯⎯⎯⎯⎯⎯⎯⎯⎯⎯[38/284]⎯

 FAIL  src/session-codec-public-contracts.test.ts > public codec contract: 'byte escape types, argument precedenc…'
AssertionError: No module named 'warnings': expected 'exception' to be 'ok' // Object.is equality

Expected: "ok"
Received: "exception"

 ❯ src/session-codec-public-contracts.test.ts:23:32
     21|     if(diagnostic.status==="ok")detail=String(diagnostic.value.primiti…
     22|   }
     23|   expect(result.status,detail).toBe("ok");
       |                                ^
     24|   expect(output).toBe(expected!.stdout);
     25| });

⎯⎯⎯⎯⎯⎯⎯⎯⎯⎯⎯⎯⎯⎯⎯⎯⎯⎯⎯⎯⎯[39/284]⎯

 FAIL  src/session-codec-public-contracts.test.ts > public codec contract: 'Punycode public decoder factories ret…'
AssertionError: name 'memoryview' is not defined: expected 'exception' to be 'ok' // Object.is equality

Expected: "ok"
Received: "exception"

 ❯ src/session-codec-public-contracts.test.ts:23:32
     21|     if(diagnostic.status==="ok")detail=String(diagnostic.value.primiti…
     22|   }
     23|   expect(result.status,detail).toBe("ok");
       |                                ^
     24|   expect(output).toBe(expected!.stdout);
     25| });

⎯⎯⎯⎯⎯⎯⎯⎯⎯⎯⎯⎯⎯⎯⎯⎯⎯⎯⎯⎯⎯[40/284]⎯

 FAIL  src/session-codec-public-contracts.test.ts > public codec contract: 'charmap surrogateescape retains origi…'
 FAIL  src/session-codec-public-contracts.test.ts > public codec contract: 'all standard handlers through publish…'
AssertionError: expected 'exception' to be 'ok' // Object.is equality

Expected: "ok"
Received: "exception"

 ❯ src/session-codec-public-contracts.test.ts:23:32
     21|     if(diagnostic.status==="ok")detail=String(diagnostic.value.primiti…
     22|   }
     23|   expect(result.status,detail).toBe("ok");
       |                                ^
     24|   expect(output).toBe(expected!.stdout);
     25| });

⎯⎯⎯⎯⎯⎯⎯⎯⎯⎯⎯⎯⎯⎯⎯⎯⎯⎯⎯⎯⎯[41/284]⎯

 FAIL  src/session-codec-public-contracts.test.ts > public codec contract: 'callback failures preserve identity, …'
AssertionError: 'NoneType' object has no attribute 'tb_frame': expected 'exception' to be 'ok' // Object.is equality

Expected: "ok"
Received: "exception"

 ❯ src/session-codec-public-contracts.test.ts:23:32
     21|     if(diagnostic.status==="ok")detail=String(diagnostic.value.primiti…
     22|   }
     23|   expect(result.status,detail).toBe("ok");
       |                                ^
     24|   expect(output).toBe(expected!.stdout);
     25| });

⎯⎯⎯⎯⎯⎯⎯⎯⎯⎯⎯⎯⎯⎯⎯⎯⎯⎯⎯⎯⎯[42/284]⎯

 FAIL  src/session-codec-public-contracts.test.ts > public codec contract: 'custom codecs shared by encode/decode…'
AssertionError: unknown encoding: public_consumer: expected 'exception' to be 'ok' // Object.is equality

Expected: "ok"
Received: "exception"

 ❯ src/session-codec-public-contracts.test.ts:23:32
     21|     if(diagnostic.status==="ok")detail=String(diagnostic.value.primiti…
     22|   }
     23|   expect(result.status,detail).toBe("ok");
       |                                ^
     24|   expect(output).toBe(expected!.stdout);
     25| });

⎯⎯⎯⎯⎯⎯⎯⎯⎯⎯⎯⎯⎯⎯⎯⎯⎯⎯⎯⎯⎯[43/284]⎯

 FAIL  src/session-codec-public-contracts.test.ts > public codec contract: 'decoder subtype identity and tuple ov…'
AssertionError: unknown encoding: public_subtype: expected 'exception' to be 'ok' // Object.is equality

Expected: "ok"
Received: "exception"

 ❯ src/session-codec-public-contracts.test.ts:23:32
     21|     if(diagnostic.status==="ok")detail=String(diagnostic.value.primiti…
     22|   }
     23|   expect(result.status,detail).toBe("ok");
       |                                ^
     24|   expect(output).toBe(expected!.stdout);
     25| });

⎯⎯⎯⎯⎯⎯⎯⎯⎯⎯⎯⎯⎯⎯⎯⎯⎯⎯⎯⎯⎯[44/284]⎯

 FAIL  src/session-codec-public-contracts.test.ts > public codec contract: 'stream reader/writer adapters over a …'
AssertionError: No module named 'io': expected 'exception' to be 'ok' // Object.is equality

Expected: "ok"
Received: "exception"

 ❯ src/session-codec-public-contracts.test.ts:23:32
     21|     if(diagnostic.status==="ok")detail=String(diagnostic.value.primiti…
     22|   }
     23|   expect(result.status,detail).toBe("ok");
       |                                ^
     24|   expect(output).toBe(expected!.stdout);
     25| });

⎯⎯⎯⎯⎯⎯⎯⎯⎯⎯⎯⎯⎯⎯⎯⎯⎯⎯⎯⎯⎯[45/284]⎯

 FAIL  src/session-codec-public-contracts.test.ts > public codec contract: 'UTF-16/32 rejected replacements resto…'
AssertionError: unknown encoding: utf-16: expected 'exception' to be 'ok' // Object.is equality

Expected: "ok"
Received: "exception"

 ❯ src/session-codec-public-contracts.test.ts:23:32
     21|     if(diagnostic.status==="ok")detail=String(diagnostic.value.primiti…
     22|   }
     23|   expect(result.status,detail).toBe("ok");
       |                                ^
     24|   expect(output).toBe(expected!.stdout);
     25| });

⎯⎯⎯⎯⎯⎯⎯⎯⎯⎯⎯⎯⎯⎯⎯⎯⎯⎯⎯⎯⎯[46/284]⎯

 FAIL  src/session-codec-recovery-registry-swap.test.ts > retains decoder state during registry replacement: 'utf-16; guest failure=false'
 FAIL  src/session-codec-recovery-registry-swap.test.ts > retains decoder state during registry replacement: 'utf-16; guest failure=true'
AssertionError: LookupError('unknown encoding: utf-16'): expected 'exception' to be 'ok' // Object.is equality

Expected: "ok"
Received: "exception"

 ❯ src/session-codec-recovery-registry-swap.test.ts:30:33
     28|     if (diagnostic.status === "ok") detail = String(diagnostic.value.p…
     29|   }
     30|   expect(result.status, detail).toBe("ok");
       |                                 ^
     31|   expect(output).toBe(oracle.stdout);
     32|   expect(reads).toBe(1);

⎯⎯⎯⎯⎯⎯⎯⎯⎯⎯⎯⎯⎯⎯⎯⎯⎯⎯⎯⎯⎯[47/284]⎯

 FAIL  src/session-codec-recovery-registry-swap.test.ts > retains decoder state during registry replacement: 'utf-32; guest failure=false'
 FAIL  src/session-codec-recovery-registry-swap.test.ts > retains decoder state during registry replacement: 'utf-32; guest failure=true'
AssertionError: LookupError('unknown encoding: utf-32'): expected 'exception' to be 'ok' // Object.is equality

Expected: "ok"
Received: "exception"

 ❯ src/session-codec-recovery-registry-swap.test.ts:30:33
     28|     if (diagnostic.status === "ok") detail = String(diagnostic.value.p…
     29|   }
     30|   expect(result.status, detail).toBe("ok");
       |                                 ^
     31|   expect(output).toBe(oracle.stdout);
     32|   expect(reads).toBe(1);

⎯⎯⎯⎯⎯⎯⎯⎯⎯⎯⎯⎯⎯⎯⎯⎯⎯⎯⎯⎯⎯[48/284]⎯

 FAIL  src/session-codec-recovery-registry-swap.test.ts > keeps cancellation during registry replacement terminal: 'utf-16; guest failure=false'; throws=false
 FAIL  src/session-codec-recovery-registry-swap.test.ts > keeps cancellation during registry replacement terminal: 'utf-16; guest failure=false'; throws=true
 FAIL  src/session-codec-recovery-registry-swap.test.ts > keeps cancellation during registry replacement terminal: 'utf-16; guest failure=true'; throws=false
 FAIL  src/session-codec-recovery-registry-swap.test.ts > keeps cancellation during registry replacement terminal: 'utf-16; guest failure=true'; throws=true
 FAIL  src/session-codec-recovery-registry-swap.test.ts > keeps cancellation during registry replacement terminal: 'utf-32; guest failure=false'; throws=false
 FAIL  src/session-codec-recovery-registry-swap.test.ts > keeps cancellation during registry replacement terminal: 'utf-32; guest failure=false'; throws=true
 FAIL  src/session-codec-recovery-registry-swap.test.ts > keeps cancellation during registry replacement terminal: 'utf-32; guest failure=true'; throws=false
 FAIL  src/session-codec-recovery-registry-swap.test.ts > keeps cancellation during registry replacement terminal: 'utf-32; guest failure=true'; throws=true
AssertionError: expected 'exception' to be 'terminated' // Object.is equality

Expected: "terminated"
Received: "exception"

 ❯ src/session-codec-recovery-registry-swap.test.ts:48:27
     46|     });
     47|     const result = session.exec(source);
     48|     expect(result.status).toBe("terminated");
       |                           ^
     49|     if (result.status === "terminated") expect(result.reason).toBe("ca…
     50|     expect(reads).toBe(1);

⎯⎯⎯⎯⎯⎯⎯⎯⎯⎯⎯⎯⎯⎯⎯⎯⎯⎯⎯⎯⎯[49/284]⎯

 FAIL  src/session-codec-result-diagnostic-bytes.test.ts > codec result diagnostic 'decode: b\'\x80\' * 401'
AssertionError: unknown encoding: �����������������������������������������������������������������������������������������������������������������������������������������������������������������������������������������������������������������������������������������������������������������������������������������������������������������������������������������������������������������������������������������������������������������: expected 'exception' to be 'ok' // Object.is equality

Expected: "ok"
Received: "exception"

 ❯ src/session-codec-result-diagnostic-bytes.test.ts:18:37
     16|     if (message.status === "ok") diagnostic = String(message.value.pri…
     17|   }
     18|   expect(result.status, diagnostic).toBe("ok");
       |                                     ^
     19|   expect(output).toBe(reference.cases.find(row => row.name === name)!.…
     20| });

⎯⎯⎯⎯⎯⎯⎯⎯⎯⎯⎯⎯⎯⎯⎯⎯⎯⎯⎯⎯⎯[50/284]⎯

 FAIL  src/session-codec-result-diagnostic-bytes.test.ts > codec result diagnostic 'decode: b\'a\' * 399 + b\'\xff\''
 FAIL  src/session-codec-result-diagnostic-bytes.test.ts > codec result diagnostic 'decode: b\'a\' * 399 + b\'\xe2\''
AssertionError: unknown encoding: aaaaaaaaaaaaaaaaaaaaaaaaaaaaaaaaaaaaaaaaaaaaaaaaaaaaaaaaaaaaaaaaaaaaaaaaaaaaaaaaaaaaaaaaaaaaaaaaaaaaaaaaaaaaaaaaaaaaaaaaaaaaaaaaaaaaaaaaaaaaaaaaaaaaaaaaaaaaaaaaaaaaaaaaaaaaaaaaaaaaaaaaaaaaaaaaaaaaaaaaaaaaaaaaaaaaaaaaaaaaaaaaaaaaaaaaaaaaaaaaaaaaaaaaaaaaaaaaaaaaaaaaaaaaaaaaaaaaaaaaaaaaaaaaaaaaaaaaaaaaaaaaaaaaaaaaaaaaaaaaaaaaaaaaaaaaaaaaaaaaaaaaaaaaaaaaaaaaaaaaaaaaaaaaaaaaaaaaaaaaaaaaaaaaaaaaaaaaaaa�: expected 'exception' to be 'ok' // Object.is equality

Expected: "ok"
Received: "exception"

 ❯ src/session-codec-result-diagnostic-bytes.test.ts:18:37
     16|     if (message.status === "ok") diagnostic = String(message.value.pri…
     17|   }
     18|   expect(result.status, diagnostic).toBe("ok");
       |                                     ^
     19|   expect(output).toBe(reference.cases.find(row => row.name === name)!.…
     20| });

⎯⎯⎯⎯⎯⎯⎯⎯⎯⎯⎯⎯⎯⎯⎯⎯⎯⎯⎯⎯⎯[51/284]⎯

 FAIL  src/session-codec-result-diagnostic-bytes.test.ts > codec result diagnostic 'decode: b\'a\' * 398 + b\'\xe2\''
AssertionError: unknown encoding: aaaaaaaaaaaaaaaaaaaaaaaaaaaaaaaaaaaaaaaaaaaaaaaaaaaaaaaaaaaaaaaaaaaaaaaaaaaaaaaaaaaaaaaaaaaaaaaaaaaaaaaaaaaaaaaaaaaaaaaaaaaaaaaaaaaaaaaaaaaaaaaaaaaaaaaaaaaaaaaaaaaaaaaaaaaaaaaaaaaaaaaaaaaaaaaaaaaaaaaaaaaaaaaaaaaaaaaaaaaaaaaaaaaaaaaaaaaaaaaaaaaaaaaaaaaaaaaaaaaaaaaaaaaaaaaaaaaaaaaaaaaaaaaaaaaaaaaaaaaaaaaaaaaaaaaaaaaaaaaaaaaaaaaaaaaaaaaaaaaaaaaaaaaaaaaaaaaaaaaaaaaaaaaaaaaaaaaaaaaaaaaaaaaaaaaaaaaaaa�: expected 'exception' to be 'ok' // Object.is equality

Expected: "ok"
Received: "exception"

 ❯ src/session-codec-result-diagnostic-bytes.test.ts:18:37
     16|     if (message.status === "ok") diagnostic = String(message.value.pri…
     17|   }
     18|   expect(result.status, diagnostic).toBe("ok");
       |                                     ^
     19|   expect(output).toBe(reference.cases.find(row => row.name === name)!.…
     20| });

⎯⎯⎯⎯⎯⎯⎯⎯⎯⎯⎯⎯⎯⎯⎯⎯⎯⎯⎯⎯⎯[52/284]⎯

 FAIL  src/session-codec-result-diagnostic-bytes.test.ts > codec result diagnostic 'decode: b\'a\' * 399 + b\'\xe2\x82\xa…'
AssertionError: unknown encoding: aaaaaaaaaaaaaaaaaaaaaaaaaaaaaaaaaaaaaaaaaaaaaaaaaaaaaaaaaaaaaaaaaaaaaaaaaaaaaaaaaaaaaaaaaaaaaaaaaaaaaaaaaaaaaaaaaaaaaaaaaaaaaaaaaaaaaaaaaaaaaaaaaaaaaaaaaaaaaaaaaaaaaaaaaaaaaaaaaaaaaaaaaaaaaaaaaaaaaaaaaaaaaaaaaaaaaaaaaaaaaaaaaaaaaaaaaaaaaaaaaaaaaaaaaaaaaaaaaaaaaaaaaaaaaaaaaaaaaaaaaaaaaaaaaaaaaaaaaaaaaaaaaaaaaaaaaaaaaaaaaaaaaaaaaaaaaaaaaaaaaaaaaaaaaaaaaaaaaaaaaaaaaaaaaaaaaaaaaaaaaaaaaaaaaaaaaaaaaaa€: expected 'exception' to be 'ok' // Object.is equality

Expected: "ok"
Received: "exception"

 ❯ src/session-codec-result-diagnostic-bytes.test.ts:18:37
     16|     if (message.status === "ok") diagnostic = String(message.value.pri…
     17|   }
     18|   expect(result.status, diagnostic).toBe("ok");
       |                                     ^
     19|   expect(output).toBe(reference.cases.find(row => row.name === name)!.…
     20| });

⎯⎯⎯⎯⎯⎯⎯⎯⎯⎯⎯⎯⎯⎯⎯⎯⎯⎯⎯⎯⎯[53/284]⎯

 FAIL  src/session-codec-resume-validation-matrix.test.ts > codec recovery validation: 'utf-16 encode'
AssertionError: expected 'utf-16 encode ? -4 [] (\'LookupError\…' to be 'utf-16 encode ? -4 [(1, 2, \'surrogat…' // Object.is equality

- Expected
+ Received

- utf-16 encode ? -4 [(1, 2, 'surrogates not allowed'), 'index'] ('IndexError', ('position -1 from error handler out of bounds',), ["encoding with 'utf-16' codec failed"])
- utf-16 encode ? -3 [(1, 2, 'surrogates not allowed'), 'index', (1, 2, 'surrogates not allowed')] ('RuntimeError', ('repeated',), ["encoding with 'utf-16' codec failed"])
- utf-16 encode ? -1 [(1, 2, 'surrogates not allowed'), 'index'] ('ok', b'\xff\xfeA\x00?\x00B\x00')
- utf-16 encode ? 0 [(1, 2, 'surrogates not allowed'), 'index', (1, 2, 'surrogates not allowed')] ('RuntimeError', ('repeated',), ["encoding with 'utf-16' codec failed"])
- utf-16 encode ? 1 [(1, 2, 'surrogates not allowed'), 'index', (1, 2, 'surrogates not allowed')] ('RuntimeError', ('repeated',), ["encoding with 'utf-16' codec failed"])
- utf-16 encode ? 3 [(1, 2, 'surrogates not allowed'), 'index'] ('ok', b'\xff\xfeA\x00?\x00')
- utf-16 encode ? 4 [(1, 2, 'surrogates not allowed'), 'index'] ('IndexError', ('position 4 from error handler out of bounds',), ["encoding with 'utf-16' codec failed"])
- utf-16 encode ? 9223372036854775808 [(1, 2, 'surrogates not allowed'), 'index'] ('OverflowError', ('Python int too large to convert to C ssize_t',), ["encoding with 'utf-16' codec failed"])
- utf-16 encode ? -9223372036854775809 [(1, 2, 'surrogates not allowed'), 'index'] ('OverflowError', ('Python int too large to convert to C ssize_t',), ["encoding with 'utf-16' codec failed"])
- utf-16 encode b'?' -4 [(1, 2, 'surrogates not allowed'), 'index'] ('IndexError', ('position -1 from error handler out of bounds',), ["encoding with 'utf-16' codec failed"])
- utf-16 encode b'?' -3 [(1, 2, 'surrogates not allowed'), 'index'] ('UnicodeEncodeError', ('utf-16', 'A\ud800B', 1, 2, 'surrogates not allowed'), ["encoding with 'utf-16' codec failed"])
- utf-16 encode b'?' -1 [(1, 2, 'surrogates not allowed'), 'index'] ('UnicodeEncodeError', ('utf-16', 'A\ud800B', 1, 2, 'surrogates not allowed'), ["encoding with 'utf-16' codec failed"])
- utf-16 encode b'?' 0 [(1, 2, 'surrogates not allowed'), 'index'] ('UnicodeEncodeError', ('utf-16', 'A\ud800B', 1, 2, 'surrogates not allowed'), ["encoding with 'utf-16' codec failed"])
- utf-16 encode b'?' 1 [(1, 2, 'surrogates not allowed'), 'index'] ('UnicodeEncodeError', ('utf-16', 'A\ud800B', 1, 2, 'surrogates not allowed'), ["encoding with 'utf-16' codec failed"])
- utf-16 encode b'?' 3 [(1, 2, 'surrogates not allowed'), 'index'] ('UnicodeEncodeError', ('utf-16', 'A\ud800B', 1, 2, 'surrogates not allowed'), ["encoding with 'utf-16' codec failed"])
- utf-16 encode b'?' 4 [(1, 2, 'surrogates not allowed'), 'index'] ('IndexError', ('position 4 from error handler out of bounds',), ["encoding with 'utf-16' codec failed"])
- utf-16 encode b'?' 9223372036854775808 [(1, 2, 'surrogates not allowed'), 'index'] ('OverflowError', ('Python int too large to convert to C ssize_t',), ["encoding with 'utf-16' codec failed"])
- utf-16 encode b'?' -9223372036854775809 [(1, 2, 'surrogates not allowed'), 'index'] ('OverflowError', ('Python int too large to convert to C ssize_t',), ["encoding with 'utf-16' codec failed"])
- utf-16 encode None -4 [(1, 2, 'surrogates not allowed'), 'index'] ('TypeError', ('encoding error handler must return (str/bytes, int) tuple',), ["encoding with 'utf-16' codec failed"])
- utf-16 encode None -3 [(1, 2, 'surrogates not allowed'), 'index'] ('TypeError', ('encoding error handler must return (str/bytes, int) tuple',), ["encoding with 'utf-16' codec failed"])
- utf-16 encode None -1 [(1, 2, 'surrogates not allowed'), 'index'] ('TypeError', ('encoding error handler must return (str/bytes, int) tuple',), ["encoding with 'utf-16' codec failed"])
- utf-16 encode None 0 [(1, 2, 'surrogates not allowed'), 'index'] ('TypeError', ('encoding error handler must return (str/bytes, int) tuple',), ["encoding with 'utf-16' codec failed"])
- utf-16 encode None 1 [(1, 2, 'surrogates not allowed'), 'index'] ('TypeError', ('encoding error handler must return (str/bytes, int) tuple',), ["encoding with 'utf-16' codec failed"])
- utf-16 encode None 3 [(1, 2, 'surrogates not allowed'), 'index'] ('TypeError', ('encoding error handler must return (str/bytes, int) tuple',), ["encoding with 'utf-16' codec failed"])
- utf-16 encode None 4 [(1, 2, 'surrogates not allowed'), 'index'] ('TypeError', ('encoding error handler must return (str/bytes, int) tuple',), ["encoding with 'utf-16' codec failed"])
- utf-16 encode None 9223372036854775808 [(1, 2, 'surrogates not allowed'), 'index'] ('OverflowError', ('Python int too large to convert to C ssize_t',), ["encoding with 'utf-16' codec failed"])
- utf-16 encode None -9223372036854775809 [(1, 2, 'surrogates not allowed'), 'index'] ('OverflowError', ('Python int too large to convert to C ssize_t',), ["encoding with 'utf-16' codec failed"])
+ utf-16 encode ? -4 [] ('LookupError', ('unknown encoding: utf-16',), None)
+ utf-16 encode ? -3 [] ('LookupError', ('unknown encoding: utf-16',), None)
+ utf-16 encode ? -1 [] ('LookupError', ('unknown encoding: utf-16',), None)
+ utf-16 encode ? 0 [] ('LookupError', ('unknown encoding: utf-16',), None)
+ utf-16 encode ? 1 [] ('LookupError', ('unknown encoding: utf-16',), None)
+ utf-16 encode ? 3 [] ('LookupError', ('unknown encoding: utf-16',), None)
+ utf-16 encode ? 4 [] ('LookupError', ('unknown encoding: utf-16',), None)
+ utf-16 encode ? 9223372036854775808 [] ('LookupError', ('unknown encoding: utf-16',), None)
+ utf-16 encode ? -9223372036854775809 [] ('LookupError', ('unknown encoding: utf-16',), None)
+ utf-16 encode b'?' -4 [] ('LookupError', ('unknown encoding: utf-16',), None)
+ utf-16 encode b'?' -3 [] ('LookupError', ('unknown encoding: utf-16',), None)
+ utf-16 encode b'?' -1 [] ('LookupError', ('unknown encoding: utf-16',), None)
+ utf-16 encode b'?' 0 [] ('LookupError', ('unknown encoding: utf-16',), None)
+ utf-16 encode b'?' 1 [] ('LookupError', ('unknown encoding: utf-16',), None)
+ utf-16 encode b'?' 3 [] ('LookupError', ('unknown encoding: utf-16',), None)
+ utf-16 encode b'?' 4 [] ('LookupError', ('unknown encoding: utf-16',), None)
+ utf-16 encode b'?' 9223372036854775808 [] ('LookupError', ('unknown encoding: utf-16',), None)
+ utf-16 encode b'?' -9223372036854775809 [] ('LookupError', ('unknown encoding: utf-16',), None)
+ utf-16 encode None -4 [] ('LookupError', ('unknown encoding: utf-16',), None)
+ utf-16 encode None -3 [] ('LookupError', ('unknown encoding: utf-16',), None)
+ utf-16 encode None -1 [] ('LookupError', ('unknown encoding: utf-16',), None)
+ utf-16 encode None 0 [] ('LookupError', ('unknown encoding: utf-16',), None)
+ utf-16 encode None 1 [] ('LookupError', ('unknown encoding: utf-16',), None)
+ utf-16 encode None 3 [] ('LookupError', ('unknown encoding: utf-16',), None)
+ utf-16 encode None 4 [] ('LookupError', ('unknown encoding: utf-16',), None)
+ utf-16 encode None 9223372036854775808 [] ('LookupError', ('unknown encoding: utf-16',), None)
+ utf-16 encode None -9223372036854775809 [] ('LookupError', ('unknown encoding: utf-16',), None)


 ❯ src/session-codec-resume-validation-matrix.test.ts:21:18
     19|   });
     20|   expect(session.exec(source)).toEqual({status: "ok"});
     21|   expect(output).toBe(reference.cases.find(row => row.name === name)!.…
       |                  ^
     22| });
     23|

⎯⎯⎯⎯⎯⎯⎯⎯⎯⎯⎯⎯⎯⎯⎯⎯⎯⎯⎯⎯⎯[54/284]⎯

 FAIL  src/session-codec-resume-validation-matrix.test.ts > codec recovery validation: 'utf-16 decode'
AssertionError: expected 'utf-16 decode ? -4 [] (\'LookupError\…' to be 'utf-16 decode ? -4 [(2, 3, \'truncate…' // Object.is equality

- Expected
+ Received

- utf-16 decode ? -4 [(2, 3, 'truncated data'), 'index'] ('IndexError', ('position -1 from error handler out of bounds',), ["decoding with 'utf-16' codec failed"])
- utf-16 decode ? -3 [(2, 3, 'truncated data'), 'index', (2, 3, 'truncated data')] ('RuntimeError', ('repeated',), ["decoding with 'utf-16' codec failed"])
- utf-16 decode ? -1 [(2, 3, 'truncated data'), 'index', (2, 3, 'truncated data')] ('RuntimeError', ('repeated',), ["decoding with 'utf-16' codec failed"])
- utf-16 decode ? 0 [(2, 3, 'truncated data'), 'index', (2, 3, 'truncated data')] ('RuntimeError', ('repeated',), ["decoding with 'utf-16' codec failed"])
- utf-16 decode ? 1 [(2, 3, 'truncated data'), 'index'] ('ok', 'ａ?䋿')
- utf-16 decode ? 3 [(2, 3, 'truncated data'), 'index'] ('ok', 'ａ?')
- utf-16 decode ? 4 [(2, 3, 'truncated data'), 'index'] ('IndexError', ('position 4 from error handler out of bounds',), ["decoding with 'utf-16' codec failed"])
- utf-16 decode ? 9223372036854775808 [(2, 3, 'truncated data'), 'index'] ('OverflowError', ('Python int too large to convert to C ssize_t',), ["decoding with 'utf-16' codec failed"])
- utf-16 decode ? -9223372036854775809 [(2, 3, 'truncated data'), 'index'] ('OverflowError', ('Python int too large to convert to C ssize_t',), ["decoding with 'utf-16' codec failed"])
- utf-16 decode b'?' -4 [(2, 3, 'truncated data')] ('TypeError', ('decoding error handler must return (str, int) tuple',), ["decoding with 'utf-16' codec failed"])
- utf-16 decode b'?' -3 [(2, 3, 'truncated data')] ('TypeError', ('decoding error handler must return (str, int) tuple',), ["decoding with 'utf-16' codec failed"])
- utf-16 decode b'?' -1 [(2, 3, 'truncated data')] ('TypeError', ('decoding error handler must return (str, int) tuple',), ["decoding with 'utf-16' codec failed"])
- utf-16 decode b'?' 0 [(2, 3, 'truncated data')] ('TypeError', ('decoding error handler must return (str, int) tuple',), ["decoding with 'utf-16' codec failed"])
- utf-16 decode b'?' 1 [(2, 3, 'truncated data')] ('TypeError', ('decoding error handler must return (str, int) tuple',), ["decoding with 'utf-16' codec failed"])
- utf-16 decode b'?' 3 [(2, 3, 'truncated data')] ('TypeError', ('decoding error handler must return (str, int) tuple',), ["decoding with 'utf-16' codec failed"])
- utf-16 decode b'?' 4 [(2, 3, 'truncated data')] ('TypeError', ('decoding error handler must return (str, int) tuple',), ["decoding with 'utf-16' codec failed"])
- utf-16 decode b'?' 9223372036854775808 [(2, 3, 'truncated data')] ('TypeError', ('decoding error handler must return (str, int) tuple',), ["decoding with 'utf-16' codec failed"])
- utf-16 decode b'?' -9223372036854775809 [(2, 3, 'truncated data')] ('TypeError', ('decoding error handler must return (str, int) tuple',), ["decoding with 'utf-16' codec failed"])
- utf-16 decode None -4 [(2, 3, 'truncated data')] ('TypeError', ('decoding error handler must return (str, int) tuple',), ["decoding with 'utf-16' codec failed"])
- utf-16 decode None -3 [(2, 3, 'truncated data')] ('TypeError', ('decoding error handler must return (str, int) tuple',), ["decoding with 'utf-16' codec failed"])
- utf-16 decode None -1 [(2, 3, 'truncated data')] ('TypeError', ('decoding error handler must return (str, int) tuple',), ["decoding with 'utf-16' codec failed"])
- utf-16 decode None 0 [(2, 3, 'truncated data')] ('TypeError', ('decoding error handler must return (str, int) tuple',), ["decoding with 'utf-16' codec failed"])
- utf-16 decode None 1 [(2, 3, 'truncated data')] ('TypeError', ('decoding error handler must return (str, int) tuple',), ["decoding with 'utf-16' codec failed"])
- utf-16 decode None 3 [(2, 3, 'truncated data')] ('TypeError', ('decoding error handler must return (str, int) tuple',), ["decoding with 'utf-16' codec failed"])
- utf-16 decode None 4 [(2, 3, 'truncated data')] ('TypeError', ('decoding error handler must return (str, int) tuple',), ["decoding with 'utf-16' codec failed"])
- utf-16 decode None 9223372036854775808 [(2, 3, 'truncated data')] ('TypeError', ('decoding error handler must return (str, int) tuple',), ["decoding with 'utf-16' codec failed"])
- utf-16 decode None -9223372036854775809 [(2, 3, 'truncated data')] ('TypeError', ('decoding error handler must return (str, int) tuple',), ["decoding with 'utf-16' codec failed"])
+ utf-16 decode ? -4 [] ('LookupError', ('unknown encoding: utf-16',), None)
+ utf-16 decode ? -3 [] ('LookupError', ('unknown encoding: utf-16',), None)
+ utf-16 decode ? -1 [] ('LookupError', ('unknown encoding: utf-16',), None)
+ utf-16 decode ? 0 [] ('LookupError', ('unknown encoding: utf-16',), None)
+ utf-16 decode ? 1 [] ('LookupError', ('unknown encoding: utf-16',), None)
+ utf-16 decode ? 3 [] ('LookupError', ('unknown encoding: utf-16',), None)
+ utf-16 decode ? 4 [] ('LookupError', ('unknown encoding: utf-16',), None)
+ utf-16 decode ? 9223372036854775808 [] ('LookupError', ('unknown encoding: utf-16',), None)
+ utf-16 decode ? -9223372036854775809 [] ('LookupError', ('unknown encoding: utf-16',), None)
+ utf-16 decode b'?' -4 [] ('LookupError', ('unknown encoding: utf-16',), None)
+ utf-16 decode b'?' -3 [] ('LookupError', ('unknown encoding: utf-16',), None)
+ utf-16 decode b'?' -1 [] ('LookupError', ('unknown encoding: utf-16',), None)
+ utf-16 decode b'?' 0 [] ('LookupError', ('unknown encoding: utf-16',), None)
+ utf-16 decode b'?' 1 [] ('LookupError', ('unknown encoding: utf-16',), None)
+ utf-16 decode b'?' 3 [] ('LookupError', ('unknown encoding: utf-16',), None)
+ utf-16 decode b'?' 4 [] ('LookupError', ('unknown encoding: utf-16',), None)
+ utf-16 decode b'?' 9223372036854775808 [] ('LookupError', ('unknown encoding: utf-16',), None)
+ utf-16 decode b'?' -9223372036854775809 [] ('LookupError', ('unknown encoding: utf-16',), None)
+ utf-16 decode None -4 [] ('LookupError', ('unknown encoding: utf-16',), None)
+ utf-16 decode None -3 [] ('LookupError', ('unknown encoding: utf-16',), None)
+ utf-16 decode None -1 [] ('LookupError', ('unknown encoding: utf-16',), None)
+ utf-16 decode None 0 [] ('LookupError', ('unknown encoding: utf-16',), None)
+ utf-16 decode None 1 [] ('LookupError', ('unknown encoding: utf-16',), None)
+ utf-16 decode None 3 [] ('LookupError', ('unknown encoding: utf-16',), None)
+ utf-16 decode None 4 [] ('LookupError', ('unknown encoding: utf-16',), None)
+ utf-16 decode None 9223372036854775808 [] ('LookupError', ('unknown encoding: utf-16',), None)
+ utf-16 decode None -9223372036854775809 [] ('LookupError', ('unknown encoding: utf-16',), None)


 ❯ src/session-codec-resume-validation-matrix.test.ts:21:18
     19|   });
     20|   expect(session.exec(source)).toEqual({status: "ok"});
     21|   expect(output).toBe(reference.cases.find(row => row.name === name)!.…
       |                  ^
     22| });
     23|

⎯⎯⎯⎯⎯⎯⎯⎯⎯⎯⎯⎯⎯⎯⎯⎯⎯⎯⎯⎯⎯[55/284]⎯

 FAIL  src/session-codec-resume-validation-matrix.test.ts > codec recovery validation: 'utf-32 encode'
AssertionError: expected 'utf-32 encode ? -4 [] (\'LookupError\…' to be 'utf-32 encode ? -4 [(1, 2, \'surrogat…' // Object.is equality

- Expected
+ Received

- utf-32 encode ? -4 [(1, 2, 'surrogates not allowed'), 'index'] ('IndexError', ('position -1 from error handler out of bounds',), ["encoding with 'utf-32' codec failed"])
- utf-32 encode ? -3 [(1, 2, 'surrogates not allowed'), 'index', (1, 2, 'surrogates not allowed')] ('RuntimeError', ('repeated',), ["encoding with 'utf-32' codec failed"])
- utf-32 encode ? -1 [(1, 2, 'surrogates not allowed'), 'index'] ('ok', b'\xff\xfe\x00\x00A\x00\x00\x00?\x00\x00\x00B\x00\x00\x00')
- utf-32 encode ? 0 [(1, 2, 'surrogates not allowed'), 'index', (1, 2, 'surrogates not allowed')] ('RuntimeError', ('repeated',), ["encoding with 'utf-32' codec failed"])
- utf-32 encode ? 1 [(1, 2, 'surrogates not allowed'), 'index', (1, 2, 'surrogates not allowed')] ('RuntimeError', ('repeated',), ["encoding with 'utf-32' codec failed"])
- utf-32 encode ? 3 [(1, 2, 'surrogates not allowed'), 'index'] ('ok', b'\xff\xfe\x00\x00A\x00\x00\x00?\x00\x00\x00')
- utf-32 encode ? 4 [(1, 2, 'surrogates not allowed'), 'index'] ('IndexError', ('position 4 from error handler out of bounds',), ["encoding with 'utf-32' codec failed"])
- utf-32 encode ? 9223372036854775808 [(1, 2, 'surrogates not allowed'), 'index'] ('OverflowError', ('Python int too large to convert to C ssize_t',), ["encoding with 'utf-32' codec failed"])
- utf-32 encode ? -9223372036854775809 [(1, 2, 'surrogates not allowed'), 'index'] ('OverflowError', ('Python int too large to convert to C ssize_t',), ["encoding with 'utf-32' codec failed"])
- utf-32 encode b'?' -4 [(1, 2, 'surrogates not allowed'), 'index'] ('IndexError', ('position -1 from error handler out of bounds',), ["encoding with 'utf-32' codec failed"])
- utf-32 encode b'?' -3 [(1, 2, 'surrogates not allowed'), 'index'] ('UnicodeEncodeError', ('utf-32', 'A\ud800B', 1, 2, 'surrogates not allowed'), ["encoding with 'utf-32' codec failed"])
- utf-32 encode b'?' -1 [(1, 2, 'surrogates not allowed'), 'index'] ('UnicodeEncodeError', ('utf-32', 'A\ud800B', 1, 2, 'surrogates not allowed'), ["encoding with 'utf-32' codec failed"])
- utf-32 encode b'?' 0 [(1, 2, 'surrogates not allowed'), 'index'] ('UnicodeEncodeError', ('utf-32', 'A\ud800B', 1, 2, 'surrogates not allowed'), ["encoding with 'utf-32' codec failed"])
- utf-32 encode b'?' 1 [(1, 2, 'surrogates not allowed'), 'index'] ('UnicodeEncodeError', ('utf-32', 'A\ud800B', 1, 2, 'surrogates not allowed'), ["encoding with 'utf-32' codec failed"])
- utf-32 encode b'?' 3 [(1, 2, 'surrogates not allowed'), 'index'] ('UnicodeEncodeError', ('utf-32', 'A\ud800B', 1, 2, 'surrogates not allowed'), ["encoding with 'utf-32' codec failed"])
- utf-32 encode b'?' 4 [(1, 2, 'surrogates not allowed'), 'index'] ('IndexError', ('position 4 from error handler out of bounds',), ["encoding with 'utf-32' codec failed"])
- utf-32 encode b'?' 9223372036854775808 [(1, 2, 'surrogates not allowed'), 'index'] ('OverflowError', ('Python int too large to convert to C ssize_t',), ["encoding with 'utf-32' codec failed"])
- utf-32 encode b'?' -9223372036854775809 [(1, 2, 'surrogates not allowed'), 'index'] ('OverflowError', ('Python int too large to convert to C ssize_t',), ["encoding with 'utf-32' codec failed"])
- utf-32 encode None -4 [(1, 2, 'surrogates not allowed'), 'index'] ('TypeError', ('encoding error handler must return (str/bytes, int) tuple',), ["encoding with 'utf-32' codec failed"])
- utf-32 encode None -3 [(1, 2, 'surrogates not allowed'), 'index'] ('TypeError', ('encoding error handler must return (str/bytes, int) tuple',), ["encoding with 'utf-32' codec failed"])
- utf-32 encode None -1 [(1, 2, 'surrogates not allowed'), 'index'] ('TypeError', ('encoding error handler must return (str/bytes, int) tuple',), ["encoding with 'utf-32' codec failed"])
- utf-32 encode None 0 [(1, 2, 'surrogates not allowed'), 'index'] ('TypeError', ('encoding error handler must return (str/bytes, int) tuple',), ["encoding with 'utf-32' codec failed"])
- utf-32 encode None 1 [(1, 2, 'surrogates not allowed'), 'index'] ('TypeError', ('encoding error handler must return (str/bytes, int) tuple',), ["encoding with 'utf-32' codec failed"])
- utf-32 encode None 3 [(1, 2, 'surrogates not allowed'), 'index'] ('TypeError', ('encoding error handler must return (str/bytes, int) tuple',), ["encoding with 'utf-32' codec failed"])
- utf-32 encode None 4 [(1, 2, 'surrogates not allowed'), 'index'] ('TypeError', ('encoding error handler must return (str/bytes, int) tuple',), ["encoding with 'utf-32' codec failed"])
- utf-32 encode None 9223372036854775808 [(1, 2, 'surrogates not allowed'), 'index'] ('OverflowError', ('Python int too large to convert to C ssize_t',), ["encoding with 'utf-32' codec failed"])
- utf-32 encode None -9223372036854775809 [(1, 2, 'surrogates not allowed'), 'index'] ('OverflowError', ('Python int too large to convert to C ssize_t',), ["encoding with 'utf-32' codec failed"])
+ utf-32 encode ? -4 [] ('LookupError', ('unknown encoding: utf-32',), None)
+ utf-32 encode ? -3 [] ('LookupError', ('unknown encoding: utf-32',), None)
+ utf-32 encode ? -1 [] ('LookupError', ('unknown encoding: utf-32',), None)
+ utf-32 encode ? 0 [] ('LookupError', ('unknown encoding: utf-32',), None)
+ utf-32 encode ? 1 [] ('LookupError', ('unknown encoding: utf-32',), None)
+ utf-32 encode ? 3 [] ('LookupError', ('unknown encoding: utf-32',), None)
+ utf-32 encode ? 4 [] ('LookupError', ('unknown encoding: utf-32',), None)
+ utf-32 encode ? 9223372036854775808 [] ('LookupError', ('unknown encoding: utf-32',), None)
+ utf-32 encode ? -9223372036854775809 [] ('LookupError', ('unknown encoding: utf-32',), None)
+ utf-32 encode b'?' -4 [] ('LookupError', ('unknown encoding: utf-32',), None)
+ utf-32 encode b'?' -3 [] ('LookupError', ('unknown encoding: utf-32',), None)
+ utf-32 encode b'?' -1 [] ('LookupError', ('unknown encoding: utf-32',), None)
+ utf-32 encode b'?' 0 [] ('LookupError', ('unknown encoding: utf-32',), None)
+ utf-32 encode b'?' 1 [] ('LookupError', ('unknown encoding: utf-32',), None)
+ utf-32 encode b'?' 3 [] ('LookupError', ('unknown encoding: utf-32',), None)
+ utf-32 encode b'?' 4 [] ('LookupError', ('unknown encoding: utf-32',), None)
+ utf-32 encode b'?' 9223372036854775808 [] ('LookupError', ('unknown encoding: utf-32',), None)
+ utf-32 encode b'?' -9223372036854775809 [] ('LookupError', ('unknown encoding: utf-32',), None)
+ utf-32 encode None -4 [] ('LookupError', ('unknown encoding: utf-32',), None)
+ utf-32 encode None -3 [] ('LookupError', ('unknown encoding: utf-32',), None)
+ utf-32 encode None -1 [] ('LookupError', ('unknown encoding: utf-32',), None)
+ utf-32 encode None 0 [] ('LookupError', ('unknown encoding: utf-32',), None)
+ utf-32 encode None 1 [] ('LookupError', ('unknown encoding: utf-32',), None)
+ utf-32 encode None 3 [] ('LookupError', ('unknown encoding: utf-32',), None)
+ utf-32 encode None 4 [] ('LookupError', ('unknown encoding: utf-32',), None)
+ utf-32 encode None 9223372036854775808 [] ('LookupError', ('unknown encoding: utf-32',), None)
+ utf-32 encode None -9223372036854775809 [] ('LookupError', ('unknown encoding: utf-32',), None)


 ❯ src/session-codec-resume-validation-matrix.test.ts:21:18
     19|   });
     20|   expect(session.exec(source)).toEqual({status: "ok"});
     21|   expect(output).toBe(reference.cases.find(row => row.name === name)!.…
       |                  ^
     22| });
     23|

⎯⎯⎯⎯⎯⎯⎯⎯⎯⎯⎯⎯⎯⎯⎯⎯⎯⎯⎯⎯⎯[56/284]⎯

 FAIL  src/session-codec-resume-validation-matrix.test.ts > codec recovery validation: 'utf-32 decode'
AssertionError: expected 'utf-32 decode ? -4 [] (\'LookupError\…' to be 'utf-32 decode ? -4 [(0, 3, \'truncate…' // Object.is equality

- Expected
+ Received

- utf-32 decode ? -4 [(0, 3, 'truncated data'), 'index'] ('IndexError', ('position -1 from error handler out of bounds',), ["decoding with 'utf-32' codec failed"])
- utf-32 decode ? -3 [(0, 3, 'truncated data'), 'index', (0, 3, 'truncated data')] ('RuntimeError', ('repeated',), ["decoding with 'utf-32' codec failed"])
- utf-32 decode ? -1 [(0, 3, 'truncated data'), 'index', (2, 3, 'truncated data')] ('RuntimeError', ('repeated',), ["decoding with 'utf-32' codec failed"])
- utf-32 decode ? 0 [(0, 3, 'truncated data'), 'index', (0, 3, 'truncated data')] ('RuntimeError', ('repeated',), ["decoding with 'utf-32' codec failed"])
- utf-32 decode ? 1 [(0, 3, 'truncated data'), 'index', (1, 3, 'truncated data')] ('RuntimeError', ('repeated',), ["decoding with 'utf-32' codec failed"])
- utf-32 decode ? 3 [(0, 3, 'truncated data'), 'index'] ('ok', '?')
- utf-32 decode ? 4 [(0, 3, 'truncated data'), 'index'] ('IndexError', ('position 4 from error handler out of bounds',), ["decoding with 'utf-32' codec failed"])
- utf-32 decode ? 9223372036854775808 [(0, 3, 'truncated data'), 'index'] ('OverflowError', ('Python int too large to convert to C ssize_t',), ["decoding with 'utf-32' codec failed"])
- utf-32 decode ? -9223372036854775809 [(0, 3, 'truncated data'), 'index'] ('OverflowError', ('Python int too large to convert to C ssize_t',), ["decoding with 'utf-32' codec failed"])
- utf-32 decode b'?' -4 [(0, 3, 'truncated data')] ('TypeError', ('decoding error handler must return (str, int) tuple',), ["decoding with 'utf-32' codec failed"])
- utf-32 decode b'?' -3 [(0, 3, 'truncated data')] ('TypeError', ('decoding error handler must return (str, int) tuple',), ["decoding with 'utf-32' codec failed"])
- utf-32 decode b'?' -1 [(0, 3, 'truncated data')] ('TypeError', ('decoding error handler must return (str, int) tuple',), ["decoding with 'utf-32' codec failed"])
- utf-32 decode b'?' 0 [(0, 3, 'truncated data')] ('TypeError', ('decoding error handler must return (str, int) tuple',), ["decoding with 'utf-32' codec failed"])
- utf-32 decode b'?' 1 [(0, 3, 'truncated data')] ('TypeError', ('decoding error handler must return (str, int) tuple',), ["decoding with 'utf-32' codec failed"])
- utf-32 decode b'?' 3 [(0, 3, 'truncated data')] ('TypeError', ('decoding error handler must return (str, int) tuple',), ["decoding with 'utf-32' codec failed"])
- utf-32 decode b'?' 4 [(0, 3, 'truncated data')] ('TypeError', ('decoding error handler must return (str, int) tuple',), ["decoding with 'utf-32' codec failed"])
- utf-32 decode b'?' 9223372036854775808 [(0, 3, 'truncated data')] ('TypeError', ('decoding error handler must return (str, int) tuple',), ["decoding with 'utf-32' codec failed"])
- utf-32 decode b'?' -9223372036854775809 [(0, 3, 'truncated data')] ('TypeError', ('decoding error handler must return (str, int) tuple',), ["decoding with 'utf-32' codec failed"])
- utf-32 decode None -4 [(0, 3, 'truncated data')] ('TypeError', ('decoding error handler must return (str, int) tuple',), ["decoding with 'utf-32' codec failed"])
- utf-32 decode None -3 [(0, 3, 'truncated data')] ('TypeError', ('decoding error handler must return (str, int) tuple',), ["decoding with 'utf-32' codec failed"])
- utf-32 decode None -1 [(0, 3, 'truncated data')] ('TypeError', ('decoding error handler must return (str, int) tuple',), ["decoding with 'utf-32' codec failed"])
- utf-32 decode None 0 [(0, 3, 'truncated data')] ('TypeError', ('decoding error handler must return (str, int) tuple',), ["decoding with 'utf-32' codec failed"])
- utf-32 decode None 1 [(0, 3, 'truncated data')] ('TypeError', ('decoding error handler must return (str, int) tuple',), ["decoding with 'utf-32' codec failed"])
- utf-32 decode None 3 [(0, 3, 'truncated data')] ('TypeError', ('decoding error handler must return (str, int) tuple',), ["decoding with 'utf-32' codec failed"])
- utf-32 decode None 4 [(0, 3, 'truncated data')] ('TypeError', ('decoding error handler must return (str, int) tuple',), ["decoding with 'utf-32' codec failed"])
- utf-32 decode None 9223372036854775808 [(0, 3, 'truncated data')] ('TypeError', ('decoding error handler must return (str, int) tuple',), ["decoding with 'utf-32' codec failed"])
- utf-32 decode None -9223372036854775809 [(0, 3, 'truncated data')] ('TypeError', ('decoding error handler must return (str, int) tuple',), ["decoding with 'utf-32' codec failed"])
+ utf-32 decode ? -4 [] ('LookupError', ('unknown encoding: utf-32',), None)
+ utf-32 decode ? -3 [] ('LookupError', ('unknown encoding: utf-32',), None)
+ utf-32 decode ? -1 [] ('LookupError', ('unknown encoding: utf-32',), None)
+ utf-32 decode ? 0 [] ('LookupError', ('unknown encoding: utf-32',), None)
+ utf-32 decode ? 1 [] ('LookupError', ('unknown encoding: utf-32',), None)
+ utf-32 decode ? 3 [] ('LookupError', ('unknown encoding: utf-32',), None)
+ utf-32 decode ? 4 [] ('LookupError', ('unknown encoding: utf-32',), None)
+ utf-32 decode ? 9223372036854775808 [] ('LookupError', ('unknown encoding: utf-32',), None)
+ utf-32 decode ? -9223372036854775809 [] ('LookupError', ('unknown encoding: utf-32',), None)
+ utf-32 decode b'?' -4 [] ('LookupError', ('unknown encoding: utf-32',), None)
+ utf-32 decode b'?' -3 [] ('LookupError', ('unknown encoding: utf-32',), None)
+ utf-32 decode b'?' -1 [] ('LookupError', ('unknown encoding: utf-32',), None)
+ utf-32 decode b'?' 0 [] ('LookupError', ('unknown encoding: utf-32',), None)
+ utf-32 decode b'?' 1 [] ('LookupError', ('unknown encoding: utf-32',), None)
+ utf-32 decode b'?' 3 [] ('LookupError', ('unknown encoding: utf-32',), None)
+ utf-32 decode b'?' 4 [] ('LookupError', ('unknown encoding: utf-32',), None)
+ utf-32 decode b'?' 9223372036854775808 [] ('LookupError', ('unknown encoding: utf-32',), None)
+ utf-32 decode b'?' -9223372036854775809 [] ('LookupError', ('unknown encoding: utf-32',), None)
+ utf-32 decode None -4 [] ('LookupError', ('unknown encoding: utf-32',), None)
+ utf-32 decode None -3 [] ('LookupError', ('unknown encoding: utf-32',), None)
+ utf-32 decode None -1 [] ('LookupError', ('unknown encoding: utf-32',), None)
+ utf-32 decode None 0 [] ('LookupError', ('unknown encoding: utf-32',), None)
+ utf-32 decode None 1 [] ('LookupError', ('unknown encoding: utf-32',), None)
+ utf-32 decode None 3 [] ('LookupError', ('unknown encoding: utf-32',), None)
+ utf-32 decode None 4 [] ('LookupError', ('unknown encoding: utf-32',), None)
+ utf-32 decode None 9223372036854775808 [] ('LookupError', ('unknown encoding: utf-32',), None)
+ utf-32 decode None -9223372036854775809 [] ('LookupError', ('unknown encoding: utf-32',), None)


 ❯ src/session-codec-resume-validation-matrix.test.ts:21:18
     19|   });
     20|   expect(session.exec(source)).toEqual({status: "ok"});
     21|   expect(output).toBe(reference.cases.find(row => row.name === name)!.…
       |                  ^
     22| });
     23|

⎯⎯⎯⎯⎯⎯⎯⎯⎯⎯⎯⎯⎯⎯⎯⎯⎯⎯⎯⎯⎯[57/284]⎯

 FAIL  src/session-codec-rot13-undefined-integration.test.ts > 'ROT13 bytes consumer nontext rejection'
AssertionError: expected 'LookupError unknown encoding: rot13\n' to be 'LookupError \'rot13\' is not a text e…' // Object.is equality

- Expected
+ Received

- LookupError 'rot13' is not a text encoding; use codecs.decode() to handle arbitrary codecs
+ LookupError unknown encoding: rot13


 ❯ src/session-codec-rot13-undefined-integration.test.ts:14:18
     12|   });
     13|   expect(session.exec(source).status).toBe('ok');
     14|   expect(output).toBe(expected);
       |                  ^
     15| });
     16|

⎯⎯⎯⎯⎯⎯⎯⎯⎯⎯⎯⎯⎯⎯⎯⎯⎯⎯⎯⎯⎯[58/284]⎯

 FAIL  src/session-codec-rot13-undefined-integration.test.ts > 'undefined bytes consumer'
AssertionError: expected 'LookupError unknown encoding: undefin…' to be 'UnicodeError undefined encoding\n' // Object.is equality

- Expected
+ Received

- UnicodeError undefined encoding
+ LookupError unknown encoding: undefined


 ❯ src/session-codec-rot13-undefined-integration.test.ts:14:18
     12|   });
     13|   expect(session.exec(source).status).toBe('ok');
     14|   expect(output).toBe(expected);
       |                  ^
     15| });
     16|

⎯⎯⎯⎯⎯⎯⎯⎯⎯⎯⎯⎯⎯⎯⎯⎯⎯⎯⎯⎯⎯[59/284]⎯

 FAIL  src/session-codec-rot13-undefined-integration.test.ts > 'guest module spec'
AssertionError: expected 'AttributeError module \'encodings.rot…' to be 'encodings.rot_13\n' // Object.is equality

- Expected
+ Received

- encodings.rot_13
+ AttributeError module 'encodings.rot_13' has no attribute '__spec__'


 ❯ src/session-codec-rot13-undefined-integration.test.ts:14:18
     12|   });
     13|   expect(session.exec(source).status).toBe('ok');
     14|   expect(output).toBe(expected);
       |                  ^
     15| });
     16|

⎯⎯⎯⎯⎯⎯⎯⎯⎯⎯⎯⎯⎯⎯⎯⎯⎯⎯⎯⎯⎯[60/284]⎯

 FAIL  src/session-codec-rot13-undefined-integration.test.ts > 'undefined traceback'
AssertionError: expected 'False\n' to be 'True\n' // Object.is equality

- Expected
+ Received

- True
+ False


 ❯ src/session-codec-rot13-undefined-integration.test.ts:14:18
     12|   });
     13|   expect(session.exec(source).status).toBe('ok');
     14|   expect(output).toBe(expected);
       |                  ^
     15| });
     16|

⎯⎯⎯⎯⎯⎯⎯⎯⎯⎯⎯⎯⎯⎯⎯⎯⎯⎯⎯⎯⎯[61/284]⎯

 FAIL  src/session-codec-source-registry.test.ts > source registry: 'source decoder receives an ownerless …'
 FAIL  src/session-codec-source-registry.test.ts > source registry: 'source callback failures retain nativ…'
 FAIL  src/session-codec-source-registry.test.ts > source registry: 'source codec callbacks use the suppli…'
AssertionError: expected 'terminated' to be 'ok' // Object.is equality

Expected: "ok"
Received: "terminated"

 ❯ src/session-codec-source-registry.test.ts:23:33
     21|   // Check the discriminant before a deep matcher can inspect opaque h…
     22|   // Keep the complete result/output assertion once execution has succ…
     23|   expect(result.status, detail).toBe("ok");
       |                                 ^
     24|   expect({result, output}).toEqual({result: {status: "ok"}, output: re…
     25| });

⎯⎯⎯⎯⎯⎯⎯⎯⎯⎯⎯⎯⎯⎯⎯⎯⎯⎯⎯⎯⎯[62/284]⎯

 FAIL  src/session-codec-source-registry.test.ts > keeps cancellation in source decoder callbacks terminal
AssertionError: expected { status: 'terminated', …(2) } to match object { status: 'terminated', …(1) }
(1 matching property omitted from actual)

- Expected
+ Received

  {
-   "reason": "cancelled",
+   "reason": "internal",
    "status": "terminated",
  }

 ❯ src/session-codec-source-registry.test.ts:38:18
     36|   const result = session.exec(codecSourceRegistryCases[2].source);
     37|   expect(result.status).toBe("terminated");
     38|   expect(result).toMatchObject({status: "terminated", reason: "cancell…
       |                  ^
     39|   expect(reads).toBe(1);
     40|   expect(output).toBe("search source_service\ndecode\n");

⎯⎯⎯⎯⎯⎯⎯⎯⎯⎯⎯⎯⎯⎯⎯⎯⎯⎯⎯⎯⎯[63/284]⎯

 FAIL  src/session-codec-standard-rejection.test.ts > standard handler rejections preserve pinned exception metadata (normal)
AssertionError: expected 'strict TypeError (\'strict_errors() t…' to be 'strict TypeError (\'strict_errors() t…' // Object.is equality

- Expected
+ Received

- strict TypeError ('strict_errors() takes exactly one argument (0 given)',) None None True
+ strict TypeError ('strict_errors() takes exactly one argument (0 given)',) None None False
- strict TypeError ('strict_errors() takes exactly one argument (2 given)',) None None True
+ strict TypeError ('strict_errors() takes exactly one argument (2 given)',) None None False
- strict TypeError ('strict_errors() takes no keyword arguments',) None None True
+ strict TypeError ('strict_errors() takes no keyword arguments',) None None False
- strict TypeError ('codec must pass exception instance',) None None True
+ strict TypeError ('codec must pass exception instance',) None None False
- ignore TypeError ('ignore_errors() takes exactly one argument (0 given)',) None None True
+ ignore TypeError ('ignore_errors() takes exactly one argument (0 given)',) None None False
- ignore TypeError ('ignore_errors() takes exactly one argument (2 given)',) None None True
+ ignore TypeError ('ignore_errors() takes exactly one argument (2 given)',) None None False
- ignore TypeError ('ignore_errors() takes no keyword arguments',) None None True
+ ignore TypeError ('ignore_errors() takes no keyword arguments',) None None False
- ignore TypeError ("don't know how to handle NoneType in error callback",) None None True
+ ignore TypeError ("don't know how to handle NoneType in error callback",) None None False
- replace TypeError ('replace_errors() takes exactly one argument (0 given)',) None None True
+ replace TypeError ('replace_errors() takes exactly one argument (0 given)',) None None False
- replace TypeError ('replace_errors() takes exactly one argument (2 given)',) None None True
+ replace TypeError ('replace_errors() takes exactly one argument (2 given)',) None None False
- replace TypeError ('replace_errors() takes no keyword arguments',) None None True
+ replace TypeError ('replace_errors() takes no keyword arguments',) None None False
- replace TypeError ("don't know how to handle NoneType in error callback",) None None True
+ replace TypeError ("don't know how to handle NoneType in error callback",) None None False
- xmlcharrefreplace TypeError ('xmlcharrefreplace_errors() takes exactly one argument (0 given)',) None None True
+ xmlcharrefreplace TypeError ('xmlcharrefreplace_errors() takes exactly one argument (0 given)',) None None False
- xmlcharrefreplace TypeError ('xmlcharrefreplace_errors() takes exactly one argument (2 given)',) None None True
+ xmlcharrefreplace TypeError ('xmlcharrefreplace_errors() takes exactly one argument (2 given)',) None None False
- xmlcharrefreplace TypeError ('xmlcharrefreplace_errors() takes no keyword arguments',) None None True
+ xmlcharrefreplace TypeError ('xmlcharrefreplace_errors() takes no keyword arguments',) None None False
- xmlcharrefreplace TypeError ("don't know how to handle NoneType in error callback",) None None True
+ xmlcharrefreplace TypeError ("don't know how to handle NoneType in error callback",) None None False
- backslashreplace TypeError ('backslashreplace_errors() takes exactly one argument (0 given)',) None None True
+ backslashreplace TypeError ('backslashreplace_errors() takes exactly one argument (0 given)',) None None False
- backslashreplace TypeError ('backslashreplace_errors() takes exactly one argument (2 given)',) None None True
+ backslashreplace TypeError ('backslashreplace_errors() takes exactly one argument (2 given)',) None None False
- backslashreplace TypeError ('backslashreplace_errors() takes no keyword arguments',) None None True
+ backslashreplace TypeError ('backslashreplace_errors() takes no keyword arguments',) None None False
- backslashreplace TypeError ("don't know how to handle NoneType in error callback",) None None True
+ backslashreplace TypeError ("don't know how to handle NoneType in error callback",) None None False
- namereplace TypeError ('namereplace_errors() takes exactly one argument (0 given)',) None None True
+ namereplace TypeError ('namereplace_errors() takes exactly one argument (0 given)',) None None False
- namereplace TypeError ('namereplace_errors() takes exactly one argument (2 given)',) None None True
+ namereplace TypeError ('namereplace_errors() takes exactly one argument (2 given)',) None None False
- namereplace TypeError ('namereplace_errors() takes no keyword arguments',) None None True
+ namereplace TypeError ('namereplace_errors() takes no keyword arguments',) None None False
- namereplace TypeError ("don't know how to handle NoneType in error callback",) None None True
+ namereplace TypeError ("don't know how to handle NoneType in error callback",) None None False
- surrogatepass TypeError ('surrogatepass() takes exactly one argument (0 given)',) None None True
+ surrogatepass TypeError ('surrogatepass() takes exactly one argument (0 given)',) None None False
- surrogatepass TypeError ('surrogatepass() takes exactly one argument (2 given)',) None None True
+ surrogatepass TypeError ('surrogatepass() takes exactly one argument (2 given)',) None None False
- surrogatepass TypeError ('surrogatepass() takes no keyword arguments',) None None True
+ surrogatepass TypeError ('surrogatepass() takes no keyword arguments',) None None False
- surrogatepass TypeError ("don't know how to handle NoneType in error callback",) None None True
+ surrogatepass TypeError ("don't know how to handle NoneType in error callback",) None None False
- surrogateescape TypeError ('surrogateescape() takes exactly one argument (0 given)',) None None True
+ surrogateescape TypeError ('surrogateescape() takes exactly one argument (0 given)',) None None False
- surrogateescape TypeError ('surrogateescape() takes exactly one argument (2 given)',) None None True
+ surrogateescape TypeError ('surrogateescape() takes exactly one argument (2 given)',) None None False
- surrogateescape TypeError ('surrogateescape() takes no keyword arguments',) None None True
+ surrogateescape TypeError ('surrogateescape() takes no keyword arguments',) None None False
- surrogateescape TypeError ("don't know how to handle NoneType in error callback",) None None True
+ surrogateescape TypeError ("don't know how to handle NoneType in error callback",) None None False
- ignore object TypeError ("UnicodeError 'object' attribute is not set",) False True
+ ignore object TypeError ("UnicodeError 'object' attribute is not set",) False False
- replace object TypeError ("UnicodeError 'object' attribute must be a bytes",) False True
+ replace object TypeError ("UnicodeError 'object' attribute must be a bytes",) False False
- surrogatepass encoding TypeError ("UnicodeError 'encoding' attribute is not set",) False True
+ surrogatepass encoding TypeError ("UnicodeError 'encoding' attribute is not set",) False False
- surrogatepass encoding TypeError ("UnicodeError 'encoding' attribute must be a string",) False True
+ surrogatepass encoding TypeError ("UnicodeError 'encoding' attribute must be a string",) False False
  continue


 ❯ src/session-codec-standard-rejection.test.ts:32:18
     30|     expect(session.eval("1")).toBe(result);
     31|   }
     32|   expect(output).toBe(mode === "normal" ? reference.oracle.stdout : re…
       |                  ^
     33| });
     34|

⎯⎯⎯⎯⎯⎯⎯⎯⎯⎯⎯⎯⎯⎯⎯⎯⎯⎯⎯⎯⎯[64/284]⎯

 FAIL  src/session-codec-standard-rejection.test.ts > standard handler rejections preserve pinned exception metadata (cancel-return)
 FAIL  src/session-codec-standard-rejection.test.ts > standard handler rejections preserve pinned exception metadata (cancel-throw)
AssertionError: expected 'strict TypeError (\'strict_errors() t…' to be 'strict TypeError (\'strict_errors() t…' // Object.is equality

- Expected
+ Received

- strict TypeError ('strict_errors() takes exactly one argument (0 given)',) None None True
+ strict TypeError ('strict_errors() takes exactly one argument (0 given)',) None None False
- strict TypeError ('strict_errors() takes exactly one argument (2 given)',) None None True
+ strict TypeError ('strict_errors() takes exactly one argument (2 given)',) None None False
- strict TypeError ('strict_errors() takes no keyword arguments',) None None True
+ strict TypeError ('strict_errors() takes no keyword arguments',) None None False
- strict TypeError ('codec must pass exception instance',) None None True
+ strict TypeError ('codec must pass exception instance',) None None False
- ignore TypeError ('ignore_errors() takes exactly one argument (0 given)',) None None True
+ ignore TypeError ('ignore_errors() takes exactly one argument (0 given)',) None None False
- ignore TypeError ('ignore_errors() takes exactly one argument (2 given)',) None None True
+ ignore TypeError ('ignore_errors() takes exactly one argument (2 given)',) None None False
- ignore TypeError ('ignore_errors() takes no keyword arguments',) None None True
+ ignore TypeError ('ignore_errors() takes no keyword arguments',) None None False
- ignore TypeError ("don't know how to handle NoneType in error callback",) None None True
+ ignore TypeError ("don't know how to handle NoneType in error callback",) None None False
- replace TypeError ('replace_errors() takes exactly one argument (0 given)',) None None True
+ replace TypeError ('replace_errors() takes exactly one argument (0 given)',) None None False
- replace TypeError ('replace_errors() takes exactly one argument (2 given)',) None None True
+ replace TypeError ('replace_errors() takes exactly one argument (2 given)',) None None False
- replace TypeError ('replace_errors() takes no keyword arguments',) None None True
+ replace TypeError ('replace_errors() takes no keyword arguments',) None None False
- replace TypeError ("don't know how to handle NoneType in error callback",) None None True
+ replace TypeError ("don't know how to handle NoneType in error callback",) None None False
- xmlcharrefreplace TypeError ('xmlcharrefreplace_errors() takes exactly one argument (0 given)',) None None True
+ xmlcharrefreplace TypeError ('xmlcharrefreplace_errors() takes exactly one argument (0 given)',) None None False
- xmlcharrefreplace TypeError ('xmlcharrefreplace_errors() takes exactly one argument (2 given)',) None None True
+ xmlcharrefreplace TypeError ('xmlcharrefreplace_errors() takes exactly one argument (2 given)',) None None False
- xmlcharrefreplace TypeError ('xmlcharrefreplace_errors() takes no keyword arguments',) None None True
+ xmlcharrefreplace TypeError ('xmlcharrefreplace_errors() takes no keyword arguments',) None None False
- xmlcharrefreplace TypeError ("don't know how to handle NoneType in error callback",) None None True
+ xmlcharrefreplace TypeError ("don't know how to handle NoneType in error callback",) None None False
- backslashreplace TypeError ('backslashreplace_errors() takes exactly one argument (0 given)',) None None True
+ backslashreplace TypeError ('backslashreplace_errors() takes exactly one argument (0 given)',) None None False
- backslashreplace TypeError ('backslashreplace_errors() takes exactly one argument (2 given)',) None None True
+ backslashreplace TypeError ('backslashreplace_errors() takes exactly one argument (2 given)',) None None False
- backslashreplace TypeError ('backslashreplace_errors() takes no keyword arguments',) None None True
+ backslashreplace TypeError ('backslashreplace_errors() takes no keyword arguments',) None None False
- backslashreplace TypeError ("don't know how to handle NoneType in error callback",) None None True
+ backslashreplace TypeError ("don't know how to handle NoneType in error callback",) None None False
- namereplace TypeError ('namereplace_errors() takes exactly one argument (0 given)',) None None True
+ namereplace TypeError ('namereplace_errors() takes exactly one argument (0 given)',) None None False
- namereplace TypeError ('namereplace_errors() takes exactly one argument (2 given)',) None None True
+ namereplace TypeError ('namereplace_errors() takes exactly one argument (2 given)',) None None False
- namereplace TypeError ('namereplace_errors() takes no keyword arguments',) None None True
+ namereplace TypeError ('namereplace_errors() takes no keyword arguments',) None None False
- namereplace TypeError ("don't know how to handle NoneType in error callback",) None None True
+ namereplace TypeError ("don't know how to handle NoneType in error callback",) None None False
- surrogatepass TypeError ('surrogatepass() takes exactly one argument (0 given)',) None None True
+ surrogatepass TypeError ('surrogatepass() takes exactly one argument (0 given)',) None None False
- surrogatepass TypeError ('surrogatepass() takes exactly one argument (2 given)',) None None True
+ surrogatepass TypeError ('surrogatepass() takes exactly one argument (2 given)',) None None False
- surrogatepass TypeError ('surrogatepass() takes no keyword arguments',) None None True
+ surrogatepass TypeError ('surrogatepass() takes no keyword arguments',) None None False
- surrogatepass TypeError ("don't know how to handle NoneType in error callback",) None None True
+ surrogatepass TypeError ("don't know how to handle NoneType in error callback",) None None False
- surrogateescape TypeError ('surrogateescape() takes exactly one argument (0 given)',) None None True
+ surrogateescape TypeError ('surrogateescape() takes exactly one argument (0 given)',) None None False
- surrogateescape TypeError ('surrogateescape() takes exactly one argument (2 given)',) None None True
+ surrogateescape TypeError ('surrogateescape() takes exactly one argument (2 given)',) None None False
- surrogateescape TypeError ('surrogateescape() takes no keyword arguments',) None None True
+ surrogateescape TypeError ('surrogateescape() takes no keyword arguments',) None None False
- surrogateescape TypeError ("don't know how to handle NoneType in error callback",) None None True
+ surrogateescape TypeError ("don't know how to handle NoneType in error callback",) None None False
- ignore object TypeError ("UnicodeError 'object' attribute is not set",) False True
+ ignore object TypeError ("UnicodeError 'object' attribute is not set",) False False
- replace object TypeError ("UnicodeError 'object' attribute must be a bytes",) False True
+ replace object TypeError ("UnicodeError 'object' attribute must be a bytes",) False False
- surrogatepass encoding TypeError ("UnicodeError 'encoding' attribute is not set",) False True
+ surrogatepass encoding TypeError ("UnicodeError 'encoding' attribute is not set",) False False
- surrogatepass encoding TypeError ("UnicodeError 'encoding' attribute must be a string",) False True
+ surrogatepass encoding TypeError ("UnicodeError 'encoding' attribute must be a string",) False False


 ❯ src/session-codec-standard-rejection.test.ts:32:18
     30|     expect(session.eval("1")).toBe(result);
     31|   }
     32|   expect(output).toBe(mode === "normal" ? reference.oracle.stdout : re…
       |                  ^
     33| });
     34|

⎯⎯⎯⎯⎯⎯⎯⎯⎯⎯⎯⎯⎯⎯⎯⎯⎯⎯⎯⎯⎯[65/284]⎯

 FAIL  src/session-codec-stateful-encoder-user.test.ts > 'iso2022_jp' restores encoder state after recovery and guest failure
AssertionError: LookupError('unknown encoding: iso2022_jp'): expected 'exception' to be 'ok' // Object.is equality

Expected: "ok"
Received: "exception"

 ❯ src/session-codec-stateful-encoder-user.test.ts:25:33
     23|     if (diagnostic.status === "ok") detail = String(diagnostic.value.p…
     24|   }
     25|   expect(result.status, detail).toBe("ok");
       |                                 ^
     26|   expect(output).toBe(oracle.stdout);
     27|   expect(reads).toBeGreaterThanOrEqual(3);

⎯⎯⎯⎯⎯⎯⎯⎯⎯⎯⎯⎯⎯⎯⎯⎯⎯⎯⎯⎯⎯[66/284]⎯

 FAIL  src/session-codec-stateful-encoder-user.test.ts > 'iso2022_jp_1' restores encoder state after recovery and guest failure
AssertionError: LookupError('unknown encoding: iso2022_jp_1'): expected 'exception' to be 'ok' // Object.is equality

Expected: "ok"
Received: "exception"

 ❯ src/session-codec-stateful-encoder-user.test.ts:25:33
     23|     if (diagnostic.status === "ok") detail = String(diagnostic.value.p…
     24|   }
     25|   expect(result.status, detail).toBe("ok");
       |                                 ^
     26|   expect(output).toBe(oracle.stdout);
     27|   expect(reads).toBeGreaterThanOrEqual(3);

⎯⎯⎯⎯⎯⎯⎯⎯⎯⎯⎯⎯⎯⎯⎯⎯⎯⎯⎯⎯⎯[67/284]⎯

 FAIL  src/session-codec-stateful-encoder-user.test.ts > 'iso2022_jp_2' restores encoder state after recovery and guest failure
AssertionError: LookupError('unknown encoding: iso2022_jp_2'): expected 'exception' to be 'ok' // Object.is equality

Expected: "ok"
Received: "exception"

 ❯ src/session-codec-stateful-encoder-user.test.ts:25:33
     23|     if (diagnostic.status === "ok") detail = String(diagnostic.value.p…
     24|   }
     25|   expect(result.status, detail).toBe("ok");
       |                                 ^
     26|   expect(output).toBe(oracle.stdout);
     27|   expect(reads).toBeGreaterThanOrEqual(3);

⎯⎯⎯⎯⎯⎯⎯⎯⎯⎯⎯⎯⎯⎯⎯⎯⎯⎯⎯⎯⎯[68/284]⎯

 FAIL  src/session-codec-stateful-encoder-user.test.ts > 'iso2022_jp_3' restores encoder state after recovery and guest failure
AssertionError: LookupError('unknown encoding: iso2022_jp_3'): expected 'exception' to be 'ok' // Object.is equality

Expected: "ok"
Received: "exception"

 ❯ src/session-codec-stateful-encoder-user.test.ts:25:33
     23|     if (diagnostic.status === "ok") detail = String(diagnostic.value.p…
     24|   }
     25|   expect(result.status, detail).toBe("ok");
       |                                 ^
     26|   expect(output).toBe(oracle.stdout);
     27|   expect(reads).toBeGreaterThanOrEqual(3);

⎯⎯⎯⎯⎯⎯⎯⎯⎯⎯⎯⎯⎯⎯⎯⎯⎯⎯⎯⎯⎯[69/284]⎯

 FAIL  src/session-codec-stateful-encoder-user.test.ts > 'iso2022_jp_2004' restores encoder state after recovery and guest failure
AssertionError: LookupError('unknown encoding: iso2022_jp_2004'): expected 'exception' to be 'ok' // Object.is equality

Expected: "ok"
Received: "exception"

 ❯ src/session-codec-stateful-encoder-user.test.ts:25:33
     23|     if (diagnostic.status === "ok") detail = String(diagnostic.value.p…
     24|   }
     25|   expect(result.status, detail).toBe("ok");
       |                                 ^
     26|   expect(output).toBe(oracle.stdout);
     27|   expect(reads).toBeGreaterThanOrEqual(3);

⎯⎯⎯⎯⎯⎯⎯⎯⎯⎯⎯⎯⎯⎯⎯⎯⎯⎯⎯⎯⎯[70/284]⎯

 FAIL  src/session-codec-stateful-encoder-user.test.ts > 'iso2022_jp_ext' restores encoder state after recovery and guest failure
AssertionError: LookupError('unknown encoding: iso2022_jp_ext'): expected 'exception' to be 'ok' // Object.is equality

Expected: "ok"
Received: "exception"

 ❯ src/session-codec-stateful-encoder-user.test.ts:25:33
     23|     if (diagnostic.status === "ok") detail = String(diagnostic.value.p…
     24|   }
     25|   expect(result.status, detail).toBe("ok");
       |                                 ^
     26|   expect(output).toBe(oracle.stdout);
     27|   expect(reads).toBeGreaterThanOrEqual(3);

⎯⎯⎯⎯⎯⎯⎯⎯⎯⎯⎯⎯⎯⎯⎯⎯⎯⎯⎯⎯⎯[71/284]⎯

 FAIL  src/session-codec-stateful-encoder-user.test.ts > 'iso2022_kr' restores encoder state after recovery and guest failure
AssertionError: LookupError('unknown encoding: iso2022_kr'): expected 'exception' to be 'ok' // Object.is equality

Expected: "ok"
Received: "exception"

 ❯ src/session-codec-stateful-encoder-user.test.ts:25:33
     23|     if (diagnostic.status === "ok") detail = String(diagnostic.value.p…
     24|   }
     25|   expect(result.status, detail).toBe("ok");
       |                                 ^
     26|   expect(output).toBe(oracle.stdout);
     27|   expect(reads).toBeGreaterThanOrEqual(3);

⎯⎯⎯⎯⎯⎯⎯⎯⎯⎯⎯⎯⎯⎯⎯⎯⎯⎯⎯⎯⎯[72/284]⎯

 FAIL  src/session-codec-stateful-encoder-user.test.ts > 'hz' restores encoder state after recovery and guest failure
AssertionError: LookupError('unknown encoding: hz'): expected 'exception' to be 'ok' // Object.is equality

Expected: "ok"
Received: "exception"

 ❯ src/session-codec-stateful-encoder-user.test.ts:25:33
     23|     if (diagnostic.status === "ok") detail = String(diagnostic.value.p…
     24|   }
     25|   expect(result.status, detail).toBe("ok");
       |                                 ^
     26|   expect(output).toBe(oracle.stdout);
     27|   expect(reads).toBeGreaterThanOrEqual(3);

⎯⎯⎯⎯⎯⎯⎯⎯⎯⎯⎯⎯⎯⎯⎯⎯⎯⎯⎯⎯⎯[73/284]⎯

 FAIL  src/session-codec-stateful-encoder-user.test.ts > 'iso2022_jp' keeps encoder recovery cancellation terminal (throws=false)
 FAIL  src/session-codec-stateful-encoder-user.test.ts > 'iso2022_jp' keeps encoder recovery cancellation terminal (throws=true)
AssertionError: LookupError('unknown encoding: iso2022_jp'): expected 'exception' to be 'terminated' // Object.is equality

Expected: "terminated"
Received: "exception"

 ❯ src/session-codec-stateful-encoder-user.test.ts:51:35
     49|       if (diagnostic.status === "ok") detail = String(diagnostic.value…
     50|     }
     51|     expect(result.status, detail).toBe("terminated");
       |                                   ^
     52|     if (result.status === "terminated") expect(result.reason).toBe("ca…
     53|     const before = writes;

⎯⎯⎯⎯⎯⎯⎯⎯⎯⎯⎯⎯⎯⎯⎯⎯⎯⎯⎯⎯⎯[74/284]⎯

 FAIL  src/session-codec-stateful-encoder-user.test.ts > 'iso2022_jp_1' keeps encoder recovery cancellation terminal (throws=false)
 FAIL  src/session-codec-stateful-encoder-user.test.ts > 'iso2022_jp_1' keeps encoder recovery cancellation terminal (throws=true)
AssertionError: LookupError('unknown encoding: iso2022_jp_1'): expected 'exception' to be 'terminated' // Object.is equality

Expected: "terminated"
Received: "exception"

 ❯ src/session-codec-stateful-encoder-user.test.ts:51:35
     49|       if (diagnostic.status === "ok") detail = String(diagnostic.value…
     50|     }
     51|     expect(result.status, detail).toBe("terminated");
       |                                   ^
     52|     if (result.status === "terminated") expect(result.reason).toBe("ca…
     53|     const before = writes;

⎯⎯⎯⎯⎯⎯⎯⎯⎯⎯⎯⎯⎯⎯⎯⎯⎯⎯⎯⎯⎯[75/284]⎯

 FAIL  src/session-codec-stateful-encoder-user.test.ts > 'iso2022_jp_2' keeps encoder recovery cancellation terminal (throws=false)
 FAIL  src/session-codec-stateful-encoder-user.test.ts > 'iso2022_jp_2' keeps encoder recovery cancellation terminal (throws=true)
AssertionError: LookupError('unknown encoding: iso2022_jp_2'): expected 'exception' to be 'terminated' // Object.is equality

Expected: "terminated"
Received: "exception"

 ❯ src/session-codec-stateful-encoder-user.test.ts:51:35
     49|       if (diagnostic.status === "ok") detail = String(diagnostic.value…
     50|     }
     51|     expect(result.status, detail).toBe("terminated");
       |                                   ^
     52|     if (result.status === "terminated") expect(result.reason).toBe("ca…
     53|     const before = writes;

⎯⎯⎯⎯⎯⎯⎯⎯⎯⎯⎯⎯⎯⎯⎯⎯⎯⎯⎯⎯⎯[76/284]⎯

 FAIL  src/session-codec-stateful-encoder-user.test.ts > 'iso2022_jp_3' keeps encoder recovery cancellation terminal (throws=false)
 FAIL  src/session-codec-stateful-encoder-user.test.ts > 'iso2022_jp_3' keeps encoder recovery cancellation terminal (throws=true)
AssertionError: LookupError('unknown encoding: iso2022_jp_3'): expected 'exception' to be 'terminated' // Object.is equality

Expected: "terminated"
Received: "exception"

 ❯ src/session-codec-stateful-encoder-user.test.ts:51:35
     49|       if (diagnostic.status === "ok") detail = String(diagnostic.value…
     50|     }
     51|     expect(result.status, detail).toBe("terminated");
       |                                   ^
     52|     if (result.status === "terminated") expect(result.reason).toBe("ca…
     53|     const before = writes;

⎯⎯⎯⎯⎯⎯⎯⎯⎯⎯⎯⎯⎯⎯⎯⎯⎯⎯⎯⎯⎯[77/284]⎯

 FAIL  src/session-codec-stateful-encoder-user.test.ts > 'iso2022_jp_2004' keeps encoder recovery cancellation terminal (throws=false)
 FAIL  src/session-codec-stateful-encoder-user.test.ts > 'iso2022_jp_2004' keeps encoder recovery cancellation terminal (throws=true)
AssertionError: LookupError('unknown encoding: iso2022_jp_2004'): expected 'exception' to be 'terminated' // Object.is equality

Expected: "terminated"
Received: "exception"

 ❯ src/session-codec-stateful-encoder-user.test.ts:51:35
     49|       if (diagnostic.status === "ok") detail = String(diagnostic.value…
     50|     }
     51|     expect(result.status, detail).toBe("terminated");
       |                                   ^
     52|     if (result.status === "terminated") expect(result.reason).toBe("ca…
     53|     const before = writes;

⎯⎯⎯⎯⎯⎯⎯⎯⎯⎯⎯⎯⎯⎯⎯⎯⎯⎯⎯⎯⎯[78/284]⎯

 FAIL  src/session-codec-stateful-encoder-user.test.ts > 'iso2022_jp_ext' keeps encoder recovery cancellation terminal (throws=false)
 FAIL  src/session-codec-stateful-encoder-user.test.ts > 'iso2022_jp_ext' keeps encoder recovery cancellation terminal (throws=true)
AssertionError: LookupError('unknown encoding: iso2022_jp_ext'): expected 'exception' to be 'terminated' // Object.is equality

Expected: "terminated"
Received: "exception"

 ❯ src/session-codec-stateful-encoder-user.test.ts:51:35
     49|       if (diagnostic.status === "ok") detail = String(diagnostic.value…
     50|     }
     51|     expect(result.status, detail).toBe("terminated");
       |                                   ^
     52|     if (result.status === "terminated") expect(result.reason).toBe("ca…
     53|     const before = writes;

⎯⎯⎯⎯⎯⎯⎯⎯⎯⎯⎯⎯⎯⎯⎯⎯⎯⎯⎯⎯⎯[79/284]⎯

 FAIL  src/session-codec-stateful-encoder-user.test.ts > 'iso2022_kr' keeps encoder recovery cancellation terminal (throws=false)
 FAIL  src/session-codec-stateful-encoder-user.test.ts > 'iso2022_kr' keeps encoder recovery cancellation terminal (throws=true)
AssertionError: LookupError('unknown encoding: iso2022_kr'): expected 'exception' to be 'terminated' // Object.is equality

Expected: "terminated"
Received: "exception"

 ❯ src/session-codec-stateful-encoder-user.test.ts:51:35
     49|       if (diagnostic.status === "ok") detail = String(diagnostic.value…
     50|     }
     51|     expect(result.status, detail).toBe("terminated");
       |                                   ^
     52|     if (result.status === "terminated") expect(result.reason).toBe("ca…
     53|     const before = writes;

⎯⎯⎯⎯⎯⎯⎯⎯⎯⎯⎯⎯⎯⎯⎯⎯⎯⎯⎯⎯⎯[80/284]⎯

 FAIL  src/session-codec-stateful-encoder-user.test.ts > 'hz' keeps encoder recovery cancellation terminal (throws=false)
 FAIL  src/session-codec-stateful-encoder-user.test.ts > 'hz' keeps encoder recovery cancellation terminal (throws=true)
AssertionError: LookupError('unknown encoding: hz'): expected 'exception' to be 'terminated' // Object.is equality

Expected: "terminated"
Received: "exception"

 ❯ src/session-codec-stateful-encoder-user.test.ts:51:35
     49|       if (diagnostic.status === "ok") detail = String(diagnostic.value…
     50|     }
     51|     expect(result.status, detail).toBe("terminated");
       |                                   ^
     52|     if (result.status === "terminated") expect(result.reason).toBe("ca…
     53|     const before = writes;

⎯⎯⎯⎯⎯⎯⎯⎯⎯⎯⎯⎯⎯⎯⎯⎯⎯⎯⎯⎯⎯[81/284]⎯

 FAIL  src/session-codec-stream-mutation.test.ts > 'stream reader bytearray and memoryvie…'
AssertionError: exception: name 'bytearray' is not defined: expected 'exception' to be 'ok' // Object.is equality

Expected: "ok"
Received: "exception"

 ❯ src/session-codec-stream-mutation.test.ts:20:37
     18|     if (message.status === 'ok') diagnostic += ': ' + String(message.v…
     19|   }
     20|   expect(result.status, diagnostic).toBe('ok');
       |                                     ^
     21|   expect(output).toBe(reference.cases.find(row => row.name === name)!.…
     22| });

⎯⎯⎯⎯⎯⎯⎯⎯⎯⎯⎯⎯⎯⎯⎯⎯⎯⎯⎯⎯⎯[82/284]⎯

 FAIL  src/session-codec-stream-traceback.test.ts > retains caller and codec frames with pinned instruction positions
AssertionError: expected '' to be '<module> 3 66\nencode 204 12\n' // Object.is equality

- Expected
+ Received

- <module> 3 66
- encode 204 12
-

 ❯ src/session-codec-stream-traceback.test.ts:19:18
     17| `;
     18|   expect(session.exec(source,{filename:'<codec-trace>'})).toMatchObjec…
     19|   expect(output).toBe('<module> 3 66\nencode 204 12\n');
       |                  ^
     20| });
     21|

⎯⎯⎯⎯⎯⎯⎯⎯⎯⎯⎯⎯⎯⎯⎯⎯⎯⎯⎯⎯⎯[83/284]⎯

 FAIL  src/session-core-codec-buffers.test.ts > public codec buffer contract: 'ascii inherited buffer failure preced…'
 FAIL  src/session-core-codec-buffers.test.ts > public codec buffer contract: 'latin_1 inherited buffer failure prec…'
 FAIL  src/session-core-codec-buffers.test.ts > public codec buffer contract: 'utf_8 inherited buffer failure preced…'
AssertionError: decoder ignored __buffer__: expected 'exception' to be 'ok' // Object.is equality

Expected: "ok"
Received: "exception"

 ❯ src/session-core-codec-buffers.test.ts:14:33
     12|     if (diagnostic.status === "ok") detail = String(diagnostic.value.p…
     13|   }
     14|   expect(result.status, detail).toBe("ok");
       |                                 ^
     15| });
     16|

⎯⎯⎯⎯⎯⎯⎯⎯⎯⎯⎯⎯⎯⎯⎯⎯⎯⎯⎯⎯⎯[84/284]⎯

 FAIL  src/session-core-codec-buffers.test.ts > public codec buffer contract: 'ascii validates buffer hook result be…'
 FAIL  src/session-core-codec-buffers.test.ts > public codec buffer contract: 'latin_1 validates buffer hook result …'
 FAIL  src/session-core-codec-buffers.test.ts > public codec buffer contract: 'utf_8 validates buffer hook result be…'
AssertionError: invalid buffer hook result accepted: expected 'exception' to be 'ok' // Object.is equality

Expected: "ok"
Received: "exception"

 ❯ src/session-core-codec-buffers.test.ts:14:33
     12|     if (diagnostic.status === "ok") detail = String(diagnostic.value.p…
     13|   }
     14|   expect(result.status, detail).toBe("ok");
       |                                 ^
     15| });
     16|

⎯⎯⎯⎯⎯⎯⎯⎯⎯⎯⎯⎯⎯⎯⎯⎯⎯⎯⎯⎯⎯[85/284]⎯

 FAIL  src/session-core-codec-buffers.test.ts > public codec buffer contract: 'ascii uses and releases an overridden…'
 FAIL  src/session-core-codec-buffers.test.ts > public codec buffer contract: 'latin_1 uses and releases an overridd…'
 FAIL  src/session-core-codec-buffers.test.ts > public codec buffer contract: 'utf_8 uses and releases an overridden…'
AssertionError: name 'bytearray' is not defined: expected 'exception' to be 'ok' // Object.is equality

Expected: "ok"
Received: "exception"

 ❯ src/session-core-codec-buffers.test.ts:14:33
     12|     if (diagnostic.status === "ok") detail = String(diagnostic.value.p…
     13|   }
     14|   expect(result.status, detail).toBe("ok");
       |                                 ^
     15| });
     16|

⎯⎯⎯⎯⎯⎯⎯⎯⎯⎯⎯⎯⎯⎯⎯⎯⎯⎯⎯⎯⎯[86/284]⎯

 FAIL  src/session-core-codec-buffers.test.ts > public codec buffer contract: 'ascii rejects a strided memoryview'
 FAIL  src/session-core-codec-buffers.test.ts > public codec buffer contract: 'latin_1 rejects a strided memoryview'
 FAIL  src/session-core-codec-buffers.test.ts > public codec buffer contract: 'utf_8 rejects a strided memoryview'
AssertionError: name 'memoryview' is not defined: expected 'exception' to be 'ok' // Object.is equality

Expected: "ok"
Received: "exception"

 ❯ src/session-core-codec-buffers.test.ts:14:33
     12|     if (diagnostic.status === "ok") detail = String(diagnostic.value.p…
     13|   }
     14|   expect(result.status, detail).toBe("ok");
       |                                 ^
     15| });
     16|

⎯⎯⎯⎯⎯⎯⎯⎯⎯⎯⎯⎯⎯⎯⎯⎯⎯⎯⎯⎯⎯[87/284]⎯

 FAIL  src/session-core-codec-buffers.test.ts > keeps cancellation in 'ascii' buffer acquisition fatal (throws=false)
 FAIL  src/session-core-codec-buffers.test.ts > keeps cancellation in 'latin_1' buffer acquisition fatal (throws=false)
 FAIL  src/session-core-codec-buffers.test.ts > keeps cancellation in 'utf_8' buffer acquisition fatal (throws=false)
AssertionError: throws=false: expected [] to deeply equal [ 'cancel' ]

- Expected
+ Received

- [
-   "cancel",
- ]
+ []

 ❯ src/session-core-codec-buffers.test.ts:34:40
     32|     print('recovered')
     33| `);
     34|     expect(writes, `throws=${throws}`).toEqual(["cancel"]);
       |                                        ^
     35|     expect(result).toMatchObject({status: "terminated", reason: "cance…
     36|     expect(session.eval("1")).toMatchObject({status: "terminated", rea…

⎯⎯⎯⎯⎯⎯⎯⎯⎯⎯⎯⎯⎯⎯⎯⎯⎯⎯⎯⎯⎯[88/284]⎯

 FAIL  src/session-core-codec-buffers.test.ts > keeps cancellation in 'ascii' buffer acquisition fatal (throws=true)
 FAIL  src/session-core-codec-buffers.test.ts > keeps cancellation in 'latin_1' buffer acquisition fatal (throws=true)
 FAIL  src/session-core-codec-buffers.test.ts > keeps cancellation in 'utf_8' buffer acquisition fatal (throws=true)
AssertionError: throws=true: expected [] to deeply equal [ 'cancel' ]

- Expected
+ Received

- [
-   "cancel",
- ]
+ []

 ❯ src/session-core-codec-buffers.test.ts:34:40
     32|     print('recovered')
     33| `);
     34|     expect(writes, `throws=${throws}`).toEqual(["cancel"]);
       |                                        ^
     35|     expect(result).toMatchObject({status: "terminated", reason: "cance…
     36|     expect(session.eval("1")).toMatchObject({status: "terminated", rea…

⎯⎯⎯⎯⎯⎯⎯⎯⎯⎯⎯⎯⎯⎯⎯⎯⎯⎯⎯⎯⎯[89/284]⎯

 FAIL  src/session-interpolated-literal-codec.test.ts > interpolated literal codec: 't"\N{SNAKE}{1}"'
 FAIL  src/session-interpolated-literal-codec.test.ts > interpolated literal codec: 't"""first\n\N{SNAKE}{1}"""'
 FAIL  src/session-interpolated-literal-codec.test.ts > interpolated literal codec: 't"\ud800{1}"'
 FAIL  src/session-interpolated-literal-codec.test.ts > interpolated literal codec: 't"""first\n\ud800{1}"""'
 FAIL  src/session-interpolated-literal-codec.test.ts > interpolated literal codec: 't"\q{1}"'
 FAIL  src/session-interpolated-literal-codec.test.ts > interpolated literal codec: 't"""first\n\q{1}"""'
 FAIL  src/session-interpolated-literal-codec.test.ts > interpolated literal codec: 't"\777{1}"'
 FAIL  src/session-interpolated-literal-codec.test.ts > interpolated literal codec: 't"""first\n\777{1}"""'
 FAIL  src/session-interpolated-literal-codec.test.ts > interpolated literal codec: 't"\{1}"'
 FAIL  src/session-interpolated-literal-codec.test.ts > interpolated literal codec: 't"""first\n\{1}"""'
 FAIL  src/session-interpolated-literal-codec.test.ts > interpolated literal codec: 't"{{\n}}"'
 FAIL  src/session-interpolated-literal-codec.test.ts > interpolated literal codec: 't"""first\n{{\n}}"""'
 FAIL  src/session-interpolated-literal-codec.test.ts > interpolated literal codec: 't"\é{1}"'
 FAIL  src/session-interpolated-literal-codec.test.ts > interpolated literal codec: 't"""first\n\é{1}"""'
 FAIL  src/session-interpolated-literal-codec.test.ts > interpolated literal codec: 't"\\é{1}"'
 FAIL  src/session-interpolated-literal-codec.test.ts > interpolated literal codec: 't"""first\n\\é{1}"""'
 FAIL  src/session-interpolated-literal-codec.test.ts > interpolated literal codec: 't"\q{{\z"'
 FAIL  src/session-interpolated-literal-codec.test.ts > interpolated literal codec: 't"""first\n\q{{\z"""'
 FAIL  src/session-interpolated-literal-codec.test.ts > interpolated literal codec: 't"\N{SNAKE}\q"'
 FAIL  src/session-interpolated-literal-codec.test.ts > interpolated literal codec: 't"""first\n\N{SNAKE}\q"""'
 FAIL  src/session-interpolated-literal-codec.test.ts > interpolated literal codec: 'rt"\x"'
 FAIL  src/session-interpolated-literal-codec.test.ts > interpolated literal codec: 'rt"""first\n\x"""'
 FAIL  src/session-interpolated-literal-codec.test.ts > interpolated literal codec: 'rt"abc\u0"'
 FAIL  src/session-interpolated-literal-codec.test.ts > interpolated literal codec: 'rt"""first\nabc\u0"""'
 FAIL  src/session-interpolated-literal-codec.test.ts > interpolated literal codec: 'rt"é\U00110000"'
 FAIL  src/session-interpolated-literal-codec.test.ts > interpolated literal codec: 'rt"""first\né\U00110000"""'
 FAIL  src/session-interpolated-literal-codec.test.ts > interpolated literal codec: 'rt"\N{no}"'
 FAIL  src/session-interpolated-literal-codec.test.ts > interpolated literal codec: 'rt"""first\n\N{no}"""'
 FAIL  src/session-interpolated-literal-codec.test.ts > interpolated literal codec: 'rt"{{\x}}"'
 FAIL  src/session-interpolated-literal-codec.test.ts > interpolated literal codec: 'rt"""first\n{{\x}}"""'
 FAIL  src/session-interpolated-literal-codec.test.ts > interpolated literal codec: 'rt"a{{b}}\x"'
 FAIL  src/session-interpolated-literal-codec.test.ts > interpolated literal codec: 'rt"""first\na{{b}}\x"""'
 FAIL  src/session-interpolated-literal-codec.test.ts > interpolated literal codec: 'rt"\x{1}"'
 FAIL  src/session-interpolated-literal-codec.test.ts > interpolated literal codec: 'rt"""first\n\x{1}"""'
 FAIL  src/session-interpolated-literal-codec.test.ts > interpolated literal codec: 'rt"{1}\x"'
 FAIL  src/session-interpolated-literal-codec.test.ts > interpolated literal codec: 'rt"""first\n{1}\x"""'
 FAIL  src/session-interpolated-literal-codec.test.ts > interpolated literal codec: 'rt"{1:\x}"'
 FAIL  src/session-interpolated-literal-codec.test.ts > interpolated literal codec: 'rt"""first\n{1:\x}"""'
 FAIL  src/session-interpolated-literal-codec.test.ts > interpolated literal codec: 'rt"\x{1:\u}"'
 FAIL  src/session-interpolated-literal-codec.test.ts > interpolated literal codec: 'rt"""first\n\x{1:\u}"""'
 FAIL  src/session-interpolated-literal-codec.test.ts > interpolated literal codec: 'rt"\N{SNAKE}{1}"'
 FAIL  src/session-interpolated-literal-codec.test.ts > interpolated literal codec: 'rt"""first\n\N{SNAKE}{1}"""'
 FAIL  src/session-interpolated-literal-codec.test.ts > interpolated literal codec: 'rt"\ud800{1}"'
 FAIL  src/session-interpolated-literal-codec.test.ts > interpolated literal codec: 'rt"""first\n\ud800{1}"""'
 FAIL  src/session-interpolated-literal-codec.test.ts > interpolated literal codec: 'rt"\q{1}"'
 FAIL  src/session-interpolated-literal-codec.test.ts > interpolated literal codec: 'rt"""first\n\q{1}"""'
 FAIL  src/session-interpolated-literal-codec.test.ts > interpolated literal codec: 'rt"\777{1}"'
 FAIL  src/session-interpolated-literal-codec.test.ts > interpolated literal codec: 'rt"""first\n\777{1}"""'
 FAIL  src/session-interpolated-literal-codec.test.ts > interpolated literal codec: 'rt"\{1}"'
 FAIL  src/session-interpolated-literal-codec.test.ts > interpolated literal codec: 'rt"""first\n\{1}"""'
 FAIL  src/session-interpolated-literal-codec.test.ts > interpolated literal codec: 'rt"{{\n}}"'
 FAIL  src/session-interpolated-literal-codec.test.ts > interpolated literal codec: 'rt"""first\n{{\n}}"""'
 FAIL  src/session-interpolated-literal-codec.test.ts > interpolated literal codec: 'rt"\é{1}"'
 FAIL  src/session-interpolated-literal-codec.test.ts > interpolated literal codec: 'rt"""first\n\é{1}"""'
 FAIL  src/session-interpolated-literal-codec.test.ts > interpolated literal codec: 'rt"\\é{1}"'
 FAIL  src/session-interpolated-literal-codec.test.ts > interpolated literal codec: 'rt"""first\n\\é{1}"""'
 FAIL  src/session-interpolated-literal-codec.test.ts > interpolated literal codec: 'rt"\N{SNAKE}\x"'
 FAIL  src/session-interpolated-literal-codec.test.ts > interpolated literal codec: 'rt"""first\n\N{SNAKE}\x"""'
 FAIL  src/session-interpolated-literal-codec.test.ts > interpolated literal codec: 'rt"\N{SNAKE}\N{no}"'
 FAIL  src/session-interpolated-literal-codec.test.ts > interpolated literal codec: 'rt"""first\n\N{SNAKE}\N{no}"""'
 FAIL  src/session-interpolated-literal-codec.test.ts > interpolated literal codec: 'rt"\q{{\z"'
 FAIL  src/session-interpolated-literal-codec.test.ts > interpolated literal codec: 'rt"""first\n\q{{\z"""'
 FAIL  src/session-interpolated-literal-codec.test.ts > interpolated literal codec: 'rt"\N{SNAKE}\q"'
 FAIL  src/session-interpolated-literal-codec.test.ts > interpolated literal codec: 'rt"""first\n\N{SNAKE}\q"""'
AssertionError: expression execution is not implemented for interpolated-string: expected 'terminated' to be 'ok' // Object.is equality

Expected: "ok"
Received: "terminated"

 ❯ src/session-interpolated-literal-codec.test.ts:15:79
     13|     output:{write(text){output+=text;},flush(){}}});
     14|   const result=session.exec(source);
     15|   expect(result.status,result.status==="terminated"?result.message:und…
       |                                                                               ^
     16|   expect(output).toBe(stdout);
     17|   expect(observed).toEqual(warnings);

⎯⎯⎯⎯⎯⎯⎯⎯⎯⎯⎯⎯⎯⎯⎯⎯⎯⎯⎯⎯⎯[90/284]⎯

 FAIL  src/session-source-codec-final-line.test.ts > source decoding: 'exec final encoding-cookie lines'
 FAIL  src/session-source-codec-final-line.test.ts > source decoding: 'eval final encoding-cookie lines'
AssertionError: expected 'terminated' to be 'ok' // Object.is equality

Expected: "ok"
Received: "terminated"

 ❯ src/session-source-codec-final-line.test.ts:14:39
     12|     output: {write(text) {output += text;}, flush() {}}
     13|   });
     14|   expect(session.exec(source).status).toBe("ok");
       |                                       ^
     15|   expect(output).toBe(reference.cases.find(row => row.name === name)!.…
     16| });

⎯⎯⎯⎯⎯⎯⎯⎯⎯⎯⎯⎯⎯⎯⎯⎯⎯⎯⎯⎯⎯[91/284]⎯

 FAIL  src/session-utf7-codec-api.test.ts > preserves decoder guest failures, traceback and native-call note behavior
AssertionError: UTF-7 callback traceback: expected 'exception' to be 'ok' // Object.is equality

Expected: "ok"
Received: "exception"

 ❯ run src/session-utf7-codec-api.test.ts:13:32
     11|     if(message.status==="ok")detail=String(message.value.primitive);
     12|   }
     13|   expect(result.status,detail).toBe("ok");
       |                                ^
     14| }
     15|
 ❯ src/session-utf7-codec-api.test.ts:194:3

⎯⎯⎯⎯⎯⎯⎯⎯⎯⎯⎯⎯⎯⎯⎯⎯⎯⎯⎯⎯⎯[92/284]⎯

 FAIL  src/runtime/core-codec-rejection-admission.test.ts > admits 'readbuffer_encode' 'missing' rejection before constructing a catchable exception
 FAIL  src/runtime/core-codec-rejection-admission.test.ts > admits 'readbuffer_encode' 'extra' rejection before constructing a catchable exception
AssertionError: expected TypeError: readbuffer_encode expected at … { …(2) } to be an instance of ExecutionLimitError
 ❯ expectTerminal src/runtime/core-codec-rejection-admission.test.ts:27:19
     25|   let failure: unknown;
     26|   try {invoke();} catch (error) {failure = error;}
     27|   expect(failure).toBeInstanceOf(ExecutionLimitError);
       |                   ^
     28|   expect(failure).toMatchObject({reason});
     29|   let retry: unknown;
 ❯ src/runtime/core-codec-rejection-admission.test.ts:47:5

⎯⎯⎯⎯⎯⎯⎯⎯⎯⎯⎯⎯⎯⎯⎯⎯⎯⎯⎯⎯⎯[93/284]⎯

 FAIL  src/runtime/core-codec-rejection-admission.test.ts > admits 'readbuffer_encode' 'keywords' rejection before constructing a catchable exception
AssertionError: expected TypeError: _codecs.readbuffer_encode() ta… { …(2) } to be an instance of ExecutionLimitError
 ❯ expectTerminal src/runtime/core-codec-rejection-admission.test.ts:27:19
     25|   let failure: unknown;
     26|   try {invoke();} catch (error) {failure = error;}
     27|   expect(failure).toBeInstanceOf(ExecutionLimitError);
       |                   ^
     28|   expect(failure).toMatchObject({reason});
     29|   let retry: unknown;
 ❯ src/runtime/core-codec-rejection-admission.test.ts:47:5

⎯⎯⎯⎯⎯⎯⎯⎯⎯⎯⎯⎯⎯⎯⎯⎯⎯⎯⎯⎯⎯[94/284]⎯

 FAIL  src/runtime/core-codec-rejection-admission.test.ts > admits 'readbuffer_encode' 'source' rejection before constructing a catchable exception
 FAIL  src/runtime/core-codec-rejection-admission.test.ts > admits 'escape_decode' 'source' rejection before constructing a catchable exception
AssertionError: expected TypeError: a bytes-like object is require… { …(2) } to be an instance of ExecutionLimitError
 ❯ expectTerminal src/runtime/core-codec-rejection-admission.test.ts:27:19
     25|   let failure: unknown;
     26|   try {invoke();} catch (error) {failure = error;}
     27|   expect(failure).toBeInstanceOf(ExecutionLimitError);
       |                   ^
     28|   expect(failure).toMatchObject({reason});
     29|   let retry: unknown;
 ❯ src/runtime/core-codec-rejection-admission.test.ts:47:5

⎯⎯⎯⎯⎯⎯⎯⎯⎯⎯⎯⎯⎯⎯⎯⎯⎯⎯⎯⎯⎯[95/284]⎯

 FAIL  src/runtime/core-codec-rejection-admission.test.ts > admits 'readbuffer_encode' 'errors' rejection before constructing a catchable exception
AssertionError: expected TypeError: readbuffer_encode() argument 2… { …(2) } to be an instance of ExecutionLimitError
 ❯ expectTerminal src/runtime/core-codec-rejection-admission.test.ts:27:19
     25|   let failure: unknown;
     26|   try {invoke();} catch (error) {failure = error;}
     27|   expect(failure).toBeInstanceOf(ExecutionLimitError);
       |                   ^
     28|   expect(failure).toMatchObject({reason});
     29|   let retry: unknown;
 ❯ src/runtime/core-codec-rejection-admission.test.ts:47:5

⎯⎯⎯⎯⎯⎯⎯⎯⎯⎯⎯⎯⎯⎯⎯⎯⎯⎯⎯⎯⎯[96/284]⎯

 FAIL  src/runtime/core-codec-rejection-admission.test.ts > admits 'readbuffer_encode' 'nul' rejection before constructing a catchable exception
 FAIL  src/runtime/core-codec-rejection-admission.test.ts > admits 'escape_encode' 'nul' rejection before constructing a catchable exception
 FAIL  src/runtime/core-codec-rejection-admission.test.ts > admits 'escape_decode' 'nul' rejection before constructing a catchable exception
AssertionError: expected ValueError: embedded null character { …(2) } to be an instance of ExecutionLimitError
 ❯ expectTerminal src/runtime/core-codec-rejection-admission.test.ts:27:19
     25|   let failure: unknown;
     26|   try {invoke();} catch (error) {failure = error;}
     27|   expect(failure).toBeInstanceOf(ExecutionLimitError);
       |                   ^
     28|   expect(failure).toMatchObject({reason});
     29|   let retry: unknown;
 ❯ src/runtime/core-codec-rejection-admission.test.ts:47:5

⎯⎯⎯⎯⎯⎯⎯⎯⎯⎯⎯⎯⎯⎯⎯⎯⎯⎯⎯⎯⎯[97/284]⎯

 FAIL  src/runtime/core-codec-rejection-admission.test.ts > admits 'escape_encode' 'missing' rejection before constructing a catchable exception
AssertionError: expected TypeError: escape_encode expected at leas… { …(2) } to be an instance of ExecutionLimitError
 ❯ expectTerminal src/runtime/core-codec-rejection-admission.test.ts:27:19
     25|   let failure: unknown;
     26|   try {invoke();} catch (error) {failure = error;}
     27|   expect(failure).toBeInstanceOf(ExecutionLimitError);
       |                   ^
     28|   expect(failure).toMatchObject({reason});
     29|   let retry: unknown;
 ❯ src/runtime/core-codec-rejection-admission.test.ts:47:5

⎯⎯⎯⎯⎯⎯⎯⎯⎯⎯⎯⎯⎯⎯⎯⎯⎯⎯⎯⎯⎯[98/284]⎯

 FAIL  src/runtime/core-codec-rejection-admission.test.ts > admits 'escape_encode' 'extra' rejection before constructing a catchable exception
AssertionError: expected TypeError: escape_encode expected at most… { …(2) } to be an instance of ExecutionLimitError
 ❯ expectTerminal src/runtime/core-codec-rejection-admission.test.ts:27:19
     25|   let failure: unknown;
     26|   try {invoke();} catch (error) {failure = error;}
     27|   expect(failure).toBeInstanceOf(ExecutionLimitError);
       |                   ^
     28|   expect(failure).toMatchObject({reason});
     29|   let retry: unknown;
 ❯ src/runtime/core-codec-rejection-admission.test.ts:47:5

⎯⎯⎯⎯⎯⎯⎯⎯⎯⎯⎯⎯⎯⎯⎯⎯⎯⎯⎯⎯⎯[99/284]⎯

 FAIL  src/runtime/core-codec-rejection-admission.test.ts > admits 'escape_encode' 'keywords' rejection before constructing a catchable exception
AssertionError: expected TypeError: _codecs.escape_encode() takes … { …(2) } to be an instance of ExecutionLimitError
 ❯ expectTerminal src/runtime/core-codec-rejection-admission.test.ts:27:19
     25|   let failure: unknown;
     26|   try {invoke();} catch (error) {failure = error;}
     27|   expect(failure).toBeInstanceOf(ExecutionLimitError);
       |                   ^
     28|   expect(failure).toMatchObject({reason});
     29|   let retry: unknown;
 ❯ src/runtime/core-codec-rejection-admission.test.ts:47:5

⎯⎯⎯⎯⎯⎯⎯⎯⎯⎯⎯⎯⎯⎯⎯⎯⎯⎯⎯⎯[100/284]⎯

 FAIL  src/runtime/core-codec-rejection-admission.test.ts > admits 'escape_encode' 'source' rejection before constructing a catchable exception
AssertionError: expected TypeError: escape_encode() argument 1 mus… { …(2) } to be an instance of ExecutionLimitError
 ❯ expectTerminal src/runtime/core-codec-rejection-admission.test.ts:27:19
     25|   let failure: unknown;
     26|   try {invoke();} catch (error) {failure = error;}
     27|   expect(failure).toBeInstanceOf(ExecutionLimitError);
       |                   ^
     28|   expect(failure).toMatchObject({reason});
     29|   let retry: unknown;
 ❯ src/runtime/core-codec-rejection-admission.test.ts:47:5

⎯⎯⎯⎯⎯⎯⎯⎯⎯⎯⎯⎯⎯⎯⎯⎯⎯⎯⎯⎯[101/284]⎯

 FAIL  src/runtime/core-codec-rejection-admission.test.ts > admits 'escape_encode' 'errors' rejection before constructing a catchable exception
AssertionError: expected TypeError: escape_encode() argument 2 mus… { …(2) } to be an instance of ExecutionLimitError
 ❯ expectTerminal src/runtime/core-codec-rejection-admission.test.ts:27:19
     25|   let failure: unknown;
     26|   try {invoke();} catch (error) {failure = error;}
     27|   expect(failure).toBeInstanceOf(ExecutionLimitError);
       |                   ^
     28|   expect(failure).toMatchObject({reason});
     29|   let retry: unknown;
 ❯ src/runtime/core-codec-rejection-admission.test.ts:47:5

⎯⎯⎯⎯⎯⎯⎯⎯⎯⎯⎯⎯⎯⎯⎯⎯⎯⎯⎯⎯[102/284]⎯

 FAIL  src/runtime/core-codec-rejection-admission.test.ts > admits 'escape_decode' 'missing' rejection before constructing a catchable exception
AssertionError: expected TypeError: escape_decode expected at leas… { …(2) } to be an instance of ExecutionLimitError
 ❯ expectTerminal src/runtime/core-codec-rejection-admission.test.ts:27:19
     25|   let failure: unknown;
     26|   try {invoke();} catch (error) {failure = error;}
     27|   expect(failure).toBeInstanceOf(ExecutionLimitError);
       |                   ^
     28|   expect(failure).toMatchObject({reason});
     29|   let retry: unknown;
 ❯ src/runtime/core-codec-rejection-admission.test.ts:47:5

⎯⎯⎯⎯⎯⎯⎯⎯⎯⎯⎯⎯⎯⎯⎯⎯⎯⎯⎯⎯[103/284]⎯

 FAIL  src/runtime/core-codec-rejection-admission.test.ts > admits 'escape_decode' 'extra' rejection before constructing a catchable exception
AssertionError: expected TypeError: escape_decode expected at most… { …(2) } to be an instance of ExecutionLimitError
 ❯ expectTerminal src/runtime/core-codec-rejection-admission.test.ts:27:19
     25|   let failure: unknown;
     26|   try {invoke();} catch (error) {failure = error;}
     27|   expect(failure).toBeInstanceOf(ExecutionLimitError);
       |                   ^
     28|   expect(failure).toMatchObject({reason});
     29|   let retry: unknown;
 ❯ src/runtime/core-codec-rejection-admission.test.ts:47:5

⎯⎯⎯⎯⎯⎯⎯⎯⎯⎯⎯⎯⎯⎯⎯⎯⎯⎯⎯⎯[104/284]⎯

 FAIL  src/runtime/core-codec-rejection-admission.test.ts > admits 'escape_decode' 'keywords' rejection before constructing a catchable exception
AssertionError: expected TypeError: _codecs.escape_decode() takes … { …(2) } to be an instance of ExecutionLimitError
 ❯ expectTerminal src/runtime/core-codec-rejection-admission.test.ts:27:19
     25|   let failure: unknown;
     26|   try {invoke();} catch (error) {failure = error;}
     27|   expect(failure).toBeInstanceOf(ExecutionLimitError);
       |                   ^
     28|   expect(failure).toMatchObject({reason});
     29|   let retry: unknown;
 ❯ src/runtime/core-codec-rejection-admission.test.ts:47:5

⎯⎯⎯⎯⎯⎯⎯⎯⎯⎯⎯⎯⎯⎯⎯⎯⎯⎯⎯⎯[105/284]⎯

 FAIL  src/runtime/core-codec-rejection-admission.test.ts > admits 'escape_decode' 'errors' rejection before constructing a catchable exception
AssertionError: expected TypeError: escape_decode() argument 2 mus… { …(2) } to be an instance of ExecutionLimitError
 ❯ expectTerminal src/runtime/core-codec-rejection-admission.test.ts:27:19
     25|   let failure: unknown;
     26|   try {invoke();} catch (error) {failure = error;}
     27|   expect(failure).toBeInstanceOf(ExecutionLimitError);
       |                   ^
     28|   expect(failure).toMatchObject({reason});
     29|   let retry: unknown;
 ❯ src/runtime/core-codec-rejection-admission.test.ts:47:5

⎯⎯⎯⎯⎯⎯⎯⎯⎯⎯⎯⎯⎯⎯⎯⎯⎯⎯⎯⎯[106/284]⎯

 FAIL  src/runtime/core-codec-rejection-admission.test.ts > observes 'allocation' after 'readbuffer_encode' error type resolution and releases its input lease
AssertionError: expected TypeError: readbuffer_encode() argument 2… { …(2) } to be an instance of ExecutionLimitError
 ❯ expectTerminal src/runtime/core-codec-rejection-admission.test.ts:27:19
     25|   let failure: unknown;
     26|   try {invoke();} catch (error) {failure = error;}
     27|   expect(failure).toBeInstanceOf(ExecutionLimitError);
       |                   ^
     28|   expect(failure).toMatchObject({reason});
     29|   let retry: unknown;
 ❯ src/runtime/core-codec-rejection-admission.test.ts:58:5

⎯⎯⎯⎯⎯⎯⎯⎯⎯⎯⎯⎯⎯⎯⎯⎯⎯⎯⎯⎯[107/284]⎯

 FAIL  src/runtime/core-codec-rejection-admission.test.ts > observes 'allocation' after 'escape_encode' error type resolution and releases its input lease
AssertionError: expected TypeError: escape_encode() argument 2 mus… { …(2) } to be an instance of ExecutionLimitError
 ❯ expectTerminal src/runtime/core-codec-rejection-admission.test.ts:27:19
     25|   let failure: unknown;
     26|   try {invoke();} catch (error) {failure = error;}
     27|   expect(failure).toBeInstanceOf(ExecutionLimitError);
       |                   ^
     28|   expect(failure).toMatchObject({reason});
     29|   let retry: unknown;
 ❯ src/runtime/core-codec-rejection-admission.test.ts:58:5

⎯⎯⎯⎯⎯⎯⎯⎯⎯⎯⎯⎯⎯⎯⎯⎯⎯⎯⎯⎯[108/284]⎯

 FAIL  src/runtime/core-codec-rejection-admission.test.ts > observes 'allocation' after 'escape_decode' error type resolution and releases its input lease
AssertionError: expected TypeError: escape_decode() argument 2 mus… { …(2) } to be an instance of ExecutionLimitError
 ❯ expectTerminal src/runtime/core-codec-rejection-admission.test.ts:27:19
     25|   let failure: unknown;
     26|   try {invoke();} catch (error) {failure = error;}
     27|   expect(failure).toBeInstanceOf(ExecutionLimitError);
       |                   ^
     28|   expect(failure).toMatchObject({reason});
     29|   let retry: unknown;
 ❯ src/runtime/core-codec-rejection-admission.test.ts:58:5

⎯⎯⎯⎯⎯⎯⎯⎯⎯⎯⎯⎯⎯⎯⎯⎯⎯⎯⎯⎯[109/284]⎯

 FAIL  src/runtime/runtime-core-codec-functions.test.ts > retains ascii encoding source identity, cached errors, index side effects and rejected replacement fields
 FAIL  src/runtime/runtime-core-codec-functions.test.ts > retains latin_1 encoding source identity, cached errors, index side effects and rejected replacement fields
 FAIL  src/runtime/runtime-core-codec-functions.test.ts > retains utf_8 encoding source identity, cached errors, index side effects and rejected replacement fields
Error: AssertionError: ["assert error.__traceback__ is not None"]
 ❯ Object.run src/runtime/runtime-core-codec-functions.test.ts:41:351

 ❯ src/runtime/runtime-core-codec-functions.test.ts:167:13

⎯⎯⎯⎯⎯⎯⎯⎯⎯⎯⎯⎯⎯⎯⎯⎯⎯⎯⎯⎯[110/284]⎯


 Test Files  30 failed | 242 passed (272)
      Tests  284 failed | 26217 passed (26501)
   Start at  10:49:10
   Duration  357.64s (transform 22.30s, setup 0ms, import 238.34s, tests 438.32s, environment 20ms)

npm error Lifecycle script `test:unit` failed with error:
npm error code 1
npm error path /Users/kjopek/Workspace/poe-code-3/packages/safe-python
npm error workspace @poe-code/safe-python@0.0.0-dev
npm error location /Users/kjopek/Workspace/poe-code-3/packages/safe-python
npm error command failed
npm error command sh -c vitest run --config vitest.config.ts codec --maxWorkers=2 --pool=forks
