validate / unit	UNKNOWN STEP	﻿2026-09-12T18:53:22.4677861Z Current runner version: '2.337.0'
validate / unit	UNKNOWN STEP	2026-09-12T18:53:22.4701646Z ##[group]Runner Image Provisioner
validate / unit	UNKNOWN STEP	2026-09-12T18:53:22.4702535Z Hosted Compute Agent
validate / unit	UNKNOWN STEP	2026-09-12T18:53:22.4703070Z Version: 20260828.587
validate / unit	UNKNOWN STEP	2026-09-12T18:53:22.4703651Z Commit: abac92662cab4cc7352de4f9f9d2e2419aad9c29
validate / unit	UNKNOWN STEP	2026-09-12T18:53:22.4704345Z Build Date: 2026-08-28T16:44:25Z
validate / unit	UNKNOWN STEP	2026-09-12T18:53:22.4704965Z Worker ID: {d1a3a5e8-dce8-46f9-91a7-1f5995d75130}
validate / unit	UNKNOWN STEP	2026-09-12T18:53:22.4706291Z Azure Region: westus3
validate / unit	UNKNOWN STEP	2026-09-12T18:53:22.4706819Z ##[endgroup]
validate / unit	UNKNOWN STEP	2026-09-12T18:53:22.4708391Z ##[group]Operating System
validate / unit	UNKNOWN STEP	2026-09-12T18:53:22.4709015Z Ubuntu
validate / unit	UNKNOWN STEP	2026-09-12T18:53:22.4709477Z 24.04.5
validate / unit	UNKNOWN STEP	2026-09-12T18:53:22.4709991Z LTS
validate / unit	UNKNOWN STEP	2026-09-12T18:53:22.4710442Z ##[endgroup]
validate / unit	UNKNOWN STEP	2026-09-12T18:53:22.4710950Z ##[group]Runner Image
validate / unit	UNKNOWN STEP	2026-09-12T18:53:22.4711501Z Image: ubuntu-24.04
validate / unit	UNKNOWN STEP	2026-09-12T18:53:22.4712008Z Version: 20260907.300.1
validate / unit	UNKNOWN STEP	2026-09-12T18:53:22.4713161Z Included Software: https://github.com/actions/runner-images/blob/ubuntu24/20260907.300/images/ubuntu/Ubuntu2404-Readme.md
validate / unit	UNKNOWN STEP	2026-09-12T18:53:22.4714564Z Image Release: https://github.com/actions/runner-images/releases/tag/ubuntu24%2F20260907.300
validate / unit	UNKNOWN STEP	2026-09-12T18:53:22.4715463Z ##[endgroup]
validate / unit	UNKNOWN STEP	2026-09-12T18:53:22.4716784Z ##[group]GITHUB_TOKEN Permissions
validate / unit	UNKNOWN STEP	2026-09-12T18:53:22.4718715Z Actions: read
validate / unit	UNKNOWN STEP	2026-09-12T18:53:22.4719277Z Contents: read
validate / unit	UNKNOWN STEP	2026-09-12T18:53:22.4719822Z Metadata: read
validate / unit	UNKNOWN STEP	2026-09-12T18:53:22.4720330Z ##[endgroup]
validate / unit	UNKNOWN STEP	2026-09-12T18:53:22.4722330Z Secret source: Actions
validate / unit	UNKNOWN STEP	2026-09-12T18:53:22.4723230Z Cache mode: write
validate / unit	UNKNOWN STEP	2026-09-12T18:53:22.4723883Z Prepare workflow directory
validate / unit	UNKNOWN STEP	2026-09-12T18:53:22.5104455Z Prepare all required actions
validate / unit	UNKNOWN STEP	2026-09-12T18:53:22.5152480Z Getting action download info
validate / unit	UNKNOWN STEP	2026-09-12T18:53:22.8288282Z Download action repository 'actions/checkout@v7.0.1' (SHA:3d3c42e5aac5ba805825da76410c181273ba90b1)
validate / unit	UNKNOWN STEP	2026-09-12T18:53:22.9124711Z Download action repository 'actions/setup-node@v7.0.0' (SHA:820762786026740c76f36085b0efc47a31fe5020)
validate / unit	UNKNOWN STEP	2026-09-12T18:53:23.0982207Z Uses: poe-platform/poe-code/.github/workflows/release-validation.yml@refs/heads/main (1fd8137547c3e6963eb52f80147b418d1f126235)
validate / unit	UNKNOWN STEP	2026-09-12T18:53:23.0989981Z ##[group] Inputs
validate / unit	UNKNOWN STEP	2026-09-12T18:53:23.0991383Z   cold_cache: false
validate / unit	UNKNOWN STEP	2026-09-12T18:53:23.0992145Z ##[endgroup]
validate / unit	UNKNOWN STEP	2026-09-12T18:53:23.0992858Z Complete job name: validate / unit
validate / unit	UNKNOWN STEP	2026-09-12T18:53:23.1723065Z ##[group]Run actions/checkout@v7.0.1
validate / unit	UNKNOWN STEP	2026-09-12T18:53:23.1723984Z with:
validate / unit	UNKNOWN STEP	2026-09-12T18:53:23.1724475Z   ref: 1fd8137547c3e6963eb52f80147b418d1f126235
validate / unit	UNKNOWN STEP	2026-09-12T18:53:23.1725172Z   fetch-depth: 1
validate / unit	UNKNOWN STEP	2026-09-12T18:53:23.1725854Z   persist-credentials: false
validate / unit	UNKNOWN STEP	2026-09-12T18:53:23.1726442Z   repository: poe-platform/poe-code
validate / unit	UNKNOWN STEP	2026-09-12T18:53:23.1730354Z   token: ***
validate / unit	UNKNOWN STEP	2026-09-12T18:53:23.1730794Z   ssh-strict: true
validate / unit	UNKNOWN STEP	2026-09-12T18:53:23.1731314Z   ssh-user: git
validate / unit	UNKNOWN STEP	2026-09-12T18:53:23.1731762Z   clean: true
validate / unit	UNKNOWN STEP	2026-09-12T18:53:23.1732245Z   sparse-checkout-cone-mode: true
validate / unit	UNKNOWN STEP	2026-09-12T18:53:23.1732796Z   fetch-tags: false
validate / unit	UNKNOWN STEP	2026-09-12T18:53:23.1733289Z   show-progress: true
validate / unit	UNKNOWN STEP	2026-09-12T18:53:23.1733808Z   lfs: false
validate / unit	UNKNOWN STEP	2026-09-12T18:53:23.1734305Z   submodules: false
validate / unit	UNKNOWN STEP	2026-09-12T18:53:23.1734823Z   set-safe-directory: true
validate / unit	UNKNOWN STEP	2026-09-12T18:53:23.1735362Z   allow-unsafe-pr-checkout: false
validate / unit	UNKNOWN STEP	2026-09-12T18:53:23.1736364Z env:
validate / unit	UNKNOWN STEP	2026-09-12T18:53:23.1847921Z   TZ: UTC
validate / unit	UNKNOWN STEP	2026-09-12T18:53:23.1848493Z   LANG: C.UTF-8
validate / unit	UNKNOWN STEP	2026-09-12T18:53:23.1849133Z   LC_ALL: C.UTF-8
validate / unit	UNKNOWN STEP	2026-09-12T18:53:23.1849721Z   TURBO_TELEMETRY_DISABLED: 1
validate / unit	UNKNOWN STEP	2026-09-12T18:53:23.1850528Z   GIT_CONFIG_COUNT: 1
validate / unit	UNKNOWN STEP	2026-09-12T18:53:23.1851220Z   GIT_CONFIG_KEY_0: init.defaultBranch
validate / unit	UNKNOWN STEP	2026-09-12T18:53:23.1852039Z   GIT_CONFIG_VALUE_0: main
validate / unit	UNKNOWN STEP	2026-09-12T18:53:23.1852717Z ##[endgroup]
validate / unit	UNKNOWN STEP	2026-09-12T18:53:23.2828768Z Syncing repository: poe-platform/poe-code
validate / unit	UNKNOWN STEP	2026-09-12T18:53:23.2830508Z ##[group]Getting Git version info
validate / unit	UNKNOWN STEP	2026-09-12T18:53:23.2831153Z Working directory is '/home/runner/work/poe-code/poe-code'
validate / unit	UNKNOWN STEP	2026-09-12T18:53:23.2832126Z [command]/usr/bin/git version
validate / unit	UNKNOWN STEP	2026-09-12T18:53:23.2893869Z git version 2.55.0
validate / unit	UNKNOWN STEP	2026-09-12T18:53:23.2912360Z ##[endgroup]
validate / unit	UNKNOWN STEP	2026-09-12T18:53:23.2922290Z Temporarily overriding HOME='/home/runner/work/_temp/4657dba5-fe31-438d-a535-e1f92fce14ab' before making global git config changes
validate / unit	UNKNOWN STEP	2026-09-12T18:53:23.2923776Z Adding repository directory to the temporary git global config as a safe directory
validate / unit	UNKNOWN STEP	2026-09-12T18:53:23.2928071Z [command]/usr/bin/git config --global --add safe.directory /home/runner/work/poe-code/poe-code
validate / unit	UNKNOWN STEP	2026-09-12T18:53:23.2973526Z Deleting the contents of '/home/runner/work/poe-code/poe-code'
validate / unit	UNKNOWN STEP	2026-09-12T18:53:23.2976792Z ##[group]Determining repository object format
validate / unit	UNKNOWN STEP	2026-09-12T18:53:23.2978148Z ##[endgroup]
validate / unit	UNKNOWN STEP	2026-09-12T18:53:23.2978912Z ##[group]Initializing the repository
validate / unit	UNKNOWN STEP	2026-09-12T18:53:23.2982805Z [command]/usr/bin/git init /home/runner/work/poe-code/poe-code
validate / unit	UNKNOWN STEP	2026-09-12T18:53:23.3078473Z Initialized empty Git repository in /home/runner/work/poe-code/poe-code/.git/
validate / unit	UNKNOWN STEP	2026-09-12T18:53:23.3093863Z [command]/usr/bin/git remote add origin https://github.com/poe-platform/poe-code
validate / unit	UNKNOWN STEP	2026-09-12T18:53:23.3129485Z ##[endgroup]
validate / unit	UNKNOWN STEP	2026-09-12T18:53:23.3130185Z ##[group]Disabling automatic garbage collection
validate / unit	UNKNOWN STEP	2026-09-12T18:53:23.3133039Z [command]/usr/bin/git config --local gc.auto 0
validate / unit	UNKNOWN STEP	2026-09-12T18:53:23.3158932Z ##[endgroup]
validate / unit	UNKNOWN STEP	2026-09-12T18:53:23.3159609Z ##[group]Setting up auth
validate / unit	UNKNOWN STEP	2026-09-12T18:53:23.3160097Z Removing SSH command configuration
validate / unit	UNKNOWN STEP	2026-09-12T18:53:23.3164532Z [command]/usr/bin/git config --local --name-only --get-regexp core\.sshCommand
validate / unit	UNKNOWN STEP	2026-09-12T18:53:23.3191439Z [command]/usr/bin/git submodule foreach --recursive sh -c "git config --local --name-only --get-regexp 'core\.sshCommand' && git config --local --unset-all 'core.sshCommand' || :"
validate / unit	UNKNOWN STEP	2026-09-12T18:53:23.3473667Z Removing HTTP extra header
validate / unit	UNKNOWN STEP	2026-09-12T18:53:23.3481288Z [command]/usr/bin/git config --local --name-only --get-regexp http\.https\:\/\/github\.com\/\.extraheader
validate / unit	UNKNOWN STEP	2026-09-12T18:53:23.3510414Z [command]/usr/bin/git submodule foreach --recursive sh -c "git config --local --name-only --get-regexp 'http\.https\:\/\/github\.com\/\.extraheader' && git config --local --unset-all 'http.https://github.com/.extraheader' || :"
validate / unit	UNKNOWN STEP	2026-09-12T18:53:23.3691038Z Removing includeIf entries pointing to credentials config files
validate / unit	UNKNOWN STEP	2026-09-12T18:53:23.3696266Z [command]/usr/bin/git config --local --name-only --get-regexp ^includeIf\.gitdir:
validate / unit	UNKNOWN STEP	2026-09-12T18:53:23.3723897Z [command]/usr/bin/git submodule foreach --recursive git config --local --show-origin --name-only --get-regexp remote.origin.url
validate / unit	UNKNOWN STEP	2026-09-12T18:53:23.3910839Z [command]/usr/bin/git config --file /home/runner/work/_temp/git-credentials-5b5736fc-b3a6-45bd-89ce-21733778f1b3.config http.https://github.com/.extraheader AUTHORIZATION: basic ***
validate / unit	UNKNOWN STEP	2026-09-12T18:53:23.3943085Z [command]/usr/bin/git config --local includeIf.gitdir:/home/runner/work/poe-code/poe-code/.git.path /home/runner/work/_temp/git-credentials-5b5736fc-b3a6-45bd-89ce-21733778f1b3.config
validate / unit	UNKNOWN STEP	2026-09-12T18:53:23.3967902Z [command]/usr/bin/git config --local includeIf.gitdir:/home/runner/work/poe-code/poe-code/.git/worktrees/*.path /home/runner/work/_temp/git-credentials-5b5736fc-b3a6-45bd-89ce-21733778f1b3.config
validate / unit	UNKNOWN STEP	2026-09-12T18:53:23.3995549Z [command]/usr/bin/git config --local includeIf.gitdir:/github/workspace/.git.path /github/runner_temp/git-credentials-5b5736fc-b3a6-45bd-89ce-21733778f1b3.config
validate / unit	UNKNOWN STEP	2026-09-12T18:53:23.4021958Z [command]/usr/bin/git config --local includeIf.gitdir:/github/workspace/.git/worktrees/*.path /github/runner_temp/git-credentials-5b5736fc-b3a6-45bd-89ce-21733778f1b3.config
validate / unit	UNKNOWN STEP	2026-09-12T18:53:23.4044127Z ##[endgroup]
validate / unit	UNKNOWN STEP	2026-09-12T18:53:23.4044813Z ##[group]Fetching the repository
validate / unit	UNKNOWN STEP	2026-09-12T18:53:23.4050447Z [command]/usr/bin/git -c protocol.version=2 fetch --no-tags --prune --no-recurse-submodules --depth=1 origin 1fd8137547c3e6963eb52f80147b418d1f126235
validate / unit	UNKNOWN STEP	2026-09-12T18:53:32.9928250Z From https://github.com/poe-platform/poe-code
validate / unit	UNKNOWN STEP	2026-09-12T18:53:32.9958076Z  * branch              1fd8137547c3e6963eb52f80147b418d1f126235 -> FETCH_HEAD
validate / unit	UNKNOWN STEP	2026-09-12T18:53:32.9968878Z [command]/usr/bin/git rev-parse --verify --quiet 1fd8137547c3e6963eb52f80147b418d1f126235^{object}
validate / unit	UNKNOWN STEP	2026-09-12T18:53:32.9969858Z 1fd8137547c3e6963eb52f80147b418d1f126235
validate / unit	UNKNOWN STEP	2026-09-12T18:53:32.9971546Z ##[endgroup]
validate / unit	UNKNOWN STEP	2026-09-12T18:53:32.9972239Z ##[group]Determining the checkout info
validate / unit	UNKNOWN STEP	2026-09-12T18:53:32.9973649Z ##[endgroup]
validate / unit	UNKNOWN STEP	2026-09-12T18:53:32.9974409Z [command]/usr/bin/git sparse-checkout disable
validate / unit	UNKNOWN STEP	2026-09-12T18:53:33.0031895Z [command]/usr/bin/git config --local --unset-all extensions.worktreeConfig
validate / unit	UNKNOWN STEP	2026-09-12T18:53:33.0063866Z ##[group]Checking out the ref
validate / unit	UNKNOWN STEP	2026-09-12T18:53:33.0066433Z [command]/usr/bin/git checkout --progress --force 1fd8137547c3e6963eb52f80147b418d1f126235
validate / unit	UNKNOWN STEP	2026-09-12T18:53:34.0644215Z Updating files:  23% (12392/51841)
validate / unit	UNKNOWN STEP	2026-09-12T18:53:34.1591194Z Updating files:  24% (12442/51841)
validate / unit	UNKNOWN STEP	2026-09-12T18:53:34.1814255Z Updating files:  25% (12961/51841)
validate / unit	UNKNOWN STEP	2026-09-12T18:53:34.1994865Z Updating files:  26% (13479/51841)
validate / unit	UNKNOWN STEP	2026-09-12T18:53:34.2103490Z Updating files:  27% (13998/51841)
validate / unit	UNKNOWN STEP	2026-09-12T18:53:34.2275550Z Updating files:  28% (14516/51841)
validate / unit	UNKNOWN STEP	2026-09-12T18:53:34.2409129Z Updating files:  29% (15034/51841)
validate / unit	UNKNOWN STEP	2026-09-12T18:53:34.2504672Z Updating files:  30% (15553/51841)
validate / unit	UNKNOWN STEP	2026-09-12T18:53:34.2600636Z Updating files:  31% (16071/51841)
validate / unit	UNKNOWN STEP	2026-09-12T18:53:34.2744582Z Updating files:  32% (16590/51841)
validate / unit	UNKNOWN STEP	2026-09-12T18:53:34.2901622Z Updating files:  33% (17108/51841)
validate / unit	UNKNOWN STEP	2026-09-12T18:53:34.3008561Z Updating files:  34% (17626/51841)
validate / unit	UNKNOWN STEP	2026-09-12T18:53:34.3164119Z Updating files:  35% (18145/51841)
validate / unit	UNKNOWN STEP	2026-09-12T18:53:34.3395770Z Updating files:  36% (18663/51841)
validate / unit	UNKNOWN STEP	2026-09-12T18:53:34.3530525Z Updating files:  37% (19182/51841)
validate / unit	UNKNOWN STEP	2026-09-12T18:53:34.3727343Z Updating files:  38% (19700/51841)
validate / unit	UNKNOWN STEP	2026-09-12T18:53:34.3885492Z Updating files:  39% (20218/51841)
validate / unit	UNKNOWN STEP	2026-09-12T18:53:34.4042938Z Updating files:  40% (20737/51841)
validate / unit	UNKNOWN STEP	2026-09-12T18:53:34.4228510Z Updating files:  41% (21255/51841)
validate / unit	UNKNOWN STEP	2026-09-12T18:53:34.4416901Z Updating files:  42% (21774/51841)
validate / unit	UNKNOWN STEP	2026-09-12T18:53:34.4597541Z Updating files:  43% (22292/51841)
validate / unit	UNKNOWN STEP	2026-09-12T18:53:34.4774000Z Updating files:  44% (22811/51841)
validate / unit	UNKNOWN STEP	2026-09-12T18:53:34.4931960Z Updating files:  45% (23329/51841)
validate / unit	UNKNOWN STEP	2026-09-12T18:53:34.5091499Z Updating files:  46% (23847/51841)
validate / unit	UNKNOWN STEP	2026-09-12T18:53:34.5343015Z Updating files:  47% (24366/51841)
validate / unit	UNKNOWN STEP	2026-09-12T18:53:34.5493422Z Updating files:  48% (24884/51841)
validate / unit	UNKNOWN STEP	2026-09-12T18:53:34.5629080Z Updating files:  49% (25403/51841)
validate / unit	UNKNOWN STEP	2026-09-12T18:53:34.5750196Z Updating files:  50% (25921/51841)
validate / unit	UNKNOWN STEP	2026-09-12T18:53:34.5868420Z Updating files:  51% (26439/51841)
validate / unit	UNKNOWN STEP	2026-09-12T18:53:34.6003296Z Updating files:  52% (26958/51841)
validate / unit	UNKNOWN STEP	2026-09-12T18:53:34.6270823Z Updating files:  53% (27476/51841)
validate / unit	UNKNOWN STEP	2026-09-12T18:53:34.6559534Z Updating files:  54% (27995/51841)
validate / unit	UNKNOWN STEP	2026-09-12T18:53:34.6824684Z Updating files:  55% (28513/51841)
validate / unit	UNKNOWN STEP	2026-09-12T18:53:34.7150813Z Updating files:  56% (29031/51841)
validate / unit	UNKNOWN STEP	2026-09-12T18:53:34.7245855Z Updating files:  57% (29550/51841)
validate / unit	UNKNOWN STEP	2026-09-12T18:53:34.7474275Z Updating files:  58% (30068/51841)
validate / unit	UNKNOWN STEP	2026-09-12T18:53:34.7894339Z Updating files:  59% (30587/51841)
validate / unit	UNKNOWN STEP	2026-09-12T18:53:34.8255592Z Updating files:  60% (31105/51841)
validate / unit	UNKNOWN STEP	2026-09-12T18:53:34.8501912Z Updating files:  61% (31624/51841)
validate / unit	UNKNOWN STEP	2026-09-12T18:53:34.8640470Z Updating files:  62% (32142/51841)
validate / unit	UNKNOWN STEP	2026-09-12T18:53:34.8770214Z Updating files:  63% (32660/51841)
validate / unit	UNKNOWN STEP	2026-09-12T18:53:34.8914951Z Updating files:  64% (33179/51841)
validate / unit	UNKNOWN STEP	2026-09-12T18:53:34.9056749Z Updating files:  65% (33697/51841)
validate / unit	UNKNOWN STEP	2026-09-12T18:53:34.9188470Z Updating files:  66% (34216/51841)
validate / unit	UNKNOWN STEP	2026-09-12T18:53:34.9462857Z Updating files:  67% (34734/51841)
validate / unit	UNKNOWN STEP	2026-09-12T18:53:34.9596143Z Updating files:  68% (35252/51841)
validate / unit	UNKNOWN STEP	2026-09-12T18:53:34.9793957Z Updating files:  69% (35771/51841)
validate / unit	UNKNOWN STEP	2026-09-12T18:53:35.0068631Z Updating files:  70% (36289/51841)
validate / unit	UNKNOWN STEP	2026-09-12T18:53:35.0164910Z Updating files:  71% (36808/51841)
validate / unit	UNKNOWN STEP	2026-09-12T18:53:35.0422139Z Updating files:  72% (37326/51841)
validate / unit	UNKNOWN STEP	2026-09-12T18:53:35.0528769Z Updating files:  73% (37844/51841)
validate / unit	UNKNOWN STEP	2026-09-12T18:53:35.0697988Z Updating files:  73% (37999/51841)
validate / unit	UNKNOWN STEP	2026-09-12T18:53:35.1600773Z Updating files:  74% (38363/51841)
validate / unit	UNKNOWN STEP	2026-09-12T18:53:35.1779463Z Updating files:  75% (38881/51841)
validate / unit	UNKNOWN STEP	2026-09-12T18:53:35.1882909Z Updating files:  76% (39400/51841)
validate / unit	UNKNOWN STEP	2026-09-12T18:53:35.2064422Z Updating files:  77% (39918/51841)
validate / unit	UNKNOWN STEP	2026-09-12T18:53:35.2260925Z Updating files:  78% (40436/51841)
validate / unit	UNKNOWN STEP	2026-09-12T18:53:35.2541496Z Updating files:  79% (40955/51841)
validate / unit	UNKNOWN STEP	2026-09-12T18:53:35.3254231Z Updating files:  80% (41473/51841)
validate / unit	UNKNOWN STEP	2026-09-12T18:53:35.3426058Z Updating files:  81% (41992/51841)
validate / unit	UNKNOWN STEP	2026-09-12T18:53:35.4079108Z Updating files:  82% (42510/51841)
validate / unit	UNKNOWN STEP	2026-09-12T18:53:35.5010195Z Updating files:  83% (43029/51841)
validate / unit	UNKNOWN STEP	2026-09-12T18:53:35.5151733Z Updating files:  84% (43547/51841)
validate / unit	UNKNOWN STEP	2026-09-12T18:53:35.5684598Z Updating files:  85% (44065/51841)
validate / unit	UNKNOWN STEP	2026-09-12T18:53:35.5895898Z Updating files:  86% (44584/51841)
validate / unit	UNKNOWN STEP	2026-09-12T18:53:35.6172348Z Updating files:  87% (45102/51841)
validate / unit	UNKNOWN STEP	2026-09-12T18:53:35.6450132Z Updating files:  88% (45621/51841)
validate / unit	UNKNOWN STEP	2026-09-12T18:53:35.6680271Z Updating files:  89% (46139/51841)
validate / unit	UNKNOWN STEP	2026-09-12T18:53:35.6884268Z Updating files:  90% (46657/51841)
validate / unit	UNKNOWN STEP	2026-09-12T18:53:35.7107120Z Updating files:  91% (47176/51841)
validate / unit	UNKNOWN STEP	2026-09-12T18:53:35.7356096Z Updating files:  92% (47694/51841)
validate / unit	UNKNOWN STEP	2026-09-12T18:53:35.7624206Z Updating files:  93% (48213/51841)
validate / unit	UNKNOWN STEP	2026-09-12T18:53:35.7835549Z Updating files:  94% (48731/51841)
validate / unit	UNKNOWN STEP	2026-09-12T18:53:35.8054958Z Updating files:  95% (49249/51841)
validate / unit	UNKNOWN STEP	2026-09-12T18:53:35.8300043Z Updating files:  96% (49768/51841)
validate / unit	UNKNOWN STEP	2026-09-12T18:53:35.8639895Z Updating files:  97% (50286/51841)
validate / unit	UNKNOWN STEP	2026-09-12T18:53:35.8821033Z Updating files:  98% (50805/51841)
validate / unit	UNKNOWN STEP	2026-09-12T18:53:35.9077191Z Updating files:  99% (51323/51841)
validate / unit	UNKNOWN STEP	2026-09-12T18:53:35.9077653Z Updating files: 100% (51841/51841)
validate / unit	UNKNOWN STEP	2026-09-12T18:53:35.9077982Z Updating files: 100% (51841/51841), done.
validate / unit	UNKNOWN STEP	2026-09-12T18:53:35.9708809Z Note: switching to '1fd8137547c3e6963eb52f80147b418d1f126235'.
validate / unit	UNKNOWN STEP	2026-09-12T18:53:35.9709218Z 
validate / unit	UNKNOWN STEP	2026-09-12T18:53:35.9709414Z You are in 'detached HEAD' state. You can look around, make experimental
validate / unit	UNKNOWN STEP	2026-09-12T18:53:35.9709866Z changes and commit them, and you can discard any commits you make in this
validate / unit	UNKNOWN STEP	2026-09-12T18:53:35.9710312Z state without impacting any branches by switching back to a branch.
validate / unit	UNKNOWN STEP	2026-09-12T18:53:35.9710578Z 
validate / unit	UNKNOWN STEP	2026-09-12T18:53:35.9710762Z If you want to create a new branch to retain commits you create, you may
validate / unit	UNKNOWN STEP	2026-09-12T18:53:35.9711254Z do so (now or later) by using -c with the switch command. Example:
validate / unit	UNKNOWN STEP	2026-09-12T18:53:35.9711492Z 
validate / unit	UNKNOWN STEP	2026-09-12T18:53:35.9711651Z   git switch -c <new-branch-name>
validate / unit	UNKNOWN STEP	2026-09-12T18:53:35.9712153Z 
validate / unit	UNKNOWN STEP	2026-09-12T18:53:35.9712304Z Or undo this operation with:
validate / unit	UNKNOWN STEP	2026-09-12T18:53:35.9712530Z 
validate / unit	UNKNOWN STEP	2026-09-12T18:53:35.9712639Z   git switch -
validate / unit	UNKNOWN STEP	2026-09-12T18:53:35.9712800Z 
validate / unit	UNKNOWN STEP	2026-09-12T18:53:35.9713071Z Turn off this advice by setting config variable advice.detachedHead to false
validate / unit	UNKNOWN STEP	2026-09-12T18:53:35.9713474Z 
validate / unit	UNKNOWN STEP	2026-09-12T18:53:35.9713735Z HEAD is now at 1fd81375 docs(safe-js): record verified oracle publication
validate / unit	UNKNOWN STEP	2026-09-12T18:53:35.9789759Z ##[endgroup]
validate / unit	UNKNOWN STEP	2026-09-12T18:53:35.9831207Z [command]/usr/bin/git log -1 --format=%H
validate / unit	UNKNOWN STEP	2026-09-12T18:53:35.9853535Z 1fd8137547c3e6963eb52f80147b418d1f126235
validate / unit	UNKNOWN STEP	2026-09-12T18:53:35.9862779Z ##[group]Removing auth
validate / unit	UNKNOWN STEP	2026-09-12T18:53:35.9863639Z Removing SSH command configuration
validate / unit	UNKNOWN STEP	2026-09-12T18:53:35.9867776Z [command]/usr/bin/git config --local --name-only --get-regexp core\.sshCommand
validate / unit	UNKNOWN STEP	2026-09-12T18:53:35.9893537Z [command]/usr/bin/git submodule foreach --recursive sh -c "git config --local --name-only --get-regexp 'core\.sshCommand' && git config --local --unset-all 'core.sshCommand' || :"
validate / unit	UNKNOWN STEP	2026-09-12T18:53:36.0132732Z Removing HTTP extra header
validate / unit	UNKNOWN STEP	2026-09-12T18:53:36.0136087Z [command]/usr/bin/git config --local --name-only --get-regexp http\.https\:\/\/github\.com\/\.extraheader
validate / unit	UNKNOWN STEP	2026-09-12T18:53:36.0164965Z [command]/usr/bin/git submodule foreach --recursive sh -c "git config --local --name-only --get-regexp 'http\.https\:\/\/github\.com\/\.extraheader' && git config --local --unset-all 'http.https://github.com/.extraheader' || :"
validate / unit	UNKNOWN STEP	2026-09-12T18:53:36.0408002Z Removing includeIf entries pointing to credentials config files
validate / unit	UNKNOWN STEP	2026-09-12T18:53:36.0412309Z [command]/usr/bin/git config --local --name-only --get-regexp ^includeIf\.gitdir:
validate / unit	UNKNOWN STEP	2026-09-12T18:53:36.0438539Z includeif.gitdir:/home/runner/work/poe-code/poe-code/.git.path
validate / unit	UNKNOWN STEP	2026-09-12T18:53:36.0439502Z includeif.gitdir:/home/runner/work/poe-code/poe-code/.git/worktrees/*.path
validate / unit	UNKNOWN STEP	2026-09-12T18:53:36.0440664Z includeif.gitdir:/github/workspace/.git.path
validate / unit	UNKNOWN STEP	2026-09-12T18:53:36.0441302Z includeif.gitdir:/github/workspace/.git/worktrees/*.path
validate / unit	UNKNOWN STEP	2026-09-12T18:53:36.0447032Z [command]/usr/bin/git config --local --get-all includeif.gitdir:/home/runner/work/poe-code/poe-code/.git.path
validate / unit	UNKNOWN STEP	2026-09-12T18:53:36.0466614Z /home/runner/work/_temp/git-credentials-5b5736fc-b3a6-45bd-89ce-21733778f1b3.config
validate / unit	UNKNOWN STEP	2026-09-12T18:53:36.0484793Z [command]/usr/bin/git config --local --unset includeif.gitdir:/home/runner/work/poe-code/poe-code/.git.path \/home\/runner\/work\/_temp\/git\-credentials\-5b5736fc\-b3a6\-45bd\-89ce\-21733778f1b3\.config
validate / unit	UNKNOWN STEP	2026-09-12T18:53:36.0520502Z [command]/usr/bin/git config --local --get-all includeif.gitdir:/home/runner/work/poe-code/poe-code/.git/worktrees/*.path
validate / unit	UNKNOWN STEP	2026-09-12T18:53:36.0540590Z /home/runner/work/_temp/git-credentials-5b5736fc-b3a6-45bd-89ce-21733778f1b3.config
validate / unit	UNKNOWN STEP	2026-09-12T18:53:36.0547687Z [command]/usr/bin/git config --local --unset includeif.gitdir:/home/runner/work/poe-code/poe-code/.git/worktrees/*.path \/home\/runner\/work\/_temp\/git\-credentials\-5b5736fc\-b3a6\-45bd\-89ce\-21733778f1b3\.config
validate / unit	UNKNOWN STEP	2026-09-12T18:53:36.0579735Z [command]/usr/bin/git config --local --get-all includeif.gitdir:/github/workspace/.git.path
validate / unit	UNKNOWN STEP	2026-09-12T18:53:36.0604550Z /github/runner_temp/git-credentials-5b5736fc-b3a6-45bd-89ce-21733778f1b3.config
validate / unit	UNKNOWN STEP	2026-09-12T18:53:36.0613200Z [command]/usr/bin/git config --local --unset includeif.gitdir:/github/workspace/.git.path \/github\/runner_temp\/git\-credentials\-5b5736fc\-b3a6\-45bd\-89ce\-21733778f1b3\.config
validate / unit	UNKNOWN STEP	2026-09-12T18:53:36.0645823Z [command]/usr/bin/git config --local --get-all includeif.gitdir:/github/workspace/.git/worktrees/*.path
validate / unit	UNKNOWN STEP	2026-09-12T18:53:36.0665213Z /github/runner_temp/git-credentials-5b5736fc-b3a6-45bd-89ce-21733778f1b3.config
validate / unit	UNKNOWN STEP	2026-09-12T18:53:36.0672565Z [command]/usr/bin/git config --local --unset includeif.gitdir:/github/workspace/.git/worktrees/*.path \/github\/runner_temp\/git\-credentials\-5b5736fc\-b3a6\-45bd\-89ce\-21733778f1b3\.config
validate / unit	UNKNOWN STEP	2026-09-12T18:53:36.0699878Z [command]/usr/bin/git submodule foreach --recursive git config --local --show-origin --name-only --get-regexp remote.origin.url
validate / unit	UNKNOWN STEP	2026-09-12T18:53:36.0939691Z Removing credentials config '/home/runner/work/_temp/git-credentials-5b5736fc-b3a6-45bd-89ce-21733778f1b3.config'
validate / unit	UNKNOWN STEP	2026-09-12T18:53:36.0946649Z ##[endgroup]
validate / unit	UNKNOWN STEP	2026-09-12T18:53:36.1163490Z ##[group]Run actions/setup-node@v7.0.0
validate / unit	UNKNOWN STEP	2026-09-12T18:53:36.1163770Z with:
validate / unit	UNKNOWN STEP	2026-09-12T18:53:36.1163971Z   node-version: 22
validate / unit	UNKNOWN STEP	2026-09-12T18:53:36.1164175Z   cache: npm
validate / unit	UNKNOWN STEP	2026-09-12T18:53:36.1164369Z   check-latest: false
validate / unit	UNKNOWN STEP	2026-09-12T18:53:36.1167142Z   token: ***
validate / unit	UNKNOWN STEP	2026-09-12T18:53:36.1167360Z   package-manager-cache: true
validate / unit	UNKNOWN STEP	2026-09-12T18:53:36.1167595Z env:
validate / unit	UNKNOWN STEP	2026-09-12T18:53:36.1167773Z   TZ: UTC
validate / unit	UNKNOWN STEP	2026-09-12T18:53:36.1167950Z   LANG: C.UTF-8
validate / unit	UNKNOWN STEP	2026-09-12T18:53:36.1168144Z   LC_ALL: C.UTF-8
validate / unit	UNKNOWN STEP	2026-09-12T18:53:36.1168346Z   TURBO_TELEMETRY_DISABLED: 1
validate / unit	UNKNOWN STEP	2026-09-12T18:53:36.1168574Z ##[endgroup]
validate / unit	UNKNOWN STEP	2026-09-12T18:53:36.2471151Z Found in cache @ /opt/hostedtoolcache/node/22.23.2/x64
validate / unit	UNKNOWN STEP	2026-09-12T18:53:36.2474723Z ##[group]Environment details
validate / unit	UNKNOWN STEP	2026-09-12T18:53:36.6436237Z node: v22.23.2
validate / unit	UNKNOWN STEP	2026-09-12T18:53:36.6436592Z npm: 10.9.8
validate / unit	UNKNOWN STEP	2026-09-12T18:53:36.6436783Z yarn: 1.22.22
validate / unit	UNKNOWN STEP	2026-09-12T18:53:36.6438045Z ##[endgroup]
validate / unit	UNKNOWN STEP	2026-09-12T18:53:36.6453663Z [command]/opt/hostedtoolcache/node/22.23.2/x64/bin/npm config get cache
validate / unit	UNKNOWN STEP	2026-09-12T18:53:36.7472329Z /home/runner/.npm
validate / unit	UNKNOWN STEP	2026-09-12T18:53:36.9611238Z Cache hit for: node-cache-Linux-x64-npm-0206e5b370dc6ac49a1c87d603547db991eccdbfaf49beb24fdb274bba359bdf
validate / unit	UNKNOWN STEP	2026-09-12T18:53:38.2115848Z Received 25165824 of 205502650 (12.2%), 24.0 MBs/sec
validate / unit	UNKNOWN STEP	2026-09-12T18:53:39.2114435Z Received 159383552 of 205502650 (77.6%), 76.0 MBs/sec
validate / unit	UNKNOWN STEP	2026-09-12T18:53:39.4747922Z Received 205502650 of 205502650 (100.0%), 86.6 MBs/sec
validate / unit	UNKNOWN STEP	2026-09-12T18:53:39.4748698Z Cache Size: ~196 MB (205502650 B)
validate / unit	UNKNOWN STEP	2026-09-12T18:53:39.4814090Z [command]/usr/bin/tar -xf /home/runner/work/_temp/33e86a5f-7c52-4e2c-824c-df6f20317686/cache.tzst -P -C /home/runner/work/poe-code/poe-code --use-compress-program unzstd
validate / unit	UNKNOWN STEP	2026-09-12T18:53:40.2647046Z Cache restored successfully
validate / unit	UNKNOWN STEP	2026-09-12T18:53:40.2726424Z Cache restored from key: node-cache-Linux-x64-npm-0206e5b370dc6ac49a1c87d603547db991eccdbfaf49beb24fdb274bba359bdf
validate / unit	UNKNOWN STEP	2026-09-12T18:53:40.2869402Z ##[group]Run npm clean-install
validate / unit	UNKNOWN STEP	2026-09-12T18:53:40.2869804Z [36;1mnpm clean-install[0m
validate / unit	UNKNOWN STEP	2026-09-12T18:53:40.3006226Z shell: /usr/bin/bash -e {0}
validate / unit	UNKNOWN STEP	2026-09-12T18:53:40.3006541Z env:
validate / unit	UNKNOWN STEP	2026-09-12T18:53:40.3006758Z   TZ: UTC
validate / unit	UNKNOWN STEP	2026-09-12T18:53:40.3006951Z   LANG: C.UTF-8
validate / unit	UNKNOWN STEP	2026-09-12T18:53:40.3007156Z   LC_ALL: C.UTF-8
validate / unit	UNKNOWN STEP	2026-09-12T18:53:40.3007375Z   TURBO_TELEMETRY_DISABLED: 1
validate / unit	UNKNOWN STEP	2026-09-12T18:53:40.3007634Z ##[endgroup]
validate / unit	UNKNOWN STEP	2026-09-12T18:53:55.4721128Z 
validate / unit	UNKNOWN STEP	2026-09-12T18:53:55.4728257Z > poe-code@0.0.0-dev postinstall
validate / unit	UNKNOWN STEP	2026-09-12T18:53:55.4728770Z > node scripts/postinstall-sync-skills.mjs
validate / unit	UNKNOWN STEP	2026-09-12T18:53:55.4729030Z 
validate / unit	UNKNOWN STEP	2026-09-12T18:53:55.5178064Z 
validate / unit	UNKNOWN STEP	2026-09-12T18:53:55.5178742Z > poe-code@0.0.0-dev prepare
validate / unit	UNKNOWN STEP	2026-09-12T18:53:55.5179110Z > husky
validate / unit	UNKNOWN STEP	2026-09-12T18:53:55.5179232Z 
validate / unit	UNKNOWN STEP	2026-09-12T18:53:55.5838783Z 
validate / unit	UNKNOWN STEP	2026-09-12T18:53:55.5839847Z added 787 packages, and audited 1004 packages in 15s
validate / unit	UNKNOWN STEP	2026-09-12T18:53:55.5840275Z 
validate / unit	UNKNOWN STEP	2026-09-12T18:53:55.5840537Z 232 packages are looking for funding
validate / unit	UNKNOWN STEP	2026-09-12T18:53:55.5841170Z   run `npm fund` for details
validate / unit	UNKNOWN STEP	2026-09-12T18:53:55.6827440Z 
validate / unit	UNKNOWN STEP	2026-09-12T18:53:55.6828314Z 8 vulnerabilities (2 moderate, 6 high)
validate / unit	UNKNOWN STEP	2026-09-12T18:53:55.6828656Z 
validate / unit	UNKNOWN STEP	2026-09-12T18:53:55.6828857Z To address all issues, run:
validate / unit	UNKNOWN STEP	2026-09-12T18:53:55.6829346Z   npm audit fix
validate / unit	UNKNOWN STEP	2026-09-12T18:53:55.6829534Z 
validate / unit	UNKNOWN STEP	2026-09-12T18:53:55.6829736Z Run `npm audit` for details.
validate / unit	UNKNOWN STEP	2026-09-12T18:53:55.7397923Z ##[group]Run gh run download "$GITHUB_RUN_ID" --repo "$GITHUB_REPOSITORY" --name "build-$GITHUB_SHA" --dir "$RUNNER_TEMP/poe-build"
validate / unit	UNKNOWN STEP	2026-09-12T18:53:55.7398770Z [36;1mgh run download "$GITHUB_RUN_ID" --repo "$GITHUB_REPOSITORY" --name "build-$GITHUB_SHA" --dir "$RUNNER_TEMP/poe-build"[0m
validate / unit	UNKNOWN STEP	2026-09-12T18:53:55.7422193Z shell: /usr/bin/bash -e {0}
validate / unit	UNKNOWN STEP	2026-09-12T18:53:55.7422471Z env:
validate / unit	UNKNOWN STEP	2026-09-12T18:53:55.7422657Z   TZ: UTC
validate / unit	UNKNOWN STEP	2026-09-12T18:53:55.7422840Z   LANG: C.UTF-8
validate / unit	UNKNOWN STEP	2026-09-12T18:53:55.7423045Z   LC_ALL: C.UTF-8
validate / unit	UNKNOWN STEP	2026-09-12T18:53:55.7423254Z   TURBO_TELEMETRY_DISABLED: 1
validate / unit	UNKNOWN STEP	2026-09-12T18:53:55.7426114Z   GH_TOKEN: ***
validate / unit	UNKNOWN STEP	2026-09-12T18:53:55.7426319Z ##[endgroup]
validate / unit	UNKNOWN STEP	2026-09-12T18:53:59.3747533Z ##[group]Run printf '%s  %s\n' "$BUILD_SHA256" "$RUNNER_TEMP/poe-build/build.tar" | sha256sum --check --status
validate / unit	UNKNOWN STEP	2026-09-12T18:53:59.3748222Z [36;1mprintf '%s  %s\n' "$BUILD_SHA256" "$RUNNER_TEMP/poe-build/build.tar" | sha256sum --check --status[0m
validate / unit	UNKNOWN STEP	2026-09-12T18:53:59.3748700Z [36;1mtar -xf "$RUNNER_TEMP/poe-build/build.tar"[0m
validate / unit	UNKNOWN STEP	2026-09-12T18:53:59.3770708Z shell: /usr/bin/bash -e {0}
validate / unit	UNKNOWN STEP	2026-09-12T18:53:59.3770977Z env:
validate / unit	UNKNOWN STEP	2026-09-12T18:53:59.3771165Z   TZ: UTC
validate / unit	UNKNOWN STEP	2026-09-12T18:53:59.3771356Z   LANG: C.UTF-8
validate / unit	UNKNOWN STEP	2026-09-12T18:53:59.3771564Z   LC_ALL: C.UTF-8
validate / unit	UNKNOWN STEP	2026-09-12T18:53:59.3771784Z   TURBO_TELEMETRY_DISABLED: 1
validate / unit	UNKNOWN STEP	2026-09-12T18:53:59.3772154Z   BUILD_SHA256: 1a9486cfe693d981794237cb9277ff4b15aa5142b954e828fcaa43b7b2547273
validate / unit	UNKNOWN STEP	2026-09-12T18:53:59.3772562Z ##[endgroup]
validate / unit	UNKNOWN STEP	2026-09-12T18:53:59.7964235Z ##[group]Run npm run test:ci:fresh
validate / unit	UNKNOWN STEP	2026-09-12T18:53:59.7964571Z [36;1mnpm run test:ci:fresh[0m
validate / unit	UNKNOWN STEP	2026-09-12T18:53:59.7987250Z shell: /usr/bin/bash -e {0}
validate / unit	UNKNOWN STEP	2026-09-12T18:53:59.7987508Z env:
validate / unit	UNKNOWN STEP	2026-09-12T18:53:59.7987705Z   TZ: UTC
validate / unit	UNKNOWN STEP	2026-09-12T18:53:59.7987893Z   LANG: C.UTF-8
validate / unit	UNKNOWN STEP	2026-09-12T18:53:59.7988098Z   LC_ALL: C.UTF-8
validate / unit	UNKNOWN STEP	2026-09-12T18:53:59.7988314Z   TURBO_TELEMETRY_DISABLED: 1
validate / unit	UNKNOWN STEP	2026-09-12T18:53:59.7988560Z ##[endgroup]
validate / unit	UNKNOWN STEP	2026-09-12T18:53:59.8956323Z 
validate / unit	UNKNOWN STEP	2026-09-12T18:53:59.8957461Z > poe-code@0.0.0-dev test:ci:fresh
validate / unit	UNKNOWN STEP	2026-09-12T18:53:59.8958060Z > node scripts/build-workspaces.mjs --test-unit --ci-group=fresh
validate / unit	UNKNOWN STEP	2026-09-12T18:53:59.8958352Z 
validate / unit	UNKNOWN STEP	2026-09-12T18:54:00.0545126Z 
validate / unit	UNKNOWN STEP	2026-09-12T18:54:00.0546406Z > poe-code@0.0.0-dev test:unit:shared
validate / unit	UNKNOWN STEP	2026-09-12T18:54:00.0553037Z > node scripts/test-vitest-workspaces.mjs --ci-group=fresh . packages/acp-telemetry packages/agent-child-process packages/agent-code-review packages/agent-gaslight packages/agent-harness packages/agent-harness-tools packages/agent-hook-config packages/agent-spawn packages/agent-stash packages/agent-trace-viewer packages/agent-traces packages/braintrust packages/experiment-loop packages/github-review packages/github-workflows packages/maestro packages/maestro-tui packages/mcp-oauth-server packages/opencode-poe-auth packages/process-launcher packages/process-runner packages/ralph packages/safe-bash-playground packages/superintendent packages/toolcraft packages/toolcraft-codemode packages/toolcraft-landing-page packages/toolcraft-openapi
validate / unit	UNKNOWN STEP	2026-09-12T18:54:00.0558190Z 
validate / unit	UNKNOWN STEP	2026-09-12T18:54:01.0375795Z 
validate / unit	UNKNOWN STEP	2026-09-12T18:54:01.0378108Z [1m[30m[46m RUN [49m[39m[22m [36mv4.1.11 [39m[90m/home/runner/work/poe-code/poe-code[39m
validate / unit	UNKNOWN STEP	2026-09-12T18:54:01.0379095Z 
validate / unit	UNKNOWN STEP	2026-09-12T18:54:01.0493247Z Unit workspace poe-code: running 521 files
validate / unit	UNKNOWN STEP	2026-09-12T18:54:01.0494073Z Unit workspace @poe-code/acp-telemetry: running 6 files
validate / unit	UNKNOWN STEP	2026-09-12T18:54:01.0494934Z Unit workspace @poe-code/agent-child-process: running 1 files
validate / unit	UNKNOWN STEP	2026-09-12T18:54:01.0495923Z Unit workspace agent-code-review: running 12 files
validate / unit	UNKNOWN STEP	2026-09-12T18:54:01.0496704Z Unit workspace @poe-code/agent-gaslight: running 4 files
validate / unit	UNKNOWN STEP	2026-09-12T18:54:01.0497449Z Unit workspace @poe-code/agent-harness: running 13 files
validate / unit	UNKNOWN STEP	2026-09-12T18:54:01.0498236Z Unit workspace @poe-code/agent-harness-tools: running 17 files
validate / unit	UNKNOWN STEP	2026-09-12T18:54:01.0498973Z Unit workspace @poe-code/agent-hook-config: running 8 files
validate / unit	UNKNOWN STEP	2026-09-12T18:54:01.0499723Z Unit workspace @poe-code/agent-spawn: running 23 files
validate / unit	UNKNOWN STEP	2026-09-12T18:54:01.0500335Z Unit workspace agent-stash: running 13 files
validate / unit	UNKNOWN STEP	2026-09-12T18:54:01.0501074Z Unit workspace @poe-code/agent-trace-viewer: running 8 files
validate / unit	UNKNOWN STEP	2026-09-12T18:54:01.0501848Z Unit workspace @poe-code/agent-traces: running 9 files
validate / unit	UNKNOWN STEP	2026-09-12T18:54:01.0502580Z Unit workspace @poe-code/braintrust: running 9 files
validate / unit	UNKNOWN STEP	2026-09-12T18:54:01.0503348Z Unit workspace @poe-code/experiment-loop: running 3 files
validate / unit	UNKNOWN STEP	2026-09-12T18:54:01.0504049Z Unit workspace github-review: running 6 files
validate / unit	UNKNOWN STEP	2026-09-12T18:54:01.0504832Z Unit workspace @poe-code/github-workflows: running 10 files
validate / unit	UNKNOWN STEP	2026-09-12T18:54:01.0505573Z Unit workspace @poe-code/maestro: running 27 files
validate / unit	UNKNOWN STEP	2026-09-12T18:54:01.0506492Z Unit workspace @poe-code/maestro-tui: running 3 files
validate / unit	UNKNOWN STEP	2026-09-12T18:54:01.0507185Z Unit workspace mcp-oauth-server: running 2 files
validate / unit	UNKNOWN STEP	2026-09-12T18:54:01.0507865Z Unit workspace opencode-poe-auth: running 1 files
validate / unit	UNKNOWN STEP	2026-09-12T18:54:01.0508704Z Unit workspace @poe-code/process-launcher: running 11 files
validate / unit	UNKNOWN STEP	2026-09-12T18:54:01.0509462Z Unit workspace @poe-code/process-runner: running 9 files
validate / unit	UNKNOWN STEP	2026-09-12T18:54:01.0510110Z Unit workspace @poe-code/ralph: running 2 files
validate / unit	UNKNOWN STEP	2026-09-12T18:54:01.0510754Z Unit workspace safe-bash-playground: running 8 files
validate / unit	UNKNOWN STEP	2026-09-12T18:54:01.0511462Z Unit workspace @poe-code/superintendent: running 34 files
validate / unit	UNKNOWN STEP	2026-09-12T18:54:01.0512106Z Unit workspace toolcraft: running 52 files
validate / unit	UNKNOWN STEP	2026-09-12T18:54:01.0512738Z Unit workspace toolcraft-codemode: running 6 files
validate / unit	UNKNOWN STEP	2026-09-12T18:54:01.0513442Z Unit workspace toolcraft-landing-page: running 3 files
validate / unit	UNKNOWN STEP	2026-09-12T18:54:01.0514551Z Unit workspace toolcraft-openapi: running 21 files
validate / unit	UNKNOWN STEP	2026-09-12T18:58:16.3442960Z 
validate / unit	UNKNOWN STEP	2026-09-12T18:58:16.3507054Z [2m Test Files [22m [1m[32m841 passed[39m[22m[2m | [22m[33m1 skipped[39m[90m (842)[39m
validate / unit	UNKNOWN STEP	2026-09-12T18:58:16.3662626Z [2m      Tests [22m [1m[32m19063 passed[39m[22m[2m | [22m[33m1 skipped[39m[90m (19064)[39m
validate / unit	UNKNOWN STEP	2026-09-12T18:58:16.3663204Z [2m   Start at [22m 18:54:01
validate / unit	UNKNOWN STEP	2026-09-12T18:58:16.3675398Z [2m   Duration [22m 255.28s[2m (transform 26.80s, setup 16.99s, import 187.38s, tests 193.61s, environment 89ms)[22m
validate / unit	UNKNOWN STEP	2026-09-12T18:58:16.3676697Z 
validate / unit	UNKNOWN STEP	2026-09-12T18:58:16.6059189Z 
validate / unit	UNKNOWN STEP	2026-09-12T18:58:16.6059850Z > @poe-code/py-poe-spawn@0.0.1 test:unit
validate / unit	UNKNOWN STEP	2026-09-12T18:58:16.6060285Z > python3 -m unittest discover -s tests -t .
validate / unit	UNKNOWN STEP	2026-09-12T18:58:16.6060499Z 
validate / unit	UNKNOWN STEP	2026-09-12T18:58:16.8753724Z .............................
validate / unit	UNKNOWN STEP	2026-09-12T18:58:16.8755133Z ----------------------------------------------------------------------
validate / unit	UNKNOWN STEP	2026-09-12T18:58:16.8757127Z Ran 29 tests in 0.161s
validate / unit	UNKNOWN STEP	2026-09-12T18:58:16.8757638Z 
validate / unit	UNKNOWN STEP	2026-09-12T18:58:16.8757911Z OK
validate / unit	UNKNOWN STEP	2026-09-12T18:58:17.0258390Z 
validate / unit	UNKNOWN STEP	2026-09-12T18:58:17.0259551Z > @poe-code/safe-js@0.0.1 pretest:unit
validate / unit	UNKNOWN STEP	2026-09-12T18:58:17.0260359Z > node scripts/numberformat-data.mjs && npm run typecheck:fs
validate / unit	UNKNOWN STEP	2026-09-12T18:58:17.0260809Z 
validate / unit	UNKNOWN STEP	2026-09-12T18:58:24.6522669Z {"numberFormatLocales":766,"sourceBytes":5153552,"pluralLocales":224}
validate / unit	UNKNOWN STEP	2026-09-12T18:58:24.8588966Z 
validate / unit	UNKNOWN STEP	2026-09-12T18:58:24.8589769Z > @poe-code/safe-js@0.0.1 typecheck:fs
validate / unit	UNKNOWN STEP	2026-09-12T18:58:24.8590203Z > node scripts/fs-type-contract.mjs
validate / unit	UNKNOWN STEP	2026-09-12T18:58:24.8590394Z 
validate / unit	UNKNOWN STEP	2026-09-12T18:58:27.1280356Z {"resolution":"NodeNext","environment":"Node-only","contracts":25,"ok":true}
validate / unit	UNKNOWN STEP	2026-09-12T18:58:29.1084001Z {"resolution":"NodeNext","environment":"DOM","contracts":25,"ok":true}
validate / unit	UNKNOWN STEP	2026-09-12T18:58:30.3857991Z {"resolution":"Bundler","environment":"Node-only","contracts":25,"ok":true}
validate / unit	UNKNOWN STEP	2026-09-12T18:58:32.3286280Z {"resolution":"Bundler","environment":"DOM","contracts":25,"ok":true}
validate / unit	UNKNOWN STEP	2026-09-12T18:58:32.3987388Z 
validate / unit	UNKNOWN STEP	2026-09-12T18:58:32.3988117Z > @poe-code/safe-js@0.0.1 test:unit
validate / unit	UNKNOWN STEP	2026-09-12T18:58:32.3988850Z > cd ../.. && vitest run packages/safe-js/src packages/safe-js/test
validate / unit	UNKNOWN STEP	2026-09-12T18:58:32.3989256Z 
validate / unit	UNKNOWN STEP	2026-09-12T18:58:32.7009511Z 
validate / unit	UNKNOWN STEP	2026-09-12T18:58:32.7013876Z [1m[30m[46m RUN [49m[39m[22m [36mv4.1.11 [39m[90m/home/runner/work/poe-code/poe-code[39m
validate / unit	UNKNOWN STEP	2026-09-12T18:58:32.7014549Z 
validate / unit	UNKNOWN STEP	2026-09-12T18:58:39.4427456Z  [32m✓[39m packages/safe-js/src/modules/fs.test.ts [2m([22m[2m556 tests[22m[2m)[22m[33m 1586[2mms[22m[39m
validate / unit	UNKNOWN STEP	2026-09-12T18:58:39.9607986Z  [32m✓[39m packages/safe-js/src/parse/parser.test.ts [2m([22m[2m90 tests[22m[2m)[22m[32m 278[2mms[22m[39m
validate / unit	UNKNOWN STEP	2026-09-12T18:58:41.3618148Z  [32m✓[39m packages/safe-js/src/interp/interpreter.test.ts [2m([22m[2m477 tests[22m[2m)[22m[33m 4347[2mms[22m[39m
validate / unit	UNKNOWN STEP	2026-09-12T18:58:41.3703189Z      [33m[2m✓[22m[39m spreads large arrays into push without leaking the host argument limit [33m 1094[2mms[22m[39m
validate / unit	UNKNOWN STEP	2026-09-12T18:58:41.3757809Z      [33m[2m✓[22m[39m caps million-element for...of iteration through the step budget [33m 2320[2mms[22m[39m
validate / unit	UNKNOWN STEP	2026-09-12T18:58:42.0363051Z  [32m✓[39m packages/safe-js/src/snapshot/restore.test.ts [2m([22m[2m82 tests[22m[2m)[22m[33m 1133[2mms[22m[39m
validate / unit	UNKNOWN STEP	2026-09-12T18:58:42.0365176Z      [33m[2m✓[22m[39m restores thousands of parent scopes without using the host call stack [33m 890[2mms[22m[39m
validate / unit	UNKNOWN STEP	2026-09-12T18:58:43.7871574Z  [32m✓[39m packages/safe-js/src/modules/fs.adapters.test.ts [2m([22m[2m97 tests[22m[2m)[22m[33m 1290[2mms[22m[39m
validate / unit	UNKNOWN STEP	2026-09-12T18:58:43.7913497Z      [33m[2m✓[22m[39m requires reconciliation for a pending write instead of repeating its effect [33m 464[2mms[22m[39m
validate / unit	UNKNOWN STEP	2026-09-12T18:58:48.3709466Z  [32m✓[39m packages/safe-js/src/run.test.ts [2m([22m[2m66 tests[22m[2m)[22m[33m 4986[2mms[22m[39m
validate / unit	UNKNOWN STEP	2026-09-12T18:58:48.3713224Z      [33m[2m✓[22m[39m rejects unbounded recursion with the default call-depth guard [33m 550[2mms[22m[39m
validate / unit	UNKNOWN STEP	2026-09-12T18:58:48.3715526Z      [33m[2m✓[22m[39m aborts at the next host call inside the entry function and can restore a pre-abort snapshot [33m 333[2mms[22m[39m
validate / unit	UNKNOWN STEP	2026-09-12T18:58:48.6740928Z  [32m✓[39m packages/safe-js/src/modules/agent.test.ts [2m([22m[2m45 tests[22m[2m)[22m[32m 66[2mms[22m[39m
validate / unit	UNKNOWN STEP	2026-09-12T18:58:59.2624213Z  [32m✓[39m packages/safe-js/src/run.replay.stress.test.ts [2m([22m[2m65 tests[22m[2m)[22m[33m 14552[2mms[22m[39m
validate / unit	UNKNOWN STEP	2026-09-12T18:58:59.2626160Z      [33m[2m✓[22m[39m rejects a replay state hook that returns throw without stalling [33m 362[2mms[22m[39m
validate / unit	UNKNOWN STEP	2026-09-12T18:58:59.2627554Z        [33m[2m✓[22m[39m replays 16 sequential async callback invocations [33m 408[2mms[22m[39m
validate / unit	UNKNOWN STEP	2026-09-12T18:58:59.2631482Z        [33m[2m✓[22m[39m replays 16 sequential async callback invocations [33m 385[2mms[22m[39m
validate / unit	UNKNOWN STEP	2026-09-12T18:58:59.2643353Z      [33m[2m✓[22m[39m preserves callback state across two successive checkpoint restores [33m 326[2mms[22m[39m
validate / unit	UNKNOWN STEP	2026-09-12T18:58:59.2646236Z      [33m[2m✓[22m[39m preserves the sequence across a loop checkpoint followed by a top-level checkpoint [33m 343[2mms[22m[39m
validate / unit	UNKNOWN STEP	2026-09-12T18:58:59.2647982Z      [33m[2m✓[22m[39m does not repeat completed host effects (async: true) [33m 396[2mms[22m[39m
validate / unit	UNKNOWN STEP	2026-09-12T18:58:59.2649625Z      [33m[2m✓[22m[39m matches native random reaction ordering across 8 rounds [33m 385[2mms[22m[39m
validate / unit	UNKNOWN STEP	2026-09-12T18:58:59.2651070Z      [33m[2m✓[22m[39m matches native random reaction ordering across 32 rounds [33m 1270[2mms[22m[39m
validate / unit	UNKNOWN STEP	2026-09-12T18:59:04.6475588Z  [32m✓[39m packages/safe-js/src/run.snapshot.test.ts [2m([22m[2m31 tests[22m[2m)[22m[33m 4306[2mms[22m[39m
validate / unit	UNKNOWN STEP	2026-09-12T18:59:04.6477729Z      [33m[2m✓[22m[39m preserves 'per-iteration bindings' when restoring an await checkpoint [33m 318[2mms[22m[39m
validate / unit	UNKNOWN STEP	2026-09-12T18:59:08.1773683Z  [32m✓[39m packages/safe-js/src/interp/source-exceptions-validation.test.ts [2m([22m[2m98 tests[22m[2m)[22m[33m 18593[2mms[22m[39m
validate / unit	UNKNOWN STEP	2026-09-12T18:59:08.1776161Z      [33m[2m✓[22m[39m matches complete native output and tick log: '01-waterfall-identity' [33m 352[2mms[22m[39m
validate / unit	UNKNOWN STEP	2026-09-12T18:59:08.1777911Z      [33m[2m✓[22m[39m matches complete native output and tick log: '02-auto-dependency-closures' [33m 992[2mms[22m[39m
validate / unit	UNKNOWN STEP	2026-09-12T18:59:08.1779941Z      [33m[2m✓[22m[39m matches complete native output and tick log: '03-maplimit-lexical-state' [33m 875[2mms[22m[39m
validate / unit	UNKNOWN STEP	2026-09-12T18:59:08.1796783Z      [33m[2m✓[22m[39m matches complete native output and tick log: '04-nested-finally-precedence' [33m 590[2mms[22m[39m
validate / unit	UNKNOWN STEP	2026-09-12T18:59:08.1798780Z      [33m[2m✓[22m[39m matches complete native output and tick log: '05-saga-delegation-cleanup' [33m 558[2mms[22m[39m
validate / unit	UNKNOWN STEP	2026-09-12T18:59:08.1800518Z      [33m[2m✓[22m[39m matches complete native output and tick log: '07-forkjoin-last-values' [33m 358[2mms[22m[39m
validate / unit	UNKNOWN STEP	2026-09-12T18:59:08.1802312Z      [33m[2m✓[22m[39m matches complete native output and tick log: '12-finally-domain-records' [33m 589[2mms[22m[39m
validate / unit	UNKNOWN STEP	2026-09-12T18:59:08.1803936Z      [33m[2m✓[22m[39m restores 'domain record' at 'before' using 'next' capture [33m 461[2mms[22m[39m
validate / unit	UNKNOWN STEP	2026-09-12T18:59:08.1805411Z      [33m[2m✓[22m[39m restores 'domain record' at 'before' using 'current' capture [33m 304[2mms[22m[39m
validate / unit	UNKNOWN STEP	2026-09-12T18:59:08.1807165Z      [33m[2m✓[22m[39m restores 'Error-shaped record' at 'after' using 'current' capture [33m 303[2mms[22m[39m
validate / unit	UNKNOWN STEP	2026-09-12T18:59:08.1808678Z      [33m[2m✓[22m[39m restores 'genuine TypeError' at 'before' using 'current' capture [33m 309[2mms[22m[39m
validate / unit	UNKNOWN STEP	2026-09-12T18:59:08.1810129Z      [33m[2m✓[22m[39m restores 'false' at 'after' using 'next' capture [33m 490[2mms[22m[39m
validate / unit	UNKNOWN STEP	2026-09-12T18:59:12.5849283Z  [32m✓[39m packages/safe-js/src/interp/host-bridge.test.ts [2m([22m[2m45 tests[22m[2m)[22m[33m 3388[2mms[22m[39m
validate / unit	UNKNOWN STEP	2026-09-12T18:59:12.5855852Z      [33m[2m✓[22m[39m preserves synchronous function Error() { [native code] } metadata through repeated replay [33m 769[2mms[22m[39m
validate / unit	UNKNOWN STEP	2026-09-12T18:59:12.5862384Z      [33m[2m✓[22m[39m preserves synchronous function TypeError() { [native code] } metadata through repeated replay [33m 413[2mms[22m[39m
validate / unit	UNKNOWN STEP	2026-09-12T18:59:12.5864384Z      [33m[2m✓[22m[39m preserves synchronous function RangeError() { [native code] } metadata through repeated replay [33m 458[2mms[22m[39m
validate / unit	UNKNOWN STEP	2026-09-12T18:59:13.7567862Z  [32m✓[39m packages/safe-js/src/interp/promise.test.ts [2m([22m[2m59 tests[22m[2m)[22m[32m 107[2mms[22m[39m
validate / unit	UNKNOWN STEP	2026-09-12T18:59:18.9023922Z  [32m✓[39m packages/safe-js/src/cli.test.ts [2m([22m[2m46 tests[22m[2m)[22m[33m 4087[2mms[22m[39m
validate / unit	UNKNOWN STEP	2026-09-12T18:59:18.9077660Z      [33m[2m✓[22m[39m removes Git from the default CLI registry [33m 763[2mms[22m[39m
validate / unit	UNKNOWN STEP	2026-09-12T18:59:18.9079159Z      [33m[2m✓[22m[39m inspects and migrates checkpoints without executing the target [33m 638[2mms[22m[39m
validate / unit	UNKNOWN STEP	2026-09-12T18:59:18.9081347Z      [33m[2m✓[22m[39m replaces stale snapshots after a failed run: effect(); throw new Error("failed"); [33m 367[2mms[22m[39m
validate / unit	UNKNOWN STEP	2026-09-12T18:59:18.9083163Z      [33m[2m✓[22m[39m replaces stale snapshots after a failed run: export default function () { effect(); throw new Error("failed"); } [33m 359[2mms[22m[39m
validate / unit	UNKNOWN STEP	2026-09-12T18:59:23.0620962Z  [32m✓[39m packages/safe-js/src/interp/cancel.test.ts [2m([22m[2m42 tests[22m[2m)[22m[33m 3151[2mms[22m[39m
validate / unit	UNKNOWN STEP	2026-09-12T18:59:23.0623088Z      [33m[2m✓[22m[39m preserves live custom all capability results with cancellation armed [33m 460[2mms[22m[39m
validate / unit	UNKNOWN STEP	2026-09-12T18:59:23.0625082Z      [33m[2m✓[22m[39m preserves live custom allSettled capability results with cancellation armed [33m 336[2mms[22m[39m
validate / unit	UNKNOWN STEP	2026-09-12T18:59:25.7680778Z  [32m✓[39m packages/safe-js/src/runner/run-harness.test.ts [2m([22m[2m31 tests[22m[2m)[22m[33m 1565[2mms[22m[39m
validate / unit	UNKNOWN STEP	2026-09-12T18:59:26.9427943Z  [32m✓[39m packages/safe-js/src/interp/methods/array.test.ts [2m([22m[2m22 tests[22m[2m)[22m[32m 177[2mms[22m[39m
validate / unit	UNKNOWN STEP	2026-09-12T18:59:36.3392232Z  [32m✓[39m packages/safe-js/src/external-checkpoint-validation.test.ts [2m([22m[2m14 tests[22m[2m)[22m[33m 8129[2mms[22m[39m
validate / unit	UNKNOWN STEP	2026-09-12T18:59:36.3411272Z      [33m[2m✓[22m[39m captures externally and by signal while 'reduction' remains pending [33m 820[2mms[22m[39m
validate / unit	UNKNOWN STEP	2026-09-12T18:59:36.3412981Z      [33m[2m✓[22m[39m captures externally and by signal while 'callback' remains pending [33m 1350[2mms[22m[39m
validate / unit	UNKNOWN STEP	2026-09-12T18:59:36.3416781Z      [33m[2m✓[22m[39m captures externally and by signal while 'retry-reissue' remains pending [33m 1120[2mms[22m[39m
validate / unit	UNKNOWN STEP	2026-09-12T18:59:36.3427906Z      [33m[2m✓[22m[39m captures externally and by signal while 'retry-external' remains pending [33m 991[2mms[22m[39m
validate / unit	UNKNOWN STEP	2026-09-12T18:59:36.3430318Z      [33m[2m✓[22m[39m captures externally and by signal while 'co' remains pending [33m 2591[2mms[22m[39m
validate / unit	UNKNOWN STEP	2026-09-12T18:59:40.2404002Z  [32m✓[39m packages/safe-js/test/integration/input-error-projection.test.ts [2m([22m[2m19 tests[22m[2m)[22m[33m 35378[2mms[22m[39m
validate / unit	UNKNOWN STEP	2026-09-12T18:59:40.2406164Z      [33m[2m✓[22m[39m flushes the complete serialized observation beyond the pipe buffer [33m 1740[2mms[22m[39m
validate / unit	UNKNOWN STEP	2026-09-12T18:59:40.2407655Z      [33m[2m✓[22m[39m classifies complete proof 1 against the same capture and request [33m 2027[2mms[22m[39m
validate / unit	UNKNOWN STEP	2026-09-12T18:59:40.2409013Z      [33m[2m✓[22m[39m classifies complete proof 1 against the same capture and request: completed replay [33m 1854[2mms[22m[39m
validate / unit	UNKNOWN STEP	2026-09-12T18:59:40.2410361Z      [33m[2m✓[22m[39m classifies complete proof 2 against the same capture and request [33m 1967[2mms[22m[39m
validate / unit	UNKNOWN STEP	2026-09-12T18:59:40.2411945Z      [33m[2m✓[22m[39m classifies complete proof 2 against the same capture and request: completed replay [33m 1920[2mms[22m[39m
validate / unit	UNKNOWN STEP	2026-09-12T18:59:40.2413433Z      [33m[2m✓[22m[39m classifies minimal proof 1 against the same capture and request [33m 2048[2mms[22m[39m
validate / unit	UNKNOWN STEP	2026-09-12T18:59:40.2415320Z      [33m[2m✓[22m[39m classifies minimal proof 1 against the same capture and request: completed replay [33m 1974[2mms[22m[39m
validate / unit	UNKNOWN STEP	2026-09-12T18:59:40.2416952Z      [33m[2m✓[22m[39m classifies minimal proof 2 against the same capture and request [33m 1852[2mms[22m[39m
validate / unit	UNKNOWN STEP	2026-09-12T18:59:40.2418442Z      [33m[2m✓[22m[39m classifies minimal proof 2 against the same capture and request: completed replay [33m 1905[2mms[22m[39m
validate / unit	UNKNOWN STEP	2026-09-12T18:59:40.2420068Z      [33m[2m✓[22m[39m classifies native-fields proof 1 against the same capture and request [33m 1971[2mms[22m[39m
validate / unit	UNKNOWN STEP	2026-09-12T18:59:40.2421757Z      [33m[2m✓[22m[39m classifies native-fields proof 1 against the same capture and request: completed replay [33m 1817[2mms[22m[39m
validate / unit	UNKNOWN STEP	2026-09-12T18:59:40.2423395Z      [33m[2m✓[22m[39m classifies native-fields proof 2 against the same capture and request [33m 2028[2mms[22m[39m
validate / unit	UNKNOWN STEP	2026-09-12T18:59:40.2424661Z      [33m[2m✓[22m[39m classifies native-fields proof 2 against the same capture and request: completed replay [33m 1885[2mms[22m[39m
validate / unit	UNKNOWN STEP	2026-09-12T18:59:40.2425565Z      [33m[2m✓[22m[39m preserves raw-left proof provenance with the complete right receipt [33m 1985[2mms[22m[39m
validate / unit	UNKNOWN STEP	2026-09-12T18:59:40.2427356Z      [33m[2m✓[22m[39m preserves raw-left proof provenance with the complete right receipt: completed replay [33m 1744[2mms[22m[39m
validate / unit	UNKNOWN STEP	2026-09-12T18:59:40.2428948Z      [33m[2m✓[22m[39m preserves genuine-null-left proof provenance with the complete right receipt [33m 1933[2mms[22m[39m
validate / unit	UNKNOWN STEP	2026-09-12T18:59:40.2430510Z      [33m[2m✓[22m[39m preserves genuine-null-left proof provenance with the complete right receipt: completed replay [33m 1979[2mms[22m[39m
validate / unit	UNKNOWN STEP	2026-09-12T18:59:40.2431976Z      [33m[2m✓[22m[39m records raw public-input qualification without substituting it for O12 [33m 1160[2mms[22m[39m
validate / unit	UNKNOWN STEP	2026-09-12T18:59:42.9951624Z  [32m✓[39m packages/safe-js/src/interp/source-exceptions.test.ts [2m([22m[2m13 tests[22m[2m)[22m[33m 5626[2mms[22m[39m
validate / unit	UNKNOWN STEP	2026-09-12T18:59:42.9952972Z      [33m[2m✓[22m[39m preserves the complete 01-waterfall-identity workflow [33m 385[2mms[22m[39m
validate / unit	UNKNOWN STEP	2026-09-12T18:59:42.9953793Z      [33m[2m✓[22m[39m preserves the complete 02-auto-dependency-closures workflow [33m 1197[2mms[22m[39m
validate / unit	UNKNOWN STEP	2026-09-12T18:59:42.9954581Z      [33m[2m✓[22m[39m preserves the complete 03-maplimit-lexical-state workflow [33m 963[2mms[22m[39m
validate / unit	UNKNOWN STEP	2026-09-12T18:59:42.9955372Z      [33m[2m✓[22m[39m preserves the complete 04-nested-finally-precedence workflow [33m 670[2mms[22m[39m
validate / unit	UNKNOWN STEP	2026-09-12T18:59:42.9956277Z      [33m[2m✓[22m[39m preserves the complete 05-saga-delegation-cleanup workflow [33m 567[2mms[22m[39m
validate / unit	UNKNOWN STEP	2026-09-12T18:59:42.9957034Z      [33m[2m✓[22m[39m preserves the complete 07-forkjoin-last-values workflow [33m 371[2mms[22m[39m
validate / unit	UNKNOWN STEP	2026-09-12T18:59:42.9957797Z      [33m[2m✓[22m[39m preserves the complete 12-finally-domain-records workflow [33m 555[2mms[22m[39m
validate / unit	UNKNOWN STEP	2026-09-12T18:59:43.5735990Z  [32m✓[39m packages/safe-js/src/interp/globals/object-aliases-validation.test.ts [2m([22m[2m19 tests[22m[2m)[22m[33m 2372[2mms[22m[39m
validate / unit	UNKNOWN STEP	2026-09-12T18:59:43.5737802Z      [33m[2m✓[22m[39m replays original 'pick-transform' against its full immutable anchor [33m 546[2mms[22m[39m
validate / unit	UNKNOWN STEP	2026-09-12T18:59:43.5738958Z      [33m[2m✓[22m[39m replays original 'pick-transform-mutate' against its full immutable anchor [33m 355[2mms[22m[39m
validate / unit	UNKNOWN STEP	2026-09-12T18:59:43.5739895Z      [33m[2m✓[22m[39m replays original 'FE01' against its full immutable anchor [33m 365[2mms[22m[39m
validate / unit	UNKNOWN STEP	2026-09-12T18:59:45.0339010Z  [32m✓[39m packages/safe-js/src/index.test.ts [2m([22m[2m17 tests[22m[2m)[22m[33m 309[2mms[22m[39m
validate / unit	UNKNOWN STEP	2026-09-12T18:59:45.6538122Z  [32m✓[39m packages/safe-js/src/realm.test.ts [2m([22m[2m31 tests[22m[2m)[22m[33m 1709[2mms[22m[39m
validate / unit	UNKNOWN STEP	2026-09-12T18:59:47.5175459Z  [32m✓[39m packages/safe-js/src/interp/regex/compile-policy.test.ts [2m([22m[2m36 tests[22m[2m)[22m[33m 1482[2mms[22m[39m
validate / unit	UNKNOWN STEP	2026-09-12T18:59:47.5211342Z      [33m[2m✓[22m[39m CONTROL genuine EA pending and completed regex checkpoints retain hash and graphs [33m 434[2mms[22m[39m
validate / unit	UNKNOWN STEP	2026-09-12T18:59:50.7105448Z  [32m✓[39m packages/safe-js/src/interp/float32array.test.ts [2m([22m[2m27 tests[22m[2m)[22m[33m 2254[2mms[22m[39m
validate / unit	UNKNOWN STEP	2026-09-12T18:59:50.7130402Z      [33m[2m✓[22m[39m replays a pending checkpoint with typed host outcomes and shared views [33m 395[2mms[22m[39m
validate / unit	UNKNOWN STEP	2026-09-12T18:59:50.7132542Z      [33m[2m✓[22m[39m retains typed host outcomes and callback graph identity through completed replay [33m 464[2mms[22m[39m
validate / unit	UNKNOWN STEP	2026-09-12T18:59:50.9616123Z  [32m✓[39m packages/safe-js/src/parse/tokenizer.test.ts [2m([22m[2m25 tests[22m[2m)[22m[32m 28[2mms[22m[39m
validate / unit	UNKNOWN STEP	2026-09-12T18:59:52.5861710Z  [32m✓[39m packages/safe-js/src/interp/generator-intrinsic-prototypes.test.ts [2m([22m[2m60 tests[22m[2m)[22m[33m 6007[2mms[22m[39m
validate / unit	UNKNOWN STEP	2026-09-12T18:59:52.5865962Z    [33m[2m✓[22m[39m preserves generator intrinsic graphs across a pending effect: function* f(){yield 1;yield 2}const value=f();const next=value.next;const first=next.call(value);await pause();return [first,next===value.next,Object.getPrototypeOf(value)===f.prototype,next.call(value)] [33m 411[2mms[22m[39m
validate / unit	UNKNOWN STEP	2026-09-12T18:59:53.2011259Z  [32m✓[39m packages/safe-js/src/interp/conformance.test.ts [2m([22m[2m72 tests[22m[2m)[22m[33m 1352[2mms[22m[39m
validate / unit	UNKNOWN STEP	2026-09-12T19:00:11.9343604Z  [32m✓[39m packages/safe-js/src/run.cbi-001-validation.test.ts [2m([22m[2m29 tests[22m[2m)[22m[33m 18373[2mms[22m[39m
validate / unit	UNKNOWN STEP	2026-09-12T19:00:11.9345047Z      [33m[2m✓[22m[39m retains original registration after first [33m 1177[2mms[22m[39m
validate / unit	UNKNOWN STEP	2026-09-12T19:00:11.9346331Z      [33m[2m✓[22m[39m retains original registration after second [33m 664[2mms[22m[39m
validate / unit	UNKNOWN STEP	2026-09-12T19:00:11.9347525Z      [33m[2m✓[22m[39m retains original registration after completed [33m 554[2mms[22m[39m
validate / unit	UNKNOWN STEP	2026-09-12T19:00:11.9348548Z      [33m[2m✓[22m[39m recaptures first to second to completed without consuming new deliveries as history [33m 872[2mms[22m[39m
validate / unit	UNKNOWN STEP	2026-09-12T19:00:11.9349315Z      [33m[2m✓[22m[39m retains original registration after first [33m 676[2mms[22m[39m
validate / unit	UNKNOWN STEP	2026-09-12T19:00:11.9349949Z      [33m[2m✓[22m[39m retains original registration after second [33m 647[2mms[22m[39m
validate / unit	UNKNOWN STEP	2026-09-12T19:00:11.9350592Z      [33m[2m✓[22m[39m retains original registration after completed [33m 498[2mms[22m[39m
validate / unit	UNKNOWN STEP	2026-09-12T19:00:11.9351396Z      [33m[2m✓[22m[39m recaptures first to second to completed without consuming new deliveries as history [33m 845[2mms[22m[39m
validate / unit	UNKNOWN STEP	2026-09-12T19:00:11.9352143Z      [33m[2m✓[22m[39m retains original registration after first [33m 1992[2mms[22m[39m
validate / unit	UNKNOWN STEP	2026-09-12T19:00:11.9352773Z      [33m[2m✓[22m[39m retains original registration after second [33m 1795[2mms[22m[39m
validate / unit	UNKNOWN STEP	2026-09-12T19:00:11.9353423Z      [33m[2m✓[22m[39m retains original registration after completed [33m 1693[2mms[22m[39m
validate / unit	UNKNOWN STEP	2026-09-12T19:00:11.9354243Z      [33m[2m✓[22m[39m recaptures first to second to completed without consuming new deliveries as history [33m 2338[2mms[22m[39m
validate / unit	UNKNOWN STEP	2026-09-12T19:00:11.9355228Z      [33m[2m✓[22m[39m retains original registration after first [33m 524[2mms[22m[39m
validate / unit	UNKNOWN STEP	2026-09-12T19:00:11.9356224Z      [33m[2m✓[22m[39m retains original registration after second [33m 521[2mms[22m[39m
validate / unit	UNKNOWN STEP	2026-09-12T19:00:11.9357309Z      [33m[2m✓[22m[39m retains original registration after completed [33m 465[2mms[22m[39m
validate / unit	UNKNOWN STEP	2026-09-12T19:00:11.9358685Z      [33m[2m✓[22m[39m recaptures first to second to completed without consuming new deliveries as history [33m 713[2mms[22m[39m
validate / unit	UNKNOWN STEP	2026-09-12T19:00:11.9360249Z      [33m[2m✓[22m[39m executes 'four identical old-registration events' with lexical count four [33m 373[2mms[22m[39m
validate / unit	UNKNOWN STEP	2026-09-12T19:00:11.9361643Z      [33m[2m✓[22m[39m executes 'different payloads on old registration' with lexical count four [33m 395[2mms[22m[39m
validate / unit	UNKNOWN STEP	2026-09-12T19:00:11.9365200Z      [33m[2m✓[22m[39m executes 'identical events on new registration' with lexical count four [33m 360[2mms[22m[39m
validate / unit	UNKNOWN STEP	2026-09-12T19:00:20.2505033Z  [32m✓[39m packages/safe-js/src/interp/accessor-properties.test.ts [2m([22m[2m132 tests[22m[2m)[22m[33m 7383[2mms[22m[39m
validate / unit	UNKNOWN STEP	2026-09-12T19:00:20.8970447Z  [32m✓[39m packages/safe-js/src/modules/namespace-identity-mc-002-validation.test.ts [2m([22m[2m18 tests[22m[2m)[22m[33m 26609[2mms[22m[39m
validate / unit	UNKNOWN STEP	2026-09-12T19:00:20.8972640Z      [33m[2m✓[22m[39m matches all native-anchored fields with object/object registries [33m 2925[2mms[22m[39m
validate / unit	UNKNOWN STEP	2026-09-12T19:00:20.8974326Z      [33m[2m✓[22m[39m matches all native-anchored fields with object/map registries [33m 2640[2mms[22m[39m
validate / unit	UNKNOWN STEP	2026-09-12T19:00:20.8976036Z      [33m[2m✓[22m[39m matches all native-anchored fields with map/object registries [33m 2514[2mms[22m[39m
validate / unit	UNKNOWN STEP	2026-09-12T19:00:20.8978175Z      [33m[2m✓[22m[39m matches all native-anchored fields with map/map registries [33m 2428[2mms[22m[39m
validate / unit	UNKNOWN STEP	2026-09-12T19:00:20.8979832Z      [33m[2m✓[22m[39m matches the complete original graph through the public memfs harness [33m 2512[2mms[22m[39m
validate / unit	UNKNOWN STEP	2026-09-12T19:00:20.8981301Z      [33m[2m✓[22m[39m keeps aliases through three completed object-registry replays [33m 3436[2mms[22m[39m
validate / unit	UNKNOWN STEP	2026-09-12T19:00:20.8982713Z      [33m[2m✓[22m[39m keeps aliases through three completed map-registry replays [33m 3424[2mms[22m[39m
validate / unit	UNKNOWN STEP	2026-09-12T19:00:20.8984110Z      [33m[2m✓[22m[39m restores identity after a 25-step checkpoint with +0 calls [33m 1909[2mms[22m[39m
validate / unit	UNKNOWN STEP	2026-09-12T19:00:20.8985522Z      [33m[2m✓[22m[39m restores identity after a 900-step checkpoint with 1 calls [33m 2140[2mms[22m[39m
validate / unit	UNKNOWN STEP	2026-09-12T19:00:20.8987102Z      [33m[2m✓[22m[39m restores identity after a 1800-step checkpoint with 2 calls [33m 2280[2mms[22m[39m
validate / unit	UNKNOWN STEP	2026-09-12T19:00:23.1105340Z  [32m✓[39m packages/safe-js/src/realm-callback-phases.test.ts [2m([22m[2m27 tests[22m[2m)[22m[33m 1923[2mms[22m[39m
validate / unit	UNKNOWN STEP	2026-09-12T19:00:23.1108300Z      [33m[2m✓[22m[39m keeps overlapping callbacks queued until the preceding prefix finishes [33m 376[2mms[22m[39m
validate / unit	UNKNOWN STEP	2026-09-12T19:00:23.5032714Z  [32m✓[39m packages/safe-js/src/modules/mcp-managed.test.ts [2m([22m[2m20 tests[22m[2m)[22m[33m 1639[2mms[22m[39m
validate / unit	UNKNOWN STEP	2026-09-12T19:00:23.5034121Z      [33m[2m✓[22m[39m retains JSON-RPC error codes and data through checked calls and replay [33m 379[2mms[22m[39m
validate / unit	UNKNOWN STEP	2026-09-12T19:00:23.5034853Z      [33m[2m✓[22m[39m isolates concurrent runs sharing a module [33m 365[2mms[22m[39m
validate / unit	UNKNOWN STEP	2026-09-12T19:00:24.0978400Z  [32m✓[39m packages/safe-js/src/modules/mcp.test.ts [2m([22m[2m16 tests[22m[2m)[22m[32m 21[2mms[22m[39m
validate / unit	UNKNOWN STEP	2026-09-12T19:00:25.1706671Z  [32m✓[39m packages/safe-js/src/snapshot/serialize.test.ts [2m([22m[2m15 tests[22m[2m)[22m[32m 204[2mms[22m[39m
validate / unit	UNKNOWN STEP	2026-09-12T19:00:32.7365820Z  [32m✓[39m packages/safe-js/src/host-error-identity.test.ts [2m([22m[2m70 tests[22m[2m)[22m[33m 8130[2mms[22m[39m
validate / unit	UNKNOWN STEP	2026-09-12T19:00:32.7367807Z      [33m[2m✓[22m[39m preserves ordinary 'Error' catch/finally order and recorded replay [33m 451[2mms[22m[39m
validate / unit	UNKNOWN STEP	2026-09-12T19:00:32.7369618Z      [33m[2m✓[22m[39m preserves ordinary 'TypeError' catch/finally order and recorded replay [33m 308[2mms[22m[39m
validate / unit	UNKNOWN STEP	2026-09-12T19:00:32.7371047Z      [33m[2m✓[22m[39m preserves ordinary 'string' catch/finally order and recorded replay [33m 309[2mms[22m[39m
validate / unit	UNKNOWN STEP	2026-09-12T19:00:32.7372512Z      [33m[2m✓[22m[39m enforces explicit-conflict before guest catch/finally effects [33m 324[2mms[22m[39m
validate / unit	UNKNOWN STEP	2026-09-12T19:00:37.8365258Z  [32m✓[39m packages/safe-js/test/ppr2-integration-adjudication.test.ts [2m([22m[2m19 tests[22m[2m)[22m[33m 11423[2mms[22m[39m
validate / unit	UNKNOWN STEP	2026-09-12T19:00:37.8367106Z      [33m[2m✓[22m[39m 'reduction': native trace, public/signal/completed checkpoints and recapture [33m 1148[2mms[22m[39m
validate / unit	UNKNOWN STEP	2026-09-12T19:00:37.8372428Z      [33m[2m✓[22m[39m 'callback': native trace, public/signal/completed checkpoints and recapture [33m 1990[2mms[22m[39m
validate / unit	UNKNOWN STEP	2026-09-12T19:00:37.8380341Z      [33m[2m✓[22m[39m 'retry-reissue': native trace, public/signal/completed checkpoints and recapture [33m 1701[2mms[22m[39m
validate / unit	UNKNOWN STEP	2026-09-12T19:00:37.8400158Z      [33m[2m✓[22m[39m 'retry-external': native trace, public/signal/completed checkpoints and recapture [33m 1642[2mms[22m[39m
validate / unit	UNKNOWN STEP	2026-09-12T19:00:37.8407841Z      [33m[2m✓[22m[39m 'co': native trace, public/signal/completed checkpoints and recapture [33m 4043[2mms[22m[39m
validate / unit	UNKNOWN STEP	2026-09-12T19:00:37.8438097Z      [33m[2m✓[22m[39m pending read-side-effect: strict writer marker and exactly observed consumption [33m 306[2mms[22m[39m
validate / unit	UNKNOWN STEP	2026-09-12T19:00:40.4473533Z  [32m✓[39m packages/safe-js/src/interp/methods/array-callback-mutation.test.ts [2m([22m[2m130 tests[22m[2m)[22m[33m 6814[2mms[22m[39m
validate / unit	UNKNOWN STEP	2026-09-12T19:00:41.0412288Z  [32m✓[39m packages/safe-js/src/interp/globals/object-aliases.test.ts [2m([22m[2m21 tests[22m[2m)[22m[33m 2250[2mms[22m[39m
validate / unit	UNKNOWN STEP	2026-09-12T19:00:41.0429409Z      [33m[2m✓[22m[39m matches the immutable native anchor for 'pick-transform' [33m 390[2mms[22m[39m
validate / unit	UNKNOWN STEP	2026-09-12T19:00:41.0430612Z      [33m[2m✓[22m[39m matches the immutable native anchor for 'pick-transform-mutate' [33m 318[2mms[22m[39m
validate / unit	UNKNOWN STEP	2026-09-12T19:00:41.0431650Z      [33m[2m✓[22m[39m matches the immutable native anchor for 'FE01' [33m 361[2mms[22m[39m
validate / unit	UNKNOWN STEP	2026-09-12T19:00:42.7951134Z  [32m✓[39m packages/safe-js/src/interp/globals/object-from-entries-iterables-validation.test.ts [2m([22m[2m24 tests[22m[2m)[22m[33m 1420[2mms[22m[39m
validate / unit	UNKNOWN STEP	2026-09-12T19:00:44.0493367Z  [32m✓[39m packages/safe-js/src/interp/globals/object-array.test.ts [2m([22m[2m15 tests[22m[2m)[22m[33m 374[2mms[22m[39m
validate / unit	UNKNOWN STEP	2026-09-12T19:00:44.3116551Z  [32m✓[39m packages/safe-js/src/named-host-mutations.test.ts [2m([22m[2m42 tests[22m[2m)[22m[33m 2271[2mms[22m[39m
validate / unit	UNKNOWN STEP	2026-09-12T19:00:45.2858012Z  [32m✓[39m packages/safe-js/src/interp/budget.test.ts [2m([22m[2m41 tests[22m[2m)[22m[32m 67[2mms[22m[39m
validate / unit	UNKNOWN STEP	2026-09-12T19:00:48.0522638Z  [32m✓[39m packages/safe-js/src/interp/methods/string-locale-compare.test.ts [2m([22m[2m64 tests[22m[2m)[22m[33m 3088[2mms[22m[39m
validate / unit	UNKNOWN STEP	2026-09-12T19:00:48.0537691Z      [33m[2m✓[22m[39m sorts the original comparator natively and preserves completed replay [33m 336[2mms[22m[39m
validate / unit	UNKNOWN STEP	2026-09-12T19:00:52.4543268Z  [32m✓[39m packages/safe-js/src/interp/host-array-metadata.test.ts [2m([22m[2m15 tests[22m[2m)[22m[33m 3300[2mms[22m[39m
validate / unit	UNKNOWN STEP	2026-09-12T19:00:52.4544477Z      [33m[2m✓[22m[39m preserves the full graph through callback result and two completed replays [33m 1046[2mms[22m[39m
validate / unit	UNKNOWN STEP	2026-09-12T19:00:52.4549800Z      [33m[2m✓[22m[39m preserves the full graph through callback argument and two completed replays [33m 512[2mms[22m[39m
validate / unit	UNKNOWN STEP	2026-09-12T19:00:52.4578833Z      [33m[2m✓[22m[39m preserves the full graph through host result and two completed replays [33m 611[2mms[22m[39m
validate / unit	UNKNOWN STEP	2026-09-12T19:00:54.7395077Z  [32m✓[39m packages/safe-js/src/runner/signal-dump.test.ts [2m([22m[2m13 tests[22m[2m)[22m[33m 1386[2mms[22m[39m
validate / unit	UNKNOWN STEP	2026-09-12T19:00:54.7397546Z      [33m[2m✓[22m[39m recovers a signal-requested checkpoint while an injected host call is pending [33m 370[2mms[22m[39m
validate / unit	UNKNOWN STEP	2026-09-12T19:00:56.7049068Z  [32m✓[39m packages/safe-js/src/named-host-policy.test.ts [2m([22m[2m46 tests[22m[2m)[22m[33m 10300[2mms[22m[39m
validate / unit	UNKNOWN STEP	2026-09-12T19:00:56.7050403Z      [33m[2m✓[22m[39m 'unregistered' [33m 547[2mms[22m[39m
validate / unit	UNKNOWN STEP	2026-09-12T19:00:56.7051281Z      [33m[2m✓[22m[39m 'named_effect' [33m 315[2mms[22m[39m
validate / unit	UNKNOWN STEP	2026-09-12T19:00:56.7052527Z      [33m[2m✓[22m[39m replays recorded outcomes without calling a replacement or provider [33m 390[2mms[22m[39m
validate / unit	UNKNOWN STEP	2026-09-12T19:00:56.7054084Z      [33m[2m✓[22m[39m replays recorded outcomes without calling a replacement or provider [33m 413[2mms[22m[39m
validate / unit	UNKNOWN STEP	2026-09-12T19:00:56.7056561Z      [33m[2m✓[22m[39m rejects a changed recorded policy before replacement or reconciliation [33m 353[2mms[22m[39m
validate / unit	UNKNOWN STEP	2026-09-12T19:01:00.2290345Z  [32m✓[39m packages/safe-js/src/sandbox-integrity.test.ts [2m([22m[2m40 tests[22m[2m)[22m[33m 2450[2mms[22m[39m
validate / unit	UNKNOWN STEP	2026-09-12T19:01:04.3540633Z  [32m✓[39m packages/safe-js/src/interp/host-callback-arity.test.ts [2m([22m[2m30 tests[22m[2m)[22m[33m 2999[2mms[22m[39m
validate / unit	UNKNOWN STEP	2026-09-12T19:01:04.3545200Z      [33m[2m✓[22m[39m preserves cached aliases, native length descriptors, defaults and callback execution [33m 581[2mms[22m[39m
validate / unit	UNKNOWN STEP	2026-09-12T19:01:08.3341238Z  [32m✓[39m packages/safe-js/test/integration/crash-resume.test.ts [2m([22m[2m11 tests[22m[2m)[22m[33m 3078[2mms[22m[39m
validate / unit	UNKNOWN STEP	2026-09-12T19:01:08.3342731Z      [33m[2m✓[22m[39m resumes from an await boundary without duplicating or skipping work [33m 451[2mms[22m[39m
validate / unit	UNKNOWN STEP	2026-09-12T19:01:08.3343588Z      [33m[2m✓[22m[39m resumes from a loop iteration without duplicating or skipping work [33m 398[2mms[22m[39m
validate / unit	UNKNOWN STEP	2026-09-12T19:01:08.3344839Z      [33m[2m✓[22m[39m resumes from a generator yield without duplicating or skipping work [33m 348[2mms[22m[39m
validate / unit	UNKNOWN STEP	2026-09-12T19:01:08.3345611Z      [33m[2m✓[22m[39m resumes a loop after an await in the middle of an iteration [33m 405[2mms[22m[39m
validate / unit	UNKNOWN STEP	2026-09-12T19:01:08.3346512Z      [33m[2m✓[22m[39m resumes a generator pulled inside an awaiting loop [33m 485[2mms[22m[39m
validate / unit	UNKNOWN STEP	2026-09-12T19:01:08.3347187Z      [33m[2m✓[22m[39m resumes nested loops with an inner generator [33m 477[2mms[22m[39m
validate / unit	UNKNOWN STEP	2026-09-12T19:01:09.8231282Z  [32m✓[39m packages/safe-js/src/interp/globals/math-f16round.independent.test.ts [2m([22m[2m9 tests[22m[2m | [22m[33m1 skipped[39m[2m)[22m[33m 600[2mms[22m[39m
validate / unit	UNKNOWN STEP	2026-09-12T19:01:11.9801679Z      [33m[2m✓[22m[39m replays untouched EA checkpoints with explicitly enumerated intrinsic additions [33m 490[2mms[22m[39m
validate / unit	UNKNOWN STEP	2026-09-12T19:01:11.9803483Z  [32m✓[39m packages/safe-js/src/realm-console-override.test.ts [2m([22m[2m33 tests[22m[2m)[22m[33m 1237[2mms[22m[39m
validate / unit	UNKNOWN STEP	2026-09-12T19:01:16.2411108Z  [32m✓[39m packages/safe-js/src/interp/async-generator.test.ts [2m([22m[2m77 tests[22m[2m)[22m[33m 3361[2mms[22m[39m
validate / unit	UNKNOWN STEP	2026-09-12T19:01:16.2411939Z      [33m[2m✓[22m[39m restores an async generator in start state [33m 362[2mms[22m[39m
validate / unit	UNKNOWN STEP	2026-09-12T19:01:16.2412588Z      [33m[2m✓[22m[39m restores an async generator in suspended state [33m 313[2mms[22m[39m
validate / unit	UNKNOWN STEP	2026-09-12T19:01:16.6484076Z  [32m✓[39m packages/safe-js/src/lint/index.test.ts [2m([22m[2m41 tests[22m[2m)[22m[32m 163[2mms[22m[39m
validate / unit	UNKNOWN STEP	2026-09-12T19:01:17.1285340Z  [32m✓[39m packages/safe-js/src/interp/globals/collections-iteration-validation.test.ts [2m([22m[2m112 tests[22m[2m)[22m[33m 21537[2mms[22m[39m
validate / unit	UNKNOWN STEP	2026-09-12T19:01:17.1287051Z      [33m[2m✓[22m[39m resumes 'Map' after deleting the current entry [33m 511[2mms[22m[39m
validate / unit	UNKNOWN STEP	2026-09-12T19:01:17.1287977Z      [33m[2m✓[22m[39m resumes '07-map-worklist-reachability.ajs' at worklist visit 1 [33m 484[2mms[22m[39m
validate / unit	UNKNOWN STEP	2026-09-12T19:01:17.1288792Z      [33m[2m✓[22m[39m resumes '07-map-worklist-reachability.ajs' at worklist visit 2 [33m 415[2mms[22m[39m
validate / unit	UNKNOWN STEP	2026-09-12T19:01:17.1289607Z      [33m[2m✓[22m[39m resumes '07-map-worklist-reachability.ajs' at worklist visit 3 [33m 374[2mms[22m[39m
validate / unit	UNKNOWN STEP	2026-09-12T19:01:17.1290401Z      [33m[2m✓[22m[39m resumes '07-map-worklist-reachability.ajs' at worklist visit 4 [33m 422[2mms[22m[39m
validate / unit	UNKNOWN STEP	2026-09-12T19:01:17.1291191Z      [33m[2m✓[22m[39m resumes '07-map-worklist-reachability.ajs' at worklist visit 5 [33m 390[2mms[22m[39m
validate / unit	UNKNOWN STEP	2026-09-12T19:01:17.1292000Z      [33m[2m✓[22m[39m resumes '07-map-worklist-reachability.ajs' at worklist visit 6 [33m 411[2mms[22m[39m
validate / unit	UNKNOWN STEP	2026-09-12T19:01:17.1292793Z      [33m[2m✓[22m[39m resumes '07-map-worklist-reachability.ajs' at worklist visit 7 [33m 408[2mms[22m[39m
validate / unit	UNKNOWN STEP	2026-09-12T19:01:17.1293979Z      [33m[2m✓[22m[39m resumes '08-set-worklist-reachability.ajs' at worklist visit 1 [33m 451[2mms[22m[39m
validate / unit	UNKNOWN STEP	2026-09-12T19:01:17.1294788Z      [33m[2m✓[22m[39m resumes '08-set-worklist-reachability.ajs' at worklist visit 2 [33m 407[2mms[22m[39m
validate / unit	UNKNOWN STEP	2026-09-12T19:01:17.1295578Z      [33m[2m✓[22m[39m resumes '08-set-worklist-reachability.ajs' at worklist visit 3 [33m 436[2mms[22m[39m
validate / unit	UNKNOWN STEP	2026-09-12T19:01:17.1296809Z      [33m[2m✓[22m[39m resumes '08-set-worklist-reachability.ajs' at worklist visit 4 [33m 456[2mms[22m[39m
validate / unit	UNKNOWN STEP	2026-09-12T19:01:17.1298118Z      [33m[2m✓[22m[39m resumes '08-set-worklist-reachability.ajs' at worklist visit 5 [33m 416[2mms[22m[39m
validate / unit	UNKNOWN STEP	2026-09-12T19:01:17.1299480Z      [33m[2m✓[22m[39m resumes '08-set-worklist-reachability.ajs' at worklist visit 6 [33m 407[2mms[22m[39m
validate / unit	UNKNOWN STEP	2026-09-12T19:01:17.1300850Z      [33m[2m✓[22m[39m resumes '08-set-worklist-reachability.ajs' at worklist visit 7 [33m 387[2mms[22m[39m
validate / unit	UNKNOWN STEP	2026-09-12T19:01:17.1301824Z      [33m[2m✓[22m[39m 'Map delete visited', pause 'before' mutation at visit 2 [33m 339[2mms[22m[39m
validate / unit	UNKNOWN STEP	2026-09-12T19:01:22.1458331Z  [32m✓[39m packages/safe-js/src/interp/function-properties.test.ts [2m([22m[2m37 tests[22m[2m)[22m[33m 4578[2mms[22m[39m
validate / unit	UNKNOWN STEP	2026-09-12T19:01:22.1464659Z      [33m[2m✓[22m[39m preserves the complete guest heap through public dump and replay: function Counter() {} Counter.value = 7; return 1; [33m 415[2mms[22m[39m
validate / unit	UNKNOWN STEP	2026-09-12T19:01:22.1468025Z      [33m[2m✓[22m[39m preserves guest state in heap and direct run snapshots while refusing unsupported replay-data encoding: function Counter() {} Counter.value = 7; return Counter; [33m 432[2mms[22m[39m
validate / unit	UNKNOWN STEP	2026-09-12T19:01:22.1471299Z      [33m[2m✓[22m[39m preserves guest state in heap and direct run snapshots while refusing unsupported replay-data encoding: function Counter() {} return new Counter(); [33m 397[2mms[22m[39m
validate / unit	UNKNOWN STEP	2026-09-12T19:01:22.1474921Z      [33m[2m✓[22m[39m preserves guest state in heap and direct run snapshots while refusing unsupported replay-data encoding: function Parent() {} function Child() {} Object.setPrototypeOf(Child, Parent); return Child; [33m 384[2mms[22m[39m
validate / unit	UNKNOWN STEP	2026-09-12T19:01:24.8350169Z  [32m✓[39m packages/safe-js/src/interp/methods/mapset-callback-mutation.test.ts [2m([22m[2m44 tests[22m[2m)[22m[33m 6776[2mms[22m[39m
validate / unit	UNKNOWN STEP	2026-09-12T19:01:24.8376557Z      [33m[2m✓[22m[39m matches native append visitation and completed replay [33m 750[2mms[22m[39m
validate / unit	UNKNOWN STEP	2026-09-12T19:01:24.8378424Z      [33m[2m✓[22m[39m matches native delete visitation and completed replay [33m 425[2mms[22m[39m
validate / unit	UNKNOWN STEP	2026-09-12T19:01:24.8380224Z      [33m[2m✓[22m[39m matches native readd visitation and completed replay [33m 330[2mms[22m[39m
validate / unit	UNKNOWN STEP	2026-09-12T19:01:24.8381947Z      [33m[2m✓[22m[39m matches native clear visitation and completed replay [33m 325[2mms[22m[39m
validate / unit	UNKNOWN STEP	2026-09-12T19:01:24.8383567Z      [33m[2m✓[22m[39m matches native update visitation and completed replay [33m 324[2mms[22m[39m
validate / unit	UNKNOWN STEP	2026-09-12T19:01:24.8385143Z      [33m[2m✓[22m[39m matches native delete-current visitation and completed replay [33m 308[2mms[22m[39m
validate / unit	UNKNOWN STEP	2026-09-12T19:01:24.8386781Z      [33m[2m✓[22m[39m matches native append visitation and completed replay [33m 358[2mms[22m[39m
validate / unit	UNKNOWN STEP	2026-09-12T19:01:24.8388184Z      [33m[2m✓[22m[39m matches native delete visitation and completed replay [33m 355[2mms[22m[39m
validate / unit	UNKNOWN STEP	2026-09-12T19:01:24.8389387Z      [33m[2m✓[22m[39m matches native readd visitation and completed replay [33m 351[2mms[22m[39m
validate / unit	UNKNOWN STEP	2026-09-12T19:01:24.8390181Z      [33m[2m✓[22m[39m matches native clear visitation and completed replay [33m 313[2mms[22m[39m
validate / unit	UNKNOWN STEP	2026-09-12T19:01:24.8390953Z      [33m[2m✓[22m[39m matches native update visitation and completed replay [33m 317[2mms[22m[39m
validate / unit	UNKNOWN STEP	2026-09-12T19:01:24.8391789Z      [33m[2m✓[22m[39m matches native delete-current visitation and completed replay [33m 354[2mms[22m[39m
validate / unit	UNKNOWN STEP	2026-09-12T19:01:27.7426821Z  [32m✓[39m packages/safe-js/src/loader/markdown-offset-hi-002-validation.test.ts [2m([22m[2m38 tests[22m[2m)[22m[33m 4493[2mms[22m[39m
validate / unit	UNKNOWN STEP	2026-09-12T19:01:27.7429505Z      [33m[2m✓[22m[39m restores a legacy-prefix checkpoint with real replay and hash guards: {"newline":"\n","bom":""} [33m 539[2mms[22m[39m
validate / unit	UNKNOWN STEP	2026-09-12T19:01:27.7431245Z      [33m[2m✓[22m[39m restores a legacy-prefix checkpoint with real replay and hash guards: {"newline":"\n","bom":"﻿"} [33m 404[2mms[22m[39m
validate / unit	UNKNOWN STEP	2026-09-12T19:01:27.7433473Z      [33m[2m✓[22m[39m restores a legacy-prefix checkpoint with real replay and hash guards: {"newline":"\r\n","bom":""} [33m 381[2mms[22m[39m
validate / unit	UNKNOWN STEP	2026-09-12T19:01:27.7435823Z      [33m[2m✓[22m[39m restores a legacy-prefix checkpoint with real replay and hash guards: {"newline":"\r\n","bom":"﻿"} [33m 371[2mms[22m[39m
validate / unit	UNKNOWN STEP	2026-09-12T19:01:27.7437529Z      [33m[2m✓[22m[39m restores a legacy-prefix checkpoint with real replay and hash guards: {"newline":"\r","bom":""} [33m 384[2mms[22m[39m
validate / unit	UNKNOWN STEP	2026-09-12T19:01:27.7439493Z      [33m[2m✓[22m[39m restores a legacy-prefix checkpoint with real replay and hash guards: {"newline":"\r","bom":"﻿"} [33m 415[2mms[22m[39m
validate / unit	UNKNOWN STEP	2026-09-12T19:01:33.4457567Z  [32m✓[39m packages/safe-js/src/interp/methods/lang-01-validation.test.ts [2m([22m[2m41 tests[22m[2m)[22m[33m 4754[2mms[22m[39m
validate / unit	UNKNOWN STEP	2026-09-12T19:01:33.4467337Z      [33m[2m✓[22m[39m composes three levels through aliases: 'alias.map(outer)' [33m 1053[2mms[22m[39m
validate / unit	UNKNOWN STEP	2026-09-12T19:01:33.4468993Z      [33m[2m✓[22m[39m composes three levels through aliases: 'alias.reduce((total, value, index, ar…' [33m 694[2mms[22m[39m
validate / unit	UNKNOWN STEP	2026-09-12T19:01:33.4470503Z      [33m[2m✓[22m[39m composes three levels through aliases: 'alias.toSorted((left, right) => { out…' [33m 625[2mms[22m[39m
validate / unit	UNKNOWN STEP	2026-09-12T19:01:33.4471972Z      [33m[2m✓[22m[39m replays an active aliased checkpoint with caught throw=false [33m 320[2mms[22m[39m
validate / unit	UNKNOWN STEP	2026-09-12T19:01:33.5677798Z  [32m✓[39m packages/safe-js/src/run.promise-generic.test.ts [2m([22m[2m52 tests[22m[2m)[22m[33m 7763[2mms[22m[39m
validate / unit	UNKNOWN STEP	2026-09-12T19:01:33.5680110Z      [33m[2m✓[22m[39m matches native 'all passes a missing resolver TypeErr…' [33m 325[2mms[22m[39m
validate / unit	UNKNOWN STEP	2026-09-12T19:01:34.6188331Z  [32m✓[39m packages/safe-js/src/interp/methods/string.test.ts [2m([22m[2m22 tests[22m[2m)[22m[32m 289[2mms[22m[39m
validate / unit	UNKNOWN STEP	2026-09-12T19:01:38.8204226Z  [32m✓[39m packages/safe-js/src/interp/globals/reflect.test.ts [2m([22m[2m57 tests[22m[2m)[22m[33m 4346[2mms[22m[39m
validate / unit	UNKNOWN STEP	2026-09-12T19:01:38.8205970Z    [33m[2m✓[22m[39m restores Reflect method identities and namespace mutations [33m 304[2mms[22m[39m
validate / unit	UNKNOWN STEP	2026-09-12T19:01:40.3630224Z  [32m✓[39m packages/safe-js/src/interp/classes.test.ts [2m([22m[2m93 tests[22m[2m)[22m[33m 4765[2mms[22m[39m
validate / unit	UNKNOWN STEP	2026-09-12T19:01:44.3248421Z  [32m✓[39m packages/safe-js/src/interp/generator-own-properties.test.ts [2m([22m[2m44 tests[22m[2m)[22m[33m 3076[2mms[22m[39m
validate / unit	UNKNOWN STEP	2026-09-12T19:01:44.3273775Z    [33m[2m✓[22m[39m preserves generator property protocols across a pending effect: 'const value=(function*(){yield 1;yiel…' [33m 356[2mms[22m[39m
validate / unit	UNKNOWN STEP	2026-09-12T19:01:46.8498416Z  [32m✓[39m packages/safe-js/src/interp/globals/collections-iteration.test.ts [2m([22m[2m24 tests[22m[2m)[22m[33m 1627[2mms[22m[39m
validate / unit	UNKNOWN STEP	2026-09-12T19:01:47.1487471Z  [32m✓[39m packages/safe-js/test/conformance/command.test.ts [2m([22m[2m41 tests[22m[2m)[22m[32m 50[2mms[22m[39m
validate / unit	UNKNOWN STEP	2026-09-12T19:01:50.1136935Z  [32m✓[39m packages/safe-js/src/named-host-objects.test.ts [2m([22m[2m41 tests[22m[2m)[22m[33m 1892[2mms[22m[39m
validate / unit	UNKNOWN STEP	2026-09-12T19:01:54.3117278Z  [32m✓[39m packages/safe-js/src/interp/data-view.test.ts [2m([22m[2m51 tests[22m[2m)[22m[33m 3324[2mms[22m[39m
validate / unit	UNKNOWN STEP	2026-09-12T19:01:54.3118268Z    [33m[2m✓[22m[39m preserves intrinsic methods, shared buffers and accessors through public snapshots [33m 337[2mms[22m[39m
validate / unit	UNKNOWN STEP	2026-09-12T19:01:54.3119195Z    [33m[2m✓[22m[39m preserves fixed and length-tracking layouts when snapshotted out of bounds [33m 444[2mms[22m[39m
validate / unit	UNKNOWN STEP	2026-09-12T19:01:55.2165857Z  [32m✓[39m packages/safe-js/src/interp/methods/array-nested-reads.test.ts [2m([22m[2m202 tests[22m[2m)[22m[33m 15505[2mms[22m[39m
validate / unit	UNKNOWN STEP	2026-09-12T19:01:55.2167559Z      [33m[2m✓[22m[39m restores nested map reads across an active checkpoint [33m 331[2mms[22m[39m
validate / unit	UNKNOWN STEP	2026-09-12T19:01:55.3389325Z  [32m✓[39m packages/safe-js/src/snapshot/scheduler.test.ts [2m([22m[2m14 tests[22m[2m)[22m[32m 44[2mms[22m[39m
validate / unit	UNKNOWN STEP	2026-09-12T19:01:59.5116681Z  [32m✓[39m packages/safe-js/src/run.promise-constructor.test.ts [2m([22m[2m49 tests[22m[2m)[22m[33m 3240[2mms[22m[39m
validate / unit	UNKNOWN STEP	2026-09-12T19:01:59.5123879Z      [33m[2m✓[22m[39m reconstructs a pending resolver without repeating completed host effects [32m 300[2mms[22m[39m
validate / unit	UNKNOWN STEP	2026-09-12T19:01:59.5125932Z      [33m[2m✓[22m[39m replays completed constructor chains without losing captured resolvers [33m 422[2mms[22m[39m
validate / unit	UNKNOWN STEP	2026-09-12T19:02:02.4880215Z  [32m✓[39m packages/safe-js/src/interp/for-await.test.ts [2m([22m[2m52 tests[22m[2m)[22m[33m 2043[2mms[22m[39m
validate / unit	UNKNOWN STEP	2026-09-12T19:02:02.4883786Z      [33m[2m✓[22m[39m resumes without duplicating loop or close effects: let calls=0;function values(){calls+=1;return [1,2]}const out=[];for await(const value of values()){out.push(value);await wait()}return [out,calls]; [33m 419[2mms[22m[39m
validate / unit	UNKNOWN STEP	2026-09-12T19:02:04.1112494Z  [32m✓[39m packages/safe-js/src/migrate.test.ts [2m([22m[2m31 tests[22m[2m)[22m[33m 7957[2mms[22m[39m
validate / unit	UNKNOWN STEP	2026-09-12T19:02:04.1114338Z      [33m[2m✓[22m[39m rejects archived callbacks without a registered source function [33m 352[2mms[22m[39m
validate / unit	UNKNOWN STEP	2026-09-12T19:02:04.1115900Z      [33m[2m✓[22m[39m requires a resolution for a pending operation: fulfilled [33m 428[2mms[22m[39m
validate / unit	UNKNOWN STEP	2026-09-12T19:02:04.1133767Z      [33m[2m✓[22m[39m requires a resolution for a pending operation: rejected [33m 393[2mms[22m[39m
validate / unit	UNKNOWN STEP	2026-09-12T19:02:04.1135224Z      [33m[2m✓[22m[39m requires a resolution for a pending operation: not-performed [33m 384[2mms[22m[39m
validate / unit	UNKNOWN STEP	2026-09-12T19:02:04.1137118Z      [33m[2m✓[22m[39m starts a new continuation without replaying old effects: return import.meta.migration.total + 1; [33m 346[2mms[22m[39m
validate / unit	UNKNOWN STEP	2026-09-12T19:02:04.1139258Z      [33m[2m✓[22m[39m starts a new continuation without replaying old effects: export default function() { return import.meta.migration.total + 1; } [33m 391[2mms[22m[39m
validate / unit	UNKNOWN STEP	2026-09-12T19:02:04.1141547Z      [33m[2m✓[22m[39m starts a new continuation without replaying old effects: export default async function() { return import.meta.migration.total + 1; } [33m 360[2mms[22m[39m
validate / unit	UNKNOWN STEP	2026-09-12T19:02:04.1143293Z      [33m[2m✓[22m[39m binds receipts to values but not object key order [33m 336[2mms[22m[39m
validate / unit	UNKNOWN STEP	2026-09-12T19:02:04.1144740Z      [33m[2m✓[22m[39m retains ancestry and current effects after budget failure and another migration [33m 481[2mms[22m[39m
validate / unit	UNKNOWN STEP	2026-09-12T19:02:05.2659635Z  [32m✓[39m packages/safe-js/src/interp/global-script-execution.test.ts [2m([22m[2m40 tests[22m[2m)[22m[33m 1899[2mms[22m[39m
validate / unit	UNKNOWN STEP	2026-09-12T19:02:06.2386827Z  [32m✓[39m packages/safe-js/src/guest-references.test.ts [2m([22m[2m17 tests[22m[2m)[22m[33m 1179[2mms[22m[39m
validate / unit	UNKNOWN STEP	2026-09-12T19:02:07.2253746Z  [32m✓[39m packages/safe-js/src/interp/values.test.ts [2m([22m[2m25 tests[22m[2m)[22m[32m 67[2mms[22m[39m
validate / unit	UNKNOWN STEP	2026-09-12T19:02:09.2449507Z  [32m✓[39m packages/safe-js/src/interp/globals/collections.test.ts [2m([22m[2m17 tests[22m[2m)[22m[33m 1123[2mms[22m[39m
validate / unit	UNKNOWN STEP	2026-09-12T19:02:10.7211553Z  [32m✓[39m packages/safe-js/src/interp/globals/array-from.test.ts [2m([22m[2m61 tests[22m[2m)[22m[33m 4533[2mms[22m[39m
validate / unit	UNKNOWN STEP	2026-09-12T19:02:10.7214104Z      [33m[2m✓[22m[39m does not hide a fatal cleanup budget behind a mapper throw [33m 339[2mms[22m[39m
validate / unit	UNKNOWN STEP	2026-09-12T19:02:17.4967547Z  [32m✓[39m packages/safe-js/src/interp/function-arity.test.ts [2m([22m[2m18 tests[22m[2m)[22m[33m 7355[2mms[22m[39m
validate / unit	UNKNOWN STEP	2026-09-12T19:02:17.4969688Z      [33m[2m✓[22m[39m selects the comparator branch in the complete original D3 bisector workload [33m 3139[2mms[22m[39m
validate / unit	UNKNOWN STEP	2026-09-12T19:02:17.4971242Z      [33m[2m✓[22m[39m keeps the complete explicit-mode control equivalent to the original [33m 2926[2mms[22m[39m
validate / unit	UNKNOWN STEP	2026-09-12T19:02:17.9685427Z  [32m✓[39m packages/safe-js/src/interp/methods/ctx-001-validation.test.ts [2m([22m[2m37 tests[22m[2m)[22m[33m 6314[2mms[22m[39m
validate / unit	UNKNOWN STEP	2026-09-12T19:02:17.9688531Z      [33m[2m✓[22m[39m does not box or substitute the strict undefined receiver at any supported site [33m 320[2mms[22m[39m
validate / unit	UNKNOWN STEP	2026-09-12T19:02:17.9690331Z      [33m[2m✓[22m[39m preserves two receiver identities across an active map checkpoint and replay [33m 519[2mms[22m[39m
validate / unit	UNKNOWN STEP	2026-09-12T19:02:17.9692092Z      [33m[2m✓[22m[39m preserves two receiver identities across an active forEach checkpoint and replay [33m 375[2mms[22m[39m
validate / unit	UNKNOWN STEP	2026-09-12T19:02:17.9693783Z      [33m[2m✓[22m[39m preserves two receiver identities across an active Map checkpoint and replay [33m 350[2mms[22m[39m
validate / unit	UNKNOWN STEP	2026-09-12T19:02:17.9696130Z      [33m[2m✓[22m[39m preserves two receiver identities across an active Set checkpoint and replay [33m 346[2mms[22m[39m
validate / unit	UNKNOWN STEP	2026-09-12T19:02:17.9697900Z      [33m[2m✓[22m[39m preserves two receiver identities across an active from checkpoint and replay [33m 366[2mms[22m[39m
validate / unit	UNKNOWN STEP	2026-09-12T19:02:18.1788216Z  [2m[90m↓[39m[22m packages/safe-js/src/parse/fuzz.test.ts [2m([22m[2m1 test[22m[2m | [22m[33m1 skipped[39m[2m)[22m
validate / unit	UNKNOWN STEP	2026-09-12T19:02:28.2873735Z  [32m✓[39m packages/safe-js/src/run.promise-aliases.test.ts [2m([22m[2m19 tests[22m[2m)[22m[33m 9659[2mms[22m[39m
validate / unit	UNKNOWN STEP	2026-09-12T19:02:28.2875492Z      [33m[2m✓[22m[39m preserves identity and one input journal row in 'arguments' (pending: false) [33m 449[2mms[22m[39m
validate / unit	UNKNOWN STEP	2026-09-12T19:02:28.2877166Z      [33m[2m✓[22m[39m matches the full native workflow and restores both inputs (pending: false) [33m 3268[2mms[22m[39m
validate / unit	UNKNOWN STEP	2026-09-12T19:02:28.2878287Z      [33m[2m✓[22m[39m matches the full native workflow and restores both inputs (pending: true) [33m 2741[2mms[22m[39m
validate / unit	UNKNOWN STEP	2026-09-12T19:02:28.2879767Z      [33m[2m✓[22m[39m preserves genuine pre-repair v7 'full' history without relabeling [33m 742[2mms[22m[39m
validate / unit	UNKNOWN STEP	2026-09-12T19:02:31.4647070Z  [32m✓[39m packages/safe-js/test/final-async-proof-conversion.test.ts [2m([22m[2m6 tests[22m[2m)[22m[33m 2051[2mms[22m[39m
validate / unit	UNKNOWN STEP	2026-09-12T19:02:31.4649589Z    [33m[2m✓[22m[39m converts current source functions without invoking them or losing graph identity [33m 1039[2mms[22m[39m
validate / unit	UNKNOWN STEP	2026-09-12T19:02:31.4667450Z    [33m[2m✓[22m[39m rejects foreign active-context and previous-run adapters [33m 417[2mms[22m[39m
validate / unit	UNKNOWN STEP	2026-09-12T19:02:34.1179511Z  [32m✓[39m packages/safe-js/src/loader/multiple-blocks.test.ts [2m([22m[2m35 tests[22m[2m)[22m[33m 1666[2mms[22m[39m
validate / unit	UNKNOWN STEP	2026-09-12T19:02:34.1183149Z      [33m[2m✓[22m[39m matches native execution across 64 mutable and async blocks [33m 515[2mms[22m[39m
validate / unit	UNKNOWN STEP	2026-09-12T19:02:35.6748023Z  [32m✓[39m packages/safe-js/src/interp/methods/string-replacement-validation.test.ts [2m([22m[2m63 tests[22m[2m)[22m[33m 712[2mms[22m[39m
validate / unit	UNKNOWN STEP	2026-09-12T19:02:35.6752444Z      [33m[2m✓[22m[39m matches workflow 06 replacement/control fields, not STR-01 token metadata [33m 461[2mms[22m[39m
validate / unit	UNKNOWN STEP	2026-09-12T19:02:36.2137134Z  [32m✓[39m packages/safe-js/src/run.retained-callback.test.ts [2m([22m[2m21 tests[22m[2m)[22m[33m 17126[2mms[22m[39m
validate / unit	UNKNOWN STEP	2026-09-12T19:02:36.2140380Z      [33m[2m✓[22m[39m delivers repeated events uninterrupted [33m 455[2mms[22m[39m
validate / unit	UNKNOWN STEP	2026-09-12T19:02:36.2142848Z      [33m[2m✓[22m[39m restores at first without losing a new delivery [33m 995[2mms[22m[39m
validate / unit	UNKNOWN STEP	2026-09-12T19:02:36.2145492Z      [33m[2m✓[22m[39m restores at second without losing a new delivery [33m 784[2mms[22m[39m
validate / unit	UNKNOWN STEP	2026-09-12T19:02:36.2148444Z      [33m[2m✓[22m[39m preserves new callback history through successive and completed checkpoints [33m 897[2mms[22m[39m
validate / unit	UNKNOWN STEP	2026-09-12T19:02:36.2153059Z      [33m[2m✓[22m[39m restores at first without losing a new delivery [33m 679[2mms[22m[39m
validate / unit	UNKNOWN STEP	2026-09-12T19:02:36.2162135Z      [33m[2m✓[22m[39m restores at second without losing a new delivery [33m 652[2mms[22m[39m
validate / unit	UNKNOWN STEP	2026-09-12T19:02:36.2164418Z      [33m[2m✓[22m[39m preserves new callback history through successive and completed checkpoints [33m 839[2mms[22m[39m
validate / unit	UNKNOWN STEP	2026-09-12T19:02:36.2166618Z      [33m[2m✓[22m[39m restores at first without losing a new delivery [33m 520[2mms[22m[39m
validate / unit	UNKNOWN STEP	2026-09-12T19:02:36.2168385Z      [33m[2m✓[22m[39m restores at second without losing a new delivery [33m 503[2mms[22m[39m
validate / unit	UNKNOWN STEP	2026-09-12T19:02:36.2170420Z      [33m[2m✓[22m[39m preserves new callback history through successive and completed checkpoints [33m 720[2mms[22m[39m
validate / unit	UNKNOWN STEP	2026-09-12T19:02:36.2172336Z      [33m[2m✓[22m[39m restores at first without losing a new delivery [33m 537[2mms[22m[39m
validate / unit	UNKNOWN STEP	2026-09-12T19:02:36.2174400Z      [33m[2m✓[22m[39m restores at second without losing a new delivery [33m 600[2mms[22m[39m
validate / unit	UNKNOWN STEP	2026-09-12T19:02:36.2176483Z      [33m[2m✓[22m[39m preserves new callback history through successive and completed checkpoints [33m 731[2mms[22m[39m
validate / unit	UNKNOWN STEP	2026-09-12T19:02:36.2178275Z      [33m[2m✓[22m[39m delivers repeated events uninterrupted [33m 828[2mms[22m[39m
validate / unit	UNKNOWN STEP	2026-09-12T19:02:36.2179924Z      [33m[2m✓[22m[39m restores at first without losing a new delivery [33m 2025[2mms[22m[39m
validate / unit	UNKNOWN STEP	2026-09-12T19:02:36.2181611Z      [33m[2m✓[22m[39m restores at second without losing a new delivery [33m 1971[2mms[22m[39m
validate / unit	UNKNOWN STEP	2026-09-12T19:02:36.2183627Z      [33m[2m✓[22m[39m preserves new callback history through successive and completed checkpoints [33m 2747[2mms[22m[39m
validate / unit	UNKNOWN STEP	2026-09-12T19:02:37.0587766Z  [32m✓[39m packages/safe-js/test/integration/snapshot-roundtrip.test.ts [2m([22m[2m2 tests[22m[2m)[22m[33m 427[2mms[22m[39m
validate / unit	UNKNOWN STEP	2026-09-12T19:02:38.4395170Z  [32m✓[39m packages/safe-js/src/cli.fs-config.test.ts [2m([22m[2m28 tests[22m[2m)[22m[33m 1996[2mms[22m[39m
validate / unit	UNKNOWN STEP	2026-09-12T19:02:38.4427897Z      [33m[2m✓[22m[39m preserves legacy host-root wiring for [ '--fs' ] [33m 1076[2mms[22m[39m
validate / unit	UNKNOWN STEP	2026-09-12T19:02:39.6065107Z  [32m✓[39m packages/safe-js/src/modules/fs.conformance.test.ts [2m([22m[2m201 tests[22m[2m | [22m[33m33 skipped[39m[2m)[22m[32m 115[2mms[22m[39m
validate / unit	UNKNOWN STEP	2026-09-12T19:02:41.8004283Z  [32m✓[39m packages/safe-js/src/snapshot/atomic-wait-continuation.test.ts [2m([22m[2m16 tests[22m[2m)[22m[33m 1263[2mms[22m[39m
validate / unit	UNKNOWN STEP	2026-09-12T19:02:42.9776091Z  [32m✓[39m packages/safe-js/src/run.failure-replay.test.ts [2m([22m[2m17 tests[22m[2m)[22m[33m 5000[2mms[22m[39m
validate / unit	UNKNOWN STEP	2026-09-12T19:02:42.9778033Z      [33m[2m✓[22m[39m preserves completed effects in failures: await effect(); throw new Error("failed"); [33m 406[2mms[22m[39m
validate / unit	UNKNOWN STEP	2026-09-12T19:02:42.9779438Z      [33m[2m✓[22m[39m requires the host to raise an exhausted budget before recovery [33m 544[2mms[22m[39m
validate / unit	UNKNOWN STEP	2026-09-12T19:02:42.9780291Z      [33m[2m✓[22m[39m recovers 'callDepth' only with an explicit larger host budget [33m 346[2mms[22m[39m
validate / unit	UNKNOWN STEP	2026-09-12T19:02:42.9781564Z      [33m[2m✓[22m[39m recovers 'dataSize' only with an explicit larger host budget [33m 380[2mms[22m[39m
validate / unit	UNKNOWN STEP	2026-09-12T19:02:42.9782907Z      [33m[2m✓[22m[39m requires a new host deadline without repeating effects [33m 1460[2mms[22m[39m
validate / unit	UNKNOWN STEP	2026-09-12T19:02:44.0550551Z  [32m✓[39m packages/safe-js/src/interp/scope.test.ts [2m([22m[2m28 tests[22m[2m)[22m[32m 115[2mms[22m[39m
validate / unit	UNKNOWN STEP	2026-09-12T19:02:44.6728482Z  [32m✓[39m packages/safe-js/src/indexed-host-objects.test.ts [2m([22m[2m37 tests[22m[2m)[22m[33m 1796[2mms[22m[39m
validate / unit	UNKNOWN STEP	2026-09-12T19:02:47.1701441Z  [32m✓[39m packages/safe-js/src/modules/agent-result-policy.test.ts [2m([22m[2m32 tests[22m[2m)[22m[33m 1526[2mms[22m[39m
validate / unit	UNKNOWN STEP	2026-09-12T19:02:47.1703164Z      [33m[2m✓[22m[39m preserves 'unchecked result' through sandbox execution and replay [33m 426[2mms[22m[39m
validate / unit	UNKNOWN STEP	2026-09-12T19:02:47.1705094Z      [33m[2m✓[22m[39m preserves 'checked result' through sandbox execution and replay [33m 303[2mms[22m[39m
validate / unit	UNKNOWN STEP	2026-09-12T19:02:47.1706670Z      [33m[2m✓[22m[39m preserves 'collected checked calls' through sandbox execution and replay [33m 346[2mms[22m[39m
validate / unit	UNKNOWN STEP	2026-09-12T19:02:49.2741747Z  [32m✓[39m packages/safe-js/src/modules/fs.host-module.test.ts [2m([22m[2m9 tests[22m[2m)[22m[33m 1094[2mms[22m[39m
validate / unit	UNKNOWN STEP	2026-09-12T19:02:49.2743897Z      [33m[2m✓[22m[39m re-runs a pending readFile after restore under the re-issue policy [33m 314[2mms[22m[39m
validate / unit	UNKNOWN STEP	2026-09-12T19:02:52.4165214Z  [32m✓[39m packages/safe-js/src/interp/globals/string-coercion.test.ts [2m([22m[2m48 tests[22m[2m)[22m[33m 2276[2mms[22m[39m
validate / unit	UNKNOWN STEP	2026-09-12T19:02:56.7891667Z  [32m✓[39m packages/safe-js/src/interp/globals/intl-locale.test.ts [2m([22m[2m54 tests[22m[2m)[22m[33m 3480[2mms[22m[39m
validate / unit	UNKNOWN STEP	2026-09-12T19:02:56.7893246Z    [33m[2m✓[22m[39m restores Locale state with guest descriptors, aliases and custom prototypes [33m 484[2mms[22m[39m
validate / unit	UNKNOWN STEP	2026-09-12T19:03:01.0935338Z  [32m✓[39m packages/safe-js/src/run.references.test.ts [2m([22m[2m99 tests[22m[2m)[22m[33m 16114[2mms[22m[39m
validate / unit	UNKNOWN STEP	2026-09-12T19:03:01.0937702Z      [33m[2m✓[22m[39m preserves numeric operand 9007199254740992 through host replay and migration inspection [33m 473[2mms[22m[39m
validate / unit	UNKNOWN STEP	2026-09-12T19:03:01.0939305Z      [33m[2m✓[22m[39m checks the let temporal dead zone at the right operation [33m 765[2mms[22m[39m
validate / unit	UNKNOWN STEP	2026-09-12T19:03:01.0940790Z      [33m[2m✓[22m[39m checks the const temporal dead zone at the right operation [33m 860[2mms[22m[39m
validate / unit	UNKNOWN STEP	2026-09-12T19:03:01.0960138Z      [33m[2m✓[22m[39m keeps a member's original value across an awaited RHS and completed replay [33m 452[2mms[22m[39m
validate / unit	UNKNOWN STEP	2026-09-12T19:03:01.0962379Z      [33m[2m✓[22m[39m orders primitive property writes for = [33m 301[2mms[22m[39m
validate / unit	UNKNOWN STEP	2026-09-12T19:03:01.0964152Z      [33m[2m✓[22m[39m orders primitive property writes for /= [33m 311[2mms[22m[39m
validate / unit	UNKNOWN STEP	2026-09-12T19:03:01.0966276Z      [33m[2m✓[22m[39m requires explicit migration instead of replaying earlier reference semantics [33m 441[2mms[22m[39m
validate / unit	UNKNOWN STEP	2026-09-12T19:03:01.3968026Z  [32m✓[39m packages/safe-js/src/modules/dynamic-import.test.ts [2m([22m[2m39 tests[22m[2m)[22m[33m 3729[2mms[22m[39m
validate / unit	UNKNOWN STEP	2026-09-12T19:03:01.3969494Z    [33m[2m✓[22m[39m replays dynamic namespace inputs without repeating host calls [33m 735[2mms[22m[39m
validate / unit	UNKNOWN STEP	2026-09-12T19:03:01.3970992Z    [33m[2m✓[22m[39m recovers a bounded checkpoint without repeating a dynamic module host call [33m 366[2mms[22m[39m
validate / unit	UNKNOWN STEP	2026-09-12T19:03:04.2714000Z  [32m✓[39m packages/safe-js/test/conformance/execute.test.ts [2m([22m[2m40 tests[22m[2m)[22m[33m 1893[2mms[22m[39m
validate / unit	UNKNOWN STEP	2026-09-12T19:03:05.2052568Z  [32m✓[39m packages/safe-js/src/interp/globals/console-json.test.ts [2m([22m[2m22 tests[22m[2m)[22m[32m 35[2mms[22m[39m
validate / unit	UNKNOWN STEP	2026-09-12T19:03:06.2427602Z  [32m✓[39m packages/safe-js/src/interp/globals/set-operations.test.ts [2m([22m[2m54 tests[22m[2m)[22m[33m 4157[2mms[22m[39m
validate / unit	UNKNOWN STEP	2026-09-12T19:03:06.2437526Z    [33m[2m✓[22m[39m restores union output with identity and insertion order [33m 314[2mms[22m[39m
validate / unit	UNKNOWN STEP	2026-09-12T19:03:06.9984222Z  [32m✓[39m packages/safe-js/src/parse/assign-ids.test.ts [2m([22m[2m13 tests[22m[2m)[22m[33m 530[2mms[22m[39m
validate / unit	UNKNOWN STEP	2026-09-12T19:03:08.2919285Z  [32m✓[39m packages/safe-js/src/interp/globals/shared-array-buffer.test.ts [2m([22m[2m30 tests[22m[2m)[22m[33m 2174[2mms[22m[39m
validate / unit	UNKNOWN STEP	2026-09-12T19:03:11.0146740Z  [32m✓[39m packages/safe-js/src/interp/object-accessors.test.ts [2m([22m[2m72 tests[22m[2m)[22m[33m 3066[2mms[22m[39m
validate / unit	UNKNOWN STEP	2026-09-12T19:03:11.0148544Z      [33m[2m✓[22m[39m preserves callable accessor descriptors in snapshots while rejecting lossy data copies [33m 347[2mms[22m[39m
validate / unit	UNKNOWN STEP	2026-09-12T19:03:11.0653330Z  [32m✓[39m packages/safe-js/test/h5-context-converter-review.test.ts [2m([22m[2m5 tests[22m[2m)[22m[33m 1640[2mms[22m[39m
validate / unit	UNKNOWN STEP	2026-09-12T19:03:11.0656498Z    [33m[2m✓[22m[39m converts genuine return graphs without invoking functions or adding callbacks [33m 671[2mms[22m[39m
validate / unit	UNKNOWN STEP	2026-09-12T19:03:11.0673958Z    [33m[2m✓[22m[39m rejects ordinary native functions and public function-shaped records without invoking them [33m 374[2mms[22m[39m
validate / unit	UNKNOWN STEP	2026-09-12T19:03:11.0676071Z    [33m[2m✓[22m[39m rejects another active resume context while accepting its own genuine result [33m 349[2mms[22m[39m
validate / unit	UNKNOWN STEP	2026-09-12T19:03:11.9927836Z  [32m✓[39m packages/safe-js/src/snapshot/backend.test.ts [2m([22m[2m11 tests[22m[2m)[22m[32m 31[2mms[22m[39m
validate / unit	UNKNOWN STEP	2026-09-12T19:03:16.6766856Z  [32m✓[39m packages/safe-js/src/interp/accessor-boundaries.test.ts [2m([22m[2m38 tests[22m[2m)[22m[33m 3741[2mms[22m[39m
validate / unit	UNKNOWN STEP	2026-09-12T19:03:16.6767839Z      [33m[2m✓[22m[39m rejects lossy data copies and preserves supported accessor snapshots: {} [33m 343[2mms[22m[39m
validate / unit	UNKNOWN STEP	2026-09-12T19:03:18.3984414Z  [32m✓[39m packages/safe-js/src/interp/globals/intl-datetimeformat.test.ts [2m([22m[2m52 tests[22m[2m)[22m[33m 6490[2mms[22m[39m
validate / unit	UNKNOWN STEP	2026-09-12T19:03:18.3986768Z    [33m[2m✓[22m[39m restores cached format identity, aliases and custom prototypes repeatedly [33m 553[2mms[22m[39m
validate / unit	UNKNOWN STEP	2026-09-12T19:03:18.6152815Z  [32m✓[39m packages/safe-js/src/snapshot/policy.test.ts [2m([22m[2m24 tests[22m[2m)[22m[32m 11[2mms[22m[39m
validate / unit	UNKNOWN STEP	2026-09-12T19:03:19.9612939Z  [32m✓[39m packages/safe-js/src/date.test.ts [2m([22m[2m29 tests[22m[2m)[22m[33m 2200[2mms[22m[39m
validate / unit	UNKNOWN STEP	2026-09-12T19:03:19.9613948Z      [33m[2m✓[22m[39m rejects malformed replayed clock value wrong [33m 370[2mms[22m[39m
validate / unit	UNKNOWN STEP	2026-09-12T19:03:20.6508026Z  [32m✓[39m packages/safe-js/src/interp/numberformat-data-generation.test.ts [2m([22m[2m19 tests[22m[2m)[22m[32m 49[2mms[22m[39m
validate / unit	UNKNOWN STEP	2026-09-12T19:03:22.7055263Z  [32m✓[39m packages/safe-js/src/interp/methods/collection-iterators.test.ts [2m([22m[2m60 tests[22m[2m)[22m[33m 3141[2mms[22m[39m
validate / unit	UNKNOWN STEP	2026-09-12T19:03:25.4399993Z  [32m✓[39m packages/safe-js/src/interp/bigint-typed-array.test.ts [2m([22m[2m56 tests[22m[2m)[22m[33m 3923[2mms[22m[39m
validate / unit	UNKNOWN STEP	2026-09-12T19:03:25.4412784Z      [33m[2m✓[22m[39m preserves methods and backing aliases in public snapshots [33m 329[2mms[22m[39m
validate / unit	UNKNOWN STEP	2026-09-12T19:03:26.0346457Z  [32m✓[39m packages/safe-js/src/interp/class-accessors.test.ts [2m([22m[2m83 tests[22m[2m)[22m[33m 2366[2mms[22m[39m
validate / unit	UNKNOWN STEP	2026-09-12T19:03:27.4416779Z  [32m✓[39m packages/safe-js/src/interp/methods/string-localecompare-observer-validation.test.ts [2m([22m[2m24 tests[22m[2m)[22m[32m 275[2mms[22m[39m
validate / unit	UNKNOWN STEP	2026-09-12T19:03:30.8691285Z  [32m✓[39m packages/safe-js/src/snapshot/proxy.test.ts [2m([22m[2m36 tests[22m[2m)[22m[33m 4501[2mms[22m[39m
validate / unit	UNKNOWN STEP	2026-09-12T19:03:30.8693951Z    [33m[2m✓[22m[39m restores Proxy checkpoints: class C extends Promise{};const p=Promise.resolve(1);p.constructor=new Proxy({}, {get(t,k){if(k===Symbol.species)return C}});await 0;const q=p.then(x=>x+1);return [q instanceof C,await q] [33m 452[2mms[22m[39m
validate / unit	UNKNOWN STEP	2026-09-12T19:03:30.8700330Z    [33m[2m✓[22m[39m restores Proxy checkpoints: const proxy=new Proxy({}, {get(t,k){if(k==="then")return resolve=>resolve(7)}});await 0;const p=Promise.resolve(1);let settle;const wrapped=new Promise(resolve=>{settle=resolve});const descriptor=Object.getOwnPropertyDescriptor(Promise.prototype,"then");const prototype=Object.getPrototypeOf(Promise.prototype);delete Promise.prototype.then;Object.setPrototypeOf(Promise.prototype,proxy);settle(p);Object.setPrototypeOf(Promise.prototype,prototype);Object.defineProperty(Promise.prototype,"then",descriptor);return await wrapped [33m 313[2mms[22m[39m
validate / unit	UNKNOWN STEP	2026-09-12T19:03:31.2421144Z  [32m✓[39m packages/safe-js/src/interp/globals/intl-numberformat.test.ts [2m([22m[2m42 tests[22m[2m)[22m[33m 2910[2mms[22m[39m
validate / unit	UNKNOWN STEP	2026-09-12T19:03:31.2422157Z    [33m[2m✓[22m[39m restores private formatter state and cached format through repeated heap snapshots [33m 445[2mms[22m[39m
validate / unit	UNKNOWN STEP	2026-09-12T19:03:32.1852518Z  [32m✓[39m packages/safe-js/src/snapshot/guest-generator-restore.test.ts [2m([22m[2m23 tests[22m[2m)[22m[33m 311[2mms[22m[39m
validate / unit	UNKNOWN STEP	2026-09-12T19:03:36.8488414Z  [32m✓[39m packages/safe-js/src/interp/boxed-boundaries.test.ts [2m([22m[2m48 tests[22m[2m)[22m[33m 3672[2mms[22m[39m
validate / unit	UNKNOWN STEP	2026-09-12T19:03:36.8490847Z      [33m[2m✓[22m[39m does not repeat string iteration conversion across checkpoint replay [33m 397[2mms[22m[39m
validate / unit	UNKNOWN STEP	2026-09-12T19:03:36.8504388Z      [33m[2m✓[22m[39m keeps boxed string iteration conversion budgets fatal [33m 328[2mms[22m[39m
validate / unit	UNKNOWN STEP	2026-09-12T19:03:36.9368063Z  [32m✓[39m packages/safe-js/src/interp/globals/boxed-primitives.test.ts [2m([22m[2m76 tests[22m[2m)[22m[33m 4743[2mms[22m[39m
validate / unit	UNKNOWN STEP	2026-09-12T19:03:36.9370089Z      [33m[2m✓[22m[39m preserves Number aliases across checkpoint restore [33m 306[2mms[22m[39m
validate / unit	UNKNOWN STEP	2026-09-12T19:03:40.7400015Z  [32m✓[39m packages/safe-js/src/interp/globals/intl-collator.test.ts [2m([22m[2m36 tests[22m[2m)[22m[33m 2949[2mms[22m[39m
validate / unit	UNKNOWN STEP	2026-09-12T19:03:40.7404308Z    [33m[2m✓[22m[39m restores the bound comparison identity and its owning Collator [33m 511[2mms[22m[39m
validate / unit	UNKNOWN STEP	2026-09-12T19:03:42.0729218Z  [32m✓[39m packages/safe-js/src/interp/globals/number-mc-003.test.ts [2m([22m[2m23 tests[22m[2m)[22m[33m 4217[2mms[22m[39m
validate / unit	UNKNOWN STEP	2026-09-12T19:03:42.0787510Z      [33m[2m✓[22m[39m matches every original 'alpha' distance and route [33m 805[2mms[22m[39m
validate / unit	UNKNOWN STEP	2026-09-12T19:03:42.0789369Z      [33m[2m✓[22m[39m matches every original 'beta' distance and route [33m 724[2mms[22m[39m
validate / unit	UNKNOWN STEP	2026-09-12T19:03:42.0812856Z      [33m[2m✓[22m[39m preserves the original 'alpha' global-Infinity control [33m 643[2mms[22m[39m
validate / unit	UNKNOWN STEP	2026-09-12T19:03:42.0816825Z      [33m[2m✓[22m[39m preserves the original 'beta' global-Infinity control [33m 625[2mms[22m[39m
validate / unit	UNKNOWN STEP	2026-09-12T19:03:42.0818520Z      [33m[2m✓[22m[39m retains infinity for an unreachable vertex without corrupting reachable routes [33m 772[2mms[22m[39m
validate / unit	UNKNOWN STEP	2026-09-12T19:03:42.8251762Z  [32m✓[39m packages/safe-js/src/snapshot/finalization-registry.test.ts [2m([22m[2m7 tests[22m[2m)[22m[33m 1224[2mms[22m[39m
validate / unit	UNKNOWN STEP	2026-09-12T19:03:42.8253930Z    [33m[2m✓[22m[39m finishes restore rollback when an owner cleanup detacher throws [33m 374[2mms[22m[39m
validate / unit	UNKNOWN STEP	2026-09-12T19:03:45.8411726Z  [32m✓[39m packages/safe-js/src/interp/shared-host-cross-call.test.ts [2m([22m[2m18 tests[22m[2m)[22m[33m 2103[2mms[22m[39m
validate / unit	UNKNOWN STEP	2026-09-12T19:03:45.8413118Z    [33m[2m✓[22m[39m replays retained host argument aliases across calls (async=false) [33m 398[2mms[22m[39m
validate / unit	UNKNOWN STEP	2026-09-12T19:03:46.5948647Z  [32m✓[39m packages/safe-js/src/interp/globals/number-locale-formatting.test.ts [2m([22m[2m63 tests[22m[2m)[22m[33m 3588[2mms[22m[39m
validate / unit	UNKNOWN STEP	2026-09-12T19:03:46.5949869Z    [33m[2m✓[22m[39m reads every numeric option once in specification order [33m 355[2mms[22m[39m
validate / unit	UNKNOWN STEP	2026-09-12T19:03:47.7026975Z  [32m✓[39m packages/safe-js/src/interp/regex/compile-helper-policy.test.ts [2m([22m[2m17 tests[22m[2m)[22m[32m 172[2mms[22m[39m
validate / unit	UNKNOWN STEP	2026-09-12T19:03:52.9755128Z  [32m✓[39m packages/safe-js/src/interp/methods/string-patterns.test.ts [2m([22m[2m107 tests[22m[2m)[22m[33m 6158[2mms[22m[39m
validate / unit	UNKNOWN STEP	2026-09-12T19:03:53.2315172Z  [32m✓[39m packages/safe-js/src/snapshot/dynamic-import.test.ts [2m([22m[2m18 tests[22m[2m)[22m[33m 4628[2mms[22m[39m
validate / unit	UNKNOWN STEP	2026-09-12T19:03:53.2316991Z    [33m[2m✓[22m[39m restores dynamic module access in a closure (already loaded=false) [33m 762[2mms[22m[39m
validate / unit	UNKNOWN STEP	2026-09-12T19:03:53.2318428Z    [33m[2m✓[22m[39m restores dynamic module access in a closure (already loaded=true) [33m 502[2mms[22m[39m
validate / unit	UNKNOWN STEP	2026-09-12T19:03:53.2319608Z    [33m[2m✓[22m[39m restores a closure using a host export (already loaded=false) [33m 483[2mms[22m[39m
validate / unit	UNKNOWN STEP	2026-09-12T19:03:53.2320872Z    [33m[2m✓[22m[39m restores a closure using a host export (already loaded=true) [33m 481[2mms[22m[39m
validate / unit	UNKNOWN STEP	2026-09-12T19:03:53.2322795Z    [33m[2m✓[22m[39m preserves host-export property cycles and reconnects only supplied capabilities [33m 622[2mms[22m[39m
validate / unit	UNKNOWN STEP	2026-09-12T19:03:54.3075223Z  [32m✓[39m packages/safe-js/src/interp/running-state.test.ts [2m([22m[2m13 tests[22m[2m)[22m[33m 359[2mms[22m[39m
validate / unit	UNKNOWN STEP	2026-09-12T19:03:55.7290606Z  [32m✓[39m packages/safe-js/src/interp/atomic-wait.test.ts [2m([22m[2m9 tests[22m[2m)[22m[33m 523[2mms[22m[39m
validate / unit	UNKNOWN STEP	2026-09-12T19:03:55.7292092Z    [33m[2m✓[22m[39m restores a pending atomic checkpoint with controlled worker registration [33m 340[2mms[22m[39m
validate / unit	UNKNOWN STEP	2026-09-12T19:03:55.9367098Z  [32m✓[39m packages/safe-js/src/interp/methods/string-localecompare-validation.test.ts [2m([22m[2m32 tests[22m[2m)[22m[33m 1795[2mms[22m[39m
validate / unit	UNKNOWN STEP	2026-09-12T19:03:55.9369289Z      [33m[2m✓[22m[39m preserves native full values and bound arity through completed serialization [33m 390[2mms[22m[39m
validate / unit	UNKNOWN STEP	2026-09-12T19:03:56.7994213Z  [32m✓[39m packages/safe-js/src/snapshot/restore-function-kind.test.ts [2m([22m[2m20 tests[22m[2m)[22m[32m 165[2mms[22m[39m
validate / unit	UNKNOWN STEP	2026-09-12T19:03:57.7150202Z  [32m✓[39m packages/safe-js/src/interp/patterns.test.ts [2m([22m[2m10 tests[22m[2m)[22m[32m 35[2mms[22m[39m
validate / unit	UNKNOWN STEP	2026-09-12T19:03:59.8277927Z  [32m✓[39m packages/safe-js/src/interp/globals/map-construction.test.ts [2m([22m[2m45 tests[22m[2m)[22m[33m 2932[2mms[22m[39m
validate / unit	UNKNOWN STEP	2026-09-12T19:03:59.8280200Z      [33m[2m✓[22m[39m does not hide a fatal cleanup budget behind an invalid entry [33m 366[2mms[22m[39m
validate / unit	UNKNOWN STEP	2026-09-12T19:03:59.8281841Z      [33m[2m✓[22m[39m does not reconcile all roots after every inserted object [33m 366[2mms[22m[39m
validate / unit	UNKNOWN STEP	2026-09-12T19:04:01.7639760Z  [32m✓[39m packages/safe-js/src/object-intrinsic.test.ts [2m([22m[2m37 tests[22m[2m)[22m[33m 2951[2mms[22m[39m
validate / unit	UNKNOWN STEP	2026-09-12T19:04:01.7687684Z      [33m[2m✓[22m[39m preserves mutated intrinsic checkpoint data while rejecting lossy plain data copies [33m 612[2mms[22m[39m
validate / unit	UNKNOWN STEP	2026-09-12T19:04:04.0700766Z  [32m✓[39m packages/safe-js/src/interp/globals/intl-durationformat.test.ts [2m([22m[2m43 tests[22m[2m)[22m[33m 3274[2mms[22m[39m
validate / unit	UNKNOWN STEP	2026-09-12T19:04:04.0702705Z    [33m[2m✓[22m[39m replays private duration state across a checkpoint [33m 315[2mms[22m[39m
validate / unit	UNKNOWN STEP	2026-09-12T19:04:08.5551420Z  [32m✓[39m packages/safe-js/src/interp/globals/dynamic-function.test.ts [2m([22m[2m65 tests[22m[2m)[22m[33m 5781[2mms[22m[39m
validate / unit	UNKNOWN STEP	2026-09-12T19:04:08.5553884Z    [33m[2m✓[22m[39m restores dynamically compiled source state: const f=async function(){return 7};const p=Object.getPrototypeOf(f);await 0;return [Object.getPrototypeOf(f)===p,f.constructor===p.constructor,await f()] [33m 358[2mms[22m[39m
validate / unit	UNKNOWN STEP	2026-09-12T19:04:09.4741585Z  [32m✓[39m packages/safe-js/src/interp/promise.generic.test.ts [2m([22m[2m28 tests[22m[2m)[22m[32m 35[2mms[22m[39m
validate / unit	UNKNOWN STEP	2026-09-12T19:04:09.7747744Z  [32m✓[39m packages/safe-js/src/interp/uint8-base64.test.ts [2m([22m[2m67 tests[22m[2m)[22m[33m 4756[2mms[22m[39m
validate / unit	UNKNOWN STEP	2026-09-12T19:04:09.7757197Z    [33m[2m✓[22m[39m matches native Buffer encoding across lengths and byte values: base64 [33m 831[2mms[22m[39m
validate / unit	UNKNOWN STEP	2026-09-12T19:04:09.7758360Z    [33m[2m✓[22m[39m matches native Buffer encoding across lengths and byte values: base64url [33m 584[2mms[22m[39m
validate / unit	UNKNOWN STEP	2026-09-12T19:04:10.6497879Z  [32m✓[39m packages/safe-js/src/interp/host-call.test.ts [2m([22m[2m17 tests[22m[2m)[22m[32m 30[2mms[22m[39m
validate / unit	UNKNOWN STEP	2026-09-12T19:04:11.9567984Z  [32m✓[39m packages/safe-js/src/interp/host-arg-map-shadow.test.ts [2m([22m[2m9 tests[22m[2m)[22m[33m 1381[2mms[22m[39m
validate / unit	UNKNOWN STEP	2026-09-12T19:04:11.9570305Z      [33m[2m✓[22m[39m does not invoke a guest source function stored in map while preserving its arity [33m 346[2mms[22m[39m
validate / unit	UNKNOWN STEP	2026-09-12T19:04:11.9608634Z      [33m[2m✓[22m[39m preserves sparse data, aliases and supported named cycles through completed replays [33m 450[2mms[22m[39m
validate / unit	UNKNOWN STEP	2026-09-12T19:04:13.2648349Z  [32m✓[39m packages/safe-js/src/interp/methods/array-with.test.ts [2m([22m[2m41 tests[22m[2m)[22m[33m 379[2mms[22m[39m
validate / unit	UNKNOWN STEP	2026-09-12T19:04:13.3648353Z  [32m✓[39m packages/safe-js/src/loader/markdown-offset-hi-002.test.ts [2m([22m[2m30 tests[22m[2m)[22m[33m 1624[2mms[22m[39m
validate / unit	UNKNOWN STEP	2026-09-12T19:04:13.3650517Z      [33m[2m✓[22m[39m restores a CLI snapshot created with the old newline-only prefix [33m 441[2mms[22m[39m
validate / unit	UNKNOWN STEP	2026-09-12T19:04:14.3080678Z  [32m✓[39m packages/safe-js/src/interp/generator.test.ts [2m([22m[2m16 tests[22m[2m)[22m[32m 133[2mms[22m[39m
validate / unit	UNKNOWN STEP	2026-09-12T19:04:14.3705759Z  [32m✓[39m packages/safe-js/src/interp/async.test.ts [2m([22m[2m18 tests[22m[2m)[22m[32m 117[2mms[22m[39m
validate / unit	UNKNOWN STEP	2026-09-12T19:04:19.8348516Z  [32m✓[39m packages/safe-js/src/run.promise-compatibility.test.ts [2m([22m[2m20 tests[22m[2m)[22m[33m 4392[2mms[22m[39m
validate / unit	UNKNOWN STEP	2026-09-12T19:04:19.8349553Z      [33m[2m✓[22m[39m retains 'data'/'saved' replay with nullPrototype=false and unchanged history [33m 655[2mms[22m[39m
validate / unit	UNKNOWN STEP	2026-09-12T19:04:19.8350824Z      [33m[2m✓[22m[39m retains 'data'/'saved' replay with nullPrototype=true and unchanged history [33m 323[2mms[22m[39m
validate / unit	UNKNOWN STEP	2026-09-12T19:04:19.8351708Z      [33m[2m✓[22m[39m retains 'data'/'completed' replay with nullPrototype=false and unchanged history [33m 370[2mms[22m[39m
validate / unit	UNKNOWN STEP	2026-09-12T19:04:19.8352601Z      [33m[2m✓[22m[39m retains 'data'/'completed' replay with nullPrototype=true and unchanged history [33m 310[2mms[22m[39m
validate / unit	UNKNOWN STEP	2026-09-12T19:04:19.8353470Z      [33m[2m✓[22m[39m retains 'guest'/'saved' replay with nullPrototype=false and unchanged history [33m 315[2mms[22m[39m
validate / unit	UNKNOWN STEP	2026-09-12T19:04:23.8191047Z  [32m✓[39m packages/safe-js/src/interp/globals/intl-pluralrules.test.ts [2m([22m[2m37 tests[22m[2m)[22m[33m 3114[2mms[22m[39m
validate / unit	UNKNOWN STEP	2026-09-12T19:04:23.8193465Z    [33m[2m✓[22m[39m restores plural state, custom prototypes and aliases repeatedly [33m 512[2mms[22m[39m
validate / unit	UNKNOWN STEP	2026-09-12T19:04:26.9028944Z  [32m✓[39m packages/safe-js/src/interp/methods/callback-this.test.ts [2m([22m[2m141 tests[22m[2m)[22m[33m 11629[2mms[22m[39m
validate / unit	UNKNOWN STEP	2026-09-12T19:04:26.9086136Z      [33m[2m✓[22m[39m preserves receiver identity, mutation, arguments, and complete native output [33m 502[2mms[22m[39m
validate / unit	UNKNOWN STEP	2026-09-12T19:04:26.9123975Z      [33m[2m✓[22m[39m restores map ordinary callback this across an active await checkpoint [33m 330[2mms[22m[39m
validate / unit	UNKNOWN STEP	2026-09-12T19:04:26.9147689Z      [33m[2m✓[22m[39m restores from ordinary callback this across an active await checkpoint [33m 321[2mms[22m[39m
validate / unit	UNKNOWN STEP	2026-09-12T19:04:27.1946655Z  [32m✓[39m packages/safe-js/src/lint/rules/AS003.test.ts [2m([22m[2m21 tests[22m[2m)[22m[32m 31[2mms[22m[39m
validate / unit	UNKNOWN STEP	2026-09-12T19:04:28.2182937Z  [32m✓[39m packages/safe-js/src/snapshot/collection-iterators.test.ts [2m([22m[2m50 tests[22m[2m)[22m[32m 99[2mms[22m[39m
validate / unit	UNKNOWN STEP	2026-09-12T19:04:28.6955588Z  [32m✓[39m packages/safe-js/src/interp/globals/object-from-entries.test.ts [2m([22m[2m44 tests[22m[2m)[22m[33m 3962[2mms[22m[39m
validate / unit	UNKNOWN STEP	2026-09-12T19:04:28.6959569Z      [33m[2m✓[22m[39m does not hide a fatal cleanup budget behind a key-conversion throw [33m 331[2mms[22m[39m
validate / unit	UNKNOWN STEP	2026-09-12T19:04:28.6960977Z      [33m[2m✓[22m[39m does not rescan the whole graph after every primitive property [33m 729[2mms[22m[39m
validate / unit	UNKNOWN STEP	2026-09-12T19:04:29.4147859Z  [32m✓[39m packages/safe-js/src/interp/globals/math.test.ts [2m([22m[2m36 tests[22m[2m)[22m[33m 310[2mms[22m[39m
validate / unit	UNKNOWN STEP	2026-09-12T19:04:29.8038726Z  [32m✓[39m packages/safe-js/src/restore.test.ts [2m([22m[2m36 tests[22m[2m)[22m[32m 152[2mms[22m[39m
validate / unit	UNKNOWN STEP	2026-09-12T19:04:32.7738000Z  [32m✓[39m packages/safe-js/src/interp/globals/iterator-zip.test.ts [2m([22m[2m33 tests[22m[2m)[22m[33m 2415[2mms[22m[39m
validate / unit	UNKNOWN STEP	2026-09-12T19:04:32.7739766Z    [33m[2m✓[22m[39m replays zip through the public dump/run interface [33m 343[2mms[22m[39m
validate / unit	UNKNOWN STEP	2026-09-12T19:04:34.2046674Z  [32m✓[39m packages/safe-js/src/snapshot/weak-reference.test.ts [2m([22m[2m20 tests[22m[2m)[22m[33m 493[2mms[22m[39m
validate / unit	UNKNOWN STEP	2026-09-12T19:04:34.2048751Z    [33m[2m✓[22m[39m restores public dereference methods, subclass identity and target aliases [33m 391[2mms[22m[39m
validate / unit	UNKNOWN STEP	2026-09-12T19:04:35.1048385Z  [32m✓[39m packages/safe-js/src/interp/measure-record-budget.test.ts [2m([22m[2m24 tests[22m[2m)[22m[32m 18[2mms[22m[39m
validate / unit	UNKNOWN STEP	2026-09-12T19:04:36.1707059Z  [32m✓[39m packages/safe-js/src/interp/function-bound-snapshot.test.ts [2m([22m[2m23 tests[22m[2m)[22m[33m 5451[2mms[22m[39m
validate / unit	UNKNOWN STEP	2026-09-12T19:04:36.1708822Z    [33m[2m✓[22m[39m round trips bound function state: 'function f(a,b){return this.base+a+b}…' [33m 564[2mms[22m[39m
validate / unit	UNKNOWN STEP	2026-09-12T19:04:36.1710252Z    [33m[2m✓[22m[39m round trips bound function state: 'const receiver={base:2};function f(a)…' [33m 370[2mms[22m[39m
validate / unit	UNKNOWN STEP	2026-09-12T19:04:36.1711347Z    [33m[2m✓[22m[39m round trips bound function state: 'function f(a,b){return this.base+a+b}…' [33m 342[2mms[22m[39m
validate / unit	UNKNOWN STEP	2026-09-12T19:04:36.1713402Z    [33m[2m✓[22m[39m round trips bound function state: 'function f(){return bound.extra.self=…' [33m 317[2mms[22m[39m
validate / unit	UNKNOWN STEP	2026-09-12T19:04:36.1714917Z    [33m[2m✓[22m[39m round trips bound function state: 'function F(a,b){this.sum=a+b;this.tar…' [33m 347[2mms[22m[39m
validate / unit	UNKNOWN STEP	2026-09-12T19:04:36.1716269Z    [33m[2m✓[22m[39m round trips bound function state: 'function F(a,b){this.sum=a+b;this.tar…' [33m 345[2mms[22m[39m
validate / unit	UNKNOWN STEP	2026-09-12T19:04:36.1717121Z    [33m[2m✓[22m[39m round trips bound function state: 'const receiver={};function f(){return…' [33m 316[2mms[22m[39m
validate / unit	UNKNOWN STEP	2026-09-12T19:04:36.1717962Z    [33m[2m✓[22m[39m round trips bound function state: 'const object={};const bound=(function…' [33m 320[2mms[22m[39m
validate / unit	UNKNOWN STEP	2026-09-12T19:04:36.1718777Z    [33m[2m✓[22m[39m round trips bound function state: 'let reads=0;function f(){return reads…' [33m 384[2mms[22m[39m
validate / unit	UNKNOWN STEP	2026-09-12T19:04:36.1719911Z    [33m[2m✓[22m[39m round trips bound function state: 'function f(){}Object.defineProperty(f…' [33m 326[2mms[22m[39m
validate / unit	UNKNOWN STEP	2026-09-12T19:04:36.1721192Z    [33m[2m✓[22m[39m round trips bound function state: 'function* f(value){yield value}const …' [33m 325[2mms[22m[39m
validate / unit	UNKNOWN STEP	2026-09-12T19:04:41.4107035Z  [32m✓[39m packages/safe-js/src/interp/num-001-validation.test.ts [2m([22m[2m25 tests[22m[2m)[22m[33m 4303[2mms[22m[39m
validate / unit	UNKNOWN STEP	2026-09-12T19:04:41.4124736Z      [33m[2m✓[22m[39m derives and binds all supported source forms: () [33m 447[2mms[22m[39m
validate / unit	UNKNOWN STEP	2026-09-12T19:04:41.4126677Z      [33m[2m✓[22m[39m derives and binds all supported source forms: (first,) [33m 346[2mms[22m[39m
validate / unit	UNKNOWN STEP	2026-09-12T19:04:41.4128326Z      [33m[2m✓[22m[39m retains metadata across an in-memory completed-run dump and resume [33m 307[2mms[22m[39m
validate / unit	UNKNOWN STEP	2026-09-12T19:04:43.7237828Z  [32m✓[39m packages/safe-js/src/run.control.test.ts [2m([22m[2m12 tests[22m[2m)[22m[33m 7504[2mms[22m[39m
validate / unit	UNKNOWN STEP	2026-09-12T19:04:43.7239406Z      [33m[2m✓[22m[39m allows a host turn to pause CPU-bound guest work [33m 1057[2mms[22m[39m
validate / unit	UNKNOWN STEP	2026-09-12T19:04:43.7249979Z      [33m[2m✓[22m[39m preserves an async function's synchronous prefix across a CPU pause [33m 1785[2mms[22m[39m
validate / unit	UNKNOWN STEP	2026-09-12T19:04:43.7252315Z      [33m[2m✓[22m[39m allows a host turn to pause CPU-bound guest work [33m 508[2mms[22m[39m
validate / unit	UNKNOWN STEP	2026-09-12T19:04:43.7254141Z      [33m[2m✓[22m[39m preserves an async function's synchronous prefix across a CPU pause [33m 1514[2mms[22m[39m
validate / unit	UNKNOWN STEP	2026-09-12T19:04:43.7256072Z    [33m[2m✓[22m[39m lets a parent pause and resume successive children independently [33m 1966[2mms[22m[39m
validate / unit	UNKNOWN STEP	2026-09-12T19:04:45.1253812Z  [32m✓[39m packages/safe-js/src/interp/computed-property-keys.test.ts [2m([22m[2m47 tests[22m[2m)[22m[33m 2775[2mms[22m[39m
validate / unit	UNKNOWN STEP	2026-09-12T19:04:45.1255517Z      [33m[2m✓[22m[39m preserves coercion through completed replay and persistent realms [33m 346[2mms[22m[39m
validate / unit	UNKNOWN STEP	2026-09-12T19:04:47.2851705Z  [32m✓[39m packages/safe-js/test/integration/budgets.test.ts [2m([22m[2m12 tests[22m[2m)[22m[33m 1270[2mms[22m[39m
validate / unit	UNKNOWN STEP	2026-09-12T19:04:50.1831647Z  [32m✓[39m packages/safe-js/src/interp/number-typed-arrays.test.ts [2m([22m[2m92 tests[22m[2m)[22m[33m 5540[2mms[22m[39m
validate / unit	UNKNOWN STEP	2026-09-12T19:04:50.1860871Z    [33m[2m✓[22m[39m restores a public Int8Array run and transports host values [33m 330[2mms[22m[39m
validate / unit	UNKNOWN STEP	2026-09-12T19:04:53.6902169Z  [32m✓[39m packages/safe-js/src/interp/globals/temporal-duration-total.test.ts [2m([22m[2m42 tests[22m[2m)[22m[33m 2533[2mms[22m[39m
validate / unit	UNKNOWN STEP	2026-09-12T19:04:54.9507087Z  [32m✓[39m packages/safe-js/src/snapshot/async-function-continuations.test.ts [2m([22m[2m29 tests[22m[2m)[22m[33m 6774[2mms[22m[39m
validate / unit	UNKNOWN STEP	2026-09-12T19:04:54.9509745Z    [33m[2m✓[22m[39m restores ordinary async execution without repeated effects: events.push("before");return 1+await c.promise; [33m 405[2mms[22m[39m
validate / unit	UNKNOWN STEP	2026-09-12T19:04:54.9511625Z    [33m[2m✓[22m[39m restores a queued request captured directly and preserves its owner across another snapshot [33m 368[2mms[22m[39m
validate / unit	UNKNOWN STEP	2026-09-12T19:04:56.3255438Z  [32m✓[39m packages/safe-js/src/interp/array-buffer-slice.test.ts [2m([22m[2m20 tests[22m[2m)[22m[33m 1780[2mms[22m[39m
validate / unit	UNKNOWN STEP	2026-09-12T19:04:56.3256779Z    [33m[2m✓[22m[39m preserves ArrayBuffer slice species across snapshots [33m 486[2mms[22m[39m
validate / unit	UNKNOWN STEP	2026-09-12T19:04:58.1170280Z  [32m✓[39m packages/safe-js/src/interp/globals/atomics-nonshared.test.ts [2m([22m[2m45 tests[22m[2m)[22m[33m 2247[2mms[22m[39m
validate / unit	UNKNOWN STEP	2026-09-12T19:04:58.4401615Z  [32m✓[39m packages/safe-js/src/interp/interactions.test.ts [2m([22m[2m10 tests[22m[2m)[22m[33m 1220[2mms[22m[39m
validate / unit	UNKNOWN STEP	2026-09-12T19:05:02.9310285Z  [32m✓[39m packages/safe-js/src/interp/globals/date-locale-formatting.test.ts [2m([22m[2m64 tests[22m[2m)[22m[33m 3888[2mms[22m[39m
validate / unit	UNKNOWN STEP	2026-09-12T19:05:02.9311212Z    [33m[2m✓[22m[39m replays locale formatting from a pending checkpoint [33m 346[2mms[22m[39m
validate / unit	UNKNOWN STEP	2026-09-12T19:05:03.8494875Z  [32m✓[39m packages/safe-js/src/run.public-promise-recovery.test.ts [2m([22m[2m10 tests[22m[2m)[22m[33m 4309[2mms[22m[39m
validate / unit	UNKNOWN STEP	2026-09-12T19:05:03.8496784Z      [33m[2m✓[22m[39m restores one completed nonaliased raw Promise from arguments without replacement inputs [33m 772[2mms[22m[39m
validate / unit	UNKNOWN STEP	2026-09-12T19:05:03.8501542Z      [33m[2m✓[22m[39m restores one completed nonaliased raw Promise from bindings without replacement inputs [33m 451[2mms[22m[39m
validate / unit	UNKNOWN STEP	2026-09-12T19:05:03.8508155Z      [33m[2m✓[22m[39m restores one completed nonaliased raw Promise from imports without replacement inputs [33m 442[2mms[22m[39m
validate / unit	UNKNOWN STEP	2026-09-12T19:05:03.8509878Z      [33m[2m✓[22m[39m restores one completed nonaliased raw Promise from importMeta without replacement inputs [33m 430[2mms[22m[39m
validate / unit	UNKNOWN STEP	2026-09-12T19:05:03.8511564Z      [33m[2m✓[22m[39m restores the full unchanged scan without hiding separate raw alias differences [33m 1727[2mms[22m[39m
validate / unit	UNKNOWN STEP	2026-09-12T19:05:04.1986170Z  [32m✓[39m packages/safe-js/src/modules/env.test.ts [2m([22m[2m37 tests[22m[2m)[22m[33m 377[2mms[22m[39m
validate / unit	UNKNOWN STEP	2026-09-12T19:05:04.1989750Z      [33m[2m✓[22m[39m preserves allowed reads and denial fields through JSON replay after grants change [33m 363[2mms[22m[39m
validate / unit	UNKNOWN STEP	2026-09-12T19:05:05.3146254Z  [32m✓[39m packages/safe-js/src/error/shape-audit.test.ts [2m([22m[2m12 tests[22m[2m)[22m[33m 550[2mms[22m[39m
validate / unit	UNKNOWN STEP	2026-09-12T19:05:05.3223896Z  [32m✓[39m packages/safe-js/src/modules/fs-config.test.ts [2m([22m[2m50 tests[22m[2m)[22m[32m 26[2mms[22m[39m
validate / unit	UNKNOWN STEP	2026-09-12T19:05:06.8237988Z  [32m✓[39m packages/safe-js/src/interp/values.regex-copy.test.ts [2m([22m[2m13 tests[22m[2m)[22m[33m 397[2mms[22m[39m
validate / unit	UNKNOWN STEP	2026-09-12T19:05:09.8222505Z  [32m✓[39m packages/safe-js/src/interp/callable-prototypes.test.ts [2m([22m[2m48 tests[22m[2m)[22m[33m 2065[2mms[22m[39m
validate / unit	UNKNOWN STEP	2026-09-12T19:05:11.8056973Z  [32m✓[39m packages/safe-js/src/interp/shared-host-boundary.test.ts [2m([22m[2m24 tests[22m[2m)[22m[33m 1107[2mms[22m[39m
validate / unit	UNKNOWN STEP	2026-09-12T19:05:11.9901374Z  [32m✓[39m packages/safe-js/src/interp/globals/regex-construction.test.ts [2m([22m[2m110 tests[22m[2m)[22m[33m 5716[2mms[22m[39m
validate / unit	UNKNOWN STEP	2026-09-12T19:05:18.7360153Z  [32m✓[39m packages/safe-js/src/snapshot/private-elements.test.ts [2m([22m[2m31 tests[22m[2m)[22m[33m 5806[2mms[22m[39m
validate / unit	UNKNOWN STEP	2026-09-12T19:05:19.6947517Z  [32m✓[39m packages/safe-js/src/snapshot/symbol.test.ts [2m([22m[2m22 tests[22m[2m)[22m[32m 59[2mms[22m[39m
validate / unit	UNKNOWN STEP	2026-09-12T19:05:19.8980058Z  [32m✓[39m packages/safe-js/src/lint/rules/AS014.test.ts [2m([22m[2m11 tests[22m[2m)[22m[32m 17[2mms[22m[39m
validate / unit	UNKNOWN STEP	2026-09-12T19:05:21.8419747Z  [32m✓[39m packages/safe-js/src/interp/methods/array-receivers.test.ts [2m([22m[2m199 tests[22m[2m)[22m[33m 9102[2mms[22m[39m
validate / unit	UNKNOWN STEP	2026-09-12T19:05:24.9414482Z  [32m✓[39m packages/safe-js/src/interp/globals/intl-segmenter.test.ts [2m([22m[2m40 tests[22m[2m)[22m[33m 4196[2mms[22m[39m
validate / unit	UNKNOWN STEP	2026-09-12T19:05:24.9416877Z    [33m[2m✓[22m[39m restores Segmenter private state repeatedly: const f=new Intl.Segmenter('en');const segment=f.segment;f.self=f;Object.setPrototypeOf(f,{marker:7});return ()=>[...segment.call(f,'ab')].map(x=>x.segment).concat(f.self===f,Object.getPrototypeOf(f).marker) [33m 727[2mms[22m[39m
validate / unit	UNKNOWN STEP	2026-09-12T19:05:24.9418867Z    [33m[2m✓[22m[39m restores Segmenter private state repeatedly: const s=new Intl.Segmenter('en').segment('A😀é');const containing=s.containing;s.self=s;Object.setPrototypeOf(s,null);return ()=>[containing.call(s,2),s.self===s] [33m 547[2mms[22m[39m
validate / unit	UNKNOWN STEP	2026-09-12T19:05:24.9420706Z    [33m[2m✓[22m[39m restores Segmenter private state repeatedly: const s=new Intl.Segmenter('en').segment('abc');const i=s[Symbol.iterator]();const next=i.next;i.self=i;Object.setPrototypeOf(i,null);next.call(i);return ()=>[next.call(i),i.self===i] [33m 554[2mms[22m[39m
validate / unit	UNKNOWN STEP	2026-09-12T19:05:25.6367166Z  [32m✓[39m packages/safe-js/src/interp/globals/intl-displaynames.test.ts [2m([22m[2m34 tests[22m[2m)[22m[33m 2847[2mms[22m[39m
validate / unit	UNKNOWN STEP	2026-09-12T19:05:25.6368591Z    [33m[2m✓[22m[39m restores DisplayNames state, aliases and custom prototype through repeated snapshots [33m 522[2mms[22m[39m
validate / unit	UNKNOWN STEP	2026-09-12T19:05:27.1456493Z  [32m✓[39m packages/safe-js/src/interp/regex/compile-helper-ownership.test.ts [2m([22m[2m10 tests[22m[2m)[22m[33m 569[2mms[22m[39m
validate / unit	UNKNOWN STEP	2026-09-12T19:05:28.8026845Z  [32m✓[39m packages/safe-js/src/parse/keyword-methods-validation.test.ts [2m([22m[2m59 tests[22m[2m)[22m[33m 2940[2mms[22m[39m
validate / unit	UNKNOWN STEP	2026-09-12T19:05:28.8039922Z      [33m[2m✓[22m[39m matches native and completed replay: return method with destructuring, rest, and receiver [33m 343[2mms[22m[39m
validate / unit	UNKNOWN STEP	2026-09-12T19:05:31.3965994Z  [32m✓[39m packages/safe-js/src/interp/globals/math-sum-precise.test.ts [2m([22m[2m67 tests[22m[2m)[22m[33m 3337[2mms[22m[39m
validate / unit	UNKNOWN STEP	2026-09-12T19:05:31.3968057Z    [33m[2m✓[22m[39m preserves sumPrecise in pending checkpoints [33m 467[2mms[22m[39m
validate / unit	UNKNOWN STEP	2026-09-12T19:05:31.3969685Z    [33m[2m✓[22m[39m preserves sumPrecise in completed checkpoints [33m 343[2mms[22m[39m
validate / unit	UNKNOWN STEP	2026-09-12T19:05:33.2592878Z  [32m✓[39m packages/safe-js/src/run.promise-order.test.ts [2m([22m[2m39 tests[22m[2m)[22m[33m 3560[2mms[22m[39m
validate / unit	UNKNOWN STEP	2026-09-12T19:05:33.2595103Z      [33m[2m✓[22m[39m runs all 256 synchronous-prefix iterations before returning an async promise [33m 406[2mms[22m[39m
validate / unit	UNKNOWN STEP	2026-09-12T19:05:33.2603515Z      [33m[2m✓[22m[39m preserves 256 caller iterations before async continuation [33m 559[2mms[22m[39m
validate / unit	UNKNOWN STEP	2026-09-12T19:05:35.0744050Z  [32m✓[39m packages/safe-js/src/interp/globals/intl-listformat.test.ts [2m([22m[2m33 tests[22m[2m)[22m[33m 2747[2mms[22m[39m
validate / unit	UNKNOWN STEP	2026-09-12T19:05:35.0745392Z    [33m[2m✓[22m[39m restores ListFormat state, aliases and custom prototype through repeated snapshots [33m 490[2mms[22m[39m
validate / unit	UNKNOWN STEP	2026-09-12T19:05:36.5360640Z  [32m✓[39m packages/safe-js/src/interp/float32-map.test.ts [2m([22m[2m26 tests[22m[2m)[22m[33m 2330[2mms[22m[39m
validate / unit	UNKNOWN STEP	2026-09-12T19:05:36.5362279Z    [33m[2m✓[22m[39m preserves map through two snapshot round-trips [33m 532[2mms[22m[39m
validate / unit	UNKNOWN STEP	2026-09-12T19:05:37.7557930Z  [32m✓[39m packages/safe-js/src/interp/methods/array-iterators.test.ts [2m([22m[2m27 tests[22m[2m)[22m[33m 1739[2mms[22m[39m
validate / unit	UNKNOWN STEP	2026-09-12T19:05:37.7587376Z    [33m[2m✓[22m[39m resumes an iterator across a pending host effect [33m 346[2mms[22m[39m
validate / unit	UNKNOWN STEP	2026-09-12T19:05:37.9522092Z  [32m✓[39m packages/safe-js/src/loader/extract-block.test.ts [2m([22m[2m24 tests[22m[2m)[22m[32m 12[2mms[22m[39m
validate / unit	UNKNOWN STEP	2026-09-12T19:05:38.3586508Z  [32m✓[39m packages/safe-js/src/interp/regex/compile-ownership.test.ts [2m([22m[2m11 tests[22m[2m)[22m[33m 909[2mms[22m[39m
validate / unit	UNKNOWN STEP	2026-09-12T19:05:39.5646722Z  [32m✓[39m packages/safe-js/src/snapshot/array-shape.test.ts [2m([22m[2m19 tests[22m[2m)[22m[33m 662[2mms[22m[39m
validate / unit	UNKNOWN STEP	2026-09-12T19:05:39.5657515Z      [33m[2m✓[22m[39m serializes sparse automatic checkpoints and resumes with preserved shape [33m 329[2mms[22m[39m
validate / unit	UNKNOWN STEP	2026-09-12T19:05:39.7688595Z  [32m✓[39m packages/safe-js/src/interp/methods/string-replacement.test.ts [2m([22m[2m98 tests[22m[2m)[22m[33m 485[2mms[22m[39m
validate / unit	UNKNOWN STEP	2026-09-12T19:05:42.6074142Z  [32m✓[39m packages/safe-js/src/interp/function-has-instance-prototype.test.ts [2m([22m[2m25 tests[22m[2m)[22m[33m 2119[2mms[22m[39m
validate / unit	UNKNOWN STEP	2026-09-12T19:05:42.6076533Z    [33m[2m✓[22m[39m replays a borrowed has-instance method across a pending effect [33m 413[2mms[22m[39m
validate / unit	UNKNOWN STEP	2026-09-12T19:05:43.2737251Z  [32m✓[39m packages/safe-js/src/interp/globals/set-construction.test.ts [2m([22m[2m38 tests[22m[2m)[22m[33m 2561[2mms[22m[39m
validate / unit	UNKNOWN STEP	2026-09-12T19:05:43.2750303Z      [33m[2m✓[22m[39m keeps the original capacity budget when cleanup also exhausts a budget [33m 379[2mms[22m[39m
validate / unit	UNKNOWN STEP	2026-09-12T19:05:44.0459931Z  [32m✓[39m packages/safe-js/src/snapshot/shared-array-buffer.test.ts [2m([22m[2m25 tests[22m[2m)[22m[32m 238[2mms[22m[39m
validate / unit	UNKNOWN STEP	2026-09-12T19:05:45.7134105Z  [32m✓[39m packages/safe-js/src/interp/intrinsics.test.ts [2m([22m[2m15 tests[22m[2m)[22m[33m 764[2mms[22m[39m
validate / unit	UNKNOWN STEP	2026-09-12T19:05:46.8497336Z  [32m✓[39m packages/safe-js/src/interp/promise-continuations.test.ts [2m([22m[2m7 tests[22m[2m)[22m[32m 288[2mms[22m[39m
validate / unit	UNKNOWN STEP	2026-09-12T19:05:49.3256759Z  [32m✓[39m packages/safe-js/src/interp/methods/regex-invocation.test.ts [2m([22m[2m94 tests[22m[2m)[22m[33m 5154[2mms[22m[39m
validate / unit	UNKNOWN STEP	2026-09-12T19:05:49.9990588Z  [32m✓[39m packages/safe-js/src/interp/methods/string-concat.test.ts [2m([22m[2m34 tests[22m[2m)[22m[33m 2276[2mms[22m[39m
validate / unit	UNKNOWN STEP	2026-09-12T19:05:50.0017986Z      [33m[2m✓[22m[39m restores a checkpoint captured inside a coercion hook [33m 322[2mms[22m[39m
validate / unit	UNKNOWN STEP	2026-09-12T19:05:51.6512338Z  [32m✓[39m packages/safe-js/src/interp/methods/regex-cursor.test.ts [2m([22m[2m412 tests[22m[2m)[22m[33m 1353[2mms[22m[39m
validate / unit	UNKNOWN STEP	2026-09-12T19:05:54.0306938Z  [32m✓[39m packages/safe-js/src/interp/iterator-lazy-helpers.test.ts [2m([22m[2m44 tests[22m[2m)[22m[33m 3088[2mms[22m[39m
validate / unit	UNKNOWN STEP	2026-09-12T19:05:55.1013032Z  [32m✓[39m packages/safe-js/src/interp/globals/array-from-async.test.ts [2m([22m[2m33 tests[22m[2m)[22m[33m 2575[2mms[22m[39m
validate / unit	UNKNOWN STEP	2026-09-12T19:05:55.1014834Z    [33m[2m✓[22m[39m does not suppress a fatal budget error in async cleanup [33m 373[2mms[22m[39m
validate / unit	UNKNOWN STEP	2026-09-12T19:05:58.1453167Z  [32m✓[39m packages/safe-js/src/interp/float32-filter.test.ts [2m([22m[2m25 tests[22m[2m)[22m[33m 2142[2mms[22m[39m
validate / unit	UNKNOWN STEP	2026-09-12T19:05:58.1454654Z    [33m[2m✓[22m[39m preserves filter through two snapshot round-trips [33m 508[2mms[22m[39m
validate / unit	UNKNOWN STEP	2026-09-12T19:05:58.2518065Z  [32m✓[39m packages/safe-js/src/interp/globals/collection-object-model.test.ts [2m([22m[2m34 tests[22m[2m)[22m[33m 3341[2mms[22m[39m
validate / unit	UNKNOWN STEP	2026-09-12T19:05:58.2519869Z    [33m[2m✓[22m[39m preserves 'Map' prototype state in 'pending' checkpoints [33m 506[2mms[22m[39m
validate / unit	UNKNOWN STEP	2026-09-12T19:05:58.2521152Z    [33m[2m✓[22m[39m preserves 'Map' prototype state in 'completed' checkpoints [33m 352[2mms[22m[39m
validate / unit	UNKNOWN STEP	2026-09-12T19:05:59.0271457Z  [32m✓[39m packages/safe-js/src/modules/harness.test.ts [2m([22m[2m12 tests[22m[2m)[22m[32m 15[2mms[22m[39m
validate / unit	UNKNOWN STEP	2026-09-12T19:06:01.7911776Z  [32m✓[39m packages/safe-js/src/interp/error-intrinsic-prototypes.test.ts [2m([22m[2m34 tests[22m[2m)[22m[33m 2637[2mms[22m[39m
validate / unit	UNKNOWN STEP	2026-09-12T19:06:01.7946098Z    [33m[2m✓[22m[39m preserves a host Error's guest prototype across replay (async=false) [33m 308[2mms[22m[39m
validate / unit	UNKNOWN STEP	2026-09-12T19:06:02.6770324Z  [32m✓[39m packages/safe-js/src/interp/methods/ctx-001-integration.test.ts [2m([22m[2m10 tests[22m[2m)[22m[33m 2686[2mms[22m[39m
validate / unit	UNKNOWN STEP	2026-09-12T19:06:02.6772141Z      [33m[2m✓[22m[39m 'keeps distinct receivers across alias…' [33m 470[2mms[22m[39m
validate / unit	UNKNOWN STEP	2026-09-12T19:06:02.6778441Z      [33m[2m✓[22m[39m 'preserves nested arrow and bound rece…' [33m 391[2mms[22m[39m
validate / unit	UNKNOWN STEP	2026-09-12T19:06:02.6780024Z      [33m[2m✓[22m[39m restores nested aliased callback receivers across an active checkpoint [33m 364[2mms[22m[39m
validate / unit	UNKNOWN STEP	2026-09-12T19:06:03.8010700Z  [32m✓[39m packages/safe-js/src/interp/globals/math-f16round.test.ts [2m([22m[2m59 tests[22m[2m | [22m[33m1 skipped[39m[2m)[22m[32m 195[2mms[22m[39m
validate / unit	UNKNOWN STEP	2026-09-12T19:06:04.5924995Z  [32m✓[39m packages/safe-js/src/interp/array-buffer-transfer.test.ts [2m([22m[2m25 tests[22m[2m)[22m[33m 1910[2mms[22m[39m
validate / unit	UNKNOWN STEP	2026-09-12T19:06:04.5926502Z    [33m[2m✓[22m[39m preserves transferred result storage through two snapshot round-trips [33m 494[2mms[22m[39m
validate / unit	UNKNOWN STEP	2026-09-12T19:06:04.8048817Z  [32m✓[39m packages/safe-js/src/lint/rules/AS013.test.ts [2m([22m[2m11 tests[22m[2m)[22m[32m 22[2mms[22m[39m
validate / unit	UNKNOWN STEP	2026-09-12T19:06:06.6456561Z  [32m✓[39m packages/safe-js/src/interp/uint8array.test.ts [2m([22m[2m28 tests[22m[2m)[22m[33m 1935[2mms[22m[39m
validate / unit	UNKNOWN STEP	2026-09-12T19:06:06.6458764Z    [33m[2m✓[22m[39m preserves mixed views and their concrete kinds through repeated snapshots [33m 546[2mms[22m[39m
validate / unit	UNKNOWN STEP	2026-09-12T19:06:07.4711441Z  [32m✓[39m packages/safe-js/src/interp/array-buffer-transfer-fixed.test.ts [2m([22m[2m22 tests[22m[2m)[22m[33m 1763[2mms[22m[39m
validate / unit	UNKNOWN STEP	2026-09-12T19:06:07.4713781Z    [33m[2m✓[22m[39m preserves transferred result storage through two snapshot round-trips [33m 504[2mms[22m[39m
validate / unit	UNKNOWN STEP	2026-09-12T19:06:10.4654276Z  [32m✓[39m packages/safe-js/src/snapshot/dynamic-source.test.ts [2m([22m[2m18 tests[22m[2m)[22m[33m 2055[2mms[22m[39m
validate / unit	UNKNOWN STEP	2026-09-12T19:06:11.0150381Z  [32m✓[39m packages/safe-js/src/interp/intermediate-retention.test.ts [2m([22m[2m49 tests[22m[2m)[22m[33m 3387[2mms[22m[39m
validate / unit	UNKNOWN STEP	2026-09-12T19:06:12.8368970Z  [32m✓[39m packages/safe-js/src/interp/data-budget.test.ts [2m([22m[2m15 tests[22m[2m)[22m[33m 917[2mms[22m[39m
validate / unit	UNKNOWN STEP	2026-09-12T19:06:13.9848401Z  [32m✓[39m packages/safe-js/src/modules/time.test.ts [2m([22m[2m19 tests[22m[2m)[22m[32m 239[2mms[22m[39m
validate / unit	UNKNOWN STEP	2026-09-12T19:06:14.5523028Z  [32m✓[39m packages/safe-js/src/interp/globals/json-parse-reviver.test.ts [2m([22m[2m40 tests[22m[2m)[22m[33m 3231[2mms[22m[39m
validate / unit	UNKNOWN STEP	2026-09-12T19:06:14.5526622Z    [33m[2m✓[22m[39m restores pending reviver checkpoints [33m 322[2mms[22m[39m
validate / unit	UNKNOWN STEP	2026-09-12T19:06:16.9965225Z  [32m✓[39m packages/safe-js/src/modules/fs.option-surface.test.ts [2m([22m[2m29 tests[22m[2m)[22m[32m 10[2mms[22m[39m
validate / unit	UNKNOWN STEP	2026-09-12T19:06:20.2124808Z  [32m✓[39m packages/safe-js/src/interp/symbol.test.ts [2m([22m[2m41 tests[22m[2m)[22m[33m 2301[2mms[22m[39m
validate / unit	UNKNOWN STEP	2026-09-12T19:06:20.2127114Z      [33m[2m✓[22m[39m preserves symbol identity and symbol-keyed properties through a checkpoint [33m 313[2mms[22m[39m
validate / unit	UNKNOWN STEP	2026-09-12T19:06:21.0910266Z  [32m✓[39m packages/safe-js/src/snapshot/replay-data.test.ts [2m([22m[2m19 tests[22m[2m)[22m[32m 23[2mms[22m[39m
validate / unit	UNKNOWN STEP	2026-09-12T19:06:23.1838005Z  [32m✓[39m packages/safe-js/src/interp/iterator-close.test.ts [2m([22m[2m25 tests[22m[2m)[22m[33m 1163[2mms[22m[39m
validate / unit	UNKNOWN STEP	2026-09-12T19:06:23.1839496Z      [33m[2m✓[22m[39m preserves the body error after checkpoint resume [33m 419[2mms[22m[39m
validate / unit	UNKNOWN STEP	2026-09-12T19:06:24.9309404Z  [32m✓[39m packages/safe-js/src/interp/function-default-exports.test.ts [2m([22m[2m40 tests[22m[2m)[22m[33m 836[2mms[22m[39m
validate / unit	UNKNOWN STEP	2026-09-12T19:06:24.9311495Z      [33m[2m✓[22m[39m preserves live alias across checkpoints [33m 376[2mms[22m[39m
validate / unit	UNKNOWN STEP	2026-09-12T19:06:25.8040167Z  [32m✓[39m packages/safe-js/src/interp/async-generator-driver.test.ts [2m([22m[2m9 tests[22m[2m)[22m[32m 27[2mms[22m[39m
validate / unit	UNKNOWN STEP	2026-09-12T19:06:26.0133165Z  [32m✓[39m packages/safe-js/test/conformance/isolate.test.ts [2m([22m[2m27 tests[22m[2m)[22m[32m 27[2mms[22m[39m
validate / unit	UNKNOWN STEP	2026-09-12T19:06:26.2299026Z  [32m✓[39m packages/safe-js/src/parse/generator.test.ts [2m([22m[2m50 tests[22m[2m)[22m[32m 43[2mms[22m[39m
validate / unit	UNKNOWN STEP	2026-09-12T19:06:36.8331907Z  [32m✓[39m packages/safe-js/src/snapshot/mixed-source-closures.test.ts [2m([22m[2m16 tests[22m[2m)[22m[33m 9768[2mms[22m[39m
validate / unit	UNKNOWN STEP	2026-09-12T19:06:36.8334700Z    [33m[2m✓[22m[39m preserves distinct function bodies and captured state from return ()=>1 [33m 930[2mms[22m[39m
validate / unit	UNKNOWN STEP	2026-09-12T19:06:36.8337072Z    [33m[2m✓[22m[39m preserves distinct function bodies and captured state from const value=1;return ()=>value [33m 611[2mms[22m[39m
validate / unit	UNKNOWN STEP	2026-09-12T19:06:36.8338901Z    [33m[2m✓[22m[39m preserves distinct function bodies and captured state from class C { value=1 };return ()=>new C().value [33m 637[2mms[22m[39m
validate / unit	UNKNOWN STEP	2026-09-12T19:06:36.8340967Z    [33m[2m✓[22m[39m preserves distinct function bodies and captured state from function* f(){yield 0;yield 1};const g=f();g.next();return ()=>g.next().value [33m 665[2mms[22m[39m
validate / unit	UNKNOWN STEP	2026-09-12T19:06:36.8397980Z    [33m[2m✓[22m[39m preserves distinct function bodies and captured state from class C { #value=1;read(){return this.#value} };return ()=>new C().read() [33m 675[2mms[22m[39m
validate / unit	UNKNOWN STEP	2026-09-12T19:06:36.8448947Z    [33m[2m✓[22m[39m preserves distinct function bodies and captured state from const c=Promise.withResolvers();const p=(async()=>{await c.promise;return 1})();return async()=>{c.resolve();return await p} [33m 764[2mms[22m[39m
validate / unit	UNKNOWN STEP	2026-09-12T19:06:36.8468054Z    [33m[2m✓[22m[39m preserves distinct function bodies and captured state from async function* f(){yield 0;yield 1};const g=f();await g.next();return async()=>(await g.next()).value [33m 664[2mms[22m[39m
validate / unit	UNKNOWN STEP	2026-09-12T19:06:36.8528002Z    [33m[2m✓[22m[39m preserves distinct function bodies and captured state from function* f(){try {yield 0}finally {yield 1}};const g=f();g.next();return ()=>g.next().value [33m 678[2mms[22m[39m
validate / unit	UNKNOWN STEP	2026-09-12T19:06:36.8577852Z    [33m[2m✓[22m[39m preserves distinct function bodies and captured state from class Base {read(){return 1}}class Derived extends Base {read(){return super.read()}}return ()=>new Derived().read() [33m 604[2mms[22m[39m
validate / unit	UNKNOWN STEP	2026-09-12T19:06:36.8605064Z    [33m[2m✓[22m[39m preserves distinct function bodies and captured state from const value=1;const read=eval('()=>value');return ()=>read() [33m 611[2mms[22m[39m
validate / unit	UNKNOWN STEP	2026-09-12T19:06:36.8651992Z    [33m[2m✓[22m[39m preserves distinct function bodies and captured state from const read=Function('return 1');return ()=>read() [33m 650[2mms[22m[39m
validate / unit	UNKNOWN STEP	2026-09-12T19:06:36.8677823Z    [33m[2m✓[22m[39m preserves distinct function bodies and captured state from class Base {constructor(){this.value=1}}class Derived extends Base {constructor(){super()}}return ()=>new Derived().value [33m 637[2mms[22m[39m
validate / unit	UNKNOWN STEP	2026-09-12T19:06:36.8679983Z    [33m[2m✓[22m[39m preserves captured template arrays from different source texts [33m 353[2mms[22m[39m
validate / unit	UNKNOWN STEP	2026-09-12T19:06:36.8681334Z    [33m[2m✓[22m[39m reuses each restored template site with other source first [33m 626[2mms[22m[39m
validate / unit	UNKNOWN STEP	2026-09-12T19:06:36.8682651Z    [33m[2m✓[22m[39m reuses each restored template site with other source second [33m 514[2mms[22m[39m
validate / unit	UNKNOWN STEP	2026-09-12T19:06:37.8021037Z  [32m✓[39m packages/safe-js/src/snapshot/symbol-replay.test.ts [2m([22m[2m16 tests[22m[2m)[22m[32m 24[2mms[22m[39m
validate / unit	UNKNOWN STEP	2026-09-12T19:06:37.9868066Z  [32m✓[39m packages/safe-js/src/modules/log.test.ts [2m([22m[2m10 tests[22m[2m)[22m[32m 20[2mms[22m[39m
validate / unit	UNKNOWN STEP	2026-09-12T19:06:41.7907745Z  [32m✓[39m packages/safe-js/src/interp/methods/function-to-string.test.ts [2m([22m[2m51 tests[22m[2m)[22m[33m 2886[2mms[22m[39m
validate / unit	UNKNOWN STEP	2026-09-12T19:06:44.6477408Z  [32m✓[39m packages/safe-js/src/interp/float32-to-sorted.test.ts [2m([22m[2m25 tests[22m[2m)[22m[33m 1961[2mms[22m[39m
validate / unit	UNKNOWN STEP	2026-09-12T19:06:44.6478388Z    [33m[2m✓[22m[39m preserves toSorted through two snapshot round-trips [33m 464[2mms[22m[39m
validate / unit	UNKNOWN STEP	2026-09-12T19:06:46.3989319Z  [32m✓[39m packages/safe-js/test/conformance/corpus.test.ts [2m([22m[2m11 tests[22m[2m)[22m[33m 785[2mms[22m[39m
validate / unit	UNKNOWN STEP	2026-09-12T19:06:48.7433405Z  [32m✓[39m packages/safe-js/src/interp/date-properties.test.ts [2m([22m[2m33 tests[22m[2m)[22m[33m 1450[2mms[22m[39m
validate / unit	UNKNOWN STEP	2026-09-12T19:06:51.3257214Z  [32m✓[39m packages/safe-js/src/interp/function-prototype.test.ts [2m([22m[2m24 tests[22m[2m)[22m[33m 1704[2mms[22m[39m
validate / unit	UNKNOWN STEP	2026-09-12T19:06:53.4927204Z  [32m✓[39m packages/safe-js/src/interp/methods/string-split.independent.test.ts [2m([22m[2m808 tests[22m[2m)[22m[33m 38574[2mms[22m[39m
validate / unit	UNKNOWN STEP	2026-09-12T19:06:53.4928509Z      [33m[2m✓[22m[39m preserves typed slots for /'(b*)'/'s' on ''ab'', limit 5 [33m 356[2mms[22m[39m
validate / unit	UNKNOWN STEP	2026-09-12T19:06:53.4929278Z      [33m[2m✓[22m[39m preserves typed slots for /'a((b)(c)?)?'/'gims' on ''xaYabZ'', limit 2 [33m 582[2mms[22m[39m
validate / unit	UNKNOWN STEP	2026-09-12T19:06:55.2168032Z  [32m✓[39m packages/safe-js/src/interp/receiver-retention.test.ts [2m([22m[2m34 tests[22m[2m)[22m[33m 2968[2mms[22m[39m
validate / unit	UNKNOWN STEP	2026-09-12T19:06:55.9322515Z  [32m✓[39m packages/safe-js/src/parse/contextual-from-validation.test.ts [2m([22m[2m59 tests[22m[2m)[22m[33m 1439[2mms[22m[39m
validate / unit	UNKNOWN STEP	2026-09-12T19:06:56.1967970Z  [32m✓[39m packages/safe-js/src/interp/guest-proxy-prototype.test.ts [2m([22m[2m21 tests[22m[2m)[22m[32m 61[2mms[22m[39m
validate / unit	UNKNOWN STEP	2026-09-12T19:06:56.8659745Z  [32m✓[39m packages/safe-js/src/snapshot/obj-002-validation.test.ts [2m([22m[2m17 tests[22m[2m)[22m[32m 57[2mms[22m[39m
validate / unit	UNKNOWN STEP	2026-09-12T19:06:57.7494993Z  [32m✓[39m packages/safe-js/src/interp/methods/number.test.ts [2m([22m[2m9 tests[22m[2m)[22m[32m 20[2mms[22m[39m
validate / unit	UNKNOWN STEP	2026-09-12T19:06:58.7375807Z  [32m✓[39m packages/safe-js/src/interp/numberformat-backend.test.ts [2m([22m[2m32 tests[22m[2m)[22m[32m 194[2mms[22m[39m
validate / unit	UNKNOWN STEP	2026-09-12T19:06:59.8604919Z  [32m✓[39m packages/safe-js/src/interp/template-coercion.test.ts [2m([22m[2m37 tests[22m[2m)[22m[33m 2759[2mms[22m[39m
validate / unit	UNKNOWN STEP	2026-09-12T19:06:59.8632875Z      [33m[2m✓[22m[39m coerces a sent generator value after restoring a suspended template [33m 357[2mms[22m[39m
validate / unit	UNKNOWN STEP	2026-09-12T19:07:01.5265295Z  [32m✓[39m packages/safe-js/src/interp/globals/promise-method-species.test.ts [2m([22m[2m19 tests[22m[2m)[22m[33m 1875[2mms[22m[39m
validate / unit	UNKNOWN STEP	2026-09-12T19:07:01.5267440Z    [33m[2m✓[22m[39m preserves custom species across pending replay checkpoints [33m 330[2mms[22m[39m
validate / unit	UNKNOWN STEP	2026-09-12T19:07:02.9682087Z  [32m✓[39m packages/safe-js/src/interp/in-operator.test.ts [2m([22m[2m29 tests[22m[2m)[22m[33m 2030[2mms[22m[39m
validate / unit	UNKNOWN STEP	2026-09-12T19:07:03.2356571Z  [32m✓[39m packages/safe-js/src/loader/frontmatter.test.ts [2m([22m[2m21 tests[22m[2m)[22m[32m 53[2mms[22m[39m
validate / unit	UNKNOWN STEP	2026-09-12T19:07:04.4321719Z  [32m✓[39m packages/safe-js/src/interp/methods/string-split.test.ts [2m([22m[2m49 tests[22m[2m)[22m[32m 265[2mms[22m[39m
validate / unit	UNKNOWN STEP	2026-09-12T19:07:04.6439415Z  [32m✓[39m packages/safe-js/src/interp/float32-sort.test.ts [2m([22m[2m28 tests[22m[2m)[22m[33m 2220[2mms[22m[39m
validate / unit	UNKNOWN STEP	2026-09-12T19:07:04.6441959Z    [33m[2m✓[22m[39m preserves sort through two snapshot round-trips [33m 538[2mms[22m[39m
validate / unit	UNKNOWN STEP	2026-09-12T19:07:06.3286583Z  [32m✓[39m packages/safe-js/src/snapshot/regex-cursor-data.test.ts [2m([22m[2m53 tests[22m[2m)[22m[33m 937[2mms[22m[39m
validate / unit	UNKNOWN STEP	2026-09-12T19:07:06.3289128Z      [33m[2m✓[22m[39m replays a pending effect before cursor coercion without losing closure or aliases [33m 503[2mms[22m[39m
validate / unit	UNKNOWN STEP	2026-09-12T19:07:07.2470187Z  [32m✓[39m packages/safe-js/src/interp/methods/string-to-well-formed.test.ts [2m([22m[2m44 tests[22m[2m)[22m[33m 1677[2mms[22m[39m
validate / unit	UNKNOWN STEP	2026-09-12T19:07:09.5355907Z  [32m✓[39m packages/safe-js/src/interp/object-method-super.test.ts [2m([22m[2m36 tests[22m[2m)[22m[33m 2280[2mms[22m[39m
validate / unit	UNKNOWN STEP	2026-09-12T19:07:09.5385378Z      [33m[2m✓[22m[39m preserves ordinary method control through a checkpoint [33m 406[2mms[22m[39m
validate / unit	UNKNOWN STEP	2026-09-12T19:07:09.5923158Z  [32m✓[39m packages/safe-js/src/interp/globals/map-upsert.test.ts [2m([22m[2m17 tests[22m[2m)[22m[33m 1368[2mms[22m[39m
validate / unit	UNKNOWN STEP	2026-09-12T19:07:10.7114882Z  [32m✓[39m packages/safe-js/src/interp/globals/misc.test.ts [2m([22m[2m9 tests[22m[2m)[22m[32m 272[2mms[22m[39m
validate / unit	UNKNOWN STEP	2026-09-12T19:07:13.0074084Z  [32m✓[39m packages/safe-js/src/interp/globals/intl-relativetimeformat.test.ts [2m([22m[2m28 tests[22m[2m)[22m[33m 2534[2mms[22m[39m
validate / unit	UNKNOWN STEP	2026-09-12T19:07:13.0075244Z    [33m[2m✓[22m[39m restores RelativeTimeFormat state, aliases and custom prototype through repeated snapshots [33m 567[2mms[22m[39m
validate / unit	UNKNOWN STEP	2026-09-12T19:07:14.9945412Z  [32m✓[39m packages/safe-js/src/interp/globals/object-from-entries-iterables.test.ts [2m([22m[2m26 tests[22m[2m)[22m[33m 1077[2mms[22m[39m
validate / unit	UNKNOWN STEP	2026-09-12T19:07:16.4628082Z  [32m✓[39m packages/safe-js/src/interp/source-exceptions.boundaries.test.ts [2m([22m[2m84 tests[22m[2m)[22m[33m 4846[2mms[22m[39m
validate / unit	UNKNOWN STEP	2026-09-12T19:07:17.2644093Z  [32m✓[39m packages/safe-js/test/conformance/realm.test.ts [2m([22m[2m15 tests[22m[2m)[22m[33m 1397[2mms[22m[39m
validate / unit	UNKNOWN STEP	2026-09-12T19:07:17.2645573Z    [33m[2m✓[22m[39m shares the test's work allowance across child realms [33m 366[2mms[22m[39m
validate / unit	UNKNOWN STEP	2026-09-12T19:07:18.6033257Z  [32m✓[39m packages/safe-js/src/interp/methods/string-to-well-formed.independent.test.ts [2m([22m[2m9 tests[22m[2m)[22m[33m 434[2mms[22m[39m
validate / unit	UNKNOWN STEP	2026-09-12T19:07:18.8257963Z  [32m✓[39m packages/safe-js/src/lint/rules/AS005.test.ts [2m([22m[2m13 tests[22m[2m)[22m[32m 16[2mms[22m[39m
validate / unit	UNKNOWN STEP	2026-09-12T19:07:19.5054065Z  [32m✓[39m packages/safe-js/src/interp/globals/promise-result-realm.test.ts [2m([22m[2m13 tests[22m[2m)[22m[33m 2048[2mms[22m[39m
validate / unit	UNKNOWN STEP	2026-09-12T19:07:19.7044857Z  [32m✓[39m packages/safe-js/src/parse/format-error.test.ts [2m([22m[2m13 tests[22m[2m)[22m[32m 19[2mms[22m[39m
validate / unit	UNKNOWN STEP	2026-09-12T19:07:19.9561971Z  [32m✓[39m packages/safe-js/src/interp/values-bookkeeping-validation.test.ts [2m([22m[2m16 tests[22m[2m)[22m[32m 218[2mms[22m[39m
validate / unit	UNKNOWN STEP	2026-09-12T19:07:21.2427779Z  [32m✓[39m packages/safe-js/src/snapshot/array-buffer.test.ts [2m([22m[2m22 tests[22m[2m)[22m[33m 638[2mms[22m[39m
validate / unit	UNKNOWN STEP	2026-09-12T19:07:22.1642732Z  [32m✓[39m packages/safe-js/src/interp/intrinsic-retention-allocation.test.ts [2m([22m[2m6 tests[22m[2m)[22m[32m 15[2mms[22m[39m
validate / unit	UNKNOWN STEP	2026-09-12T19:07:22.3507281Z  [32m✓[39m packages/safe-js/test/array-observer-contract.test.ts [2m([22m[2m25 tests[22m[2m)[22m[32m 14[2mms[22m[39m
validate / unit	UNKNOWN STEP	2026-09-12T19:07:24.9406625Z  [32m✓[39m packages/safe-js/src/interp/float32-fill.test.ts [2m([22m[2m20 tests[22m[2m)[22m[33m 1685[2mms[22m[39m
validate / unit	UNKNOWN STEP	2026-09-12T19:07:24.9408554Z    [33m[2m✓[22m[39m preserves fill through two snapshot round-trips [33m 473[2mms[22m[39m
validate / unit	UNKNOWN STEP	2026-09-12T19:07:26.2496798Z  [32m✓[39m packages/safe-js/src/run.random.test.ts [2m([22m[2m28 tests[22m[2m)[22m[33m 5380[2mms[22m[39m
validate / unit	UNKNOWN STEP	2026-09-12T19:07:26.2499005Z      [33m[2m✓[22m[39m resumes 'for (let index = 0; index < 3; index …' with 'values.push(Math.random()); await wai…' [33m 441[2mms[22m[39m
validate / unit	UNKNOWN STEP	2026-09-12T19:07:26.4990268Z  [32m✓[39m packages/safe-js/src/parse/parse-export.test.ts [2m([22m[2m9 tests[22m[2m)[22m[32m 23[2mms[22m[39m
validate / unit	UNKNOWN STEP	2026-09-12T19:07:27.4704839Z  [32m✓[39m packages/safe-js/src/interp/methods/function.test.ts [2m([22m[2m11 tests[22m[2m)[22m[32m 53[2mms[22m[39m
validate / unit	UNKNOWN STEP	2026-09-12T19:07:29.7239978Z  [32m✓[39m packages/safe-js/src/snapshot/pending-promise-continuations.test.ts [2m([22m[2m16 tests[22m[2m)[22m[33m 3887[2mms[22m[39m
validate / unit	UNKNOWN STEP	2026-09-12T19:07:29.7243049Z    [33m[2m✓[22m[39m restores a pending promise continuation: const {promise,resolve}=Promise.withResolvers();return async()=>{resolve(7);return await promise} [33m 486[2mms[22m[39m
validate / unit	UNKNOWN STEP	2026-09-12T19:07:31.5188040Z  [32m✓[39m packages/safe-js/src/snapshot/constructor-environments.test.ts [2m([22m[2m14 tests[22m[2m)[22m[33m 3117[2mms[22m[39m
validate / unit	UNKNOWN STEP	2026-09-12T19:07:31.5189952Z    [33m[2m✓[22m[39m rejects an internal construction environment exposed through binding [33m 311[2mms[22m[39m
validate / unit	UNKNOWN STEP	2026-09-12T19:07:31.5194439Z    [33m[2m✓[22m[39m restores retained constructor state: let finish;class B{constructor(){this.value=1}}class Other{constructor(){this.value=9}}class D extends B{constructor(){finish=()=>super();return {}}}new D();return ()=>{Object.setPrototypeOf(D,Other);return finish().value} [33m 305[2mms[22m[39m
validate / unit	UNKNOWN STEP	2026-09-12T19:07:31.5197098Z    [33m[2m✓[22m[39m restores retained constructor state: let read;class C{constructor(){this.value=4;read=()=>this.value;throw 1}}try{new C()}catch{}return read [33m 310[2mms[22m[39m
validate / unit	UNKNOWN STEP	2026-09-12T19:07:31.5200090Z    [33m[2m✓[22m[39m restores retained constructor state: let finish;let read;let effects=0;class B{}class D extends B{value=(()=>{effects++;throw 1})();constructor(){finish=()=>super();read=()=>this;return {}}}new D();return ()=>{try{finish()}catch{}let repeated=false;try{finish()}catch(e){repeated=e instanceof ReferenceError}return [effects,read() instanceof D,repeated]} [33m 316[2mms[22m[39m
validate / unit	UNKNOWN STEP	2026-09-12T19:07:31.5204398Z    [33m[2m✓[22m[39m restores retained constructor state: let finish;let read;class B{constructor(){this.value=7}}class D extends B{#field=11;constructor(){finish=()=>super();read=()=>this.#field;return {marker:9}}}const returned=new D();return ()=>{const receiver=finish();return [receiver.value,read(),returned.marker]} [33m 302[2mms[22m[39m
validate / unit	UNKNOWN STEP	2026-09-12T19:07:31.5209881Z    [33m[2m✓[22m[39m restores retained constructor state: let constructions=0;class P extends Promise{constructor(executor){constructions++;super((resolve,reject)=>executor(value=>resolve(value),reason=>reject(reason)))}}const c=Promise.withResolvers();const result=P.all([c.promise]);return async()=>{const before=constructions;c.resolve(7);return [await result,before,constructions]} [33m 409[2mms[22m[39m
validate / unit	UNKNOWN STEP	2026-09-12T19:07:32.7491529Z  [32m✓[39m packages/safe-js/src/interp/globals/promise-prototype-lifetime.test.ts [2m([22m[2m17 tests[22m[2m)[22m[33m 2094[2mms[22m[39m
validate / unit	UNKNOWN STEP	2026-09-12T19:07:32.7493086Z    [33m[2m✓[22m[39m retains Promise factories through replay and subsequent cleanup [33m 320[2mms[22m[39m
validate / unit	UNKNOWN STEP	2026-09-12T19:07:34.9607963Z  [32m✓[39m packages/safe-js/src/interp/float32-species.test.ts [2m([22m[2m21 tests[22m[2m)[22m[33m 2523[2mms[22m[39m
validate / unit	UNKNOWN STEP	2026-09-12T19:07:34.9610211Z    [33m[2m✓[22m[39m preserves slice species through snapshots [33m 561[2mms[22m[39m
validate / unit	UNKNOWN STEP	2026-09-12T19:07:34.9612843Z    [33m[2m✓[22m[39m preserves subarray species through snapshots [33m 400[2mms[22m[39m
validate / unit	UNKNOWN STEP	2026-09-12T19:07:35.1340031Z  [32m✓[39m packages/safe-js/src/interp/globals/error-string-coercion.test.ts [2m([22m[2m29 tests[22m[2m)[22m[33m 1442[2mms[22m[39m
validate / unit	UNKNOWN STEP	2026-09-12T19:07:38.7700366Z  [32m✓[39m packages/safe-js/src/run.string-coercion.test.ts [2m([22m[2m8 tests[22m[2m)[22m[33m 2735[2mms[22m[39m
validate / unit	UNKNOWN STEP	2026-09-12T19:07:38.7702157Z      [33m[2m✓[22m[39m keeps host capabilities opaque without invoking them during conversion or capture [33m 565[2mms[22m[39m
validate / unit	UNKNOWN STEP	2026-09-12T19:07:38.7703661Z      [33m[2m✓[22m[39m preserves named host policy through active hook stringCoercionNamedOnly [33m 348[2mms[22m[39m
validate / unit	UNKNOWN STEP	2026-09-12T19:07:38.7705090Z      [33m[2m✓[22m[39m preserves named host policy through active hook stringCoercionDeclaredOverride [33m 316[2mms[22m[39m
validate / unit	UNKNOWN STEP	2026-09-12T19:07:38.7706808Z      [33m[2m✓[22m[39m journals synchronous host work inside a guest hook exactly once [33m 304[2mms[22m[39m
validate / unit	UNKNOWN STEP	2026-09-12T19:07:38.7708645Z      [33m[2m✓[22m[39m preserves receiver, hook aliases, counts and replay for {} [33m 405[2mms[22m[39m
validate / unit	UNKNOWN STEP	2026-09-12T19:07:38.7709740Z      [33m[2m✓[22m[39m preserves receiver, hook aliases, counts and replay for new TypeError("before") [33m 391[2mms[22m[39m
validate / unit	UNKNOWN STEP	2026-09-12T19:07:38.7711035Z      [33m[2m✓[22m[39m preserves receiver, hook aliases, counts and replay for [1, 2] [33m 341[2mms[22m[39m
validate / unit	UNKNOWN STEP	2026-09-12T19:07:41.2580004Z  [32m✓[39m packages/safe-js/src/snapshot/array-buffer-detached.test.ts [2m([22m[2m14 tests[22m[2m)[22m[33m 1582[2mms[22m[39m
validate / unit	UNKNOWN STEP	2026-09-12T19:07:41.2582133Z    [33m[2m✓[22m[39m preserves detached views and metadata cycles through repeated snapshot round-trips [33m 501[2mms[22m[39m
validate / unit	UNKNOWN STEP	2026-09-12T19:07:41.2597343Z    [33m[2m✓[22m[39m restores a guest closure retaining a detached source, view and transferred result [33m 524[2mms[22m[39m
validate / unit	UNKNOWN STEP	2026-09-12T19:07:41.2599501Z    [33m[2m✓[22m[39m round-trips detached guest state through the public run, dump and restore APIs [33m 398[2mms[22m[39m
validate / unit	UNKNOWN STEP	2026-09-12T19:07:45.9925074Z  [32m✓[39m packages/safe-js/src/interp/methods/mapset-callback-replay.test.ts [2m([22m[2m4 tests[22m[2m)[22m[33m 3852[2mms[22m[39m
validate / unit	UNKNOWN STEP	2026-09-12T19:07:45.9927329Z      [33m[2m✓[22m[39m recovers a finite worklist from a budget checkpoint without repeating effects [33m 1192[2mms[22m[39m
validate / unit	UNKNOWN STEP	2026-09-12T19:07:45.9928718Z      [33m[2m✓[22m[39m preserves genuine pending boundaries and does not await callback return values [33m 1161[2mms[22m[39m
validate / unit	UNKNOWN STEP	2026-09-12T19:07:45.9947888Z      [33m[2m✓[22m[39m recovers a finite worklist from a budget checkpoint without repeating effects [33m 562[2mms[22m[39m
validate / unit	UNKNOWN STEP	2026-09-12T19:07:45.9949470Z      [33m[2m✓[22m[39m preserves genuine pending boundaries and does not await callback return values [33m 933[2mms[22m[39m
validate / unit	UNKNOWN STEP	2026-09-12T19:07:48.5923075Z  [32m✓[39m packages/safe-js/src/interp/float16-array.test.ts [2m([22m[2m21 tests[22m[2m)[22m[33m 1720[2mms[22m[39m
validate / unit	UNKNOWN STEP	2026-09-12T19:07:48.5924988Z    [33m[2m✓[22m[39m preserves Float16 methods and backing aliases in public snapshots [33m 357[2mms[22m[39m
validate / unit	UNKNOWN STEP	2026-09-12T19:07:49.1593322Z  [32m✓[39m packages/safe-js/src/interp/methods/string-receivers.test.ts [2m([22m[2m264 tests[22m[2m)[22m[33m 13105[2mms[22m[39m
validate / unit	UNKNOWN STEP	2026-09-12T19:07:49.1595018Z      [33m[2m✓[22m[39m matchAll uses and coerces the call receiver [33m 335[2mms[22m[39m
validate / unit	UNKNOWN STEP	2026-09-12T19:07:49.6164097Z  [32m✓[39m packages/safe-js/src/interp/guest-proxy-descriptor.test.ts [2m([22m[2m41 tests[22m[2m)[22m[32m 113[2mms[22m[39m
validate / unit	UNKNOWN STEP	2026-09-12T19:07:49.8255513Z  [32m✓[39m packages/safe-js/src/lint/rules/AS006-007.test.ts [2m([22m[2m14 tests[22m[2m)[22m[32m 25[2mms[22m[39m
validate / unit	UNKNOWN STEP	2026-09-12T19:07:52.3734406Z  [32m✓[39m packages/safe-js/src/interp/methods/string-replace-exec.test.ts [2m([22m[2m25 tests[22m[2m)[22m[33m 2271[2mms[22m[39m
validate / unit	UNKNOWN STEP	2026-09-12T19:07:52.3738137Z      [33m[2m✓[22m[39m bounds nonterminating exec before invoking a replacer [33m 677[2mms[22m[39m
validate / unit	UNKNOWN STEP	2026-09-12T19:07:52.4895271Z  [32m✓[39m packages/safe-js/src/interp/float32-copy-within.test.ts [2m([22m[2m22 tests[22m[2m)[22m[33m 1750[2mms[22m[39m
validate / unit	UNKNOWN STEP	2026-09-12T19:07:52.4897819Z    [33m[2m✓[22m[39m preserves copyWithin through two snapshot round-trips [33m 458[2mms[22m[39m
validate / unit	UNKNOWN STEP	2026-09-12T19:07:53.4384442Z  [32m✓[39m packages/safe-js/src/interp/methods/array-with.independent.test.ts [2m([22m[2m12 tests[22m[2m)[22m[32m 182[2mms[22m[39m
validate / unit	UNKNOWN STEP	2026-09-12T19:07:54.4258561Z  [32m✓[39m packages/safe-js/src/interp/guest-proxy-extensibility.test.ts [2m([22m[2m18 tests[22m[2m)[22m[32m 46[2mms[22m[39m
validate / unit	UNKNOWN STEP	2026-09-12T19:07:56.9303267Z  [32m✓[39m packages/safe-js/src/interp/globals/promise-custom-prototype.test.ts [2m([22m[2m16 tests[22m[2m)[22m[33m 1603[2mms[22m[39m
validate / unit	UNKNOWN STEP	2026-09-12T19:07:56.9305508Z    [33m[2m✓[22m[39m preserves custom prototypes across pending replay checkpoints [33m 314[2mms[22m[39m
validate / unit	UNKNOWN STEP	2026-09-12T19:07:57.1239813Z  [32m✓[39m packages/safe-js/test/helpers/legacy-dump-graph.test.ts [2m([22m[2m28 tests[22m[2m)[22m[32m 27[2mms[22m[39m
validate / unit	UNKNOWN STEP	2026-09-12T19:07:57.3285224Z  [32m✓[39m packages/safe-js/src/lint/rules/AS-jsdoc-type.test.ts [2m([22m[2m14 tests[22m[2m)[22m[32m 20[2mms[22m[39m
validate / unit	UNKNOWN STEP	2026-09-12T19:08:03.8453155Z  [32m✓[39m packages/safe-js/src/interp/globals/numeric-parsing.test.ts [2m([22m[2m86 tests[22m[2m)[22m[33m 5608[2mms[22m[39m
validate / unit	UNKNOWN STEP	2026-09-12T19:08:03.8454831Z      [33m[2m✓[22m[39m preserves completed hook effects on replay [33m 345[2mms[22m[39m
validate / unit	UNKNOWN STEP	2026-09-12T19:08:04.7257680Z  [32m✓[39m packages/safe-js/src/interp/promise-replay.test.ts [2m([22m[2m18 tests[22m[2m)[22m[32m 14[2mms[22m[39m
validate / unit	UNKNOWN STEP	2026-09-12T19:08:05.6181521Z  [32m✓[39m packages/safe-js/src/interp/globals/error.test.ts [2m([22m[2m22 tests[22m[2m)[22m[32m 59[2mms[22m[39m
validate / unit	UNKNOWN STEP	2026-09-12T19:08:21.4226879Z  [32m✓[39m packages/safe-js/src/snapshot/mixed-realm-closures.test.ts [2m([22m[2m24 tests[22m[2m)[22m[33m 14888[2mms[22m[39m
validate / unit	UNKNOWN STEP	2026-09-12T19:08:21.4228911Z    [33m[2m✓[22m[39m restores the originating realm for '()=>[]' [33m 925[2mms[22m[39m
validate / unit	UNKNOWN STEP	2026-09-12T19:08:21.4240918Z    [33m[2m✓[22m[39m restores the originating realm for '()=>({})' [33m 581[2mms[22m[39m
validate / unit	UNKNOWN STEP	2026-09-12T19:08:21.4242483Z    [33m[2m✓[22m[39m restores the originating realm for '()=>/x/' [33m 607[2mms[22m[39m
validate / unit	UNKNOWN STEP	2026-09-12T19:08:21.4244012Z    [33m[2m✓[22m[39m restores the originating realm for '()=>new Map()' [33m 584[2mms[22m[39m
validate / unit	UNKNOWN STEP	2026-09-12T19:08:21.4245798Z    [33m[2m✓[22m[39m restores the originating realm for 'Function("return this")' [33m 728[2mms[22m[39m
validate / unit	UNKNOWN STEP	2026-09-12T19:08:21.4247954Z    [33m[2m✓[22m[39m restores the originating realm for '(()=>{const C=class { constructor(){r…' [33m 714[2mms[22m[39m
validate / unit	UNKNOWN STEP	2026-09-12T19:08:21.4249809Z    [33m[2m✓[22m[39m restores the originating realm for '(()=>{const C=class { constructor(){r…' [33m 625[2mms[22m[39m
validate / unit	UNKNOWN STEP	2026-09-12T19:08:21.4251762Z    [33m[2m✓[22m[39m restores the originating realm for '(()=>{const C=class { constructor(){r…' [33m 601[2mms[22m[39m
validate / unit	UNKNOWN STEP	2026-09-12T19:08:21.4253621Z    [33m[2m✓[22m[39m restores the originating realm for '(()=>{class C { value=[] };return ()=…' [33m 661[2mms[22m[39m
validate / unit	UNKNOWN STEP	2026-09-12T19:08:21.4255423Z    [33m[2m✓[22m[39m restores the originating realm for '(()=>{class C { #value={};get(){retur…' [33m 686[2mms[22m[39m
validate / unit	UNKNOWN STEP	2026-09-12T19:08:21.4258039Z    [33m[2m✓[22m[39m restores the originating realm for '(()=>{class B{};class C extends B { v…' [33m 623[2mms[22m[39m
validate / unit	UNKNOWN STEP	2026-09-12T19:08:21.4259894Z    [33m[2m✓[22m[39m restores the originating realm for '(()=>{function* f(){yield 0;while(tru…' [33m 1196[2mms[22m[39m
validate / unit	UNKNOWN STEP	2026-09-12T19:08:21.4261560Z    [33m[2m✓[22m[39m restores the originating realm for '(()=>{function* f(){yield 0;while(tru…' [33m 650[2mms[22m[39m
validate / unit	UNKNOWN STEP	2026-09-12T19:08:21.4263876Z    [33m[2m✓[22m[39m restores the originating realm for '(()=>{function* f(){yield 0;while(tru…' [33m 600[2mms[22m[39m
validate / unit	UNKNOWN STEP	2026-09-12T19:08:21.4265847Z    [33m[2m✓[22m[39m restores the originating realm for '(()=>{function* f(){while(true)yield …' [33m 734[2mms[22m[39m
validate / unit	UNKNOWN STEP	2026-09-12T19:08:21.4267604Z    [33m[2m✓[22m[39m restores the originating realm for '(()=>{async function* f(){while(true)…' [33m 691[2mms[22m[39m
validate / unit	UNKNOWN STEP	2026-09-12T19:08:21.4269301Z    [33m[2m✓[22m[39m restores the originating realm for '(()=>{async function* f(){while(true)…' [33m 589[2mms[22m[39m
validate / unit	UNKNOWN STEP	2026-09-12T19:08:21.4271011Z    [33m[2m✓[22m[39m restores the originating realm for '(()=>{async function* f(){while(true)…' [33m 574[2mms[22m[39m
validate / unit	UNKNOWN STEP	2026-09-12T19:08:21.4272926Z    [33m[2m✓[22m[39m restores the originating realm for '(()=>{const c=Promise.withResolvers()…' [33m 666[2mms[22m[39m
validate / unit	UNKNOWN STEP	2026-09-12T19:08:21.4274617Z    [33m[2m✓[22m[39m restores the originating realm for '(()=>{const c=Promise.withResolvers()…' [33m 592[2mms[22m[39m
validate / unit	UNKNOWN STEP	2026-09-12T19:08:21.4276834Z    [33m[2m✓[22m[39m restores the originating realm for '(()=>{const c=Promise.withResolvers()…' [33m 645[2mms[22m[39m
validate / unit	UNKNOWN STEP	2026-09-12T19:08:24.2637550Z  [32m✓[39m packages/safe-js/src/interp/float32-from.test.ts [2m([22m[2m24 tests[22m[2m)[22m[33m 1939[2mms[22m[39m
validate / unit	UNKNOWN STEP	2026-09-12T19:08:24.2639293Z    [33m[2m✓[22m[39m preserves factory identity and mapped subclass construction across snapshots [33m 464[2mms[22m[39m
validate / unit	UNKNOWN STEP	2026-09-12T19:08:26.7650557Z  [32m✓[39m packages/safe-js/src/snapshot/shadowed-array-methods.test.ts [2m([22m[2m23 tests[22m[2m)[22m[33m 1630[2mms[22m[39m
validate / unit	UNKNOWN STEP	2026-09-12T19:08:26.7655521Z      [33m[2m✓[22m[39m preserves native execution and completed replay for dense control [33m 366[2mms[22m[39m
validate / unit	UNKNOWN STEP	2026-09-12T19:08:28.6710190Z  [32m✓[39m packages/safe-js/src/metadata-validation.test.ts [2m([22m[2m14 tests[22m[2m)[22m[33m 1055[2mms[22m[39m
validate / unit	UNKNOWN STEP	2026-09-12T19:08:31.1786625Z  [32m✓[39m packages/safe-js/src/snapshot/mixed-realm-intrinsics.test.ts [2m([22m[2m5 tests[22m[2m)[22m[33m 1627[2mms[22m[39m
validate / unit	UNKNOWN STEP	2026-09-12T19:08:31.1790160Z    [33m[2m✓[22m[39m preserves distinct Number intrinsic graphs from two originating realms [33m 573[2mms[22m[39m
validate / unit	UNKNOWN STEP	2026-09-12T19:08:31.1791539Z    [33m[2m✓[22m[39m preserves distinct Date intrinsic graphs from two originating realms [33m 410[2mms[22m[39m
validate / unit	UNKNOWN STEP	2026-09-12T19:08:31.1793026Z    [33m[2m✓[22m[39m preserves distinct Map intrinsic graphs from two originating realms [33m 355[2mms[22m[39m
validate / unit	UNKNOWN STEP	2026-09-12T19:08:31.3787520Z  [32m✓[39m packages/safe-js/src/lint/rules/AS001.test.ts [2m([22m[2m36 tests[22m[2m)[22m[32m 17[2mms[22m[39m
validate / unit	UNKNOWN STEP	2026-09-12T19:08:34.1158602Z  [32m✓[39m packages/safe-js/src/interp/globals/date-subclass-prototype.test.ts [2m([22m[2m22 tests[22m[2m)[22m[33m 1878[2mms[22m[39m
validate / unit	UNKNOWN STEP	2026-09-12T19:08:36.5826403Z  [32m✓[39m packages/safe-js/src/modules/namespace-identity-mc-002.test.ts [2m([22m[2m10 tests[22m[2m)[22m[33m 1615[2mms[22m[39m
validate / unit	UNKNOWN STEP	2026-09-12T19:08:36.5829650Z      [33m[2m✓[22m[39m retains shared namespace inputs through repeated completed replay [33m 689[2mms[22m[39m
validate / unit	UNKNOWN STEP	2026-09-12T19:08:36.5833346Z      [33m[2m✓[22m[39m preserves namespace identity when recovering a bounded execution checkpoint [33m 345[2mms[22m[39m
validate / unit	UNKNOWN STEP	2026-09-12T19:08:37.4462300Z  [32m✓[39m packages/safe-js/src/snapshot/promise-capability-properties.test.ts [2m([22m[2m7 tests[22m[2m)[22m[32m 19[2mms[22m[39m
validate / unit	UNKNOWN STEP	2026-09-12T19:08:38.2918498Z  [32m✓[39m packages/safe-js/src/snapshot/imported-promise-data.test.ts [2m([22m[2m20 tests[22m[2m)[22m[32m 27[2mms[22m[39m
validate / unit	UNKNOWN STEP	2026-09-12T19:08:42.1996647Z  [32m✓[39m packages/safe-js/src/interp/methods/collection-method-receivers.test.ts [2m([22m[2m54 tests[22m[2m)[22m[33m 3022[2mms[22m[39m
validate / unit	UNKNOWN STEP	2026-09-12T19:08:51.0457257Z  [32m✓[39m packages/safe-js/src/interp/methods/regex-cursor.independent.test.ts [2m([22m[2m1027 tests[22m[2m)[22m[33m 57552[2mms[22m[39m
validate / unit	UNKNOWN STEP	2026-09-12T19:08:51.0459844Z      [33m[2m✓[22m[39m 'match' /'(?:)'/'im' from 2.75 on '''' matches native [33m 875[2mms[22m[39m
validate / unit	UNKNOWN STEP	2026-09-12T19:08:51.0461370Z      [33m[2m✓[22m[39m 'replace' /'^a.'/'gims' from 2.75 on ''az\nAZ\na\nz'' matches native [33m 1779[2mms[22m[39m
validate / unit	UNKNOWN STEP	2026-09-12T19:08:54.4832797Z  [32m✓[39m packages/safe-js/src/interp/globals/error-cause-reflection.test.ts [2m([22m[2m25 tests[22m[2m)[22m[33m 2400[2mms[22m[39m
validate / unit	UNKNOWN STEP	2026-09-12T19:08:54.4834709Z    [33m[2m✓[22m[39m preserves cause traps after public replay and realm cleanup [33m 301[2mms[22m[39m
validate / unit	UNKNOWN STEP	2026-09-12T19:08:57.8167264Z  [32m✓[39m packages/safe-js/src/snapshot/thenable-continuations.test.ts [2m([22m[2m10 tests[22m[2m)[22m[33m 2436[2mms[22m[39m
validate / unit	UNKNOWN STEP	2026-09-12T19:08:57.8169201Z    [33m[2m✓[22m[39m saves and resumes a live run around thenable scheduling [33m 419[2mms[22m[39m
validate / unit	UNKNOWN STEP	2026-09-12T19:08:57.8170847Z    [33m[2m✓[22m[39m restores a completed thenable invocation awaiting resolve [33m 383[2mms[22m[39m
validate / unit	UNKNOWN STEP	2026-09-12T19:08:58.6594366Z  [32m✓[39m packages/safe-js/src/snapshot/guest-generator-iteration-continuations.test.ts [2m([22m[2m50 tests[22m[2m)[22m[33m 15581[2mms[22m[39m
validate / unit	UNKNOWN STEP	2026-09-12T19:08:58.6596442Z    [33m[2m✓[22m[39m retains for-of progress: 'for(const value of [1,2,3]){yield val…' (async=false) [33m 543[2mms[22m[39m
validate / unit	UNKNOWN STEP	2026-09-12T19:08:58.6597299Z    [33m[2m✓[22m[39m retains for-of progress: 'for(const value of [1,2,3]){yield val…' (async=true) [33m 379[2mms[22m[39m
validate / unit	UNKNOWN STEP	2026-09-12T19:08:58.6598156Z    [33m[2m✓[22m[39m retains for-of progress: 'for(const value of \'a😀c\'){yield va…' (async=false) [33m 309[2mms[22m[39m
validate / unit	UNKNOWN STEP	2026-09-12T19:08:58.6609397Z    [33m[2m✓[22m[39m retains for-of progress: 'for(const value of \'a😀c\'){yield va…' (async=true) [33m 351[2mms[22m[39m
validate / unit	UNKNOWN STEP	2026-09-12T19:08:58.6611016Z    [33m[2m✓[22m[39m retains for-of progress: 'let count=0;function input(){count++;…' (async=false) [33m 393[2mms[22m[39m
validate / unit	UNKNOWN STEP	2026-09-12T19:08:58.6612741Z    [33m[2m✓[22m[39m retains for-of progress: 'let count=0;function input(){count++;…' (async=true) [33m 460[2mms[22m[39m
validate / unit	UNKNOWN STEP	2026-09-12T19:08:58.6614354Z    [33m[2m✓[22m[39m retains for-of progress: 'const input=[1,2,3];for(const value o…' (async=false) [33m 322[2mms[22m[39m
validate / unit	UNKNOWN STEP	2026-09-12T19:08:58.6615959Z    [33m[2m✓[22m[39m retains for-of progress: 'const input=[1,2];for(const value of …' (async=false) [33m 353[2mms[22m[39m
validate / unit	UNKNOWN STEP	2026-09-12T19:08:58.6617565Z    [33m[2m✓[22m[39m retains for-of progress: 'const input=[1,2];for(const value of …' (async=true) [33m 335[2mms[22m[39m
validate / unit	UNKNOWN STEP	2026-09-12T19:08:58.6619162Z    [33m[2m✓[22m[39m retains for-of progress: 'let value;for(value of [1,2]){value+=…' (async=false) [33m 307[2mms[22m[39m
validate / unit	UNKNOWN STEP	2026-09-12T19:08:58.6620657Z    [33m[2m✓[22m[39m retains for-of progress: 'let value;for(value of [1,2]){value+=…' (async=true) [33m 307[2mms[22m[39m
validate / unit	UNKNOWN STEP	2026-09-12T19:08:58.6622296Z    [33m[2m✓[22m[39m retains for-of progress: 'const callbacks=[];for(let value of […' (async=false) [33m 353[2mms[22m[39m
validate / unit	UNKNOWN STEP	2026-09-12T19:08:58.6624086Z    [33m[2m✓[22m[39m retains for-of progress: 'const callbacks=[];for(let value of […' (async=true) [33m 330[2mms[22m[39m
validate / unit	UNKNOWN STEP	2026-09-12T19:08:58.6641420Z    [33m[2m✓[22m[39m retains for-of progress: 'for(const value of [1,2]){try{continu…' (async=false) [33m 320[2mms[22m[39m
validate / unit	UNKNOWN STEP	2026-09-12T19:08:58.6643327Z    [33m[2m✓[22m[39m retains for-of progress: 'for(const value of [1,2]){try{continu…' (async=true) [33m 308[2mms[22m[39m
validate / unit	UNKNOWN STEP	2026-09-12T19:08:58.6644993Z    [33m[2m✓[22m[39m retains for-of progress: 'for(const outer of [1,2]){for(const i…' (async=false) [33m 410[2mms[22m[39m
validate / unit	UNKNOWN STEP	2026-09-12T19:08:58.6646723Z    [33m[2m✓[22m[39m retains for-of progress: 'for(const outer of [1,2]){for(const i…' (async=true) [33m 339[2mms[22m[39m
validate / unit	UNKNOWN STEP	2026-09-12T19:08:58.6648399Z    [33m[2m✓[22m[39m retains for-of progress: 'const target={};for(target[yield 1] o…' (async=false) [33m 478[2mms[22m[39m
validate / unit	UNKNOWN STEP	2026-09-12T19:08:58.6650887Z    [33m[2m✓[22m[39m retains for-of progress: 'const target={};for(target[yield 1] o…' (async=true) [33m 301[2mms[22m[39m
validate / unit	UNKNOWN STEP	2026-09-12T19:08:58.6652691Z    [33m[2m✓[22m[39m retains for-of progress: 'for(const [value=yield 1] of [[undefi…' (async=false) [33m 307[2mms[22m[39m
validate / unit	UNKNOWN STEP	2026-09-12T19:08:58.6654304Z    [33m[2m✓[22m[39m retains for-of progress: 'for(const [value=yield 1] of [[undefi…' (async=true) [33m 312[2mms[22m[39m
validate / unit	UNKNOWN STEP	2026-09-12T19:08:58.6656041Z    [33m[2m✓[22m[39m retains for-of progress: 'for(const value of (yield 1)){yield v…' (async=false) [33m 332[2mms[22m[39m
validate / unit	UNKNOWN STEP	2026-09-12T19:08:58.6657694Z    [33m[2m✓[22m[39m retains for-of progress: 'for(const value of (yield 1)){yield v…' (async=true) [33m 303[2mms[22m[39m
validate / unit	UNKNOWN STEP	2026-09-12T19:08:58.6659270Z    [33m[2m✓[22m[39m retains for-of progress: 'for(const value of new Set([1,2,3])){…' (async=true) [33m 322[2mms[22m[39m
validate / unit	UNKNOWN STEP	2026-09-12T19:08:58.6660811Z    [33m[2m✓[22m[39m retains for-of progress: 'for(const value of new Map([[1,2],[3,…' (async=false) [33m 323[2mms[22m[39m
validate / unit	UNKNOWN STEP	2026-09-12T19:08:58.6662637Z    [33m[2m✓[22m[39m retains for-of progress: 'for(const value of new Map([[1,2],[3,…' (async=true) [33m 316[2mms[22m[39m
validate / unit	UNKNOWN STEP	2026-09-12T19:08:58.6664243Z    [33m[2m✓[22m[39m retains for-of progress: 'function* inner(){yield 1;yield 2;yie…' (async=false) [33m 325[2mms[22m[39m
validate / unit	UNKNOWN STEP	2026-09-12T19:08:58.6666037Z    [33m[2m✓[22m[39m retains for-of progress: 'let count=0;const iterable={[Symbol.i…' (async=false) [33m 343[2mms[22m[39m
validate / unit	UNKNOWN STEP	2026-09-12T19:08:58.6667657Z    [33m[2m✓[22m[39m retains for-of progress: 'let count=0;const iterable={[Symbol.i…' (async=true) [33m 330[2mms[22m[39m
validate / unit	UNKNOWN STEP	2026-09-12T19:08:58.6669274Z    [33m[2m✓[22m[39m retains for-of progress: 'let count=0;const iterable={[Symbol.i…' (async=false) [33m 319[2mms[22m[39m
validate / unit	UNKNOWN STEP	2026-09-12T19:08:58.6670902Z    [33m[2m✓[22m[39m retains for-of progress: 'let count=0;const iterable={[Symbol.i…' (async=true) [33m 354[2mms[22m[39m
validate / unit	UNKNOWN STEP	2026-09-12T19:08:58.6672549Z    [33m[2m✓[22m[39m retains for-of progress: 'let closed=0;const iterable={[Symbol.…' (async=false) [33m 304[2mms[22m[39m
validate / unit	UNKNOWN STEP	2026-09-12T19:08:58.6674147Z    [33m[2m✓[22m[39m retains for-of progress: 'for await(const value of [1,2,3])yiel…' (async=true) [33m 322[2mms[22m[39m
validate / unit	UNKNOWN STEP	2026-09-12T19:08:58.6675842Z    [33m[2m✓[22m[39m retains for-of progress: 'async function* inner(){yield 1;yield…' (async=true) [33m 334[2mms[22m[39m
validate / unit	UNKNOWN STEP	2026-09-12T19:08:58.6677472Z    [33m[2m✓[22m[39m retains for-of progress: 'let count=0;const iterable={[Symbol.a…' (async=true) [33m 392[2mms[22m[39m
validate / unit	UNKNOWN STEP	2026-09-12T19:08:58.6679050Z    [33m[2m✓[22m[39m retains for-of progress: 'const input=[1,2,3];for await(const v…' (async=true) [33m 412[2mms[22m[39m
validate / unit	UNKNOWN STEP	2026-09-12T19:08:58.6680652Z    [33m[2m✓[22m[39m retains for-of progress: 'let count=0;const input=[1,2,3];Objec…' (async=true) [33m 442[2mms[22m[39m
validate / unit	UNKNOWN STEP	2026-09-12T19:08:58.6682213Z    [33m[2m✓[22m[39m retains for-of progress: 'for await(const value of \'a😀c\')yie…' (async=true) [33m 318[2mms[22m[39m
validate / unit	UNKNOWN STEP	2026-09-12T19:08:58.6683741Z    [33m[2m✓[22m[39m retains for-of progress: 'const input=[1,2,3];for await(const v…' (async=true) [33m 335[2mms[22m[39m
validate / unit	UNKNOWN STEP	2026-09-12T19:09:00.5899197Z  [32m✓[39m packages/safe-js/src/interp/float32-every.test.ts [2m([22m[2m19 tests[22m[2m)[22m[33m 1857[2mms[22m[39m
validate / unit	UNKNOWN STEP	2026-09-12T19:09:00.5901087Z    [33m[2m✓[22m[39m preserves every through two snapshot round-trips [33m 518[2mms[22m[39m
validate / unit	UNKNOWN STEP	2026-09-12T19:09:01.6039787Z  [32m✓[39m packages/safe-js/src/interp/float32-reduce-right.test.ts [2m([22m[2m20 tests[22m[2m)[22m[33m 1956[2mms[22m[39m
validate / unit	UNKNOWN STEP	2026-09-12T19:09:01.6041408Z    [33m[2m✓[22m[39m preserves reduceRight through two snapshot round-trips [33m 533[2mms[22m[39m
validate / unit	UNKNOWN STEP	2026-09-12T19:09:03.5446812Z  [32m✓[39m packages/safe-js/src/interp/guest-proxy-set.test.ts [2m([22m[2m20 tests[22m[2m)[22m[33m 1036[2mms[22m[39m
validate / unit	UNKNOWN STEP	2026-09-12T19:09:04.9458350Z  [32m✓[39m packages/safe-js/src/interp/globals/group-by.test.ts [2m([22m[2m29 tests[22m[2m)[22m[33m 3326[2mms[22m[39m
validate / unit	UNKNOWN STEP	2026-09-12T19:09:04.9467374Z    [33m[2m✓[22m[39m preserves Object grouping across completed replay [33m 328[2mms[22m[39m
validate / unit	UNKNOWN STEP	2026-09-12T19:09:04.9469185Z    [33m[2m✓[22m[39m restores retained Object groups with aliases and key identity [33m 436[2mms[22m[39m
validate / unit	UNKNOWN STEP	2026-09-12T19:09:04.9473514Z    [33m[2m✓[22m[39m restores retained Map groups with aliases and key identity [33m 396[2mms[22m[39m
validate / unit	UNKNOWN STEP	2026-09-12T19:09:06.0831163Z  [32m✓[39m packages/safe-js/src/interp/globals/weakmap-upsert.test.ts [2m([22m[2m21 tests[22m[2m)[22m[33m 1648[2mms[22m[39m
validate / unit	UNKNOWN STEP	2026-09-12T19:09:07.6820816Z  [32m✓[39m packages/safe-js/src/interp/float32-last-index-of.test.ts [2m([22m[2m21 tests[22m[2m)[22m[33m 1766[2mms[22m[39m
validate / unit	UNKNOWN STEP	2026-09-12T19:09:07.6823140Z    [33m[2m✓[22m[39m preserves lastIndexOf through two snapshot round-trips [33m 493[2mms[22m[39m
validate / unit	UNKNOWN STEP	2026-09-12T19:09:08.7182937Z  [32m✓[39m packages/safe-js/src/interp/async-delegation-protocol.test.ts [2m([22m[2m13 tests[22m[2m)[22m[32m 118[2mms[22m[39m
validate / unit	UNKNOWN STEP	2026-09-12T19:09:08.8499040Z  [32m✓[39m packages/safe-js/src/interp/globals/weak-collections.test.ts [2m([22m[2m23 tests[22m[2m)[22m[33m 1856[2mms[22m[39m
validate / unit	UNKNOWN STEP	2026-09-12T19:09:08.8500012Z    [33m[2m✓[22m[39m replays a weak map with a strongly retained key through a checkpoint [33m 312[2mms[22m[39m
validate / unit	UNKNOWN STEP	2026-09-12T19:09:09.7557930Z  [32m✓[39m packages/safe-js/src/interp/temporal-plain-time-copy.test.ts [2m([22m[2m13 tests[22m[2m)[22m[32m 15[2mms[22m[39m
validate / unit	UNKNOWN STEP	2026-09-12T19:09:11.8657807Z  [32m✓[39m packages/safe-js/src/modules/namespace-exotics.test.ts [2m([22m[2m19 tests[22m[2m)[22m[33m 1168[2mms[22m[39m
validate / unit	UNKNOWN STEP	2026-09-12T19:09:11.8659490Z    [33m[2m✓[22m[39m preserves namespace semantics and shared export data through public replay [33m 309[2mms[22m[39m
validate / unit	UNKNOWN STEP	2026-09-12T19:09:11.8717733Z  [32m✓[39m packages/safe-js/src/interp/methods/string-locale-case.test.ts [2m([22m[2m34 tests[22m[2m)[22m[33m 2263[2mms[22m[39m
validate / unit	UNKNOWN STEP	2026-09-12T19:09:11.8719953Z    [33m[2m✓[22m[39m replays case mapping from a pending checkpoint [33m 318[2mms[22m[39m
validate / unit	UNKNOWN STEP	2026-09-12T19:09:13.7588360Z  [32m✓[39m packages/safe-js/src/snapshot/iterator-zip.test.ts [2m([22m[2m9 tests[22m[2m)[22m[33m 962[2mms[22m[39m
validate / unit	UNKNOWN STEP	2026-09-12T19:09:15.6429567Z  [32m✓[39m packages/safe-js/src/snapshot/resource-declarations.test.ts [2m([22m[2m11 tests[22m[2m)[22m[33m 2837[2mms[22m[39m
validate / unit	UNKNOWN STEP	2026-09-12T19:09:15.6431672Z    [33m[2m✓[22m[39m restores captured using resources in suspended generators [33m 497[2mms[22m[39m
validate / unit	UNKNOWN STEP	2026-09-12T19:09:15.6433458Z    [33m[2m✓[22m[39m restores captured await using resources in suspended generators [33m 308[2mms[22m[39m
validate / unit	UNKNOWN STEP	2026-09-12T19:09:18.7231089Z  [32m✓[39m packages/safe-js/src/interp/globals/temporal-plain-time-locale.test.ts [2m([22m[2m33 tests[22m[2m)[22m[33m 2174[2mms[22m[39m
validate / unit	UNKNOWN STEP	2026-09-12T19:09:19.7381263Z  [32m✓[39m packages/safe-js/src/run.completed-replay.test.ts [2m([22m[2m10 tests[22m[2m)[22m[33m 4987[2mms[22m[39m
validate / unit	UNKNOWN STEP	2026-09-12T19:09:19.7405919Z      [33m[2m✓[22m[39m preserves legacy terminal progression and records subsequent replay history [33m 376[2mms[22m[39m
validate / unit	UNKNOWN STEP	2026-09-12T19:09:19.7407962Z      [33m[2m✓[22m[39m replays 1 draws, original inputs, and completed host results [33m 364[2mms[22m[39m
validate / unit	UNKNOWN STEP	2026-09-12T19:09:19.7409642Z      [33m[2m✓[22m[39m replays 16 draws, original inputs, and completed host results [33m 611[2mms[22m[39m
validate / unit	UNKNOWN STEP	2026-09-12T19:09:19.7411289Z      [33m[2m✓[22m[39m replays 128 draws, original inputs, and completed host results [33m 2664[2mms[22m[39m
validate / unit	UNKNOWN STEP	2026-09-12T19:09:21.6205474Z  [32m✓[39m packages/safe-js/src/interp/globals/disposable-stack.test.ts [2m([22m[2m11 tests[22m[2m)[22m[33m 971[2mms[22m[39m
validate / unit	UNKNOWN STEP	2026-09-12T19:09:22.3778613Z  [32m✓[39m packages/safe-js/src/interp/methods/array-locale-string.test.ts [2m([22m[2m36 tests[22m[2m)[22m[33m 2771[2mms[22m[39m
validate / unit	UNKNOWN STEP	2026-09-12T19:09:22.3780734Z    [33m[2m✓[22m[39m replays array locale conversion from pending state [33m 336[2mms[22m[39m
validate / unit	UNKNOWN STEP	2026-09-12T19:09:24.2561697Z  [32m✓[39m packages/safe-js/src/interp/globals/json-reviver-proxy-traversal.test.ts [2m([22m[2m17 tests[22m[2m)[22m[33m 1725[2mms[22m[39m
validate / unit	UNKNOWN STEP	2026-09-12T19:09:25.2129459Z  [32m✓[39m packages/safe-js/src/interp/float32-reduce.test.ts [2m([22m[2m20 tests[22m[2m)[22m[33m 1847[2mms[22m[39m
validate / unit	UNKNOWN STEP	2026-09-12T19:09:25.2131240Z    [33m[2m✓[22m[39m preserves reduce through two snapshot round-trips [33m 469[2mms[22m[39m
validate / unit	UNKNOWN STEP	2026-09-12T19:09:28.8988994Z  [32m✓[39m packages/safe-js/src/interp/methods/regex-unicode-sets.test.ts [2m([22m[2m61 tests[22m[2m)[22m[33m 2731[2mms[22m[39m
validate / unit	UNKNOWN STEP	2026-09-12T19:09:28.8991238Z      [33m[2m✓[22m[39m preserves string-set captures and iterator positions through replay [33m 439[2mms[22m[39m
validate / unit	UNKNOWN STEP	2026-09-12T19:09:29.7679919Z  [32m✓[39m packages/safe-js/src/interp/methods/number-coercion.test.ts [2m([22m[2m92 tests[22m[2m)[22m[33m 4581[2mms[22m[39m
validate / unit	UNKNOWN STEP	2026-09-12T19:09:30.0204566Z  [32m✓[39m packages/safe-js/src/lint/rules/AS-unused-import.test.ts [2m([22m[2m14 tests[22m[2m)[22m[32m 22[2mms[22m[39m
validate / unit	UNKNOWN STEP	2026-09-12T19:09:30.7905066Z  [32m✓[39m packages/safe-js/src/interp/methods/string-is-well-formed.independent.test.ts [2m([22m[2m13 tests[22m[2m)[22m[33m 974[2mms[22m[39m
validate / unit	UNKNOWN STEP	2026-09-12T19:09:33.0017384Z  [32m✓[39m packages/safe-js/src/snapshot/completed-map-alias.test.ts [2m([22m[2m2 tests[22m[2m)[22m[33m 2080[2mms[22m[39m
validate / unit	UNKNOWN STEP	2026-09-12T19:09:33.0019608Z      [33m[2m✓[22m[39m matches native before and after two completed restores: 'captured Map value alias' [33m 889[2mms[22m[39m
validate / unit	UNKNOWN STEP	2026-09-12T19:09:33.0027602Z      [33m[2m✓[22m[39m matches native before and after two completed restores: 'collection cycles, sparse metadata an…' [33m 1188[2mms[22m[39m
validate / unit	UNKNOWN STEP	2026-09-12T19:09:33.6772375Z  [32m✓[39m packages/safe-js/src/interp/iterator-global.test.ts [2m([22m[2m29 tests[22m[2m)[22m[33m 1893[2mms[22m[39m
validate / unit	UNKNOWN STEP	2026-09-12T19:09:33.6775556Z    [33m[2m✓[22m[39m restores private wrapper state and cyclic custom properties [33m 323[2mms[22m[39m
validate / unit	UNKNOWN STEP	2026-09-12T19:09:35.5952875Z  [32m✓[39m packages/safe-js/src/interp/generator-result-realm.test.ts [2m([22m[2m9 tests[22m[2m)[22m[33m 1680[2mms[22m[39m
validate / unit	UNKNOWN STEP	2026-09-12T19:09:35.5978973Z    [33m[2m✓[22m[39m retains queued async generator result prototypes through public replay [33m 522[2mms[22m[39m
validate / unit	UNKNOWN STEP	2026-09-12T19:09:35.8280727Z  [32m✓[39m packages/safe-js/src/parse/hash.test.ts [2m([22m[2m33 tests[22m[2m)[22m[32m 37[2mms[22m[39m
validate / unit	UNKNOWN STEP	2026-09-12T19:09:35.9633035Z  [32m✓[39m packages/safe-js/src/external-checkpoint.test.ts [2m([22m[2m6 tests[22m[2m)[22m[33m 1104[2mms[22m[39m
validate / unit	UNKNOWN STEP	2026-09-12T19:09:35.9656032Z      [33m[2m✓[22m[39m restores a checkpoint requested while a re-issue host call is pending [33m 502[2mms[22m[39m
validate / unit	UNKNOWN STEP	2026-09-12T19:09:35.9657289Z      [33m[2m✓[22m[39m restores a checkpoint requested while a read-side-effect host call is pending [33m 353[2mms[22m[39m
validate / unit	UNKNOWN STEP	2026-09-12T19:09:36.9283627Z  [32m✓[39m packages/safe-js/src/interp/values-bookkeeping.test.ts [2m([22m[2m25 tests[22m[2m)[22m[32m 234[2mms[22m[39m
validate / unit	UNKNOWN STEP	2026-09-12T19:09:38.9374554Z  [32m✓[39m packages/safe-js/src/interp/globals/object-legacy-accessors.test.ts [2m([22m[2m30 tests[22m[2m)[22m[33m 2052[2mms[22m[39m
validate / unit	UNKNOWN STEP	2026-09-12T19:09:38.9377064Z    [33m[2m✓[22m[39m preserves a getter closure through a checkpoint [33m 322[2mms[22m[39m
validate / unit	UNKNOWN STEP	2026-09-12T19:09:39.4892263Z  [32m✓[39m packages/safe-js/src/interp/float32-with.test.ts [2m([22m[2m18 tests[22m[2m)[22m[33m 1657[2mms[22m[39m
validate / unit	UNKNOWN STEP	2026-09-12T19:09:39.4894012Z    [33m[2m✓[22m[39m preserves with through two snapshot round-trips without mutating the source [33m 504[2mms[22m[39m
validate / unit	UNKNOWN STEP	2026-09-12T19:09:41.1903385Z  [32m✓[39m packages/safe-js/src/interp/globals/temporal-plain-time-construction.test.ts [2m([22m[2m15 tests[22m[2m)[22m[33m 1376[2mms[22m[39m
validate / unit	UNKNOWN STEP	2026-09-12T19:09:42.2368195Z  [32m✓[39m packages/safe-js/src/interp/catch-finally.test.ts [2m([22m[2m26 tests[22m[2m)[22m[33m 1822[2mms[22m[39m
validate / unit	UNKNOWN STEP	2026-09-12T19:09:43.8607095Z  [32m✓[39m packages/safe-js/src/snapshot/class-constructor.test.ts [2m([22m[2m11 tests[22m[2m)[22m[33m 1768[2mms[22m[39m
validate / unit	UNKNOWN STEP	2026-09-12T19:09:43.8609362Z    [33m[2m✓[22m[39m restores constructors without repeating computed keys or static blocks [33m 400[2mms[22m[39m
validate / unit	UNKNOWN STEP	2026-09-12T19:09:44.9674750Z  [32m✓[39m packages/safe-js/src/interp/structured-clone-transfer.test.ts [2m([22m[2m29 tests[22m[2m)[22m[33m 1798[2mms[22m[39m
validate / unit	UNKNOWN STEP	2026-09-12T19:09:44.9678022Z    [33m[2m✓[22m[39m preserves transferred backing aliases and detached originals across public snapshots [33m 327[2mms[22m[39m
validate / unit	UNKNOWN STEP	2026-09-12T19:09:45.2050909Z  [32m✓[39m packages/safe-js/src/lint/rules/AS010.test.ts [2m([22m[2m13 tests[22m[2m)[22m[32m 32[2mms[22m[39m
validate / unit	UNKNOWN STEP	2026-09-12T19:09:46.4339563Z  [32m✓[39m packages/safe-js/src/interp/float32-define-coercion.test.ts [2m([22m[2m19 tests[22m[2m)[22m[33m 1650[2mms[22m[39m
validate / unit	UNKNOWN STEP	2026-09-12T19:09:46.4342155Z    [33m[2m✓[22m[39m preserves definitions through two snapshot round-trips [33m 504[2mms[22m[39m
validate / unit	UNKNOWN STEP	2026-09-12T19:09:47.3837154Z  [32m✓[39m packages/safe-js/src/interp/retained-root-accounting.test.ts [2m([22m[2m11 tests[22m[2m)[22m[33m 1250[2mms[22m[39m
validate / unit	UNKNOWN STEP	2026-09-12T19:09:49.3790694Z  [32m✓[39m packages/safe-js/src/lint/function-syntax.test.ts [2m([22m[2m41 tests[22m[2m)[22m[33m 1034[2mms[22m[39m
validate / unit	UNKNOWN STEP	2026-09-12T19:09:50.1222065Z  [32m✓[39m packages/safe-js/src/parse/keyword-methods.test.ts [2m([22m[2m75 tests[22m[2m)[22m[33m 2748[2mms[22m[39m
validate / unit	UNKNOWN STEP	2026-09-12T19:09:51.9239393Z  [32m✓[39m packages/safe-js/src/interp/function-apply-array-like.test.ts [2m([22m[2m22 tests[22m[2m)[22m[33m 1644[2mms[22m[39m
validate / unit	UNKNOWN STEP	2026-09-12T19:09:51.9241455Z    [33m[2m✓[22m[39m replays an applied async function across a pending effect [33m 387[2mms[22m[39m
validate / unit	UNKNOWN STEP	2026-09-12T19:09:53.8885581Z  [32m✓[39m packages/safe-js/src/interp/string-conversion-parity.test.ts [2m([22m[2m35 tests[22m[2m)[22m[33m 2775[2mms[22m[39m
validate / unit	UNKNOWN STEP	2026-09-12T19:09:53.8887668Z      [33m[2m✓[22m[39m preserves inherited hooks in completed replay and a persistent realm [33m 315[2mms[22m[39m
validate / unit	UNKNOWN STEP	2026-09-12T19:09:53.8889087Z      [33m[2m✓[22m[39m preserves retained custom prototypes through checkpoint replay [33m 314[2mms[22m[39m
validate / unit	UNKNOWN STEP	2026-09-12T19:09:54.5697963Z  [32m✓[39m packages/safe-js/src/interp/float32-for-each.test.ts [2m([22m[2m17 tests[22m[2m)[22m[33m 1710[2mms[22m[39m
validate / unit	UNKNOWN STEP	2026-09-12T19:09:54.5699728Z    [33m[2m✓[22m[39m preserves forEach through two snapshot round-trips [33m 532[2mms[22m[39m
validate / unit	UNKNOWN STEP	2026-09-12T19:09:56.2907976Z  [32m✓[39m packages/safe-js/src/interp/globals/error-prototype-lifetime.test.ts [2m([22m[2m13 tests[22m[2m)[22m[33m 1433[2mms[22m[39m
validate / unit	UNKNOWN STEP	2026-09-12T19:09:56.2910223Z    [33m[2m✓[22m[39m preserves an exported Error factory through public replay and later cleanup [33m 329[2mms[22m[39m
validate / unit	UNKNOWN STEP	2026-09-12T19:09:57.1676477Z  [32m✓[39m packages/safe-js/src/interp/globals/temporal-plain-time-conversion.test.ts [2m([22m[2m24 tests[22m[2m)[22m[33m 1735[2mms[22m[39m
validate / unit	UNKNOWN STEP	2026-09-12T19:09:57.2331334Z  [32m✓[39m packages/safe-js/src/snapshot/replay-inputs.test.ts [2m([22m[2m13 tests[22m[2m)[22m[32m 26[2mms[22m[39m
validate / unit	UNKNOWN STEP	2026-09-12T19:09:58.0329021Z  [32m✓[39m packages/safe-js/src/interp/intrinsic-retained-roots-cache.test.ts [2m([22m[2m6 tests[22m[2m)[22m[32m 13[2mms[22m[39m
validate / unit	UNKNOWN STEP	2026-09-12T19:10:00.2772788Z  [32m✓[39m packages/safe-js/src/interp/global-object.test.ts [2m([22m[2m73 tests[22m[2m)[22m[33m 2197[2mms[22m[39m
validate / unit	UNKNOWN STEP	2026-09-12T19:10:00.5987593Z  [32m✓[39m packages/safe-js/src/interp/float32-index-of.test.ts [2m([22m[2m20 tests[22m[2m)[22m[33m 1661[2mms[22m[39m
validate / unit	UNKNOWN STEP	2026-09-12T19:10:00.5992166Z    [33m[2m✓[22m[39m preserves indexOf through two snapshot round-trips [33m 510[2mms[22m[39m
validate / unit	UNKNOWN STEP	2026-09-12T19:10:00.8168341Z  [32m✓[39m packages/safe-js/src/lint/rules/AS009.test.ts [2m([22m[2m12 tests[22m[2m)[22m[32m 20[2mms[22m[39m
validate / unit	UNKNOWN STEP	2026-09-12T19:10:02.5486277Z  [32m✓[39m packages/safe-js/src/interp/promise-import-string-properties.test.ts [2m([22m[2m14 tests[22m[2m)[22m[33m 1170[2mms[22m[39m
validate / unit	UNKNOWN STEP	2026-09-12T19:10:02.5488641Z    [33m[2m✓[22m[39m exposes copied Promise data to guest property reads without changing settlement [33m 358[2mms[22m[39m
validate / unit	UNKNOWN STEP	2026-09-12T19:10:03.1145073Z  [32m✓[39m packages/safe-js/src/interp/globals/temporal-now.test.ts [2m([22m[2m14 tests[22m[2m)[22m[33m 1413[2mms[22m[39m
validate / unit	UNKNOWN STEP	2026-09-12T19:10:03.4115577Z  [32m✓[39m packages/safe-js/src/dump.test.ts [2m([22m[2m11 tests[22m[2m)[22m[32m 26[2mms[22m[39m
validate / unit	UNKNOWN STEP	2026-09-12T19:10:05.1338091Z  [32m✓[39m packages/safe-js/src/interp/string-iterator-prototype.test.ts [2m([22m[2m20 tests[22m[2m)[22m[33m 1162[2mms[22m[39m
validate / unit	UNKNOWN STEP	2026-09-12T19:10:05.8041341Z  [32m✓[39m packages/safe-js/src/parse/contextual-from.test.ts [2m([22m[2m45 tests[22m[2m)[22m[33m 1503[2mms[22m[39m
validate / unit	UNKNOWN STEP	2026-09-12T19:10:08.1885291Z  [32m✓[39m packages/safe-js/src/interp/methods/regex-symbol-matchall.test.ts [2m([22m[2m19 tests[22m[2m)[22m[33m 2135[2mms[22m[39m
validate / unit	UNKNOWN STEP	2026-09-12T19:10:08.1893512Z      [33m[2m✓[22m[39m preserves lazy matcher state through checkpoint replay: const iterator=RegExp.prototype[Symbol.matchAll].call({flags:'',lastIndex:0,constructor:{[Symbol.species]:function(){return /a/g}}},'aba');await 0;return [iterator.next().value.index,iterator.next().done]; [33m 331[2mms[22m[39m
validate / unit	UNKNOWN STEP	2026-09-12T19:10:11.4469015Z  [32m✓[39m packages/safe-js/src/interp/regexp-iterator-prototype.test.ts [2m([22m[2m35 tests[22m[2m)[22m[33m 2333[2mms[22m[39m
validate / unit	UNKNOWN STEP	2026-09-12T19:10:13.6111224Z  [32m✓[39m packages/safe-js/src/host-callback-receiver.test.ts [2m([22m[2m16 tests[22m[2m)[22m[33m 1300[2mms[22m[39m
validate / unit	UNKNOWN STEP	2026-09-12T19:10:13.6113350Z    [33m[2m✓[22m[39m validates receiver 3 when re-issuing a pending callback [33m 307[2mms[22m[39m
validate / unit	UNKNOWN STEP	2026-09-12T19:10:14.5016407Z  [32m✓[39m packages/safe-js/src/interp/host-digest-representation.test.ts [2m([22m[2m10 tests[22m[2m)[22m[32m 12[2mms[22m[39m
validate / unit	UNKNOWN STEP	2026-09-12T19:10:16.5114675Z  [32m✓[39m packages/safe-js/src/interp/globals/async-disposable-stack.test.ts [2m([22m[2m11 tests[22m[2m)[22m[33m 1170[2mms[22m[39m
validate / unit	UNKNOWN STEP	2026-09-12T19:10:18.9855094Z  [32m✓[39m packages/safe-js/src/interp/structured-clone-errors.test.ts [2m([22m[2m25 tests[22m[2m)[22m[33m 1607[2mms[22m[39m
validate / unit	UNKNOWN STEP	2026-09-12T19:10:18.9856879Z    [33m[2m✓[22m[39m preserves cyclic error causes and descriptors across public snapshots [33m 305[2mms[22m[39m
validate / unit	UNKNOWN STEP	2026-09-12T19:10:21.0062039Z  [32m✓[39m packages/safe-js/src/snapshot/guest-generator-catch-iterator.test.ts [2m([22m[2m28 tests[22m[2m)[22m[33m 14290[2mms[22m[39m
validate / unit	UNKNOWN STEP	2026-09-12T19:10:21.0063238Z    [33m[2m✓[22m[39m restores an async function awaiting in its catch parameter [33m 458[2mms[22m[39m
validate / unit	UNKNOWN STEP	2026-09-12T19:10:21.0064705Z    [33m[2m✓[22m[39m restores catch binding and body: 'try{throw new Set([1,2])}catch([a,b])…' async=false [33m 768[2mms[22m[39m
validate / unit	UNKNOWN STEP	2026-09-12T19:10:21.0066930Z    [33m[2m✓[22m[39m restores catch binding and body: 'try{throw new Set([1,2])}catch([a,b])…' async=true [33m 657[2mms[22m[39m
validate / unit	UNKNOWN STEP	2026-09-12T19:10:21.0067954Z    [33m[2m✓[22m[39m restores catch binding and body: 'let closed=0;function* input(){try{yi…' async=false [33m 570[2mms[22m[39m
validate / unit	UNKNOWN STEP	2026-09-12T19:10:21.0069405Z    [33m[2m✓[22m[39m restores catch binding and body: 'let closed=0;function* input(){try{yi…' async=true [33m 621[2mms[22m[39m
validate / unit	UNKNOWN STEP	2026-09-12T19:10:21.0073180Z    [33m[2m✓[22m[39m restores catch binding and body: 'try{throw [1,undefined]}catch([a,b=yi…' async=false [33m 645[2mms[22m[39m
validate / unit	UNKNOWN STEP	2026-09-12T19:10:21.0074618Z    [33m[2m✓[22m[39m restores catch binding and body: 'try{throw [1,undefined]}catch([a,b=yi…' async=true [33m 579[2mms[22m[39m
validate / unit	UNKNOWN STEP	2026-09-12T19:10:21.0076288Z    [33m[2m✓[22m[39m restores catch binding and body: 'try{throw new Set([1,undefined])}catc…' async=false [33m 619[2mms[22m[39m
validate / unit	UNKNOWN STEP	2026-09-12T19:10:21.0078383Z    [33m[2m✓[22m[39m restores catch binding and body: 'try{throw new Set([1,undefined])}catc…' async=true [33m 551[2mms[22m[39m
validate / unit	UNKNOWN STEP	2026-09-12T19:10:21.0080047Z    [33m[2m✓[22m[39m restores catch binding and body: 'let calls=0;try{calls++;throw {a:1}}c…' async=false [33m 661[2mms[22m[39m
validate / unit	UNKNOWN STEP	2026-09-12T19:10:21.0082007Z    [33m[2m✓[22m[39m restores catch binding and body: 'let calls=0;try{calls++;throw {a:1}}c…' async=true [33m 624[2mms[22m[39m
validate / unit	UNKNOWN STEP	2026-09-12T19:10:21.0083918Z    [33m[2m✓[22m[39m restores catch binding and body: 'try{throw {a:1}}catch({a,[yield 3]:b}…' async=false [33m 603[2mms[22m[39m
validate / unit	UNKNOWN STEP	2026-09-12T19:10:21.0085901Z    [33m[2m✓[22m[39m restores catch binding and body: 'try{throw {a:1}}catch({a,[yield 3]:b}…' async=true [33m 586[2mms[22m[39m
validate / unit	UNKNOWN STEP	2026-09-12T19:10:21.0087348Z    [33m[2m✓[22m[39m restores catch binding and body: 'let calls=0;try{calls++;throw new Set…' async=false [33m 521[2mms[22m[39m
validate / unit	UNKNOWN STEP	2026-09-12T19:10:21.0089029Z    [33m[2m✓[22m[39m restores catch binding and body: 'let calls=0;try{calls++;throw new Set…' async=true [33m 613[2mms[22m[39m
validate / unit	UNKNOWN STEP	2026-09-12T19:10:21.0090459Z    [33m[2m✓[22m[39m restores catch binding and body: 'try{throw new Set([1,2])}catch([a]){t…' async=false [33m 699[2mms[22m[39m
validate / unit	UNKNOWN STEP	2026-09-12T19:10:21.0091921Z    [33m[2m✓[22m[39m restores catch binding and body: 'try{throw new Set([1,2])}catch([a]){t…' async=true [33m 572[2mms[22m[39m
validate / unit	UNKNOWN STEP	2026-09-12T19:10:21.0093724Z    [33m[2m✓[22m[39m restores catch binding and body: 'try{throw []}catch([a=yield 1,b=yield…' async=false [33m 549[2mms[22m[39m
validate / unit	UNKNOWN STEP	2026-09-12T19:10:21.0095575Z    [33m[2m✓[22m[39m restores catch binding and body: 'try{throw []}catch([a=yield 1,b=yield…' async=true [33m 579[2mms[22m[39m
validate / unit	UNKNOWN STEP	2026-09-12T19:10:21.0097614Z    [33m[2m✓[22m[39m restores catch binding and body: 'try{throw {}}catch({a=yield 1,b=yield…' async=false [33m 591[2mms[22m[39m
validate / unit	UNKNOWN STEP	2026-09-12T19:10:21.0099404Z    [33m[2m✓[22m[39m restores catch binding and body: 'try{throw {}}catch({a=yield 1,b=yield…' async=true [33m 593[2mms[22m[39m
validate / unit	UNKNOWN STEP	2026-09-12T19:10:21.0101179Z    [33m[2m✓[22m[39m restores catch binding and body: 'let read;try{throw [1]}catch([a,b=(re…' async=false [33m 568[2mms[22m[39m
validate / unit	UNKNOWN STEP	2026-09-12T19:10:21.0102941Z    [33m[2m✓[22m[39m restores catch binding and body: 'let read;try{throw [1]}catch([a,b=(re…' async=true [33m 564[2mms[22m[39m
validate / unit	UNKNOWN STEP	2026-09-12T19:10:21.5609242Z  [32m✓[39m packages/safe-js/src/interp/guest-proxy-copy.test.ts [2m([22m[2m31 tests[22m[2m)[22m[33m 1752[2mms[22m[39m
validate / unit	UNKNOWN STEP	2026-09-12T19:10:22.9244687Z  [32m✓[39m packages/safe-js/test/final-async-proof-disposition.test.ts [2m([22m[2m2 tests[22m[2m)[22m[33m 805[2mms[22m[39m
validate / unit	UNKNOWN STEP	2026-09-12T19:10:22.9247177Z    [33m[2m✓[22m[39m retains actual 'joined' disposition [33m 487[2mms[22m[39m
validate / unit	UNKNOWN STEP	2026-09-12T19:10:22.9258121Z    [33m[2m✓[22m[39m retains actual 'detached' disposition [33m 316[2mms[22m[39m
validate / unit	UNKNOWN STEP	2026-09-12T19:10:25.5188672Z  [32m✓[39m packages/safe-js/src/run.new-settlement-promise.test.ts [2m([22m[2m9 tests[22m[2m)[22m[33m 2864[2mms[22m[39m
validate / unit	UNKNOWN STEP	2026-09-12T19:10:26.3379167Z    [33m[2m✓[22m[39m replays a newly encountered fulfilled Promise and its aliases [33m 623[2mms[22m[39m
validate / unit	UNKNOWN STEP	2026-09-12T19:10:26.3380724Z    [33m[2m✓[22m[39m replays a newly encountered rejected Promise and its aliases [33m 351[2mms[22m[39m
validate / unit	UNKNOWN STEP	2026-09-12T19:10:26.3382207Z    [33m[2m✓[22m[39m preserves shared settlement identity when awaiting first first [33m 322[2mms[22m[39m
validate / unit	UNKNOWN STEP	2026-09-12T19:10:26.3383885Z  [32m✓[39m packages/safe-js/src/interp/globals/temporal-duration-round.test.ts [2m([22m[2m42 tests[22m[2m)[22m[33m 2464[2mms[22m[39m
validate / unit	UNKNOWN STEP	2026-09-12T19:10:26.5744600Z  [32m✓[39m packages/safe-js/src/loader/find-exported.test.ts [2m([22m[2m14 tests[22m[2m)[22m[32m 19[2mms[22m[39m
validate / unit	UNKNOWN STEP	2026-09-12T19:10:28.8400712Z  [32m✓[39m packages/safe-js/src/interp/float32-to-locale-string.test.ts [2m([22m[2m15 tests[22m[2m)[22m[33m 1313[2mms[22m[39m
validate / unit	UNKNOWN STEP	2026-09-12T19:10:28.8404160Z    [33m[2m✓[22m[39m preserves locale formatting through two snapshot round-trips [33m 468[2mms[22m[39m
validate / unit	UNKNOWN STEP	2026-09-12T19:10:30.0551623Z  [32m✓[39m packages/safe-js/src/interp/host-digest-tojson.test.ts [2m([22m[2m9 tests[22m[2m)[22m[33m 3410[2mms[22m[39m
validate / unit	UNKNOWN STEP	2026-09-12T19:10:30.0553704Z      [33m[2m✓[22m[39m preserves record callbacks with explicit host invocation false [33m 667[2mms[22m[39m
validate / unit	UNKNOWN STEP	2026-09-12T19:10:30.0561500Z      [33m[2m✓[22m[39m preserves record callbacks with explicit host invocation true [33m 384[2mms[22m[39m
validate / unit	UNKNOWN STEP	2026-09-12T19:10:30.0568766Z      [33m[2m✓[22m[39m preserves named array callbacks with explicit host invocation false [33m 415[2mms[22m[39m
validate / unit	UNKNOWN STEP	2026-09-12T19:10:30.0575027Z      [33m[2m✓[22m[39m preserves named array callbacks with explicit host invocation true [33m 355[2mms[22m[39m
validate / unit	UNKNOWN STEP	2026-09-12T19:10:30.0576906Z      [33m[2m✓[22m[39m preserves indexed record callbacks with explicit host invocation false [33m 340[2mms[22m[39m
validate / unit	UNKNOWN STEP	2026-09-12T19:10:30.0578655Z      [33m[2m✓[22m[39m preserves indexed record callbacks with explicit host invocation true [33m 340[2mms[22m[39m
validate / unit	UNKNOWN STEP	2026-09-12T19:10:30.0580321Z      [33m[2m✓[22m[39m preserves nested record callbacks with explicit host invocation false [33m 319[2mms[22m[39m
validate / unit	UNKNOWN STEP	2026-09-12T19:10:30.0581957Z      [33m[2m✓[22m[39m preserves nested record callbacks with explicit host invocation true [33m 320[2mms[22m[39m
validate / unit	UNKNOWN STEP	2026-09-12T19:10:31.9369939Z  [32m✓[39m packages/safe-js/src/interp/guest-proxy-own-keys.test.ts [2m([22m[2m20 tests[22m[2m)[22m[33m 961[2mms[22m[39m
validate / unit	UNKNOWN STEP	2026-09-12T19:10:34.3400473Z  [32m✓[39m packages/safe-js/src/interp/float32-includes.test.ts [2m([22m[2m17 tests[22m[2m)[22m[33m 1524[2mms[22m[39m
validate / unit	UNKNOWN STEP	2026-09-12T19:10:34.3417580Z    [33m[2m✓[22m[39m preserves includes through two snapshot round-trips [33m 496[2mms[22m[39m
validate / unit	UNKNOWN STEP	2026-09-12T19:10:36.6177737Z  [32m✓[39m packages/safe-js/src/interp/float32-to-reversed.test.ts [2m([22m[2m15 tests[22m[2m)[22m[33m 1307[2mms[22m[39m
validate / unit	UNKNOWN STEP	2026-09-12T19:10:36.6186936Z    [33m[2m✓[22m[39m preserves toReversed through two snapshot round-trips [33m 472[2mms[22m[39m
validate / unit	UNKNOWN STEP	2026-09-12T19:10:39.4477160Z  [32m✓[39m packages/safe-js/src/interp/collection-iterator-prototype.test.ts [2m([22m[2m31 tests[22m[2m)[22m[33m 1898[2mms[22m[39m
validate / unit	UNKNOWN STEP	2026-09-12T19:10:39.7555236Z  [32m✓[39m packages/safe-js/src/interp/methods/string.match-no-match.independent.test.ts [2m([22m[2m189 tests[22m[2m)[22m[33m 10054[2mms[22m[39m
validate / unit	UNKNOWN STEP	2026-09-12T19:10:42.3478561Z  [32m✓[39m packages/safe-js/src/interp/globals/temporal-instant-construction.test.ts [2m([22m[2m26 tests[22m[2m)[22m[33m 1714[2mms[22m[39m
validate / unit	UNKNOWN STEP	2026-09-12T19:10:42.3480556Z    [33m[2m✓[22m[39m coerces with the number hint and preserves subclasses through public replay [33m 334[2mms[22m[39m
validate / unit	UNKNOWN STEP	2026-09-12T19:10:44.8010261Z  [32m✓[39m packages/safe-js/test/ppr2-integration-history.test.ts [2m([22m[2m40 tests[22m[2m)[22m[33m 4245[2mms[22m[39m
validate / unit	UNKNOWN STEP	2026-09-12T19:10:45.0801424Z  [32m✓[39m packages/safe-js/src/interp/regexp-match-payload-realm.test.ts [2m([22m[2m11 tests[22m[2m)[22m[33m 1870[2mms[22m[39m
validate / unit	UNKNOWN STEP	2026-09-12T19:10:46.0936181Z  [32m✓[39m packages/safe-js/src/interp/budget-realm-views.test.ts [2m([22m[2m7 tests[22m[2m)[22m[32m 136[2mms[22m[39m
validate / unit	UNKNOWN STEP	2026-09-12T19:10:48.5417330Z  [32m✓[39m packages/safe-js/src/run.pending-imported-promise.test.ts [2m([22m[2m5 tests[22m[2m)[22m[33m 2617[2mms[22m[39m
validate / unit	UNKNOWN STEP	2026-09-12T19:10:48.5437272Z    [33m[2m✓[22m[39m reconciles an aliased pending Promise once with a fulfilled outcome [33m 635[2mms[22m[39m
validate / unit	UNKNOWN STEP	2026-09-12T19:10:48.5439169Z    [33m[2m✓[22m[39m reconciles an aliased pending Promise once with a rejected outcome [33m 386[2mms[22m[39m
validate / unit	UNKNOWN STEP	2026-09-12T19:10:48.5441045Z    [33m[2m✓[22m[39m checkpoints a pending Promise from input and reconciles it without repeating its source [33m 496[2mms[22m[39m
validate / unit	UNKNOWN STEP	2026-09-12T19:10:48.5443518Z    [33m[2m✓[22m[39m checkpoints a pending Promise from sync host and reconciles it without repeating its source [33m 577[2mms[22m[39m
validate / unit	UNKNOWN STEP	2026-09-12T19:10:48.5445257Z    [33m[2m✓[22m[39m checkpoints a pending Promise from async host and reconciles it without repeating its source [33m 520[2mms[22m[39m
validate / unit	UNKNOWN STEP	2026-09-12T19:10:48.6176003Z  [32m✓[39m packages/safe-js/src/interp/float32-index-coercion.test.ts [2m([22m[2m20 tests[22m[2m)[22m[33m 1599[2mms[22m[39m
validate / unit	UNKNOWN STEP	2026-09-12T19:10:48.6178138Z    [33m[2m✓[22m[39m preserves object conversion through two snapshot round-trips [33m 510[2mms[22m[39m
validate / unit	UNKNOWN STEP	2026-09-12T19:10:48.8248086Z  [32m✓[39m packages/safe-js/src/lint/rules/AS-import-cycle.test.ts [2m([22m[2m6 tests[22m[2m)[22m[32m 13[2mms[22m[39m
validate / unit	UNKNOWN STEP	2026-09-12T19:10:51.1452543Z  [32m✓[39m packages/safe-js/src/interp/float32-some.test.ts [2m([22m[2m17 tests[22m[2m)[22m[33m 1717[2mms[22m[39m
validate / unit	UNKNOWN STEP	2026-09-12T19:10:51.1454608Z    [33m[2m✓[22m[39m preserves some through two snapshot round-trips [33m 512[2mms[22m[39m
validate / unit	UNKNOWN STEP	2026-09-12T19:10:51.4686422Z  [32m✓[39m packages/safe-js/src/run.host-regexp-import.test.ts [2m([22m[2m12 tests[22m[2m)[22m[33m 1581[2mms[22m[39m
validate / unit	UNKNOWN STEP	2026-09-12T19:10:51.4708532Z    [33m[2m✓[22m[39m imports native RegExp through binding without using the host matcher [33m 404[2mms[22m[39m
validate / unit	UNKNOWN STEP	2026-09-12T19:10:53.3937659Z  [32m✓[39m packages/safe-js/src/interp/structured-clone-accessors.test.ts [2m([22m[2m17 tests[22m[2m)[22m[33m 1337[2mms[22m[39m
validate / unit	UNKNOWN STEP	2026-09-12T19:10:53.3939586Z    [33m[2m✓[22m[39m preserves getter-created cyclic graphs and transferred backing identity across public snapshots [33m 337[2mms[22m[39m
validate / unit	UNKNOWN STEP	2026-09-12T19:10:55.8228286Z  [32m✓[39m packages/safe-js/src/interp/globals/array-subclass-construction.test.ts [2m([22m[2m29 tests[22m[2m)[22m[33m 1565[2mms[22m[39m
validate / unit	UNKNOWN STEP	2026-09-12T19:10:55.8230180Z    [33m[2m✓[22m[39m preserves factory subclass identity on completed replay [33m 387[2mms[22m[39m
validate / unit	UNKNOWN STEP	2026-09-12T19:10:56.8469033Z  [32m✓[39m packages/safe-js/src/snapshot/weak-collection.test.ts [2m([22m[2m13 tests[22m[2m)[22m[32m 138[2mms[22m[39m
validate / unit	UNKNOWN STEP	2026-09-12T19:10:59.2075876Z  [32m✓[39m packages/safe-js/src/interp/globals/iterator-concat.test.ts [2m([22m[2m21 tests[22m[2m)[22m[33m 1519[2mms[22m[39m
validate / unit	UNKNOWN STEP	2026-09-12T19:11:00.5796816Z  [32m✓[39m packages/safe-js/src/interp/class-default-exports.test.ts [2m([22m[2m21 tests[22m[2m)[22m[33m 449[2mms[22m[39m
validate / unit	UNKNOWN STEP	2026-09-12T19:11:00.5798102Z      [33m[2m✓[22m[39m keeps a reassigned default binding live after a checkpoint [33m 387[2mms[22m[39m
validate / unit	UNKNOWN STEP	2026-09-12T19:11:03.7326840Z  [32m✓[39m packages/safe-js/src/snapshot/symbol-registry.test.ts [2m([22m[2m13 tests[22m[2m)[22m[33m 2283[2mms[22m[39m
validate / unit	UNKNOWN STEP	2026-09-12T19:11:03.7328004Z    [33m[2m✓[22m[39m restores symbol registry identity: const symbol=Symbol.for('key');return ()=>[symbol===Symbol.for('key'),Symbol.keyFor(symbol)] [33m 383[2mms[22m[39m
validate / unit	UNKNOWN STEP	2026-09-12T19:11:03.7329367Z    [33m[2m✓[22m[39m restores independent registries without sharing symbols between runs [33m 316[2mms[22m[39m
validate / unit	UNKNOWN STEP	2026-09-12T19:11:06.0697929Z  [32m✓[39m packages/safe-js/src/interp/generator-templates.test.ts [2m([22m[2m16 tests[22m[2m)[22m[33m 1433[2mms[22m[39m
validate / unit	UNKNOWN STEP	2026-09-12T19:11:09.4858253Z  [32m✓[39m packages/safe-js/src/interp/methods/regex-last-index.test.ts [2m([22m[2m287 tests[22m[2m)[22m[33m 17074[2mms[22m[39m
validate / unit	UNKNOWN STEP	2026-09-12T19:11:10.2547010Z  [32m✓[39m packages/safe-js/src/interp/methods/regex-unicode.test.ts [2m([22m[2m64 tests[22m[2m)[22m[33m 3262[2mms[22m[39m
validate / unit	UNKNOWN STEP	2026-09-12T19:11:10.2575579Z      [33m[2m✓[22m[39m preserves Unicode iterator advancement through checkpoint replay [33m 355[2mms[22m[39m
validate / unit	UNKNOWN STEP	2026-09-12T19:11:12.7864691Z  [32m✓[39m packages/safe-js/src/interp/globals/regex-compile.test.ts [2m([22m[2m24 tests[22m[2m)[22m[33m 1570[2mms[22m[39m
validate / unit	UNKNOWN STEP	2026-09-12T19:11:12.7866329Z    [33m[2m✓[22m[39m replays a recompiled regex with aliases and own properties [33m 301[2mms[22m[39m
validate / unit	UNKNOWN STEP	2026-09-12T19:11:14.5431006Z  [32m✓[39m packages/safe-js/src/interp/guest-proxy-construct.test.ts [2m([22m[2m19 tests[22m[2m)[22m[33m 905[2mms[22m[39m
validate / unit	UNKNOWN STEP	2026-09-12T19:11:17.8526686Z  [32m✓[39m packages/safe-js/src/interp/globals/reflection-creation-realm.test.ts [2m([22m[2m21 tests[22m[2m)[22m[33m 2412[2mms[22m[39m
validate / unit	UNKNOWN STEP	2026-09-12T19:11:19.5789564Z  [32m✓[39m packages/safe-js/src/lint/known-globals-mc-001-validation.test.ts [2m([22m[2m22 tests[22m[2m)[22m[33m 712[2mms[22m[39m
validate / unit	UNKNOWN STEP	2026-09-12T19:11:21.2812863Z  [32m✓[39m packages/safe-js/src/run.array-own-metadata.test.ts [2m([22m[2m12 tests[22m[2m)[22m[33m 843[2mms[22m[39m
validate / unit	UNKNOWN STEP	2026-09-12T19:11:23.7124821Z  [32m✓[39m packages/safe-js/src/checkpoint-views-validation.test.ts [2m([22m[2m2 tests[22m[2m)[22m[33m 1304[2mms[22m[39m
validate / unit	UNKNOWN STEP	2026-09-12T19:11:23.7126734Z      [33m[2m✓[22m[39m retains serialized state and restores actual file bytes after complete [33m 792[2mms[22m[39m
validate / unit	UNKNOWN STEP	2026-09-12T19:11:23.7128006Z      [33m[2m✓[22m[39m retains serialized state and restores actual file bytes after cancel [33m 509[2mms[22m[39m
validate / unit	UNKNOWN STEP	2026-09-12T19:11:25.8991869Z  [32m✓[39m packages/safe-js/src/interp/methods/regex-metadata-order.independent.test.ts [2m([22m[2m169 tests[22m[2m)[22m[33m 15503[2mms[22m[39m
validate / unit	UNKNOWN STEP	2026-09-12T19:11:25.8993871Z      [33m[2m✓[22m[39m 'matchAll' /'(?:)'/'g' preserves native keys, numeric indices and own undefined [33m 302[2mms[22m[39m
validate / unit	UNKNOWN STEP	2026-09-12T19:11:26.1478892Z  [32m✓[39m packages/safe-js/src/interp/float32-find-last.test.ts [2m([22m[2m16 tests[22m[2m)[22m[33m 1553[2mms[22m[39m
validate / unit	UNKNOWN STEP	2026-09-12T19:11:26.1479804Z    [33m[2m✓[22m[39m preserves findLast through two snapshot round-trips [33m 487[2mms[22m[39m
validate / unit	UNKNOWN STEP	2026-09-12T19:11:26.8898822Z  [32m✓[39m packages/safe-js/src/snapshot/regexp-properties.test.ts [2m([22m[2m19 tests[22m[2m)[22m[32m 54[2mms[22m[39m
validate / unit	UNKNOWN STEP	2026-09-12T19:11:27.9135938Z  [32m✓[39m packages/safe-js/src/interp/shared-host-budget.test.ts [2m([22m[2m4 tests[22m[2m)[22m[32m 137[2mms[22m[39m
validate / unit	UNKNOWN STEP	2026-09-12T19:11:28.1275986Z  [32m✓[39m packages/safe-js/src/error/format.test.ts [2m([22m[2m10 tests[22m[2m)[22m[32m 17[2mms[22m[39m
validate / unit	UNKNOWN STEP	2026-09-12T19:11:28.5949428Z  [32m✓[39m packages/safe-js/src/interp/float32-find-last-index.test.ts [2m([22m[2m15 tests[22m[2m)[22m[33m 1533[2mms[22m[39m
validate / unit	UNKNOWN STEP	2026-09-12T19:11:28.5951534Z    [33m[2m✓[22m[39m preserves findLastIndex through two snapshot round-trips [33m 512[2mms[22m[39m
validate / unit	UNKNOWN STEP	2026-09-12T19:11:31.1305267Z  [32m✓[39m packages/safe-js/src/interp/globals/temporal-instant-difference.test.ts [2m([22m[2m26 tests[22m[2m)[22m[33m 1999[2mms[22m[39m
validate / unit	UNKNOWN STEP	2026-09-12T19:11:31.1307599Z    [33m[2m✓[22m[39m preserves difference results in completed replay [33m 318[2mms[22m[39m
validate / unit	UNKNOWN STEP	2026-09-12T19:11:31.4362311Z  [32m✓[39m packages/safe-js/src/interp/object-generator-methods.test.ts [2m([22m[2m32 tests[22m[2m)[22m[33m 1836[2mms[22m[39m
validate / unit	UNKNOWN STEP	2026-09-12T19:11:31.4364578Z      [33m[2m✓[22m[39m restores a suspended method with its home object [33m 456[2mms[22m[39m
validate / unit	UNKNOWN STEP	2026-09-12T19:11:32.4106754Z  [32m✓[39m packages/safe-js/src/interp/budget.compile-guard.test.ts [2m([22m[2m6 tests[22m[2m)[22m[32m 13[2mms[22m[39m
validate / unit	UNKNOWN STEP	2026-09-12T19:11:33.1883863Z  [32m✓[39m packages/safe-js/src/interp/globals/suppressed-error.test.ts [2m([22m[2m13 tests[22m[2m)[22m[33m 1079[2mms[22m[39m
validate / unit	UNKNOWN STEP	2026-09-12T19:11:33.1887355Z    [33m[2m✓[22m[39m preserves payload aliases and brands through JSON snapshots [33m 341[2mms[22m[39m
validate / unit	UNKNOWN STEP	2026-09-12T19:11:33.4168541Z  [32m✓[39m packages/safe-js/src/interp/temporal-zoned-date-time.test.ts [2m([22m[2m19 tests[22m[2m)[22m[32m 19[2mms[22m[39m
validate / unit	UNKNOWN STEP	2026-09-12T19:11:40.8443530Z  [32m✓[39m packages/safe-js/src/snapshot/guest-generator-delegation.test.ts [2m([22m[2m20 tests[22m[2m)[22m[33m 6466[2mms[22m[39m
validate / unit	UNKNOWN STEP	2026-09-12T19:11:40.8445365Z    [33m[2m✓[22m[39m preserves delegated iteration: 'let count=0;function input(){count++;…' (async=false, operation='next') [33m 583[2mms[22m[39m
validate / unit	UNKNOWN STEP	2026-09-12T19:11:40.8447878Z    [33m[2m✓[22m[39m preserves delegated iteration: 'let count=0;function input(){count++;…' (async=true, operation='next') [33m 444[2mms[22m[39m
validate / unit	UNKNOWN STEP	2026-09-12T19:11:40.8449241Z    [33m[2m✓[22m[39m preserves delegated iteration: 'let count=0;function* input(){count++…' (async=false, operation='next') [33m 342[2mms[22m[39m
validate / unit	UNKNOWN STEP	2026-09-12T19:11:40.8450257Z    [33m[2m✓[22m[39m preserves delegated iteration: 'let count=0;function* input(){count++…' (async=true, operation='next') [33m 342[2mms[22m[39m
validate / unit	UNKNOWN STEP	2026-09-12T19:11:40.8451263Z    [33m[2m✓[22m[39m preserves delegated iteration: 'let count=0;function input(){count++;…' (async=false, operation='next') [33m 379[2mms[22m[39m
validate / unit	UNKNOWN STEP	2026-09-12T19:11:40.8452268Z    [33m[2m✓[22m[39m preserves delegated iteration: 'let count=0;function input(){count++;…' (async=true, operation='next') [33m 312[2mms[22m[39m
validate / unit	UNKNOWN STEP	2026-09-12T19:11:40.8453307Z    [33m[2m✓[22m[39m preserves delegated iteration: 'const events=[];const source={[Symbol…' (async=false, operation='next') [33m 465[2mms[22m[39m
validate / unit	UNKNOWN STEP	2026-09-12T19:11:40.8454326Z    [33m[2m✓[22m[39m preserves delegated iteration: 'const events=[];const source={[Symbol…' (async=true, operation='next') [33m 411[2mms[22m[39m
validate / unit	UNKNOWN STEP	2026-09-12T19:11:40.8455359Z    [33m[2m✓[22m[39m preserves delegated iteration: 'const events=[];const source={[Symbol…' (async=false, operation='return') [33m 495[2mms[22m[39m
validate / unit	UNKNOWN STEP	2026-09-12T19:11:40.8456583Z    [33m[2m✓[22m[39m preserves delegated iteration: 'const events=[];const source={[Symbol…' (async=true, operation='return') [33m 444[2mms[22m[39m
validate / unit	UNKNOWN STEP	2026-09-12T19:11:40.8457613Z    [33m[2m✓[22m[39m preserves delegated iteration: 'const events=[];const source={[Symbol…' (async=false, operation='throw') [33m 371[2mms[22m[39m
validate / unit	UNKNOWN STEP	2026-09-12T19:11:40.8458634Z    [33m[2m✓[22m[39m preserves delegated iteration: 'const events=[];const source={[Symbol…' (async=true, operation='throw') [33m 388[2mms[22m[39m
validate / unit	UNKNOWN STEP	2026-09-12T19:11:40.8459680Z    [33m[2m✓[22m[39m preserves delegated iteration: 'let count=0;async function* input(){c…' (async=true, operation='next') [33m 363[2mms[22m[39m
validate / unit	UNKNOWN STEP	2026-09-12T19:11:40.8460696Z    [33m[2m✓[22m[39m preserves delegated iteration: 'const events=[];const source={[Symbol…' (async=true, operation='next') [33m 400[2mms[22m[39m
validate / unit	UNKNOWN STEP	2026-09-12T19:11:41.8825355Z  [32m✓[39m packages/safe-js/src/interp/guest-proxy-get.test.ts [2m([22m[2m17 tests[22m[2m)[22m[32m 24[2mms[22m[39m
validate / unit	UNKNOWN STEP	2026-09-12T19:11:44.6312435Z  [32m✓[39m packages/safe-js/src/interp/guest-proxy-define.test.ts [2m([22m[2m30 tests[22m[2m)[22m[33m 1823[2mms[22m[39m
validate / unit	UNKNOWN STEP	2026-09-12T19:11:45.5933876Z  [32m✓[39m packages/safe-js/src/interp/scope-frame.test.ts [2m([22m[2m8 tests[22m[2m)[22m[32m 11[2mms[22m[39m
validate / unit	UNKNOWN STEP	2026-09-12T19:11:46.4991872Z  [32m✓[39m packages/safe-js/src/interp/iterator-result-creation-realm.test.ts [2m([22m[2m78 tests[22m[2m)[22m[33m 13053[2mms[22m[39m
validate / unit	UNKNOWN STEP	2026-09-12T19:11:46.4994060Z    [33m[2m✓[22m[39m uses the borrowed next method realm: [3].values() [33m 333[2mms[22m[39m
validate / unit	UNKNOWN STEP	2026-09-12T19:11:46.4995536Z    [33m[2m✓[22m[39m preserves result realms through public replay: [3].values() [33m 303[2mms[22m[39m
validate / unit	UNKNOWN STEP	2026-09-12T19:11:48.0967763Z  [32m✓[39m packages/safe-js/src/interp/float32-reverse.test.ts [2m([22m[2m15 tests[22m[2m)[22m[33m 1479[2mms[22m[39m
validate / unit	UNKNOWN STEP	2026-09-12T19:11:48.0997584Z    [33m[2m✓[22m[39m preserves reverse through two snapshot round-trips [33m 545[2mms[22m[39m
validate / unit	UNKNOWN STEP	2026-09-12T19:11:49.3438011Z  [32m✓[39m packages/safe-js/src/interp/float32-find-index.test.ts [2m([22m[2m15 tests[22m[2m)[22m[33m 1760[2mms[22m[39m
validate / unit	UNKNOWN STEP	2026-09-12T19:11:49.3477846Z    [33m[2m✓[22m[39m preserves findIndex through two snapshot round-trips [33m 529[2mms[22m[39m
validate / unit	UNKNOWN STEP	2026-09-12T19:11:51.1606726Z  [32m✓[39m packages/safe-js/src/interp/methods/string-locale-guest-options.test.ts [2m([22m[2m24 tests[22m[2m)[22m[33m 2079[2mms[22m[39m
validate / unit	UNKNOWN STEP	2026-09-12T19:11:51.1609208Z    [33m[2m✓[22m[39m replays localeCompare guest options from a pending checkpoint [33m 327[2mms[22m[39m
validate / unit	UNKNOWN STEP	2026-09-12T19:11:54.4950671Z  [32m✓[39m packages/safe-js/src/interp/anonymous-function-names.test.ts [2m([22m[2m39 tests[22m[2m)[22m[33m 2365[2mms[22m[39m
validate / unit	UNKNOWN STEP	2026-09-12T19:11:54.4952760Z      [33m[2m✓[22m[39m preserves function(){} naming through resume [33m 331[2mms[22m[39m
validate / unit	UNKNOWN STEP	2026-09-12T19:11:54.5555255Z  [32m✓[39m packages/safe-js/src/migration-file.test.ts [2m([22m[2m14 tests[22m[2m)[22m[33m 4125[2mms[22m[39m
validate / unit	UNKNOWN STEP	2026-09-12T19:11:54.5557467Z      [33m[2m✓[22m[39m inspects without writes, then exclusively publishes a portable continuation [33m 775[2mms[22m[39m
validate / unit	UNKNOWN STEP	2026-09-12T19:11:54.5558721Z      [33m[2m✓[22m[39m never overwrites an existing output: old.json [33m 331[2mms[22m[39m
validate / unit	UNKNOWN STEP	2026-09-12T19:11:54.5560124Z      [33m[2m✓[22m[39m never overwrites an existing output: old.ajs [33m 306[2mms[22m[39m
validate / unit	UNKNOWN STEP	2026-09-12T19:11:54.5561691Z      [33m[2m✓[22m[39m never overwrites an existing output: existing.json [33m 318[2mms[22m[39m
validate / unit	UNKNOWN STEP	2026-09-12T19:11:54.5562888Z      [33m[2m✓[22m[39m never overwrites an existing output: linked.json [33m 316[2mms[22m[39m
validate / unit	UNKNOWN STEP	2026-09-12T19:11:54.5563810Z      [33m[2m✓[22m[39m validates dry runs without publishing files [33m 376[2mms[22m[39m
validate / unit	UNKNOWN STEP	2026-09-12T19:11:54.8114738Z  [32m✓[39m packages/safe-js/src/lint/rules/AS004.test.ts [2m([22m[2m10 tests[22m[2m)[22m[32m 18[2mms[22m[39m
validate / unit	UNKNOWN STEP	2026-09-12T19:11:57.7386436Z  [32m✓[39m packages/safe-js/src/interp/globals/collection-constructor-adders.test.ts [2m([22m[2m19 tests[22m[2m)[22m[33m 1996[2mms[22m[39m
validate / unit	UNKNOWN STEP	2026-09-12T19:11:57.7405596Z    [33m[2m✓[22m[39m restores construction with an overridden 'Map' adder [33m 553[2mms[22m[39m
validate / unit	UNKNOWN STEP	2026-09-12T19:11:59.2879166Z  [32m✓[39m packages/safe-js/src/run.promise-iterable.test.ts [2m([22m[2m36 tests[22m[2m)[22m[33m 3812[2mms[22m[39m
validate / unit	UNKNOWN STEP	2026-09-12T19:12:01.1328064Z  [32m✓[39m packages/safe-js/src/interp/uint8array-persistence.test.ts [2m([22m[2m6 tests[22m[2m)[22m[33m 908[2mms[22m[39m
validate / unit	UNKNOWN STEP	2026-09-12T19:12:01.1381686Z    [33m[2m✓[22m[39m restores a completed public run containing Uint8Array state [33m 389[2mms[22m[39m
validate / unit	UNKNOWN STEP	2026-09-12T19:12:03.6972430Z  [32m✓[39m packages/safe-js/src/interp/float32-find.test.ts [2m([22m[2m15 tests[22m[2m)[22m[33m 1631[2mms[22m[39m
validate / unit	UNKNOWN STEP	2026-09-12T19:12:03.6974427Z    [33m[2m✓[22m[39m preserves find through two snapshot round-trips [33m 548[2mms[22m[39m
validate / unit	UNKNOWN STEP	2026-09-12T19:12:06.5130480Z  [32m✓[39m packages/safe-js/src/interp/float32-set-inputs.test.ts [2m([22m[2m21 tests[22m[2m)[22m[33m 1905[2mms[22m[39m
validate / unit	UNKNOWN STEP	2026-09-12T19:12:06.5131536Z    [33m[2m✓[22m[39m preserves set identity and aliased storage through snapshots [33m 555[2mms[22m[39m
validate / unit	UNKNOWN STEP	2026-09-12T19:12:07.9781058Z  [32m✓[39m packages/safe-js/src/interp/globals/uri-globals.test.ts [2m([22m[2m113 tests[22m[2m)[22m[33m 9291[2mms[22m[39m
validate / unit	UNKNOWN STEP	2026-09-12T19:12:07.9783540Z    [33m[2m✓[22m[39m preserves 'encodeURI' in 'pending' checkpoints [33m 450[2mms[22m[39m
validate / unit	UNKNOWN STEP	2026-09-12T19:12:07.9795605Z    [33m[2m✓[22m[39m preserves 'encodeURI' in 'completed' checkpoints [33m 332[2mms[22m[39m
validate / unit	UNKNOWN STEP	2026-09-12T19:12:07.9797641Z    [33m[2m✓[22m[39m preserves 'decodeURIComponent' in 'pending' checkpoints [33m 306[2mms[22m[39m
validate / unit	UNKNOWN STEP	2026-09-12T19:12:07.9799363Z    [33m[2m✓[22m[39m preserves 'decodeURIComponent' in 'completed' checkpoints [33m 304[2mms[22m[39m
validate / unit	UNKNOWN STEP	2026-09-12T19:12:07.9800945Z    [33m[2m✓[22m[39m preserves 'escape' in 'pending' checkpoints [33m 308[2mms[22m[39m
validate / unit	UNKNOWN STEP	2026-09-12T19:12:07.9828541Z    [33m[2m✓[22m[39m preserves 'escape' in 'completed' checkpoints [33m 302[2mms[22m[39m
validate / unit	UNKNOWN STEP	2026-09-12T19:12:07.9857766Z    [33m[2m✓[22m[39m preserves 'unescape' in 'pending' checkpoints [33m 303[2mms[22m[39m
validate / unit	UNKNOWN STEP	2026-09-12T19:12:07.9887892Z    [33m[2m✓[22m[39m preserves 'unescape' in 'completed' checkpoints [33m 338[2mms[22m[39m
validate / unit	UNKNOWN STEP	2026-09-12T19:12:07.9899496Z    [33m[2m✓[22m[39m preserves mutable encodeURI properties through checkpoints [33m 330[2mms[22m[39m
validate / unit	UNKNOWN STEP	2026-09-12T19:12:08.9833498Z  [32m✓[39m packages/safe-js/src/interp/globals/async-iterator-dispose.test.ts [2m([22m[2m10 tests[22m[2m)[22m[33m 1457[2mms[22m[39m
validate / unit	UNKNOWN STEP	2026-09-12T19:12:08.9835347Z    [33m[2m✓[22m[39m restores pending disposal through c.promise without repeating return [33m 342[2mms[22m[39m
validate / unit	UNKNOWN STEP	2026-09-12T19:12:09.6912537Z  [32m✓[39m packages/safe-js/src/interp/array-buffer-capacity-budget.test.ts [2m([22m[2m10 tests[22m[2m)[22m[33m 624[2mms[22m[39m
validate / unit	UNKNOWN STEP	2026-09-12T19:12:11.4424785Z  [32m✓[39m packages/safe-js/src/interp/globals/iterator-zip-sdk.test.ts [2m([22m[2m6 tests[22m[2m)[22m[33m 772[2mms[22m[39m
validate / unit	UNKNOWN STEP	2026-09-12T19:12:11.8658472Z  [32m✓[39m packages/safe-js/src/interp/globals/temporal-duration-format.test.ts [2m([22m[2m25 tests[22m[2m)[22m[33m 1903[2mms[22m[39m
validate / unit	UNKNOWN STEP	2026-09-12T19:12:11.8660419Z    [33m[2m✓[22m[39m floors numeric precision, lets smallestUnit override it, and preserves method metadata in replay [33m 367[2mms[22m[39m
validate / unit	UNKNOWN STEP	2026-09-12T19:12:12.0873492Z  [32m✓[39m packages/safe-js/src/lint/rules/AS015.test.ts [2m([22m[2m12 tests[22m[2m)[22m[32m 21[2mms[22m[39m
validate / unit	UNKNOWN STEP	2026-09-12T19:12:14.4756573Z  [32m✓[39m packages/safe-js/src/interp/globals/json-raw.test.ts [2m([22m[2m37 tests[22m[2m)[22m[33m 2052[2mms[22m[39m
validate / unit	UNKNOWN STEP	2026-09-12T19:12:14.4774109Z    [33m[2m✓[22m[39m preserves raw JSON in pending checkpoints [33m 328[2mms[22m[39m
validate / unit	UNKNOWN STEP	2026-09-12T19:12:15.1618048Z  [32m✓[39m packages/safe-js/src/interp/float32-intrinsic-prototypes.test.ts [2m([22m[2m34 tests[22m[2m)[22m[33m 2113[2mms[22m[39m
validate / unit	UNKNOWN STEP	2026-09-12T19:12:15.9248563Z  [32m✓[39m packages/safe-js/src/interp/promise-aggregate-state.test.ts [2m([22m[2m4 tests[22m[2m)[22m[33m 465[2mms[22m[39m
validate / unit	UNKNOWN STEP	2026-09-12T19:12:17.9305589Z  [32m✓[39m packages/safe-js/src/interp/globals/string-raw-direct.test.ts [2m([22m[2m25 tests[22m[2m)[22m[33m 1051[2mms[22m[39m
validate / unit	UNKNOWN STEP	2026-09-12T19:12:17.9320728Z    [33m[2m✓[22m[39m replays raw conversion effects without repeating host calls [33m 311[2mms[22m[39m
validate / unit	UNKNOWN STEP	2026-09-12T19:12:18.1647368Z  [32m✓[39m packages/safe-js/src/interp/float32-constructor-inputs.test.ts [2m([22m[2m20 tests[22m[2m)[22m[33m 2002[2mms[22m[39m
validate / unit	UNKNOWN STEP	2026-09-12T19:12:18.1650719Z    [33m[2m✓[22m[39m preserves constructor input getters and subclass identity across snapshots [33m 593[2mms[22m[39m
validate / unit	UNKNOWN STEP	2026-09-12T19:12:20.1214258Z  [32m✓[39m packages/safe-js/src/interp/guest-proxy-for-in.test.ts [2m([22m[2m19 tests[22m[2m)[22m[33m 1020[2mms[22m[39m
validate / unit	UNKNOWN STEP	2026-09-12T19:12:20.4198444Z  [32m✓[39m packages/safe-js/src/interp/globals/temporal-plain-time-with.test.ts [2m([22m[2m18 tests[22m[2m)[22m[33m 1558[2mms[22m[39m
validate / unit	UNKNOWN STEP	2026-09-12T19:12:20.4200707Z    [33m[2m✓[22m[39m returns fresh base values from private receiver fields and replays captured methods [33m 340[2mms[22m[39m
validate / unit	UNKNOWN STEP	2026-09-12T19:12:21.2001494Z  [32m✓[39m packages/safe-js/src/interp/exceptions.test.ts [2m([22m[2m13 tests[22m[2m)[22m[32m 79[2mms[22m[39m
validate / unit	UNKNOWN STEP	2026-09-12T19:12:21.3466565Z  [32m✓[39m packages/safe-js/src/snapshot/property-descriptors.test.ts [2m([22m[2m9 tests[22m[2m)[22m[32m 10[2mms[22m[39m
validate / unit	UNKNOWN STEP	2026-09-12T19:12:21.5808463Z  [32m✓[39m packages/safe-js/src/lint/rules/AS-floating-promise.test.ts [2m([22m[2m14 tests[22m[2m)[22m[32m 23[2mms[22m[39m
validate / unit	UNKNOWN STEP	2026-09-12T19:12:24.1454384Z  [32m✓[39m packages/safe-js/src/interp/globals/array-from-construction-order.test.ts [2m([22m[2m13 tests[22m[2m)[22m[33m 1999[2mms[22m[39m
validate / unit	UNKNOWN STEP	2026-09-12T19:12:24.1462855Z    [33m[2m✓[22m[39m retains captured iterator identity through construction and replay: [1,2] [33m 357[2mms[22m[39m
validate / unit	UNKNOWN STEP	2026-09-12T19:12:26.2578081Z  [32m✓[39m packages/safe-js/src/lint.syntax-parity.test.ts [2m([22m[2m26 tests[22m[2m)[22m[33m 3672[2mms[22m[39m
validate / unit	UNKNOWN STEP	2026-09-12T19:12:26.2580411Z      [33m[2m✓[22m[39m accepts 'sequence-expression reads' with native and replay semantics [33m 402[2mms[22m[39m
validate / unit	UNKNOWN STEP	2026-09-12T19:12:26.7308387Z  [32m✓[39m packages/safe-js/src/interp/globals/temporal-duration-methods.test.ts [2m([22m[2m19 tests[22m[2m)[22m[33m 1577[2mms[22m[39m
validate / unit	UNKNOWN STEP	2026-09-12T19:12:27.7553951Z  [32m✓[39m packages/safe-js/src/interp/intrinsic-object-capture.test.ts [2m([22m[2m6 tests[22m[2m)[22m[33m 506[2mms[22m[39m
validate / unit	UNKNOWN STEP	2026-09-12T19:12:27.7556212Z    [33m[2m✓[22m[39m preserves Math and typed-array prototype mutations through JSON snapshots [33m 420[2mms[22m[39m
validate / unit	UNKNOWN STEP	2026-09-12T19:12:27.8128164Z  [32m✓[39m packages/safe-js/src/snapshot/obj-002-num-integration.test.ts [2m([22m[2m8 tests[22m[2m)[22m[32m 114[2mms[22m[39m
validate / unit	UNKNOWN STEP	2026-09-12T19:12:31.0706923Z  [32m✓[39m packages/safe-js/src/interp/iterator-consumers.test.ts [2m([22m[2m30 tests[22m[2m)[22m[33m 2317[2mms[22m[39m
validate / unit	UNKNOWN STEP	2026-09-12T19:12:32.2125790Z  [32m✓[39m packages/safe-js/src/interp/methods/array-species.test.ts [2m([22m[2m55 tests[22m[2m)[22m[33m 3543[2mms[22m[39m
validate / unit	UNKNOWN STEP	2026-09-12T19:12:32.2138076Z    [33m[2m✓[22m[39m preserves species construction and aliasing across completed replay [33m 492[2mms[22m[39m
validate / unit	UNKNOWN STEP	2026-09-12T19:12:33.4180868Z  [32m✓[39m packages/safe-js/src/interp/globals/promise-try.test.ts [2m([22m[2m16 tests[22m[2m)[22m[33m 1433[2mms[22m[39m
validate / unit	UNKNOWN STEP	2026-09-12T19:12:35.5121526Z  [32m✓[39m packages/safe-js/src/interp/globals/json-parse-coercion.test.ts [2m([22m[2m32 tests[22m[2m)[22m[33m 2295[2mms[22m[39m
validate / unit	UNKNOWN STEP	2026-09-12T19:12:35.5123119Z      [33m[2m✓[22m[39m replays completed hook effects once [33m 331[2mms[22m[39m
validate / unit	UNKNOWN STEP	2026-09-12T19:12:35.7011699Z  [32m✓[39m packages/safe-js/src/interp/finalization-registry-state.test.ts [2m([22m[2m9 tests[22m[2m)[22m[32m 13[2mms[22m[39m
validate / unit	UNKNOWN STEP	2026-09-12T19:12:36.2316452Z  [32m✓[39m packages/safe-js/src/interp/catch-properties.test.ts [2m([22m[2m26 tests[22m[2m)[22m[33m 1889[2mms[22m[39m
validate / unit	UNKNOWN STEP	2026-09-12T19:12:36.6268078Z  [32m✓[39m packages/safe-js/src/interp/shared-array-buffer.test.ts [2m([22m[2m18 tests[22m[2m)[22m[32m 15[2mms[22m[39m
validate / unit	UNKNOWN STEP	2026-09-12T19:12:37.9957510Z  [32m✓[39m packages/safe-js/src/interp/temporal-instant-copy.test.ts [2m([22m[2m14 tests[22m[2m)[22m[33m 463[2mms[22m[39m
validate / unit	UNKNOWN STEP	2026-09-12T19:12:39.0196931Z  [32m✓[39m packages/safe-js/src/snapshot/collection-properties.test.ts [2m([22m[2m30 tests[22m[2m)[22m[32m 78[2mms[22m[39m
validate / unit	UNKNOWN STEP	2026-09-12T19:12:39.3639944Z  [32m✓[39m packages/safe-js/src/run.promise-settlement-identity.test.ts [2m([22m[2m9 tests[22m[2m)[22m[33m 1980[2mms[22m[39m
validate / unit	UNKNOWN STEP	2026-09-12T19:12:39.3641549Z    [33m[2m✓[22m[39m preserves settlement sibling identity through completed replay [33m 616[2mms[22m[39m
validate / unit	UNKNOWN STEP	2026-09-12T19:12:39.3642971Z    [33m[2m✓[22m[39m replays a fulfillment back-reference without the original host Promise [33m 382[2mms[22m[39m
validate / unit	UNKNOWN STEP	2026-09-12T19:12:39.3644262Z    [33m[2m✓[22m[39m replays mutual fulfillment references [33m 337[2mms[22m[39m
validate / unit	UNKNOWN STEP	2026-09-12T19:12:41.1037342Z  [32m✓[39m packages/safe-js/src/snapshot/async-disposable-stack.test.ts [2m([22m[2m5 tests[22m[2m)[22m[33m 1133[2mms[22m[39m
validate / unit	UNKNOWN STEP	2026-09-12T19:12:41.1039384Z    [33m[2m✓[22m[39m restores idle async cleanup through JSON [33m 432[2mms[22m[39m
validate / unit	UNKNOWN STEP	2026-09-12T19:12:41.1050762Z    [33m[2m✓[22m[39m restores pending async cleanup through JSON [33m 315[2mms[22m[39m
validate / unit	UNKNOWN STEP	2026-09-12T19:12:41.5766228Z  [32m✓[39m packages/safe-js/src/interp/guest-proxy-enumerable.test.ts [2m([22m[2m27 tests[22m[2m)[22m[33m 1298[2mms[22m[39m
validate / unit	UNKNOWN STEP	2026-09-12T19:12:41.7897124Z  [32m✓[39m packages/safe-js/src/lint/rules/AS-unreachable.test.ts [2m([22m[2m20 tests[22m[2m)[22m[32m 24[2mms[22m[39m
validate / unit	UNKNOWN STEP	2026-09-12T19:12:42.1767874Z  [32m✓[39m packages/safe-js/src/parse/dynamic-function.test.ts [2m([22m[2m111 tests[22m[2m)[22m[32m 207[2mms[22m[39m
validate / unit	UNKNOWN STEP	2026-09-12T19:12:44.0956867Z  [32m✓[39m packages/safe-js/src/interp/methods/regex-named-groups.test.ts [2m([22m[2m35 tests[22m[2m)[22m[33m 2071[2mms[22m[39m
validate / unit	UNKNOWN STEP	2026-09-12T19:12:44.0959980Z      [33m[2m✓[22m[39m preserves groups prototypes and index aliases across checkpoint replay [33m 385[2mms[22m[39m
validate / unit	UNKNOWN STEP	2026-09-12T19:12:44.7119167Z  [32m✓[39m packages/safe-js/src/snapshot/eval-source-validation.test.ts [2m([22m[2m14 tests[22m[2m)[22m[33m 1619[2mms[22m[39m
validate / unit	UNKNOWN STEP	2026-09-12T19:12:46.1395379Z  [32m✓[39m packages/safe-js/src/interp/globals/temporal-instant-locale.test.ts [2m([22m[2m14 tests[22m[2m)[22m[33m 1169[2mms[22m[39m
validate / unit	UNKNOWN STEP	2026-09-12T19:12:46.2242418Z  [32m✓[39m packages/safe-js/src/interp/array-literal-prototype-lifetime.test.ts [2m([22m[2m10 tests[22m[2m)[22m[33m 641[2mms[22m[39m
validate / unit	UNKNOWN STEP	2026-09-12T19:12:48.6550610Z  [32m✓[39m packages/safe-js/src/interp/for-of-assignment.test.ts [2m([22m[2m26 tests[22m[2m)[22m[33m 1560[2mms[22m[39m
validate / unit	UNKNOWN STEP	2026-09-12T19:12:48.6552602Z      [33m[2m✓[22m[39m does not repeat target effects when resuming the loop body [33m 454[2mms[22m[39m
validate / unit	UNKNOWN STEP	2026-09-12T19:12:49.8494491Z  [32m✓[39m packages/safe-js/src/interp/globals/date-setter-coercion.test.ts [2m([22m[2m47 tests[22m[2m)[22m[33m 2868[2mms[22m[39m
validate / unit	UNKNOWN STEP	2026-09-12T19:12:51.6216889Z  [32m✓[39m packages/safe-js/src/snapshot/promise-capability-executors.test.ts [2m([22m[2m8 tests[22m[2m)[22m[33m 2078[2mms[22m[39m
validate / unit	UNKNOWN STEP	2026-09-12T19:12:51.6218955Z    [33m[2m✓[22m[39m restores retained capability executor state: const callbacks=[];function C(executor){executor(value=>{this.value=value},reason=>{this.reason=reason})}C.resolve=value=>({then(ok,fail){callbacks.push([ok,fail])}});const result=Promise.allSettled.call(C,[1,2]);callbacks[0][0](7);return async()=>{callbacks[1][1]('second');return result.value} [33m 575[2mms[22m[39m
validate / unit	UNKNOWN STEP	2026-09-12T19:12:51.6221339Z    [33m[2m✓[22m[39m restores retained capability executor state: let saved;function C(executor){saved=executor;executor(()=>{},()=>{})}C.resolve=value=>Promise.resolve(value);Promise.all.call(C,[]);return ()=>{try{saved(()=>{},()=>{});return false}catch(error){return error instanceof TypeError}} [33m 306[2mms[22m[39m
validate / unit	UNKNOWN STEP	2026-09-12T19:12:51.6579473Z  [32m✓[39m packages/safe-js/src/interp/globals/aggregate-error-array-realm.test.ts [2m([22m[2m6 tests[22m[2m)[22m[33m 854[2mms[22m[39m
validate / unit	UNKNOWN STEP	2026-09-12T19:12:51.6581622Z    [33m[2m✓[22m[39m retains an exported AggregateError factory through replay [33m 306[2mms[22m[39m
validate / unit	UNKNOWN STEP	2026-09-12T19:12:54.0835790Z  [32m✓[39m packages/safe-js/src/interp/private-state.test.ts [2m([22m[2m16 tests[22m[2m)[22m[33m 1527[2mms[22m[39m
validate / unit	UNKNOWN STEP	2026-09-12T19:12:54.0837702Z    [33m[2m✓[22m[39m enforces the data budget while private fields grow: class C{#x=[];fill(){for(let i=0;i<100;i++)this.#x.push('x'.repeat(100))}}new C().fill() [33m 759[2mms[22m[39m
validate / unit	UNKNOWN STEP	2026-09-12T19:12:54.0839004Z    [33m[2m✓[22m[39m enforces the data budget while private fields grow: class C{static #x=[];static fill(){for(let i=0;i<100;i++)this.#x.push('x'.repeat(100))}}C.fill() [33m 479[2mms[22m[39m
validate / unit	UNKNOWN STEP	2026-09-12T19:12:54.8468858Z  [32m✓[39m packages/safe-js/src/interp/methods/array-callback-replay.test.ts [2m([22m[2m4 tests[22m[2m)[22m[33m 2291[2mms[22m[39m
validate / unit	UNKNOWN STEP	2026-09-12T19:12:54.8470069Z      [33m[2m✓[22m[39m replays recorded host callbacks containing map mutation without repeating the host [33m 915[2mms[22m[39m
validate / unit	UNKNOWN STEP	2026-09-12T19:12:54.8471059Z      [33m[2m✓[22m[39m replays recorded host callbacks containing reduce mutation without repeating the host [33m 600[2mms[22m[39m
validate / unit	UNKNOWN STEP	2026-09-12T19:12:54.8472006Z      [33m[2m✓[22m[39m replays recorded host callbacks containing sort mutation without repeating the host [33m 518[2mms[22m[39m
validate / unit	UNKNOWN STEP	2026-09-12T19:12:56.2428384Z  [32m✓[39m packages/safe-js/src/interp/guest-proxy-object-descriptors.test.ts [2m([22m[2m8 tests[22m[2m)[22m[33m 495[2mms[22m[39m
validate / unit	UNKNOWN STEP	2026-09-12T19:12:56.4042257Z  [32m✓[39m packages/safe-js/src/interp/globals/temporal-instant-arithmetic.test.ts [2m([22m[2m21 tests[22m[2m)[22m[33m 1422[2mms[22m[39m
validate / unit	UNKNOWN STEP	2026-09-12T19:12:57.1057021Z  [32m✓[39m packages/safe-js/src/interp/guest-proxy-has.test.ts [2m([22m[2m13 tests[22m[2m)[22m[32m 18[2mms[22m[39m
validate / unit	UNKNOWN STEP	2026-09-12T19:12:57.8247789Z  [32m✓[39m packages/safe-js/src/interp/guest-proxy-assign.test.ts [2m([22m[2m9 tests[22m[2m)[22m[33m 566[2mms[22m[39m
validate / unit	UNKNOWN STEP	2026-09-12T19:12:58.7359851Z  [32m✓[39m packages/safe-js/src/snapshot/trusted-promise-replay.test.ts [2m([22m[2m5 tests[22m[2m)[22m[32m 15[2mms[22m[39m
validate / unit	UNKNOWN STEP	2026-09-12T19:13:00.8183009Z  [32m✓[39m packages/safe-js/src/interp/globals/promise-own-properties.test.ts [2m([22m[2m13 tests[22m[2m)[22m[33m 1179[2mms[22m[39m
validate / unit	UNKNOWN STEP	2026-09-12T19:13:00.8184653Z    [33m[2m✓[22m[39m preserves promise properties across pending checkpoints [33m 301[2mms[22m[39m
validate / unit	UNKNOWN STEP	2026-09-12T19:13:05.1421863Z  [32m✓[39m packages/safe-js/src/interp/member-key-conversion.test.ts [2m([22m[2m63 tests[22m[2m)[22m[33m 3458[2mms[22m[39m
validate / unit	UNKNOWN STEP	2026-09-12T19:13:05.2317844Z  [32m✓[39m packages/safe-js/src/snapshot/guest-generator-array-patterns.test.ts [2m([22m[2m29 tests[22m[2m)[22m[33m 7204[2mms[22m[39m
validate / unit	UNKNOWN STEP	2026-09-12T19:13:05.2319854Z    [33m[2m✓[22m[39m preserves partial array binding: 'const [first,second=yield 1]=[2];retu…' (async=false) [33m 446[2mms[22m[39m
validate / unit	UNKNOWN STEP	2026-09-12T19:13:05.2321444Z    [33m[2m✓[22m[39m preserves partial array binding: 'let count=0;const target={};function …' (async=false) [33m 318[2mms[22m[39m
validate / unit	UNKNOWN STEP	2026-09-12T19:13:05.2322989Z    [33m[2m✓[22m[39m preserves partial array binding: 'for(const [first,second=yield 1] of […' (async=true) [33m 361[2mms[22m[39m
validate / unit	UNKNOWN STEP	2026-09-12T19:13:05.2324480Z    [33m[2m✓[22m[39m preserves partial array binding: 'const events=[];const source={[Symbol…' (async=false) [33m 346[2mms[22m[39m
validate / unit	UNKNOWN STEP	2026-09-12T19:13:05.2326361Z    [33m[2m✓[22m[39m preserves partial array binding: 'const events=[];const source={[Symbol…' (async=true) [33m 331[2mms[22m[39m
validate / unit	UNKNOWN STEP	2026-09-12T19:13:07.5349886Z  [32m✓[39m packages/safe-js/src/interp/methods/regex-metadata-order.test.ts [2m([22m[2m23 tests[22m[2m)[22m[33m 1394[2mms[22m[39m
validate / unit	UNKNOWN STEP	2026-09-12T19:13:09.9483137Z  [32m✓[39m packages/safe-js/src/interp/globals/error-is-error.test.ts [2m([22m[2m26 tests[22m[2m)[22m[33m 1525[2mms[22m[39m
validate / unit	UNKNOWN STEP	2026-09-12T19:13:09.9484127Z    [33m[2m✓[22m[39m restores error brands and escaped method aliases through JSON snapshots [33m 309[2mms[22m[39m
validate / unit	UNKNOWN STEP	2026-09-12T19:13:11.4213797Z  [32m✓[39m packages/safe-js/src/interp/thenable-state.test.ts [2m([22m[2m8 tests[22m[2m)[22m[33m 582[2mms[22m[39m
validate / unit	UNKNOWN STEP	2026-09-12T19:13:12.2382204Z  [32m✓[39m packages/safe-js/src/snapshot/guest-generator-object-patterns.test.ts [2m([22m[2m31 tests[22m[2m)[22m[33m 6168[2mms[22m[39m
validate / unit	UNKNOWN STEP	2026-09-12T19:13:12.2384121Z    [33m[2m✓[22m[39m preserves partial object patterns: 'const {first,second=yield 1}={first:2…' (async=false) [33m 428[2mms[22m[39m
validate / unit	UNKNOWN STEP	2026-09-12T19:13:14.5433883Z  [32m✓[39m packages/safe-js/src/interp/methods/regex-symbol-split.test.ts [2m([22m[2m19 tests[22m[2m)[22m[33m 1327[2mms[22m[39m
validate / unit	UNKNOWN STEP	2026-09-12T19:13:15.6092292Z  [32m✓[39m packages/safe-js/src/interp/globals/numeric-predicates.test.ts [2m([22m[2m48 tests[22m[2m)[22m[33m 3187[2mms[22m[39m
validate / unit	UNKNOWN STEP	2026-09-12T19:13:15.6094076Z      [33m[2m✓[22m[39m replays completed hook effects once [33m 303[2mms[22m[39m
validate / unit	UNKNOWN STEP	2026-09-12T19:13:15.9644769Z  [32m✓[39m packages/safe-js/src/interp/shared-scope-accounting.test.ts [2m([22m[2m12 tests[22m[2m)[22m[33m 496[2mms[22m[39m
validate / unit	UNKNOWN STEP	2026-09-12T19:13:16.9918080Z  [32m✓[39m packages/safe-js/src/interp/intrinsic-shared-retention.test.ts [2m([22m[2m9 tests[22m[2m)[22m[32m 190[2mms[22m[39m
validate / unit	UNKNOWN STEP	2026-09-12T19:13:17.7319659Z  [32m✓[39m packages/safe-js/src/interp/globals/temporal-duration-with.test.ts [2m([22m[2m15 tests[22m[2m)[22m[33m 1232[2mms[22m[39m
validate / unit	UNKNOWN STEP	2026-09-12T19:13:17.9378034Z  [32m✓[39m packages/safe-js/src/snapshot/mapped-arguments.test.ts [2m([22m[2m12 tests[22m[2m)[22m[32m 49[2mms[22m[39m
validate / unit	UNKNOWN STEP	2026-09-12T19:13:20.1178010Z  [32m✓[39m packages/safe-js/src/interp/globals/promise-foreign-newtarget.test.ts [2m([22m[2m11 tests[22m[2m)[22m[33m 1516[2mms[22m[39m
validate / unit	UNKNOWN STEP	2026-09-12T19:13:20.1179393Z    [33m[2m✓[22m[39m keeps foreign Promise defaults through replay: function Target(){} [33m 361[2mms[22m[39m
validate / unit	UNKNOWN STEP	2026-09-12T19:13:20.6167844Z  [32m✓[39m packages/safe-js/src/interp/globals/regex-escape.test.ts [2m([22m[2m31 tests[22m[2m)[22m[33m 1748[2mms[22m[39m
validate / unit	UNKNOWN STEP	2026-09-12T19:13:20.6191240Z      [33m[2m✓[22m[39m preserves escaped output and method access through checkpoint replay [33m 412[2mms[22m[39m
validate / unit	UNKNOWN STEP	2026-09-12T19:13:21.5427663Z  [32m✓[39m packages/safe-js/src/interp/host-call-graph.test.ts [2m([22m[2m4 tests[22m[2m)[22m[32m 59[2mms[22m[39m
validate / unit	UNKNOWN STEP	2026-09-12T19:13:21.6826509Z  [32m✓[39m packages/safe-js/src/snapshot/temporal-instant-replay.test.ts [2m([22m[2m26 tests[22m[2m)[22m[33m 677[2mms[22m[39m
validate / unit	UNKNOWN STEP	2026-09-12T19:13:21.6849443Z    [33m[2m✓[22m[39m replays Instant inputs and a completed host result without repeating the host call [33m 445[2mms[22m[39m
validate / unit	UNKNOWN STEP	2026-09-12T19:13:22.5515444Z  [32m✓[39m packages/safe-js/src/interp/host-reconciliation-disposal.test.ts [2m([22m[2m5 tests[22m[2m)[22m[32m 10[2mms[22m[39m
validate / unit	UNKNOWN STEP	2026-09-12T19:13:23.4890520Z  [32m✓[39m packages/safe-js/src/interp/template-identity.test.ts [2m([22m[2m13 tests[22m[2m)[22m[33m 1045[2mms[22m[39m
validate / unit	UNKNOWN STEP	2026-09-12T19:13:23.4892853Z    [33m[2m✓[22m[39m preserves template identity through public dump and replay [33m 307[2mms[22m[39m
validate / unit	UNKNOWN STEP	2026-09-12T19:13:25.5930876Z  [32m✓[39m packages/safe-js/src/interp/globals/foreign-intrinsic-error-realm.test.ts [2m([22m[2m17 tests[22m[2m)[22m[33m 2116[2mms[22m[39m
validate / unit	UNKNOWN STEP	2026-09-12T19:13:25.5931849Z    [33m[2m✓[22m[39m retains foreign parser error prototypes after replay: C [33m 327[2mms[22m[39m
validate / unit	UNKNOWN STEP	2026-09-12T19:13:26.4598372Z  [32m✓[39m packages/safe-js/src/interp/promise-settlement-alias.test.ts [2m([22m[2m6 tests[22m[2m)[22m[32m 22[2mms[22m[39m
validate / unit	UNKNOWN STEP	2026-09-12T19:13:27.4541960Z  [32m✓[39m packages/safe-js/src/interp/globals/math-coercion.test.ts [2m([22m[2m48 tests[22m[2m)[22m[33m 3083[2mms[22m[39m
validate / unit	UNKNOWN STEP	2026-09-12T19:13:27.4543593Z    [33m[2m✓[22m[39m preserves guest conversions across pending checkpoints [33m 440[2mms[22m[39m
validate / unit	UNKNOWN STEP	2026-09-12T19:13:27.4565077Z    [33m[2m✓[22m[39m preserves guest conversions across completed checkpoints [33m 305[2mms[22m[39m
validate / unit	UNKNOWN STEP	2026-09-12T19:13:28.8191759Z  [32m✓[39m packages/safe-js/src/interp/proto-methods.test.ts [2m([22m[2m21 tests[22m[2m)[22m[33m 1398[2mms[22m[39m
validate / unit	UNKNOWN STEP	2026-09-12T19:13:28.8193601Z      [33m[2m✓[22m[39m preserves an own __proto__ method through a checkpoint [33m 435[2mms[22m[39m
validate / unit	UNKNOWN STEP	2026-09-12T19:13:29.7602976Z  [32m✓[39m packages/safe-js/src/interp/string-replacement-protocols.test.ts [2m([22m[2m23 tests[22m[2m)[22m[33m 1338[2mms[22m[39m
validate / unit	UNKNOWN STEP	2026-09-12T19:13:32.2467760Z  [32m✓[39m packages/safe-js/src/snapshot/guest-generator-switch.test.ts [2m([22m[2m35 tests[22m[2m)[22m[33m 1621[2mms[22m[39m
validate / unit	UNKNOWN STEP	2026-09-12T19:13:33.0638215Z  [32m✓[39m packages/safe-js/src/interp/weak-collection.test.ts [2m([22m[2m11 tests[22m[2m)[22m[32m 11[2mms[22m[39m
validate / unit	UNKNOWN STEP	2026-09-12T19:13:33.9277950Z  [32m✓[39m packages/safe-js/src/interp/guest-proxy-delete.test.ts [2m([22m[2m13 tests[22m[2m)[22m[32m 17[2mms[22m[39m
validate / unit	UNKNOWN STEP	2026-09-12T19:13:34.8431226Z  [32m✓[39m packages/safe-js/src/snapshot/temporal-plain-time.test.ts [2m([22m[2m22 tests[22m[2m)[22m[32m 42[2mms[22m[39m
validate / unit	UNKNOWN STEP	2026-09-12T19:13:38.2498190Z  [32m✓[39m packages/safe-js/src/interp/globals/resource-constructor-foreign-newtarget.test.ts [2m([22m[2m20 tests[22m[2m)[22m[33m 2517[2mms[22m[39m
validate / unit	UNKNOWN STEP	2026-09-12T19:13:39.1557951Z  [32m✓[39m packages/safe-js/src/lint/mutable-closures.stress.test.ts [2m([22m[2m25 tests[22m[2m)[22m[33m 9411[2mms[22m[39m
validate / unit	UNKNOWN STEP	2026-09-12T19:13:39.1559583Z        [33m[2m✓[22m[39m matches native JavaScript at width 7 [33m 337[2mms[22m[39m
validate / unit	UNKNOWN STEP	2026-09-12T19:13:39.1583679Z        [33m[2m✓[22m[39m matches native JavaScript at width 24 [33m 3199[2mms[22m[39m
validate / unit	UNKNOWN STEP	2026-09-12T19:13:39.1585426Z        [33m[2m✓[22m[39m matches native JavaScript at width 24 [33m 318[2mms[22m[39m
validate / unit	UNKNOWN STEP	2026-09-12T19:13:39.1586819Z        [33m[2m✓[22m[39m matches native JavaScript at width 7 [33m 322[2mms[22m[39m
validate / unit	UNKNOWN STEP	2026-09-12T19:13:39.1588039Z        [33m[2m✓[22m[39m matches native JavaScript at width 24 [33m 1768[2mms[22m[39m
validate / unit	UNKNOWN STEP	2026-09-12T19:13:39.1589370Z        [33m[2m✓[22m[39m matches native JavaScript at width 24 [33m 1070[2mms[22m[39m
validate / unit	UNKNOWN STEP	2026-09-12T19:13:39.7903490Z  [32m✓[39m packages/safe-js/src/interp/guest-proxy-call.test.ts [2m([22m[2m17 tests[22m[2m)[22m[33m 720[2mms[22m[39m
validate / unit	UNKNOWN STEP	2026-09-12T19:13:40.4292523Z  [32m✓[39m packages/safe-js/src/snapshot/temporal-duration.test.ts [2m([22m[2m20 tests[22m[2m)[22m[33m 390[2mms[22m[39m
validate / unit	UNKNOWN STEP	2026-09-12T19:13:40.4300146Z    [33m[2m✓[22m[39m preserves a subclass Duration across public replay [33m 345[2mms[22m[39m
validate / unit	UNKNOWN STEP	2026-09-12T19:13:42.4241012Z  [32m✓[39m packages/safe-js/src/interp/globals/temporal-plain-date-time-round.test.ts [2m([22m[2m29 tests[22m[2m)[22m[33m 1753[2mms[22m[39m
validate / unit	UNKNOWN STEP	2026-09-12T19:13:42.6234922Z  [32m✓[39m packages/safe-js/src/interp/temporal-plain-month-day.test.ts [2m([22m[2m17 tests[22m[2m)[22m[32m 13[2mms[22m[39m
validate / unit	UNKNOWN STEP	2026-09-12T19:13:43.3312409Z  [32m✓[39m packages/safe-js/src/interp/globals/collection-own-properties.test.ts [2m([22m[2m22 tests[22m[2m)[22m[33m 2028[2mms[22m[39m
validate / unit	UNKNOWN STEP	2026-09-12T19:13:43.3314193Z    [33m[2m✓[22m[39m restores 'Map' own descriptors in 'pending' checkpoints [33m 339[2mms[22m[39m
validate / unit	UNKNOWN STEP	2026-09-12T19:13:45.1626033Z  [32m✓[39m packages/safe-js/src/interp/globals/object-proto-accessor.test.ts [2m([22m[2m23 tests[22m[2m)[22m[33m 1639[2mms[22m[39m
validate / unit	UNKNOWN STEP	2026-09-12T19:13:45.1627671Z    [33m[2m✓[22m[39m replays an accessor-set prototype and a saved accessor identity [33m 325[2mms[22m[39m
validate / unit	UNKNOWN STEP	2026-09-12T19:13:46.0748223Z  [32m✓[39m packages/safe-js/src/interp/globals/number-coercion.test.ts [2m([22m[2m26 tests[22m[2m)[22m[33m 1833[2mms[22m[39m
validate / unit	UNKNOWN STEP	2026-09-12T19:13:47.7716948Z  [32m✓[39m packages/safe-js/src/interp/globals/dynamic-function-owner-realm.test.ts [2m([22m[2m8 tests[22m[2m)[22m[33m 1730[2mms[22m[39m
validate / unit	UNKNOWN STEP	2026-09-12T19:13:47.7728637Z    [33m[2m✓[22m[39m retains borrowed Constructor owner globals through replay [33m 476[2mms[22m[39m
validate / unit	UNKNOWN STEP	2026-09-12T19:13:47.7746264Z    [33m[2m✓[22m[39m retains borrowed Constructor.bind(null) owner globals through replay [33m 347[2mms[22m[39m
validate / unit	UNKNOWN STEP	2026-09-12T19:13:47.7748379Z    [33m[2m✓[22m[39m retains borrowed new Proxy(Constructor,{}) owner globals through replay [33m 309[2mms[22m[39m
validate / unit	UNKNOWN STEP	2026-09-12T19:13:47.9967447Z  [32m✓[39m packages/safe-js/src/run.call-order.test.ts [2m([22m[2m15 tests[22m[2m)[22m[33m 1027[2mms[22m[39m
validate / unit	UNKNOWN STEP	2026-09-12T19:13:50.4024325Z  [32m✓[39m packages/safe-js/src/interp/uint8-hex.test.ts [2m([22m[2m27 tests[22m[2m)[22m[33m 1784[2mms[22m[39m
validate / unit	UNKNOWN STEP	2026-09-12T19:13:50.4027023Z    [33m[2m✓[22m[39m preserves static and instance method identities across public dump/restore [33m 346[2mms[22m[39m
validate / unit	UNKNOWN STEP	2026-09-12T19:13:50.7460272Z  [32m✓[39m packages/safe-js/src/interp/function-receivers.test.ts [2m([22m[2m24 tests[22m[2m)[22m[33m 1862[2mms[22m[39m
validate / unit	UNKNOWN STEP	2026-09-12T19:13:52.9459299Z  [32m✓[39m packages/safe-js/src/interp/float32-of.test.ts [2m([22m[2m18 tests[22m[2m)[22m[33m 1625[2mms[22m[39m
validate / unit	UNKNOWN STEP	2026-09-12T19:13:52.9460261Z    [33m[2m✓[22m[39m preserves inherited factory identity and calls across repeated snapshots [33m 542[2mms[22m[39m
validate / unit	UNKNOWN STEP	2026-09-12T19:13:53.0093003Z  [32m✓[39m packages/safe-js/src/interp/globals/promise-with-resolvers.test.ts [2m([22m[2m15 tests[22m[2m)[22m[33m 1404[2mms[22m[39m
validate / unit	UNKNOWN STEP	2026-09-12T19:13:53.0094911Z    [33m[2m✓[22m[39m preserves resolver capabilities through pending replay [33m 329[2mms[22m[39m
validate / unit	UNKNOWN STEP	2026-09-12T19:13:54.6157845Z  [32m✓[39m packages/safe-js/src/interp/guest-proxy-define-properties.test.ts [2m([22m[2m10 tests[22m[2m)[22m[33m 799[2mms[22m[39m
validate / unit	UNKNOWN STEP	2026-09-12T19:13:55.5953369Z  [32m✓[39m packages/safe-js/src/interp/generator-delegated-result.test.ts [2m([22m[2m13 tests[22m[2m)[22m[33m 1674[2mms[22m[39m
validate / unit	UNKNOWN STEP	2026-09-12T19:13:55.5954607Z    [33m[2m✓[22m[39m preserves delegated Proxy results and getter order through replay: next [33m 338[2mms[22m[39m
validate / unit	UNKNOWN STEP	2026-09-12T19:13:56.8839580Z  [32m✓[39m packages/safe-js/src/interp/methods/regex-symbol-search.test.ts [2m([22m[2m17 tests[22m[2m)[22m[33m 1245[2mms[22m[39m
validate / unit	UNKNOWN STEP	2026-09-12T19:13:57.8897884Z  [32m✓[39m packages/safe-js/src/interp/float32-at.test.ts [2m([22m[2m14 tests[22m[2m)[22m[33m 1329[2mms[22m[39m
validate / unit	UNKNOWN STEP	2026-09-12T19:13:57.8899419Z    [33m[2m✓[22m[39m preserves at through two snapshot round-trips [33m 458[2mms[22m[39m
validate / unit	UNKNOWN STEP	2026-09-12T19:13:58.7676591Z  [32m✓[39m packages/safe-js/src/snapshot/guest-generator-assignments.test.ts [2m([22m[2m34 tests[22m[2m)[22m[33m 911[2mms[22m[39m
validate / unit	UNKNOWN STEP	2026-09-12T19:13:59.3398303Z  [32m✓[39m packages/safe-js/src/interp/globals/finalization-registry-cleanup.test.ts [2m([22m[2m6 tests[22m[2m)[22m[33m 410[2mms[22m[39m
validate / unit	UNKNOWN STEP	2026-09-12T19:14:01.3997895Z  [32m✓[39m packages/safe-js/src/run.pending-imported-promise-checkpoints.test.ts [2m([22m[2m2 tests[22m[2m)[22m[33m 973[2mms[22m[39m
validate / unit	UNKNOWN STEP	2026-09-12T19:14:01.4012779Z    [33m[2m✓[22m[39m preserves two distinct pending nodes and aliases across input outcomes [33m 629[2mms[22m[39m
validate / unit	UNKNOWN STEP	2026-09-12T19:14:01.4014632Z    [33m[2m✓[22m[39m keeps a reconciliation identity stable through another still-pending checkpoint [33m 341[2mms[22m[39m
validate / unit	UNKNOWN STEP	2026-09-12T19:14:02.9108731Z  [32m✓[39m packages/safe-js/src/interp/float32-prototype-snapshots.test.ts [2m([22m[2m12 tests[22m[2m)[22m[33m 3256[2mms[22m[39m
validate / unit	UNKNOWN STEP	2026-09-12T19:14:02.9113828Z    [33m[2m✓[22m[39m preserves typed storage and prototype behavior across portable snapshots: 'const value=new Float32Array([2]);Obj…' [33m 588[2mms[22m[39m
validate / unit	UNKNOWN STEP	2026-09-12T19:14:02.9116438Z    [33m[2m✓[22m[39m preserves typed storage and prototype behavior across portable snapshots: 'class Custom extends Float32Array{fie…' [33m 379[2mms[22m[39m
validate / unit	UNKNOWN STEP	2026-09-12T19:14:02.9128217Z    [33m[2m✓[22m[39m preserves typed storage and prototype behavior across portable snapshots: 'class Custom extends Float32Array{get…' [33m 393[2mms[22m[39m
validate / unit	UNKNOWN STEP	2026-09-12T19:14:02.9130734Z    [33m[2m✓[22m[39m preserves typed storage and prototype behavior across portable snapshots: 'const value=new Float32Array([2]);Obj…' [33m 367[2mms[22m[39m
validate / unit	UNKNOWN STEP	2026-09-12T19:14:02.9133033Z    [33m[2m✓[22m[39m preserves typed storage and prototype behavior across portable snapshots: 'const value=new Float32Array([2]);con…' [33m 330[2mms[22m[39m
validate / unit	UNKNOWN STEP	2026-09-12T19:14:02.9135321Z    [33m[2m✓[22m[39m preserves typed storage and prototype behavior across portable snapshots: 'const value=new Float32Array([2,4]);c…' [33m 317[2mms[22m[39m
validate / unit	UNKNOWN STEP	2026-09-12T19:14:02.9138339Z    [33m[2m✓[22m[39m preserves typed storage and prototype behavior across portable snapshots: 'const value=new Float32Array([2]);val…' [33m 321[2mms[22m[39m
validate / unit	UNKNOWN STEP	2026-09-12T19:14:04.2787632Z  [32m✓[39m packages/safe-js/src/interp/float32-range-coercion.test.ts [2m([22m[2m14 tests[22m[2m)[22m[33m 1991[2mms[22m[39m
validate / unit	UNKNOWN STEP	2026-09-12T19:14:04.2817518Z    [33m[2m✓[22m[39m preserves slice coercion and aliasing across snapshots [33m 508[2mms[22m[39m
validate / unit	UNKNOWN STEP	2026-09-12T19:14:04.2849592Z    [33m[2m✓[22m[39m preserves subarray coercion and aliasing across snapshots [33m 393[2mms[22m[39m
validate / unit	UNKNOWN STEP	2026-09-12T19:14:05.6528525Z  [32m✓[39m packages/safe-js/src/snapshot/guest-generator-for-in.test.ts [2m([22m[2m35 tests[22m[2m)[22m[33m 1779[2mms[22m[39m
validate / unit	UNKNOWN STEP	2026-09-12T19:14:06.8975077Z  [32m✓[39m packages/safe-js/src/interp/globals/temporal-plain-time-difference.test.ts [2m([22m[2m22 tests[22m[2m)[22m[33m 1610[2mms[22m[39m
validate / unit	UNKNOWN STEP	2026-09-12T19:14:06.8998100Z    [33m[2m✓[22m[39m retains Duration's original prototype and captured methods through replay [33m 317[2mms[22m[39m
validate / unit	UNKNOWN STEP	2026-09-12T19:14:07.2129522Z  [32m✓[39m packages/safe-js/src/example-runner.test.ts [2m([22m[2m6 tests[22m[2m)[22m[33m 576[2mms[22m[39m
validate / unit	UNKNOWN STEP	2026-09-12T19:14:07.2131885Z      [33m[2m✓[22m[39m retains experiment metrics and attempt selection in the script path [33m 491[2mms[22m[39m
validate / unit	UNKNOWN STEP	2026-09-12T19:14:10.2210654Z  [32m✓[39m packages/safe-js/src/interp/methods/string-html.test.ts [2m([22m[2m29 tests[22m[2m)[22m[33m 2067[2mms[22m[39m
validate / unit	UNKNOWN STEP	2026-09-12T19:14:10.2211529Z    [33m[2m✓[22m[39m replays a checkpoint inside attribute conversion [33m 335[2mms[22m[39m
validate / unit	UNKNOWN STEP	2026-09-12T19:14:10.2597337Z  [32m✓[39m packages/safe-js/src/interp/globals/boxed-creation-realm.test.ts [2m([22m[2m20 tests[22m[2m)[22m[33m 2420[2mms[22m[39m
validate / unit	UNKNOWN STEP	2026-09-12T19:14:10.5863100Z  [32m✓[39m packages/safe-js/src/lint.test.ts [2m([22m[2m9 tests[22m[2m)[22m[32m 90[2mms[22m[39m
validate / unit	UNKNOWN STEP	2026-09-12T19:14:13.2971993Z  [32m✓[39m packages/safe-js/src/interp/host-function-properties.test.ts [2m([22m[2m21 tests[22m[2m)[22m[33m 1814[2mms[22m[39m
validate / unit	UNKNOWN STEP	2026-09-12T19:14:13.2973078Z    [33m[2m✓[22m[39m restores module function properties, deleted metadata, aliases and prototypes [33m 629[2mms[22m[39m
validate / unit	UNKNOWN STEP	2026-09-12T19:14:15.3867324Z  [32m✓[39m packages/safe-js/src/interp/globals/string-search-coercion.test.ts [2m([22m[2m68 tests[22m[2m)[22m[33m 4253[2mms[22m[39m
validate / unit	UNKNOWN STEP	2026-09-12T19:14:15.3869029Z    [33m[2m✓[22m[39m preserves search coercion through pending checkpoints [33m 304[2mms[22m[39m
validate / unit	UNKNOWN STEP	2026-09-12T19:14:15.5830306Z  [32m✓[39m packages/safe-js/src/interp/globals/temporal-instant-round.test.ts [2m([22m[2m21 tests[22m[2m)[22m[33m 1406[2mms[22m[39m
validate / unit	UNKNOWN STEP	2026-09-12T19:14:15.7863617Z  [32m✓[39m packages/safe-js/src/interp/regex/engine.test.ts [2m([22m[2m33 tests[22m[2m)[22m[32m 25[2mms[22m[39m
validate / unit	UNKNOWN STEP	2026-09-12T19:14:17.3117970Z  [32m✓[39m packages/safe-js/src/interp/array-buffer-host.test.ts [2m([22m[2m9 tests[22m[2m)[22m[33m 602[2mms[22m[39m
validate / unit	UNKNOWN STEP	2026-09-12T19:14:17.3138103Z    [33m[2m✓[22m[39m distinguishes backing capacity and tracking layout when only a view is passed [33m 393[2mms[22m[39m
validate / unit	UNKNOWN STEP	2026-09-12T19:14:18.5032009Z  [32m✓[39m packages/safe-js/src/interp/methods/regex-modifiers.test.ts [2m([22m[2m37 tests[22m[2m)[22m[33m 2101[2mms[22m[39m
validate / unit	UNKNOWN STEP	2026-09-12T19:14:18.5033981Z      [33m[2m✓[22m[39m preserves modifier groups through iterator checkpoint replay [33m 418[2mms[22m[39m
validate / unit	UNKNOWN STEP	2026-09-12T19:14:19.4905420Z  [32m✓[39m packages/safe-js/src/interp/mapped-arguments.test.ts [2m([22m[2m9 tests[22m[2m)[22m[32m 15[2mms[22m[39m
validate / unit	UNKNOWN STEP	2026-09-12T19:14:19.8178235Z  [32m✓[39m packages/safe-js/src/snapshot/pending-promise-subclasses.test.ts [2m([22m[2m5 tests[22m[2m)[22m[33m 1602[2mms[22m[39m
validate / unit	UNKNOWN STEP	2026-09-12T19:14:19.8181300Z    [33m[2m✓[22m[39m restores pending subclass reactions: class P extends Promise{#label=9;read(){return this.#label}}const c=P.withResolvers();const chained=c.promise.then(value=>value+1);return async()=>{c.resolve(7);return [await chained,chained instanceof P,chained.read()]} [33m 525[2mms[22m[39m
validate / unit	UNKNOWN STEP	2026-09-12T19:14:19.8184599Z    [33m[2m✓[22m[39m restores pending subclass reactions: class P extends Promise{}const c=Promise.withResolvers();c.promise.constructor={[Symbol.species]:P};const chained=c.promise.then(undefined,reason=>'handled:'+reason);return async()=>{c.reject('reason');return [await chained,chained instanceof P]} [33m 321[2mms[22m[39m
validate / unit	UNKNOWN STEP	2026-09-12T19:14:19.8188897Z    [33m[2m✓[22m[39m restores pending subclass reactions: let constructors=0;class P extends Promise{constructor(executor){constructors++;super(executor)}}const c=Promise.withResolvers();c.promise.constructor={[Symbol.species]:P};const chained=c.promise.then(value=>value+1);return async()=>{const before=constructors;c.resolve(7);return [before,await chained]} [33m 310[2mms[22m[39m
validate / unit	UNKNOWN STEP	2026-09-12T19:14:19.8194641Z    [33m[2m✓[22m[39m restores pending subclass reactions: let settleResult;let calls=0;class P extends Promise{constructor(executor){super((resolve,reject)=>{settleResult=resolve;executor(resolve,reject)})}}const c=Promise.withResolvers();c.promise.constructor={[Symbol.species]:P};const chained=c.promise.then(()=>{calls++;return 7});settleResult(99);await chained;return async()=>{c.resolve(7);await c.promise;await 0;return [await chained,calls]} [33m 346[2mms[22m[39m
validate / unit	UNKNOWN STEP	2026-09-12T19:14:21.6748270Z  [32m✓[39m packages/safe-js/src/interp/globals/temporal-plain-date-construction.test.ts [2m([22m[2m7 tests[22m[2m)[22m[33m 961[2mms[22m[39m
validate / unit	UNKNOWN STEP	2026-09-12T19:14:23.9574840Z  [32m✓[39m packages/safe-js/src/snapshot/guest-generator-pattern-sources.test.ts [2m([22m[2m19 tests[22m[2m)[22m[33m 1326[2mms[22m[39m
validate / unit	UNKNOWN STEP	2026-09-12T19:14:24.2883538Z  [32m✓[39m packages/safe-js/src/interp/globals/dynamic-function-foreign-newtarget.test.ts [2m([22m[2m16 tests[22m[2m)[22m[33m 3873[2mms[22m[39m
validate / unit	UNKNOWN STEP	2026-09-12T19:14:24.2894893Z    [33m[2m✓[22m[39m keeps the body realm distinct from the prototype realm after replay: function(){} [33m 543[2mms[22m[39m
validate / unit	UNKNOWN STEP	2026-09-12T19:14:24.2897039Z    [33m[2m✓[22m[39m keeps the body realm distinct from the prototype realm after replay: async function(){} [33m 524[2mms[22m[39m
validate / unit	UNKNOWN STEP	2026-09-12T19:14:24.2898979Z    [33m[2m✓[22m[39m keeps the body realm distinct from the prototype realm after replay: function*(){} [33m 468[2mms[22m[39m
validate / unit	UNKNOWN STEP	2026-09-12T19:14:24.2901031Z    [33m[2m✓[22m[39m keeps the body realm distinct from the prototype realm after replay: async function*(){} [33m 477[2mms[22m[39m
validate / unit	UNKNOWN STEP	2026-09-12T19:14:24.9951539Z  [32m✓[39m packages/safe-js/src/snapshot/error-data.test.ts [2m([22m[2m15 tests[22m[2m)[22m[32m 45[2mms[22m[39m
validate / unit	UNKNOWN STEP	2026-09-12T19:14:26.8582116Z  [32m✓[39m packages/safe-js/src/interp/promise-subclass-async.test.ts [2m([22m[2m11 tests[22m[2m)[22m[33m 1575[2mms[22m[39m
validate / unit	UNKNOWN STEP	2026-09-12T19:14:26.8583922Z    [33m[2m✓[22m[39m preserves subclass async returns across pending replay [33m 372[2mms[22m[39m
validate / unit	UNKNOWN STEP	2026-09-12T19:14:26.8584894Z    [33m[2m✓[22m[39m assimilates subclass returns from a restored async closure graph [33m 306[2mms[22m[39m
validate / unit	UNKNOWN STEP	2026-09-12T19:14:26.9976082Z  [32m✓[39m packages/safe-js/src/interp/resource-declarations.test.ts [2m([22m[2m12 tests[22m[2m)[22m[33m 1044[2mms[22m[39m
validate / unit	UNKNOWN STEP	2026-09-12T19:14:29.2115987Z  [32m✓[39m packages/safe-js/src/interp/globals/temporal-plain-year-month-construction.test.ts [2m([22m[2m18 tests[22m[2m)[22m[33m 1400[2mms[22m[39m
validate / unit	UNKNOWN STEP	2026-09-12T19:14:30.0510151Z  [32m✓[39m packages/safe-js/src/interp/globals/temporal-plain-time-round.test.ts [2m([22m[2m33 tests[22m[2m)[22m[33m 2103[2mms[22m[39m
validate / unit	UNKNOWN STEP	2026-09-12T19:14:31.3181539Z  [32m✓[39m packages/safe-js/src/snapshot/temporal-duration-replay.test.ts [2m([22m[2m24 tests[22m[2m)[22m[32m 280[2mms[22m[39m
validate / unit	UNKNOWN STEP	2026-09-12T19:14:31.4554785Z  [32m✓[39m packages/safe-js/src/snapshot/guest-heap-validation.test.ts [2m([22m[2m11 tests[22m[2m)[22m[33m 1294[2mms[22m[39m
validate / unit	UNKNOWN STEP	2026-09-12T19:14:33.6765358Z  [32m✓[39m packages/safe-js/src/snapshot/guest-generator-pattern-defaults.test.ts [2m([22m[2m18 tests[22m[2m)[22m[33m 1288[2mms[22m[39m
validate / unit	UNKNOWN STEP	2026-09-12T19:14:35.2013852Z  [32m✓[39m packages/safe-js/src/snapshot/guest-lowlevel.test.ts [2m([22m[2m7 tests[22m[2m)[22m[33m 652[2mms[22m[39m
validate / unit	UNKNOWN STEP	2026-09-12T19:14:36.0905906Z  [32m✓[39m packages/safe-js/src/interp/methods/regex-flags.test.ts [2m([22m[2m43 tests[22m[2m)[22m[33m 3827[2mms[22m[39m
validate / unit	UNKNOWN STEP	2026-09-12T19:14:37.0634792Z  [32m✓[39m packages/safe-js/src/interp/job-kept-targets.test.ts [2m([22m[2m7 tests[22m[2m)[22m[32m 15[2mms[22m[39m
validate / unit	UNKNOWN STEP	2026-09-12T19:14:37.1960449Z  [32m✓[39m packages/safe-js/src/interp/globals/temporal-plain-date-from.test.ts [2m([22m[2m7 tests[22m[2m)[22m[33m 1043[2mms[22m[39m
validate / unit	UNKNOWN STEP	2026-09-12T19:14:38.0208442Z  [32m✓[39m packages/safe-js/src/interp/collection-iterator-bridges.test.ts [2m([22m[2m7 tests[22m[2m)[22m[32m 23[2mms[22m[39m
validate / unit	UNKNOWN STEP	2026-09-12T19:14:38.9719553Z  [32m✓[39m packages/safe-js/src/interp/guest-proxy-integrity.test.ts [2m([22m[2m12 tests[22m[2m)[22m[33m 829[2mms[22m[39m
validate / unit	UNKNOWN STEP	2026-09-12T19:14:41.0496647Z  [32m✓[39m packages/safe-js/src/interp/globals/intl.test.ts [2m([22m[2m28 tests[22m[2m)[22m[33m 2100[2mms[22m[39m
validate / unit	UNKNOWN STEP	2026-09-12T19:14:41.0498235Z    [33m[2m✓[22m[39m replays Intl namespace and method mutations from a pending checkpoint [33m 376[2mms[22m[39m
validate / unit	UNKNOWN STEP	2026-09-12T19:14:42.2287983Z  [32m✓[39m packages/safe-js/src/snapshot/pending-promise-aggregates.test.ts [2m([22m[2m7 tests[22m[2m)[22m[33m 2306[2mms[22m[39m
validate / unit	UNKNOWN STEP	2026-09-12T19:14:42.2328605Z    [33m[2m✓[22m[39m restores partially completed Promise.all without repeating resolve effects [33m 616[2mms[22m[39m
validate / unit	UNKNOWN STEP	2026-09-12T19:14:42.2336868Z    [33m[2m✓[22m[39m restores partially completed Promise.all without repeating resolve effects [33m 386[2mms[22m[39m
validate / unit	UNKNOWN STEP	2026-09-12T19:14:42.2337934Z    [33m[2m✓[22m[39m restores partially completed Promise.allSettled without repeating resolve effects [33m 338[2mms[22m[39m
validate / unit	UNKNOWN STEP	2026-09-12T19:14:42.2338986Z    [33m[2m✓[22m[39m restores partially completed Promise.any without repeating resolve effects [33m 306[2mms[22m[39m
validate / unit	UNKNOWN STEP	2026-09-12T19:14:43.3174445Z  [32m✓[39m packages/safe-js/src/interp/globals/temporal-plain-time-arithmetic.test.ts [2m([22m[2m15 tests[22m[2m)[22m[33m 1280[2mms[22m[39m
validate / unit	UNKNOWN STEP	2026-09-12T19:14:44.2959513Z  [32m✓[39m packages/safe-js/src/snapshot/temporal-plain-time-replay.test.ts [2m([22m[2m26 tests[22m[2m)[22m[32m 26[2mms[22m[39m
validate / unit	UNKNOWN STEP	2026-09-12T19:14:44.5893901Z  [32m✓[39m packages/safe-js/src/interp/globals/regex-like-construction.test.ts [2m([22m[2m18 tests[22m[2m)[22m[33m 1332[2mms[22m[39m
validate / unit	UNKNOWN STEP	2026-09-12T19:14:45.5057850Z  [32m✓[39m packages/safe-js/src/interp/temporal-plain-date-time-copy.test.ts [2m([22m[2m10 tests[22m[2m)[22m[32m 19[2mms[22m[39m
validate / unit	UNKNOWN STEP	2026-09-12T19:14:45.7118374Z  [32m✓[39m packages/safe-js/src/lint/rules/AS-missing-async.test.ts [2m([22m[2m11 tests[22m[2m)[22m[32m 20[2mms[22m[39m
validate / unit	UNKNOWN STEP	2026-09-12T19:14:45.7387992Z  [32m✓[39m packages/safe-js/src/interp/guest-proxy-accessor-lookup.test.ts [2m([22m[2m11 tests[22m[2m)[22m[33m 568[2mms[22m[39m
validate / unit	UNKNOWN STEP	2026-09-12T19:14:47.6037185Z  [32m✓[39m packages/safe-js/src/interp/array-buffer.test.ts [2m([22m[2m10 tests[22m[2m)[22m[33m 1001[2mms[22m[39m
validate / unit	UNKNOWN STEP	2026-09-12T19:14:47.6038806Z    [33m[2m✓[22m[39m preserves exposed buffer identity through snapshot round trips [33m 591[2mms[22m[39m
validate / unit	UNKNOWN STEP	2026-09-12T19:14:47.7390623Z  [32m✓[39m packages/safe-js/src/interp/globals/temporal-zoned-date-time-construction.test.ts [2m([22m[2m11 tests[22m[2m)[22m[33m 1111[2mms[22m[39m
validate / unit	UNKNOWN STEP	2026-09-12T19:14:49.0711640Z  [32m✓[39m packages/safe-js/src/parse/parse-import-meta.test.ts [2m([22m[2m14 tests[22m[2m)[22m[33m 401[2mms[22m[39m
validate / unit	UNKNOWN STEP	2026-09-12T19:14:49.2749358Z  [32m✓[39m packages/safe-js/src/interp/temporal-plain-date.test.ts [2m([22m[2m14 tests[22m[2m)[22m[32m 12[2mms[22m[39m
validate / unit	UNKNOWN STEP	2026-09-12T19:14:49.5790001Z  [32m✓[39m packages/safe-js/src/interp/globals/eval-foreign-realm.test.ts [2m([22m[2m5 tests[22m[2m)[22m[33m 1053[2mms[22m[39m
validate / unit	UNKNOWN STEP	2026-09-12T19:14:49.5792341Z    [33m[2m✓[22m[39m keeps foreign eval writes and declarations in its owner across replay [33m 501[2mms[22m[39m
validate / unit	UNKNOWN STEP	2026-09-12T19:14:51.5426292Z  [32m✓[39m packages/safe-js/src/interp/globals/intl-datetimeformat-temporal.test.ts [2m([22m[2m9 tests[22m[2m)[22m[33m 1074[2mms[22m[39m
validate / unit	UNKNOWN STEP	2026-09-12T19:14:51.5428635Z    [33m[2m✓[22m[39m preserves requested defaults and cached format functions through replay [33m 305[2mms[22m[39m
validate / unit	UNKNOWN STEP	2026-09-12T19:14:53.0096414Z  [32m✓[39m packages/safe-js/src/interp/globals/atomics-wait-disposal.test.ts [2m([22m[2m5 tests[22m[2m)[22m[33m 576[2mms[22m[39m
validate / unit	UNKNOWN STEP	2026-09-12T19:14:55.4299819Z  [32m✓[39m packages/safe-js/src/interp/intrinsic-prototype-origin.test.ts [2m([22m[2m46 tests[22m[2m)[22m[33m 5265[2mms[22m[39m
validate / unit	UNKNOWN STEP	2026-09-12T19:14:55.4340682Z    [33m[2m✓[22m[39m keeps Date.prototype's original parent under foreign inspection and replay [33m 363[2mms[22m[39m
validate / unit	UNKNOWN STEP	2026-09-12T19:14:57.1868246Z  [32m✓[39m packages/safe-js/src/interp/function-bind-prototype-order.test.ts [2m([22m[2m11 tests[22m[2m)[22m[33m 860[2mms[22m[39m
validate / unit	UNKNOWN STEP	2026-09-12T19:14:58.1523458Z  [32m✓[39m packages/safe-js/src/interp/globals/iterator-helper-result-realm.test.ts [2m([22m[2m25 tests[22m[2m)[22m[33m 4240[2mms[22m[39m
validate / unit	UNKNOWN STEP	2026-09-12T19:14:58.1525244Z    [33m[2m✓[22m[39m retains borrowed helper result realms: 'map(x=>x)' [ 'next', 'next', 'next' ] [33m 304[2mms[22m[39m
validate / unit	UNKNOWN STEP	2026-09-12T19:14:58.1526966Z    [33m[2m✓[22m[39m retains helper result prototypes through public replay: map(x=>x) [33m 325[2mms[22m[39m
validate / unit	UNKNOWN STEP	2026-09-12T19:14:59.3666791Z  [32m✓[39m packages/safe-js/src/interp/globals/temporal-plain-month-day-construction.test.ts [2m([22m[2m16 tests[22m[2m)[22m[33m 1253[2mms[22m[39m
validate / unit	UNKNOWN STEP	2026-09-12T19:15:00.2982891Z  [32m✓[39m packages/safe-js/src/interp/globals/temporal-duration-compare.test.ts [2m([22m[2m16 tests[22m[2m)[22m[33m 1177[2mms[22m[39m
validate / unit	UNKNOWN STEP	2026-09-12T19:15:01.1319654Z  [32m✓[39m packages/safe-js/test/conformance/result.test.ts [2m([22m[2m19 tests[22m[2m)[22m[33m 873[2mms[22m[39m
validate / unit	UNKNOWN STEP	2026-09-12T19:15:03.6474594Z  [32m✓[39m packages/safe-js/src/run.host-nested-promise-replay.test.ts [2m([22m[2m5 tests[22m[2m)[22m[33m 2213[2mms[22m[39m
validate / unit	UNKNOWN STEP	2026-09-12T19:15:03.6476612Z    [33m[2m✓[22m[39m replays a rejected nested host Promise without invoking the host again [33m 565[2mms[22m[39m
validate / unit	UNKNOWN STEP	2026-09-12T19:15:03.6478461Z    [33m[2m✓[22m[39m replays deeper imported settlements with per-host-outcome identity isolation [33m 555[2mms[22m[39m
validate / unit	UNKNOWN STEP	2026-09-12T19:15:03.6480199Z    [33m[2m✓[22m[39m replays a nested settled Promise returned by a host function (async: false) [33m 377[2mms[22m[39m
validate / unit	UNKNOWN STEP	2026-09-12T19:15:03.6481857Z    [33m[2m✓[22m[39m replays a nested settled Promise returned by a host function (async: true) [33m 312[2mms[22m[39m
validate / unit	UNKNOWN STEP	2026-09-12T19:15:03.6483708Z    [33m[2m✓[22m[39m preserves tracked Promise order across delayed and immediately resolved host results [33m 402[2mms[22m[39m
validate / unit	UNKNOWN STEP	2026-09-12T19:15:04.4617797Z  [32m✓[39m packages/safe-js/src/interp/methods/regex-backreference.test.ts [2m([22m[2m36 tests[22m[2m)[22m[33m 2409[2mms[22m[39m
validate / unit	UNKNOWN STEP	2026-09-12T19:15:04.4618754Z      [33m[2m✓[22m[39m preserves compiled references across an iterator checkpoint [33m 378[2mms[22m[39m
validate / unit	UNKNOWN STEP	2026-09-12T19:15:05.4707188Z  [32m✓[39m packages/safe-js/src/snapshot/temporal-plain-year-month.test.ts [2m([22m[2m15 tests[22m[2m)[22m[32m 57[2mms[22m[39m
validate / unit	UNKNOWN STEP	2026-09-12T19:15:05.8257698Z  [32m✓[39m packages/safe-js/src/snapshot/guest-generator-declarations.test.ts [2m([22m[2m19 tests[22m[2m)[22m[33m 1304[2mms[22m[39m
validate / unit	UNKNOWN STEP	2026-09-12T19:15:09.3134644Z  [32m✓[39m packages/safe-js/src/interp/globals/number-mc-003-validation.test.ts [2m([22m[2m56 tests[22m[2m)[22m[33m 2651[2mms[22m[39m
validate / unit	UNKNOWN STEP	2026-09-12T19:15:10.0666454Z  [32m✓[39m packages/safe-js/src/snapshot/eval-source.test.ts [2m([22m[2m18 tests[22m[2m)[22m[33m 3665[2mms[22m[39m
validate / unit	UNKNOWN STEP	2026-09-12T19:15:10.0668490Z    [33m[2m✓[22m[39m restores an eval closure from its own source namespace [33m 334[2mms[22m[39m
validate / unit	UNKNOWN STEP	2026-09-12T19:15:10.2726910Z  [32m✓[39m packages/safe-js/src/interp/temporal-plain-date-time.test.ts [2m([22m[2m15 tests[22m[2m)[22m[32m 16[2mms[22m[39m
validate / unit	UNKNOWN STEP	2026-09-12T19:15:11.1909488Z  [32m✓[39m packages/safe-js/src/interp/clone-prototype-independent.test.ts [2m([22m[2m4 tests[22m[2m)[22m[32m 15[2mms[22m[39m
validate / unit	UNKNOWN STEP	2026-09-12T19:15:11.5348410Z  [32m✓[39m packages/safe-js/src/run.promise-property-key-budgets.test.ts [2m([22m[2m14 tests[22m[2m)[22m[33m 1068[2mms[22m[39m
validate / unit	UNKNOWN STEP	2026-09-12T19:15:11.5350291Z    [33m[2m✓[22m[39m applies replay string limits to property keys {"promise":false,"length":128} [33m 315[2mms[22m[39m
validate / unit	UNKNOWN STEP	2026-09-12T19:15:12.5584437Z  [32m✓[39m packages/safe-js/src/interp/guest-proxy-is-prototype.test.ts [2m([22m[2m9 tests[22m[2m)[22m[33m 435[2mms[22m[39m
validate / unit	UNKNOWN STEP	2026-09-12T19:15:13.8264873Z  [32m✓[39m packages/safe-js/src/interp/temporal-duration-import.test.ts [2m([22m[2m7 tests[22m[2m)[22m[33m 362[2mms[22m[39m
validate / unit	UNKNOWN STEP	2026-09-12T19:15:13.8267316Z    [33m[2m✓[22m[39m imports bindings and replays a host result without repeating the call (0) [33m 350[2mms[22m[39m
validate / unit	UNKNOWN STEP	2026-09-12T19:15:14.1138750Z  [32m✓[39m packages/safe-js/src/interp/globals/temporal-plain-time-format.test.ts [2m([22m[2m28 tests[22m[2m)[22m[33m 1691[2mms[22m[39m
validate / unit	UNKNOWN STEP	2026-09-12T19:15:15.9667352Z  [32m✓[39m packages/safe-js/src/interp/guest-proxy-ownership.test.ts [2m([22m[2m21 tests[22m[2m)[22m[33m 1257[2mms[22m[39m
validate / unit	UNKNOWN STEP	2026-09-12T19:15:16.1504982Z  [32m✓[39m packages/safe-js/test/conformance/report.test.ts [2m([22m[2m15 tests[22m[2m)[22m[32m 11[2mms[22m[39m
validate / unit	UNKNOWN STEP	2026-09-12T19:15:16.7932701Z  [32m✓[39m packages/safe-js/src/interp/globals/temporal-instant-format.test.ts [2m([22m[2m31 tests[22m[2m)[22m[33m 1776[2mms[22m[39m
validate / unit	UNKNOWN STEP	2026-09-12T19:15:18.5660842Z  [32m✓[39m packages/safe-js/src/parse/new-tagged-template.test.ts [2m([22m[2m17 tests[22m[2m)[22m[33m 1526[2mms[22m[39m
validate / unit	UNKNOWN STEP	2026-09-12T19:15:19.5346515Z  [32m✓[39m packages/safe-js/src/interp/globals/date-coercion.test.ts [2m([22m[2m22 tests[22m[2m)[22m[33m 1785[2mms[22m[39m
validate / unit	UNKNOWN STEP	2026-09-12T19:15:19.5348535Z    [33m[2m✓[22m[39m preserves Date argument coercion across pending replay [33m 318[2mms[22m[39m
validate / unit	UNKNOWN STEP	2026-09-12T19:15:21.0080090Z  [32m✓[39m packages/safe-js/src/run.pending-imported-promise-nested-proof.test.ts [2m([22m[2m2 tests[22m[2m)[22m[33m 1231[2mms[22m[39m
validate / unit	UNKNOWN STEP	2026-09-12T19:15:21.0082320Z    [33m[2m✓[22m[39m replays a pending checkpoint containing a Promise introduced by a reconciliation proof [33m 720[2mms[22m[39m
validate / unit	UNKNOWN STEP	2026-09-12T19:15:21.0083446Z    [33m[2m✓[22m[39m replays a completed checkpoint containing a Promise introduced by a reconciliation proof [33m 509[2mms[22m[39m
validate / unit	UNKNOWN STEP	2026-09-12T19:15:21.3882558Z  [32m✓[39m packages/safe-js/src/interp/globals/temporal-plain-date-arithmetic.test.ts [2m([22m[2m7 tests[22m[2m)[22m[33m 919[2mms[22m[39m
validate / unit	UNKNOWN STEP	2026-09-12T19:15:21.3904186Z    [33m[2m✓[22m[39m returns fresh intrinsic dates and replays captured arithmetic methods [33m 311[2mms[22m[39m
validate / unit	UNKNOWN STEP	2026-09-12T19:15:21.9400786Z  [32m✓[39m packages/safe-js/src/interp/temporal-plain-year-month-copy.test.ts [2m([22m[2m10 tests[22m[2m)[22m[32m 16[2mms[22m[39m
validate / unit	UNKNOWN STEP	2026-09-12T19:15:23.0064574Z  [32m✓[39m packages/safe-js/src/interp/globals/iterator-sdk-builtin-input.test.ts [2m([22m[2m11 tests[22m[2m)[22m[33m 751[2mms[22m[39m
validate / unit	UNKNOWN STEP	2026-09-12T19:15:23.7774848Z  [32m✓[39m packages/safe-js/src/interp/globals/iterator-dispose.test.ts [2m([22m[2m8 tests[22m[2m)[22m[33m 924[2mms[22m[39m
validate / unit	UNKNOWN STEP	2026-09-12T19:15:23.7777242Z    [33m[2m✓[22m[39m restores an escaped disposal method through JSON after the prototype is changed [33m 308[2mms[22m[39m
validate / unit	UNKNOWN STEP	2026-09-12T19:15:24.4699679Z  [32m✓[39m packages/safe-js/src/interp/globals/iterator-sdk-from-proxy.test.ts [2m([22m[2m7 tests[22m[2m)[22m[33m 523[2mms[22m[39m
validate / unit	UNKNOWN STEP	2026-09-12T19:15:25.2210096Z  [32m✓[39m packages/safe-js/src/interp/globals/typed-array-sdk-of-proxy.test.ts [2m([22m[2m8 tests[22m[2m)[22m[33m 553[2mms[22m[39m
validate / unit	UNKNOWN STEP	2026-09-12T19:15:25.3728802Z  [32m✓[39m packages/safe-js/src/snapshot/replay-graph-extension.test.ts [2m([22m[2m5 tests[22m[2m)[22m[32m 16[2mms[22m[39m
validate / unit	UNKNOWN STEP	2026-09-12T19:15:27.7550317Z  [32m✓[39m packages/safe-js/src/snapshot/guest-generator-dump.test.ts [2m([22m[2m7 tests[22m[2m)[22m[33m 1467[2mms[22m[39m
validate / unit	UNKNOWN STEP	2026-09-12T19:15:27.7552393Z    [33m[2m✓[22m[39m preserves generator aliases, origins, suspended lexical frames and channel history [33m 451[2mms[22m[39m
validate / unit	UNKNOWN STEP	2026-09-12T19:15:27.8868256Z  [32m✓[39m packages/safe-js/src/interp/globals/dynamic-with.test.ts [2m([22m[2m30 tests[22m[2m)[22m[33m 1784[2mms[22m[39m
validate / unit	UNKNOWN STEP	2026-09-12T19:15:29.7244568Z  [32m✓[39m packages/safe-js/src/parse/module-source-budget.test.ts [2m([22m[2m8 tests[22m[2m)[22m[33m 1055[2mms[22m[39m
validate / unit	UNKNOWN STEP	2026-09-12T19:15:29.7245886Z    [33m[2m✓[22m[39m enforces 'steps' while restoring stored module source through 'run' [33m 375[2mms[22m[39m
validate / unit	UNKNOWN STEP	2026-09-12T19:15:30.9977426Z  [32m✓[39m packages/safe-js/src/snapshot/guest-generator-objects.test.ts [2m([22m[2m16 tests[22m[2m)[22m[33m 416[2mms[22m[39m
validate / unit	UNKNOWN STEP	2026-09-12T19:15:32.3361744Z  [32m✓[39m packages/safe-js/src/interp/globals/weak-collection-realms.test.ts [2m([22m[2m32 tests[22m[2m)[22m[33m 3494[2mms[22m[39m
validate / unit	UNKNOWN STEP	2026-09-12T19:15:32.3363547Z    [33m[2m✓[22m[39m preserves WeakMap default realm after replay and global replacement [33m 450[2mms[22m[39m
validate / unit	UNKNOWN STEP	2026-09-12T19:15:33.0678313Z  [32m✓[39m packages/safe-js/src/interp/array-buffer-resizable.test.ts [2m([22m[2m12 tests[22m[2m)[22m[33m 1162[2mms[22m[39m
validate / unit	UNKNOWN STEP	2026-09-12T19:15:33.0680420Z    [33m[2m✓[22m[39m preserves guest resizable capacity through snapshot round trips [33m 497[2mms[22m[39m
validate / unit	UNKNOWN STEP	2026-09-12T19:15:34.5943980Z  [32m✓[39m packages/safe-js/src/interp/globals/promise-resolver-metadata.test.ts [2m([22m[2m8 tests[22m[2m)[22m[33m 1293[2mms[22m[39m
validate / unit	UNKNOWN STEP	2026-09-12T19:15:35.3405926Z  [32m✓[39m packages/safe-js/src/interp/globals/date-structured-clone.test.ts [2m([22m[2m13 tests[22m[2m)[22m[33m 1367[2mms[22m[39m
validate / unit	UNKNOWN STEP	2026-09-12T19:15:35.3407893Z    [33m[2m✓[22m[39m preserves Date structured clones across pending replay [33m 350[2mms[22m[39m
validate / unit	UNKNOWN STEP	2026-09-12T19:15:35.6152528Z  [32m✓[39m packages/safe-js/src/lint/classes.test.ts [2m([22m[2m17 tests[22m[2m)[22m[32m 57[2mms[22m[39m
validate / unit	UNKNOWN STEP	2026-09-12T19:15:36.5116792Z  [32m✓[39m packages/safe-js/src/interp/temporal-duration.test.ts [2m([22m[2m25 tests[22m[2m)[22m[32m 16[2mms[22m[39m
validate / unit	UNKNOWN STEP	2026-09-12T19:15:36.8044274Z  [32m✓[39m packages/safe-js/src/interp/globals/temporal-plain-date-time-with.test.ts [2m([22m[2m15 tests[22m[2m)[22m[33m 1288[2mms[22m[39m
validate / unit	UNKNOWN STEP	2026-09-12T19:15:36.8049419Z    [33m[2m✓[22m[39m ignores receiver getters and subclass constructors, retaining the method through replay [33m 373[2mms[22m[39m
validate / unit	UNKNOWN STEP	2026-09-12T19:15:38.8470757Z  [32m✓[39m packages/safe-js/src/snapshot/pending-promise-species.test.ts [2m([22m[2m4 tests[22m[2m)[22m[33m 1088[2mms[22m[39m
validate / unit	UNKNOWN STEP	2026-09-12T19:15:38.8472300Z    [33m[2m✓[22m[39m restores unresolved aggregate capability callbacks: const result = P.all([c.promise]) [33m 528[2mms[22m[39m
validate / unit	UNKNOWN STEP	2026-09-12T19:15:40.7926139Z  [32m✓[39m packages/safe-js/src/interp/methods/regex-symbol-match.test.ts [2m([22m[2m15 tests[22m[2m)[22m[33m 1023[2mms[22m[39m
validate / unit	UNKNOWN STEP	2026-09-12T19:15:42.9877040Z  [32m✓[39m packages/safe-js/src/snapshot/guest-generator-for-continuations.test.ts [2m([22m[2m26 tests[22m[2m)[22m[33m 1319[2mms[22m[39m
validate / unit	UNKNOWN STEP	2026-09-12T19:15:46.4044647Z  [32m✓[39m packages/safe-js/src/interp/globals/array-proxy-index-keys.test.ts [2m([22m[2m29 tests[22m[2m)[22m[33m 2497[2mms[22m[39m
validate / unit	UNKNOWN STEP	2026-09-12T19:15:46.4046964Z    [33m[2m✓[22m[39m preserves string index keys through pending checkpoints [33m 329[2mms[22m[39m
validate / unit	UNKNOWN STEP	2026-09-12T19:15:48.2663423Z  [32m✓[39m packages/safe-js/src/snapshot/guest-generator-branches.test.ts [2m([22m[2m40 tests[22m[2m)[22m[33m 999[2mms[22m[39m
validate / unit	UNKNOWN STEP	2026-09-12T19:15:49.5205061Z  [32m✓[39m packages/safe-js/src/snapshot/guest-generator-templates.test.ts [2m([22m[2m14 tests[22m[2m)[22m[33m 402[2mms[22m[39m
validate / unit	UNKNOWN STEP	2026-09-12T19:15:50.3858811Z  [32m✓[39m packages/safe-js/src/snapshot/temporal-calendar-replay.test.ts [2m([22m[2m36 tests[22m[2m)[22m[32m 33[2mms[22m[39m
validate / unit	UNKNOWN STEP	2026-09-12T19:15:50.5932379Z  [32m✓[39m packages/safe-js/src/lint/rules/AS-mutating-frozen.test.ts [2m([22m[2m11 tests[22m[2m)[22m[32m 20[2mms[22m[39m
validate / unit	UNKNOWN STEP	2026-09-12T19:15:52.8718064Z  [32m✓[39m packages/safe-js/src/snapshot/global-object.test.ts [2m([22m[2m4 tests[22m[2m)[22m[33m 1399[2mms[22m[39m
validate / unit	UNKNOWN STEP	2026-09-12T19:15:52.8720176Z    [33m[2m✓[22m[39m preserves global object identity and identifier storage through repeated snapshots [33m 737[2mms[22m[39m
validate / unit	UNKNOWN STEP	2026-09-12T19:15:54.2476028Z  [32m✓[39m packages/safe-js/src/interp/numberformat-subsecond-units.test.ts [2m([22m[2m82 tests[22m[2m)[22m[33m 475[2mms[22m[39m
validate / unit	UNKNOWN STEP	2026-09-12T19:15:55.3047710Z  [32m✓[39m packages/safe-js/src/snapshot/date-properties.test.ts [2m([22m[2m9 tests[22m[2m)[22m[32m 154[2mms[22m[39m
validate / unit	UNKNOWN STEP	2026-09-12T19:15:58.7946139Z  [32m✓[39m packages/safe-js/src/parse/keyword-properties.test.ts [2m([22m[2m54 tests[22m[2m)[22m[33m 2609[2mms[22m[39m
validate / unit	UNKNOWN STEP	2026-09-12T19:15:59.6828722Z  [32m✓[39m packages/safe-js/src/snapshot/scope-frames.test.ts [2m([22m[2m6 tests[22m[2m)[22m[32m 11[2mms[22m[39m
validate / unit	UNKNOWN STEP	2026-09-12T19:16:01.9360268Z  [32m✓[39m packages/safe-js/src/interp/globals/regexp-foreign-call-owner.test.ts [2m([22m[2m10 tests[22m[2m)[22m[33m 1395[2mms[22m[39m
validate / unit	UNKNOWN STEP	2026-09-12T19:16:01.9362962Z    [33m[2m✓[22m[39m supports foreign RegExp after replay: C [33m 311[2mms[22m[39m
validate / unit	UNKNOWN STEP	2026-09-12T19:16:03.1905987Z  [32m✓[39m packages/safe-js/src/interp/globals/math-function-metadata.test.ts [2m([22m[2m186 tests[22m[2m)[22m[33m 25696[2mms[22m[39m
validate / unit	UNKNOWN STEP	2026-09-12T19:16:03.1907930Z    [33m[2m✓[22m[39m preserves Math.'abs' metadata in 'pending' checkpoints [33m 380[2mms[22m[39m
validate / unit	UNKNOWN STEP	2026-09-12T19:16:03.1909310Z    [33m[2m✓[22m[39m preserves Math.'acosh' metadata in 'pending' checkpoints [33m 303[2mms[22m[39m
validate / unit	UNKNOWN STEP	2026-09-12T19:16:03.1921718Z    [33m[2m✓[22m[39m preserves Math.'asin' metadata in 'pending' checkpoints [33m 427[2mms[22m[39m
validate / unit	UNKNOWN STEP	2026-09-12T19:16:03.1923302Z    [33m[2m✓[22m[39m preserves Math.'cbrt' metadata in 'pending' checkpoints [33m 307[2mms[22m[39m
validate / unit	UNKNOWN STEP	2026-09-12T19:16:03.1925021Z    [33m[2m✓[22m[39m preserves Math.'cos' metadata in 'completed' checkpoints [33m 304[2mms[22m[39m
validate / unit	UNKNOWN STEP	2026-09-12T19:16:03.1926760Z    [33m[2m✓[22m[39m preserves Math.'sumPrecise' metadata in 'completed' checkpoints [33m 302[2mms[22m[39m
validate / unit	UNKNOWN STEP	2026-09-12T19:16:03.1928412Z    [33m[2m✓[22m[39m preserves Math.'tanh' metadata in 'completed' checkpoints [33m 304[2mms[22m[39m
validate / unit	UNKNOWN STEP	2026-09-12T19:16:03.1929902Z    [33m[2m✓[22m[39m preserves Math.'trunc' metadata in 'completed' checkpoints [33m 671[2mms[22m[39m
validate / unit	UNKNOWN STEP	2026-09-12T19:16:03.7874076Z  [32m✓[39m packages/safe-js/src/interp/globals/typed-array-sdk-from-proxy.test.ts [2m([22m[2m12 tests[22m[2m)[22m[33m 926[2mms[22m[39m
validate / unit	UNKNOWN STEP	2026-09-12T19:16:04.8101614Z  [32m✓[39m packages/safe-js/src/snapshot/template-identity.test.ts [2m([22m[2m14 tests[22m[2m)[22m[32m 113[2mms[22m[39m
validate / unit	UNKNOWN STEP	2026-09-12T19:16:05.5698796Z  [32m✓[39m packages/safe-js/src/interp/globals/promise-subclass-prototype.test.ts [2m([22m[2m15 tests[22m[2m)[22m[33m 1361[2mms[22m[39m
validate / unit	UNKNOWN STEP	2026-09-12T19:16:05.5700540Z    [33m[2m✓[22m[39m preserves subclass promises across pending replay [33m 333[2mms[22m[39m
validate / unit	UNKNOWN STEP	2026-09-12T19:16:06.0829608Z  [32m✓[39m packages/safe-js/src/parse/numeric-literals.test.ts [2m([22m[2m64 tests[22m[2m)[22m[32m 296[2mms[22m[39m
validate / unit	UNKNOWN STEP	2026-09-12T19:16:10.1222423Z  [32m✓[39m packages/safe-js/src/interp/globals/intl-foreign-newtarget.test.ts [2m([22m[2m32 tests[22m[2m)[22m[33m 3614[2mms[22m[39m
validate / unit	UNKNOWN STEP	2026-09-12T19:16:10.1234647Z    [33m[2m✓[22m[39m keeps Intl.NumberFormat defaults after target replay [33m 327[2mms[22m[39m
validate / unit	UNKNOWN STEP	2026-09-12T19:16:10.2076995Z  [32m✓[39m packages/safe-js/src/interp/globals/json-function-metadata.test.ts [2m([22m[2m22 tests[22m[2m)[22m[33m 3187[2mms[22m[39m
validate / unit	UNKNOWN STEP	2026-09-12T19:16:10.2078115Z    [33m[2m✓[22m[39m preserves JSON.'parse' metadata in 'pending' checkpoints [33m 388[2mms[22m[39m
validate / unit	UNKNOWN STEP	2026-09-12T19:16:11.0093814Z  [32m✓[39m packages/safe-js/src/interp/host-argument-normalization.test.ts [2m([22m[2m8 tests[22m[2m)[22m[32m 10[2mms[22m[39m
validate / unit	UNKNOWN STEP	2026-09-12T19:16:12.3947027Z  [32m✓[39m packages/safe-js/src/interp/globals/temporal-plain-date-with.test.ts [2m([22m[2m15 tests[22m[2m)[22m[33m 1299[2mms[22m[39m
validate / unit	UNKNOWN STEP	2026-09-12T19:16:12.3978069Z    [33m[2m✓[22m[39m returns fresh intrinsic results and replays captured replacement [33m 316[2mms[22m[39m
validate / unit	UNKNOWN STEP	2026-09-12T19:16:12.6058117Z  [32m✓[39m packages/safe-js/src/interp/for-of-array-protocol.test.ts [2m([22m[2m9 tests[22m[2m)[22m[33m 697[2mms[22m[39m
validate / unit	UNKNOWN STEP	2026-09-12T19:16:13.5039738Z  [32m✓[39m packages/safe-js/src/interp/temporal-zoned-date-time-copy.test.ts [2m([22m[2m8 tests[22m[2m)[22m[32m 25[2mms[22m[39m
validate / unit	UNKNOWN STEP	2026-09-12T19:16:14.5894386Z  [32m✓[39m packages/safe-js/src/interp/globals/temporal-plain-date-time-from.test.ts [2m([22m[2m22 tests[22m[2m)[22m[33m 1325[2mms[22m[39m
validate / unit	UNKNOWN STEP	2026-09-12T19:16:15.0735546Z  [32m✓[39m packages/safe-js/src/interp/globals/finalization-registry.test.ts [2m([22m[2m6 tests[22m[2m)[22m[33m 643[2mms[22m[39m
validate / unit	UNKNOWN STEP	2026-09-12T19:16:17.1547726Z  [32m✓[39m packages/safe-js/src/interp/methods/regex-to-string.test.ts [2m([22m[2m19 tests[22m[2m)[22m[33m 1154[2mms[22m[39m
validate / unit	UNKNOWN STEP	2026-09-12T19:16:18.4041448Z  [32m✓[39m packages/safe-js/src/interp/methods/regex-legacy-grammar.test.ts [2m([22m[2m54 tests[22m[2m)[22m[33m 2819[2mms[22m[39m
validate / unit	UNKNOWN STEP	2026-09-12T19:16:18.4042388Z      [33m[2m✓[22m[39m preserves legacy patterns through checkpoint replay [33m 436[2mms[22m[39m
validate / unit	UNKNOWN STEP	2026-09-12T19:16:21.1773344Z  [32m✓[39m packages/safe-js/src/interp/guest-proxy-array-methods.test.ts [2m([22m[2m45 tests[22m[2m)[22m[33m 3153[2mms[22m[39m
validate / unit	UNKNOWN STEP	2026-09-12T19:16:23.1489175Z  [32m✓[39m packages/safe-js/src/interp/globals/temporal-duration-arithmetic.test.ts [2m([22m[2m14 tests[22m[2m)[22m[33m 1013[2mms[22m[39m
validate / unit	UNKNOWN STEP	2026-09-12T19:16:24.5716360Z  [32m✓[39m packages/safe-js/src/snapshot/internal-continuation-references.test.ts [2m([22m[2m21 tests[22m[2m)[22m[33m 5232[2mms[22m[39m
validate / unit	UNKNOWN STEP	2026-09-12T19:16:24.5718680Z    [33m[2m✓[22m[39m rejects internal 'promise-aggregate' through 'binding' while preserving legitimate continuation links [33m 470[2mms[22m[39m
validate / unit	UNKNOWN STEP	2026-09-12T19:16:26.3137193Z  [32m✓[39m packages/safe-js/src/interp/guest-proxy-concat.test.ts [2m([22m[2m12 tests[22m[2m)[22m[33m 795[2mms[22m[39m
validate / unit	UNKNOWN STEP	2026-09-12T19:16:26.7269173Z  [32m✓[39m packages/safe-js/src/interp/globals/string-padding-coercion.test.ts [2m([22m[2m36 tests[22m[2m)[22m[33m 2648[2mms[22m[39m
validate / unit	UNKNOWN STEP	2026-09-12T19:16:26.7273098Z    [33m[2m✓[22m[39m preserves padding conversion through pending checkpoints [33m 363[2mms[22m[39m
validate / unit	UNKNOWN STEP	2026-09-12T19:16:28.0828524Z  [32m✓[39m packages/safe-js/src/interp/guest-proxy-instanceof.test.ts [2m([22m[2m9 tests[22m[2m)[22m[33m 480[2mms[22m[39m
validate / unit	UNKNOWN STEP	2026-09-12T19:16:28.2028220Z  [32m✓[39m packages/safe-js/src/interp/globals/temporal-plain-date-time-format.test.ts [2m([22m[2m10 tests[22m[2m)[22m[33m 906[2mms[22m[39m
validate / unit	UNKNOWN STEP	2026-09-12T19:16:29.7459578Z  [32m✓[39m packages/safe-js/src/interp/guest-proxy-descriptor-input.test.ts [2m([22m[2m10 tests[22m[2m)[22m[33m 786[2mms[22m[39m
validate / unit	UNKNOWN STEP	2026-09-12T19:16:31.5725535Z  [32m✓[39m packages/safe-js/src/interp/guest-proxy-flatten.test.ts [2m([22m[2m16 tests[22m[2m)[22m[33m 921[2mms[22m[39m
validate / unit	UNKNOWN STEP	2026-09-12T19:16:33.7815071Z  [32m✓[39m packages/safe-js/src/interp/promise-await-properties.test.ts [2m([22m[2m13 tests[22m[2m)[22m[33m 1325[2mms[22m[39m
validate / unit	UNKNOWN STEP	2026-09-12T19:16:33.7816653Z    [33m[2m✓[22m[39m preserves await property observations across pending replay [33m 344[2mms[22m[39m
validate / unit	UNKNOWN STEP	2026-09-12T19:16:36.3852536Z  [32m✓[39m packages/safe-js/src/snapshot/promise-resolvers.test.ts [2m([22m[2m8 tests[22m[2m)[22m[33m 1690[2mms[22m[39m
validate / unit	UNKNOWN STEP	2026-09-12T19:16:36.3856564Z    [33m[2m✓[22m[39m restores retained resolving functions after settlement: const {promise,resolve,reject}=Promise.withResolvers();resolve(7);await promise;const bound=resolve.bind(null,9);return async()=>{bound();return await promise} [33m 412[2mms[22m[39m
validate / unit	UNKNOWN STEP	2026-09-12T19:16:39.0968679Z  [32m✓[39m packages/safe-js/test/final-async-proof-adapter.test.ts [2m([22m[2m5 tests[22m[2m)[22m[33m 1616[2mms[22m[39m
validate / unit	UNKNOWN STEP	2026-09-12T19:16:39.0969734Z      [33m[2m✓[22m[39m restores original callbackData with real callback IDs and exact suffix [33m 950[2mms[22m[39m
validate / unit	UNKNOWN STEP	2026-09-12T19:16:39.0970619Z      [33m[2m✓[22m[39m restores original callbackFunction with real callback IDs and exact suffix [33m 657[2mms[22m[39m
validate / unit	UNKNOWN STEP	2026-09-12T19:16:39.3256311Z  [32m✓[39m packages/safe-js/src/interp/numberformat-pluralrules.test.ts [2m([22m[2m49 tests[22m[2m)[22m[32m 34[2mms[22m[39m
validate / unit	UNKNOWN STEP	2026-09-12T19:16:40.7796316Z  [32m✓[39m packages/safe-js/src/interp/globals/intl-iso-month-recovery.test.ts [2m([22m[2m5 tests[22m[2m)[22m[33m 595[2mms[22m[39m
validate / unit	UNKNOWN STEP	2026-09-12T19:16:41.2884297Z  [32m✓[39m packages/safe-js/src/lint/dynamic-import.test.ts [2m([22m[2m42 tests[22m[2m)[22m[32m 280[2mms[22m[39m
validate / unit	UNKNOWN STEP	2026-09-12T19:16:43.6754001Z  [32m✓[39m packages/safe-js/src/interp/methods/lang-01-integration.test.ts [2m([22m[2m8 tests[22m[2m)[22m[33m 1510[2mms[22m[39m
validate / unit	UNKNOWN STEP	2026-09-12T19:16:43.6756122Z      [33m[2m✓[22m[39m 'keeps published own metadata during n…' [33m 421[2mms[22m[39m
validate / unit	UNKNOWN STEP	2026-09-12T19:16:43.9273534Z  [32m✓[39m packages/safe-js/src/parse/eval-script.test.ts [2m([22m[2m46 tests[22m[2m)[22m[32m 39[2mms[22m[39m
validate / unit	UNKNOWN STEP	2026-09-12T19:16:46.1032189Z  [32m✓[39m packages/safe-js/src/interp/regexp-properties.test.ts [2m([22m[2m17 tests[22m[2m)[22m[33m 1259[2mms[22m[39m
validate / unit	UNKNOWN STEP	2026-09-12T19:16:46.1056457Z      [33m[2m✓[22m[39m restores custom data properties and regex identity through checkpoint replay [33m 375[2mms[22m[39m
validate / unit	UNKNOWN STEP	2026-09-12T19:16:48.6388224Z  [32m✓[39m packages/safe-js/src/interp/globals/foreign-newtarget-default.test.ts [2m([22m[2m135 tests[22m[2m)[22m[33m 19525[2mms[22m[39m
validate / unit	UNKNOWN STEP	2026-09-12T19:16:48.6390782Z    [33m[2m✓[22m[39m uses foreign newTarget defaults: 'String' prototype='({custom:true})' target='const Target = (function(){}).bind(nu…' [33m 354[2mms[22m[39m
validate / unit	UNKNOWN STEP	2026-09-12T19:16:48.6398888Z    [33m[2m✓[22m[39m uses foreign newTarget defaults: 'Set' prototype='null' target='const Target = new Proxy(function(){}…' [33m 628[2mms[22m[39m
validate / unit	UNKNOWN STEP	2026-09-12T19:16:52.4662235Z  [32m✓[39m packages/safe-js/src/snapshot/mixed-realm-values.test.ts [2m([22m[2m15 tests[22m[2m)[22m[33m 5444[2mms[22m[39m
validate / unit	UNKNOWN STEP	2026-09-12T19:16:52.4667735Z    [33m[2m✓[22m[39m preserves pristine ({}) prototype identity from two realms [33m 546[2mms[22m[39m
validate / unit	UNKNOWN STEP	2026-09-12T19:16:52.4669627Z    [33m[2m✓[22m[39m preserves pristine /x/ prototype identity from two realms [33m 316[2mms[22m[39m
validate / unit	UNKNOWN STEP	2026-09-12T19:16:52.4671203Z    [33m[2m✓[22m[39m preserves pristine new Date(0) prototype identity from two realms [33m 321[2mms[22m[39m
validate / unit	UNKNOWN STEP	2026-09-12T19:16:52.4672887Z    [33m[2m✓[22m[39m preserves pristine new Number(7) prototype identity from two realms [33m 310[2mms[22m[39m
validate / unit	UNKNOWN STEP	2026-09-12T19:16:52.4674489Z    [33m[2m✓[22m[39m preserves pristine [] prototype identity from two realms [33m 354[2mms[22m[39m
validate / unit	UNKNOWN STEP	2026-09-12T19:16:52.4676323Z    [33m[2m✓[22m[39m preserves pristine new Map([[1,2]]).values() prototype identity from two realms [33m 358[2mms[22m[39m
validate / unit	UNKNOWN STEP	2026-09-12T19:16:52.4678048Z    [33m[2m✓[22m[39m preserves pristine "x".matchAll(/x/g) prototype identity from two realms [33m 303[2mms[22m[39m
validate / unit	UNKNOWN STEP	2026-09-12T19:16:52.4679709Z    [33m[2m✓[22m[39m preserves pristine [1].values() prototype identity from two realms [33m 371[2mms[22m[39m
validate / unit	UNKNOWN STEP	2026-09-12T19:16:52.4682055Z    [33m[2m✓[22m[39m preserves new Map([[1,2],[3,4]]).values() cursor progression across mixed-realm snapshots [33m 412[2mms[22m[39m
validate / unit	UNKNOWN STEP	2026-09-12T19:16:52.4683889Z    [33m[2m✓[22m[39m preserves new Set([1,2]).values() cursor progression across mixed-realm snapshots [33m 383[2mms[22m[39m
validate / unit	UNKNOWN STEP	2026-09-12T19:16:52.4686419Z    [33m[2m✓[22m[39m preserves "xx".matchAll(/x/g) cursor progression across mixed-realm snapshots [33m 368[2mms[22m[39m
validate / unit	UNKNOWN STEP	2026-09-12T19:16:52.4688218Z    [33m[2m✓[22m[39m preserves [1,2].values() cursor progression across mixed-realm snapshots [33m 441[2mms[22m[39m
validate / unit	UNKNOWN STEP	2026-09-12T19:16:52.4690013Z    [33m[2m✓[22m[39m preserves "xy"[Symbol.iterator]() cursor progression across mixed-realm snapshots [33m 389[2mms[22m[39m
validate / unit	UNKNOWN STEP	2026-09-12T19:16:53.5250296Z  [32m✓[39m packages/safe-js/src/lint/function-syntax.stress.test.ts [2m([22m[2m14 tests[22m[2m)[22m[33m 3825[2mms[22m[39m
validate / unit	UNKNOWN STEP	2026-09-12T19:16:53.5252377Z        [33m[2m✓[22m[39m matches native JavaScript at width 6 [33m 448[2mms[22m[39m
validate / unit	UNKNOWN STEP	2026-09-12T19:16:53.5253668Z        [33m[2m✓[22m[39m matches native JavaScript at width 12 [33m 1353[2mms[22m[39m
validate / unit	UNKNOWN STEP	2026-09-12T19:16:53.5254996Z        [33m[2m✓[22m[39m matches native JavaScript at width 12 [33m 361[2mms[22m[39m
validate / unit	UNKNOWN STEP	2026-09-12T19:16:53.5256511Z        [33m[2m✓[22m[39m matches native JavaScript at width 12 [33m 321[2mms[22m[39m
validate / unit	UNKNOWN STEP	2026-09-12T19:16:53.8603429Z  [32m✓[39m packages/safe-js/src/snapshot/guest-ast-validation.test.ts [2m([22m[2m8 tests[22m[2m)[22m[33m 377[2mms[22m[39m
validate / unit	UNKNOWN STEP	2026-09-12T19:16:54.0594959Z  [32m✓[39m packages/safe-js/src/interp/temporal-plain-year-month.test.ts [2m([22m[2m14 tests[22m[2m)[22m[32m 10[2mms[22m[39m
validate / unit	UNKNOWN STEP	2026-09-12T19:16:55.5567970Z  [32m✓[39m packages/safe-js/src/interp/methods/regex-symbol-replace.test.ts [2m([22m[2m13 tests[22m[2m)[22m[33m 1052[2mms[22m[39m
validate / unit	UNKNOWN STEP	2026-09-12T19:16:55.7518395Z  [32m✓[39m packages/safe-js/src/interp/globals/temporal-zoned-date-time-with-plain-time.test.ts [2m([22m[2m6 tests[22m[2m)[22m[33m 795[2mms[22m[39m
validate / unit	UNKNOWN STEP	2026-09-12T19:16:56.5020513Z  [32m✓[39m packages/safe-js/src/interp/closure-origin.test.ts [2m([22m[2m10 tests[22m[2m)[22m[32m 41[2mms[22m[39m
validate / unit	UNKNOWN STEP	2026-09-12T19:16:56.9764617Z  [32m✓[39m packages/safe-js/src/lint/known-globals-mc-001.test.ts [2m([22m[2m15 tests[22m[2m)[22m[32m 171[2mms[22m[39m
validate / unit	UNKNOWN STEP	2026-09-12T19:16:59.2693903Z  [32m✓[39m packages/safe-js/src/interp/globals/temporal-duration-locale.test.ts [2m([22m[2m13 tests[22m[2m)[22m[33m 1385[2mms[22m[39m
validate / unit	UNKNOWN STEP	2026-09-12T19:16:59.2696051Z    [33m[2m✓[22m[39m matches the maintained Intl formatter in en [33m 312[2mms[22m[39m
validate / unit	UNKNOWN STEP	2026-09-12T19:16:59.4598614Z  [32m✓[39m packages/safe-js/src/interp/temporal-plain-time.test.ts [2m([22m[2m17 tests[22m[2m)[22m[32m 11[2mms[22m[39m
validate / unit	UNKNOWN STEP	2026-09-12T19:16:59.7154970Z  [32m✓[39m packages/safe-js/src/interp/methods/number-receivers.test.ts [2m([22m[2m31 tests[22m[2m)[22m[33m 2256[2mms[22m[39m
validate / unit	UNKNOWN STEP	2026-09-12T19:17:00.7123508Z  [32m✓[39m packages/safe-js/src/interp/intrinsic-retention-group-cache.test.ts [2m([22m[2m4 tests[22m[2m)[22m[32m 12[2mms[22m[39m
validate / unit	UNKNOWN STEP	2026-09-12T19:17:01.2780340Z  [32m✓[39m packages/safe-js/src/interp/globals/global-bindings.test.ts [2m([22m[2m13 tests[22m[2m)[22m[33m 858[2mms[22m[39m
validate / unit	UNKNOWN STEP	2026-09-12T19:17:01.6575244Z  [32m✓[39m packages/safe-js/src/interp/arguments-accessor-budget.test.ts [2m([22m[2m5 tests[22m[2m)[22m[32m 14[2mms[22m[39m
validate / unit	UNKNOWN STEP	2026-09-12T19:17:03.4198847Z  [32m✓[39m packages/safe-js/src/interp/globals/iterator-wrapper-result-realm.test.ts [2m([22m[2m5 tests[22m[2m)[22m[33m 1202[2mms[22m[39m
validate / unit	UNKNOWN STEP	2026-09-12T19:17:03.4200793Z    [33m[2m✓[22m[39m preserves fallback result realm through public replay: {next(){return {done:true}}} [33m 324[2mms[22m[39m
validate / unit	UNKNOWN STEP	2026-09-12T19:17:03.9029992Z  [32m✓[39m packages/safe-js/src/interp/globals/date-static-function-properties.test.ts [2m([22m[2m14 tests[22m[2m)[22m[33m 1347[2mms[22m[39m
validate / unit	UNKNOWN STEP	2026-09-12T19:17:03.9033543Z    [33m[2m✓[22m[39m preserves static Date function properties through pending replay [33m 344[2mms[22m[39m
validate / unit	UNKNOWN STEP	2026-09-12T19:17:05.2269931Z  [32m✓[39m packages/safe-js/src/interp/globals/temporal-plain-date-difference.test.ts [2m([22m[2m6 tests[22m[2m)[22m[33m 839[2mms[22m[39m
validate / unit	UNKNOWN STEP	2026-09-12T19:17:05.2271729Z    [33m[2m✓[22m[39m captures Duration prototypes and replays differences after public replacement [33m 339[2mms[22m[39m
validate / unit	UNKNOWN STEP	2026-09-12T19:17:06.6606604Z  [32m✓[39m packages/safe-js/src/interp/catch-scope.test.ts [2m([22m[2m24 tests[22m[2m)[22m[33m 1816[2mms[22m[39m
validate / unit	UNKNOWN STEP	2026-09-12T19:17:07.5006708Z  [32m✓[39m packages/safe-js/src/interp/globals/iterator-sdk-lazy-proxy.test.ts [2m([22m[2m20 tests[22m[2m)[22m[33m 1333[2mms[22m[39m
validate / unit	UNKNOWN STEP	2026-09-12T19:17:09.1169377Z  [32m✓[39m packages/safe-js/src/snapshot/guest-generator-members.test.ts [2m([22m[2m22 tests[22m[2m)[22m[33m 652[2mms[22m[39m
validate / unit	UNKNOWN STEP	2026-09-12T19:17:10.2223271Z  [32m✓[39m packages/safe-js/src/snapshot/settled-promises.test.ts [2m([22m[2m11 tests[22m[2m)[22m[33m 2622[2mms[22m[39m
validate / unit	UNKNOWN STEP	2026-09-12T19:17:10.2232402Z    [33m[2m✓[22m[39m directly restores settled promises captured by closures: let calls=0;const value={};const p=Promise.resolve(value);await p;Object.defineProperty(value,'then',{get(){calls++;return undefined},configurable:true});return ()=>calls [33m 420[2mms[22m[39m
validate / unit	UNKNOWN STEP	2026-09-12T19:17:10.9616378Z  [32m✓[39m packages/safe-js/src/interp/globals/date-temporal-instant.test.ts [2m([22m[2m10 tests[22m[2m)[22m[33m 917[2mms[22m[39m
validate / unit	UNKNOWN STEP	2026-09-12T19:17:12.2767022Z  [32m✓[39m packages/safe-js/src/interp/globals/temporal-plain-date-time-arithmetic.test.ts [2m([22m[2m12 tests[22m[2m)[22m[33m 1120[2mms[22m[39m
validate / unit	UNKNOWN STEP	2026-09-12T19:17:12.2778147Z    [33m[2m✓[22m[39m uses private receiver and duration fields and preserves intrinsic prototypes through replay [33m 369[2mms[22m[39m
validate / unit	UNKNOWN STEP	2026-09-12T19:17:12.5127081Z  [32m✓[39m packages/safe-js/src/interp/guest-proxy-legacy-proto.test.ts [2m([22m[2m10 tests[22m[2m)[22m[33m 635[2mms[22m[39m
validate / unit	UNKNOWN STEP	2026-09-12T19:17:13.4241588Z  [32m✓[39m packages/safe-js/src/interp/guest-proxy-trap.test.ts [2m([22m[2m12 tests[22m[2m)[22m[32m 15[2mms[22m[39m
validate / unit	UNKNOWN STEP	2026-09-12T19:17:14.0196705Z  [32m✓[39m packages/safe-js/src/interp/guest-proxy-set-expression.test.ts [2m([22m[2m13 tests[22m[2m)[22m[33m 859[2mms[22m[39m
validate / unit	UNKNOWN STEP	2026-09-12T19:17:16.4167211Z  [32m✓[39m packages/safe-js/src/run.pending-proof-future-budget.test.ts [2m([22m[2m4 tests[22m[2m)[22m[33m 1277[2mms[22m[39m
validate / unit	UNKNOWN STEP	2026-09-12T19:17:16.4170955Z    [33m[2m✓[22m[39m enforces future proof settlement limits {"kind":"stringLength","limit":128,"value":"xxxxxxxxxxxxxxxxxxxxxxxxxxxxxxxxxxxxxxxxxxxxxxxxxxxxxxxxxxxxxxxxxxxxxxxxxxxxxxxxxxxxxxxxxxxxxxxxxxxxxxxxxxxxxxxxxxxxxxxxxxxxxxxx","accepted":true} [33m 516[2mms[22m[39m
validate / unit	UNKNOWN STEP	2026-09-12T19:17:17.8877824Z  [32m✓[39m packages/safe-js/src/parse/conditional-decimal.independent.test.ts [2m([22m[2m36 tests[22m[2m)[22m[33m 573[2mms[22m[39m
validate / unit	UNKNOWN STEP	2026-09-12T19:17:19.8458894Z  [32m✓[39m packages/safe-js/src/interp/array-prototype-links.test.ts [2m([22m[2m19 tests[22m[2m)[22m[33m 1060[2mms[22m[39m
validate / unit	UNKNOWN STEP	2026-09-12T19:17:24.9403721Z  [32m✓[39m packages/safe-js/src/interp/ordinary-constructor-realm.test.ts [2m([22m[2m38 tests[22m[2m)[22m[33m 4199[2mms[22m[39m
validate / unit	UNKNOWN STEP	2026-09-12T19:17:24.9406099Z    [33m[2m✓[22m[39m preserves constructor default realms after replay: function Constructor(){} [33m 408[2mms[22m[39m
validate / unit	UNKNOWN STEP	2026-09-12T19:17:29.2386219Z  [32m✓[39m packages/safe-js/src/interp/function-prototype-lifetime.test.ts [2m([22m[2m31 tests[22m[2m)[22m[33m 3400[2mms[22m[39m
validate / unit	UNKNOWN STEP	2026-09-12T19:17:29.2388288Z    [33m[2m✓[22m[39m keeps function defaults through replay and replaced globals: ()=>7 [33m 307[2mms[22m[39m
validate / unit	UNKNOWN STEP	2026-09-12T19:17:31.9019948Z  [32m✓[39m packages/safe-js/src/interp/globals/iterator-prototype-setter.test.ts [2m([22m[2m18 tests[22m[2m)[22m[33m 1726[2mms[22m[39m
validate / unit	UNKNOWN STEP	2026-09-12T19:17:33.9117349Z  [32m✓[39m packages/safe-js/src/interp/globals/object-constructor-realm.test.ts [2m([22m[2m10 tests[22m[2m)[22m[33m 1112[2mms[22m[39m
validate / unit	UNKNOWN STEP	2026-09-12T19:17:34.5247722Z  [32m✓[39m packages/safe-js/src/snapshot/guest-generator-nested-yields.test.ts [2m([22m[2m70 tests[22m[2m)[22m[33m 20128[2mms[22m[39m
validate / unit	UNKNOWN STEP	2026-09-12T19:17:34.5249622Z    [33m[2m✓[22m[39m resumes suspension inside yield arguments: 'const trace=[];let left={valueOf(){tr…' (async=false, operation='next') [33m 505[2mms[22m[39m
validate / unit	UNKNOWN STEP	2026-09-12T19:17:34.5251525Z    [33m[2m✓[22m[39m resumes suspension inside yield arguments: 'const trace=[];let left={valueOf(){tr…' (async=true, operation='next') [33m 375[2mms[22m[39m
validate / unit	UNKNOWN STEP	2026-09-12T19:17:34.5253141Z    [33m[2m✓[22m[39m resumes suspension inside yield arguments: 'const trace=[];let left={valueOf(){tr…' (async=false, operation='next') [33m 365[2mms[22m[39m
validate / unit	UNKNOWN STEP	2026-09-12T19:17:34.5254339Z    [33m[2m✓[22m[39m resumes suspension inside yield arguments: 'const trace=[];let left={valueOf(){tr…' (async=true, operation='next') [33m 334[2mms[22m[39m
validate / unit	UNKNOWN STEP	2026-09-12T19:17:34.5256178Z    [33m[2m✓[22m[39m resumes suspension inside yield arguments: 'const trace=[];let left={valueOf(){tr…' (async=false, operation='next') [33m 311[2mms[22m[39m
validate / unit	UNKNOWN STEP	2026-09-12T19:17:34.5258146Z    [33m[2m✓[22m[39m resumes suspension inside yield arguments: 'const trace=[];let left={valueOf(){tr…' (async=false, operation='next') [33m 307[2mms[22m[39m
validate / unit	UNKNOWN STEP	2026-09-12T19:17:34.5259678Z    [33m[2m✓[22m[39m resumes suspension inside yield arguments: 'const trace=[];let left={valueOf(){tr…' (async=false, operation='next') [33m 324[2mms[22m[39m
validate / unit	UNKNOWN STEP	2026-09-12T19:17:34.5260768Z    [33m[2m✓[22m[39m resumes suspension inside yield arguments: 'const trace=[];let left={valueOf(){tr…' (async=true, operation='next') [33m 336[2mms[22m[39m
validate / unit	UNKNOWN STEP	2026-09-12T19:17:34.5261890Z    [33m[2m✓[22m[39m resumes suspension inside yield arguments: 'const trace=[];let left={valueOf(){tr…' (async=false, operation='next') [33m 431[2mms[22m[39m
validate / unit	UNKNOWN STEP	2026-09-12T19:17:34.5263653Z    [33m[2m✓[22m[39m resumes suspension inside yield arguments: 'yield* (yield 1,yield 2,[3,4]);return…' (async=true, operation='next') [33m 349[2mms[22m[39m
validate / unit	UNKNOWN STEP	2026-09-12T19:17:34.5265184Z    [33m[2m✓[22m[39m resumes suspension inside yield arguments: 'yield* [(yield 1),2];return 9' (async=false, operation='next') [33m 309[2mms[22m[39m
validate / unit	UNKNOWN STEP	2026-09-12T19:17:34.5267080Z    [33m[2m✓[22m[39m resumes suspension inside yield arguments: 'let count=0;function input(){count++;…' (async=true, operation='next') [33m 317[2mms[22m[39m
validate / unit	UNKNOWN STEP	2026-09-12T19:17:34.5268847Z    [33m[2m✓[22m[39m resumes suspension inside yield arguments: 'let count=0;function input(){count++;…' (async=false, operation='next') [33m 331[2mms[22m[39m
validate / unit	UNKNOWN STEP	2026-09-12T19:17:34.5271061Z    [33m[2m✓[22m[39m resumes suspension inside yield arguments: 'try{yield (yield 1)}finally{yield 2}r…' (async=true, operation='next') [33m 387[2mms[22m[39m
validate / unit	UNKNOWN STEP	2026-09-12T19:17:34.5273209Z    [33m[2m✓[22m[39m resumes suspension inside yield arguments: 'let count=0;function input(){count++;…' (async=true, operation='return') [33m 656[2mms[22m[39m
validate / unit	UNKNOWN STEP	2026-09-12T19:17:35.5428751Z  [32m✓[39m packages/safe-js/src/interp/intl-duration-record.test.ts [2m([22m[2m22 tests[22m[2m)[22m[32m 14[2mms[22m[39m
validate / unit	UNKNOWN STEP	2026-09-12T19:17:36.2478018Z  [32m✓[39m packages/safe-js/src/interp/match-all-iterator.test.ts [2m([22m[2m13 tests[22m[2m)[22m[33m 1211[2mms[22m[39m
validate / unit	UNKNOWN STEP	2026-09-12T19:17:36.2497721Z      [33m[2m✓[22m[39m resumes a partially consumed for-of iterator after a host suspension [33m 365[2mms[22m[39m
validate / unit	UNKNOWN STEP	2026-09-12T19:17:37.2504466Z  [32m✓[39m packages/safe-js/src/snapshot/guest-arrays.test.ts [2m([22m[2m11 tests[22m[2m)[22m[32m 42[2mms[22m[39m
validate / unit	UNKNOWN STEP	2026-09-12T19:17:38.5587030Z  [32m✓[39m packages/safe-js/src/interp/symbol-operators.test.ts [2m([22m[2m37 tests[22m[2m)[22m[33m 2050[2mms[22m[39m
validate / unit	UNKNOWN STEP	2026-09-12T19:17:40.2238195Z  [32m✓[39m packages/safe-js/src/interp/globals/intl-proxy-locales.test.ts [2m([22m[2m21 tests[22m[2m)[22m[33m 2088[2mms[22m[39m
validate / unit	UNKNOWN STEP	2026-09-12T19:17:40.2257618Z    [33m[2m✓[22m[39m preserves Proxy locales through pending checkpoints [33m 344[2mms[22m[39m
validate / unit	UNKNOWN STEP	2026-09-12T19:17:40.5080674Z  [32m✓[39m packages/safe-js/src/interp/globals/temporal-plain-date-time-construction.test.ts [2m([22m[2m6 tests[22m[2m)[22m[33m 988[2mms[22m[39m
validate / unit	UNKNOWN STEP	2026-09-12T19:17:40.5082366Z    [33m[2m✓[22m[39m preserves subclass identity and nanosecond fields through public replay [33m 320[2mms[22m[39m
validate / unit	UNKNOWN STEP	2026-09-12T19:17:41.1750010Z  [32m✓[39m packages/safe-js/src/snapshot/datetimeformat-requested-options.test.ts [2m([22m[2m10 tests[22m[2m)[22m[32m 40[2mms[22m[39m
validate / unit	UNKNOWN STEP	2026-09-12T19:17:42.9566712Z  [32m✓[39m packages/safe-js/src/interp/catch-iterator-protocol.test.ts [2m([22m[2m24 tests[22m[2m)[22m[33m 1556[2mms[22m[39m
validate / unit	UNKNOWN STEP	2026-09-12T19:17:43.5673525Z  [32m✓[39m packages/safe-js/src/interp/methods/string-match-exec.test.ts [2m([22m[2m17 tests[22m[2m)[22m[33m 1488[2mms[22m[39m
validate / unit	UNKNOWN STEP	2026-09-12T19:17:43.5675510Z      [33m[2m✓[22m[39m bounds a nonterminating custom exec [33m 363[2mms[22m[39m
validate / unit	UNKNOWN STEP	2026-09-12T19:17:45.2711276Z  [32m✓[39m packages/safe-js/src/interp/globals/regex-prototype.test.ts [2m([22m[2m22 tests[22m[2m)[22m[33m 1390[2mms[22m[39m
validate / unit	UNKNOWN STEP	2026-09-12T19:17:45.3694239Z  [32m✓[39m packages/safe-js/src/interp/arguments.test.ts [2m([22m[2m14 tests[22m[2m)[22m[33m 890[2mms[22m[39m
validate / unit	UNKNOWN STEP	2026-09-12T19:17:46.9380307Z  [32m✓[39m packages/safe-js/src/snapshot/iterator-concat.test.ts [2m([22m[2m7 tests[22m[2m)[22m[33m 767[2mms[22m[39m
validate / unit	UNKNOWN STEP	2026-09-12T19:17:47.7767441Z  [32m✓[39m packages/safe-js/src/interp/methods/string-split-coercion.test.ts [2m([22m[2m24 tests[22m[2m)[22m[33m 1450[2mms[22m[39m
validate / unit	UNKNOWN STEP	2026-09-12T19:17:48.5410025Z  [32m✓[39m packages/safe-js/test/adversarial/test262-semantics.test.ts [2m([22m[2m9 tests[22m[2m)[22m[33m 699[2mms[22m[39m
validate / unit	UNKNOWN STEP	2026-09-12T19:17:50.2236931Z  [32m✓[39m packages/safe-js/src/interp/globals/json-proxy.test.ts [2m([22m[2m24 tests[22m[2m)[22m[33m 1519[2mms[22m[39m
validate / unit	UNKNOWN STEP	2026-09-12T19:17:50.3555176Z  [32m✓[39m packages/safe-js/src/interp/globals/temporal-duration-construction.test.ts [2m([22m[2m12 tests[22m[2m)[22m[33m 852[2mms[22m[39m
validate / unit	UNKNOWN STEP	2026-09-12T19:17:51.5154223Z  [32m✓[39m packages/safe-js/src/interp/temporal-duration-export.test.ts [2m([22m[2m8 tests[22m[2m)[22m[33m 388[2mms[22m[39m
validate / unit	UNKNOWN STEP	2026-09-12T19:17:51.9866834Z  [32m✓[39m packages/safe-js/src/interp/time-duration-total.test.ts [2m([22m[2m16 tests[22m[2m)[22m[32m 267[2mms[22m[39m
validate / unit	UNKNOWN STEP	2026-09-12T19:17:52.3918133Z  [32m✓[39m packages/safe-js/src/interp/globals/promise-prototype-graph.test.ts [2m([22m[2m9 tests[22m[2m)[22m[33m 1140[2mms[22m[39m
validate / unit	UNKNOWN STEP	2026-09-12T19:17:52.3947797Z    [33m[2m✓[22m[39m preserves prototype inheritance across pending replay checkpoints [33m 349[2mms[22m[39m
validate / unit	UNKNOWN STEP	2026-09-12T19:17:52.8786473Z  [32m✓[39m packages/safe-js/src/interp/temporal-plain-month-day-copy.test.ts [2m([22m[2m8 tests[22m[2m)[22m[32m 16[2mms[22m[39m
validate / unit	UNKNOWN STEP	2026-09-12T19:17:54.3462310Z  [32m✓[39m packages/safe-js/src/interp/array-buffer-detached.test.ts [2m([22m[2m9 tests[22m[2m)[22m[33m 1058[2mms[22m[39m
validate / unit	UNKNOWN STEP	2026-09-12T19:17:54.3464247Z    [33m[2m✓[22m[39m preserves the intrinsic getter through two snapshot round-trips [33m 555[2mms[22m[39m
validate / unit	UNKNOWN STEP	2026-09-12T19:17:55.0583626Z  [32m✓[39m packages/safe-js/src/interp/methods/string.match-no-match.test.ts [2m([22m[2m22 tests[22m[2m)[22m[33m 1304[2mms[22m[39m
validate / unit	UNKNOWN STEP	2026-09-12T19:17:56.0327964Z  [32m✓[39m packages/safe-js/src/snapshot/regexp-iterator-modes.test.ts [2m([22m[2m12 tests[22m[2m)[22m[32m 51[2mms[22m[39m
validate / unit	UNKNOWN STEP	2026-09-12T19:17:56.4359520Z  [32m✓[39m packages/safe-js/src/interp/globals/temporal-plain-date-time-difference.test.ts [2m([22m[2m13 tests[22m[2m)[22m[33m 1148[2mms[22m[39m
validate / unit	UNKNOWN STEP	2026-09-12T19:17:56.4367362Z    [33m[2m✓[22m[39m uses private operands and intrinsic Duration prototypes through replay [33m 335[2mms[22m[39m
validate / unit	UNKNOWN STEP	2026-09-12T19:17:57.7446615Z  [32m✓[39m packages/safe-js/src/interp/globals/temporal-plain-year-month-with.test.ts [2m([22m[2m7 tests[22m[2m)[22m[33m 747[2mms[22m[39m
validate / unit	UNKNOWN STEP	2026-09-12T19:17:58.1964030Z  [32m✓[39m packages/safe-js/src/interp/guest-proxy-integrity-query.test.ts [2m([22m[2m16 tests[22m[2m)[22m[33m 874[2mms[22m[39m
validate / unit	UNKNOWN STEP	2026-09-12T19:18:00.0686082Z  [32m✓[39m packages/safe-js/src/interp/shared-host-order.test.ts [2m([22m[2m6 tests[22m[2m)[22m[33m 1411[2mms[22m[39m
validate / unit	UNKNOWN STEP	2026-09-12T19:18:00.0687917Z    [33m[2m✓[22m[39m preserves shared write visibility around an async host outcome {"rejects":false,"beforeAwait":false} [33m 394[2mms[22m[39m
validate / unit	UNKNOWN STEP	2026-09-12T19:18:00.3834065Z  [32m✓[39m packages/safe-js/src/interp/iterator-constructor.test.ts [2m([22m[2m16 tests[22m[2m)[22m[33m 1266[2mms[22m[39m
validate / unit	UNKNOWN STEP	2026-09-12T19:18:02.0027445Z  [32m✓[39m packages/safe-js/src/interp/foreign-aggregate-error.test.ts [2m([22m[2m8 tests[22m[2m)[22m[33m 802[2mms[22m[39m
validate / unit	UNKNOWN STEP	2026-09-12T19:18:02.0028392Z    [33m[2m✓[22m[39m preserves cyclic members and aliases through public replay [33m 344[2mms[22m[39m
validate / unit	UNKNOWN STEP	2026-09-12T19:18:02.2193830Z  [32m✓[39m packages/safe-js/src/interp/destructuring-iterator.test.ts [2m([22m[2m12 tests[22m[2m)[22m[33m 933[2mms[22m[39m
validate / unit	UNKNOWN STEP	2026-09-12T19:18:04.7369571Z  [32m✓[39m packages/safe-js/src/interp/methods/match-creation-realm.test.ts [2m([22m[2m12 tests[22m[2m)[22m[33m 1579[2mms[22m[39m
validate / unit	UNKNOWN STEP	2026-09-12T19:18:06.1795856Z  [32m✓[39m packages/safe-js/src/interp/globals/string-factory-coercion.test.ts [2m([22m[2m55 tests[22m[2m)[22m[33m 3263[2mms[22m[39m
validate / unit	UNKNOWN STEP	2026-09-12T19:18:07.3318152Z  [32m✓[39m packages/safe-js/src/interp/globals/string-repeat-coercion.test.ts [2m([22m[2m20 tests[22m[2m)[22m[33m 1710[2mms[22m[39m
validate / unit	UNKNOWN STEP	2026-09-12T19:18:07.9359231Z  [32m✓[39m packages/safe-js/src/interp/globals/temporal-zoned-date-time-format.test.ts [2m([22m[2m5 tests[22m[2m)[22m[33m 781[2mms[22m[39m
validate / unit	UNKNOWN STEP	2026-09-12T19:18:08.8701543Z  [32m✓[39m packages/safe-js/src/interp/globals/temporal-plain-month-day-from.test.ts [2m([22m[2m7 tests[22m[2m)[22m[33m 618[2mms[22m[39m
validate / unit	UNKNOWN STEP	2026-09-12T19:18:08.9286920Z  [32m✓[39m packages/safe-js/src/snapshot/regexp-iterators.test.ts [2m([22m[2m7 tests[22m[2m)[22m[32m 55[2mms[22m[39m
validate / unit	UNKNOWN STEP	2026-09-12T19:18:11.0674075Z  [32m✓[39m packages/safe-js/src/interp/methods/string-is-well-formed.test.ts [2m([22m[2m25 tests[22m[2m)[22m[33m 1268[2mms[22m[39m
validate / unit	UNKNOWN STEP	2026-09-12T19:18:11.9387122Z  [32m✓[39m packages/safe-js/src/interp/globals/string-range-coercion.test.ts [2m([22m[2m30 tests[22m[2m)[22m[33m 2204[2mms[22m[39m
validate / unit	UNKNOWN STEP	2026-09-12T19:18:11.9389221Z    [33m[2m✓[22m[39m preserves range conversion through pending checkpoints [33m 317[2mms[22m[39m
validate / unit	UNKNOWN STEP	2026-09-12T19:18:12.0106967Z  [32m✓[39m packages/safe-js/src/interp/shared-host-storage.test.ts [2m([22m[2m5 tests[22m[2m)[22m[32m 13[2mms[22m[39m
validate / unit	UNKNOWN STEP	2026-09-12T19:18:13.8040895Z  [32m✓[39m packages/safe-js/src/interp/destructuring-order.test.ts [2m([22m[2m11 tests[22m[2m)[22m[33m 870[2mms[22m[39m
validate / unit	UNKNOWN STEP	2026-09-12T19:18:14.2638719Z  [32m✓[39m packages/safe-js/src/interp/globals/json-creation-realm.test.ts [2m([22m[2m10 tests[22m[2m)[22m[33m 1439[2mms[22m[39m
validate / unit	UNKNOWN STEP	2026-09-12T19:18:17.0537340Z  [32m✓[39m packages/safe-js/src/interp/globals/iterator-limit-range.test.ts [2m([22m[2m10 tests[22m[2m)[22m[33m 1890[2mms[22m[39m
validate / unit	UNKNOWN STEP	2026-09-12T19:18:17.0539192Z    [33m[2m✓[22m[39m take replays the limit rejection and close effects [33m 319[2mms[22m[39m
validate / unit	UNKNOWN STEP	2026-09-12T19:18:17.0540463Z    [33m[2m✓[22m[39m take accepts safe boundaries, fractions and positive infinity lazily [33m 323[2mms[22m[39m
validate / unit	UNKNOWN STEP	2026-09-12T19:18:17.0551136Z    [33m[2m✓[22m[39m drop accepts safe boundaries, fractions and positive infinity lazily [33m 301[2mms[22m[39m
validate / unit	UNKNOWN STEP	2026-09-12T19:18:18.3371586Z  [32m✓[39m packages/safe-js/src/interp/var-environment.test.ts [2m([22m[2m23 tests[22m[2m)[22m[33m 3615[2mms[22m[39m
validate / unit	UNKNOWN STEP	2026-09-12T19:18:18.3374690Z      [33m[2m✓[22m[39m matches native execution and replay: let get; function read({ [(get = () => value, 'value')]: value }) { var value = 2; return [value, get()]; } return read({ value: 42 }); [33m 344[2mms[22m[39m
validate / unit	UNKNOWN STEP	2026-09-12T19:18:18.5935567Z  [32m✓[39m packages/safe-js/src/interp/globals/temporal-plain-date-to-date-time.test.ts [2m([22m[2m5 tests[22m[2m)[22m[33m 680[2mms[22m[39m
validate / unit	UNKNOWN STEP	2026-09-12T19:18:18.5937625Z    [33m[2m✓[22m[39m captures the date-time prototype for subclasses, namespace changes and replay [33m 302[2mms[22m[39m
validate / unit	UNKNOWN STEP	2026-09-12T19:18:20.1494012Z  [32m✓[39m packages/safe-js/src/interp/temporal-duration-copy.test.ts [2m([22m[2m10 tests[22m[2m)[22m[33m 608[2mms[22m[39m
validate / unit	UNKNOWN STEP	2026-09-12T19:18:20.9290117Z  [32m✓[39m packages/safe-js/src/interp/globals/math-namespace.test.ts [2m([22m[2m17 tests[22m[2m)[22m[33m 1632[2mms[22m[39m
validate / unit	UNKNOWN STEP	2026-09-12T19:18:20.9291899Z    [33m[2m✓[22m[39m preserves modified Math namespace in pending checkpoints [33m 465[2mms[22m[39m
validate / unit	UNKNOWN STEP	2026-09-12T19:18:20.9293018Z    [33m[2m✓[22m[39m preserves modified Math namespace in completed checkpoints [33m 313[2mms[22m[39m
validate / unit	UNKNOWN STEP	2026-09-12T19:18:21.9068573Z  [32m✓[39m packages/safe-js/src/interp/methods/string-search-frozen.test.ts [2m([22m[2m13 tests[22m[2m)[22m[33m 824[2mms[22m[39m
validate / unit	UNKNOWN STEP	2026-09-12T19:18:24.1254203Z  [32m✓[39m packages/safe-js/src/interp/globals/string-index-coercion.test.ts [2m([22m[2m32 tests[22m[2m)[22m[33m 2319[2mms[22m[39m
validate / unit	UNKNOWN STEP	2026-09-12T19:18:24.8391039Z  [32m✓[39m packages/safe-js/src/interp/methods/regex-lookbehind.test.ts [2m([22m[2m30 tests[22m[2m)[22m[33m 1964[2mms[22m[39m
validate / unit	UNKNOWN STEP	2026-09-12T19:18:24.8393102Z      [33m[2m✓[22m[39m restores backward captures across a lazy iterator checkpoint [33m 361[2mms[22m[39m
validate / unit	UNKNOWN STEP	2026-09-12T19:18:26.6600670Z  [32m✓[39m packages/safe-js/src/interp/globals/date-legacy-methods.test.ts [2m([22m[2m20 tests[22m[2m)[22m[33m 1636[2mms[22m[39m
validate / unit	UNKNOWN STEP	2026-09-12T19:18:26.6602016Z    [33m[2m✓[22m[39m replays legacy Date operations from a pending checkpoint [33m 329[2mms[22m[39m
validate / unit	UNKNOWN STEP	2026-09-12T19:18:26.9371332Z  [32m✓[39m packages/safe-js/src/cli-entrypoint.test.ts [2m([22m[2m13 tests[22m[2m)[22m[32m 37[2mms[22m[39m
validate / unit	UNKNOWN STEP	2026-09-12T19:18:26.9689132Z  [32m✓[39m packages/safe-js/src/proxy-host-callback.test.ts [2m([22m[2m13 tests[22m[2m)[22m[33m 1198[2mms[22m[39m
validate / unit	UNKNOWN STEP	2026-09-12T19:18:26.9690866Z    [33m[2m✓[22m[39m restores a Proxy callback before its host invocation [33m 345[2mms[22m[39m
validate / unit	UNKNOWN STEP	2026-09-12T19:18:27.1465418Z  [32m✓[39m packages/safe-js/src/lint/rules/AS-needless-template.test.ts [2m([22m[2m11 tests[22m[2m)[22m[32m 20[2mms[22m[39m
validate / unit	UNKNOWN STEP	2026-09-12T19:18:28.9273944Z  [32m✓[39m packages/safe-js/src/interp/tagged-template-freeze.test.ts [2m([22m[2m9 tests[22m[2m)[22m[33m 853[2mms[22m[39m
validate / unit	UNKNOWN STEP	2026-09-12T19:18:28.9276854Z    [33m[2m✓[22m[39m preserves template integrity through public dump and replay [33m 316[2mms[22m[39m
validate / unit	UNKNOWN STEP	2026-09-12T19:18:31.0241441Z  [32m✓[39m packages/safe-js/src/interp/methods/string-nullish-regexp-hooks.test.ts [2m([22m[2m14 tests[22m[2m)[22m[33m 1170[2mms[22m[39m
validate / unit	UNKNOWN STEP	2026-09-12T19:18:31.7276186Z  [32m✓[39m packages/safe-js/src/interp/deleted-iterator-fallback.test.ts [2m([22m[2m64 tests[22m[2m)[22m[33m 3886[2mms[22m[39m
validate / unit	UNKNOWN STEP	2026-09-12T19:18:32.6368890Z  [32m✓[39m packages/safe-js/src/interp/scope-root-groups.test.ts [2m([22m[2m6 tests[22m[2m)[22m[32m 12[2mms[22m[39m
validate / unit	UNKNOWN STEP	2026-09-12T19:18:32.8708723Z  [32m✓[39m packages/safe-js/test/conformance/metadata.test.ts [2m([22m[2m19 tests[22m[2m)[22m[32m 27[2mms[22m[39m
validate / unit	UNKNOWN STEP	2026-09-12T19:18:33.5621655Z  [32m✓[39m packages/safe-js/src/interp/globals/collection-as-prototype.test.ts [2m([22m[2m14 tests[22m[2m)[22m[33m 1569[2mms[22m[39m
validate / unit	UNKNOWN STEP	2026-09-12T19:18:33.5623637Z    [33m[2m✓[22m[39m restores a 'Map' instance in a 'pending' prototype graph [33m 332[2mms[22m[39m
validate / unit	UNKNOWN STEP	2026-09-12T19:18:34.5432992Z  [32m✓[39m packages/safe-js/src/interp/globals/promise-finally-foreign-species.test.ts [2m([22m[2m5 tests[22m[2m)[22m[33m 763[2mms[22m[39m
validate / unit	UNKNOWN STEP	2026-09-12T19:18:35.1963770Z  [32m✓[39m packages/safe-js/src/interp/globals/temporal-zoned-date-time-round.test.ts [2m([22m[2m5 tests[22m[2m)[22m[33m 718[2mms[22m[39m
validate / unit	UNKNOWN STEP	2026-09-12T19:18:36.1439735Z  [32m✓[39m packages/safe-js/src/snapshot/temporal-plain-month-day.test.ts [2m([22m[2m13 tests[22m[2m)[22m[32m 46[2mms[22m[39m
validate / unit	UNKNOWN STEP	2026-09-12T19:18:36.9927359Z  [32m✓[39m packages/safe-js/src/interp/globals/dynamic-block-functions.test.ts [2m([22m[2m26 tests[22m[2m)[22m[33m 1518[2mms[22m[39m
validate / unit	UNKNOWN STEP	2026-09-12T19:18:37.7017627Z  [32m✓[39m packages/safe-js/src/interp/globals/temporal-plain-year-month-from.test.ts [2m([22m[2m7 tests[22m[2m)[22m[33m 634[2mms[22m[39m
validate / unit	UNKNOWN STEP	2026-09-12T19:18:38.9294343Z  [32m✓[39m packages/safe-js/src/interp/globals/temporal-zoned-date-time-with.test.ts [2m([22m[2m5 tests[22m[2m)[22m[33m 955[2mms[22m[39m
validate / unit	UNKNOWN STEP	2026-09-12T19:18:38.9317960Z    [33m[2m✓[22m[39m keeps private slots and captured method/prototype identity through replay [33m 351[2mms[22m[39m
validate / unit	UNKNOWN STEP	2026-09-12T19:18:39.2582467Z  [32m✓[39m packages/safe-js/src/snapshot/guest-generator-tagged-templates.test.ts [2m([22m[2m16 tests[22m[2m)[22m[33m 628[2mms[22m[39m
validate / unit	UNKNOWN STEP	2026-09-12T19:18:40.2520617Z  [32m✓[39m packages/safe-js/src/snapshot/null-object-prototype.test.ts [2m([22m[2m12 tests[22m[2m)[22m[32m 63[2mms[22m[39m
validate / unit	UNKNOWN STEP	2026-09-12T19:18:40.6887828Z  [32m✓[39m packages/safe-js/src/interp/globals/intl-datetimeformat-plain-date.test.ts [2m([22m[2m5 tests[22m[2m)[22m[33m 765[2mms[22m[39m
validate / unit	UNKNOWN STEP	2026-09-12T19:18:40.6890038Z    [33m[2m✓[22m[39m preserves requested default components and bound format through replay [33m 356[2mms[22m[39m
validate / unit	UNKNOWN STEP	2026-09-12T19:18:41.9998311Z  [32m✓[39m packages/safe-js/src/interp/globals/temporal-zoned-date-time-arithmetic.test.ts [2m([22m[2m5 tests[22m[2m)[22m[33m 793[2mms[22m[39m
validate / unit	UNKNOWN STEP	2026-09-12T19:18:42.1888417Z  [32m✓[39m packages/safe-js/src/interp/temporal-plain-year-month-host.test.ts [2m([22m[2m6 tests[22m[2m)[22m[33m 593[2mms[22m[39m
validate / unit	UNKNOWN STEP	2026-09-12T19:18:42.1889662Z    [33m[2m✓[22m[39m replays host year-month results without repeating the host call [33m 403[2mms[22m[39m
validate / unit	UNKNOWN STEP	2026-09-12T19:18:42.9662271Z  [32m✓[39m packages/safe-js/src/interp/temporal-plain-date-copy.test.ts [2m([22m[2m8 tests[22m[2m)[22m[32m 16[2mms[22m[39m
validate / unit	UNKNOWN STEP	2026-09-12T19:18:44.6014186Z  [32m✓[39m packages/safe-js/src/interp/symbol-descriptors.test.ts [2m([22m[2m26 tests[22m[2m)[22m[33m 1424[2mms[22m[39m
validate / unit	UNKNOWN STEP	2026-09-12T19:18:45.2382409Z  [32m✓[39m packages/safe-js/src/interp/globals/array-static-proxy-results.test.ts [2m([22m[2m8 tests[22m[2m)[22m[33m 1401[2mms[22m[39m
validate / unit	UNKNOWN STEP	2026-09-12T19:18:45.2384027Z    [33m[2m✓[22m[39m Array.from defines elements through a constructor result Proxy [33m 491[2mms[22m[39m
validate / unit	UNKNOWN STEP	2026-09-12T19:18:45.2386164Z    [33m[2m✓[22m[39m Array.fromAsync defines elements through a constructor result Proxy [33m 352[2mms[22m[39m
validate / unit	UNKNOWN STEP	2026-09-12T19:18:45.4487261Z  [32m✓[39m packages/safe-js/src/lint/rules/AS-destructure-null-default.test.ts [2m([22m[2m14 tests[22m[2m)[22m[32m 19[2mms[22m[39m
validate / unit	UNKNOWN STEP	2026-09-12T19:18:47.4183834Z  [32m✓[39m packages/safe-js/src/interp/float32-resizable-snapshots.test.ts [2m([22m[2m7 tests[22m[2m)[22m[33m 1897[2mms[22m[39m
validate / unit	UNKNOWN STEP	2026-09-12T19:18:47.4187445Z    [33m[2m✓[22m[39m preserves resizable Float32 view layout through snapshots: const buffer=new ArrayBuffer(8,{maxByteLength:16});const view=new Float32Array(buffer);view[0]=7;return ()=>{buffer.resize(12);return [view.length,view.byteOffset,Array.from(view)]} [33m 648[2mms[22m[39m
validate / unit	UNKNOWN STEP	2026-09-12T19:18:47.4191440Z    [33m[2m✓[22m[39m preserves resizable Float32 view layout through snapshots: const buffer=new ArrayBuffer(8,{maxByteLength:16});const view=new Float32Array(buffer).subarray(1);return ()=>{buffer.resize(16);return [view.length,view.byteOffset,Array.from(view)]} [33m 387[2mms[22m[39m
validate / unit	UNKNOWN STEP	2026-09-12T19:18:47.4195129Z    [33m[2m✓[22m[39m preserves resizable Float32 view layout through snapshots: const buffer=new ArrayBuffer(12,{maxByteLength:16});const view=new Float32Array(buffer,4,2);buffer.resize(4);return ()=>{buffer.resize(12);return [view.length,view.byteOffset,Array.from(view)]} [33m 349[2mms[22m[39m
validate / unit	UNKNOWN STEP	2026-09-12T19:18:47.4198937Z    [33m[2m✓[22m[39m preserves resizable Float32 view layout through snapshots: const buffer=new ArrayBuffer(12,{maxByteLength:16});const view=new Float32Array(buffer,8);buffer.resize(4);return ()=>{buffer.resize(16);return [view.length,view.byteOffset,Array.from(view)]} [33m 361[2mms[22m[39m
validate / unit	UNKNOWN STEP	2026-09-12T19:18:47.9084472Z  [32m✓[39m packages/safe-js/src/interp/methods/regex-indices.test.ts [2m([22m[2m20 tests[22m[2m)[22m[33m 1474[2mms[22m[39m
validate / unit	UNKNOWN STEP	2026-09-12T19:18:47.9095811Z      [33m[2m✓[22m[39m preserves indices and their aliases through checkpoint replay [33m 412[2mms[22m[39m
validate / unit	UNKNOWN STEP	2026-09-12T19:18:49.2198217Z  [32m✓[39m packages/safe-js/src/interp/globals/temporal-plain-year-month-compare.test.ts [2m([22m[2m6 tests[22m[2m)[22m[33m 838[2mms[22m[39m
validate / unit	UNKNOWN STEP	2026-09-12T19:18:50.3637398Z  [32m✓[39m packages/safe-js/src/interp/globals/string-substr-coercion.test.ts [2m([22m[2m17 tests[22m[2m)[22m[33m 1540[2mms[22m[39m
validate / unit	UNKNOWN STEP	2026-09-12T19:18:50.3638654Z    [33m[2m✓[22m[39m preserves substr conversion through pending checkpoints [33m 326[2mms[22m[39m
validate / unit	UNKNOWN STEP	2026-09-12T19:18:51.1019884Z  [32m✓[39m packages/safe-js/src/interp/globals/atomics-wait-async.test.ts [2m([22m[2m5 tests[22m[2m)[22m[33m 949[2mms[22m[39m
validate / unit	UNKNOWN STEP	2026-09-12T19:18:51.1020744Z    [33m[2m✓[22m[39m replays a completed notified atomic wait [33m 350[2mms[22m[39m
validate / unit	UNKNOWN STEP	2026-09-12T19:18:52.0798548Z  [32m✓[39m packages/safe-js/src/snapshot/temporal-plain-date.test.ts [2m([22m[2m13 tests[22m[2m)[22m[32m 45[2mms[22m[39m
validate / unit	UNKNOWN STEP	2026-09-12T19:18:52.3008445Z  [32m✓[39m packages/safe-js/src/lint/rules/AS-async-not-needed.test.ts [2m([22m[2m13 tests[22m[2m)[22m[32m 25[2mms[22m[39m
validate / unit	UNKNOWN STEP	2026-09-12T19:18:53.7258384Z  [32m✓[39m packages/safe-js/src/interp/globals/temporal-zoned-date-time-from.test.ts [2m([22m[2m5 tests[22m[2m)[22m[33m 553[2mms[22m[39m
validate / unit	UNKNOWN STEP	2026-09-12T19:18:55.4738275Z  [32m✓[39m packages/safe-js/src/interp/guest-iteration.test.ts [2m([22m[2m8 tests[22m[2m)[22m[33m 833[2mms[22m[39m
validate / unit	UNKNOWN STEP	2026-09-12T19:18:56.8544309Z  [32m✓[39m packages/safe-js/src/interp/disposable-stack-state.test.ts [2m([22m[2m4 tests[22m[2m)[22m[33m 471[2mms[22m[39m
validate / unit	UNKNOWN STEP	2026-09-12T19:18:56.8546533Z    [33m[2m✓[22m[39m restores moved resources, captured methods, and aliases through JSON snapshots [33m 458[2mms[22m[39m
validate / unit	UNKNOWN STEP	2026-09-12T19:18:56.9363636Z  [32m✓[39m packages/safe-js/src/snapshot/guest-generator-calls.test.ts [2m([22m[2m18 tests[22m[2m)[22m[33m 5628[2mms[22m[39m
validate / unit	UNKNOWN STEP	2026-09-12T19:18:56.9365994Z    [33m[2m✓[22m[39m preserves resolved calls across repeated restores: 'const sent=((a,b)=>[a,b])(count++,yie…' (async=false) [33m 529[2mms[22m[39m
validate / unit	UNKNOWN STEP	2026-09-12T19:18:56.9367084Z    [33m[2m✓[22m[39m preserves resolved calls across repeated restores: 'const sent=((a,b)=>[a,b])(count++,yie…' (async=true) [33m 324[2mms[22m[39m
validate / unit	UNKNOWN STEP	2026-09-12T19:18:56.9368104Z    [33m[2m✓[22m[39m preserves resolved calls across repeated restores: 'function f(a,b){return [a,b]}const se…' (async=false) [33m 344[2mms[22m[39m
validate / unit	UNKNOWN STEP	2026-09-12T19:18:56.9369528Z    [33m[2m✓[22m[39m preserves resolved calls across repeated restores: 'function f(a,b,c){return [a,b,c]}cons…' (async=false) [33m 303[2mms[22m[39m
validate / unit	UNKNOWN STEP	2026-09-12T19:18:56.9370601Z    [33m[2m✓[22m[39m preserves resolved calls across repeated restores: 'const object={get f(){count++;return …' (async=false) [33m 319[2mms[22m[39m
validate / unit	UNKNOWN STEP	2026-09-12T19:18:56.9371637Z    [33m[2m✓[22m[39m preserves resolved calls across repeated restores: 'function F(a,b){this.values=[a,b]}con…' (async=false) [33m 324[2mms[22m[39m
validate / unit	UNKNOWN STEP	2026-09-12T19:18:56.9372829Z    [33m[2m✓[22m[39m preserves resolved calls across repeated restores: 'function F(a,b){this.values=[a,b]}con…' (async=true) [33m 350[2mms[22m[39m
validate / unit	UNKNOWN STEP	2026-09-12T19:18:56.9373857Z    [33m[2m✓[22m[39m preserves resolved calls across repeated restores: 'const sent=Math.max(count++,yield 1);…' (async=false) [33m 335[2mms[22m[39m
validate / unit	UNKNOWN STEP	2026-09-12T19:18:56.9374905Z    [33m[2m✓[22m[39m preserves resolved calls across repeated restores: 'const array=[];array.push(count++,yie…' (async=true) [33m 310[2mms[22m[39m
validate / unit	UNKNOWN STEP	2026-09-12T19:18:58.6098119Z  [32m✓[39m packages/safe-js/src/interp/globals/temporal-plain-month-day-with.test.ts [2m([22m[2m7 tests[22m[2m)[22m[33m 757[2mms[22m[39m
validate / unit	UNKNOWN STEP	2026-09-12T19:18:58.6846598Z  [32m✓[39m packages/safe-js/src/interp/globals/temporal-zoned-date-time-with-calendar.test.ts [2m([22m[2m6 tests[22m[2m)[22m[33m 938[2mms[22m[39m
validate / unit	UNKNOWN STEP	2026-09-12T19:18:59.5216490Z  [32m✓[39m packages/safe-js/src/interp/intrinsic-measure-cache.test.ts [2m([22m[2m4 tests[22m[2m)[22m[32m 10[2mms[22m[39m
validate / unit	UNKNOWN STEP	2026-09-12T19:18:59.7303009Z  [32m✓[39m packages/safe-js/src/lint/rules/AS-shadow-global.test.ts [2m([22m[2m7 tests[22m[2m)[22m[32m 15[2mms[22m[39m
validate / unit	UNKNOWN STEP	2026-09-12T19:19:00.2928052Z  [32m✓[39m packages/safe-js/src/interp/rest-property-reads.test.ts [2m([22m[2m11 tests[22m[2m)[22m[33m 674[2mms[22m[39m
validate / unit	UNKNOWN STEP	2026-09-12T19:19:01.9680785Z  [32m✓[39m packages/safe-js/src/interp/guest-proxy-get-expression.test.ts [2m([22m[2m13 tests[22m[2m)[22m[33m 778[2mms[22m[39m
validate / unit	UNKNOWN STEP	2026-09-12T19:19:02.6541777Z  [32m✓[39m packages/safe-js/src/interp/methods/split-creation-realm.test.ts [2m([22m[2m15 tests[22m[2m)[22m[33m 2018[2mms[22m[39m
validate / unit	UNKNOWN STEP	2026-09-12T19:19:04.6952748Z  [32m✓[39m packages/safe-js/src/snapshot/async-generator-validation.test.ts [2m([22m[2m13 tests[22m[2m)[22m[33m 1830[2mms[22m[39m
validate / unit	UNKNOWN STEP	2026-09-12T19:19:04.6954741Z    [33m[2m✓[22m[39m rejects malformed async generator continuation: resolver [33m 313[2mms[22m[39m
validate / unit	UNKNOWN STEP	2026-09-12T19:19:05.0324429Z  [32m✓[39m packages/safe-js/src/snapshot/reference-error-delivery.test.ts [2m([22m[2m10 tests[22m[2m)[22m[33m 1428[2mms[22m[39m
validate / unit	UNKNOWN STEP	2026-09-12T19:19:05.0348772Z    [33m[2m✓[22m[39m restores a source-reference rejection as a ReferenceError instance: Promise.resolve().then(()=>missing) [33m 305[2mms[22m[39m
validate / unit	UNKNOWN STEP	2026-09-12T19:19:07.1001463Z  [32m✓[39m packages/safe-js/src/interp/object-method-names.test.ts [2m([22m[2m15 tests[22m[2m)[22m[33m 1444[2mms[22m[39m
validate / unit	UNKNOWN STEP	2026-09-12T19:19:07.1004057Z      [33m[2m✓[22m[39m preserves inferred names across a checkpoint: const key="computed";const o={[key](){return 7}};const method=o[key];await wait();return [method.name,method()]; [33m 425[2mms[22m[39m
validate / unit	UNKNOWN STEP	2026-09-12T19:19:07.2800797Z  [32m✓[39m packages/safe-js/src/interp/globals/number-function-properties.test.ts [2m([22m[2m25 tests[22m[2m)[22m[33m 1363[2mms[22m[39m
validate / unit	UNKNOWN STEP	2026-09-12T19:19:07.2864482Z  [32m✓[39m packages/safe-js/src/interp/jobs.test.ts [2m([22m[2m5 tests[22m[2m)[22m[32m 9[2mms[22m[39m
validate / unit	UNKNOWN STEP	2026-09-12T19:19:08.6254493Z  [32m✓[39m packages/safe-js/src/interp/temporal-zoned-date-time-host.test.ts [2m([22m[2m4 tests[22m[2m)[22m[33m 445[2mms[22m[39m
validate / unit	UNKNOWN STEP	2026-09-12T19:19:08.6257021Z    [33m[2m✓[22m[39m imports zoned bindings and replays host results without repeating calls [33m 364[2mms[22m[39m
validate / unit	UNKNOWN STEP	2026-09-12T19:19:08.9648114Z  [32m✓[39m packages/safe-js/src/lint/rules/AS-frontmatter-field-unused.test.ts [2m([22m[2m6 tests[22m[2m)[22m[32m 91[2mms[22m[39m
validate / unit	UNKNOWN STEP	2026-09-12T19:19:09.2113871Z  [32m✓[39m packages/safe-js/src/interp/globals/temporal-plain-month-day-conversion.test.ts [2m([22m[2m11 tests[22m[2m)[22m[33m 1029[2mms[22m[39m
validate / unit	UNKNOWN STEP	2026-09-12T19:19:09.8357426Z  [32m✓[39m packages/safe-js/src/interp/host-reconciliation-context.test.ts [2m([22m[2m1 test[22m[2m)[22m[32m 11[2mms[22m[39m
validate / unit	UNKNOWN STEP	2026-09-12T19:19:11.8209109Z  [32m✓[39m packages/safe-js/src/interp/bigint.test.ts [2m([22m[2m26 tests[22m[2m)[22m[33m 1731[2mms[22m[39m
validate / unit	UNKNOWN STEP	2026-09-12T19:19:11.8210710Z      [33m[2m✓[22m[39m preserves BigInts through JSON checkpoint transport and replay [33m 328[2mms[22m[39m
validate / unit	UNKNOWN STEP	2026-09-12T19:19:12.6800579Z  [32m✓[39m packages/safe-js/src/interp/globals/dynamic-arguments-var.test.ts [2m([22m[2m17 tests[22m[2m)[22m[33m 1930[2mms[22m[39m
validate / unit	UNKNOWN STEP	2026-09-12T19:19:12.6802105Z    [33m[2m✓[22m[39m restores lexical arguments independently of parameter scope:  / let arguments=7;yield 1;return arguments [33m 361[2mms[22m[39m
validate / unit	UNKNOWN STEP	2026-09-12T19:19:12.8367680Z  [32m✓[39m packages/safe-js/src/snapshot/temporal-plain-date-time.test.ts [2m([22m[2m11 tests[22m[2m)[22m[32m 46[2mms[22m[39m
validate / unit	UNKNOWN STEP	2026-09-12T19:19:14.4651740Z  [32m✓[39m packages/safe-js/src/interp/to-string-tag.test.ts [2m([22m[2m13 tests[22m[2m)[22m[33m 859[2mms[22m[39m
validate / unit	UNKNOWN STEP	2026-09-12T19:19:15.3943619Z  [32m✓[39m packages/safe-js/src/interp/temporal-realm-prototypes.test.ts [2m([22m[2m8 tests[22m[2m)[22m[32m 15[2mms[22m[39m
validate / unit	UNKNOWN STEP	2026-09-12T19:19:15.6140059Z  [32m✓[39m packages/safe-js/src/interp/methods/regex-lookahead.test.ts [2m([22m[2m25 tests[22m[2m)[22m[33m 1818[2mms[22m[39m
validate / unit	UNKNOWN STEP	2026-09-12T19:19:15.6142265Z      [33m[2m✓[22m[39m restores lookahead compilation and lazy captures across a checkpoint [33m 365[2mms[22m[39m
validate / unit	UNKNOWN STEP	2026-09-12T19:19:17.2879201Z  [32m✓[39m packages/safe-js/src/interp/globals/temporal-plain-year-month-format.test.ts [2m([22m[2m11 tests[22m[2m)[22m[33m 773[2mms[22m[39m
validate / unit	UNKNOWN STEP	2026-09-12T19:19:19.4746650Z  [32m✓[39m packages/safe-js/src/interp/globals/buffer-sdk-new-target.test.ts [2m([22m[2m24 tests[22m[2m)[22m[33m 1326[2mms[22m[39m
validate / unit	UNKNOWN STEP	2026-09-12T19:19:19.9307180Z  [32m✓[39m packages/safe-js/src/interp/methods/array-species-creation-realm.test.ts [2m([22m[2m28 tests[22m[2m)[22m[33m 3666[2mms[22m[39m
validate / unit	UNKNOWN STEP	2026-09-12T19:19:20.3893924Z  [32m✓[39m packages/safe-js/src/interp/symbol-copy.test.ts [2m([22m[2m6 tests[22m[2m)[22m[32m 38[2mms[22m[39m
validate / unit	UNKNOWN STEP	2026-09-12T19:19:21.3618357Z  [32m✓[39m packages/safe-js/src/interp/globals/iterator-sdk-construction.test.ts [2m([22m[2m8 tests[22m[2m)[22m[33m 537[2mms[22m[39m
validate / unit	UNKNOWN STEP	2026-09-12T19:19:21.9046378Z  [32m✓[39m packages/safe-js/src/interp/globals/date-json-primitive-boxing.test.ts [2m([22m[2m8 tests[22m[2m)[22m[33m 645[2mms[22m[39m
validate / unit	UNKNOWN STEP	2026-09-12T19:19:22.0913094Z  [32m✓[39m packages/safe-js/src/interp/temporal-time-zone-string.test.ts [2m([22m[2m73 tests[22m[2m)[22m[32m 13[2mms[22m[39m
validate / unit	UNKNOWN STEP	2026-09-12T19:19:23.5526778Z  [32m✓[39m packages/safe-js/src/interp/private-class-elements.test.ts [2m([22m[2m20 tests[22m[2m)[22m[33m 1263[2mms[22m[39m
validate / unit	UNKNOWN STEP	2026-09-12T19:19:24.6201472Z  [32m✓[39m packages/safe-js/src/interp/globals/intl-intrinsic-retention.test.ts [2m([22m[2m12 tests[22m[2m)[22m[32m 126[2mms[22m[39m
validate / unit	UNKNOWN STEP	2026-09-12T19:19:26.2845615Z  [32m✓[39m packages/safe-js/src/interp/globals/temporal-plain-month-day-format.test.ts [2m([22m[2m11 tests[22m[2m)[22m[33m 780[2mms[22m[39m
validate / unit	UNKNOWN STEP	2026-09-12T19:19:26.5282747Z  [32m✓[39m packages/safe-js/src/interp/globals/string-character-coercion.test.ts [2m([22m[2m54 tests[22m[2m)[22m[33m 3540[2mms[22m[39m
validate / unit	UNKNOWN STEP	2026-09-12T19:19:26.5287184Z    [33m[2m✓[22m[39m preserves character index conversion through pending checkpoints [33m 333[2mms[22m[39m
validate / unit	UNKNOWN STEP	2026-09-12T19:19:28.2428004Z  [32m✓[39m packages/safe-js/src/interp/globals/temporal-plain-date-locale.test.ts [2m([22m[2m7 tests[22m[2m)[22m[33m 800[2mms[22m[39m
validate / unit	UNKNOWN STEP	2026-09-12T19:19:28.2457746Z    [33m[2m✓[22m[39m brands receivers before locale reads and preserves captured methods through replay [33m 316[2mms[22m[39m
validate / unit	UNKNOWN STEP	2026-09-12T19:19:30.1601698Z  [32m✓[39m packages/safe-js/src/interp/methods/string-search-exec.test.ts [2m([22m[2m14 tests[22m[2m)[22m[33m 998[2mms[22m[39m
validate / unit	UNKNOWN STEP	2026-09-12T19:19:31.8172250Z  [32m✓[39m packages/safe-js/src/interp/globals/temporal-plain-date-comparison.test.ts [2m([22m[2m5 tests[22m[2m)[22m[33m 772[2mms[22m[39m
validate / unit	UNKNOWN STEP	2026-09-12T19:19:31.8229128Z    [33m[2m✓[22m[39m preserves captured comparison functions across replay and public replacement [33m 302[2mms[22m[39m
validate / unit	UNKNOWN STEP	2026-09-12T19:19:32.3703152Z  [32m✓[39m packages/safe-js/src/interp/globals/buffer-foreign-newtarget.test.ts [2m([22m[2m45 tests[22m[2m)[22m[33m 5161[2mms[22m[39m
validate / unit	UNKNOWN STEP	2026-09-12T19:19:32.3704938Z    [33m[2m✓[22m[39m preserves foreign ArrayBuffer defaults through target replay and cleanup [33m 320[2mms[22m[39m
validate / unit	UNKNOWN STEP	2026-09-12T19:19:33.6642991Z  [32m✓[39m packages/safe-js/src/interp/methods/string-match-all-flags.test.ts [2m([22m[2m11 tests[22m[2m)[22m[33m 886[2mms[22m[39m
validate / unit	UNKNOWN STEP	2026-09-12T19:19:35.5805347Z  [32m✓[39m packages/safe-js/src/interp/globals/temporal-instant-conversion.test.ts [2m([22m[2m14 tests[22m[2m)[22m[33m 956[2mms[22m[39m
validate / unit	UNKNOWN STEP	2026-09-12T19:19:35.7722726Z  [32m✓[39m packages/safe-js/src/snapshot/eval-call.test.ts [2m([22m[2m10 tests[22m[2m)[22m[33m 2477[2mms[22m[39m
validate / unit	UNKNOWN STEP	2026-09-12T19:19:35.7724670Z    [33m[2m✓[22m[39m preserves direct versus indirect eval after suspended arguments: eval [33m 443[2mms[22m[39m
validate / unit	UNKNOWN STEP	2026-09-12T19:19:35.7726829Z    [33m[2m✓[22m[39m restores the suspended generator itself before completing (eval) arguments [33m 312[2mms[22m[39m
validate / unit	UNKNOWN STEP	2026-09-12T19:19:35.8068149Z  [32m✓[39m packages/safe-js/src/parse/resource-declarations.test.ts [2m([22m[2m24 tests[22m[2m)[22m[32m 27[2mms[22m[39m
validate / unit	UNKNOWN STEP	2026-09-12T19:19:36.9388136Z  [32m✓[39m packages/safe-js/src/interp/guest-proxy-delete-expression.test.ts [2m([22m[2m5 tests[22m[2m)[22m[32m 299[2mms[22m[39m
validate / unit	UNKNOWN STEP	2026-09-12T19:19:37.4419207Z  [32m✓[39m packages/safe-js/src/interp/globals/temporal-zoned-date-time-difference.test.ts [2m([22m[2m5 tests[22m[2m)[22m[33m 782[2mms[22m[39m
validate / unit	UNKNOWN STEP	2026-09-12T19:19:38.7806035Z  [32m✓[39m packages/safe-js/src/interp/globals/eval-global-declarations.test.ts [2m([22m[2m14 tests[22m[2m)[22m[33m 904[2mms[22m[39m
validate / unit	UNKNOWN STEP	2026-09-12T19:19:39.1590106Z  [32m✓[39m packages/safe-js/src/interp/globals/temporal-plain-date-time-conversion.test.ts [2m([22m[2m8 tests[22m[2m)[22m[33m 837[2mms[22m[39m
validate / unit	UNKNOWN STEP	2026-09-12T19:19:40.5666446Z  [32m✓[39m packages/safe-js/src/interp/globals/temporal-zoned-date-time-conversion.test.ts [2m([22m[2m5 tests[22m[2m)[22m[33m 850[2mms[22m[39m
validate / unit	UNKNOWN STEP	2026-09-12T19:19:40.5669778Z    [33m[2m✓[22m[39m replays captured conversion methods without consulting replaced constructors [33m 309[2mms[22m[39m
validate / unit	UNKNOWN STEP	2026-09-12T19:19:40.7067557Z  [32m✓[39m packages/safe-js/src/interp/globals/promise-own-then-resolution.test.ts [2m([22m[2m8 tests[22m[2m)[22m[33m 647[2mms[22m[39m
validate / unit	UNKNOWN STEP	2026-09-12T19:19:42.2218109Z  [32m✓[39m packages/safe-js/src/interp/undefined-binding.test.ts [2m([22m[2m16 tests[22m[2m)[22m[33m 744[2mms[22m[39m
validate / unit	UNKNOWN STEP	2026-09-12T19:19:42.5664267Z  [32m✓[39m packages/safe-js/src/interp/globals/json-array-replacer.test.ts [2m([22m[2m19 tests[22m[2m)[22m[33m 967[2mms[22m[39m
validate / unit	UNKNOWN STEP	2026-09-12T19:19:43.8843030Z  [32m✓[39m packages/safe-js/src/snapshot/promise-aggregate-validation.test.ts [2m([22m[2m3 tests[22m[2m)[22m[33m 382[2mms[22m[39m
validate / unit	UNKNOWN STEP	2026-09-12T19:19:44.3316387Z  [32m✓[39m packages/safe-js/src/interp/guest-iteration-builtins.test.ts [2m([22m[2m12 tests[22m[2m)[22m[33m 1177[2mms[22m[39m
validate / unit	UNKNOWN STEP	2026-09-12T19:19:44.6357976Z  [32m✓[39m packages/safe-js/src/lint/rules/AS-large-literal.test.ts [2m([22m[2m7 tests[22m[2m)[22m[32m 106[2mms[22m[39m
validate / unit	UNKNOWN STEP	2026-09-12T19:19:44.8835550Z  [32m✓[39m packages/safe-js/src/snapshot/with-environment.test.ts [2m([22m[2m7 tests[22m[2m)[22m[32m 53[2mms[22m[39m
validate / unit	UNKNOWN STEP	2026-09-12T19:19:45.8157220Z  [32m✓[39m packages/safe-js/src/interp/with-binding-reference.test.ts [2m([22m[2m7 tests[22m[2m)[22m[32m 11[2mms[22m[39m
validate / unit	UNKNOWN STEP	2026-09-12T19:19:46.3272658Z  [32m✓[39m packages/safe-js/src/interp/globals/intl-datetimeformat-plain-year-month.test.ts [2m([22m[2m5 tests[22m[2m)[22m[33m 763[2mms[22m[39m
validate / unit	UNKNOWN STEP	2026-09-12T19:19:47.5234252Z  [32m✓[39m packages/safe-js/src/interp/globals/date-constructor-realm.test.ts [2m([22m[2m7 tests[22m[2m)[22m[33m 766[2mms[22m[39m
validate / unit	UNKNOWN STEP	2026-09-12T19:19:47.9316510Z  [32m✓[39m packages/safe-js/src/interp/globals/temporal-plain-year-month-locale.test.ts [2m([22m[2m6 tests[22m[2m)[22m[33m 726[2mms[22m[39m
validate / unit	UNKNOWN STEP	2026-09-12T19:19:47.9318642Z    [33m[2m✓[22m[39m formats private fields and retains a captured locale method through replay [33m 301[2mms[22m[39m
validate / unit	UNKNOWN STEP	2026-09-12T19:19:48.8228618Z  [32m✓[39m packages/safe-js/src/snapshot/imported-promise-property-validation.test.ts [2m([22m[2m4 tests[22m[2m)[22m[32m 12[2mms[22m[39m
validate / unit	UNKNOWN STEP	2026-09-12T19:19:50.0902517Z  [32m✓[39m packages/safe-js/src/snapshot/dynamic-function-self-binding.test.ts [2m([22m[2m9 tests[22m[2m)[22m[33m 1645[2mms[22m[39m
validate / unit	UNKNOWN STEP	2026-09-12T19:19:50.0908050Z    [33m[2m✓[22m[39m restores named function assignment semantics: return function f(){f=1;return typeof f} [33m 405[2mms[22m[39m
validate / unit	UNKNOWN STEP	2026-09-12T19:19:51.1253542Z  [32m✓[39m packages/safe-js/src/interp/globals/promise-function-metadata.test.ts [2m([22m[2m14 tests[22m[2m)[22m[33m 1365[2mms[22m[39m
validate / unit	UNKNOWN STEP	2026-09-12T19:19:51.1255433Z    [33m[2m✓[22m[39m preserves method metadata across pending checkpoints [33m 308[2mms[22m[39m
validate / unit	UNKNOWN STEP	2026-09-12T19:19:52.2112086Z  [32m✓[39m packages/safe-js/src/interp/global-object-lifetime.test.ts [2m([22m[2m7 tests[22m[2m)[22m[33m 1214[2mms[22m[39m
validate / unit	UNKNOWN STEP	2026-09-12T19:19:52.2114272Z    [33m[2m✓[22m[39m retains the runtime global after cleanup and replay: 'Function("return this.marker")' [33m 368[2mms[22m[39m
validate / unit	UNKNOWN STEP	2026-09-12T19:19:52.6098831Z  [32m✓[39m packages/safe-js/src/interp/globals/weak-ref.test.ts [2m([22m[2m6 tests[22m[2m)[22m[33m 550[2mms[22m[39m
validate / unit	UNKNOWN STEP	2026-09-12T19:19:54.0155409Z  [32m✓[39m packages/safe-js/src/interp/globals/intl-datetimeformat-plain-month-day.test.ts [2m([22m[2m5 tests[22m[2m)[22m[33m 819[2mms[22m[39m
validate / unit	UNKNOWN STEP	2026-09-12T19:19:54.0158145Z    [33m[2m✓[22m[39m preserves the captured formatter and month-day data through snapshot replay [33m 302[2mms[22m[39m
validate / unit	UNKNOWN STEP	2026-09-12T19:19:54.4929936Z  [32m✓[39m packages/safe-js/src/interp/has-instance.test.ts [2m([22m[2m14 tests[22m[2m)[22m[33m 916[2mms[22m[39m
validate / unit	UNKNOWN STEP	2026-09-12T19:19:55.6834391Z  [32m✓[39m packages/safe-js/src/interp/globals/temporal-plain-month-day-locale.test.ts [2m([22m[2m6 tests[22m[2m)[22m[33m 733[2mms[22m[39m
validate / unit	UNKNOWN STEP	2026-09-12T19:19:55.6841952Z    [33m[2m✓[22m[39m formats private fields and retains a captured locale method through replay [33m 330[2mms[22m[39m
validate / unit	UNKNOWN STEP	2026-09-12T19:19:56.0797925Z  [32m✓[39m packages/safe-js/src/interp/globals/temporal-zoned-date-time-transition.test.ts [2m([22m[2m4 tests[22m[2m)[22m[33m 675[2mms[22m[39m
validate / unit	UNKNOWN STEP	2026-09-12T19:19:56.9296577Z  [32m✓[39m packages/safe-js/src/interp/guest-proxy.test.ts [2m([22m[2m18 tests[22m[2m)[22m[32m 12[2mms[22m[39m
validate / unit	UNKNOWN STEP	2026-09-12T19:19:57.4176734Z  [32m✓[39m packages/safe-js/src/host-result-prototype-replay.test.ts [2m([22m[2m2 tests[22m[2m)[22m[33m 630[2mms[22m[39m
validate / unit	UNKNOWN STEP	2026-09-12T19:19:57.4180424Z      [33m[2m✓[22m[39m preserves native String coercion after replaying an ordinary host record [33m 422[2mms[22m[39m
validate / unit	UNKNOWN STEP	2026-09-12T19:19:57.8694042Z  [32m✓[39m packages/safe-js/src/snapshot/temporal-instant.test.ts [2m([22m[2m18 tests[22m[2m)[22m[32m 43[2mms[22m[39m
validate / unit	UNKNOWN STEP	2026-09-12T19:19:58.2724486Z  [32m✓[39m packages/safe-js/src/interp/float32-properties.test.ts [2m([22m[2m5 tests[22m[2m)[22m[32m 11[2mms[22m[39m
validate / unit	UNKNOWN STEP	2026-09-12T19:19:59.5369262Z  [32m✓[39m packages/safe-js/src/interp/symbol-registry-accounting.test.ts [2m([22m[2m4 tests[22m[2m)[22m[33m 394[2mms[22m[39m
validate / unit	UNKNOWN STEP	2026-09-12T19:19:59.7390789Z  [32m✓[39m packages/safe-js/src/interp/globals/array-constructor-realm.test.ts [2m([22m[2m12 tests[22m[2m)[22m[33m 1002[2mms[22m[39m
validate / unit	UNKNOWN STEP	2026-09-12T19:20:01.2367047Z  [32m✓[39m packages/safe-js/src/interp/globals/temporal-plain-year-month-conversion.test.ts [2m([22m[2m11 tests[22m[2m)[22m[33m 807[2mms[22m[39m
validate / unit	UNKNOWN STEP	2026-09-12T19:20:01.4840471Z  [32m✓[39m packages/safe-js/src/snapshot/async-function-validation.test.ts [2m([22m[2m5 tests[22m[2m)[22m[33m 738[2mms[22m[39m
validate / unit	UNKNOWN STEP	2026-09-12T19:20:03.3127354Z  [32m✓[39m packages/safe-js/src/snapshot/promise-callable-references.test.ts [2m([22m[2m6 tests[22m[2m)[22m[33m 1178[2mms[22m[39m
validate / unit	UNKNOWN STEP	2026-09-12T19:20:03.3128669Z    [33m[2m✓[22m[39m restores an aggregate callback used as a setter [33m 527[2mms[22m[39m
validate / unit	UNKNOWN STEP	2026-09-12T19:20:03.3129733Z    [33m[2m✓[22m[39m restores an aggregate callback used as a getter [33m 361[2mms[22m[39m
validate / unit	UNKNOWN STEP	2026-09-12T19:20:04.0178702Z  [32m✓[39m packages/safe-js/src/interp/globals/dynamic-assignment.test.ts [2m([22m[2m26 tests[22m[2m)[22m[33m 1647[2mms[22m[39m
validate / unit	UNKNOWN STEP	2026-09-12T19:20:05.1126236Z  [32m✓[39m packages/safe-js/src/run.reconciliation-cancellation.test.ts [2m([22m[2m2 tests[22m[2m)[22m[33m 681[2mms[22m[39m
validate / unit	UNKNOWN STEP	2026-09-12T19:20:05.1127659Z    [33m[2m✓[22m[39m cancels a public replay before a late fulfilled provider reply [33m 425[2mms[22m[39m
validate / unit	UNKNOWN STEP	2026-09-12T19:20:05.8530041Z  [32m✓[39m packages/safe-js/src/run.pending-imported-promise-cancellation.test.ts [2m([22m[2m2 tests[22m[2m)[22m[33m 685[2mms[22m[39m
validate / unit	UNKNOWN STEP	2026-09-12T19:20:05.8531949Z    [33m[2m✓[22m[39m cancels pending imported-Promise reconciliation before a late fulfilled proof [33m 442[2mms[22m[39m
validate / unit	UNKNOWN STEP	2026-09-12T19:20:06.7937982Z  [32m✓[39m packages/safe-js/src/interp/globals/iterator-to-array-realm.test.ts [2m([22m[2m5 tests[22m[2m)[22m[33m 743[2mms[22m[39m
validate / unit	UNKNOWN STEP	2026-09-12T19:20:07.2725259Z  [32m✓[39m packages/safe-js/src/snapshot/guest-generator-logical-references.test.ts [2m([22m[2m18 tests[22m[2m)[22m[33m 502[2mms[22m[39m
validate / unit	UNKNOWN STEP	2026-09-12T19:20:09.9778600Z  [32m✓[39m packages/safe-js/src/interp/float32-iterator-resize.test.ts [2m([22m[2m9 tests[22m[2m)[22m[33m 1817[2mms[22m[39m
validate / unit	UNKNOWN STEP	2026-09-12T19:20:09.9780417Z    [33m[2m✓[22m[39m restores a temporarily out-of-bounds keys cursor [33m 578[2mms[22m[39m
validate / unit	UNKNOWN STEP	2026-09-12T19:20:09.9796759Z    [33m[2m✓[22m[39m restores a temporarily out-of-bounds values cursor [33m 435[2mms[22m[39m
validate / unit	UNKNOWN STEP	2026-09-12T19:20:09.9797844Z    [33m[2m✓[22m[39m restores a temporarily out-of-bounds entries cursor [33m 331[2mms[22m[39m
validate / unit	UNKNOWN STEP	2026-09-12T19:20:10.0509336Z  [32m✓[39m packages/safe-js/src/interp/methods/string-replacer-result.test.ts [2m([22m[2m40 tests[22m[2m)[22m[33m 2271[2mms[22m[39m
validate / unit	UNKNOWN STEP	2026-09-12T19:20:11.9813079Z  [32m✓[39m packages/safe-js/src/interp/globals/temporal-plain-year-month-arithmetic.test.ts [2m([22m[2m12 tests[22m[2m)[22m[33m 1058[2mms[22m[39m
validate / unit	UNKNOWN STEP	2026-09-12T19:20:11.9983226Z  [32m✓[39m packages/safe-js/src/interp/globals/regex-as-prototype.test.ts [2m([22m[2m7 tests[22m[2m)[22m[33m 984[2mms[22m[39m
validate / unit	UNKNOWN STEP	2026-09-12T19:20:11.9984900Z    [33m[2m✓[22m[39m restores regex prototype graphs from pending checkpoints [33m 325[2mms[22m[39m
validate / unit	UNKNOWN STEP	2026-09-12T19:20:13.1409160Z  [32m✓[39m packages/safe-js/src/interp/function-realm.test.ts [2m([22m[2m5 tests[22m[2m)[22m[32m 286[2mms[22m[39m
validate / unit	UNKNOWN STEP	2026-09-12T19:20:13.8096581Z  [32m✓[39m packages/safe-js/src/interp/object-extensibility.test.ts [2m([22m[2m14 tests[22m[2m)[22m[33m 911[2mms[22m[39m
validate / unit	UNKNOWN STEP	2026-09-12T19:20:14.3251646Z  [32m✓[39m packages/safe-js/src/interp/guest-proxy-in-expression.test.ts [2m([22m[2m5 tests[22m[2m)[22m[32m 298[2mms[22m[39m
validate / unit	UNKNOWN STEP	2026-09-12T19:20:15.6609054Z  [32m✓[39m packages/safe-js/src/interp/typed-array-clone-bounds.test.ts [2m([22m[2m14 tests[22m[2m)[22m[33m 950[2mms[22m[39m
validate / unit	UNKNOWN STEP	2026-09-12T19:20:17.0224333Z  [32m✓[39m packages/safe-js/src/run.host-promise-data-properties.test.ts [2m([22m[2m4 tests[22m[2m)[22m[33m 1594[2mms[22m[39m
validate / unit	UNKNOWN STEP	2026-09-12T19:20:17.0246759Z    [33m[2m✓[22m[39m replays new host Promise data properties (async: false) [33m 635[2mms[22m[39m
validate / unit	UNKNOWN STEP	2026-09-12T19:20:17.0248390Z    [33m[2m✓[22m[39m replays new host Promise data properties (async: true) [33m 360[2mms[22m[39m
validate / unit	UNKNOWN STEP	2026-09-12T19:20:17.0249989Z    [33m[2m✓[22m[39m replays original host Promise properties rather than later guest mutations [33m 370[2mms[22m[39m
validate / unit	UNKNOWN STEP	2026-09-12T19:20:17.5318930Z  [32m✓[39m packages/safe-js/src/interp/concat-spreadable.test.ts [2m([22m[2m13 tests[22m[2m)[22m[33m 873[2mms[22m[39m
validate / unit	UNKNOWN STEP	2026-09-12T19:20:19.4557496Z  [32m✓[39m packages/safe-js/src/interp/globals/string-trim-aliases.test.ts [2m([22m[2m9 tests[22m[2m)[22m[33m 983[2mms[22m[39m
validate / unit	UNKNOWN STEP	2026-09-12T19:20:19.4559449Z    [33m[2m✓[22m[39m preserves alias identity and shared function mutations through a snapshot [33m 316[2mms[22m[39m
validate / unit	UNKNOWN STEP	2026-09-12T19:20:20.0866546Z  [32m✓[39m packages/safe-js/src/interp/globals/array-typed-result-coercion.test.ts [2m([22m[2m30 tests[22m[2m)[22m[33m 2105[2mms[22m[39m
validate / unit	UNKNOWN STEP	2026-09-12T19:20:21.1348886Z  [32m✓[39m packages/safe-js/src/interp/globals/temporal-plain-date-with-calendar.test.ts [2m([22m[2m5 tests[22m[2m)[22m[33m 801[2mms[22m[39m
validate / unit	UNKNOWN STEP	2026-09-12T19:20:21.4539594Z  [32m✓[39m packages/safe-js/src/interp/temporal-plain-month-day-host.test.ts [2m([22m[2m4 tests[22m[2m)[22m[33m 427[2mms[22m[39m
validate / unit	UNKNOWN STEP	2026-09-12T19:20:21.4541600Z    [33m[2m✓[22m[39m replays host month-day results without repeating the host call [33m 358[2mms[22m[39m
validate / unit	UNKNOWN STEP	2026-09-12T19:20:22.0423208Z  [32m✓[39m packages/safe-js/src/snapshot/temporal-zoned-date-time-replay.test.ts [2m([22m[2m13 tests[22m[2m)[22m[32m 23[2mms[22m[39m
validate / unit	UNKNOWN STEP	2026-09-12T19:20:23.3359139Z  [32m✓[39m packages/safe-js/src/interp/globals/descriptor-creation-realm.test.ts [2m([22m[2m7 tests[22m[2m)[22m[33m 1025[2mms[22m[39m
validate / unit	UNKNOWN STEP	2026-09-12T19:20:23.9660458Z  [32m✓[39m packages/safe-js/src/interp/guest-proxy-array-species.test.ts [2m([22m[2m15 tests[22m[2m)[22m[33m 1057[2mms[22m[39m
validate / unit	UNKNOWN STEP	2026-09-12T19:20:24.2687027Z  [32m✓[39m packages/safe-js/src/interp/methods/regex.test.ts [2m([22m[2m4 tests[22m[2m)[22m[32m 15[2mms[22m[39m
validate / unit	UNKNOWN STEP	2026-09-12T19:20:25.7064369Z  [32m✓[39m packages/safe-js/src/interp/host-imported-promise-validation.test.ts [2m([22m[2m5 tests[22m[2m)[22m[33m 590[2mms[22m[39m
validate / unit	UNKNOWN STEP	2026-09-12T19:20:25.8060325Z  [32m✓[39m packages/safe-js/src/interp/globals/promise-any-descriptors.test.ts [2m([22m[2m4 tests[22m[2m)[22m[33m 653[2mms[22m[39m
validate / unit	UNKNOWN STEP	2026-09-12T19:20:25.8063575Z    [33m[2m✓[22m[39m preserves Promise.any error descriptors through public replay [33m 351[2mms[22m[39m
validate / unit	UNKNOWN STEP	2026-09-12T19:20:26.5883107Z  [32m✓[39m packages/safe-js/src/interp/await-allocation-budget.test.ts [2m([22m[2m13 tests[22m[2m)[22m[32m 23[2mms[22m[39m
validate / unit	UNKNOWN STEP	2026-09-12T19:20:26.7708423Z  [32m✓[39m packages/safe-js/src/platform/workerd.test.ts [2m([22m[2m4 tests[22m[2m)[22m[32m 8[2mms[22m[39m
validate / unit	UNKNOWN STEP	2026-09-12T19:20:26.8871847Z  [32m✓[39m packages/safe-js/src/interp/construction-state.test.ts [2m([22m[2m2 tests[22m[2m)[22m[32m 218[2mms[22m[39m
validate / unit	UNKNOWN STEP	2026-09-12T19:20:27.6261890Z  [32m✓[39m packages/safe-js/src/interp/empty-retained-values.test.ts [2m([22m[2m4 tests[22m[2m)[22m[32m 8[2mms[22m[39m
validate / unit	UNKNOWN STEP	2026-09-12T19:20:28.3748922Z  [32m✓[39m packages/safe-js/src/interp/globals/promise-finally-own-then.test.ts [2m([22m[2m8 tests[22m[2m)[22m[33m 607[2mms[22m[39m
validate / unit	UNKNOWN STEP	2026-09-12T19:20:29.9818179Z  [32m✓[39m packages/safe-js/src/interp/globals/temporal-zoned-date-time-with-time-zone.test.ts [2m([22m[2m4 tests[22m[2m)[22m[33m 704[2mms[22m[39m
validate / unit	UNKNOWN STEP	2026-09-12T19:20:30.1145334Z  [32m✓[39m packages/safe-js/src/interp/globals/collection-subclass-prototypes.test.ts [2m([22m[2m12 tests[22m[2m)[22m[33m 1543[2mms[22m[39m
validate / unit	UNKNOWN STEP	2026-09-12T19:20:30.1147479Z    [33m[2m✓[22m[39m restores 'Map' subclasses from 'pending' checkpoints [33m 324[2mms[22m[39m
validate / unit	UNKNOWN STEP	2026-09-12T19:20:30.8892774Z  [32m✓[39m packages/safe-js/src/interp/host-promise-settlement-identity.test.ts [2m([22m[2m4 tests[22m[2m)[22m[32m 15[2mms[22m[39m
validate / unit	UNKNOWN STEP	2026-09-12T19:20:31.7565364Z  [32m✓[39m packages/safe-js/src/interp/guest-proxy-bind.test.ts [2m([22m[2m10 tests[22m[2m)[22m[33m 712[2mms[22m[39m
validate / unit	UNKNOWN STEP	2026-09-12T19:20:32.4849640Z  [32m✓[39m packages/safe-js/src/interp/globals/temporal-plain-year-month-difference.test.ts [2m([22m[2m9 tests[22m[2m)[22m[33m 664[2mms[22m[39m
validate / unit	UNKNOWN STEP	2026-09-12T19:20:34.3801487Z  [32m✓[39m packages/safe-js/src/interp/optional-chain-short-circuit.test.ts [2m([22m[2m24 tests[22m[2m)[22m[33m 1662[2mms[22m[39m
validate / unit	UNKNOWN STEP	2026-09-12T19:20:34.3809944Z    [33m[2m✓[22m[39m preserves chain outcomes and completed host effects through replay [33m 306[2mms[22m[39m
validate / unit	UNKNOWN STEP	2026-09-12T19:20:34.7471544Z  [32m✓[39m packages/safe-js/src/snapshot/guest-generator-do-while.test.ts [2m([22m[2m36 tests[22m[2m)[22m[33m 1318[2mms[22m[39m
validate / unit	UNKNOWN STEP	2026-09-12T19:20:36.2697832Z  [32m✓[39m packages/safe-js/src/interp/globals/disposal-symbols.test.ts [2m([22m[2m7 tests[22m[2m)[22m[33m 939[2mms[22m[39m
validate / unit	UNKNOWN STEP	2026-09-12T19:20:36.2704264Z    [33m[2m✓[22m[39m restores escaped Symbol.dispose keys through JSON snapshots [33m 340[2mms[22m[39m
validate / unit	UNKNOWN STEP	2026-09-12T19:20:36.7596033Z  [32m✓[39m packages/safe-js/src/snapshot/eval-catch-conflicts.test.ts [2m([22m[2m3 tests[22m[2m)[22m[33m 1082[2mms[22m[39m
validate / unit	UNKNOWN STEP	2026-09-12T19:20:36.7597627Z    [33m[2m✓[22m[39m preserves eval catch conflicts after generator restoration: 'e' [33m 562[2mms[22m[39m
validate / unit	UNKNOWN STEP	2026-09-12T19:20:37.9856561Z  [32m✓[39m packages/safe-js/src/interp/globals/intl-datetimeformat-plain-date-time.test.ts [2m([22m[2m4 tests[22m[2m)[22m[33m 769[2mms[22m[39m
validate / unit	UNKNOWN STEP	2026-09-12T19:20:37.9858752Z    [33m[2m✓[22m[39m preserves requested default components through cached formatter replay [33m 393[2mms[22m[39m
validate / unit	UNKNOWN STEP	2026-09-12T19:20:39.1884978Z  [32m✓[39m packages/safe-js/src/interp/globals/standard-error-constructors.test.ts [2m([22m[2m14 tests[22m[2m)[22m[33m 1469[2mms[22m[39m
validate / unit	UNKNOWN STEP	2026-09-12T19:20:39.1887225Z    [33m[2m✓[22m[39m preserves 'URIError' references and brands in 'pending' checkpoints [33m 352[2mms[22m[39m
validate / unit	UNKNOWN STEP	2026-09-12T19:20:39.2497881Z  [32m✓[39m packages/safe-js/src/interp/globals/weak-ref-budget.test.ts [2m([22m[2m4 tests[22m[2m)[22m[32m 299[2mms[22m[39m
validate / unit	UNKNOWN STEP	2026-09-12T19:20:40.7304401Z  [32m✓[39m packages/safe-js/src/interp/globals/object-from-entries-realm.test.ts [2m([22m[2m5 tests[22m[2m)[22m[33m 608[2mms[22m[39m
validate / unit	UNKNOWN STEP	2026-09-12T19:20:40.8258203Z  [32m✓[39m packages/safe-js/src/interp/globals/temporal-plain-date-time-with-calendar.test.ts [2m([22m[2m5 tests[22m[2m)[22m[33m 738[2mms[22m[39m
validate / unit	UNKNOWN STEP	2026-09-12T19:20:40.9753503Z  [32m✓[39m packages/safe-js/src/parse/classes.test.ts [2m([22m[2m37 tests[22m[2m)[22m[32m 41[2mms[22m[39m
validate / unit	UNKNOWN STEP	2026-09-12T19:20:42.5874845Z  [32m✓[39m packages/safe-js/src/interp/methods/string-deleted-hooks.test.ts [2m([22m[2m11 tests[22m[2m)[22m[33m 840[2mms[22m[39m
validate / unit	UNKNOWN STEP	2026-09-12T19:20:42.7876484Z  [32m✓[39m packages/safe-js/test/conformance/worker.test.ts [2m([22m[2m7 tests[22m[2m)[22m[32m 7[2mms[22m[39m
validate / unit	UNKNOWN STEP	2026-09-12T19:20:43.6282796Z  [32m✓[39m packages/safe-js/src/interp/globals/iterator-sdk-consumers-proxy.test.ts [2m([22m[2m28 tests[22m[2m)[22m[33m 1759[2mms[22m[39m
validate / unit	UNKNOWN STEP	2026-09-12T19:20:44.9416948Z  [32m✓[39m packages/safe-js/src/interp/globals/string-normalize-coercion.test.ts [2m([22m[2m13 tests[22m[2m)[22m[33m 1275[2mms[22m[39m
validate / unit	UNKNOWN STEP	2026-09-12T19:20:44.9428505Z    [33m[2m✓[22m[39m preserves normalize conversion through pending checkpoints [33m 312[2mms[22m[39m
validate / unit	UNKNOWN STEP	2026-09-12T19:20:45.3157947Z  [32m✓[39m packages/safe-js/src/interp/globals/temporal-plain-date-time-to-zoned.test.ts [2m([22m[2m3 tests[22m[2m)[22m[33m 721[2mms[22m[39m
validate / unit	UNKNOWN STEP	2026-09-12T19:20:45.3159123Z    [33m[2m✓[22m[39m preserves private time/calendar and captures the zoned prototype across replay [33m 356[2mms[22m[39m
validate / unit	UNKNOWN STEP	2026-09-12T19:20:46.4761283Z  [32m✓[39m packages/safe-js/src/interp/globals/object-assign-symbol-keys.test.ts [2m([22m[2m9 tests[22m[2m)[22m[33m 589[2mms[22m[39m
validate / unit	UNKNOWN STEP	2026-09-12T19:20:46.9990010Z  [32m✓[39m packages/safe-js/src/interp/globals/typed-array-constructor-prototype-lifetime.test.ts [2m([22m[2m12 tests[22m[2m)[22m[33m 756[2mms[22m[39m
validate / unit	UNKNOWN STEP	2026-09-12T19:20:48.1503282Z  [32m✓[39m packages/safe-js/src/interp/globals/temporal-plain-date-time-compare.test.ts [2m([22m[2m8 tests[22m[2m)[22m[33m 759[2mms[22m[39m
validate / unit	UNKNOWN STEP	2026-09-12T19:20:48.1505970Z    [33m[2m✓[22m[39m retains captured comparison and equality methods through replay [32m 300[2mms[22m[39m
validate / unit	UNKNOWN STEP	2026-09-12T19:20:48.6790638Z  [32m✓[39m packages/safe-js/src/interp/globals/iterator-sdk-dispose.test.ts [2m([22m[2m11 tests[22m[2m)[22m[33m 781[2mms[22m[39m
validate / unit	UNKNOWN STEP	2026-09-12T19:20:50.8147090Z  [32m✓[39m packages/safe-js/src/interp/globals/json-namespace.test.ts [2m([22m[2m10 tests[22m[2m)[22m[33m 1220[2mms[22m[39m
validate / unit	UNKNOWN STEP	2026-09-12T19:20:50.8148554Z    [33m[2m✓[22m[39m preserves JSON namespace descriptors in pending checkpoints [33m 456[2mms[22m[39m
validate / unit	UNKNOWN STEP	2026-09-12T19:20:52.1108093Z  [32m✓[39m packages/safe-js/src/interp/guest-proxy-with.test.ts [2m([22m[2m7 tests[22m[2m)[22m[33m 465[2mms[22m[39m
validate / unit	UNKNOWN STEP	2026-09-12T19:20:53.6210137Z  [32m✓[39m packages/safe-js/src/interp/globals/temporal-instant-zoned.test.ts [2m([22m[2m4 tests[22m[2m)[22m[33m 623[2mms[22m[39m
validate / unit	UNKNOWN STEP	2026-09-12T19:20:54.4542542Z  [32m✓[39m packages/safe-js/src/interp/intl-duration-options.test.ts [2m([22m[2m21 tests[22m[2m)[22m[32m 16[2mms[22m[39m
validate / unit	UNKNOWN STEP	2026-09-12T19:20:56.0031896Z  [32m✓[39m packages/safe-js/src/interp/string-coercion-retention.test.ts [2m([22m[2m7 tests[22m[2m)[22m[33m 694[2mms[22m[39m
validate / unit	UNKNOWN STEP	2026-09-12T19:20:56.8384519Z  [32m✓[39m packages/safe-js/src/interp/promise-replay-import-header.test.ts [2m([22m[2m13 tests[22m[2m)[22m[32m 11[2mms[22m[39m
validate / unit	UNKNOWN STEP	2026-09-12T19:20:58.7811737Z  [32m✓[39m packages/safe-js/src/interp/optional-chain-async.test.ts [2m([22m[2m16 tests[22m[2m)[22m[33m 1131[2mms[22m[39m
validate / unit	UNKNOWN STEP	2026-09-12T19:20:59.8764505Z  [32m✓[39m packages/safe-js/src/realm-owned-job-error.test.ts [2m([22m[2m4 tests[22m[2m)[22m[32m 248[2mms[22m[39m
validate / unit	UNKNOWN STEP	2026-09-12T19:21:01.6721878Z  [32m✓[39m packages/safe-js/src/interp/globals/bigint-json.test.ts [2m([22m[2m10 tests[22m[2m)[22m[33m 942[2mms[22m[39m
validate / unit	UNKNOWN STEP	2026-09-12T19:21:01.6723163Z    [33m[2m✓[22m[39m preserves converted BigInt JSON across checkpoint replay [33m 395[2mms[22m[39m
validate / unit	UNKNOWN STEP	2026-09-12T19:21:03.2065794Z  [32m✓[39m packages/safe-js/src/interp/globals/typed-array-sdk-input-proxy.test.ts [2m([22m[2m10 tests[22m[2m)[22m[33m 696[2mms[22m[39m
validate / unit	UNKNOWN STEP	2026-09-12T19:21:04.0449205Z  [32m✓[39m packages/safe-js/src/interp/symbol-resources.test.ts [2m([22m[2m7 tests[22m[2m)[22m[32m 10[2mms[22m[39m
validate / unit	UNKNOWN STEP	2026-09-12T19:21:05.4745574Z  [32m✓[39m packages/safe-js/src/interp/globals/proxy-global.test.ts [2m([22m[2m9 tests[22m[2m)[22m[33m 555[2mms[22m[39m
validate / unit	UNKNOWN STEP	2026-09-12T19:21:07.0738904Z  [32m✓[39m packages/safe-js/src/interp/globals/promise-proxy-property-read.test.ts [2m([22m[2m10 tests[22m[2m)[22m[33m 764[2mms[22m[39m
validate / unit	UNKNOWN STEP	2026-09-12T19:21:07.9080568Z  [32m✓[39m packages/safe-js/src/interp/intrinsic-state-detection.test.ts [2m([22m[2m8 tests[22m[2m)[22m[32m 8[2mms[22m[39m
validate / unit	UNKNOWN STEP	2026-09-12T19:21:09.9496845Z  [32m✓[39m packages/safe-js/src/interp/for-head-lexical-scope.test.ts [2m([22m[2m21 tests[22m[2m)[22m[33m 1208[2mms[22m[39m
validate / unit	UNKNOWN STEP	2026-09-12T19:21:12.1519984Z  [32m✓[39m packages/safe-js/src/interp/tracked-intrinsic-prototypes.test.ts [2m([22m[2m34 tests[22m[2m)[22m[33m 1368[2mms[22m[39m
validate / unit	UNKNOWN STEP	2026-09-12T19:21:12.9884760Z  [32m✓[39m packages/safe-js/src/interp/structured-clone-host-instant.test.ts [2m([22m[2m14 tests[22m[2m | [22m[33m7 skipped[39m[2m)[22m[32m 11[2mms[22m[39m
validate / unit	UNKNOWN STEP	2026-09-12T19:21:14.7237411Z  [32m✓[39m packages/safe-js/src/interp/methods/string-match-flags.test.ts [2m([22m[2m15 tests[22m[2m)[22m[33m 865[2mms[22m[39m
validate / unit	UNKNOWN STEP	2026-09-12T19:21:15.6145402Z  [32m✓[39m packages/safe-js/src/snapshot/guest-heap.test.ts [2m([22m[2m4 tests[22m[2m)[22m[32m 90[2mms[22m[39m
validate / unit	UNKNOWN STEP	2026-09-12T19:21:16.5474795Z  [32m✓[39m packages/safe-js/src/snapshot/assignment-reference-validation.test.ts [2m([22m[2m6 tests[22m[2m)[22m[32m 76[2mms[22m[39m
validate / unit	UNKNOWN STEP	2026-09-12T19:21:16.8637964Z  [32m✓[39m packages/safe-js/src/interp/float32-camera.test.ts [2m([22m[2m11 tests[22m[2m)[22m[33m 27736[2mms[22m[39m
validate / unit	UNKNOWN STEP	2026-09-12T19:21:16.8648738Z      [33m[2m✓[22m[39m matches the complete native and recorded batch trace for inverse-coordinate-transforms:camera-axis-frustum-typed:samples-0-1 [33m 3755[2mms[22m[39m
validate / unit	UNKNOWN STEP	2026-09-12T19:21:16.8651626Z      [33m[2m✓[22m[39m matches the complete native and recorded batch trace for inverse-coordinate-transforms:camera-axis-frustum-typed:samples-2-3 [33m 3570[2mms[22m[39m
validate / unit	UNKNOWN STEP	2026-09-12T19:21:16.8654383Z      [33m[2m✓[22m[39m matches the complete native and recorded batch trace for inverse-coordinate-transforms:camera-axis-frustum-typed:samples-4-5 [33m 3424[2mms[22m[39m
validate / unit	UNKNOWN STEP	2026-09-12T19:21:16.8657338Z      [33m[2m✓[22m[39m matches the complete native and recorded batch trace for inverse-coordinate-transforms:camera-oblique-frame-typed:samples-0-1 [33m 3606[2mms[22m[39m
validate / unit	UNKNOWN STEP	2026-09-12T19:21:16.8669774Z      [33m[2m✓[22m[39m matches the complete native and recorded batch trace for inverse-coordinate-transforms:camera-oblique-frame-typed:samples-2-3 [33m 3562[2mms[22m[39m
validate / unit	UNKNOWN STEP	2026-09-12T19:21:16.8677634Z      [33m[2m✓[22m[39m matches the complete native and recorded batch trace for inverse-coordinate-transforms:camera-oblique-frame-typed:samples-4-4 [33m 2630[2mms[22m[39m
validate / unit	UNKNOWN STEP	2026-09-12T19:21:16.8680119Z      [33m[2m✓[22m[39m matches the complete native and recorded batch trace for inverse-coordinate-transforms:camera-offset-handoff-typed:samples-0-1 [33m 3548[2mms[22m[39m
validate / unit	UNKNOWN STEP	2026-09-12T19:21:16.8682555Z      [33m[2m✓[22m[39m matches the complete native and recorded batch trace for inverse-coordinate-transforms:camera-offset-handoff-typed:samples-2-3 [33m 3631[2mms[22m[39m
validate / unit	UNKNOWN STEP	2026-09-12T19:21:18.7815329Z  [32m✓[39m packages/safe-js/src/interp/pattern-rest-realm.test.ts [2m([22m[2m10 tests[22m[2m)[22m[33m 990[2mms[22m[39m
validate / unit	UNKNOWN STEP	2026-09-12T19:21:18.9812459Z  [32m✓[39m packages/safe-js/src/error/shape.test.ts [2m([22m[2m3 tests[22m[2m)[22m[32m 6[2mms[22m[39m
validate / unit	UNKNOWN STEP	2026-09-12T19:21:19.0106451Z  [32m✓[39m packages/safe-js/src/parse/template-line-normalization.test.ts [2m([22m[2m20 tests[22m[2m)[22m[33m 1509[2mms[22m[39m
validate / unit	UNKNOWN STEP	2026-09-12T19:21:19.8892985Z  [32m✓[39m packages/safe-js/src/interp/intrinsic-realm-identity.test.ts [2m([22m[2m5 tests[22m[2m)[22m[32m 6[2mms[22m[39m
validate / unit	UNKNOWN STEP	2026-09-12T19:21:20.0914874Z  [32m✓[39m packages/safe-js/src/lint/rules/AS-export-import-meta.test.ts [2m([22m[2m6 tests[22m[2m)[22m[32m 14[2mms[22m[39m
validate / unit	UNKNOWN STEP	2026-09-12T19:21:20.8107958Z  [32m✓[39m packages/safe-js/src/interp/guest-proxy-inherited-tag.test.ts [2m([22m[2m16 tests[22m[2m)[22m[33m 946[2mms[22m[39m
validate / unit	UNKNOWN STEP	2026-09-12T19:21:21.0230275Z  [32m✓[39m packages/safe-js/src/snapshot/pending-imported-promise-validation.test.ts [2m([22m[2m5 tests[22m[2m)[22m[32m 14[2mms[22m[39m
validate / unit	UNKNOWN STEP	2026-09-12T19:21:21.8934025Z  [32m✓[39m packages/safe-js/src/interp/prototype-realm-free.test.ts [2m([22m[2m5 tests[22m[2m)[22m[32m 8[2mms[22m[39m
validate / unit	UNKNOWN STEP	2026-09-12T19:21:22.1506070Z  [32m✓[39m packages/safe-js/src/parse/bindings.test.ts [2m([22m[2m20 tests[22m[2m)[22m[33m 482[2mms[22m[39m
validate / unit	UNKNOWN STEP	2026-09-12T19:21:23.4585363Z  [32m✓[39m packages/safe-js/src/interp/object-literal-realm.test.ts [2m([22m[2m6 tests[22m[2m)[22m[33m 638[2mms[22m[39m
validate / unit	UNKNOWN STEP	2026-09-12T19:21:23.4800159Z  [32m✓[39m packages/safe-js/src/snapshot/bound-constructor-new-target.test.ts [2m([22m[2m2 tests[22m[2m)[22m[33m 379[2mms[22m[39m
validate / unit	UNKNOWN STEP	2026-09-12T19:21:24.7972881Z  [32m✓[39m packages/safe-js/src/interp/globals/temporal-zoned-date-time-comparison.test.ts [2m([22m[2m4 tests[22m[2m)[22m[33m 447[2mms[22m[39m
validate / unit	UNKNOWN STEP	2026-09-12T19:21:25.0761995Z  [32m✓[39m packages/safe-js/src/lint/rules/AS-unbounded-loop.test.ts [2m([22m[2m13 tests[22m[2m)[22m[32m 18[2mms[22m[39m
validate / unit	UNKNOWN STEP	2026-09-12T19:21:25.1446778Z  [32m✓[39m packages/safe-js/src/interp/globals/temporal-zoned-date-time-locale.test.ts [2m([22m[2m4 tests[22m[2m)[22m[33m 767[2mms[22m[39m
validate / unit	UNKNOWN STEP	2026-09-12T19:21:25.1449120Z    [33m[2m✓[22m[39m brands before locale reads and retains method identity across replay [33m 413[2mms[22m[39m
validate / unit	UNKNOWN STEP	2026-09-12T19:21:25.3650271Z  [32m✓[39m packages/safe-js/test/conformance/discover.test.ts [2m([22m[2m8 tests[22m[2m)[22m[32m 14[2mms[22m[39m
validate / unit	UNKNOWN STEP	2026-09-12T19:21:25.5527111Z  [32m✓[39m packages/safe-js/src/interp/regex/parse.test.ts [2m([22m[2m18 tests[22m[2m)[22m[32m 14[2mms[22m[39m
validate / unit	UNKNOWN STEP	2026-09-12T19:21:26.6187602Z  [32m✓[39m packages/safe-js/src/interp/globals/promise-method-constructor.test.ts [2m([22m[2m8 tests[22m[2m)[22m[33m 612[2mms[22m[39m
validate / unit	UNKNOWN STEP	2026-09-12T19:21:27.5732244Z  [32m✓[39m packages/safe-js/src/snapshot/eval-class-arguments.test.ts [2m([22m[2m4 tests[22m[2m)[22m[33m 1125[2mms[22m[39m
validate / unit	UNKNOWN STEP	2026-09-12T19:21:27.5734604Z    [33m[2m✓[22m[39m restores class-initializer eval context: class C{f=()=>{try{return eval("arguments")}catch(e){return e.name}}}return new C().f [33m 448[2mms[22m[39m
validate / unit	UNKNOWN STEP	2026-09-12T19:21:27.7198774Z  [32m✓[39m packages/safe-js/src/parse/for-initializer-no-in.test.ts [2m([22m[2m32 tests[22m[2m)[22m[32m 174[2mms[22m[39m
validate / unit	UNKNOWN STEP	2026-09-12T19:21:29.3298714Z  [32m✓[39m packages/safe-js/src/interp/globals/temporal-plain-date-to-zoned.test.ts [2m([22m[2m4 tests[22m[2m)[22m[33m 709[2mms[22m[39m
validate / unit	UNKNOWN STEP	2026-09-12T19:21:29.3301192Z    [33m[2m✓[22m[39m uses owned zone slots and captured result prototype through replay [33m 377[2mms[22m[39m
validate / unit	UNKNOWN STEP	2026-09-12T19:21:30.9071832Z  [32m✓[39m packages/safe-js/src/snapshot/bigint.test.ts [2m([22m[2m21 tests[22m[2m)[22m[33m 630[2mms[22m[39m
validate / unit	UNKNOWN STEP	2026-09-12T19:21:30.9073170Z    [33m[2m✓[22m[39m preserves exact BigInt bindings and literals across checkpoint transport [33m 374[2mms[22m[39m
validate / unit	UNKNOWN STEP	2026-09-12T19:21:31.0716739Z  [32m✓[39m packages/safe-js/src/run.host-promise-property-aliases.test.ts [2m([22m[2m6 tests[22m[2m)[22m[33m 2414[2mms[22m[39m
validate / unit	UNKNOWN STEP	2026-09-12T19:21:31.0718764Z    [33m[2m✓[22m[39m preserves aliases between Promise properties and their host outcome {"asynchronous":false,"promiseFirst":false} [33m 715[2mms[22m[39m
validate / unit	UNKNOWN STEP	2026-09-12T19:21:31.0720689Z    [33m[2m✓[22m[39m preserves aliases between Promise properties and their host outcome {"asynchronous":false,"promiseFirst":true} [33m 393[2mms[22m[39m
validate / unit	UNKNOWN STEP	2026-09-12T19:21:31.0721838Z    [33m[2m✓[22m[39m preserves aliases between Promise properties and their host outcome {"asynchronous":true,"promiseFirst":false} [33m 318[2mms[22m[39m
validate / unit	UNKNOWN STEP	2026-09-12T19:21:31.0722945Z    [33m[2m✓[22m[39m preserves aliases between Promise properties and their host outcome {"asynchronous":true,"promiseFirst":true} [33m 353[2mms[22m[39m
validate / unit	UNKNOWN STEP	2026-09-12T19:21:31.0723957Z    [33m[2m✓[22m[39m preserves property aliases in an imported input settlement (promise first: false) [33m 345[2mms[22m[39m
validate / unit	UNKNOWN STEP	2026-09-12T19:21:31.7614673Z  [32m✓[39m packages/safe-js/src/interp/reconcile-empty-tickets.test.ts [2m([22m[2m4 tests[22m[2m)[22m[32m 10[2mms[22m[39m
validate / unit	UNKNOWN STEP	2026-09-12T19:21:32.6598567Z  [2m[90m↓[39m[22m packages/safe-js/src/interp/temporal-instant-native.test.ts [2m([22m[2m4 tests[22m[2m | [22m[33m4 skipped[39m[2m)[22m
validate / unit	UNKNOWN STEP	2026-09-12T19:21:32.8980290Z  [32m✓[39m packages/safe-js/src/interp/entry-pair-creation-realm.test.ts [2m([22m[2m6 tests[22m[2m)[22m[33m 939[2mms[22m[39m
validate / unit	UNKNOWN STEP	2026-09-12T19:21:33.8508364Z  [32m✓[39m packages/safe-js/src/interp/guest-proxy-array-identity.test.ts [2m([22m[2m6 tests[22m[2m)[22m[33m 304[2mms[22m[39m
validate / unit	UNKNOWN STEP	2026-09-12T19:21:35.1377394Z  [32m✓[39m packages/safe-js/src/interp/globals/typed-array-sdk-result-prototype.test.ts [2m([22m[2m23 tests[22m[2m)[22m[33m 1331[2mms[22m[39m
validate / unit	UNKNOWN STEP	2026-09-12T19:21:35.7498829Z  [32m✓[39m packages/safe-js/src/snapshot/promise-aggregate-callbacks.test.ts [2m([22m[2m2 tests[22m[2m)[22m[33m 994[2mms[22m[39m
validate / unit	UNKNOWN STEP	2026-09-12T19:21:35.7500487Z    [33m[2m✓[22m[39m restores escaped aggregate callbacks with partial results and shared called flags (properties: false) [33m 586[2mms[22m[39m
validate / unit	UNKNOWN STEP	2026-09-12T19:21:35.7502328Z    [33m[2m✓[22m[39m restores escaped aggregate callbacks with partial results and shared called flags (properties: true) [33m 405[2mms[22m[39m
validate / unit	UNKNOWN STEP	2026-09-12T19:21:36.0848731Z  [32m✓[39m packages/safe-js/src/interp/structured-clone-weak-graph.test.ts [2m([22m[2m5 tests[22m[2m)[22m[32m 10[2mms[22m[39m
validate / unit	UNKNOWN STEP	2026-09-12T19:21:36.9965083Z  [32m✓[39m packages/safe-js/src/interp/pending-proof-encoding-rollback.test.ts [2m([22m[2m2 tests[22m[2m)[22m[32m 28[2mms[22m[39m
validate / unit	UNKNOWN STEP	2026-09-12T19:21:37.4946243Z  [32m✓[39m packages/safe-js/src/interp/globals/temporal-plain-time-json.test.ts [2m([22m[2m8 tests[22m[2m)[22m[33m 840[2mms[22m[39m
validate / unit	UNKNOWN STEP	2026-09-12T19:21:38.5144470Z  [32m✓[39m packages/safe-js/src/interp/globals/temporal-zoned-date-time-start-of-day.test.ts [2m([22m[2m4 tests[22m[2m)[22m[33m 596[2mms[22m[39m
validate / unit	UNKNOWN STEP	2026-09-12T19:21:38.9785521Z  [32m✓[39m packages/safe-js/src/interp/globals/atomics-pause.test.ts [2m([22m[2m4 tests[22m[2m)[22m[33m 571[2mms[22m[39m
validate / unit	UNKNOWN STEP	2026-09-12T19:21:40.4186691Z  [32m✓[39m packages/safe-js/src/interp/function-source-semantics.test.ts [2m([22m[2m5 tests[22m[2m)[22m[33m 527[2mms[22m[39m
validate / unit	UNKNOWN STEP	2026-09-12T19:21:41.4398792Z  [32m✓[39m packages/safe-js/src/snapshot/imported-promise-depth.test.ts [2m([22m[2m3 tests[22m[2m)[22m[32m 149[2mms[22m[39m
validate / unit	UNKNOWN STEP	2026-09-12T19:21:42.4997554Z  [32m✓[39m packages/safe-js/src/interp/globals/date-prototype-brand.test.ts [2m([22m[2m53 tests[22m[2m)[22m[33m 3046[2mms[22m[39m
validate / unit	UNKNOWN STEP	2026-09-12T19:21:43.2479448Z  [32m✓[39m packages/safe-js/src/interp/globals/array-from-proxy-order.test.ts [2m([22m[2m12 tests[22m[2m)[22m[33m 953[2mms[22m[39m
validate / unit	UNKNOWN STEP	2026-09-12T19:21:43.4520180Z  [32m✓[39m packages/safe-js/src/interp/guest-proxy-set-prototype-retention.test.ts [2m([22m[2m4 tests[22m[2m)[22m[32m 9[2mms[22m[39m
validate / unit	UNKNOWN STEP	2026-09-12T19:21:44.1086184Z  [32m✓[39m packages/safe-js/src/interp/shared-host-callback-validation.test.ts [2m([22m[2m6 tests[22m[2m)[22m[32m 23[2mms[22m[39m
validate / unit	UNKNOWN STEP	2026-09-12T19:21:44.3110492Z  [32m✓[39m packages/safe-js/src/interp/intrinsic-prototype-retention.test.ts [2m([22m[2m3 tests[22m[2m)[22m[32m 8[2mms[22m[39m
validate / unit	UNKNOWN STEP	2026-09-12T19:21:45.2185456Z  [32m✓[39m packages/safe-js/src/interp/pending-promise-proof-budget.test.ts [2m([22m[2m5 tests[22m[2m)[22m[32m 32[2mms[22m[39m
validate / unit	UNKNOWN STEP	2026-09-12T19:21:46.2941010Z  [32m✓[39m packages/safe-js/src/snapshot/typed-array-iterator-replay.test.ts [2m([22m[2m5 tests[22m[2m)[22m[33m 1320[2mms[22m[39m
validate / unit	UNKNOWN STEP	2026-09-12T19:21:46.2963827Z    [33m[2m✓[22m[39m retains a typed array's custom iterator properties through construction and replay [33m 438[2mms[22m[39m
validate / unit	UNKNOWN STEP	2026-09-12T19:21:46.8786068Z  [32m✓[39m packages/safe-js/src/proxy-data-copy.test.ts [2m([22m[2m8 tests[22m[2m)[22m[33m 487[2mms[22m[39m
validate / unit	UNKNOWN STEP	2026-09-12T19:21:47.1972546Z  [32m✓[39m packages/safe-js/src/modules/registry.test.ts [2m([22m[2m4 tests[22m[2m)[22m[32m 13[2mms[22m[39m
validate / unit	UNKNOWN STEP	2026-09-12T19:21:48.2402301Z  [32m✓[39m packages/safe-js/src/lint/mutable-closures.test.ts [2m([22m[2m6 tests[22m[2m)[22m[33m 473[2mms[22m[39m
validate / unit	UNKNOWN STEP	2026-09-12T19:21:48.4856467Z  [32m✓[39m packages/safe-js/src/interp/globals/iterator-to-array-budget.test.ts [2m([22m[2m5 tests[22m[2m)[22m[33m 410[2mms[22m[39m
validate / unit	UNKNOWN STEP	2026-09-12T19:21:49.8638310Z  [32m✓[39m packages/safe-js/src/interp/globals/group-by-creation-realm.test.ts [2m([22m[2m3 tests[22m[2m)[22m[33m 500[2mms[22m[39m
validate / unit	UNKNOWN STEP	2026-09-12T19:21:51.1371630Z  [32m✓[39m packages/safe-js/src/parse/contextual-labels.test.ts [2m([22m[2m24 tests[22m[2m)[22m[33m 2025[2mms[22m[39m
validate / unit	UNKNOWN STEP	2026-09-12T19:21:51.1373300Z    [33m[2m✓[22m[39m supports contextual label async [33m 399[2mms[22m[39m
validate / unit	UNKNOWN STEP	2026-09-12T19:21:51.1374514Z    [33m[2m✓[22m[39m supports contextual label of [32m 300[2mms[22m[39m
validate / unit	UNKNOWN STEP	2026-09-12T19:21:51.1375240Z    [33m[2m✓[22m[39m supports contextual label as [33m 303[2mms[22m[39m
validate / unit	UNKNOWN STEP	2026-09-12T19:21:51.4073738Z  [32m✓[39m packages/safe-js/src/interp/globals/temporal-private-calendar-input.test.ts [2m([22m[2m9 tests[22m[2m)[22m[33m 675[2mms[22m[39m
validate / unit	UNKNOWN STEP	2026-09-12T19:21:52.0211983Z  [32m✓[39m packages/safe-js/src/interp/array-measurement.test.ts [2m([22m[2m6 tests[22m[2m)[22m[32m 9[2mms[22m[39m
validate / unit	UNKNOWN STEP	2026-09-12T19:21:52.5222884Z  [32m✓[39m packages/safe-js/src/snapshot/guest-generator-identifier-assignments.test.ts [2m([22m[2m14 tests[22m[2m)[22m[32m 215[2mms[22m[39m
validate / unit	UNKNOWN STEP	2026-09-12T19:21:53.7597982Z  [32m✓[39m packages/safe-js/src/interp/string-symbol-protocols.test.ts [2m([22m[2m13 tests[22m[2m)[22m[33m 813[2mms[22m[39m
validate / unit	UNKNOWN STEP	2026-09-12T19:21:57.3331673Z  [32m✓[39m packages/safe-js/src/interp/numeric-coercion-order.test.ts [2m([22m[2m50 tests[22m[2m)[22m[33m 3856[2mms[22m[39m
validate / unit	UNKNOWN STEP	2026-09-12T19:21:57.5437430Z  [32m✓[39m packages/safe-js/src/modules/metric.test.ts [2m([22m[2m10 tests[22m[2m)[22m[32m 10[2mms[22m[39m
validate / unit	UNKNOWN STEP	2026-09-12T19:21:58.8540207Z  [32m✓[39m packages/safe-js/src/snapshot/intl-bound-call-context.test.ts [2m([22m[2m3 tests[22m[2m)[22m[33m 435[2mms[22m[39m
validate / unit	UNKNOWN STEP	2026-09-12T19:22:00.3887208Z  [32m✓[39m packages/safe-js/src/parse/dynamic-html-comments.test.ts [2m([22m[2m10 tests[22m[2m)[22m[33m 644[2mms[22m[39m
validate / unit	UNKNOWN STEP	2026-09-12T19:22:02.7225185Z  [32m✓[39m packages/safe-js/src/interp/globals/string-method-metadata.test.ts [2m([22m[2m66 tests[22m[2m)[22m[33m 8052[2mms[22m[39m
validate / unit	UNKNOWN STEP	2026-09-12T19:22:02.7227452Z    [33m[2m✓[22m[39m restores mutable properties on String.prototype.at [33m 334[2mms[22m[39m
validate / unit	UNKNOWN STEP	2026-09-12T19:22:03.7214637Z  [32m✓[39m packages/safe-js/src/snapshot/temporal-zoned-date-time.test.ts [2m([22m[2m11 tests[22m[2m)[22m[32m 36[2mms[22m[39m
validate / unit	UNKNOWN STEP	2026-09-12T19:22:05.1301261Z  [32m✓[39m packages/safe-js/src/interp/globals/arguments-restricted-descriptor.test.ts [2m([22m[2m6 tests[22m[2m)[22m[33m 536[2mms[22m[39m
validate / unit	UNKNOWN STEP	2026-09-12T19:22:05.5316528Z  [32m✓[39m packages/safe-js/src/interp/guest-proxy-array-results.test.ts [2m([22m[2m63 tests[22m[2m)[22m[33m 4307[2mms[22m[39m
validate / unit	UNKNOWN STEP	2026-09-12T19:22:06.4701429Z  [32m✓[39m packages/safe-js/src/interp/guest-proxy-object-tag.test.ts [2m([22m[2m7 tests[22m[2m)[22m[33m 466[2mms[22m[39m
validate / unit	UNKNOWN STEP	2026-09-12T19:22:07.3124314Z  [32m✓[39m packages/safe-js/src/interp/function-rest-realm.test.ts [2m([22m[2m7 tests[22m[2m)[22m[33m 862[2mms[22m[39m
validate / unit	UNKNOWN STEP	2026-09-12T19:22:08.5074171Z  [32m✓[39m packages/safe-js/src/interp/globals/temporal-instant-format-zone.test.ts [2m([22m[2m5 tests[22m[2m)[22m[32m 251[2mms[22m[39m
validate / unit	UNKNOWN STEP	2026-09-12T19:22:09.0306532Z  [32m✓[39m packages/safe-js/src/interp/float32-constructor-detached.test.ts [2m([22m[2m27 tests[22m[2m)[22m[33m 1623[2mms[22m[39m
validate / unit	UNKNOWN STEP	2026-09-12T19:22:10.6518379Z  [32m✓[39m packages/safe-js/src/interp/globals/temporal-plain-date-time-locale.test.ts [2m([22m[2m6 tests[22m[2m)[22m[33m 700[2mms[22m[39m
validate / unit	UNKNOWN STEP	2026-09-12T19:22:10.6533995Z    [33m[2m✓[22m[39m uses private fields and preserves the captured locale method across replay [33m 316[2mms[22m[39m
validate / unit	UNKNOWN STEP	2026-09-12T19:22:12.3563417Z  [32m✓[39m packages/safe-js/src/interp/globals/object-reflection-primitives.test.ts [2m([22m[2m15 tests[22m[2m)[22m[33m 776[2mms[22m[39m
validate / unit	UNKNOWN STEP	2026-09-12T19:22:12.4014203Z  [32m✓[39m packages/safe-js/src/interp/bigint-operators.test.ts [2m([22m[2m24 tests[22m[2m)[22m[33m 2985[2mms[22m[39m
validate / unit	UNKNOWN STEP	2026-09-12T19:22:14.1433041Z  [32m✓[39m packages/safe-js/src/interp/destructuring-primitives.test.ts [2m([22m[2m13 tests[22m[2m)[22m[33m 809[2mms[22m[39m
validate / unit	UNKNOWN STEP	2026-09-12T19:22:15.2592145Z  [32m✓[39m packages/safe-js/src/snapshot/guest-generator-for-head-scope.test.ts [2m([22m[2m5 tests[22m[2m)[22m[32m 229[2mms[22m[39m
validate / unit	UNKNOWN STEP	2026-09-12T19:22:15.4563161Z  [32m✓[39m packages/safe-js/src/interp/globals/numeric-parser-identity.test.ts [2m([22m[2m14 tests[22m[2m)[22m[33m 2231[2mms[22m[39m
validate / unit	UNKNOWN STEP	2026-09-12T19:22:15.4564948Z      [33m[2m✓[22m[39m matches native behavior and replay: return Number.parseInt===parseInt [33m 343[2mms[22m[39m
validate / unit	UNKNOWN STEP	2026-09-12T19:22:17.3038553Z  [32m✓[39m packages/safe-js/src/run.pending-promise-properties.test.ts [2m([22m[2m1 test[22m[2m)[22m[33m 718[2mms[22m[39m
validate / unit	UNKNOWN STEP	2026-09-12T19:22:17.3044780Z    [33m[2m✓[22m[39m retains original properties across pending proof replacement and completed replay [33m 716[2mms[22m[39m
validate / unit	UNKNOWN STEP	2026-09-12T19:22:18.8536305Z  [32m✓[39m packages/safe-js/src/modules/import-attribute-reflection.test.ts [2m([22m[2m8 tests[22m[2m)[22m[33m 627[2mms[22m[39m
validate / unit	UNKNOWN STEP	2026-09-12T19:22:19.3997544Z  [32m✓[39m packages/safe-js/src/snapshot/intrinsic-mutations.test.ts [2m([22m[2m17 tests[22m[2m)[22m[33m 3232[2mms[22m[39m
validate / unit	UNKNOWN STEP	2026-09-12T19:22:19.4001531Z      [33m[2m✓[22m[39m preserves builtin mutation through replay: BigInt.prototype.toJSON=function(){return String(this)} [33m 392[2mms[22m[39m
validate / unit	UNKNOWN STEP	2026-09-12T19:22:19.5890246Z  [32m✓[39m packages/safe-js/src/parse/eval-source-budget.test.ts [2m([22m[2m6 tests[22m[2m)[22m[32m 12[2mms[22m[39m
validate / unit	UNKNOWN STEP	2026-09-12T19:22:19.6985528Z  [32m✓[39m packages/safe-js/src/interp/promise-cross-realm-import.test.ts [2m([22m[2m4 tests[22m[2m)[22m[32m 11[2mms[22m[39m
validate / unit	UNKNOWN STEP	2026-09-12T19:22:21.6555906Z  [32m✓[39m packages/safe-js/src/snapshot/eval-delete-bindings.test.ts [2m([22m[2m3 tests[22m[2m)[22m[33m 1013[2mms[22m[39m
validate / unit	UNKNOWN STEP	2026-09-12T19:22:21.6557637Z    [33m[2m✓[22m[39m preserves eval binding deletion through recovery: eval("var x=1"); return ()=>[delete x,typeof x] [33m 458[2mms[22m[39m
validate / unit	UNKNOWN STEP	2026-09-12T19:22:21.6559446Z    [33m[2m✓[22m[39m preserves eval binding deletion through recovery: eval("function x(){}"); return ()=>[delete x,typeof x] [33m 312[2mms[22m[39m
validate / unit	UNKNOWN STEP	2026-09-12T19:22:21.7452516Z  [32m✓[39m packages/safe-js/src/interp/globals/buffer-sdk-species-proxy.test.ts [2m([22m[2m18 tests[22m[2m)[22m[33m 1258[2mms[22m[39m
validate / unit	UNKNOWN STEP	2026-09-12T19:22:23.4240080Z  [32m✓[39m packages/safe-js/src/interp/globals/temporal-plain-year-month-calendar.test.ts [2m([22m[2m9 tests[22m[2m)[22m[33m 751[2mms[22m[39m
validate / unit	UNKNOWN STEP	2026-09-12T19:22:24.3332682Z  [32m✓[39m packages/safe-js/src/interp/methods/string-locale-direct.test.ts [2m([22m[2m6 tests[22m[2m)[22m[32m 10[2mms[22m[39m
validate / unit	UNKNOWN STEP	2026-09-12T19:22:24.5259329Z  [32m✓[39m packages/safe-js/src/interp/globals/intrinsic-context-budget-reuse.test.ts [2m([22m[2m8 tests[22m[2m)[22m[33m 1970[2mms[22m[39m
validate / unit	UNKNOWN STEP	2026-09-12T19:22:24.5260492Z    [33m[2m✓[22m[39m retains reused 'eval' context through replay and 'C' [33m 382[2mms[22m[39m
validate / unit	UNKNOWN STEP	2026-09-12T19:22:26.4742621Z  [32m✓[39m packages/safe-js/src/interp/globals/eval-parameter-environment.test.ts [2m([22m[2m16 tests[22m[2m)[22m[33m 1030[2mms[22m[39m
validate / unit	UNKNOWN STEP	2026-09-12T19:22:27.9803752Z  [32m✓[39m packages/safe-js/src/interp/foreign-host-error.test.ts [2m([22m[2m11 tests[22m[2m)[22m[33m 618[2mms[22m[39m
validate / unit	UNKNOWN STEP	2026-09-12T19:22:28.1819209Z  [32m✓[39m packages/safe-js/src/interp/temporal-instant-host-brand.test.ts [2m([22m[2m5 tests[22m[2m)[22m[32m 7[2mms[22m[39m
validate / unit	UNKNOWN STEP	2026-09-12T19:22:29.8835333Z  [32m✓[39m packages/safe-js/src/interp/globals/promise-proxy-thenable.test.ts [2m([22m[2m13 tests[22m[2m)[22m[33m 848[2mms[22m[39m
validate / unit	UNKNOWN STEP	2026-09-12T19:22:30.5289427Z  [32m✓[39m packages/safe-js/src/interp/globals/standard-builtin-lengths.test.ts [2m([22m[2m34 tests[22m[2m)[22m[33m 5286[2mms[22m[39m
validate / unit	UNKNOWN STEP	2026-09-12T19:22:30.5291582Z      [33m[2m✓[22m[39m matches the standard descriptor and bound lengths before and after replay [33m 364[2mms[22m[39m
validate / unit	UNKNOWN STEP	2026-09-12T19:22:31.3306760Z  [32m✓[39m packages/safe-js/src/interp/globals/temporal-plain-date-owned-conversion.test.ts [2m([22m[2m5 tests[22m[2m)[22m[33m 532[2mms[22m[39m
validate / unit	UNKNOWN STEP	2026-09-12T19:22:32.4052492Z  [32m✓[39m packages/safe-js/src/interp/globals/temporal-plain-date-time-calendar.test.ts [2m([22m[2m15 tests[22m[2m)[22m[33m 890[2mms[22m[39m
validate / unit	UNKNOWN STEP	2026-09-12T19:22:32.8661168Z  [32m✓[39m packages/safe-js/src/interp/globals/array-unscopables-descriptors.test.ts [2m([22m[2m7 tests[22m[2m)[22m[33m 618[2mms[22m[39m
validate / unit	UNKNOWN STEP	2026-09-12T19:22:33.7611393Z  [32m✓[39m packages/safe-js/src/snapshot/imported-promise-schedule.test.ts [2m([22m[2m10 tests[22m[2m)[22m[32m 15[2mms[22m[39m
validate / unit	UNKNOWN STEP	2026-09-12T19:22:34.7197778Z  [32m✓[39m packages/safe-js/src/interp/globals/eval.test.ts [2m([22m[2m26 tests[22m[2m)[22m[33m 1386[2mms[22m[39m
validate / unit	UNKNOWN STEP	2026-09-12T19:22:35.2362272Z  [32m✓[39m packages/safe-js/src/interp/globals/temporal-plain-date-time-to-date.test.ts [2m([22m[2m3 tests[22m[2m)[22m[33m 583[2mms[22m[39m
validate / unit	UNKNOWN STEP	2026-09-12T19:22:35.2364161Z    [33m[2m✓[22m[39m uses the intrinsic date prototype even after namespace replacement and replay [33m 356[2mms[22m[39m
validate / unit	UNKNOWN STEP	2026-09-12T19:22:36.7994649Z  [32m✓[39m packages/safe-js/src/interp/globals/weak-constructor-prototype-descriptors.test.ts [2m([22m[2m5 tests[22m[2m)[22m[33m 1118[2mms[22m[39m
validate / unit	UNKNOWN STEP	2026-09-12T19:22:36.7997213Z    [33m[2m✓[22m[39m WeakMap preserves its read-only constructor prototype before and after replay [33m 350[2mms[22m[39m
validate / unit	UNKNOWN STEP	2026-09-12T19:22:37.2358016Z  [32m✓[39m packages/safe-js/src/interp/globals/eval-delete-bindings.test.ts [2m([22m[2m16 tests[22m[2m)[22m[33m 1111[2mms[22m[39m
validate / unit	UNKNOWN STEP	2026-09-12T19:22:38.7096468Z  [32m✓[39m packages/safe-js/src/interp/globals/temporal-relative-to-calendar.test.ts [2m([22m[2m8 tests[22m[2m)[22m[33m 604[2mms[22m[39m
validate / unit	UNKNOWN STEP	2026-09-12T19:22:38.9198930Z  [32m✓[39m packages/safe-js/src/interp/structured-clone-sdk-intl.test.ts [2m([22m[2m12 tests[22m[2m)[22m[33m 1156[2mms[22m[39m
validate / unit	UNKNOWN STEP	2026-09-12T19:22:39.9617684Z  [32m✓[39m packages/safe-js/src/interp/promise-allocation-accessors.test.ts [2m([22m[2m10 tests[22m[2m)[22m[33m 355[2mms[22m[39m
validate / unit	UNKNOWN STEP	2026-09-12T19:22:41.1568786Z  [32m✓[39m packages/safe-js/src/snapshot/symbol-accessor-replay.test.ts [2m([22m[2m5 tests[22m[2m)[22m[33m 1349[2mms[22m[39m
validate / unit	UNKNOWN STEP	2026-09-12T19:22:41.1570782Z    [33m[2m✓[22m[39m replays symbol accessor descriptors on {} [33m 470[2mms[22m[39m
validate / unit	UNKNOWN STEP	2026-09-12T19:22:41.4974578Z  [32m✓[39m packages/safe-js/src/interp/globals/temporal-plain-time-coercion.test.ts [2m([22m[2m3 tests[22m[2m)[22m[33m 594[2mms[22m[39m
validate / unit	UNKNOWN STEP	2026-09-12T19:22:42.0628389Z  [32m✓[39m packages/safe-js/src/interp/temporal-plain-time-boundaries.test.ts [2m([22m[2m5 tests[22m[2m)[22m[32m 12[2mms[22m[39m
validate / unit	UNKNOWN STEP	2026-09-12T19:22:42.3496521Z  [32m✓[39m packages/safe-js/src/interp/finalization-held-accounting.test.ts [2m([22m[2m2 tests[22m[2m)[22m[32m 8[2mms[22m[39m
validate / unit	UNKNOWN STEP	2026-09-12T19:22:42.9318319Z  [32m✓[39m packages/safe-js/src/interp/host-promise-property-budget.test.ts [2m([22m[2m2 tests[22m[2m)[22m[32m 17[2mms[22m[39m
validate / unit	UNKNOWN STEP	2026-09-12T19:22:43.8681687Z  [32m✓[39m packages/safe-js/src/interp/intl-duration-parts.test.ts [2m([22m[2m9 tests[22m[2m)[22m[32m 88[2mms[22m[39m
validate / unit	UNKNOWN STEP	2026-09-12T19:22:44.1624283Z  [32m✓[39m packages/safe-js/src/parse/contextual-arrow-parameters.test.ts [2m([22m[2m17 tests[22m[2m)[22m[33m 946[2mms[22m[39m
validate / unit	UNKNOWN STEP	2026-09-12T19:22:45.2334279Z  [32m✓[39m packages/safe-js/src/snapshot/backing-storage-cycles.test.ts [2m([22m[2m3 tests[22m[2m)[22m[32m 186[2mms[22m[39m
validate / unit	UNKNOWN STEP	2026-09-12T19:22:45.9202138Z  [32m✓[39m packages/safe-js/src/interp/methods/array-copy-creation-realm.test.ts [2m([22m[2m4 tests[22m[2m)[22m[33m 1178[2mms[22m[39m
validate / unit	UNKNOWN STEP	2026-09-12T19:22:45.9203102Z    [33m[2m✓[22m[39m preserves the creation realm of toReversed() results [33m 361[2mms[22m[39m
validate / unit	UNKNOWN STEP	2026-09-12T19:22:46.1536082Z  [32m✓[39m packages/safe-js/src/interp/host-reconciliation-budget.test.ts [2m([22m[2m12 tests[22m[2m)[22m[32m 21[2mms[22m[39m
validate / unit	UNKNOWN STEP	2026-09-12T19:22:47.2713138Z  [32m✓[39m packages/safe-js/src/interp/intl-duration-record-temporal.test.ts [2m([22m[2m4 tests[22m[2m)[22m[32m 213[2mms[22m[39m
validate / unit	UNKNOWN STEP	2026-09-12T19:22:48.2831470Z  [32m✓[39m packages/safe-js/src/snapshot/exception-function-hoisting.test.ts [2m([22m[2m6 tests[22m[2m)[22m[33m 1487[2mms[22m[39m
validate / unit	UNKNOWN STEP	2026-09-12T19:22:48.2832600Z    [33m[2m✓[22m[39m restores hoisted exception-block functions: try{yield 0;return f();function f(){return 7}}finally{} [33m 409[2mms[22m[39m
validate / unit	UNKNOWN STEP	2026-09-12T19:22:48.6522050Z  [32m✓[39m packages/safe-js/src/interp/iteration-protocol.test.ts [2m([22m[2m13 tests[22m[2m)[22m[33m 422[2mms[22m[39m
validate / unit	UNKNOWN STEP	2026-09-12T19:22:50.0314946Z  [32m✓[39m packages/safe-js/src/interp/globals/temporal-relative-to-zoned-date-time.test.ts [2m([22m[2m5 tests[22m[2m)[22m[33m 837[2mms[22m[39m
validate / unit	UNKNOWN STEP	2026-09-12T19:22:50.0856414Z  [32m✓[39m packages/safe-js/src/interp/globals/temporal-namespace-wiring.test.ts [2m([22m[2m2 tests[22m[2m)[22m[33m 541[2mms[22m[39m
validate / unit	UNKNOWN STEP	2026-09-12T19:22:50.2687849Z  [32m✓[39m packages/safe-js/src/lint/rules/module-registry.test.ts [2m([22m[2m2 tests[22m[2m)[22m[32m 6[2mms[22m[39m
validate / unit	UNKNOWN STEP	2026-09-12T19:22:52.0367038Z  [32m✓[39m packages/safe-js/src/interp/labeled-block.test.ts [2m([22m[2m28 tests[22m[2m)[22m[33m 896[2mms[22m[39m
validate / unit	UNKNOWN STEP	2026-09-12T19:22:52.2682724Z  [32m✓[39m packages/safe-js/src/parse/dynamic-legacy-numbers.test.ts [2m([22m[2m20 tests[22m[2m)[22m[32m 45[2mms[22m[39m
validate / unit	UNKNOWN STEP	2026-09-12T19:22:53.6836621Z  [32m✓[39m packages/safe-js/src/interp/globals/buffer-constructor-prototype-descriptors.test.ts [2m([22m[2m16 tests[22m[2m)[22m[33m 2766[2mms[22m[39m
validate / unit	UNKNOWN STEP	2026-09-12T19:22:53.6849174Z      [33m[2m✓[22m[39m matches native behavior before and after replay: const d=Object.getOwnPropertyDescriptor(DataView,'prototype');return [d.writable,d.enumerable,d.configurable] [33m 339[2mms[22m[39m
validate / unit	UNKNOWN STEP	2026-09-12T19:22:54.6148024Z  [32m✓[39m packages/safe-js/src/interp/array-index-capture.test.ts [2m([22m[2m5 tests[22m[2m)[22m[32m 9[2mms[22m[39m
validate / unit	UNKNOWN STEP	2026-09-12T19:22:54.7791854Z  [32m✓[39m packages/safe-js/src/interp/globals/number-method-metadata.test.ts [2m([22m[2m10 tests[22m[2m)[22m[33m 1621[2mms[22m[39m
validate / unit	UNKNOWN STEP	2026-09-12T19:22:54.7793975Z    [33m[2m✓[22m[39m restores mutable properties on Number.prototype.toExponential [33m 385[2mms[22m[39m
validate / unit	UNKNOWN STEP	2026-09-12T19:22:55.4914805Z  [32m✓[39m packages/safe-js/src/interp/intrinsic-projection-retirement.test.ts [2m([22m[2m2 tests[22m[2m)[22m[32m 11[2mms[22m[39m
validate / unit	UNKNOWN STEP	2026-09-12T19:22:55.7270223Z  [32m✓[39m packages/safe-js/src/parse/escaped-keywords.test.ts [2m([22m[2m20 tests[22m[2m)[22m[32m 42[2mms[22m[39m
validate / unit	UNKNOWN STEP	2026-09-12T19:22:55.9412831Z  [32m✓[39m packages/safe-js/src/parse/function-source.test.ts [2m([22m[2m3 tests[22m[2m)[22m[32m 12[2mms[22m[39m
validate / unit	UNKNOWN STEP	2026-09-12T19:22:56.1147959Z  [32m✓[39m packages/safe-js/src/interp/guest-proxy-object-keys.test.ts [2m([22m[2m6 tests[22m[2m)[22m[33m 444[2mms[22m[39m
validate / unit	UNKNOWN STEP	2026-09-12T19:22:56.3635765Z  [32m✓[39m packages/safe-js/src/parse/dynamic-legacy-escapes.test.ts [2m([22m[2m32 tests[22m[2m)[22m[32m 52[2mms[22m[39m
validate / unit	UNKNOWN STEP	2026-09-12T19:22:57.5058697Z  [32m✓[39m packages/safe-js/src/snapshot/weak-collection-key-kinds.test.ts [2m([22m[2m2 tests[22m[2m)[22m[33m 651[2mms[22m[39m
validate / unit	UNKNOWN STEP	2026-09-12T19:22:57.5060463Z    [33m[2m✓[22m[39m rejects internal aggregate records as map keys during node validation [33m 390[2mms[22m[39m
validate / unit	UNKNOWN STEP	2026-09-12T19:22:58.6476288Z  [32m✓[39m packages/safe-js/src/parse/literal-member-assignment-targets.test.ts [2m([22m[2m27 tests[22m[2m)[22m[33m 1420[2mms[22m[39m
validate / unit	UNKNOWN STEP	2026-09-12T19:22:58.8586120Z  [32m✓[39m packages/safe-js/src/interp/boxed.test.ts [2m([22m[2m10 tests[22m[2m)[22m[32m 9[2mms[22m[39m
validate / unit	UNKNOWN STEP	2026-09-12T19:23:00.0283168Z  [32m✓[39m packages/safe-js/src/interp/globals/json-reviver-inserted-object.test.ts [2m([22m[2m18 tests[22m[2m)[22m[33m 1636[2mms[22m[39m
validate / unit	UNKNOWN STEP	2026-09-12T19:23:00.1406813Z  [32m✓[39m packages/safe-js/src/interp/function-realm-budget-reuse.test.ts [2m([22m[2m2 tests[22m[2m)[22m[33m 350[2mms[22m[39m
validate / unit	UNKNOWN STEP	2026-09-12T19:23:01.6438061Z  [32m✓[39m packages/safe-js/src/interp/structured-clone-proxy.test.ts [2m([22m[2m12 tests[22m[2m)[22m[33m 721[2mms[22m[39m
validate / unit	UNKNOWN STEP	2026-09-12T19:23:01.7637586Z  [32m✓[39m packages/safe-js/src/interp/globals/promise-inherited-proxy.test.ts [2m([22m[2m9 tests[22m[2m)[22m[33m 727[2mms[22m[39m
validate / unit	UNKNOWN STEP	2026-09-12T19:23:02.5143420Z  [32m✓[39m packages/safe-js/src/interp/measure-managed-array.test.ts [2m([22m[2m7 tests[22m[2m)[22m[32m 10[2mms[22m[39m
validate / unit	UNKNOWN STEP	2026-09-12T19:23:02.6680411Z  [32m✓[39m packages/safe-js/src/interp/scope-alias.test.ts [2m([22m[2m4 tests[22m[2m)[22m[32m 10[2mms[22m[39m
validate / unit	UNKNOWN STEP	2026-09-12T19:23:02.8471888Z  [32m✓[39m packages/safe-js/test/conformance/accounting-mutations.test.ts [2m([22m[2m8 tests[22m[2m)[22m[32m 9[2mms[22m[39m
validate / unit	UNKNOWN STEP	2026-09-12T19:23:03.0227657Z  [32m✓[39m packages/safe-js/test/helpers/legacy-parser-aliases.test.ts [2m([22m[2m8 tests[22m[2m)[22m[32m 12[2mms[22m[39m
validate / unit	UNKNOWN STEP	2026-09-12T19:23:04.3407126Z  [32m✓[39m packages/safe-js/src/interp/globals/json-date-hook-removal.test.ts [2m([22m[2m8 tests[22m[2m)[22m[33m 923[2mms[22m[39m
validate / unit	UNKNOWN STEP	2026-09-12T19:23:04.3408322Z    [33m[2m✓[22m[39m preserves a removed Date hook through pending checkpoints [33m 309[2mms[22m[39m
validate / unit	UNKNOWN STEP	2026-09-12T19:23:05.1048455Z  [32m✓[39m packages/safe-js/src/interp/globals/eval-function-declarations.test.ts [2m([22m[2m20 tests[22m[2m)[22m[33m 1207[2mms[22m[39m
validate / unit	UNKNOWN STEP	2026-09-12T19:23:05.7724703Z  [32m✓[39m packages/safe-js/src/interp/structured-clone-boxed-symbol.test.ts [2m([22m[2m8 tests[22m[2m)[22m[33m 548[2mms[22m[39m
validate / unit	UNKNOWN STEP	2026-09-12T19:23:06.6331292Z  [32m✓[39m packages/safe-js/src/interp/methods/string-split-lazy.test.ts [2m([22m[2m11 tests[22m[2m)[22m[33m 584[2mms[22m[39m
validate / unit	UNKNOWN STEP	2026-09-12T19:23:06.6349654Z  [32m✓[39m packages/safe-js/src/snapshot/dump-readiness.test.ts [2m([22m[2m2 tests[22m[2m)[22m[32m 11[2mms[22m[39m
validate / unit	UNKNOWN STEP	2026-09-12T19:23:08.4507915Z  [32m✓[39m packages/safe-js/src/interp/globals/promise-proxy.test.ts [2m([22m[2m14 tests[22m[2m)[22m[33m 951[2mms[22m[39m
validate / unit	UNKNOWN STEP	2026-09-12T19:23:08.5742122Z  [32m✓[39m packages/safe-js/src/interp/class-default-names.test.ts [2m([22m[2m16 tests[22m[2m)[22m[33m 1037[2mms[22m[39m
validate / unit	UNKNOWN STEP	2026-09-12T19:23:08.6351142Z  [32m✓[39m packages/safe-js/src/interp/temporal-offset-validation.test.ts [2m([22m[2m49 tests[22m[2m)[22m[32m 14[2mms[22m[39m
validate / unit	UNKNOWN STEP	2026-09-12T19:23:10.0048694Z  [32m✓[39m packages/safe-js/src/interp/globals/dynamic-duplicate-block-functions.test.ts [2m([22m[2m16 tests[22m[2m)[22m[33m 554[2mms[22m[39m
validate / unit	UNKNOWN STEP	2026-09-12T19:23:10.6254855Z  [32m✓[39m packages/safe-js/src/parse/contextual-of.test.ts [2m([22m[2m23 tests[22m[2m)[22m[33m 1118[2mms[22m[39m
validate / unit	UNKNOWN STEP	2026-09-12T19:23:11.1416600Z  [32m✓[39m packages/safe-js/src/interp/globals/function-sdk-construction.test.ts [2m([22m[2m3 tests[22m[2m)[22m[32m 236[2mms[22m[39m
validate / unit	UNKNOWN STEP	2026-09-12T19:23:12.2217670Z  [32m✓[39m packages/safe-js/src/parse/ordinary-await.test.ts [2m([22m[2m14 tests[22m[2m)[22m[32m 148[2mms[22m[39m
validate / unit	UNKNOWN STEP	2026-09-12T19:23:12.8867682Z  [32m✓[39m packages/safe-js/src/snapshot/eval-super-environment.test.ts [2m([22m[2m5 tests[22m[2m)[22m[33m 1341[2mms[22m[39m
validate / unit	UNKNOWN STEP	2026-09-12T19:23:12.8870503Z    [33m[2m✓[22m[39m recovers the super environment captured by eval: class B{constructor(){this.x=7}}class C extends B{constructor(){return {later:eval('()=>super()')}}}const value=new C();await 0;return value.later().x [33m 418[2mms[22m[39m
validate / unit	UNKNOWN STEP	2026-09-12T19:23:13.1531979Z  [32m✓[39m packages/safe-js/src/interp/scope-binding-deletion.test.ts [2m([22m[2m3 tests[22m[2m)[22m[32m 9[2mms[22m[39m
validate / unit	UNKNOWN STEP	2026-09-12T19:23:15.2312565Z  [32m✓[39m packages/safe-js/src/interp/globals/json-spacing.test.ts [2m([22m[2m24 tests[22m[2m)[22m[33m 1460[2mms[22m[39m
validate / unit	UNKNOWN STEP	2026-09-12T19:23:15.4174395Z  [32m✓[39m packages/safe-js/src/run.promise-settlement-collections.test.ts [2m([22m[2m3 tests[22m[2m)[22m[33m 1138[2mms[22m[39m
validate / unit	UNKNOWN STEP	2026-09-12T19:23:15.4176177Z    [33m[2m✓[22m[39m preserves a Map settled by an imported Promise [33m 594[2mms[22m[39m
validate / unit	UNKNOWN STEP	2026-09-12T19:23:15.4187332Z    [33m[2m✓[22m[39m preserves a Set settled by an imported Promise [33m 350[2mms[22m[39m
validate / unit	UNKNOWN STEP	2026-09-12T19:23:16.1063580Z  [32m✓[39m packages/safe-js/src/interp/temporal-instant.test.ts [2m([22m[2m9 tests[22m[2m)[22m[32m 9[2mms[22m[39m
validate / unit	UNKNOWN STEP	2026-09-12T19:23:17.3080382Z  [32m✓[39m packages/safe-js/src/interp/structured-clone-symbol-keys.test.ts [2m([22m[2m5 tests[22m[2m)[22m[33m 304[2mms[22m[39m
validate / unit	UNKNOWN STEP	2026-09-12T19:23:17.3756306Z  [32m✓[39m packages/safe-js/src/interp/globals/object-assign-exotic-targets.test.ts [2m([22m[2m16 tests[22m[2m)[22m[33m 1076[2mms[22m[39m
validate / unit	UNKNOWN STEP	2026-09-12T19:23:18.8630957Z  [32m✓[39m packages/safe-js/src/interp/globals/function-restricted-accessors.test.ts [2m([22m[2m10 tests[22m[2m)[22m[33m 672[2mms[22m[39m
validate / unit	UNKNOWN STEP	2026-09-12T19:23:19.0458387Z  [32m✓[39m packages/safe-js/src/interp/globals/temporal-relative-to-plain-date-time.test.ts [2m([22m[2m5 tests[22m[2m)[22m[33m 753[2mms[22m[39m
validate / unit	UNKNOWN STEP	2026-09-12T19:23:20.3581209Z  [32m✓[39m packages/safe-js/src/interp/globals/intl-bound-proxy-coercion.test.ts [2m([22m[2m4 tests[22m[2m)[22m[33m 590[2mms[22m[39m
validate / unit	UNKNOWN STEP	2026-09-12T19:23:20.3584784Z    [33m[2m✓[22m[39m retains cached formatter proxy coercion after completed replay [33m 306[2mms[22m[39m
validate / unit	UNKNOWN STEP	2026-09-12T19:23:20.3688852Z  [32m✓[39m packages/safe-js/src/interp/globals/temporal-instant-structured-clone.test.ts [2m([22m[2m7 tests[22m[2m)[22m[33m 440[2mms[22m[39m
validate / unit	UNKNOWN STEP	2026-09-12T19:23:21.1985360Z  [32m✓[39m packages/safe-js/src/snapshot/data-descriptor-validation.test.ts [2m([22m[2m11 tests[22m[2m)[22m[32m 9[2mms[22m[39m
validate / unit	UNKNOWN STEP	2026-09-12T19:23:21.4094341Z  [32m✓[39m packages/safe-js/src/parse/function-strict-parameters.test.ts [2m([22m[2m22 tests[22m[2m)[22m[32m 32[2mms[22m[39m
validate / unit	UNKNOWN STEP	2026-09-12T19:23:22.7529318Z  [32m✓[39m packages/safe-js/src/interp/globals/promise-catch-own-then.test.ts [2m([22m[2m6 tests[22m[2m)[22m[33m 463[2mms[22m[39m
validate / unit	UNKNOWN STEP	2026-09-12T19:23:23.2768545Z  [32m✓[39m packages/safe-js/src/interp/globals/object-property-key-order.test.ts [2m([22m[2m6 tests[22m[2m)[22m[33m 1994[2mms[22m[39m
validate / unit	UNKNOWN STEP	2026-09-12T19:23:23.2770303Z    [33m[2m✓[22m[39m converts keys before validating the hasOwnProperty receiver [33m 964[2mms[22m[39m
validate / unit	UNKNOWN STEP	2026-09-12T19:23:23.2771758Z    [33m[2m✓[22m[39m converts keys before validating the propertyIsEnumerable receiver [33m 824[2mms[22m[39m
validate / unit	UNKNOWN STEP	2026-09-12T19:23:24.4850922Z  [32m✓[39m packages/safe-js/src/interp/globals/proxy-instanceof.test.ts [2m([22m[2m14 tests[22m[2m)[22m[33m 847[2mms[22m[39m
validate / unit	UNKNOWN STEP	2026-09-12T19:23:25.0161712Z  [32m✓[39m packages/safe-js/src/interp/globals/object-set-prototype-primitives.test.ts [2m([22m[2m11 tests[22m[2m)[22m[33m 836[2mms[22m[39m
validate / unit	UNKNOWN STEP	2026-09-12T19:23:25.5621140Z  [32m✓[39m packages/safe-js/src/interp/host-error-private-cause.test.ts [2m([22m[2m4 tests[22m[2m)[22m[32m 173[2mms[22m[39m
validate / unit	UNKNOWN STEP	2026-09-12T19:23:25.8587412Z  [32m✓[39m packages/safe-js/src/interp/array-symbol-capture.test.ts [2m([22m[2m4 tests[22m[2m)[22m[32m 8[2mms[22m[39m
validate / unit	UNKNOWN STEP	2026-09-12T19:23:26.4381679Z  [32m✓[39m packages/safe-js/src/interp/promise-replay-settlement.test.ts [2m([22m[2m4 tests[22m[2m)[22m[32m 8[2mms[22m[39m
validate / unit	UNKNOWN STEP	2026-09-12T19:23:27.3644444Z  [32m✓[39m packages/safe-js/src/interp/globals/eval-super-environment.test.ts [2m([22m[2m10 tests[22m[2m)[22m[33m 634[2mms[22m[39m
validate / unit	UNKNOWN STEP	2026-09-12T19:23:28.3060589Z  [32m✓[39m packages/safe-js/src/interp/datetimeformat-requested-options-accounting.test.ts [2m([22m[2m2 tests[22m[2m)[22m[32m 12[2mms[22m[39m
validate / unit	UNKNOWN STEP	2026-09-12T19:23:28.5679856Z  [32m✓[39m packages/safe-js/src/interp/promise-property-budgets.test.ts [2m([22m[2m8 tests[22m[2m)[22m[33m 1041[2mms[22m[39m
validate / unit	UNKNOWN STEP	2026-09-12T19:23:28.5682049Z    [33m[2m✓[22m[39m replay enforces Promise property limits: 'string at limit' [33m 311[2mms[22m[39m
validate / unit	UNKNOWN STEP	2026-09-12T19:23:29.4206767Z  [32m✓[39m packages/safe-js/src/lint/prototype-access.test.ts [2m([22m[2m5 tests[22m[2m)[22m[32m 223[2mms[22m[39m
validate / unit	UNKNOWN STEP	2026-09-12T19:23:29.9367240Z  [32m✓[39m packages/safe-js/src/parse/yield-precedence.test.ts [2m([22m[2m22 tests[22m[2m)[22m[33m 443[2mms[22m[39m
validate / unit	UNKNOWN STEP	2026-09-12T19:23:30.3232664Z  [32m✓[39m packages/safe-js/src/interp/intrinsic-data-roots.test.ts [2m([22m[2m6 tests[22m[2m)[22m[32m 9[2mms[22m[39m
validate / unit	UNKNOWN STEP	2026-09-12T19:23:31.0685006Z  [32m✓[39m packages/safe-js/src/interp/numberformat-unit-pattern.test.ts [2m([22m[2m3 tests[22m[2m)[22m[32m 251[2mms[22m[39m
validate / unit	UNKNOWN STEP	2026-09-12T19:23:31.8822002Z  [32m✓[39m packages/safe-js/src/snapshot/catch-reference-errors.test.ts [2m([22m[2m2 tests[22m[2m)[22m[33m 688[2mms[22m[39m
validate / unit	UNKNOWN STEP	2026-09-12T19:23:31.8823273Z    [33m[2m✓[22m[39m restores reference-error exception flow: try{missing}catch(e){yield 0;return [e.name,e instanceof ReferenceError]} [33m 424[2mms[22m[39m
validate / unit	UNKNOWN STEP	2026-09-12T19:23:32.0143768Z  [32m✓[39m packages/safe-js/src/interp/host-function-metadata.test.ts [2m([22m[2m2 tests[22m[2m)[22m[32m 12[2mms[22m[39m
validate / unit	UNKNOWN STEP	2026-09-12T19:23:32.9627853Z  [32m✓[39m packages/safe-js/src/lint/runtime-modules.test.ts [2m([22m[2m2 tests[22m[2m)[22m[32m 29[2mms[22m[39m
validate / unit	UNKNOWN STEP	2026-09-12T19:23:33.1524529Z  [32m✓[39m packages/safe-js/src/interp/shared-host-pending-prefix.test.ts [2m([22m[2m1 test[22m[2m)[22m[33m 394[2mms[22m[39m
validate / unit	UNKNOWN STEP	2026-09-12T19:23:33.1525560Z    [33m[2m✓[22m[39m restores an invocation prefix while reconciling a pending host side effect [33m 392[2mms[22m[39m
validate / unit	UNKNOWN STEP	2026-09-12T19:23:34.4860277Z  [32m✓[39m packages/safe-js/src/parse/await-exponentiation.test.ts [2m([22m[2m13 tests[22m[2m)[22m[33m 643[2mms[22m[39m
validate / unit	UNKNOWN STEP	2026-09-12T19:23:34.5368331Z  [32m✓[39m packages/safe-js/src/interp/globals/temporal-relative-to-zone-bag.test.ts [2m([22m[2m4 tests[22m[2m)[22m[33m 495[2mms[22m[39m
validate / unit	UNKNOWN STEP	2026-09-12T19:23:35.3840838Z  [32m✓[39m packages/safe-js/src/interp/promise-replay-imports.test.ts [2m([22m[2m9 tests[22m[2m)[22m[32m 9[2mms[22m[39m
validate / unit	UNKNOWN STEP	2026-09-12T19:23:35.6928162Z  [32m✓[39m packages/safe-js/src/interp/foreign-host-array.test.ts [2m([22m[2m4 tests[22m[2m)[22m[32m 244[2mms[22m[39m
validate / unit	UNKNOWN STEP	2026-09-12T19:23:37.0458443Z  [32m✓[39m packages/safe-js/src/interp/globals/eval-delete-block-function.test.ts [2m([22m[2m5 tests[22m[2m)[22m[33m 472[2mms[22m[39m
validate / unit	UNKNOWN STEP	2026-09-12T19:23:37.8314308Z  [32m✓[39m packages/safe-js/src/snapshot/dynamic-with.test.ts [2m([22m[2m6 tests[22m[2m)[22m[33m 1569[2mms[22m[39m
validate / unit	UNKNOWN STEP	2026-09-12T19:23:37.8315873Z    [33m[2m✓[22m[39m restores with assignment references: 'let x=9;const o={x:1};with(o){[x=(yie…' [33m 458[2mms[22m[39m
validate / unit	UNKNOWN STEP	2026-09-12T19:23:37.8316916Z    [33m[2m✓[22m[39m restores with assignment references: 'let x=9;const o={x:1,[Symbol.unscopab…' [33m 343[2mms[22m[39m
validate / unit	UNKNOWN STEP	2026-09-12T19:23:39.8779791Z  [32m✓[39m packages/safe-js/src/interp/globals/eval-iteration-completion.test.ts [2m([22m[2m20 tests[22m[2m)[22m[33m 1131[2mms[22m[39m
validate / unit	UNKNOWN STEP	2026-09-12T19:23:39.9499728Z  [32m✓[39m packages/safe-js/src/interp/globals/primitive-method-snapshots.test.ts [2m([22m[2m5 tests[22m[2m)[22m[33m 1982[2mms[22m[39m
validate / unit	UNKNOWN STEP	2026-09-12T19:23:39.9502365Z    [33m[2m✓[22m[39m restores mutable properties and behavior of String.prototype.toString [33m 631[2mms[22m[39m
validate / unit	UNKNOWN STEP	2026-09-12T19:23:39.9527800Z    [33m[2m✓[22m[39m restores mutable properties and behavior of String.prototype.valueOf [33m 348[2mms[22m[39m
validate / unit	UNKNOWN STEP	2026-09-12T19:23:39.9529919Z    [33m[2m✓[22m[39m restores mutable properties and behavior of Number.prototype.valueOf [33m 348[2mms[22m[39m
validate / unit	UNKNOWN STEP	2026-09-12T19:23:39.9531448Z    [33m[2m✓[22m[39m restores mutable properties and behavior of Boolean.prototype.toString [33m 313[2mms[22m[39m
validate / unit	UNKNOWN STEP	2026-09-12T19:23:39.9532741Z    [33m[2m✓[22m[39m restores mutable properties and behavior of Boolean.prototype.valueOf [33m 338[2mms[22m[39m
validate / unit	UNKNOWN STEP	2026-09-12T19:23:41.3286587Z  [32m✓[39m packages/safe-js/src/interp/reference-error-delivery.test.ts [2m([22m[2m8 tests[22m[2m)[22m[33m 598[2mms[22m[39m
validate / unit	UNKNOWN STEP	2026-09-12T19:23:41.5425788Z  [32m✓[39m packages/safe-js/src/parse/private-name-context.test.ts [2m([22m[2m3 tests[22m[2m)[22m[32m 7[2mms[22m[39m
validate / unit	UNKNOWN STEP	2026-09-12T19:23:42.5448244Z  [32m✓[39m packages/safe-js/src/interp/optional-missing-method.test.ts [2m([22m[2m32 tests[22m[2m)[22m[33m 1736[2mms[22m[39m
validate / unit	UNKNOWN STEP	2026-09-12T19:23:43.0444400Z  [32m✓[39m packages/safe-js/src/interp/globals/json-symbol-replacer.test.ts [2m([22m[2m9 tests[22m[2m)[22m[33m 624[2mms[22m[39m
validate / unit	UNKNOWN STEP	2026-09-12T19:23:43.6900326Z  [32m✓[39m packages/safe-js/src/parse/contextual-function-names.test.ts [2m([22m[2m45 tests[22m[2m)[22m[32m 244[2mms[22m[39m
validate / unit	UNKNOWN STEP	2026-09-12T19:23:43.8549729Z  [32m✓[39m packages/safe-js/src/interp/resources.test.ts [2m([22m[2m3 tests[22m[2m)[22m[32m 7[2mms[22m[39m
validate / unit	UNKNOWN STEP	2026-09-12T19:23:45.0078834Z  [32m✓[39m packages/safe-js/src/parse/sloppy-let-statement-bodies.test.ts [2m([22m[2m20 tests[22m[2m)[22m[33m 1100[2mms[22m[39m
validate / unit	UNKNOWN STEP	2026-09-12T19:23:45.2399762Z  [32m✓[39m packages/safe-js/src/interp/array-buffer-options.test.ts [2m([22m[2m7 tests[22m[2m)[22m[33m 511[2mms[22m[39m
validate / unit	UNKNOWN STEP	2026-09-12T19:23:46.2812911Z  [32m✓[39m packages/safe-js/src/interp/array-host-method-metadata.test.ts [2m([22m[2m2 tests[22m[2m)[22m[33m 401[2mms[22m[39m
validate / unit	UNKNOWN STEP	2026-09-12T19:23:46.4955145Z  [32m✓[39m packages/safe-js/src/parse/private-classes.test.ts [2m([22m[2m23 tests[22m[2m)[22m[32m 32[2mms[22m[39m
validate / unit	UNKNOWN STEP	2026-09-12T19:23:46.5824180Z  [32m✓[39m packages/safe-js/src/interp/methods/regex-final-qualifications.test.ts [2m([22m[2m7 tests[22m[2m)[22m[33m 444[2mms[22m[39m
validate / unit	UNKNOWN STEP	2026-09-12T19:23:47.8462748Z  [32m✓[39m packages/safe-js/src/interp/globals/temporal-month-day-year-month-input.test.ts [2m([22m[2m3 tests[22m[2m)[22m[33m 405[2mms[22m[39m
validate / unit	UNKNOWN STEP	2026-09-12T19:23:48.7236727Z  [32m✓[39m packages/safe-js/src/snapshot/eval-deleted-assignment.test.ts [2m([22m[2m5 tests[22m[2m)[22m[33m 1381[2mms[22m[39m
validate / unit	UNKNOWN STEP	2026-09-12T19:23:48.7238608Z    [33m[2m✓[22m[39m restores a deleted eval binding during x = (delete x,yield 1) [33m 458[2mms[22m[39m
validate / unit	UNKNOWN STEP	2026-09-12T19:23:49.3706377Z  [32m✓[39m packages/safe-js/src/interp/globals/temporal-string-options-order.test.ts [2m([22m[2m9 tests[22m[2m)[22m[33m 644[2mms[22m[39m
validate / unit	UNKNOWN STEP	2026-09-12T19:23:50.2179943Z  [32m✓[39m packages/safe-js/src/interp/globals/async-function-to-string-tag.test.ts [2m([22m[2m9 tests[22m[2m)[22m[33m 628[2mms[22m[39m
validate / unit	UNKNOWN STEP	2026-09-12T19:23:50.3091948Z  [32m✓[39m packages/safe-js/src/interp/dense-array-keys.test.ts [2m([22m[2m4 tests[22m[2m)[22m[32m 10[2mms[22m[39m
validate / unit	UNKNOWN STEP	2026-09-12T19:23:51.1568776Z  [32m✓[39m packages/safe-js/src/interp/measure-symbol-capture.test.ts [2m([22m[2m3 tests[22m[2m)[22m[32m 11[2mms[22m[39m
validate / unit	UNKNOWN STEP	2026-09-12T19:23:52.1296927Z  [32m✓[39m packages/safe-js/src/snapshot/strict-destructuring-bindings.test.ts [2m([22m[2m4 tests[22m[2m)[22m[33m 1053[2mms[22m[39m
validate / unit	UNKNOWN STEP	2026-09-12T19:23:52.1299356Z    [33m[2m✓[22m[39m restores strict destructuring references: '[value=(yield 1,delete globalThis.val…' [33m 442[2mms[22m[39m
validate / unit	UNKNOWN STEP	2026-09-12T19:23:52.5114569Z  [32m✓[39m packages/safe-js/src/interp/globals/temporal-plain-date-time-owned-input.test.ts [2m([22m[2m4 tests[22m[2m)[22m[33m 453[2mms[22m[39m
validate / unit	UNKNOWN STEP	2026-09-12T19:23:53.4075318Z  [32m✓[39m packages/safe-js/src/lint/eval-import-reads.test.ts [2m([22m[2m7 tests[22m[2m)[22m[33m 370[2mms[22m[39m
validate / unit	UNKNOWN STEP	2026-09-12T19:23:54.9074525Z  [32m✓[39m packages/safe-js/src/parse/template-decimal-escapes.test.ts [2m([22m[2m17 tests[22m[2m)[22m[33m 1520[2mms[22m[39m
validate / unit	UNKNOWN STEP	2026-09-12T19:23:54.9097515Z    [33m[2m✓[22m[39m preserves tagged raw text and undefined cooked value for \8 [33m 301[2mms[22m[39m
validate / unit	UNKNOWN STEP	2026-09-12T19:23:55.1389941Z  [32m✓[39m packages/safe-js/src/interp/delete-value.test.ts [2m([22m[2m16 tests[22m[2m)[22m[33m 862[2mms[22m[39m
validate / unit	UNKNOWN STEP	2026-09-12T19:23:55.7806480Z  [32m✓[39m packages/safe-js/src/interp/typed-array-symbol-accounting.test.ts [2m([22m[2m25 tests[22m[2m)[22m[32m 13[2mms[22m[39m
validate / unit	UNKNOWN STEP	2026-09-12T19:23:56.8128647Z  [32m✓[39m packages/safe-js/src/interp/globals/dynamic-sloppy-grammar.test.ts [2m([22m[2m14 tests[22m[2m)[22m[33m 796[2mms[22m[39m
validate / unit	UNKNOWN STEP	2026-09-12T19:23:57.0431584Z  [32m✓[39m packages/safe-js/src/parse/sloppy-let-statements.test.ts [2m([22m[2m14 tests[22m[2m)[22m[32m 22[2mms[22m[39m
validate / unit	UNKNOWN STEP	2026-09-12T19:23:57.1427697Z  [32m✓[39m packages/safe-js/src/parse/for-in-sequence.test.ts [2m([22m[2m10 tests[22m[2m)[22m[33m 466[2mms[22m[39m
validate / unit	UNKNOWN STEP	2026-09-12T19:23:57.9211171Z  [32m✓[39m packages/safe-js/src/modules/module-environment.test.ts [2m([22m[2m3 tests[22m[2m)[22m[32m 12[2mms[22m[39m
validate / unit	UNKNOWN STEP	2026-09-12T19:23:59.3562274Z  [32m✓[39m packages/safe-js/src/interp/globals/promise-proxy-getter.test.ts [2m([22m[2m6 tests[22m[2m)[22m[33m 522[2mms[22m[39m
validate / unit	UNKNOWN STEP	2026-09-12T19:23:59.5500990Z  [32m✓[39m packages/safe-js/src/snapshot/dynamic-block-functions.test.ts [2m([22m[2m6 tests[22m[2m)[22m[33m 1510[2mms[22m[39m
validate / unit	UNKNOWN STEP	2026-09-12T19:23:59.5502700Z    [33m[2m✓[22m[39m restores legacy block-function bindings: const C=(function*(){}).constructor;const it=C('if(true)function answer(){return 7}yield 1;return answer()')();it.next();await 0;return it.next().value [33m 427[2mms[22m[39m
validate / unit	UNKNOWN STEP	2026-09-12T19:24:01.1988173Z  [32m✓[39m packages/safe-js/test/final-async-proof-representation.test.ts [2m([22m[2m3 tests[22m[2m)[22m[33m 776[2mms[22m[39m
validate / unit	UNKNOWN STEP	2026-09-12T19:24:01.1990038Z      [33m[2m✓[22m[39m recovers a joined data proof without starting another callback [33m 502[2mms[22m[39m
validate / unit	UNKNOWN STEP	2026-09-12T19:24:01.8166627Z  [32m✓[39m packages/safe-js/src/interp/object-copy-enumerability.test.ts [2m([22m[2m20 tests[22m[2m)[22m[33m 1390[2mms[22m[39m
validate / unit	UNKNOWN STEP	2026-09-12T19:24:02.1410576Z  [32m✓[39m packages/safe-js/src/interp/dom-exception-platform.test.ts [2m([22m[2m1 test[22m[2m)[22m[32m 7[2mms[22m[39m
validate / unit	UNKNOWN STEP	2026-09-12T19:24:03.0241653Z  [32m✓[39m packages/safe-js/src/interp/globals/promise-resolve-constructor.test.ts [2m([22m[2m4 tests[22m[2m)[22m[33m 330[2mms[22m[39m
validate / unit	UNKNOWN STEP	2026-09-12T19:24:03.0256281Z  [32m✓[39m packages/safe-js/src/interp/closure-measure-fast-path.test.ts [2m([22m[2m2 tests[22m[2m)[22m[32m 9[2mms[22m[39m
validate / unit	UNKNOWN STEP	2026-09-12T19:24:03.3113753Z  [32m✓[39m packages/safe-js/src/interp/intl-offset-zone.test.ts [2m([22m[2m29 tests[22m[2m)[22m[32m 109[2mms[22m[39m
validate / unit	UNKNOWN STEP	2026-09-12T19:24:04.3578995Z  [32m✓[39m packages/safe-js/src/interp/globals/promise-prototype-proxy-adoption.test.ts [2m([22m[2m4 tests[22m[2m)[22m[33m 468[2mms[22m[39m
validate / unit	UNKNOWN STEP	2026-09-12T19:24:04.9049720Z  [32m✓[39m packages/safe-js/src/snapshot/eval-parameter-environment.test.ts [2m([22m[2m2 tests[22m[2m)[22m[33m 739[2mms[22m[39m
validate / unit	UNKNOWN STEP	2026-09-12T19:24:04.9067383Z    [33m[2m✓[22m[39m preserves parameter and body environments after recovery: 'var x;' [33m 487[2mms[22m[39m
validate / unit	UNKNOWN STEP	2026-09-12T19:24:06.3920983Z  [32m✓[39m packages/safe-js/src/interp/methods/array-sort-validation-order.test.ts [2m([22m[2m4 tests[22m[2m)[22m[33m 610[2mms[22m[39m
validate / unit	UNKNOWN STEP	2026-09-12T19:24:06.7769958Z  [32m✓[39m packages/safe-js/src/interp/for-in-builtin-objects.test.ts [2m([22m[2m21 tests[22m[2m)[22m[33m 1481[2mms[22m[39m
validate / unit	UNKNOWN STEP	2026-09-12T19:24:07.5931187Z  [32m✓[39m packages/safe-js/src/interp/globals/temporal-plain-date-time-date-input.test.ts [2m([22m[2m3 tests[22m[2m)[22m[32m 285[2mms[22m[39m
validate / unit	UNKNOWN STEP	2026-09-12T19:24:07.9069949Z  [32m✓[39m packages/safe-js/src/interp/async-function-cancellation.test.ts [2m([22m[2m2 tests[22m[2m)[22m[32m 226[2mms[22m[39m
validate / unit	UNKNOWN STEP	2026-09-12T19:24:09.0198472Z  [32m✓[39m packages/safe-js/src/interp/globals/intl-datetimeformat-zoned-rejection.test.ts [2m([22m[2m6 tests[22m[2m)[22m[33m 540[2mms[22m[39m
validate / unit	UNKNOWN STEP	2026-09-12T19:24:09.1208251Z  [32m✓[39m packages/safe-js/src/parse/statement-body-declarations.test.ts [2m([22m[2m11 tests[22m[2m)[22m[33m 337[2mms[22m[39m
validate / unit	UNKNOWN STEP	2026-09-12T19:24:09.2361296Z  [32m✓[39m packages/safe-js/src/parse/parse-switch.test.ts [2m([22m[2m3 tests[22m[2m)[22m[32m 12[2mms[22m[39m
validate / unit	UNKNOWN STEP	2026-09-12T19:24:10.0318476Z  [32m✓[39m packages/safe-js/src/interp/global-scope.test.ts [2m([22m[2m3 tests[22m[2m)[22m[32m 6[2mms[22m[39m
validate / unit	UNKNOWN STEP	2026-09-12T19:24:10.2805158Z  [32m✓[39m packages/safe-js/src/parse/dynamic-delete.test.ts [2m([22m[2m40 tests[22m[2m)[22m[32m 57[2mms[22m[39m
validate / unit	UNKNOWN STEP	2026-09-12T19:24:10.5155901Z  [32m✓[39m packages/safe-js/src/interp/methods/regex-range-case.test.ts [2m([22m[2m13 tests[22m[2m)[22m[33m 307[2mms[22m[39m
validate / unit	UNKNOWN STEP	2026-09-12T19:24:11.7415803Z  [32m✓[39m packages/safe-js/src/interp/globals/eval-global-block-functions.test.ts [2m([22m[2m6 tests[22m[2m)[22m[33m 521[2mms[22m[39m
validate / unit	UNKNOWN STEP	2026-09-12T19:24:12.0418724Z  [32m✓[39m packages/safe-js/src/parse/legacy-for-in-initializers.test.ts [2m([22m[2m14 tests[22m[2m)[22m[33m 580[2mms[22m[39m
validate / unit	UNKNOWN STEP	2026-09-12T19:24:13.4395471Z  [32m✓[39m packages/safe-js/src/interp/float32-slice-resize.test.ts [2m([22m[2m5 tests[22m[2m)[22m[33m 479[2mms[22m[39m
validate / unit	UNKNOWN STEP	2026-09-12T19:24:13.9553460Z  [32m✓[39m packages/safe-js/src/snapshot/undefined-binding.test.ts [2m([22m[2m2 tests[22m[2m)[22m[33m 1264[2mms[22m[39m
validate / unit	UNKNOWN STEP	2026-09-12T19:24:13.9555257Z    [33m[2m✓[22m[39m preserves undefined lookup through repeated closure snapshots: return ()=>undefined [33m 788[2mms[22m[39m
validate / unit	UNKNOWN STEP	2026-09-12T19:24:13.9557116Z    [33m[2m✓[22m[39m preserves undefined lookup through repeated closure snapshots: let undefined=7;return ()=>undefined [33m 473[2mms[22m[39m
validate / unit	UNKNOWN STEP	2026-09-12T19:24:15.0796007Z  [32m✓[39m packages/safe-js/src/snapshot/eval-delete-update.test.ts [2m([22m[2m2 tests[22m[2m)[22m[33m 740[2mms[22m[39m
validate / unit	UNKNOWN STEP	2026-09-12T19:24:15.0797961Z    [33m[2m✓[22m[39m preserves an eval binding deleted by restored numeric conversion: 2 [33m 446[2mms[22m[39m
validate / unit	UNKNOWN STEP	2026-09-12T19:24:15.1453448Z  [32m✓[39m packages/safe-js/src/interp/spread-result-properties.test.ts [2m([22m[2m2 tests[22m[2m)[22m[32m 265[2mms[22m[39m
validate / unit	UNKNOWN STEP	2026-09-12T19:24:15.3378438Z  [32m✓[39m packages/safe-js/src/modules/fail.test.ts [2m([22m[2m3 tests[22m[2m)[22m[32m 9[2mms[22m[39m
validate / unit	UNKNOWN STEP	2026-09-12T19:24:15.5851905Z  [32m✓[39m packages/safe-js/src/parse/dynamic-static-import.test.ts [2m([22m[2m40 tests[22m[2m)[22m[32m 58[2mms[22m[39m
validate / unit	UNKNOWN STEP	2026-09-12T19:24:16.4833849Z  [32m✓[39m packages/safe-js/src/interp/globals/temporal-rounding-options.test.ts [2m([22m[2m9 tests[22m[2m)[22m[32m 15[2mms[22m[39m
validate / unit	UNKNOWN STEP	2026-09-12T19:24:16.5250505Z  [32m✓[39m packages/safe-js/src/parse/for-of-let-lookahead.test.ts [2m([22m[2m9 tests[22m[2m)[22m[33m 540[2mms[22m[39m
validate / unit	UNKNOWN STEP	2026-09-12T19:24:18.0556798Z  [32m✓[39m packages/safe-js/src/interp/globals/proxy-callable-tag.test.ts [2m([22m[2m10 tests[22m[2m)[22m[33m 701[2mms[22m[39m
validate / unit	UNKNOWN STEP	2026-09-12T19:24:19.0988275Z  [32m✓[39m packages/safe-js/src/snapshot/buffer-prototype-replay.test.ts [2m([22m[2m9 tests[22m[2m)[22m[33m 1719[2mms[22m[39m
validate / unit	UNKNOWN STEP	2026-09-12T19:24:19.1008210Z      [33m[2m✓[22m[39m retains supported state: class Derived extends ArrayBuffer{}const value=new Derived(4);await 0;return [value instanceof Derived,value.byteLength] [33m 364[2mms[22m[39m
validate / unit	UNKNOWN STEP	2026-09-12T19:24:19.3564557Z  [32m✓[39m packages/safe-js/src/parse/dynamic-import.test.ts [2m([22m[2m11 tests[22m[2m)[22m[32m 22[2mms[22m[39m
validate / unit	UNKNOWN STEP	2026-09-12T19:24:19.6527245Z  [32m✓[39m packages/safe-js/src/snapshot/function-restricted-accessors.test.ts [2m([22m[2m2 tests[22m[2m)[22m[33m 698[2mms[22m[39m
validate / unit	UNKNOWN STEP	2026-09-12T19:24:19.6529908Z    [33m[2m✓[22m[39m restores restricted accessor identity and mutations: '' [33m 455[2mms[22m[39m
validate / unit	UNKNOWN STEP	2026-09-12T19:24:20.9006807Z  [32m✓[39m packages/safe-js/src/snapshot/global-bindings.test.ts [2m([22m[2m1 test[22m[2m)[22m[33m 632[2mms[22m[39m
validate / unit	UNKNOWN STEP	2026-09-12T19:24:20.9008920Z    [33m[2m✓[22m[39m preserves writable globals captured by a closure across repeated JSON round trips [33m 630[2mms[22m[39m
validate / unit	UNKNOWN STEP	2026-09-12T19:24:21.8159750Z  [32m✓[39m packages/safe-js/src/interp/guest-proxy-prototype-retention.test.ts [2m([22m[2m2 tests[22m[2m)[22m[32m 7[2mms[22m[39m
validate / unit	UNKNOWN STEP	2026-09-12T19:24:22.4262307Z  [32m✓[39m packages/safe-js/src/interp/globals/collection-prototype-noop.test.ts [2m([22m[2m37 tests[22m[2m)[22m[33m 1906[2mms[22m[39m
validate / unit	UNKNOWN STEP	2026-09-12T19:24:23.1953374Z  [32m✓[39m packages/safe-js/src/interp/globals/string-concat-symbol.test.ts [2m([22m[2m8 tests[22m[2m)[22m[33m 496[2mms[22m[39m
validate / unit	UNKNOWN STEP	2026-09-12T19:24:24.0145893Z  [32m✓[39m packages/safe-js/src/interp/globals/eval-parameter-function-kinds.test.ts [2m([22m[2m9 tests[22m[2m)[22m[33m 636[2mms[22m[39m
validate / unit	UNKNOWN STEP	2026-09-12T19:24:24.2466321Z  [32m✓[39m packages/safe-js/src/parse/strict-reserved-references.test.ts [2m([22m[2m16 tests[22m[2m)[22m[32m 39[2mms[22m[39m
validate / unit	UNKNOWN STEP	2026-09-12T19:24:24.7989234Z  [32m✓[39m packages/safe-js/src/cli-dynamic-source.test.ts [2m([22m[2m6 tests[22m[2m)[22m[33m 1382[2mms[22m[39m
validate / unit	UNKNOWN STEP	2026-09-12T19:24:24.7992595Z      [33m[2m✓[22m[39m executes return Function("a", "return a + 1")(2); without suppressing lint [33m 1061[2mms[22m[39m
validate / unit	UNKNOWN STEP	2026-09-12T19:24:25.0126007Z  [32m✓[39m packages/safe-js/src/parse/strict-restricted-targets.test.ts [2m([22m[2m4 tests[22m[2m)[22m[32m 31[2mms[22m[39m
validate / unit	UNKNOWN STEP	2026-09-12T19:24:25.7599444Z  [32m✓[39m packages/safe-js/src/interp/proxy-primitive-conversion.test.ts [2m([22m[2m9 tests[22m[2m)[22m[33m 602[2mms[22m[39m
validate / unit	UNKNOWN STEP	2026-09-12T19:24:26.2382655Z  [32m✓[39m packages/safe-js/src/snapshot/reference-error-stack.test.ts [2m([22m[2m1 test[22m[2m)[22m[32m 267[2mms[22m[39m
validate / unit	UNKNOWN STEP	2026-09-12T19:24:27.5418140Z  [32m✓[39m packages/safe-js/src/interp/strict-destructuring-bindings.test.ts [2m([22m[2m6 tests[22m[2m)[22m[33m 438[2mms[22m[39m
validate / unit	UNKNOWN STEP	2026-09-12T19:24:27.8029321Z  [32m✓[39m packages/safe-js/src/interp/globals/eval-for-switch-completion.test.ts [2m([22m[2m22 tests[22m[2m)[22m[33m 1108[2mms[22m[39m
validate / unit	UNKNOWN STEP	2026-09-12T19:24:28.9171252Z  [32m✓[39m packages/safe-js/src/snapshot/guest-dump.test.ts [2m([22m[2m1 test[22m[2m)[22m[32m 218[2mms[22m[39m
validate / unit	UNKNOWN STEP	2026-09-12T19:24:29.5768659Z  [32m✓[39m packages/safe-js/src/run.replay-input-allocation-budgets.test.ts [2m([22m[2m4 tests[22m[2m)[22m[33m 932[2mms[22m[39m
validate / unit	UNKNOWN STEP	2026-09-12T19:24:29.5772248Z    [33m[2m✓[22m[39m enforces replay input allocation limits {"data":"xxxxxxxxxxxxxxxxxxxxxxxxxxxxxxxxxxxxxxxxxxxxxxxxxxxxxxxxxxxxxxxxxxxxxxxxxxxxxxxxxxxxxxxxxxxxxxxxxxxxxxxxxxxxxxxxxxxxxxxxxxxxxxxx","limits":{"stringLength":128},"accepted":true} [33m 382[2mms[22m[39m
validate / unit	UNKNOWN STEP	2026-09-12T19:24:30.9891192Z  [32m✓[39m packages/safe-js/src/interp/structured-clone-intl.test.ts [2m([22m[2m17 tests[22m[2m)[22m[33m 1142[2mms[22m[39m
validate / unit	UNKNOWN STEP	2026-09-12T19:24:31.5734517Z  [32m✓[39m packages/safe-js/src/snapshot/duplicate-block-functions.test.ts [2m([22m[2m3 tests[22m[2m)[22m[33m 1028[2mms[22m[39m
validate / unit	UNKNOWN STEP	2026-09-12T19:24:31.5738029Z    [33m[2m✓[22m[39m restores repeated block-function bindings: {yield f();function f(){return 1}function f(){return 2}yield f()}return f() [33m 504[2mms[22m[39m
validate / unit	UNKNOWN STEP	2026-09-12T19:24:32.3551256Z  [32m✓[39m packages/safe-js/src/parse/labeled-functions.test.ts [2m([22m[2m13 tests[22m[2m)[22m[33m 401[2mms[22m[39m
validate / unit	UNKNOWN STEP	2026-09-12T19:24:32.6284737Z  [32m✓[39m packages/safe-js/src/parse/bigint-literals.test.ts [2m([22m[2m18 tests[22m[2m)[22m[32m 35[2mms[22m[39m
validate / unit	UNKNOWN STEP	2026-09-12T19:24:33.2207924Z  [32m✓[39m packages/safe-js/src/interp/globals/eval-declaration-conflicts.test.ts [2m([22m[2m11 tests[22m[2m)[22m[33m 736[2mms[22m[39m
validate / unit	UNKNOWN STEP	2026-09-12T19:24:33.5034925Z  [32m✓[39m packages/safe-js/src/interp/produced-value-allocation.test.ts [2m([22m[2m5 tests[22m[2m)[22m[32m 6[2mms[22m[39m
validate / unit	UNKNOWN STEP	2026-09-12T19:24:34.1208445Z  [32m✓[39m packages/safe-js/src/interp/structured-clone-promises.test.ts [2m([22m[2m4 tests[22m[2m)[22m[32m 10[2mms[22m[39m
validate / unit	UNKNOWN STEP	2026-09-12T19:24:34.2807353Z  [32m✓[39m packages/safe-js/src/interp/intl-iso-month.test.ts [2m([22m[2m8 tests[22m[2m)[22m[32m 8[2mms[22m[39m
validate / unit	UNKNOWN STEP	2026-09-12T19:24:35.6144503Z  [32m✓[39m packages/safe-js/src/interp/float32-join-resize.test.ts [2m([22m[2m5 tests[22m[2m)[22m[33m 388[2mms[22m[39m
validate / unit	UNKNOWN STEP	2026-09-12T19:24:35.6962920Z  [32m✓[39m packages/safe-js/src/snapshot/sloppy-let.test.ts [2m([22m[2m5 tests[22m[2m)[22m[33m 1289[2mms[22m[39m
validate / unit	UNKNOWN STEP	2026-09-12T19:24:35.6965101Z    [33m[2m✓[22m[39m executes and restores a non-strict let binding: var let=1;yield let;let=3;return let [33m 411[2mms[22m[39m
validate / unit	UNKNOWN STEP	2026-09-12T19:24:35.8889472Z  [32m✓[39m packages/safe-js/src/error/native-suppressed-error.test.ts [2m([22m[2m2 tests[22m[2m)[22m[32m 5[2mms[22m[39m
validate / unit	UNKNOWN STEP	2026-09-12T19:24:36.5393997Z  [32m✓[39m packages/safe-js/src/interp/tagged-template-error-order.test.ts [2m([22m[2m7 tests[22m[2m)[22m[32m 48[2mms[22m[39m
validate / unit	UNKNOWN STEP	2026-09-12T19:24:37.4441553Z  [32m✓[39m packages/safe-js/src/interp/promise-property-capture.test.ts [2m([22m[2m1 test[22m[2m)[22m[32m 11[2mms[22m[39m
validate / unit	UNKNOWN STEP	2026-09-12T19:24:37.6231522Z  [32m✓[39m packages/safe-js/test/array-worker-contract.test.ts [2m([22m[2m8 tests[22m[2m)[22m[32m 7[2mms[22m[39m
validate / unit	UNKNOWN STEP	2026-09-12T19:24:37.6292286Z  [32m✓[39m packages/safe-js/src/snapshot/async-function-to-string-tag.test.ts [2m([22m[2m3 tests[22m[2m)[22m[33m 885[2mms[22m[39m
validate / unit	UNKNOWN STEP	2026-09-12T19:24:37.6303431Z    [33m[2m✓[22m[39m restores async tags for bound=false deleted=true [33m 427[2mms[22m[39m
validate / unit	UNKNOWN STEP	2026-09-12T19:24:39.0452601Z  [32m✓[39m packages/safe-js/src/interp/catch-reference-errors.test.ts [2m([22m[2m9 tests[22m[2m)[22m[33m 566[2mms[22m[39m
validate / unit	UNKNOWN STEP	2026-09-12T19:24:39.3092861Z  [32m✓[39m packages/safe-js/src/snapshot/array-unscopables-descriptors.test.ts [2m([22m[2m3 tests[22m[2m)[22m[33m 847[2mms[22m[39m
validate / unit	UNKNOWN STEP	2026-09-12T19:24:39.3095176Z    [33m[2m✓[22m[39m recovers unscopables records independently of dynamic source: '' [33m 408[2mms[22m[39m
validate / unit	UNKNOWN STEP	2026-09-12T19:24:40.1073788Z  [32m✓[39m packages/safe-js/src/snapshot/async-function-live-capture.test.ts [2m([22m[2m1 test[22m[2m)[22m[32m 167[2mms[22m[39m
validate / unit	UNKNOWN STEP	2026-09-12T19:24:40.9031946Z  [32m✓[39m packages/safe-js/src/snapshot/for-in-sequence.test.ts [2m([22m[2m2 tests[22m[2m)[22m[33m 698[2mms[22m[39m
validate / unit	UNKNOWN STEP	2026-09-12T19:24:40.9058241Z    [33m[2m✓[22m[39m restores a suspended for-in sequence without repeating effects: const seen=[];for(const x in seen.push("before"),yield 0,{a:1})seen.push(x);return seen [33m 456[2mms[22m[39m
validate / unit	UNKNOWN STEP	2026-09-12T19:24:42.3167958Z  [32m✓[39m packages/safe-js/src/parse/contextual-shorthand.test.ts [2m([22m[2m6 tests[22m[2m)[22m[33m 1247[2mms[22m[39m
validate / unit	UNKNOWN STEP	2026-09-12T19:24:42.3170254Z    [33m[2m✓[22m[39m accepts non-strict contextual shorthand as [33m 388[2mms[22m[39m
validate / unit	UNKNOWN STEP	2026-09-12T19:24:42.4073848Z  [32m✓[39m packages/safe-js/src/parse/yield-conditional-operand.test.ts [2m([22m[2m7 tests[22m[2m)[22m[33m 605[2mms[22m[39m
validate / unit	UNKNOWN STEP	2026-09-12T19:24:43.6896279Z  [32m✓[39m packages/safe-js/src/snapshot/arguments-restricted-descriptor.test.ts [2m([22m[2m1 test[22m[2m)[22m[33m 499[2mms[22m[39m
validate / unit	UNKNOWN STEP	2026-09-12T19:24:43.6898379Z    [33m[2m✓[22m[39m restores strict callee descriptor identity in the resumed realm [33m 496[2mms[22m[39m
validate / unit	UNKNOWN STEP	2026-09-12T19:24:44.2407293Z  [32m✓[39m packages/safe-js/src/snapshot/array-unscopables.test.ts [2m([22m[2m3 tests[22m[2m)[22m[33m 960[2mms[22m[39m
validate / unit	UNKNOWN STEP	2026-09-12T19:24:44.2409291Z    [33m[2m✓[22m[39m restores array unscopables identity and behavior: '' [33m 500[2mms[22m[39m
validate / unit	UNKNOWN STEP	2026-09-12T19:24:45.3468171Z  [32m✓[39m packages/safe-js/src/snapshot/legacy-for-in-initializers.test.ts [2m([22m[2m2 tests[22m[2m)[22m[33m 724[2mms[22m[39m
validate / unit	UNKNOWN STEP	2026-09-12T19:24:45.3470437Z    [33m[2m✓[22m[39m restores legacy initialization without repeating effects: var log=[];for(var x=(log.push("init"),yield 0) in {a:1}){yield x}return log [33m 454[2mms[22m[39m
validate / unit	UNKNOWN STEP	2026-09-12T19:24:46.1982722Z  [32m✓[39m packages/safe-js/src/interp/globals/eval-loop-completion.test.ts [2m([22m[2m18 tests[22m[2m)[22m[33m 1062[2mms[22m[39m
validate / unit	UNKNOWN STEP	2026-09-12T19:24:46.4317688Z  [32m✓[39m packages/safe-js/src/parse/loop-var-conflicts.test.ts [2m([22m[2m17 tests[22m[2m)[22m[32m 27[2mms[22m[39m
validate / unit	UNKNOWN STEP	2026-09-12T19:24:47.0696578Z  [32m✓[39m packages/safe-js/src/interp/symbol-boxing.test.ts [2m([22m[2m11 tests[22m[2m)[22m[33m 674[2mms[22m[39m
validate / unit	UNKNOWN STEP	2026-09-12T19:24:47.7597083Z  [32m✓[39m packages/safe-js/src/parse/for-of-async-lookahead.test.ts [2m([22m[2m9 tests[22m[2m)[22m[33m 414[2mms[22m[39m
validate / unit	UNKNOWN STEP	2026-09-12T19:24:48.0843842Z  [32m✓[39m packages/safe-js/src/interp/structured-clone-null-prototype.test.ts [2m([22m[2m2 tests[22m[2m)[22m[32m 136[2mms[22m[39m
validate / unit	UNKNOWN STEP	2026-09-12T19:24:48.2895377Z  [32m✓[39m packages/safe-js/src/parse/unicode-whitespace.test.ts [2m([22m[2m20 tests[22m[2m)[22m[32m 14[2mms[22m[39m
validate / unit	UNKNOWN STEP	2026-09-12T19:24:48.5140115Z  [32m✓[39m packages/safe-js/src/parse/object-rest-assignment.test.ts [2m([22m[2m14 tests[22m[2m)[22m[32m 24[2mms[22m[39m
validate / unit	UNKNOWN STEP	2026-09-12T19:24:49.0106901Z  [32m✓[39m packages/safe-js/src/interp/reference-error-stack.test.ts [2m([22m[2m5 tests[22m[2m)[22m[32m 297[2mms[22m[39m
validate / unit	UNKNOWN STEP	2026-09-12T19:24:49.5397350Z  [32m✓[39m packages/safe-js/src/interp/regex/compile-ingress.test.ts [2m([22m[2m3 tests[22m[2m)[22m[32m 110[2mms[22m[39m
validate / unit	UNKNOWN STEP	2026-09-12T19:24:50.4857160Z  [32m✓[39m packages/safe-js/src/interp/regexp-presence.test.ts [2m([22m[2m7 tests[22m[2m)[22m[33m 493[2mms[22m[39m
validate / unit	UNKNOWN STEP	2026-09-12T19:24:50.9945008Z  [32m✓[39m packages/safe-js/src/interp/for-in-array-properties.test.ts [2m([22m[2m6 tests[22m[2m)[22m[33m 504[2mms[22m[39m
validate / unit	UNKNOWN STEP	2026-09-12T19:24:51.9436317Z  [32m✓[39m packages/safe-js/src/interp/globals/promise-to-string-tag.test.ts [2m([22m[2m7 tests[22m[2m)[22m[33m 488[2mms[22m[39m
validate / unit	UNKNOWN STEP	2026-09-12T19:24:52.7780475Z  [32m✓[39m packages/safe-js/src/interp/delete-primitive.test.ts [2m([22m[2m14 tests[22m[2m)[22m[33m 847[2mms[22m[39m
validate / unit	UNKNOWN STEP	2026-09-12T19:24:53.7328348Z  [32m✓[39m packages/safe-js/src/interp/globals/dynamic-function-self-binding.test.ts [2m([22m[2m12 tests[22m[2m)[22m[33m 829[2mms[22m[39m
validate / unit	UNKNOWN STEP	2026-09-12T19:24:54.2116656Z  [32m✓[39m packages/safe-js/src/interp/array-buffer-host-compatibility.test.ts [2m([22m[2m2 tests[22m[2m)[22m[33m 1257[2mms[22m[39m
validate / unit	UNKNOWN STEP	2026-09-12T19:24:54.2117613Z    [33m[2m✓[22m[39m supports fixed buffers without host methods "resize" [33m 1018[2mms[22m[39m
validate / unit	UNKNOWN STEP	2026-09-12T19:24:54.7016814Z  [32m✓[39m packages/safe-js/src/interp/structured-clone-sdk-symbol.test.ts [2m([22m[2m7 tests[22m[2m)[22m[32m 14[2mms[22m[39m
validate / unit	UNKNOWN STEP	2026-09-12T19:24:55.8739103Z  [32m✓[39m packages/safe-js/src/snapshot/labeled-functions.test.ts [2m([22m[2m2 tests[22m[2m)[22m[33m 750[2mms[22m[39m
validate / unit	UNKNOWN STEP	2026-09-12T19:24:55.8741451Z    [33m[2m✓[22m[39m restores a labeled function across generator suspension: label:function f(){return 3}yield 0;return f() [33m 469[2mms[22m[39m
validate / unit	UNKNOWN STEP	2026-09-12T19:24:56.0553673Z  [32m✓[39m packages/safe-js/src/interp/budget-owner.test.ts [2m([22m[2m2 tests[22m[2m)[22m[32m 6[2mms[22m[39m
validate / unit	UNKNOWN STEP	2026-09-12T19:24:56.4083137Z  [32m✓[39m packages/safe-js/src/interp/globals/eval-delete-update.test.ts [2m([22m[2m9 tests[22m[2m)[22m[33m 713[2mms[22m[39m
validate / unit	UNKNOWN STEP	2026-09-12T19:24:57.5348244Z  [32m✓[39m packages/safe-js/src/interp/globals/deleted-to-string-tag.test.ts [2m([22m[2m8 tests[22m[2m)[22m[33m 525[2mms[22m[39m
validate / unit	UNKNOWN STEP	2026-09-12T19:24:57.7394573Z  [32m✓[39m packages/safe-js/src/interp/disposal-symbol-compatibility.test.ts [2m([22m[2m1 test[22m[2m)[22m[32m 8[2mms[22m[39m
validate / unit	UNKNOWN STEP	2026-09-12T19:24:57.9511884Z  [32m✓[39m packages/safe-js/src/lint/eval-binding-reads.test.ts [2m([22m[2m9 tests[22m[2m)[22m[32m 19[2mms[22m[39m
validate / unit	UNKNOWN STEP	2026-09-12T19:24:58.2115776Z  [32m✓[39m packages/safe-js/src/snapshot/promise-to-string-tag.test.ts [2m([22m[2m3 tests[22m[2m)[22m[33m 855[2mms[22m[39m
validate / unit	UNKNOWN STEP	2026-09-12T19:24:58.2116915Z    [33m[2m✓[22m[39m restores Promise tag changes: '' [33m 421[2mms[22m[39m
validate / unit	UNKNOWN STEP	2026-09-12T19:24:59.3042150Z  [32m✓[39m packages/safe-js/src/interp/globals/array-unscopables.test.ts [2m([22m[2m6 tests[22m[2m)[22m[33m 434[2mms[22m[39m
validate / unit	UNKNOWN STEP	2026-09-12T19:24:59.6205850Z  [32m✓[39m packages/safe-js/src/interp/iteration-proxy-acquire.test.ts [2m([22m[2m5 tests[22m[2m)[22m[33m 457[2mms[22m[39m
validate / unit	UNKNOWN STEP	2026-09-12T19:25:01.0809076Z  [32m✓[39m packages/safe-js/src/interp/structured-clone-sdk-iterators.test.ts [2m([22m[2m6 tests[22m[2m)[22m[33m 811[2mms[22m[39m
validate / unit	UNKNOWN STEP	2026-09-12T19:25:01.3366412Z  [32m✓[39m packages/safe-js/src/snapshot/eval-delete-block-function.test.ts [2m([22m[2m2 tests[22m[2m)[22m[33m 752[2mms[22m[39m
validate / unit	UNKNOWN STEP	2026-09-12T19:25:01.3367998Z    [33m[2m✓[22m[39m recovers the recreated eval variable with outer binding=false [33m 461[2mms[22m[39m
validate / unit	UNKNOWN STEP	2026-09-12T19:25:01.5624994Z  [32m✓[39m packages/safe-js/src/interp/intl-duration-locale.test.ts [2m([22m[2m7 tests[22m[2m)[22m[32m 11[2mms[22m[39m
validate / unit	UNKNOWN STEP	2026-09-12T19:25:02.5568418Z  [32m✓[39m packages/safe-js/src/interp/float32-resize-methods.test.ts [2m([22m[2m6 tests[22m[2m)[22m[33m 484[2mms[22m[39m
validate / unit	UNKNOWN STEP	2026-09-12T19:25:03.7738143Z  [32m✓[39m packages/safe-js/src/lint/escape-globals.test.ts [2m([22m[2m6 tests[22m[2m)[22m[32m 204[2mms[22m[39m
validate / unit	UNKNOWN STEP	2026-09-12T19:25:03.9816513Z  [32m✓[39m packages/safe-js/src/interp/globals/eval-function-execution.test.ts [2m([22m[2m24 tests[22m[2m)[22m[33m 1474[2mms[22m[39m
validate / unit	UNKNOWN STEP	2026-09-12T19:25:03.9856735Z  [32m✓[39m packages/safe-js/src/parse/unicode-line-terminators.test.ts [2m([22m[2m4 tests[22m[2m)[22m[32m 12[2mms[22m[39m
validate / unit	UNKNOWN STEP	2026-09-12T19:25:05.5309876Z  [32m✓[39m packages/safe-js/src/interp/structured-clone-weak-state.test.ts [2m([22m[2m4 tests[22m[2m)[22m[33m 569[2mms[22m[39m
validate / unit	UNKNOWN STEP	2026-09-12T19:25:06.6410136Z  [32m✓[39m packages/safe-js/src/interp/globals/string-ignored-arguments.test.ts [2m([22m[2m28 tests[22m[2m)[22m[33m 1717[2mms[22m[39m
validate / unit	UNKNOWN STEP	2026-09-12T19:25:07.1112034Z  [32m✓[39m packages/safe-js/src/interp/structured-clone-sdk-runtime-records.test.ts [2m([22m[2m5 tests[22m[2m)[22m[33m 642[2mms[22m[39m
validate / unit	UNKNOWN STEP	2026-09-12T19:25:08.2902209Z  [32m✓[39m packages/safe-js/src/interp/globals/object-enumerability-mutation.test.ts [2m([22m[2m10 tests[22m[2m)[22m[33m 691[2mms[22m[39m
validate / unit	UNKNOWN STEP	2026-09-12T19:25:08.4585088Z  [32m✓[39m packages/safe-js/src/interp/structured-clone-sdk-executable.test.ts [2m([22m[2m6 tests[22m[2m)[22m[33m 462[2mms[22m[39m
validate / unit	UNKNOWN STEP	2026-09-12T19:25:09.3969479Z  [32m✓[39m packages/safe-js/src/interp/async-disposable-stack-state.test.ts [2m([22m[2m1 test[22m[2m)[22m[32m 7[2mms[22m[39m
validate / unit	UNKNOWN STEP	2026-09-12T19:25:09.5892477Z  [32m✓[39m packages/safe-js/src/interp/error-diagnostic-accessors.test.ts [2m([22m[2m4 tests[22m[2m)[22m[33m 366[2mms[22m[39m
validate / unit	UNKNOWN STEP	2026-09-12T19:25:09.6479108Z  [32m✓[39m packages/safe-js/src/parse/reserved-identifier-positions.test.ts [2m([22m[2m16 tests[22m[2m)[22m[32m 44[2mms[22m[39m
validate / unit	UNKNOWN STEP	2026-09-12T19:25:10.9178126Z  [32m✓[39m packages/safe-js/src/interp/globals/temporal-duration-total-boundary.test.ts [2m([22m[2m3 tests[22m[2m)[22m[33m 394[2mms[22m[39m
validate / unit	UNKNOWN STEP	2026-09-12T19:25:11.4061597Z  [32m✓[39m packages/safe-js/src/parse/template-regex-boundaries.test.ts [2m([22m[2m13 tests[22m[2m)[22m[33m 831[2mms[22m[39m
validate / unit	UNKNOWN STEP	2026-09-12T19:25:12.4145040Z  [32m✓[39m packages/safe-js/src/interp/globals/eval-class-arguments.test.ts [2m([22m[2m9 tests[22m[2m)[22m[33m 557[2mms[22m[39m
validate / unit	UNKNOWN STEP	2026-09-12T19:25:12.7218386Z  [32m✓[39m packages/safe-js/src/interp/globals/json-function-hooks.test.ts [2m([22m[2m5 tests[22m[2m)[22m[33m 420[2mms[22m[39m
validate / unit	UNKNOWN STEP	2026-09-12T19:25:12.9204580Z  [32m✓[39m packages/safe-js/src/interp/temporal-calendar-string.test.ts [2m([22m[2m19 tests[22m[2m)[22m[32m 13[2mms[22m[39m
validate / unit	UNKNOWN STEP	2026-09-12T19:25:13.4912568Z  [32m✓[39m packages/safe-js/src/modules/fs.workerd.test.ts [2m([22m[2m1 test[22m[2m)[22m[32m 9[2mms[22m[39m
validate / unit	UNKNOWN STEP	2026-09-12T19:25:14.1062720Z  [32m✓[39m packages/safe-js/src/interp/collection-instance-origin.test.ts [2m([22m[2m2 tests[22m[2m)[22m[32m 264[2mms[22m[39m
validate / unit	UNKNOWN STEP	2026-09-12T19:25:15.2754676Z  [32m✓[39m packages/safe-js/src/snapshot/deleted-to-string-tag.test.ts [2m([22m[2m3 tests[22m[2m)[22m[33m 886[2mms[22m[39m
validate / unit	UNKNOWN STEP	2026-09-12T19:25:15.2760681Z    [33m[2m✓[22m[39m restores deleted Map.prototype tags [33m 405[2mms[22m[39m
validate / unit	UNKNOWN STEP	2026-09-12T19:25:15.3189944Z  [32m✓[39m packages/safe-js/src/lint/proxy-global.test.ts [2m([22m[2m4 tests[22m[2m)[22m[32m 247[2mms[22m[39m
validate / unit	UNKNOWN STEP	2026-09-12T19:25:16.2317871Z  [32m✓[39m packages/safe-js/src/interp/numberformat-bundle-initialization.test.ts [2m([22m[2m1 test[22m[2m)[22m[33m 748[2mms[22m[39m
validate / unit	UNKNOWN STEP	2026-09-12T19:25:16.2318999Z    [33m[2m✓[22m[39m emits valid JavaScript when the runtime is bundled behind a dynamic import [33m 745[2mms[22m[39m
validate / unit	UNKNOWN STEP	2026-09-12T19:25:16.7840322Z  [32m✓[39m packages/safe-js/src/interp/exception-function-hoisting.test.ts [2m([22m[2m7 tests[22m[2m)[22m[33m 466[2mms[22m[39m
validate / unit	UNKNOWN STEP	2026-09-12T19:25:17.8459872Z  [32m✓[39m packages/safe-js/src/interp/regex/compile-callback-stack.test.ts [2m([22m[2m1 test[22m[2m)[22m[32m 140[2mms[22m[39m
validate / unit	UNKNOWN STEP	2026-09-12T19:25:17.9239922Z  [32m✓[39m packages/safe-js/src/interp/globals/eval-with-completion.test.ts [2m([22m[2m12 tests[22m[2m)[22m[33m 789[2mms[22m[39m
validate / unit	UNKNOWN STEP	2026-09-12T19:25:18.9073116Z  [32m✓[39m packages/safe-js/src/interp/array-write-context.test.ts [2m([22m[2m1 test[22m[2m)[22m[32m 158[2mms[22m[39m
validate / unit	UNKNOWN STEP	2026-09-12T19:25:19.0979741Z  [32m✓[39m packages/safe-js/src/lint/atomics-global.test.ts [2m([22m[2m3 tests[22m[2m)[22m[32m 212[2mms[22m[39m
validate / unit	UNKNOWN STEP	2026-09-12T19:25:20.6107989Z  [32m✓[39m packages/safe-js/src/interp/globals/bigint-coercion.test.ts [2m([22m[2m13 tests[22m[2m)[22m[33m 791[2mms[22m[39m
validate / unit	UNKNOWN STEP	2026-09-12T19:25:21.0394992Z  [32m✓[39m packages/safe-js/src/interp/globals/eval-completion.test.ts [2m([22m[2m17 tests[22m[2m)[22m[33m 998[2mms[22m[39m
validate / unit	UNKNOWN STEP	2026-09-12T19:25:21.5559498Z  [32m✓[39m packages/safe-js/src/interp/structured-clone-capabilities.test.ts [2m([22m[2m2 tests[22m[2m)[22m[32m 8[2mms[22m[39m
validate / unit	UNKNOWN STEP	2026-09-12T19:25:22.1641955Z  [32m✓[39m packages/safe-js/src/interp/regex/compile-callback-receiver.test.ts [2m([22m[2m1 test[22m[2m)[22m[32m 153[2mms[22m[39m
validate / unit	UNKNOWN STEP	2026-09-12T19:25:22.3601611Z  [32m✓[39m packages/safe-js/src/parse/unicode-line-continuations.test.ts [2m([22m[2m2 tests[22m[2m)[22m[32m 12[2mms[22m[39m
validate / unit	UNKNOWN STEP	2026-09-12T19:25:23.0191003Z  [32m✓[39m packages/safe-js/src/interp/globals/temporal-plain-year-month-partial.test.ts [2m([22m[2m5 tests[22m[2m)[22m[33m 533[2mms[22m[39m
validate / unit	UNKNOWN STEP	2026-09-12T19:25:23.1974443Z  [32m✓[39m packages/safe-js/test/adversarial/report.test.ts [2m([22m[2m2 tests[22m[2m)[22m[32m 5[2mms[22m[39m
validate / unit	UNKNOWN STEP	2026-09-12T19:25:23.6116513Z  [32m✓[39m packages/safe-js/src/interp/async-function-driver.test.ts [2m([22m[2m2 tests[22m[2m)[22m[32m 238[2mms[22m[39m
validate / unit	UNKNOWN STEP	2026-09-12T19:25:24.6788450Z  [32m✓[39m packages/safe-js/src/interp/globals/temporal-plain-month-day-partial.test.ts [2m([22m[2m4 tests[22m[2m)[22m[33m 470[2mms[22m[39m
validate / unit	UNKNOWN STEP	2026-09-12T19:25:24.9115536Z  [32m✓[39m packages/safe-js/src/interp/globals/eval-budget.test.ts [2m([22m[2m2 tests[22m[2m)[22m[33m 352[2mms[22m[39m
validate / unit	UNKNOWN STEP	2026-09-12T19:25:25.5737643Z  [32m✓[39m packages/safe-js/src/interp/numberformat-sign-parts.test.ts [2m([22m[2m6 tests[22m[2m)[22m[32m 100[2mms[22m[39m
validate / unit	UNKNOWN STEP	2026-09-12T19:25:25.6630452Z  [32m✓[39m packages/safe-js/src/interp/globals/temporal-year-month-registration.test.ts [2m([22m[2m1 test[22m[2m)[22m[32m 12[2mms[22m[39m
validate / unit	UNKNOWN STEP	2026-09-12T19:25:26.7961480Z  [32m✓[39m packages/safe-js/src/interp/temporal-month-day-offset-disambiguation.test.ts [2m([22m[2m6 tests[22m[2m)[22m[32m 182[2mms[22m[39m
validate / unit	UNKNOWN STEP	2026-09-12T19:25:26.8772185Z  [32m✓[39m packages/safe-js/src/interp/primitive-symbol-members.test.ts [2m([22m[2m3 tests[22m[2m)[22m[33m 323[2mms[22m[39m
validate / unit	UNKNOWN STEP	2026-09-12T19:25:27.5004291Z  [32m✓[39m packages/safe-js/src/interp/numberformat-unit-validation.test.ts [2m([22m[2m6 tests[22m[2m)[22m[32m 63[2mms[22m[39m
validate / unit	UNKNOWN STEP	2026-09-12T19:25:27.6914522Z  [32m✓[39m packages/safe-js/src/cli-help-import.test.ts [2m([22m[2m1 test[22m[2m)[22m[32m 8[2mms[22m[39m
validate / unit	UNKNOWN STEP	2026-09-12T19:25:27.7916497Z  [32m✓[39m packages/safe-js/src/core.test.ts [2m([22m[2m1 test[22m[2m)[22m[32m 4[2mms[22m[39m
validate / unit	UNKNOWN STEP	2026-09-12T19:25:27.8551529Z  [32m✓[39m packages/safe-js/test/conformance/import-boundary.test.ts [2m([22m[2m2 tests[22m[2m)[22m[32m 11[2mms[22m[39m
validate / unit	UNKNOWN STEP	2026-09-12T19:25:28.8751154Z  [32m✓[39m packages/safe-js/src/lint/finalization-registry-global.test.ts [2m([22m[2m1 test[22m[2m)[22m[32m 147[2mms[22m[39m
validate / unit	UNKNOWN STEP	2026-09-12T19:25:29.0065855Z  [32m✓[39m packages/safe-js/src/lint/weak-collection-globals.test.ts [2m([22m[2m2 tests[22m[2m)[22m[32m 215[2mms[22m[39m
validate / unit	UNKNOWN STEP	2026-09-12T19:25:29.7467816Z  [32m✓[39m packages/safe-js/src/interp/promise-state.test.ts [2m([22m[2m2 tests[22m[2m)[22m[32m 8[2mms[22m[39m
validate / unit	UNKNOWN STEP	2026-09-12T19:25:29.9685023Z  [32m✓[39m packages/safe-js/src/parse/template-escape-positions.test.ts [2m([22m[2m21 tests[22m[2m)[22m[32m 16[2mms[22m[39m
validate / unit	UNKNOWN STEP	2026-09-12T19:25:30.4546179Z  [32m✓[39m packages/safe-js/src/interp/structured-clone-symbol.test.ts [2m([22m[2m7 tests[22m[2m)[22m[33m 553[2mms[22m[39m
validate / unit	UNKNOWN STEP	2026-09-12T19:25:30.6448372Z  [32m✓[39m packages/safe-js/src/parse/private-identifiers.test.ts [2m([22m[2m8 tests[22m[2m)[22m[32m 11[2mms[22m[39m
validate / unit	UNKNOWN STEP	2026-09-12T19:25:31.2643287Z  [32m✓[39m packages/safe-js/src/interp/for-in-targets.test.ts [2m([22m[2m4 tests[22m[2m)[22m[33m 326[2mms[22m[39m
validate / unit	UNKNOWN STEP	2026-09-12T19:25:31.7557855Z  [32m✓[39m packages/safe-js/src/lint/weak-ref-global.test.ts [2m([22m[2m1 test[22m[2m)[22m[32m 150[2mms[22m[39m
validate / unit	UNKNOWN STEP	2026-09-12T19:25:32.0061234Z  [32m✓[39m packages/safe-js/src/lint/iterator-constructor.test.ts [2m([22m[2m1 test[22m[2m)[22m[32m 26[2mms[22m[39m
validate / unit	UNKNOWN STEP	2026-09-12T19:25:33.1905571Z  [32m✓[39m packages/safe-js/test/adversarial/snapshot-mutation.test.ts [2m([22m[2m1 test[22m[2m)[22m[33m 992[2mms[22m[39m
validate / unit	UNKNOWN STEP	2026-09-12T19:25:33.1908096Z      [33m[2m✓[22m[39m rejects malformed mutations with typed errors and preserves valid roundtrips [33m 989[2mms[22m[39m
validate / unit	UNKNOWN STEP	2026-09-12T19:25:33.4696219Z  [32m✓[39m packages/safe-js/test/adversarial/parser-smoke.test.ts [2m([22m[2m1 test[22m[2m)[22m[32m 82[2mms[22m[39m
validate / unit	UNKNOWN STEP	2026-09-12T19:25:33.7306483Z  [32m✓[39m packages/safe-js/src/lint/bigint-typed-array.test.ts [2m([22m[2m2 tests[22m[2m)[22m[32m 24[2mms[22m[39m
validate / unit	UNKNOWN STEP	2026-09-12T19:25:33.7594368Z  [31m❯[39m packages/safe-js/test/adversarial/corpus.test.ts [2m([22m[2m1 test[22m[2m | [22m[31m1 failed[39m[2m)[22m[33m 768[2mms[22m[39m
validate / unit	UNKNOWN STEP	2026-09-12T19:25:33.7597197Z FAIL packages/safe-js/test/adversarial/corpus.test.ts > fast adversarial corpus > handles transferable parser, runtime, lifecycle, and resource failures
validate / unit	UNKNOWN STEP	2026-09-12T19:25:33.7599400Z [31m     [31m×[31m handles transferable parser, runtime, lifecycle, and resource failures[39m[33m 766[2mms[22m[39m
validate / unit	UNKNOWN STEP	2026-09-12T19:25:33.7601623Z [31m[1mAssertionError[22m: promise rejected "Error: Adversarial source case failed.
validate / unit	UNKNOWN STEP	2026-09-12T19:25:33.7602572Z se…" instead of resolving[39m
validate / unit	UNKNOWN STEP	2026-09-12T19:25:33.7603628Z [36m [2m❯[22m packages/safe-js/test/adversarial/corpus.test.ts:[2m7:40[22m[39m
validate / unit	UNKNOWN STEP	2026-09-12T19:25:33.7633506Z     [90m  5|[39m [34mdescribe[39m([32m"fast adversarial corpus"[39m[33m,[39m () [33m=>[39m {
validate / unit	UNKNOWN STEP	2026-09-12T19:25:33.7634685Z     [90m  6|[39m   it("handles transferable parser, runtime, lifecycle, and resource fa…
validate / unit	UNKNOWN STEP	2026-09-12T19:25:33.7636468Z     [90m  7|[39m     [35mawait[39m [34mexpect[39m([34mrunAdversarialCorpus[39m())[33m.[39mresolves[33m.[39m[34mtoBeUndefined[39m()[33m;[39m
validate / unit	UNKNOWN STEP	2026-09-12T19:25:33.7638139Z     [90m   |[39m                                        [31m^[39m
validate / unit	UNKNOWN STEP	2026-09-12T19:25:33.7638926Z     [90m  8|[39m   }[33m,[39m [34m2_000[39m)[33m;[39m
validate / unit	UNKNOWN STEP	2026-09-12T19:25:33.7639534Z     [90m  9|[39m })[33m;[39m
validate / unit	UNKNOWN STEP	2026-09-12T19:25:33.7639801Z 
validate / unit	UNKNOWN STEP	2026-09-12T19:25:33.7640360Z [31m[1mCaused by: Error[22m: Adversarial source case failed.
validate / unit	UNKNOWN STEP	2026-09-12T19:25:33.7640979Z seed=0xad5c2026
validate / unit	UNKNOWN STEP	2026-09-12T19:25:33.7641310Z minimized source:
validate / unit	UNKNOWN STEP	2026-09-12T19:25:33.7641718Z <fast adversarial corpus>
validate / unit	UNKNOWN STEP	2026-09-12T19:25:33.7642415Z cause: Error: corpus exceeded 750ms: 761.1ms[39m
validate / unit	UNKNOWN STEP	2026-09-12T19:25:33.7643606Z [36m [2m❯[22m adversarialFailure packages/safe-js/test/adversarial/report.ts:[2m11:10[22m[39m
validate / unit	UNKNOWN STEP	2026-09-12T19:25:33.7645129Z [90m [2m❯[22m runAdversarialCorpus packages/safe-js/test/adversarial/harness.ts:[2m41:11[22m[39m
validate / unit	UNKNOWN STEP	2026-09-12T19:25:33.7646640Z [90m [2m❯[22m packages/safe-js/test/adversarial/corpus.test.ts:[2m7:5[22m[39m
validate / unit	UNKNOWN STEP	2026-09-12T19:25:33.7647193Z 
validate / unit	UNKNOWN STEP	2026-09-12T19:25:33.9918982Z  [32m✓[39m packages/safe-js/src/lint/temporal.test.ts [2m([22m[2m1 test[22m[2m)[22m[32m 21[2mms[22m[39m
validate / unit	UNKNOWN STEP	2026-09-12T19:25:34.0334809Z  [32m✓[39m packages/safe-js/src/lint/float16-array.test.ts [2m([22m[2m1 test[22m[2m)[22m[32m 20[2mms[22m[39m
validate / unit	UNKNOWN STEP	2026-09-12T19:25:34.2322148Z  [32m✓[39m packages/safe-js/src/lint/array-buffer.test.ts [2m([22m[2m1 test[22m[2m)[22m[32m 19[2mms[22m[39m
validate / unit	UNKNOWN STEP	2026-09-12T19:25:34.2685363Z  [32m✓[39m packages/safe-js/src/lint/reflect.test.ts [2m([22m[2m1 test[22m[2m)[22m[32m 20[2mms[22m[39m
validate / unit	UNKNOWN STEP	2026-09-12T19:25:34.3048476Z 
validate / unit	UNKNOWN STEP	2026-09-12T19:25:34.3050024Z [31m⎯⎯⎯⎯⎯⎯⎯[39m[1m[41m Failed Tests 1 [49m[22m[31m⎯⎯⎯⎯⎯⎯⎯[39m
validate / unit	UNKNOWN STEP	2026-09-12T19:25:34.3050342Z 
validate / unit	UNKNOWN STEP	2026-09-12T19:25:34.3052395Z [41m[1m FAIL [22m[49m packages/safe-js/test/adversarial/corpus.test.ts[2m > [22mfast adversarial corpus[2m > [22mhandles transferable parser, runtime, lifecycle, and resource failures
validate / unit	UNKNOWN STEP	2026-09-12T19:25:34.3053858Z [31m[1mAssertionError[22m: promise rejected "Error: Adversarial source case failed.
validate / unit	UNKNOWN STEP	2026-09-12T19:25:34.3054570Z se…" instead of resolving[39m
validate / unit	UNKNOWN STEP	2026-09-12T19:25:34.3055170Z [36m [2m❯[22m packages/safe-js/test/adversarial/corpus.test.ts:[2m7:40[22m[39m
validate / unit	UNKNOWN STEP	2026-09-12T19:25:34.3056309Z     [90m  5|[39m [34mdescribe[39m([32m"fast adversarial corpus"[39m[33m,[39m () [33m=>[39m {
validate / unit	UNKNOWN STEP	2026-09-12T19:25:34.3057371Z     [90m  6|[39m   it("handles transferable parser, runtime, lifecycle, and resource fa…
validate / unit	UNKNOWN STEP	2026-09-12T19:25:34.3058431Z     [90m  7|[39m     [35mawait[39m [34mexpect[39m([34mrunAdversarialCorpus[39m())[33m.[39mresolves[33m.[39m[34mtoBeUndefined[39m()[33m;[39m
validate / unit	UNKNOWN STEP	2026-09-12T19:25:34.3059144Z     [90m   |[39m                                        [31m^[39m
validate / unit	UNKNOWN STEP	2026-09-12T19:25:34.3059709Z     [90m  8|[39m   }[33m,[39m [34m2_000[39m)[33m;[39m
validate / unit	UNKNOWN STEP	2026-09-12T19:25:34.3060185Z     [90m  9|[39m })[33m;[39m
validate / unit	UNKNOWN STEP	2026-09-12T19:25:34.3060387Z 
validate / unit	UNKNOWN STEP	2026-09-12T19:25:34.3061082Z [31m[1mCaused by: Caused by: Error[22m: Adversarial source case failed.
validate / unit	UNKNOWN STEP	2026-09-12T19:25:34.3061464Z seed=0xad5c2026
validate / unit	UNKNOWN STEP	2026-09-12T19:25:34.3061695Z minimized source:
validate / unit	UNKNOWN STEP	2026-09-12T19:25:34.3061961Z <fast adversarial corpus>
validate / unit	UNKNOWN STEP	2026-09-12T19:25:34.3062336Z cause: Error: corpus exceeded 750ms: 761.1ms[39m
validate / unit	UNKNOWN STEP	2026-09-12T19:25:34.3062987Z [36m [2m❯[22m adversarialFailure packages/safe-js/test/adversarial/report.ts:[2m11:10[22m[39m
validate / unit	UNKNOWN STEP	2026-09-12T19:25:34.3063773Z [90m [2m❯[22m runAdversarialCorpus packages/safe-js/test/adversarial/harness.ts:[2m41:11[22m[39m
validate / unit	UNKNOWN STEP	2026-09-12T19:25:34.3064475Z [90m [2m❯[22m packages/safe-js/test/adversarial/corpus.test.ts:[2m7:5[22m[39m
validate / unit	UNKNOWN STEP	2026-09-12T19:25:34.3064773Z 
validate / unit	UNKNOWN STEP	2026-09-12T19:25:34.3065108Z [31m[2m⎯⎯⎯⎯⎯⎯⎯⎯⎯⎯⎯⎯⎯⎯⎯⎯⎯⎯⎯⎯⎯⎯⎯⎯[1/1]⎯[22m[39m
validate / unit	UNKNOWN STEP	2026-09-12T19:25:34.3065477Z 
validate / unit	UNKNOWN STEP	2026-09-12T19:25:34.3065530Z 
validate / unit	UNKNOWN STEP	2026-09-12T19:25:34.3184519Z [2m Test Files [22m [1m[31m1 failed[39m[22m[2m | [22m[1m[32m1307 passed[39m[22m[2m | [22m[33m2 skipped[39m[90m (1310)[39m
validate / unit	UNKNOWN STEP	2026-09-12T19:25:34.3459765Z [2m      Tests [22m [1m[31m1 failed[39m[22m[2m | [22m[1m[32m29071 passed[39m[22m[2m | [22m[33m47 skipped[39m[90m (29119)[39m
validate / unit	UNKNOWN STEP	2026-09-12T19:25:34.3460445Z [2m   Start at [22m 18:58:32
validate / unit	UNKNOWN STEP	2026-09-12T19:25:34.3488006Z [2m   Duration [22m 1621.43s[2m (transform 31.68s, setup 27.52s, import 908.75s, tests 2115.12s, environment 139ms)[22m
validate / unit	UNKNOWN STEP	2026-09-12T19:25:34.3491059Z 
validate / unit	UNKNOWN STEP	2026-09-12T19:25:34.3989047Z npm error Lifecycle script `test:unit` failed with error:
validate / unit	UNKNOWN STEP	2026-09-12T19:25:34.3989493Z npm error code 1
validate / unit	UNKNOWN STEP	2026-09-12T19:25:34.3990296Z npm error path /home/runner/work/poe-code/poe-code/packages/safe-js
validate / unit	UNKNOWN STEP	2026-09-12T19:25:34.3991035Z npm error workspace @poe-code/safe-js@0.0.1
validate / unit	UNKNOWN STEP	2026-09-12T19:25:34.3991827Z npm error location /home/runner/work/poe-code/poe-code/packages/safe-js
validate / unit	UNKNOWN STEP	2026-09-12T19:25:34.3992507Z npm error command failed
validate / unit	UNKNOWN STEP	2026-09-12T19:25:34.3993036Z npm error command sh -c cd ../.. && vitest run packages/safe-js/src packages/safe-js/test
validate / unit	UNKNOWN STEP	2026-09-12T19:25:34.4047600Z Error: Workspace test:unit failed: @poe-code/safe-js (1)
validate / unit	UNKNOWN STEP	2026-09-12T19:25:34.4048222Z     at taskError (file:///home/runner/work/poe-code/poe-code/scripts/build-workspaces.mjs:174:17)
validate / unit	UNKNOWN STEP	2026-09-12T19:25:34.4048969Z     at ChildProcess.onClose (file:///home/runner/work/poe-code/poe-code/scripts/build-workspaces.mjs:319:27)
validate / unit	UNKNOWN STEP	2026-09-12T19:25:34.4049521Z     at Object.onceWrapper (node:events:634:26)
validate / unit	UNKNOWN STEP	2026-09-12T19:25:34.4049882Z     at ChildProcess.emit (node:events:519:28)
validate / unit	UNKNOWN STEP	2026-09-12T19:25:34.4050269Z     at maybeClose (node:internal/child_process:1101:16)
validate / unit	UNKNOWN STEP	2026-09-12T19:25:34.4050719Z     at ChildProcess._handle.onexit (node:internal/child_process:304:5) {
validate / unit	UNKNOWN STEP	2026-09-12T19:25:34.4051095Z   exitCode: 1
validate / unit	UNKNOWN STEP	2026-09-12T19:25:34.4051327Z }
validate / unit	UNKNOWN STEP	2026-09-12T19:25:34.4165402Z ##[error]Process completed with exit code 1.
validate / unit	UNKNOWN STEP	2026-09-12T19:25:34.4309093Z Post job cleanup.
validate / unit	UNKNOWN STEP	2026-09-12T19:25:34.5180998Z [command]/usr/bin/git version
validate / unit	UNKNOWN STEP	2026-09-12T19:25:34.5218271Z git version 2.55.0
validate / unit	UNKNOWN STEP	2026-09-12T19:25:34.5259670Z Temporarily overriding HOME='/home/runner/work/_temp/33b233da-2cc3-4a9f-aee7-232a2c967bf9' before making global git config changes
validate / unit	UNKNOWN STEP	2026-09-12T19:25:34.5260782Z Adding repository directory to the temporary git global config as a safe directory
validate / unit	UNKNOWN STEP	2026-09-12T19:25:34.5264955Z [command]/usr/bin/git config --global --add safe.directory /home/runner/work/poe-code/poe-code
validate / unit	UNKNOWN STEP	2026-09-12T19:25:34.5293886Z Removing SSH command configuration
validate / unit	UNKNOWN STEP	2026-09-12T19:25:34.5299983Z [command]/usr/bin/git config --local --name-only --get-regexp core\.sshCommand
validate / unit	UNKNOWN STEP	2026-09-12T19:25:34.5331370Z [command]/usr/bin/git submodule foreach --recursive sh -c "git config --local --name-only --get-regexp 'core\.sshCommand' && git config --local --unset-all 'core.sshCommand' || :"
validate / unit	UNKNOWN STEP	2026-09-12T19:25:34.5582412Z Removing HTTP extra header
validate / unit	UNKNOWN STEP	2026-09-12T19:25:34.5587726Z [command]/usr/bin/git config --local --name-only --get-regexp http\.https\:\/\/github\.com\/\.extraheader
validate / unit	UNKNOWN STEP	2026-09-12T19:25:34.5620841Z [command]/usr/bin/git submodule foreach --recursive sh -c "git config --local --name-only --get-regexp 'http\.https\:\/\/github\.com\/\.extraheader' && git config --local --unset-all 'http.https://github.com/.extraheader' || :"
validate / unit	UNKNOWN STEP	2026-09-12T19:25:34.5877814Z Removing includeIf entries pointing to credentials config files
validate / unit	UNKNOWN STEP	2026-09-12T19:25:34.5883532Z [command]/usr/bin/git config --local --name-only --get-regexp ^includeIf\.gitdir:
validate / unit	UNKNOWN STEP	2026-09-12T19:25:34.5916268Z [command]/usr/bin/git submodule foreach --recursive git config --local --show-origin --name-only --get-regexp remote.origin.url
validate / unit	UNKNOWN STEP	2026-09-12T19:25:34.6317607Z Cleaning up orphan processes
