validate / unit	UNKNOWN STEP	﻿2026-09-12T19:41:35.1416653Z Current runner version: '2.337.0'
validate / unit	UNKNOWN STEP	2026-09-12T19:41:35.1444884Z ##[group]Runner Image Provisioner
validate / unit	UNKNOWN STEP	2026-09-12T19:41:35.1445774Z Hosted Compute Agent
validate / unit	UNKNOWN STEP	2026-09-12T19:41:35.1446405Z Version: 20260828.587
validate / unit	UNKNOWN STEP	2026-09-12T19:41:35.1447136Z Commit: abac92662cab4cc7352de4f9f9d2e2419aad9c29
validate / unit	UNKNOWN STEP	2026-09-12T19:41:35.1447875Z Build Date: 2026-08-28T16:44:25Z
validate / unit	UNKNOWN STEP	2026-09-12T19:41:35.1449001Z Worker ID: {765fba83-70b8-4651-a0c3-d8c6ea5e697a}
validate / unit	UNKNOWN STEP	2026-09-12T19:41:35.1450055Z Azure Region: westus
validate / unit	UNKNOWN STEP	2026-09-12T19:41:35.1450671Z ##[endgroup]
validate / unit	UNKNOWN STEP	2026-09-12T19:41:35.1452402Z ##[group]Operating System
validate / unit	UNKNOWN STEP	2026-09-12T19:41:35.1453061Z Ubuntu
validate / unit	UNKNOWN STEP	2026-09-12T19:41:35.1453645Z 24.04.5
validate / unit	UNKNOWN STEP	2026-09-12T19:41:35.1454186Z LTS
validate / unit	UNKNOWN STEP	2026-09-12T19:41:35.1454736Z ##[endgroup]
validate / unit	UNKNOWN STEP	2026-09-12T19:41:35.1455337Z ##[group]Runner Image
validate / unit	UNKNOWN STEP	2026-09-12T19:41:35.1455943Z Image: ubuntu-24.04
validate / unit	UNKNOWN STEP	2026-09-12T19:41:35.1456487Z Version: 20260907.300.1
validate / unit	UNKNOWN STEP	2026-09-12T19:41:35.1457878Z Included Software: https://github.com/actions/runner-images/blob/ubuntu24/20260907.300/images/ubuntu/Ubuntu2404-Readme.md
validate / unit	UNKNOWN STEP	2026-09-12T19:41:35.1459529Z Image Release: https://github.com/actions/runner-images/releases/tag/ubuntu24%2F20260907.300
validate / unit	UNKNOWN STEP	2026-09-12T19:41:35.1460723Z ##[endgroup]
validate / unit	UNKNOWN STEP	2026-09-12T19:41:35.1461981Z ##[group]GITHUB_TOKEN Permissions
validate / unit	UNKNOWN STEP	2026-09-12T19:41:35.1464055Z Actions: read
validate / unit	UNKNOWN STEP	2026-09-12T19:41:35.1464787Z Contents: read
validate / unit	UNKNOWN STEP	2026-09-12T19:41:35.1465437Z Metadata: read
validate / unit	UNKNOWN STEP	2026-09-12T19:41:35.1466001Z ##[endgroup]
validate / unit	UNKNOWN STEP	2026-09-12T19:41:35.1468249Z Secret source: Actions
validate / unit	UNKNOWN STEP	2026-09-12T19:41:35.1469222Z Cache mode: write
validate / unit	UNKNOWN STEP	2026-09-12T19:41:35.1470499Z Prepare workflow directory
validate / unit	UNKNOWN STEP	2026-09-12T19:41:35.1923709Z Prepare all required actions
validate / unit	UNKNOWN STEP	2026-09-12T19:41:35.1988146Z Getting action download info
validate / unit	UNKNOWN STEP	2026-09-12T19:41:35.5636323Z Download action repository 'actions/checkout@v7.0.1' (SHA:3d3c42e5aac5ba805825da76410c181273ba90b1)
validate / unit	UNKNOWN STEP	2026-09-12T19:41:35.6801323Z Download action repository 'actions/setup-node@v7.0.0' (SHA:820762786026740c76f36085b0efc47a31fe5020)
validate / unit	UNKNOWN STEP	2026-09-12T19:41:35.8640049Z Uses: poe-platform/poe-code/.github/workflows/release-validation.yml@refs/heads/main (6d167d01ae30e5510a82a38513f470438a2c9244)
validate / unit	UNKNOWN STEP	2026-09-12T19:41:35.8644681Z ##[group] Inputs
validate / unit	UNKNOWN STEP	2026-09-12T19:41:35.8645569Z   cold_cache: false
validate / unit	UNKNOWN STEP	2026-09-12T19:41:35.8646047Z ##[endgroup]
validate / unit	UNKNOWN STEP	2026-09-12T19:41:35.8646521Z Complete job name: validate / unit
validate / unit	UNKNOWN STEP	2026-09-12T19:41:35.9425751Z ##[group]Run actions/checkout@v7.0.1
validate / unit	UNKNOWN STEP	2026-09-12T19:41:35.9426674Z with:
validate / unit	UNKNOWN STEP	2026-09-12T19:41:35.9427152Z   ref: 6d167d01ae30e5510a82a38513f470438a2c9244
validate / unit	UNKNOWN STEP	2026-09-12T19:41:35.9427739Z   fetch-depth: 1
validate / unit	UNKNOWN STEP	2026-09-12T19:41:35.9428211Z   persist-credentials: false
validate / unit	UNKNOWN STEP	2026-09-12T19:41:35.9428755Z   repository: poe-platform/poe-code
validate / unit	UNKNOWN STEP	2026-09-12T19:41:35.9432940Z   token: ***
validate / unit	UNKNOWN STEP	2026-09-12T19:41:35.9433374Z   ssh-strict: true
validate / unit	UNKNOWN STEP	2026-09-12T19:41:35.9433815Z   ssh-user: git
validate / unit	UNKNOWN STEP	2026-09-12T19:41:35.9434246Z   clean: true
validate / unit	UNKNOWN STEP	2026-09-12T19:41:35.9434695Z   sparse-checkout-cone-mode: true
validate / unit	UNKNOWN STEP	2026-09-12T19:41:35.9435230Z   fetch-tags: false
validate / unit	UNKNOWN STEP	2026-09-12T19:41:35.9435674Z   show-progress: true
validate / unit	UNKNOWN STEP	2026-09-12T19:41:35.9436139Z   lfs: false
validate / unit	UNKNOWN STEP	2026-09-12T19:41:35.9436549Z   submodules: false
validate / unit	UNKNOWN STEP	2026-09-12T19:41:35.9437029Z   set-safe-directory: true
validate / unit	UNKNOWN STEP	2026-09-12T19:41:35.9437540Z   allow-unsafe-pr-checkout: false
validate / unit	UNKNOWN STEP	2026-09-12T19:41:35.9438301Z env:
validate / unit	UNKNOWN STEP	2026-09-12T19:41:35.9438695Z   TZ: UTC
validate / unit	UNKNOWN STEP	2026-09-12T19:41:35.9439092Z   LANG: C.UTF-8
validate / unit	UNKNOWN STEP	2026-09-12T19:41:35.9439551Z   LC_ALL: C.UTF-8
validate / unit	UNKNOWN STEP	2026-09-12T19:41:35.9440259Z   TURBO_TELEMETRY_DISABLED: 1
validate / unit	UNKNOWN STEP	2026-09-12T19:41:35.9440826Z   GIT_CONFIG_COUNT: 1
validate / unit	UNKNOWN STEP	2026-09-12T19:41:35.9441336Z   GIT_CONFIG_KEY_0: init.defaultBranch
validate / unit	UNKNOWN STEP	2026-09-12T19:41:35.9441886Z   GIT_CONFIG_VALUE_0: main
validate / unit	UNKNOWN STEP	2026-09-12T19:41:35.9442363Z ##[endgroup]
validate / unit	UNKNOWN STEP	2026-09-12T19:41:36.0463394Z Syncing repository: poe-platform/poe-code
validate / unit	UNKNOWN STEP	2026-09-12T19:41:36.0465717Z ##[group]Getting Git version info
validate / unit	UNKNOWN STEP	2026-09-12T19:41:36.0466476Z Working directory is '/home/runner/work/poe-code/poe-code'
validate / unit	UNKNOWN STEP	2026-09-12T19:41:36.0467695Z [command]/usr/bin/git version
validate / unit	UNKNOWN STEP	2026-09-12T19:41:36.0518925Z git version 2.55.0
validate / unit	UNKNOWN STEP	2026-09-12T19:41:36.0540457Z ##[endgroup]
validate / unit	UNKNOWN STEP	2026-09-12T19:41:36.0552721Z Temporarily overriding HOME='/home/runner/work/_temp/19cbf1f4-b8b6-4ff7-8ce3-855e6601a6f6' before making global git config changes
validate / unit	UNKNOWN STEP	2026-09-12T19:41:36.0555776Z Adding repository directory to the temporary git global config as a safe directory
validate / unit	UNKNOWN STEP	2026-09-12T19:41:36.0559842Z [command]/usr/bin/git config --global --add safe.directory /home/runner/work/poe-code/poe-code
validate / unit	UNKNOWN STEP	2026-09-12T19:41:36.0610446Z Deleting the contents of '/home/runner/work/poe-code/poe-code'
validate / unit	UNKNOWN STEP	2026-09-12T19:41:36.0614486Z ##[group]Determining repository object format
validate / unit	UNKNOWN STEP	2026-09-12T19:41:36.0616248Z ##[endgroup]
validate / unit	UNKNOWN STEP	2026-09-12T19:41:36.0617532Z ##[group]Initializing the repository
validate / unit	UNKNOWN STEP	2026-09-12T19:41:36.0622211Z [command]/usr/bin/git init /home/runner/work/poe-code/poe-code
validate / unit	UNKNOWN STEP	2026-09-12T19:41:36.0739224Z Initialized empty Git repository in /home/runner/work/poe-code/poe-code/.git/
validate / unit	UNKNOWN STEP	2026-09-12T19:41:36.0749440Z [command]/usr/bin/git remote add origin https://github.com/poe-platform/poe-code
validate / unit	UNKNOWN STEP	2026-09-12T19:41:36.0800168Z ##[endgroup]
validate / unit	UNKNOWN STEP	2026-09-12T19:41:36.0800960Z ##[group]Disabling automatic garbage collection
validate / unit	UNKNOWN STEP	2026-09-12T19:41:36.0803786Z [command]/usr/bin/git config --local gc.auto 0
validate / unit	UNKNOWN STEP	2026-09-12T19:41:36.0833386Z ##[endgroup]
validate / unit	UNKNOWN STEP	2026-09-12T19:41:36.0834199Z ##[group]Setting up auth
validate / unit	UNKNOWN STEP	2026-09-12T19:41:36.0834754Z Removing SSH command configuration
validate / unit	UNKNOWN STEP	2026-09-12T19:41:36.0839711Z [command]/usr/bin/git config --local --name-only --get-regexp core\.sshCommand
validate / unit	UNKNOWN STEP	2026-09-12T19:41:36.0871326Z [command]/usr/bin/git submodule foreach --recursive sh -c "git config --local --name-only --get-regexp 'core\.sshCommand' && git config --local --unset-all 'core.sshCommand' || :"
validate / unit	UNKNOWN STEP	2026-09-12T19:41:36.1216197Z Removing HTTP extra header
validate / unit	UNKNOWN STEP	2026-09-12T19:41:36.1222215Z [command]/usr/bin/git config --local --name-only --get-regexp http\.https\:\/\/github\.com\/\.extraheader
validate / unit	UNKNOWN STEP	2026-09-12T19:41:36.1253315Z [command]/usr/bin/git submodule foreach --recursive sh -c "git config --local --name-only --get-regexp 'http\.https\:\/\/github\.com\/\.extraheader' && git config --local --unset-all 'http.https://github.com/.extraheader' || :"
validate / unit	UNKNOWN STEP	2026-09-12T19:41:36.1471868Z Removing includeIf entries pointing to credentials config files
validate / unit	UNKNOWN STEP	2026-09-12T19:41:36.1477026Z [command]/usr/bin/git config --local --name-only --get-regexp ^includeIf\.gitdir:
validate / unit	UNKNOWN STEP	2026-09-12T19:41:36.1515354Z [command]/usr/bin/git submodule foreach --recursive git config --local --show-origin --name-only --get-regexp remote.origin.url
validate / unit	UNKNOWN STEP	2026-09-12T19:41:36.1740072Z [command]/usr/bin/git config --file /home/runner/work/_temp/git-credentials-0b88b5d8-5180-46d5-96c8-dbaad8623900.config http.https://github.com/.extraheader AUTHORIZATION: basic ***
validate / unit	UNKNOWN STEP	2026-09-12T19:41:36.1776990Z [command]/usr/bin/git config --local includeIf.gitdir:/home/runner/work/poe-code/poe-code/.git.path /home/runner/work/_temp/git-credentials-0b88b5d8-5180-46d5-96c8-dbaad8623900.config
validate / unit	UNKNOWN STEP	2026-09-12T19:41:36.1806352Z [command]/usr/bin/git config --local includeIf.gitdir:/home/runner/work/poe-code/poe-code/.git/worktrees/*.path /home/runner/work/_temp/git-credentials-0b88b5d8-5180-46d5-96c8-dbaad8623900.config
validate / unit	UNKNOWN STEP	2026-09-12T19:41:36.1839061Z [command]/usr/bin/git config --local includeIf.gitdir:/github/workspace/.git.path /github/runner_temp/git-credentials-0b88b5d8-5180-46d5-96c8-dbaad8623900.config
validate / unit	UNKNOWN STEP	2026-09-12T19:41:36.1869312Z [command]/usr/bin/git config --local includeIf.gitdir:/github/workspace/.git/worktrees/*.path /github/runner_temp/git-credentials-0b88b5d8-5180-46d5-96c8-dbaad8623900.config
validate / unit	UNKNOWN STEP	2026-09-12T19:41:36.1898039Z ##[endgroup]
validate / unit	UNKNOWN STEP	2026-09-12T19:41:36.1898851Z ##[group]Fetching the repository
validate / unit	UNKNOWN STEP	2026-09-12T19:41:36.1906456Z [command]/usr/bin/git -c protocol.version=2 fetch --no-tags --prune --no-recurse-submodules --depth=1 origin 6d167d01ae30e5510a82a38513f470438a2c9244
validate / unit	UNKNOWN STEP	2026-09-12T19:41:45.9168506Z From https://github.com/poe-platform/poe-code
validate / unit	UNKNOWN STEP	2026-09-12T19:41:45.9170064Z  * branch              6d167d01ae30e5510a82a38513f470438a2c9244 -> FETCH_HEAD
validate / unit	UNKNOWN STEP	2026-09-12T19:41:45.9178304Z [command]/usr/bin/git rev-parse --verify --quiet 6d167d01ae30e5510a82a38513f470438a2c9244^{object}
validate / unit	UNKNOWN STEP	2026-09-12T19:41:45.9203076Z 6d167d01ae30e5510a82a38513f470438a2c9244
validate / unit	UNKNOWN STEP	2026-09-12T19:41:45.9209356Z ##[endgroup]
validate / unit	UNKNOWN STEP	2026-09-12T19:41:45.9211654Z ##[group]Determining the checkout info
validate / unit	UNKNOWN STEP	2026-09-12T19:41:45.9214257Z ##[endgroup]
validate / unit	UNKNOWN STEP	2026-09-12T19:41:45.9215733Z [command]/usr/bin/git sparse-checkout disable
validate / unit	UNKNOWN STEP	2026-09-12T19:41:45.9263896Z [command]/usr/bin/git config --local --unset-all extensions.worktreeConfig
validate / unit	UNKNOWN STEP	2026-09-12T19:41:45.9292062Z ##[group]Checking out the ref
validate / unit	UNKNOWN STEP	2026-09-12T19:41:45.9295084Z [command]/usr/bin/git checkout --progress --force 6d167d01ae30e5510a82a38513f470438a2c9244
validate / unit	UNKNOWN STEP	2026-09-12T19:41:47.0133106Z Updating files:  19% (10132/51859)
validate / unit	UNKNOWN STEP	2026-09-12T19:41:47.0569207Z Updating files:  20% (10372/51859)
validate / unit	UNKNOWN STEP	2026-09-12T19:41:47.0838072Z Updating files:  21% (10891/51859)
validate / unit	UNKNOWN STEP	2026-09-12T19:41:47.1325228Z Updating files:  22% (11409/51859)
validate / unit	UNKNOWN STEP	2026-09-12T19:41:47.1888954Z Updating files:  23% (11928/51859)
validate / unit	UNKNOWN STEP	2026-09-12T19:41:47.2936769Z Updating files:  24% (12447/51859)
validate / unit	UNKNOWN STEP	2026-09-12T19:41:47.3277435Z Updating files:  25% (12965/51859)
validate / unit	UNKNOWN STEP	2026-09-12T19:41:47.3538890Z Updating files:  26% (13484/51859)
validate / unit	UNKNOWN STEP	2026-09-12T19:41:47.3723970Z Updating files:  27% (14002/51859)
validate / unit	UNKNOWN STEP	2026-09-12T19:41:47.3984543Z Updating files:  28% (14521/51859)
validate / unit	UNKNOWN STEP	2026-09-12T19:41:47.4211147Z Updating files:  29% (15040/51859)
validate / unit	UNKNOWN STEP	2026-09-12T19:41:47.4403906Z Updating files:  30% (15558/51859)
validate / unit	UNKNOWN STEP	2026-09-12T19:41:47.4598738Z Updating files:  31% (16077/51859)
validate / unit	UNKNOWN STEP	2026-09-12T19:41:47.4832609Z Updating files:  32% (16595/51859)
validate / unit	UNKNOWN STEP	2026-09-12T19:41:47.5088587Z Updating files:  33% (17114/51859)
validate / unit	UNKNOWN STEP	2026-09-12T19:41:47.5291747Z Updating files:  34% (17633/51859)
validate / unit	UNKNOWN STEP	2026-09-12T19:41:47.5538084Z Updating files:  35% (18151/51859)
validate / unit	UNKNOWN STEP	2026-09-12T19:41:47.5867534Z Updating files:  36% (18670/51859)
validate / unit	UNKNOWN STEP	2026-09-12T19:41:47.6092170Z Updating files:  37% (19188/51859)
validate / unit	UNKNOWN STEP	2026-09-12T19:41:47.6349610Z Updating files:  38% (19707/51859)
validate / unit	UNKNOWN STEP	2026-09-12T19:41:47.6669763Z Updating files:  39% (20226/51859)
validate / unit	UNKNOWN STEP	2026-09-12T19:41:47.6958971Z Updating files:  40% (20744/51859)
validate / unit	UNKNOWN STEP	2026-09-12T19:41:47.7411285Z Updating files:  41% (21263/51859)
validate / unit	UNKNOWN STEP	2026-09-12T19:41:47.7719648Z Updating files:  42% (21781/51859)
validate / unit	UNKNOWN STEP	2026-09-12T19:41:47.8100368Z Updating files:  43% (22300/51859)
validate / unit	UNKNOWN STEP	2026-09-12T19:41:47.8332043Z Updating files:  44% (22818/51859)
validate / unit	UNKNOWN STEP	2026-09-12T19:41:47.8563923Z Updating files:  45% (23337/51859)
validate / unit	UNKNOWN STEP	2026-09-12T19:41:47.8750404Z Updating files:  46% (23856/51859)
validate / unit	UNKNOWN STEP	2026-09-12T19:41:47.9074374Z Updating files:  47% (24374/51859)
validate / unit	UNKNOWN STEP	2026-09-12T19:41:47.9303480Z Updating files:  48% (24893/51859)
validate / unit	UNKNOWN STEP	2026-09-12T19:41:47.9527365Z Updating files:  49% (25411/51859)
validate / unit	UNKNOWN STEP	2026-09-12T19:41:47.9731844Z Updating files:  50% (25930/51859)
validate / unit	UNKNOWN STEP	2026-09-12T19:41:47.9790393Z Updating files:  51% (26449/51859)
validate / unit	UNKNOWN STEP	2026-09-12T19:41:47.9939205Z Updating files:  51% (26569/51859)
validate / unit	UNKNOWN STEP	2026-09-12T19:41:48.0155554Z Updating files:  52% (26967/51859)
validate / unit	UNKNOWN STEP	2026-09-12T19:41:48.0492803Z Updating files:  53% (27486/51859)
validate / unit	UNKNOWN STEP	2026-09-12T19:41:48.0877355Z Updating files:  54% (28004/51859)
validate / unit	UNKNOWN STEP	2026-09-12T19:41:48.1225865Z Updating files:  55% (28523/51859)
validate / unit	UNKNOWN STEP	2026-09-12T19:41:48.1633680Z Updating files:  56% (29042/51859)
validate / unit	UNKNOWN STEP	2026-09-12T19:41:48.1816871Z Updating files:  57% (29560/51859)
validate / unit	UNKNOWN STEP	2026-09-12T19:41:48.2116746Z Updating files:  58% (30079/51859)
validate / unit	UNKNOWN STEP	2026-09-12T19:41:48.2615192Z Updating files:  59% (30597/51859)
validate / unit	UNKNOWN STEP	2026-09-12T19:41:48.3066530Z Updating files:  60% (31116/51859)
validate / unit	UNKNOWN STEP	2026-09-12T19:41:48.3423517Z Updating files:  61% (31634/51859)
validate / unit	UNKNOWN STEP	2026-09-12T19:41:48.3639268Z Updating files:  62% (32153/51859)
validate / unit	UNKNOWN STEP	2026-09-12T19:41:48.3856405Z Updating files:  63% (32672/51859)
validate / unit	UNKNOWN STEP	2026-09-12T19:41:48.4094135Z Updating files:  64% (33190/51859)
validate / unit	UNKNOWN STEP	2026-09-12T19:41:48.4318951Z Updating files:  65% (33709/51859)
validate / unit	UNKNOWN STEP	2026-09-12T19:41:48.4550035Z Updating files:  66% (34227/51859)
validate / unit	UNKNOWN STEP	2026-09-12T19:41:48.4926565Z Updating files:  67% (34746/51859)
validate / unit	UNKNOWN STEP	2026-09-12T19:41:48.5107928Z Updating files:  68% (35265/51859)
validate / unit	UNKNOWN STEP	2026-09-12T19:41:48.5449257Z Updating files:  69% (35783/51859)
validate / unit	UNKNOWN STEP	2026-09-12T19:41:48.5812573Z Updating files:  70% (36302/51859)
validate / unit	UNKNOWN STEP	2026-09-12T19:41:48.5984418Z Updating files:  71% (36820/51859)
validate / unit	UNKNOWN STEP	2026-09-12T19:41:48.6323471Z Updating files:  72% (37339/51859)
validate / unit	UNKNOWN STEP	2026-09-12T19:41:48.6624459Z Updating files:  73% (37858/51859)
validate / unit	UNKNOWN STEP	2026-09-12T19:41:48.7595782Z Updating files:  74% (38376/51859)
validate / unit	UNKNOWN STEP	2026-09-12T19:41:48.7867192Z Updating files:  75% (38895/51859)
validate / unit	UNKNOWN STEP	2026-09-12T19:41:48.8059590Z Updating files:  76% (39413/51859)
validate / unit	UNKNOWN STEP	2026-09-12T19:41:48.8334329Z Updating files:  77% (39932/51859)
validate / unit	UNKNOWN STEP	2026-09-12T19:41:48.8615089Z Updating files:  78% (40451/51859)
validate / unit	UNKNOWN STEP	2026-09-12T19:41:48.8965117Z Updating files:  79% (40969/51859)
validate / unit	UNKNOWN STEP	2026-09-12T19:41:48.9756663Z Updating files:  80% (41488/51859)
validate / unit	UNKNOWN STEP	2026-09-12T19:41:48.9789881Z Updating files:  81% (42006/51859)
validate / unit	UNKNOWN STEP	2026-09-12T19:41:49.0008884Z Updating files:  81% (42075/51859)
validate / unit	UNKNOWN STEP	2026-09-12T19:41:49.0649269Z Updating files:  82% (42525/51859)
validate / unit	UNKNOWN STEP	2026-09-12T19:41:49.2007075Z Updating files:  83% (43043/51859)
validate / unit	UNKNOWN STEP	2026-09-12T19:41:49.2229814Z Updating files:  84% (43562/51859)
validate / unit	UNKNOWN STEP	2026-09-12T19:41:49.2829214Z Updating files:  85% (44081/51859)
validate / unit	UNKNOWN STEP	2026-09-12T19:41:49.3114858Z Updating files:  86% (44599/51859)
validate / unit	UNKNOWN STEP	2026-09-12T19:41:49.3477754Z Updating files:  87% (45118/51859)
validate / unit	UNKNOWN STEP	2026-09-12T19:41:49.3836455Z Updating files:  88% (45636/51859)
validate / unit	UNKNOWN STEP	2026-09-12T19:41:49.4150322Z Updating files:  89% (46155/51859)
validate / unit	UNKNOWN STEP	2026-09-12T19:41:49.4433670Z Updating files:  90% (46674/51859)
validate / unit	UNKNOWN STEP	2026-09-12T19:41:49.4736537Z Updating files:  91% (47192/51859)
validate / unit	UNKNOWN STEP	2026-09-12T19:41:49.5093100Z Updating files:  92% (47711/51859)
validate / unit	UNKNOWN STEP	2026-09-12T19:41:49.5446261Z Updating files:  93% (48229/51859)
validate / unit	UNKNOWN STEP	2026-09-12T19:41:49.5733294Z Updating files:  94% (48748/51859)
validate / unit	UNKNOWN STEP	2026-09-12T19:41:49.6034846Z Updating files:  95% (49267/51859)
validate / unit	UNKNOWN STEP	2026-09-12T19:41:49.6398330Z Updating files:  96% (49785/51859)
validate / unit	UNKNOWN STEP	2026-09-12T19:41:49.6916129Z Updating files:  97% (50304/51859)
validate / unit	UNKNOWN STEP	2026-09-12T19:41:49.7246833Z Updating files:  98% (50822/51859)
validate / unit	UNKNOWN STEP	2026-09-12T19:41:49.7590849Z Updating files:  99% (51341/51859)
validate / unit	UNKNOWN STEP	2026-09-12T19:41:49.7591800Z Updating files: 100% (51859/51859)
validate / unit	UNKNOWN STEP	2026-09-12T19:41:49.7592405Z Updating files: 100% (51859/51859), done.
validate / unit	UNKNOWN STEP	2026-09-12T19:41:49.8285558Z Note: switching to '6d167d01ae30e5510a82a38513f470438a2c9244'.
validate / unit	UNKNOWN STEP	2026-09-12T19:41:49.8285898Z 
validate / unit	UNKNOWN STEP	2026-09-12T19:41:49.8286228Z You are in 'detached HEAD' state. You can look around, make experimental
validate / unit	UNKNOWN STEP	2026-09-12T19:41:49.8286810Z changes and commit them, and you can discard any commits you make in this
validate / unit	UNKNOWN STEP	2026-09-12T19:41:49.8287278Z state without impacting any branches by switching back to a branch.
validate / unit	UNKNOWN STEP	2026-09-12T19:41:49.8287551Z 
validate / unit	UNKNOWN STEP	2026-09-12T19:41:49.8288037Z If you want to create a new branch to retain commits you create, you may
validate / unit	UNKNOWN STEP	2026-09-12T19:41:49.8288508Z do so (now or later) by using -c with the switch command. Example:
validate / unit	UNKNOWN STEP	2026-09-12T19:41:49.8288764Z 
validate / unit	UNKNOWN STEP	2026-09-12T19:41:49.8288918Z   git switch -c <new-branch-name>
validate / unit	UNKNOWN STEP	2026-09-12T19:41:49.8289098Z 
validate / unit	UNKNOWN STEP	2026-09-12T19:41:49.8289196Z Or undo this operation with:
validate / unit	UNKNOWN STEP	2026-09-12T19:41:49.8289358Z 
validate / unit	UNKNOWN STEP	2026-09-12T19:41:49.8289440Z   git switch -
validate / unit	UNKNOWN STEP	2026-09-12T19:41:49.8289563Z 
validate / unit	UNKNOWN STEP	2026-09-12T19:41:49.8290302Z Turn off this advice by setting config variable advice.detachedHead to false
validate / unit	UNKNOWN STEP	2026-09-12T19:41:49.8290628Z 
validate / unit	UNKNOWN STEP	2026-09-12T19:41:49.8290891Z HEAD is now at 6d167d01 perf(safe-js): avoid repeated intrinsic registration metadata work
validate / unit	UNKNOWN STEP	2026-09-12T19:41:49.8391633Z ##[endgroup]
validate / unit	UNKNOWN STEP	2026-09-12T19:41:49.8439155Z [command]/usr/bin/git log -1 --format=%H
validate / unit	UNKNOWN STEP	2026-09-12T19:41:49.8464377Z 6d167d01ae30e5510a82a38513f470438a2c9244
validate / unit	UNKNOWN STEP	2026-09-12T19:41:49.8473547Z ##[group]Removing auth
validate / unit	UNKNOWN STEP	2026-09-12T19:41:49.8473889Z Removing SSH command configuration
validate / unit	UNKNOWN STEP	2026-09-12T19:41:49.8477325Z [command]/usr/bin/git config --local --name-only --get-regexp core\.sshCommand
validate / unit	UNKNOWN STEP	2026-09-12T19:41:49.8507878Z [command]/usr/bin/git submodule foreach --recursive sh -c "git config --local --name-only --get-regexp 'core\.sshCommand' && git config --local --unset-all 'core.sshCommand' || :"
validate / unit	UNKNOWN STEP	2026-09-12T19:41:49.8771951Z Removing HTTP extra header
validate / unit	UNKNOWN STEP	2026-09-12T19:41:49.8775831Z [command]/usr/bin/git config --local --name-only --get-regexp http\.https\:\/\/github\.com\/\.extraheader
validate / unit	UNKNOWN STEP	2026-09-12T19:41:49.8807730Z [command]/usr/bin/git submodule foreach --recursive sh -c "git config --local --name-only --get-regexp 'http\.https\:\/\/github\.com\/\.extraheader' && git config --local --unset-all 'http.https://github.com/.extraheader' || :"
validate / unit	UNKNOWN STEP	2026-09-12T19:41:49.9072245Z Removing includeIf entries pointing to credentials config files
validate / unit	UNKNOWN STEP	2026-09-12T19:41:49.9077166Z [command]/usr/bin/git config --local --name-only --get-regexp ^includeIf\.gitdir:
validate / unit	UNKNOWN STEP	2026-09-12T19:41:49.9107167Z includeif.gitdir:/home/runner/work/poe-code/poe-code/.git.path
validate / unit	UNKNOWN STEP	2026-09-12T19:41:49.9108302Z includeif.gitdir:/home/runner/work/poe-code/poe-code/.git/worktrees/*.path
validate / unit	UNKNOWN STEP	2026-09-12T19:41:49.9109274Z includeif.gitdir:/github/workspace/.git.path
validate / unit	UNKNOWN STEP	2026-09-12T19:41:49.9110276Z includeif.gitdir:/github/workspace/.git/worktrees/*.path
validate / unit	UNKNOWN STEP	2026-09-12T19:41:49.9119036Z [command]/usr/bin/git config --local --get-all includeif.gitdir:/home/runner/work/poe-code/poe-code/.git.path
validate / unit	UNKNOWN STEP	2026-09-12T19:41:49.9145551Z /home/runner/work/_temp/git-credentials-0b88b5d8-5180-46d5-96c8-dbaad8623900.config
validate / unit	UNKNOWN STEP	2026-09-12T19:41:49.9161545Z [command]/usr/bin/git config --local --unset includeif.gitdir:/home/runner/work/poe-code/poe-code/.git.path \/home\/runner\/work\/_temp\/git\-credentials\-0b88b5d8\-5180\-46d5\-96c8\-dbaad8623900\.config
validate / unit	UNKNOWN STEP	2026-09-12T19:41:49.9193636Z [command]/usr/bin/git config --local --get-all includeif.gitdir:/home/runner/work/poe-code/poe-code/.git/worktrees/*.path
validate / unit	UNKNOWN STEP	2026-09-12T19:41:49.9214876Z /home/runner/work/_temp/git-credentials-0b88b5d8-5180-46d5-96c8-dbaad8623900.config
validate / unit	UNKNOWN STEP	2026-09-12T19:41:49.9224364Z [command]/usr/bin/git config --local --unset includeif.gitdir:/home/runner/work/poe-code/poe-code/.git/worktrees/*.path \/home\/runner\/work\/_temp\/git\-credentials\-0b88b5d8\-5180\-46d5\-96c8\-dbaad8623900\.config
validate / unit	UNKNOWN STEP	2026-09-12T19:41:49.9259906Z [command]/usr/bin/git config --local --get-all includeif.gitdir:/github/workspace/.git.path
validate / unit	UNKNOWN STEP	2026-09-12T19:41:49.9282563Z /github/runner_temp/git-credentials-0b88b5d8-5180-46d5-96c8-dbaad8623900.config
validate / unit	UNKNOWN STEP	2026-09-12T19:41:49.9290353Z [command]/usr/bin/git config --local --unset includeif.gitdir:/github/workspace/.git.path \/github\/runner_temp\/git\-credentials\-0b88b5d8\-5180\-46d5\-96c8\-dbaad8623900\.config
validate / unit	UNKNOWN STEP	2026-09-12T19:41:49.9322484Z [command]/usr/bin/git config --local --get-all includeif.gitdir:/github/workspace/.git/worktrees/*.path
validate / unit	UNKNOWN STEP	2026-09-12T19:41:49.9343822Z /github/runner_temp/git-credentials-0b88b5d8-5180-46d5-96c8-dbaad8623900.config
validate / unit	UNKNOWN STEP	2026-09-12T19:41:49.9351214Z [command]/usr/bin/git config --local --unset includeif.gitdir:/github/workspace/.git/worktrees/*.path \/github\/runner_temp\/git\-credentials\-0b88b5d8\-5180\-46d5\-96c8\-dbaad8623900\.config
validate / unit	UNKNOWN STEP	2026-09-12T19:41:49.9381286Z [command]/usr/bin/git submodule foreach --recursive git config --local --show-origin --name-only --get-regexp remote.origin.url
validate / unit	UNKNOWN STEP	2026-09-12T19:41:49.9642103Z Removing credentials config '/home/runner/work/_temp/git-credentials-0b88b5d8-5180-46d5-96c8-dbaad8623900.config'
validate / unit	UNKNOWN STEP	2026-09-12T19:41:49.9650756Z ##[endgroup]
validate / unit	UNKNOWN STEP	2026-09-12T19:41:49.9899550Z ##[group]Run actions/setup-node@v7.0.0
validate / unit	UNKNOWN STEP	2026-09-12T19:41:49.9900117Z with:
validate / unit	UNKNOWN STEP	2026-09-12T19:41:49.9900312Z   node-version: 22
validate / unit	UNKNOWN STEP	2026-09-12T19:41:49.9900515Z   cache: npm
validate / unit	UNKNOWN STEP	2026-09-12T19:41:49.9900715Z   check-latest: false
validate / unit	UNKNOWN STEP	2026-09-12T19:41:49.9903371Z   token: ***
validate / unit	UNKNOWN STEP	2026-09-12T19:41:49.9903589Z   package-manager-cache: true
validate / unit	UNKNOWN STEP	2026-09-12T19:41:49.9903836Z env:
validate / unit	UNKNOWN STEP	2026-09-12T19:41:49.9904007Z   TZ: UTC
validate / unit	UNKNOWN STEP	2026-09-12T19:41:49.9904185Z   LANG: C.UTF-8
validate / unit	UNKNOWN STEP	2026-09-12T19:41:49.9904381Z   LC_ALL: C.UTF-8
validate / unit	UNKNOWN STEP	2026-09-12T19:41:49.9904782Z   TURBO_TELEMETRY_DISABLED: 1
validate / unit	UNKNOWN STEP	2026-09-12T19:41:49.9905108Z ##[endgroup]
validate / unit	UNKNOWN STEP	2026-09-12T19:41:50.1189813Z Found in cache @ /opt/hostedtoolcache/node/22.23.2/x64
validate / unit	UNKNOWN STEP	2026-09-12T19:41:50.1193062Z ##[group]Environment details
validate / unit	UNKNOWN STEP	2026-09-12T19:41:50.5295556Z node: v22.23.2
validate / unit	UNKNOWN STEP	2026-09-12T19:41:50.5295933Z npm: 10.9.8
validate / unit	UNKNOWN STEP	2026-09-12T19:41:50.5296250Z yarn: 1.22.22
validate / unit	UNKNOWN STEP	2026-09-12T19:41:50.5297344Z ##[endgroup]
validate / unit	UNKNOWN STEP	2026-09-12T19:41:50.5344223Z [command]/opt/hostedtoolcache/node/22.23.2/x64/bin/npm config get cache
validate / unit	UNKNOWN STEP	2026-09-12T19:41:50.6500901Z /home/runner/.npm
validate / unit	UNKNOWN STEP	2026-09-12T19:41:50.9339502Z Cache hit for: node-cache-Linux-x64-npm-0206e5b370dc6ac49a1c87d603547db991eccdbfaf49beb24fdb274bba359bdf
validate / unit	UNKNOWN STEP	2026-09-12T19:41:52.2235049Z Received 0 of 205502650 (0.0%), 0.0 MBs/sec
validate / unit	UNKNOWN STEP	2026-09-12T19:41:53.2271138Z Received 109051904 of 205502650 (53.1%), 52.0 MBs/sec
validate / unit	UNKNOWN STEP	2026-09-12T19:41:53.9485149Z Received 205502650 of 205502650 (100.0%), 71.9 MBs/sec
validate / unit	UNKNOWN STEP	2026-09-12T19:41:53.9486273Z Cache Size: ~196 MB (205502650 B)
validate / unit	UNKNOWN STEP	2026-09-12T19:41:53.9548445Z [command]/usr/bin/tar -xf /home/runner/work/_temp/2793fc10-52ae-4269-ac7a-b672c14feddf/cache.tzst -P -C /home/runner/work/poe-code/poe-code --use-compress-program unzstd
validate / unit	UNKNOWN STEP	2026-09-12T19:41:54.8894832Z Cache restored successfully
validate / unit	UNKNOWN STEP	2026-09-12T19:41:54.8988619Z Cache restored from key: node-cache-Linux-x64-npm-0206e5b370dc6ac49a1c87d603547db991eccdbfaf49beb24fdb274bba359bdf
validate / unit	UNKNOWN STEP	2026-09-12T19:41:54.9174233Z ##[group]Run npm clean-install
validate / unit	UNKNOWN STEP	2026-09-12T19:41:54.9174605Z [36;1mnpm clean-install[0m
validate / unit	UNKNOWN STEP	2026-09-12T19:41:54.9267708Z shell: /usr/bin/bash -e {0}
validate / unit	UNKNOWN STEP	2026-09-12T19:41:54.9267989Z env:
validate / unit	UNKNOWN STEP	2026-09-12T19:41:54.9268190Z   TZ: UTC
validate / unit	UNKNOWN STEP	2026-09-12T19:41:54.9268389Z   LANG: C.UTF-8
validate / unit	UNKNOWN STEP	2026-09-12T19:41:54.9268591Z   LC_ALL: C.UTF-8
validate / unit	UNKNOWN STEP	2026-09-12T19:41:54.9268813Z   TURBO_TELEMETRY_DISABLED: 1
validate / unit	UNKNOWN STEP	2026-09-12T19:41:54.9269082Z ##[endgroup]
validate / unit	UNKNOWN STEP	2026-09-12T19:42:15.4448452Z 
validate / unit	UNKNOWN STEP	2026-09-12T19:42:15.4454960Z > poe-code@0.0.0-dev postinstall
validate / unit	UNKNOWN STEP	2026-09-12T19:42:15.4455458Z > node scripts/postinstall-sync-skills.mjs
validate / unit	UNKNOWN STEP	2026-09-12T19:42:15.4455715Z 
validate / unit	UNKNOWN STEP	2026-09-12T19:42:15.4975754Z 
validate / unit	UNKNOWN STEP	2026-09-12T19:42:15.4976376Z > poe-code@0.0.0-dev prepare
validate / unit	UNKNOWN STEP	2026-09-12T19:42:15.4976764Z > husky
validate / unit	UNKNOWN STEP	2026-09-12T19:42:15.4976887Z 
validate / unit	UNKNOWN STEP	2026-09-12T19:42:15.5739069Z 
validate / unit	UNKNOWN STEP	2026-09-12T19:42:15.5740228Z added 787 packages, and audited 1004 packages in 21s
validate / unit	UNKNOWN STEP	2026-09-12T19:42:15.5740570Z 
validate / unit	UNKNOWN STEP	2026-09-12T19:42:15.5740769Z 232 packages are looking for funding
validate / unit	UNKNOWN STEP	2026-09-12T19:42:15.5741188Z   run `npm fund` for details
validate / unit	UNKNOWN STEP	2026-09-12T19:42:15.6784846Z 
validate / unit	UNKNOWN STEP	2026-09-12T19:42:15.6786169Z 8 vulnerabilities (2 moderate, 6 high)
validate / unit	UNKNOWN STEP	2026-09-12T19:42:15.6787260Z 
validate / unit	UNKNOWN STEP	2026-09-12T19:42:15.6791912Z To address all issues, run:
validate / unit	UNKNOWN STEP	2026-09-12T19:42:15.6792624Z   npm audit fix
validate / unit	UNKNOWN STEP	2026-09-12T19:42:15.6793052Z 
validate / unit	UNKNOWN STEP	2026-09-12T19:42:15.6793552Z Run `npm audit` for details.
validate / unit	UNKNOWN STEP	2026-09-12T19:42:15.7859417Z ##[group]Run gh run download "$GITHUB_RUN_ID" --repo "$GITHUB_REPOSITORY" --name "build-$GITHUB_SHA" --dir "$RUNNER_TEMP/poe-build"
validate / unit	UNKNOWN STEP	2026-09-12T19:42:15.7860849Z [36;1mgh run download "$GITHUB_RUN_ID" --repo "$GITHUB_REPOSITORY" --name "build-$GITHUB_SHA" --dir "$RUNNER_TEMP/poe-build"[0m
validate / unit	UNKNOWN STEP	2026-09-12T19:42:15.7898094Z shell: /usr/bin/bash -e {0}
validate / unit	UNKNOWN STEP	2026-09-12T19:42:15.7898364Z env:
validate / unit	UNKNOWN STEP	2026-09-12T19:42:15.7898556Z   TZ: UTC
validate / unit	UNKNOWN STEP	2026-09-12T19:42:15.7898748Z   LANG: C.UTF-8
validate / unit	UNKNOWN STEP	2026-09-12T19:42:15.7898949Z   LC_ALL: C.UTF-8
validate / unit	UNKNOWN STEP	2026-09-12T19:42:15.7899172Z   TURBO_TELEMETRY_DISABLED: 1
validate / unit	UNKNOWN STEP	2026-09-12T19:42:15.7902184Z   GH_TOKEN: ***
validate / unit	UNKNOWN STEP	2026-09-12T19:42:15.7902412Z ##[endgroup]
validate / unit	UNKNOWN STEP	2026-09-12T19:42:19.4748899Z ##[group]Run printf '%s  %s\n' "$BUILD_SHA256" "$RUNNER_TEMP/poe-build/build.tar" | sha256sum --check --status
validate / unit	UNKNOWN STEP	2026-09-12T19:42:19.4750087Z [36;1mprintf '%s  %s\n' "$BUILD_SHA256" "$RUNNER_TEMP/poe-build/build.tar" | sha256sum --check --status[0m
validate / unit	UNKNOWN STEP	2026-09-12T19:42:19.4750779Z [36;1mtar -xf "$RUNNER_TEMP/poe-build/build.tar"[0m
validate / unit	UNKNOWN STEP	2026-09-12T19:42:19.4787104Z shell: /usr/bin/bash -e {0}
validate / unit	UNKNOWN STEP	2026-09-12T19:42:19.4787371Z env:
validate / unit	UNKNOWN STEP	2026-09-12T19:42:19.4787568Z   TZ: UTC
validate / unit	UNKNOWN STEP	2026-09-12T19:42:19.4787762Z   LANG: C.UTF-8
validate / unit	UNKNOWN STEP	2026-09-12T19:42:19.4787967Z   LC_ALL: C.UTF-8
validate / unit	UNKNOWN STEP	2026-09-12T19:42:19.4788182Z   TURBO_TELEMETRY_DISABLED: 1
validate / unit	UNKNOWN STEP	2026-09-12T19:42:19.4788579Z   BUILD_SHA256: cbe488c6f5fbedf0ab984af5df05d1a0d5c7e8d57e60c0f50f8699165ee304bc
validate / unit	UNKNOWN STEP	2026-09-12T19:42:19.4789018Z ##[endgroup]
validate / unit	UNKNOWN STEP	2026-09-12T19:42:19.9841692Z ##[group]Run npm run test:ci:fresh
validate / unit	UNKNOWN STEP	2026-09-12T19:42:19.9842038Z [36;1mnpm run test:ci:fresh[0m
validate / unit	UNKNOWN STEP	2026-09-12T19:42:19.9877868Z shell: /usr/bin/bash -e {0}
validate / unit	UNKNOWN STEP	2026-09-12T19:42:19.9878136Z env:
validate / unit	UNKNOWN STEP	2026-09-12T19:42:19.9878329Z   TZ: UTC
validate / unit	UNKNOWN STEP	2026-09-12T19:42:19.9878517Z   LANG: C.UTF-8
validate / unit	UNKNOWN STEP	2026-09-12T19:42:19.9878725Z   LC_ALL: C.UTF-8
validate / unit	UNKNOWN STEP	2026-09-12T19:42:19.9878945Z   TURBO_TELEMETRY_DISABLED: 1
validate / unit	UNKNOWN STEP	2026-09-12T19:42:19.9879202Z ##[endgroup]
validate / unit	UNKNOWN STEP	2026-09-12T19:42:20.0896253Z 
validate / unit	UNKNOWN STEP	2026-09-12T19:42:20.0898884Z > poe-code@0.0.0-dev test:ci:fresh
validate / unit	UNKNOWN STEP	2026-09-12T19:42:20.0899538Z > node scripts/build-workspaces.mjs --test-unit --ci-group=fresh
validate / unit	UNKNOWN STEP	2026-09-12T19:42:20.0900686Z 
validate / unit	UNKNOWN STEP	2026-09-12T19:42:20.2555325Z 
validate / unit	UNKNOWN STEP	2026-09-12T19:42:20.2556075Z > poe-code@0.0.0-dev test:unit:shared
validate / unit	UNKNOWN STEP	2026-09-12T19:42:20.2561484Z > node scripts/test-vitest-workspaces.mjs --ci-group=fresh . packages/acp-telemetry packages/agent-child-process packages/agent-code-review packages/agent-gaslight packages/agent-harness packages/agent-harness-tools packages/agent-hook-config packages/agent-spawn packages/agent-stash packages/agent-trace-viewer packages/agent-traces packages/braintrust packages/experiment-loop packages/github-review packages/github-workflows packages/maestro packages/maestro-tui packages/mcp-oauth-server packages/opencode-poe-auth packages/process-launcher packages/process-runner packages/ralph packages/safe-bash-playground packages/superintendent packages/toolcraft packages/toolcraft-codemode packages/toolcraft-landing-page packages/toolcraft-openapi
validate / unit	UNKNOWN STEP	2026-09-12T19:42:20.2565100Z 
validate / unit	UNKNOWN STEP	2026-09-12T19:42:21.3263678Z 
validate / unit	UNKNOWN STEP	2026-09-12T19:42:21.3265787Z [1m[30m[46m RUN [49m[39m[22m [36mv4.1.11 [39m[90m/home/runner/work/poe-code/poe-code[39m
validate / unit	UNKNOWN STEP	2026-09-12T19:42:21.3266538Z 
validate / unit	UNKNOWN STEP	2026-09-12T19:42:21.3398085Z Unit workspace poe-code: running 521 files
validate / unit	UNKNOWN STEP	2026-09-12T19:42:21.3399233Z Unit workspace @poe-code/acp-telemetry: running 6 files
validate / unit	UNKNOWN STEP	2026-09-12T19:42:21.3400797Z Unit workspace @poe-code/agent-child-process: running 1 files
validate / unit	UNKNOWN STEP	2026-09-12T19:42:21.3401992Z Unit workspace agent-code-review: running 12 files
validate / unit	UNKNOWN STEP	2026-09-12T19:42:21.3403075Z Unit workspace @poe-code/agent-gaslight: running 4 files
validate / unit	UNKNOWN STEP	2026-09-12T19:42:21.3404157Z Unit workspace @poe-code/agent-harness: running 13 files
validate / unit	UNKNOWN STEP	2026-09-12T19:42:21.3405279Z Unit workspace @poe-code/agent-harness-tools: running 17 files
validate / unit	UNKNOWN STEP	2026-09-12T19:42:21.3406422Z Unit workspace @poe-code/agent-hook-config: running 8 files
validate / unit	UNKNOWN STEP	2026-09-12T19:42:21.3407503Z Unit workspace @poe-code/agent-spawn: running 23 files
validate / unit	UNKNOWN STEP	2026-09-12T19:42:21.3408186Z Unit workspace agent-stash: running 13 files
validate / unit	UNKNOWN STEP	2026-09-12T19:42:21.3408887Z Unit workspace @poe-code/agent-trace-viewer: running 8 files
validate / unit	UNKNOWN STEP	2026-09-12T19:42:21.3409928Z Unit workspace @poe-code/agent-traces: running 9 files
validate / unit	UNKNOWN STEP	2026-09-12T19:42:21.3410621Z Unit workspace @poe-code/braintrust: running 9 files
validate / unit	UNKNOWN STEP	2026-09-12T19:42:21.3411296Z Unit workspace @poe-code/experiment-loop: running 3 files
validate / unit	UNKNOWN STEP	2026-09-12T19:42:21.3411931Z Unit workspace github-review: running 6 files
validate / unit	UNKNOWN STEP	2026-09-12T19:42:21.3412591Z Unit workspace @poe-code/github-workflows: running 10 files
validate / unit	UNKNOWN STEP	2026-09-12T19:42:21.3413247Z Unit workspace @poe-code/maestro: running 27 files
validate / unit	UNKNOWN STEP	2026-09-12T19:42:21.3413887Z Unit workspace @poe-code/maestro-tui: running 3 files
validate / unit	UNKNOWN STEP	2026-09-12T19:42:21.3414516Z Unit workspace mcp-oauth-server: running 2 files
validate / unit	UNKNOWN STEP	2026-09-12T19:42:21.3415118Z Unit workspace opencode-poe-auth: running 1 files
validate / unit	UNKNOWN STEP	2026-09-12T19:42:21.3415723Z Unit workspace @poe-code/process-launcher: running 11 files
validate / unit	UNKNOWN STEP	2026-09-12T19:42:21.3416281Z Unit workspace @poe-code/process-runner: running 9 files
validate / unit	UNKNOWN STEP	2026-09-12T19:42:21.3416781Z Unit workspace @poe-code/ralph: running 2 files
validate / unit	UNKNOWN STEP	2026-09-12T19:42:21.3417289Z Unit workspace safe-bash-playground: running 8 files
validate / unit	UNKNOWN STEP	2026-09-12T19:42:21.3417831Z Unit workspace @poe-code/superintendent: running 34 files
validate / unit	UNKNOWN STEP	2026-09-12T19:42:21.3418325Z Unit workspace toolcraft: running 52 files
validate / unit	UNKNOWN STEP	2026-09-12T19:42:21.3418796Z Unit workspace toolcraft-codemode: running 6 files
validate / unit	UNKNOWN STEP	2026-09-12T19:42:21.3419330Z Unit workspace toolcraft-landing-page: running 3 files
validate / unit	UNKNOWN STEP	2026-09-12T19:42:21.3420661Z Unit workspace toolcraft-openapi: running 21 files
validate / unit	UNKNOWN STEP	2026-09-12T19:46:52.1174481Z 
validate / unit	UNKNOWN STEP	2026-09-12T19:46:52.1250053Z [2m Test Files [22m [1m[32m841 passed[39m[22m[2m | [22m[33m1 skipped[39m[90m (842)[39m
validate / unit	UNKNOWN STEP	2026-09-12T19:46:52.1338420Z [2m      Tests [22m [1m[32m19063 passed[39m[22m[2m | [22m[33m1 skipped[39m[90m (19064)[39m
validate / unit	UNKNOWN STEP	2026-09-12T19:46:52.1339077Z [2m   Start at [22m 19:42:21
validate / unit	UNKNOWN STEP	2026-09-12T19:46:52.1348847Z [2m   Duration [22m 270.76s[2m (transform 26.92s, setup 17.99s, import 195.59s, tests 203.31s, environment 108ms)[22m
validate / unit	UNKNOWN STEP	2026-09-12T19:46:52.1349950Z 
validate / unit	UNKNOWN STEP	2026-09-12T19:46:52.3505141Z 
validate / unit	UNKNOWN STEP	2026-09-12T19:46:52.3505950Z > @poe-code/py-poe-spawn@0.0.1 test:unit
validate / unit	UNKNOWN STEP	2026-09-12T19:46:52.3506755Z > python3 -m unittest discover -s tests -t .
validate / unit	UNKNOWN STEP	2026-09-12T19:46:52.3507172Z 
validate / unit	UNKNOWN STEP	2026-09-12T19:46:52.6772938Z .............................
validate / unit	UNKNOWN STEP	2026-09-12T19:46:52.6773608Z ----------------------------------------------------------------------
validate / unit	UNKNOWN STEP	2026-09-12T19:46:52.6774085Z Ran 29 tests in 0.161s
validate / unit	UNKNOWN STEP	2026-09-12T19:46:52.6774280Z 
validate / unit	UNKNOWN STEP	2026-09-12T19:46:52.6774384Z OK
validate / unit	UNKNOWN STEP	2026-09-12T19:46:52.8323714Z 
validate / unit	UNKNOWN STEP	2026-09-12T19:46:52.8324544Z > @poe-code/safe-js@0.0.1 pretest:unit
validate / unit	UNKNOWN STEP	2026-09-12T19:46:52.8325323Z > node scripts/numberformat-data.mjs && npm run typecheck:fs
validate / unit	UNKNOWN STEP	2026-09-12T19:46:52.8325781Z 
validate / unit	UNKNOWN STEP	2026-09-12T19:46:59.6098847Z {"numberFormatLocales":766,"sourceBytes":5153552,"pluralLocales":224}
validate / unit	UNKNOWN STEP	2026-09-12T19:46:59.8469924Z 
validate / unit	UNKNOWN STEP	2026-09-12T19:46:59.8470872Z > @poe-code/safe-js@0.0.1 typecheck:fs
validate / unit	UNKNOWN STEP	2026-09-12T19:46:59.8471627Z > node scripts/fs-type-contract.mjs
validate / unit	UNKNOWN STEP	2026-09-12T19:46:59.8471986Z 
validate / unit	UNKNOWN STEP	2026-09-12T19:47:02.2405354Z {"resolution":"NodeNext","environment":"Node-only","contracts":25,"ok":true}
validate / unit	UNKNOWN STEP	2026-09-12T19:47:04.2871702Z {"resolution":"NodeNext","environment":"DOM","contracts":25,"ok":true}
validate / unit	UNKNOWN STEP	2026-09-12T19:47:05.6707419Z {"resolution":"Bundler","environment":"Node-only","contracts":25,"ok":true}
validate / unit	UNKNOWN STEP	2026-09-12T19:47:07.6051093Z {"resolution":"Bundler","environment":"DOM","contracts":25,"ok":true}
validate / unit	UNKNOWN STEP	2026-09-12T19:47:07.6849890Z 
validate / unit	UNKNOWN STEP	2026-09-12T19:47:07.6850493Z > @poe-code/safe-js@0.0.1 test:unit
validate / unit	UNKNOWN STEP	2026-09-12T19:47:07.6851012Z > cd ../.. && vitest run packages/safe-js/src packages/safe-js/test
validate / unit	UNKNOWN STEP	2026-09-12T19:47:07.6851300Z 
validate / unit	UNKNOWN STEP	2026-09-12T19:47:07.9965279Z 
validate / unit	UNKNOWN STEP	2026-09-12T19:47:07.9969076Z [1m[30m[46m RUN [49m[39m[22m [36mv4.1.11 [39m[90m/home/runner/work/poe-code/poe-code[39m
validate / unit	UNKNOWN STEP	2026-09-12T19:47:07.9970026Z 
validate / unit	UNKNOWN STEP	2026-09-12T19:47:14.5457710Z  [32m✓[39m packages/safe-js/src/modules/fs.test.ts [2m([22m[2m556 tests[22m[2m)[22m[33m 1624[2mms[22m[39m
validate / unit	UNKNOWN STEP	2026-09-12T19:47:15.1432244Z  [32m✓[39m packages/safe-js/src/parse/parser.test.ts [2m([22m[2m90 tests[22m[2m)[22m[33m 317[2mms[22m[39m
validate / unit	UNKNOWN STEP	2026-09-12T19:47:16.4027205Z  [32m✓[39m packages/safe-js/src/interp/interpreter.test.ts [2m([22m[2m477 tests[22m[2m)[22m[33m 4312[2mms[22m[39m
validate / unit	UNKNOWN STEP	2026-09-12T19:47:16.4028935Z      [33m[2m✓[22m[39m spreads large arrays into push without leaking the host argument limit [33m 991[2mms[22m[39m
validate / unit	UNKNOWN STEP	2026-09-12T19:47:16.4030557Z      [33m[2m✓[22m[39m caps million-element for...of iteration through the step budget [33m 2303[2mms[22m[39m
validate / unit	UNKNOWN STEP	2026-09-12T19:47:17.2082740Z  [32m✓[39m packages/safe-js/src/snapshot/restore.test.ts [2m([22m[2m82 tests[22m[2m)[22m[33m 1172[2mms[22m[39m
validate / unit	UNKNOWN STEP	2026-09-12T19:47:17.2085314Z      [33m[2m✓[22m[39m restores thousands of parent scopes without using the host call stack [33m 917[2mms[22m[39m
validate / unit	UNKNOWN STEP	2026-09-12T19:47:18.8435950Z  [32m✓[39m packages/safe-js/src/modules/fs.adapters.test.ts [2m([22m[2m97 tests[22m[2m)[22m[33m 1333[2mms[22m[39m
validate / unit	UNKNOWN STEP	2026-09-12T19:47:18.8438507Z      [33m[2m✓[22m[39m requires reconciliation for a pending write instead of repeating its effect [33m 494[2mms[22m[39m
validate / unit	UNKNOWN STEP	2026-09-12T19:47:23.5805726Z  [32m✓[39m packages/safe-js/src/run.test.ts [2m([22m[2m66 tests[22m[2m)[22m[33m 5066[2mms[22m[39m
validate / unit	UNKNOWN STEP	2026-09-12T19:47:23.5807328Z      [33m[2m✓[22m[39m rejects unbounded recursion with the default call-depth guard [33m 625[2mms[22m[39m
validate / unit	UNKNOWN STEP	2026-09-12T19:47:23.5810340Z      [33m[2m✓[22m[39m aborts at the next host call inside the entry function and can restore a pre-abort snapshot [33m 333[2mms[22m[39m
validate / unit	UNKNOWN STEP	2026-09-12T19:47:23.9167601Z  [32m✓[39m packages/safe-js/src/modules/agent.test.ts [2m([22m[2m45 tests[22m[2m)[22m[32m 68[2mms[22m[39m
validate / unit	UNKNOWN STEP	2026-09-12T19:47:34.3926251Z  [32m✓[39m packages/safe-js/src/run.replay.stress.test.ts [2m([22m[2m65 tests[22m[2m)[22m[33m 14607[2mms[22m[39m
validate / unit	UNKNOWN STEP	2026-09-12T19:47:34.3928084Z      [33m[2m✓[22m[39m rejects a replay state hook that returns throw without stalling [33m 332[2mms[22m[39m
validate / unit	UNKNOWN STEP	2026-09-12T19:47:34.3933237Z        [33m[2m✓[22m[39m replays 16 sequential async callback invocations [33m 433[2mms[22m[39m
validate / unit	UNKNOWN STEP	2026-09-12T19:47:34.3940711Z        [33m[2m✓[22m[39m replays 16 sequential async callback invocations [33m 383[2mms[22m[39m
validate / unit	UNKNOWN STEP	2026-09-12T19:47:34.3942655Z      [33m[2m✓[22m[39m preserves the sequence across a loop checkpoint followed by a top-level checkpoint [33m 308[2mms[22m[39m
validate / unit	UNKNOWN STEP	2026-09-12T19:47:34.3944778Z      [33m[2m✓[22m[39m replays synchronous host failures without turning them into promises [33m 445[2mms[22m[39m
validate / unit	UNKNOWN STEP	2026-09-12T19:47:34.3957928Z      [33m[2m✓[22m[39m matches native random reaction ordering across 8 rounds [33m 374[2mms[22m[39m
validate / unit	UNKNOWN STEP	2026-09-12T19:47:34.3959846Z      [33m[2m✓[22m[39m matches native random reaction ordering across 32 rounds [33m 1429[2mms[22m[39m
validate / unit	UNKNOWN STEP	2026-09-12T19:47:39.6431154Z  [32m✓[39m packages/safe-js/src/run.snapshot.test.ts [2m([22m[2m31 tests[22m[2m)[22m[33m 4262[2mms[22m[39m
validate / unit	UNKNOWN STEP	2026-09-12T19:47:39.6432970Z      [33m[2m✓[22m[39m preserves 'per-iteration bindings' when restoring an await checkpoint [33m 333[2mms[22m[39m
validate / unit	UNKNOWN STEP	2026-09-12T19:47:44.0835298Z  [32m✓[39m packages/safe-js/src/interp/source-exceptions-validation.test.ts [2m([22m[2m98 tests[22m[2m)[22m[33m 19302[2mms[22m[39m
validate / unit	UNKNOWN STEP	2026-09-12T19:47:44.0845695Z      [33m[2m✓[22m[39m matches complete native output and tick log: '01-waterfall-identity' [33m 406[2mms[22m[39m
validate / unit	UNKNOWN STEP	2026-09-12T19:47:44.0871272Z      [33m[2m✓[22m[39m matches complete native output and tick log: '02-auto-dependency-closures' [33m 1113[2mms[22m[39m
validate / unit	UNKNOWN STEP	2026-09-12T19:47:44.0921270Z      [33m[2m✓[22m[39m matches complete native output and tick log: '03-maplimit-lexical-state' [33m 1009[2mms[22m[39m
validate / unit	UNKNOWN STEP	2026-09-12T19:47:44.0939985Z      [33m[2m✓[22m[39m matches complete native output and tick log: '04-nested-finally-precedence' [33m 652[2mms[22m[39m
validate / unit	UNKNOWN STEP	2026-09-12T19:47:44.0942114Z      [33m[2m✓[22m[39m matches complete native output and tick log: '05-saga-delegation-cleanup' [33m 711[2mms[22m[39m
validate / unit	UNKNOWN STEP	2026-09-12T19:47:44.0944155Z      [33m[2m✓[22m[39m matches complete native output and tick log: '07-forkjoin-last-values' [33m 373[2mms[22m[39m
validate / unit	UNKNOWN STEP	2026-09-12T19:47:44.0946189Z      [33m[2m✓[22m[39m matches complete native output and tick log: '12-finally-domain-records' [33m 584[2mms[22m[39m
validate / unit	UNKNOWN STEP	2026-09-12T19:47:44.0948044Z      [33m[2m✓[22m[39m restores 'domain record' at 'before' using 'next' capture [33m 403[2mms[22m[39m
validate / unit	UNKNOWN STEP	2026-09-12T19:47:44.0950030Z      [33m[2m✓[22m[39m restores 'Error-shaped record' at 'before' using 'next' capture [33m 301[2mms[22m[39m
validate / unit	UNKNOWN STEP	2026-09-12T19:47:44.0951919Z      [33m[2m✓[22m[39m restores 'Error-shaped record' at 'before' using 'current' capture [33m 317[2mms[22m[39m
validate / unit	UNKNOWN STEP	2026-09-12T19:47:44.0953749Z      [33m[2m✓[22m[39m restores 'genuine TypeError' at 'after' using 'current' capture [33m 316[2mms[22m[39m
validate / unit	UNKNOWN STEP	2026-09-12T19:47:44.0955443Z      [33m[2m✓[22m[39m restores 'number' at 'before' using 'current' capture [33m 318[2mms[22m[39m
validate / unit	UNKNOWN STEP	2026-09-12T19:47:44.0957182Z      [33m[2m✓[22m[39m restores 'false' at 'before' using 'current' capture [33m 427[2mms[22m[39m
validate / unit	UNKNOWN STEP	2026-09-12T19:47:48.4098485Z  [32m✓[39m packages/safe-js/src/interp/host-bridge.test.ts [2m([22m[2m45 tests[22m[2m)[22m[33m 3236[2mms[22m[39m
validate / unit	UNKNOWN STEP	2026-09-12T19:47:48.4113465Z      [33m[2m✓[22m[39m preserves synchronous function Error() { [native code] } metadata through repeated replay [33m 721[2mms[22m[39m
validate / unit	UNKNOWN STEP	2026-09-12T19:47:48.4131655Z      [33m[2m✓[22m[39m preserves synchronous function TypeError() { [native code] } metadata through repeated replay [33m 425[2mms[22m[39m
validate / unit	UNKNOWN STEP	2026-09-12T19:47:48.4134381Z      [33m[2m✓[22m[39m preserves synchronous function RangeError() { [native code] } metadata through repeated replay [33m 467[2mms[22m[39m
validate / unit	UNKNOWN STEP	2026-09-12T19:47:49.4720253Z  [32m✓[39m packages/safe-js/src/interp/promise.test.ts [2m([22m[2m59 tests[22m[2m)[22m[32m 95[2mms[22m[39m
validate / unit	UNKNOWN STEP	2026-09-12T19:47:54.5193692Z  [32m✓[39m packages/safe-js/src/cli.test.ts [2m([22m[2m46 tests[22m[2m)[22m[33m 4032[2mms[22m[39m
validate / unit	UNKNOWN STEP	2026-09-12T19:47:54.5231382Z      [33m[2m✓[22m[39m removes Git from the default CLI registry [33m 704[2mms[22m[39m
validate / unit	UNKNOWN STEP	2026-09-12T19:47:54.5233168Z      [33m[2m✓[22m[39m inspects and migrates checkpoints without executing the target [33m 635[2mms[22m[39m
validate / unit	UNKNOWN STEP	2026-09-12T19:47:54.5235193Z      [33m[2m✓[22m[39m replaces stale snapshots after a failed run: effect(); throw new Error("failed"); [33m 341[2mms[22m[39m
validate / unit	UNKNOWN STEP	2026-09-12T19:47:54.5236549Z      [33m[2m✓[22m[39m replaces stale snapshots after a failed run: export default function () { effect(); throw new Error("failed"); } [33m 335[2mms[22m[39m
validate / unit	UNKNOWN STEP	2026-09-12T19:47:54.5238479Z      [33m[2m✓[22m[39m replaces stale snapshots after a failed run: export default async function () { await effect(); throw new Error("failed"); } [33m 336[2mms[22m[39m
validate / unit	UNKNOWN STEP	2026-09-12T19:47:58.4477819Z  [32m✓[39m packages/safe-js/src/interp/cancel.test.ts [2m([22m[2m42 tests[22m[2m)[22m[33m 2956[2mms[22m[39m
validate / unit	UNKNOWN STEP	2026-09-12T19:47:58.4479540Z      [33m[2m✓[22m[39m preserves live custom all capability results with cancellation armed [33m 463[2mms[22m[39m
validate / unit	UNKNOWN STEP	2026-09-12T19:47:58.4491152Z      [33m[2m✓[22m[39m preserves live custom allSettled capability results with cancellation armed [33m 341[2mms[22m[39m
validate / unit	UNKNOWN STEP	2026-09-12T19:47:58.4492383Z      [33m[2m✓[22m[39m preserves live custom any capability results with cancellation armed [33m 309[2mms[22m[39m
validate / unit	UNKNOWN STEP	2026-09-12T19:48:01.0298923Z  [32m✓[39m packages/safe-js/src/runner/run-harness.test.ts [2m([22m[2m31 tests[22m[2m)[22m[33m 1454[2mms[22m[39m
validate / unit	UNKNOWN STEP	2026-09-12T19:48:02.1728411Z  [32m✓[39m packages/safe-js/src/interp/methods/array.test.ts [2m([22m[2m22 tests[22m[2m)[22m[32m 216[2mms[22m[39m
validate / unit	UNKNOWN STEP	2026-09-12T19:48:12.2022930Z  [32m✓[39m packages/safe-js/src/external-checkpoint-validation.test.ts [2m([22m[2m14 tests[22m[2m)[22m[33m 8770[2mms[22m[39m
validate / unit	UNKNOWN STEP	2026-09-12T19:48:12.2024041Z      [33m[2m✓[22m[39m captures externally and by signal while 'reduction' remains pending [33m 844[2mms[22m[39m
validate / unit	UNKNOWN STEP	2026-09-12T19:48:12.2024984Z      [33m[2m✓[22m[39m captures externally and by signal while 'callback' remains pending [33m 1566[2mms[22m[39m
validate / unit	UNKNOWN STEP	2026-09-12T19:48:12.2025912Z      [33m[2m✓[22m[39m captures externally and by signal while 'retry-reissue' remains pending [33m 1223[2mms[22m[39m
validate / unit	UNKNOWN STEP	2026-09-12T19:48:12.2026868Z      [33m[2m✓[22m[39m captures externally and by signal while 'retry-external' remains pending [33m 1089[2mms[22m[39m
validate / unit	UNKNOWN STEP	2026-09-12T19:48:12.2027731Z      [33m[2m✓[22m[39m captures externally and by signal while 'co' remains pending [33m 2769[2mms[22m[39m
validate / unit	UNKNOWN STEP	2026-09-12T19:48:17.4438259Z  [32m✓[39m packages/safe-js/test/integration/input-error-projection.test.ts [2m([22m[2m19 tests[22m[2m)[22m[33m 37575[2mms[22m[39m
validate / unit	UNKNOWN STEP	2026-09-12T19:48:17.4439403Z      [33m[2m✓[22m[39m flushes the complete serialized observation beyond the pipe buffer [33m 1889[2mms[22m[39m
validate / unit	UNKNOWN STEP	2026-09-12T19:48:17.4440758Z      [33m[2m✓[22m[39m classifies complete proof 1 against the same capture and request [33m 2001[2mms[22m[39m
validate / unit	UNKNOWN STEP	2026-09-12T19:48:17.4441727Z      [33m[2m✓[22m[39m classifies complete proof 1 against the same capture and request: completed replay [33m 2067[2mms[22m[39m
validate / unit	UNKNOWN STEP	2026-09-12T19:48:17.4443072Z      [33m[2m✓[22m[39m classifies complete proof 2 against the same capture and request [33m 2046[2mms[22m[39m
validate / unit	UNKNOWN STEP	2026-09-12T19:48:17.4444029Z      [33m[2m✓[22m[39m classifies complete proof 2 against the same capture and request: completed replay [33m 2057[2mms[22m[39m
validate / unit	UNKNOWN STEP	2026-09-12T19:48:17.4444936Z      [33m[2m✓[22m[39m classifies minimal proof 1 against the same capture and request [33m 2155[2mms[22m[39m
validate / unit	UNKNOWN STEP	2026-09-12T19:48:17.4445851Z      [33m[2m✓[22m[39m classifies minimal proof 1 against the same capture and request: completed replay [33m 2025[2mms[22m[39m
validate / unit	UNKNOWN STEP	2026-09-12T19:48:17.4446736Z      [33m[2m✓[22m[39m classifies minimal proof 2 against the same capture and request [33m 2048[2mms[22m[39m
validate / unit	UNKNOWN STEP	2026-09-12T19:48:17.4447815Z      [33m[2m✓[22m[39m classifies minimal proof 2 against the same capture and request: completed replay [33m 2054[2mms[22m[39m
validate / unit	UNKNOWN STEP	2026-09-12T19:48:17.4448744Z      [33m[2m✓[22m[39m classifies native-fields proof 1 against the same capture and request [33m 2044[2mms[22m[39m
validate / unit	UNKNOWN STEP	2026-09-12T19:48:17.4450198Z      [33m[2m✓[22m[39m classifies native-fields proof 1 against the same capture and request: completed replay [33m 2071[2mms[22m[39m
validate / unit	UNKNOWN STEP	2026-09-12T19:48:17.4451562Z      [33m[2m✓[22m[39m classifies native-fields proof 2 against the same capture and request [33m 2070[2mms[22m[39m
validate / unit	UNKNOWN STEP	2026-09-12T19:48:17.4453111Z      [33m[2m✓[22m[39m classifies native-fields proof 2 against the same capture and request: completed replay [33m 1900[2mms[22m[39m
validate / unit	UNKNOWN STEP	2026-09-12T19:48:17.4454123Z      [33m[2m✓[22m[39m preserves raw-left proof provenance with the complete right receipt [33m 2082[2mms[22m[39m
validate / unit	UNKNOWN STEP	2026-09-12T19:48:17.4455096Z      [33m[2m✓[22m[39m preserves raw-left proof provenance with the complete right receipt: completed replay [33m 1930[2mms[22m[39m
validate / unit	UNKNOWN STEP	2026-09-12T19:48:17.4456114Z      [33m[2m✓[22m[39m preserves genuine-null-left proof provenance with the complete right receipt [33m 2120[2mms[22m[39m
validate / unit	UNKNOWN STEP	2026-09-12T19:48:17.4457173Z      [33m[2m✓[22m[39m preserves genuine-null-left proof provenance with the complete right receipt: completed replay [33m 1977[2mms[22m[39m
validate / unit	UNKNOWN STEP	2026-09-12T19:48:17.4458184Z      [33m[2m✓[22m[39m records raw public-input qualification without substituting it for O12 [33m 1275[2mms[22m[39m
validate / unit	UNKNOWN STEP	2026-09-12T19:48:19.6251526Z  [32m✓[39m packages/safe-js/src/interp/source-exceptions.test.ts [2m([22m[2m13 tests[22m[2m)[22m[33m 6401[2mms[22m[39m
validate / unit	UNKNOWN STEP	2026-09-12T19:48:19.6253417Z      [33m[2m✓[22m[39m preserves the complete 01-waterfall-identity workflow [33m 469[2mms[22m[39m
validate / unit	UNKNOWN STEP	2026-09-12T19:48:19.6254982Z      [33m[2m✓[22m[39m preserves the complete 02-auto-dependency-closures workflow [33m 1211[2mms[22m[39m
validate / unit	UNKNOWN STEP	2026-09-12T19:48:19.6258098Z      [33m[2m✓[22m[39m preserves the complete 03-maplimit-lexical-state workflow [33m 1129[2mms[22m[39m
validate / unit	UNKNOWN STEP	2026-09-12T19:48:19.6259981Z      [33m[2m✓[22m[39m preserves the complete 04-nested-finally-precedence workflow [33m 719[2mms[22m[39m
validate / unit	UNKNOWN STEP	2026-09-12T19:48:19.6261858Z      [33m[2m✓[22m[39m preserves the complete 05-saga-delegation-cleanup workflow [33m 840[2mms[22m[39m
validate / unit	UNKNOWN STEP	2026-09-12T19:48:19.6263375Z      [33m[2m✓[22m[39m preserves the complete 06-scan-reduce-state workflow [33m 318[2mms[22m[39m
validate / unit	UNKNOWN STEP	2026-09-12T19:48:19.6264882Z      [33m[2m✓[22m[39m preserves the complete 07-forkjoin-last-values workflow [33m 383[2mms[22m[39m
validate / unit	UNKNOWN STEP	2026-09-12T19:48:19.6266405Z      [33m[2m✓[22m[39m preserves the complete 12-finally-domain-records workflow [33m 651[2mms[22m[39m
validate / unit	UNKNOWN STEP	2026-09-12T19:48:20.7683781Z  [32m✓[39m packages/safe-js/src/interp/globals/object-aliases-validation.test.ts [2m([22m[2m19 tests[22m[2m)[22m[33m 2493[2mms[22m[39m
validate / unit	UNKNOWN STEP	2026-09-12T19:48:20.7686122Z      [33m[2m✓[22m[39m replays original 'pick-transform' against its full immutable anchor [33m 604[2mms[22m[39m
validate / unit	UNKNOWN STEP	2026-09-12T19:48:20.7688075Z      [33m[2m✓[22m[39m replays original 'pick-transform-mutate' against its full immutable anchor [33m 379[2mms[22m[39m
validate / unit	UNKNOWN STEP	2026-09-12T19:48:20.7690644Z      [33m[2m✓[22m[39m replays original 'FE01' against its full immutable anchor [33m 418[2mms[22m[39m
validate / unit	UNKNOWN STEP	2026-09-12T19:48:22.1829463Z  [32m✓[39m packages/safe-js/src/realm.test.ts [2m([22m[2m31 tests[22m[2m)[22m[33m 1636[2mms[22m[39m
validate / unit	UNKNOWN STEP	2026-09-12T19:48:22.1907782Z  [32m✓[39m packages/safe-js/src/index.test.ts [2m([22m[2m17 tests[22m[2m)[22m[33m 306[2mms[22m[39m
validate / unit	UNKNOWN STEP	2026-09-12T19:48:24.7040226Z  [32m✓[39m packages/safe-js/src/interp/regex/compile-policy.test.ts [2m([22m[2m36 tests[22m[2m)[22m[33m 1555[2mms[22m[39m
validate / unit	UNKNOWN STEP	2026-09-12T19:48:24.7042154Z      [33m[2m✓[22m[39m CONTROL genuine EA pending and completed regex checkpoints retain hash and graphs [33m 452[2mms[22m[39m
validate / unit	UNKNOWN STEP	2026-09-12T19:48:28.0840834Z  [32m✓[39m packages/safe-js/src/interp/float32array.test.ts [2m([22m[2m27 tests[22m[2m)[22m[33m 2434[2mms[22m[39m
validate / unit	UNKNOWN STEP	2026-09-12T19:48:28.0841951Z      [33m[2m✓[22m[39m replays a pending checkpoint with typed host outcomes and shared views [33m 411[2mms[22m[39m
validate / unit	UNKNOWN STEP	2026-09-12T19:48:28.0842977Z      [33m[2m✓[22m[39m exports typed arguments and genuine callable metadata without invoking digest hooks [33m 311[2mms[22m[39m
validate / unit	UNKNOWN STEP	2026-09-12T19:48:28.0844012Z      [33m[2m✓[22m[39m retains typed host outcomes and callback graph identity through completed replay [33m 530[2mms[22m[39m
validate / unit	UNKNOWN STEP	2026-09-12T19:48:28.3646468Z  [32m✓[39m packages/safe-js/src/parse/tokenizer.test.ts [2m([22m[2m25 tests[22m[2m)[22m[32m 35[2mms[22m[39m
validate / unit	UNKNOWN STEP	2026-09-12T19:48:29.4849141Z  [32m✓[39m packages/safe-js/src/interp/generator-intrinsic-prototypes.test.ts [2m([22m[2m60 tests[22m[2m)[22m[33m 6327[2mms[22m[39m
validate / unit	UNKNOWN STEP	2026-09-12T19:48:29.4852155Z    [33m[2m✓[22m[39m preserves generator intrinsic graphs across a pending effect: function* f(){yield 1;yield 2}const value=f();const next=value.next;const first=next.call(value);await pause();return [first,next===value.next,Object.getPrototypeOf(value)===f.prototype,next.call(value)] [33m 322[2mms[22m[39m
validate / unit	UNKNOWN STEP	2026-09-12T19:48:29.4853908Z    [33m[2m✓[22m[39m restores generator prototype and borrowed method identity without reexecution (async=true) [33m 329[2mms[22m[39m
validate / unit	UNKNOWN STEP	2026-09-12T19:48:30.5947196Z  [32m✓[39m packages/safe-js/src/interp/conformance.test.ts [2m([22m[2m72 tests[22m[2m)[22m[33m 1328[2mms[22m[39m
validate / unit	UNKNOWN STEP	2026-09-12T19:48:50.4699207Z  [32m✓[39m packages/safe-js/src/run.cbi-001-validation.test.ts [2m([22m[2m29 tests[22m[2m)[22m[33m 20022[2mms[22m[39m
validate / unit	UNKNOWN STEP	2026-09-12T19:48:50.4701434Z      [33m[2m✓[22m[39m retains original registration after first [33m 1336[2mms[22m[39m
validate / unit	UNKNOWN STEP	2026-09-12T19:48:50.4703001Z      [33m[2m✓[22m[39m retains original registration after second [33m 818[2mms[22m[39m
validate / unit	UNKNOWN STEP	2026-09-12T19:48:50.4704557Z      [33m[2m✓[22m[39m retains original registration after completed [33m 571[2mms[22m[39m
validate / unit	UNKNOWN STEP	2026-09-12T19:48:50.4706021Z      [33m[2m✓[22m[39m recaptures first to second to completed without consuming new deliveries as history [33m 953[2mms[22m[39m
validate / unit	UNKNOWN STEP	2026-09-12T19:48:50.4715941Z      [33m[2m✓[22m[39m retains original registration after first [33m 655[2mms[22m[39m
validate / unit	UNKNOWN STEP	2026-09-12T19:48:50.4717900Z      [33m[2m✓[22m[39m retains original registration after second [33m 760[2mms[22m[39m
validate / unit	UNKNOWN STEP	2026-09-12T19:48:50.4719941Z      [33m[2m✓[22m[39m retains original registration after completed [33m 545[2mms[22m[39m
validate / unit	UNKNOWN STEP	2026-09-12T19:48:50.4722126Z      [33m[2m✓[22m[39m recaptures first to second to completed without consuming new deliveries as history [33m 895[2mms[22m[39m
validate / unit	UNKNOWN STEP	2026-09-12T19:48:50.4724117Z      [33m[2m✓[22m[39m retains original registration after first [33m 2258[2mms[22m[39m
validate / unit	UNKNOWN STEP	2026-09-12T19:48:50.4725832Z      [33m[2m✓[22m[39m retains original registration after second [33m 1956[2mms[22m[39m
validate / unit	UNKNOWN STEP	2026-09-12T19:48:50.4727575Z      [33m[2m✓[22m[39m retains original registration after completed [33m 1784[2mms[22m[39m
validate / unit	UNKNOWN STEP	2026-09-12T19:48:50.4729909Z      [33m[2m✓[22m[39m recaptures first to second to completed without consuming new deliveries as history [33m 2614[2mms[22m[39m
validate / unit	UNKNOWN STEP	2026-09-12T19:48:50.4734134Z      [33m[2m✓[22m[39m retains original registration after first [33m 523[2mms[22m[39m
validate / unit	UNKNOWN STEP	2026-09-12T19:48:50.4735700Z      [33m[2m✓[22m[39m retains original registration after second [33m 566[2mms[22m[39m
validate / unit	UNKNOWN STEP	2026-09-12T19:48:50.4738621Z      [33m[2m✓[22m[39m retains original registration after completed [33m 445[2mms[22m[39m
validate / unit	UNKNOWN STEP	2026-09-12T19:48:50.4740519Z      [33m[2m✓[22m[39m recaptures first to second to completed without consuming new deliveries as history [33m 779[2mms[22m[39m
validate / unit	UNKNOWN STEP	2026-09-12T19:48:50.4742372Z      [33m[2m✓[22m[39m executes 'four identical old-registration events' with lexical count four [33m 395[2mms[22m[39m
validate / unit	UNKNOWN STEP	2026-09-12T19:48:50.4744471Z      [33m[2m✓[22m[39m executes 'different payloads on old registration' with lexical count four [33m 411[2mms[22m[39m
validate / unit	UNKNOWN STEP	2026-09-12T19:48:50.4746451Z      [33m[2m✓[22m[39m executes 'identical events on new registration' with lexical count four [33m 401[2mms[22m[39m
validate / unit	UNKNOWN STEP	2026-09-12T19:48:58.4251825Z  [32m✓[39m packages/safe-js/src/interp/accessor-properties.test.ts [2m([22m[2m132 tests[22m[2m)[22m[33m 7048[2mms[22m[39m
validate / unit	UNKNOWN STEP	2026-09-12T19:49:01.0334472Z  [32m✓[39m packages/safe-js/src/realm-callback-phases.test.ts [2m([22m[2m27 tests[22m[2m)[22m[33m 1720[2mms[22m[39m
validate / unit	UNKNOWN STEP	2026-09-12T19:49:01.0336756Z      [33m[2m✓[22m[39m keeps overlapping callbacks queued until the preceding prefix finishes [33m 347[2mms[22m[39m
validate / unit	UNKNOWN STEP	2026-09-12T19:49:01.8849589Z  [32m✓[39m packages/safe-js/src/modules/namespace-identity-mc-002-validation.test.ts [2m([22m[2m18 tests[22m[2m)[22m[33m 30175[2mms[22m[39m
validate / unit	UNKNOWN STEP	2026-09-12T19:49:01.8852290Z      [33m[2m✓[22m[39m matches all native-anchored fields with object/object registries [33m 3214[2mms[22m[39m
validate / unit	UNKNOWN STEP	2026-09-12T19:49:01.8854404Z      [33m[2m✓[22m[39m matches all native-anchored fields with object/map registries [33m 2975[2mms[22m[39m
validate / unit	UNKNOWN STEP	2026-09-12T19:49:01.8856484Z      [33m[2m✓[22m[39m matches all native-anchored fields with map/object registries [33m 2771[2mms[22m[39m
validate / unit	UNKNOWN STEP	2026-09-12T19:49:01.8858492Z      [33m[2m✓[22m[39m matches all native-anchored fields with map/map registries [33m 2767[2mms[22m[39m
validate / unit	UNKNOWN STEP	2026-09-12T19:49:01.8860588Z      [33m[2m✓[22m[39m matches the complete original graph through the public memfs harness [33m 2829[2mms[22m[39m
validate / unit	UNKNOWN STEP	2026-09-12T19:49:01.8862279Z      [33m[2m✓[22m[39m keeps aliases through three completed object-registry replays [33m 3918[2mms[22m[39m
validate / unit	UNKNOWN STEP	2026-09-12T19:49:01.8863747Z      [33m[2m✓[22m[39m keeps aliases through three completed map-registry replays [33m 3891[2mms[22m[39m
validate / unit	UNKNOWN STEP	2026-09-12T19:49:01.8865219Z      [33m[2m✓[22m[39m restores identity after a 25-step checkpoint with +0 calls [33m 2230[2mms[22m[39m
validate / unit	UNKNOWN STEP	2026-09-12T19:49:01.8866673Z      [33m[2m✓[22m[39m restores identity after a 900-step checkpoint with 1 calls [33m 2479[2mms[22m[39m
validate / unit	UNKNOWN STEP	2026-09-12T19:49:01.8868246Z      [33m[2m✓[22m[39m restores identity after a 1800-step checkpoint with 2 calls [33m 2723[2mms[22m[39m
validate / unit	UNKNOWN STEP	2026-09-12T19:49:02.8721087Z  [32m✓[39m packages/safe-js/src/modules/mcp.test.ts [2m([22m[2m16 tests[22m[2m)[22m[32m 24[2mms[22m[39m
validate / unit	UNKNOWN STEP	2026-09-12T19:49:03.6654962Z  [32m✓[39m packages/safe-js/src/modules/mcp-managed.test.ts [2m([22m[2m20 tests[22m[2m)[22m[33m 1692[2mms[22m[39m
validate / unit	UNKNOWN STEP	2026-09-12T19:49:03.6656851Z      [33m[2m✓[22m[39m retains JSON-RPC error codes and data through checked calls and replay [33m 414[2mms[22m[39m
validate / unit	UNKNOWN STEP	2026-09-12T19:49:03.6657889Z      [33m[2m✓[22m[39m isolates concurrent runs sharing a module [33m 345[2mms[22m[39m
validate / unit	UNKNOWN STEP	2026-09-12T19:49:04.7775850Z  [32m✓[39m packages/safe-js/src/snapshot/serialize.test.ts [2m([22m[2m15 tests[22m[2m)[22m[32m 216[2mms[22m[39m
validate / unit	UNKNOWN STEP	2026-09-12T19:49:11.6117145Z  [32m✓[39m packages/safe-js/src/host-error-identity.test.ts [2m([22m[2m70 tests[22m[2m)[22m[33m 7623[2mms[22m[39m
validate / unit	UNKNOWN STEP	2026-09-12T19:49:11.6119846Z      [33m[2m✓[22m[39m preserves ordinary 'Error' catch/finally order and recorded replay [33m 416[2mms[22m[39m
validate / unit	UNKNOWN STEP	2026-09-12T19:49:17.8146935Z      [33m[2m✓[22m[39m preserves ordinary 'string' catch/finally order and recorded replay [33m 326[2mms[22m[39m
validate / unit	UNKNOWN STEP	2026-09-12T19:49:17.8149025Z  [32m✓[39m packages/safe-js/test/ppr2-integration-adjudication.test.ts [2m([22m[2m19 tests[22m[2m)[22m[33m 11856[2mms[22m[39m
validate / unit	UNKNOWN STEP	2026-09-12T19:49:17.8151130Z      [33m[2m✓[22m[39m 'reduction': native trace, public/signal/completed checkpoints and recapture [33m 1157[2mms[22m[39m
validate / unit	UNKNOWN STEP	2026-09-12T19:49:17.8152421Z      [33m[2m✓[22m[39m 'callback': native trace, public/signal/completed checkpoints and recapture [33m 2062[2mms[22m[39m
validate / unit	UNKNOWN STEP	2026-09-12T19:49:17.8154022Z      [33m[2m✓[22m[39m 'retry-reissue': native trace, public/signal/completed checkpoints and recapture [33m 1871[2mms[22m[39m
validate / unit	UNKNOWN STEP	2026-09-12T19:49:17.8181172Z      [33m[2m✓[22m[39m 'retry-external': native trace, public/signal/completed checkpoints and recapture [33m 1727[2mms[22m[39m
validate / unit	UNKNOWN STEP	2026-09-12T19:49:17.8211137Z      [33m[2m✓[22m[39m 'co': native trace, public/signal/completed checkpoints and recapture [33m 4135[2mms[22m[39m
validate / unit	UNKNOWN STEP	2026-09-12T19:49:18.8436339Z  [32m✓[39m packages/safe-js/src/interp/methods/array-callback-mutation.test.ts [2m([22m[2m130 tests[22m[2m)[22m[33m 6378[2mms[22m[39m
validate / unit	UNKNOWN STEP	2026-09-12T19:49:21.1753718Z  [32m✓[39m packages/safe-js/src/interp/globals/object-from-entries-iterables-validation.test.ts [2m([22m[2m24 tests[22m[2m)[22m[33m 1406[2mms[22m[39m
validate / unit	UNKNOWN STEP	2026-09-12T19:49:21.2761920Z  [32m✓[39m packages/safe-js/src/interp/globals/object-aliases.test.ts [2m([22m[2m21 tests[22m[2m)[22m[33m 2522[2mms[22m[39m
validate / unit	UNKNOWN STEP	2026-09-12T19:49:21.2764350Z      [33m[2m✓[22m[39m matches the immutable native anchor for 'pick-transform' [33m 451[2mms[22m[39m
validate / unit	UNKNOWN STEP	2026-09-12T19:49:21.2766280Z      [33m[2m✓[22m[39m matches the immutable native anchor for 'pick-transform-mutate' [33m 456[2mms[22m[39m
validate / unit	UNKNOWN STEP	2026-09-12T19:49:21.2775684Z      [33m[2m✓[22m[39m matches the immutable native anchor for 'FE01' [33m 384[2mms[22m[39m
validate / unit	UNKNOWN STEP	2026-09-12T19:49:22.5711713Z  [32m✓[39m packages/safe-js/src/interp/globals/object-array.test.ts [2m([22m[2m15 tests[22m[2m)[22m[33m 410[2mms[22m[39m
validate / unit	UNKNOWN STEP	2026-09-12T19:49:24.2805600Z  [32m✓[39m packages/safe-js/src/named-host-mutations.test.ts [2m([22m[2m42 tests[22m[2m)[22m[33m 2144[2mms[22m[39m
validate / unit	UNKNOWN STEP	2026-09-12T19:49:25.2453104Z  [32m✓[39m packages/safe-js/src/interp/budget.test.ts [2m([22m[2m41 tests[22m[2m)[22m[32m 75[2mms[22m[39m
validate / unit	UNKNOWN STEP	2026-09-12T19:49:26.5320766Z  [32m✓[39m packages/safe-js/src/interp/methods/string-locale-compare.test.ts [2m([22m[2m64 tests[22m[2m)[22m[33m 3085[2mms[22m[39m
validate / unit	UNKNOWN STEP	2026-09-12T19:49:26.5323547Z      [33m[2m✓[22m[39m sorts the original comparator natively and preserves completed replay [33m 351[2mms[22m[39m
validate / unit	UNKNOWN STEP	2026-09-12T19:49:31.0230790Z  [32m✓[39m packages/safe-js/src/interp/host-array-metadata.test.ts [2m([22m[2m15 tests[22m[2m)[22m[33m 3363[2mms[22m[39m
validate / unit	UNKNOWN STEP	2026-09-12T19:49:31.0242977Z      [33m[2m✓[22m[39m preserves the full graph through callback result and two completed replays [33m 1095[2mms[22m[39m
validate / unit	UNKNOWN STEP	2026-09-12T19:49:31.0245097Z      [33m[2m✓[22m[39m preserves the full graph through callback argument and two completed replays [33m 536[2mms[22m[39m
validate / unit	UNKNOWN STEP	2026-09-12T19:49:31.0247056Z      [33m[2m✓[22m[39m preserves the full graph through host result and two completed replays [33m 616[2mms[22m[39m
validate / unit	UNKNOWN STEP	2026-09-12T19:49:33.3448782Z  [32m✓[39m packages/safe-js/src/runner/signal-dump.test.ts [2m([22m[2m13 tests[22m[2m)[22m[33m 1419[2mms[22m[39m
validate / unit	UNKNOWN STEP	2026-09-12T19:49:33.3451606Z      [33m[2m✓[22m[39m recovers a signal-requested checkpoint while an injected host call is pending [33m 404[2mms[22m[39m
validate / unit	UNKNOWN STEP	2026-09-12T19:49:36.8555353Z  [32m✓[39m packages/safe-js/src/named-host-policy.test.ts [2m([22m[2m46 tests[22m[2m)[22m[33m 10508[2mms[22m[39m
validate / unit	UNKNOWN STEP	2026-09-12T19:49:36.8563958Z      [33m[2m✓[22m[39m 'unregistered' [33m 587[2mms[22m[39m
validate / unit	UNKNOWN STEP	2026-09-12T19:49:36.8565522Z      [33m[2m✓[22m[39m 'named_reissue' [33m 303[2mms[22m[39m
validate / unit	UNKNOWN STEP	2026-09-12T19:49:36.8566955Z      [33m[2m✓[22m[39m replays recorded outcomes without calling a replacement or provider [33m 511[2mms[22m[39m
validate / unit	UNKNOWN STEP	2026-09-12T19:49:36.8568638Z      [33m[2m✓[22m[39m replays recorded outcomes without calling a replacement or provider [33m 551[2mms[22m[39m
validate / unit	UNKNOWN STEP	2026-09-12T19:49:40.2721245Z  [32m✓[39m packages/safe-js/src/sandbox-integrity.test.ts [2m([22m[2m40 tests[22m[2m)[22m[33m 2371[2mms[22m[39m
validate / unit	UNKNOWN STEP	2026-09-12T19:49:44.3681955Z  [32m✓[39m packages/safe-js/src/interp/host-callback-arity.test.ts [2m([22m[2m30 tests[22m[2m)[22m[33m 3030[2mms[22m[39m
validate / unit	UNKNOWN STEP	2026-09-12T19:49:44.3743312Z      [33m[2m✓[22m[39m preserves cached aliases, native length descriptors, defaults and callback execution [33m 628[2mms[22m[39m
validate / unit	UNKNOWN STEP	2026-09-12T19:49:48.4388767Z  [32m✓[39m packages/safe-js/test/integration/crash-resume.test.ts [2m([22m[2m11 tests[22m[2m)[22m[33m 3202[2mms[22m[39m
validate / unit	UNKNOWN STEP	2026-09-12T19:49:48.4391146Z      [33m[2m✓[22m[39m resumes from an await boundary without duplicating or skipping work [33m 445[2mms[22m[39m
validate / unit	UNKNOWN STEP	2026-09-12T19:49:48.4392710Z      [33m[2m✓[22m[39m resumes from a loop iteration without duplicating or skipping work [33m 411[2mms[22m[39m
validate / unit	UNKNOWN STEP	2026-09-12T19:49:48.4394290Z      [33m[2m✓[22m[39m resumes from a generator yield without duplicating or skipping work [33m 388[2mms[22m[39m
validate / unit	UNKNOWN STEP	2026-09-12T19:49:48.4395985Z      [33m[2m✓[22m[39m resumes a loop after an await in the middle of an iteration [33m 396[2mms[22m[39m
validate / unit	UNKNOWN STEP	2026-09-12T19:49:48.4397520Z      [33m[2m✓[22m[39m resumes a generator pulled inside an awaiting loop [33m 481[2mms[22m[39m
validate / unit	UNKNOWN STEP	2026-09-12T19:49:48.4398511Z      [33m[2m✓[22m[39m resumes nested loops with an inner generator [33m 503[2mms[22m[39m
validate / unit	UNKNOWN STEP	2026-09-12T19:49:48.4399896Z      [33m[2m✓[22m[39m replays a recorded iteration error instead of retrying the failed operation [33m 333[2mms[22m[39m
validate / unit	UNKNOWN STEP	2026-09-12T19:49:49.9067016Z  [32m✓[39m packages/safe-js/src/interp/globals/math-f16round.independent.test.ts [2m([22m[2m9 tests[22m[2m | [22m[33m1 skipped[39m[2m)[22m[33m 613[2mms[22m[39m
validate / unit	UNKNOWN STEP	2026-09-12T19:49:49.9068308Z      [33m[2m✓[22m[39m replays untouched EA checkpoints with explicitly enumerated intrinsic additions [33m 483[2mms[22m[39m
validate / unit	UNKNOWN STEP	2026-09-12T19:49:51.9084760Z  [32m✓[39m packages/safe-js/src/realm-console-override.test.ts [2m([22m[2m33 tests[22m[2m)[22m[33m 1152[2mms[22m[39m
validate / unit	UNKNOWN STEP	2026-09-12T19:49:55.9325583Z  [32m✓[39m packages/safe-js/src/interp/async-generator.test.ts [2m([22m[2m77 tests[22m[2m)[22m[33m 3149[2mms[22m[39m
validate / unit	UNKNOWN STEP	2026-09-12T19:49:55.9327177Z      [33m[2m✓[22m[39m restores an async generator in start state [33m 336[2mms[22m[39m
validate / unit	UNKNOWN STEP	2026-09-12T19:49:55.9328395Z      [33m[2m✓[22m[39m restores an async generator in done state [33m 303[2mms[22m[39m
validate / unit	UNKNOWN STEP	2026-09-12T19:49:56.0069101Z  [32m✓[39m packages/safe-js/src/interp/globals/collections-iteration-validation.test.ts [2m([22m[2m112 tests[22m[2m)[22m[33m 21808[2mms[22m[39m
validate / unit	UNKNOWN STEP	2026-09-12T19:49:56.0071954Z      [33m[2m✓[22m[39m resumes 'Map' after deleting the current entry [33m 511[2mms[22m[39m
validate / unit	UNKNOWN STEP	2026-09-12T19:49:56.0073828Z      [33m[2m✓[22m[39m resumes '07-map-worklist-reachability.ajs' at worklist visit 1 [33m 485[2mms[22m[39m
validate / unit	UNKNOWN STEP	2026-09-12T19:49:56.0075851Z      [33m[2m✓[22m[39m resumes '07-map-worklist-reachability.ajs' at worklist visit 2 [33m 403[2mms[22m[39m
validate / unit	UNKNOWN STEP	2026-09-12T19:49:56.0077960Z      [33m[2m✓[22m[39m resumes '07-map-worklist-reachability.ajs' at worklist visit 3 [33m 412[2mms[22m[39m
validate / unit	UNKNOWN STEP	2026-09-12T19:49:56.0080179Z      [33m[2m✓[22m[39m resumes '07-map-worklist-reachability.ajs' at worklist visit 4 [33m 422[2mms[22m[39m
validate / unit	UNKNOWN STEP	2026-09-12T19:49:56.0082205Z      [33m[2m✓[22m[39m resumes '07-map-worklist-reachability.ajs' at worklist visit 5 [33m 422[2mms[22m[39m
validate / unit	UNKNOWN STEP	2026-09-12T19:49:56.0084197Z      [33m[2m✓[22m[39m resumes '07-map-worklist-reachability.ajs' at worklist visit 6 [33m 424[2mms[22m[39m
validate / unit	UNKNOWN STEP	2026-09-12T19:49:56.0086759Z      [33m[2m✓[22m[39m resumes '07-map-worklist-reachability.ajs' at worklist visit 7 [33m 423[2mms[22m[39m
validate / unit	UNKNOWN STEP	2026-09-12T19:49:56.0088771Z      [33m[2m✓[22m[39m resumes '08-set-worklist-reachability.ajs' at worklist visit 1 [33m 457[2mms[22m[39m
validate / unit	UNKNOWN STEP	2026-09-12T19:49:56.0091050Z      [33m[2m✓[22m[39m resumes '08-set-worklist-reachability.ajs' at worklist visit 2 [33m 457[2mms[22m[39m
validate / unit	UNKNOWN STEP	2026-09-12T19:49:56.0092925Z      [33m[2m✓[22m[39m resumes '08-set-worklist-reachability.ajs' at worklist visit 3 [33m 448[2mms[22m[39m
validate / unit	UNKNOWN STEP	2026-09-12T19:49:56.0094679Z      [33m[2m✓[22m[39m resumes '08-set-worklist-reachability.ajs' at worklist visit 4 [33m 480[2mms[22m[39m
validate / unit	UNKNOWN STEP	2026-09-12T19:49:56.0097030Z      [33m[2m✓[22m[39m resumes '08-set-worklist-reachability.ajs' at worklist visit 5 [33m 461[2mms[22m[39m
validate / unit	UNKNOWN STEP	2026-09-12T19:49:56.0099007Z      [33m[2m✓[22m[39m resumes '08-set-worklist-reachability.ajs' at worklist visit 6 [33m 432[2mms[22m[39m
validate / unit	UNKNOWN STEP	2026-09-12T19:49:56.0101473Z      [33m[2m✓[22m[39m resumes '08-set-worklist-reachability.ajs' at worklist visit 7 [33m 464[2mms[22m[39m
validate / unit	UNKNOWN STEP	2026-09-12T19:49:56.0103602Z      [33m[2m✓[22m[39m 'Map delete visited', pause 'before' mutation at visit 1 [33m 357[2mms[22m[39m
validate / unit	UNKNOWN STEP	2026-09-12T19:49:56.4192642Z  [32m✓[39m packages/safe-js/src/lint/index.test.ts [2m([22m[2m41 tests[22m[2m)[22m[32m 174[2mms[22m[39m
validate / unit	UNKNOWN STEP	2026-09-12T19:50:01.3565427Z  [32m✓[39m packages/safe-js/src/interp/function-properties.test.ts [2m([22m[2m37 tests[22m[2m)[22m[33m 4375[2mms[22m[39m
validate / unit	UNKNOWN STEP	2026-09-12T19:50:01.3567599Z      [33m[2m✓[22m[39m preserves the complete guest heap through public dump and replay: function Counter() {} Counter.value = 7; return 1; [33m 374[2mms[22m[39m
validate / unit	UNKNOWN STEP	2026-09-12T19:50:01.3569267Z      [33m[2m✓[22m[39m preserves guest state in heap and direct run snapshots while refusing unsupported replay-data encoding: function Counter() {} Counter.value = 7; return Counter; [33m 424[2mms[22m[39m
validate / unit	UNKNOWN STEP	2026-09-12T19:50:01.3571209Z      [33m[2m✓[22m[39m preserves guest state in heap and direct run snapshots while refusing unsupported replay-data encoding: function Counter() {} return new Counter(); [33m 373[2mms[22m[39m
validate / unit	UNKNOWN STEP	2026-09-12T19:50:01.3572943Z      [33m[2m✓[22m[39m preserves guest state in heap and direct run snapshots while refusing unsupported replay-data encoding: function Parent() {} function Child() {} Object.setPrototypeOf(Child, Parent); return Child; [33m 398[2mms[22m[39m
validate / unit	UNKNOWN STEP	2026-09-12T19:50:04.1183313Z  [32m✓[39m packages/safe-js/src/interp/methods/mapset-callback-mutation.test.ts [2m([22m[2m44 tests[22m[2m)[22m[33m 6861[2mms[22m[39m
validate / unit	UNKNOWN STEP	2026-09-12T19:50:04.1184395Z      [33m[2m✓[22m[39m matches native append visitation and completed replay [33m 721[2mms[22m[39m
validate / unit	UNKNOWN STEP	2026-09-12T19:50:04.1185218Z      [33m[2m✓[22m[39m matches native delete visitation and completed replay [33m 445[2mms[22m[39m
validate / unit	UNKNOWN STEP	2026-09-12T19:50:04.1186006Z      [33m[2m✓[22m[39m matches native readd visitation and completed replay [33m 366[2mms[22m[39m
validate / unit	UNKNOWN STEP	2026-09-12T19:50:04.1186777Z      [33m[2m✓[22m[39m matches native clear visitation and completed replay [33m 319[2mms[22m[39m
validate / unit	UNKNOWN STEP	2026-09-12T19:50:04.1187542Z      [33m[2m✓[22m[39m matches native update visitation and completed replay [33m 326[2mms[22m[39m
validate / unit	UNKNOWN STEP	2026-09-12T19:50:04.1188349Z      [33m[2m✓[22m[39m matches native delete-current visitation and completed replay [33m 313[2mms[22m[39m
validate / unit	UNKNOWN STEP	2026-09-12T19:50:04.1189143Z      [33m[2m✓[22m[39m matches native append visitation and completed replay [33m 350[2mms[22m[39m
validate / unit	UNKNOWN STEP	2026-09-12T19:50:04.1190110Z      [33m[2m✓[22m[39m matches native delete visitation and completed replay [33m 366[2mms[22m[39m
validate / unit	UNKNOWN STEP	2026-09-12T19:50:04.1190876Z      [33m[2m✓[22m[39m matches native readd visitation and completed replay [33m 354[2mms[22m[39m
validate / unit	UNKNOWN STEP	2026-09-12T19:50:04.1191650Z      [33m[2m✓[22m[39m matches native clear visitation and completed replay [33m 325[2mms[22m[39m
validate / unit	UNKNOWN STEP	2026-09-12T19:50:04.1192843Z      [33m[2m✓[22m[39m matches native delete-current visitation and completed replay [33m 347[2mms[22m[39m
validate / unit	UNKNOWN STEP	2026-09-12T19:50:06.7350345Z  [32m✓[39m packages/safe-js/src/loader/markdown-offset-hi-002-validation.test.ts [2m([22m[2m38 tests[22m[2m)[22m[33m 4319[2mms[22m[39m
validate / unit	UNKNOWN STEP	2026-09-12T19:50:06.7361844Z      [33m[2m✓[22m[39m restores a legacy-prefix checkpoint with real replay and hash guards: {"newline":"\n","bom":""} [33m 517[2mms[22m[39m
validate / unit	UNKNOWN STEP	2026-09-12T19:50:06.7364109Z      [33m[2m✓[22m[39m restores a legacy-prefix checkpoint with real replay and hash guards: {"newline":"\n","bom":"﻿"} [33m 367[2mms[22m[39m
validate / unit	UNKNOWN STEP	2026-09-12T19:50:06.7366884Z      [33m[2m✓[22m[39m restores a legacy-prefix checkpoint with real replay and hash guards: {"newline":"\r\n","bom":""} [33m 417[2mms[22m[39m
validate / unit	UNKNOWN STEP	2026-09-12T19:50:06.7369149Z      [33m[2m✓[22m[39m restores a legacy-prefix checkpoint with real replay and hash guards: {"newline":"\r\n","bom":"﻿"} [33m 374[2mms[22m[39m
validate / unit	UNKNOWN STEP	2026-09-12T19:50:06.7371581Z      [33m[2m✓[22m[39m restores a legacy-prefix checkpoint with real replay and hash guards: {"newline":"\r","bom":""} [33m 374[2mms[22m[39m
validate / unit	UNKNOWN STEP	2026-09-12T19:50:06.7389109Z      [33m[2m✓[22m[39m restores a legacy-prefix checkpoint with real replay and hash guards: {"newline":"\r","bom":"﻿"} [33m 376[2mms[22m[39m
validate / unit	UNKNOWN STEP	2026-09-12T19:50:12.3724493Z  [32m✓[39m packages/safe-js/src/run.promise-generic.test.ts [2m([22m[2m52 tests[22m[2m)[22m[33m 7362[2mms[22m[39m
validate / unit	UNKNOWN STEP	2026-09-12T19:50:12.3725513Z      [33m[2m✓[22m[39m matches native 'all passes a missing resolver TypeErr…' [33m 320[2mms[22m[39m
validate / unit	UNKNOWN STEP	2026-09-12T19:50:12.7012862Z  [32m✓[39m packages/safe-js/src/interp/methods/lang-01-validation.test.ts [2m([22m[2m41 tests[22m[2m)[22m[33m 5086[2mms[22m[39m
validate / unit	UNKNOWN STEP	2026-09-12T19:50:12.7014017Z      [33m[2m✓[22m[39m composes three levels through aliases: 'alias.map(outer)' [33m 1146[2mms[22m[39m
validate / unit	UNKNOWN STEP	2026-09-12T19:50:12.7014994Z      [33m[2m✓[22m[39m composes three levels through aliases: 'alias.reduce((total, value, index, ar…' [33m 773[2mms[22m[39m
validate / unit	UNKNOWN STEP	2026-09-12T19:50:12.7016771Z      [33m[2m✓[22m[39m composes three levels through aliases: 'alias.toSorted((left, right) => { out…' [33m 702[2mms[22m[39m
validate / unit	UNKNOWN STEP	2026-09-12T19:50:12.7018370Z      [33m[2m✓[22m[39m replays an active aliased checkpoint with caught throw=false [33m 332[2mms[22m[39m
validate / unit	UNKNOWN STEP	2026-09-12T19:50:12.7020036Z      [33m[2m✓[22m[39m replays an active aliased checkpoint with caught throw=true [33m 352[2mms[22m[39m
validate / unit	UNKNOWN STEP	2026-09-12T19:50:13.5965762Z  [32m✓[39m packages/safe-js/src/interp/methods/string.test.ts [2m([22m[2m22 tests[22m[2m)[22m[33m 307[2mms[22m[39m
validate / unit	UNKNOWN STEP	2026-09-12T19:50:17.7620172Z  [32m✓[39m packages/safe-js/src/interp/globals/reflect.test.ts [2m([22m[2m57 tests[22m[2m)[22m[33m 4155[2mms[22m[39m
validate / unit	UNKNOWN STEP	2026-09-12T19:50:18.8774459Z  [32m✓[39m packages/safe-js/src/interp/classes.test.ts [2m([22m[2m93 tests[22m[2m)[22m[33m 4395[2mms[22m[39m
validate / unit	UNKNOWN STEP	2026-09-12T19:50:22.8481473Z  [32m✓[39m packages/safe-js/src/interp/generator-own-properties.test.ts [2m([22m[2m44 tests[22m[2m)[22m[33m 3023[2mms[22m[39m
validate / unit	UNKNOWN STEP	2026-09-12T19:50:22.8492683Z    [33m[2m✓[22m[39m preserves generator property protocols across a pending effect: 'const value=(function*(){yield 1;yiel…' [33m 334[2mms[22m[39m
validate / unit	UNKNOWN STEP	2026-09-12T19:50:25.4723428Z  [32m✓[39m packages/safe-js/src/interp/globals/collections-iteration.test.ts [2m([22m[2m24 tests[22m[2m)[22m[33m 1750[2mms[22m[39m
validate / unit	UNKNOWN STEP	2026-09-12T19:50:25.8061818Z  [32m✓[39m packages/safe-js/test/conformance/command.test.ts [2m([22m[2m41 tests[22m[2m)[22m[32m 52[2mms[22m[39m
validate / unit	UNKNOWN STEP	2026-09-12T19:50:28.6908541Z  [32m✓[39m packages/safe-js/src/named-host-objects.test.ts [2m([22m[2m41 tests[22m[2m)[22m[33m 1816[2mms[22m[39m
validate / unit	UNKNOWN STEP	2026-09-12T19:50:32.6436475Z  [32m✓[39m packages/safe-js/src/interp/data-view.test.ts [2m([22m[2m51 tests[22m[2m)[22m[33m 3113[2mms[22m[39m
validate / unit	UNKNOWN STEP	2026-09-12T19:50:32.6438004Z    [33m[2m✓[22m[39m preserves intrinsic methods, shared buffers and accessors through public snapshots [33m 331[2mms[22m[39m
validate / unit	UNKNOWN STEP	2026-09-12T19:50:32.6439028Z    [33m[2m✓[22m[39m preserves fixed and length-tracking layouts when snapshotted out of bounds [33m 452[2mms[22m[39m
validate / unit	UNKNOWN STEP	2026-09-12T19:50:33.5377973Z  [32m✓[39m packages/safe-js/src/snapshot/scheduler.test.ts [2m([22m[2m14 tests[22m[2m)[22m[32m 32[2mms[22m[39m
validate / unit	UNKNOWN STEP	2026-09-12T19:50:34.8368989Z  [32m✓[39m packages/safe-js/src/interp/methods/array-nested-reads.test.ts [2m([22m[2m202 tests[22m[2m)[22m[33m 16184[2mms[22m[39m
validate / unit	UNKNOWN STEP	2026-09-12T19:50:34.8371417Z      [33m[2m✓[22m[39m restores nested map reads across an active checkpoint [33m 341[2mms[22m[39m
validate / unit	UNKNOWN STEP	2026-09-12T19:50:34.8373814Z      [33m[2m✓[22m[39m restores nested reduce reads across an active checkpoint [33m 352[2mms[22m[39m
validate / unit	UNKNOWN STEP	2026-09-12T19:50:38.7061569Z  [32m✓[39m packages/safe-js/src/run.promise-constructor.test.ts [2m([22m[2m49 tests[22m[2m)[22m[33m 2939[2mms[22m[39m
validate / unit	UNKNOWN STEP	2026-09-12T19:50:38.7064442Z      [33m[2m✓[22m[39m replays completed constructor chains without losing captured resolvers [33m 408[2mms[22m[39m
validate / unit	UNKNOWN STEP	2026-09-12T19:50:41.4482001Z  [32m✓[39m packages/safe-js/src/interp/for-await.test.ts [2m([22m[2m52 tests[22m[2m)[22m[33m 1877[2mms[22m[39m
validate / unit	UNKNOWN STEP	2026-09-12T19:50:41.4492286Z      [33m[2m✓[22m[39m resumes without duplicating loop or close effects: let calls=0;function values(){calls+=1;return [1,2]}const out=[];for await(const value of values()){out.push(value);await wait()}return [out,calls]; [33m 403[2mms[22m[39m
validate / unit	UNKNOWN STEP	2026-09-12T19:50:42.3821849Z  [32m✓[39m packages/safe-js/src/migrate.test.ts [2m([22m[2m31 tests[22m[2m)[22m[33m 8010[2mms[22m[39m
validate / unit	UNKNOWN STEP	2026-09-12T19:50:42.3823588Z      [33m[2m✓[22m[39m rejects archived callbacks without a registered source function [33m 388[2mms[22m[39m
validate / unit	UNKNOWN STEP	2026-09-12T19:50:42.3824929Z      [33m[2m✓[22m[39m requires a resolution for a pending operation: fulfilled [33m 417[2mms[22m[39m
validate / unit	UNKNOWN STEP	2026-09-12T19:50:42.3825791Z      [33m[2m✓[22m[39m requires a resolution for a pending operation: rejected [33m 429[2mms[22m[39m
validate / unit	UNKNOWN STEP	2026-09-12T19:50:42.3826626Z      [33m[2m✓[22m[39m requires a resolution for a pending operation: not-performed [33m 417[2mms[22m[39m
validate / unit	UNKNOWN STEP	2026-09-12T19:50:42.3827643Z      [33m[2m✓[22m[39m starts a new continuation without replaying old effects: return import.meta.migration.total + 1; [33m 318[2mms[22m[39m
validate / unit	UNKNOWN STEP	2026-09-12T19:50:42.3828905Z      [33m[2m✓[22m[39m starts a new continuation without replaying old effects: export default function() { return import.meta.migration.total + 1; } [33m 404[2mms[22m[39m
validate / unit	UNKNOWN STEP	2026-09-12T19:50:42.3830613Z      [33m[2m✓[22m[39m starts a new continuation without replaying old effects: export default async function() { return import.meta.migration.total + 1; } [33m 402[2mms[22m[39m
validate / unit	UNKNOWN STEP	2026-09-12T19:50:42.3831650Z      [33m[2m✓[22m[39m binds receipts to values but not object key order [33m 370[2mms[22m[39m
validate / unit	UNKNOWN STEP	2026-09-12T19:50:42.3832524Z      [33m[2m✓[22m[39m retains ancestry and current effects after budget failure and another migration [33m 456[2mms[22m[39m
validate / unit	UNKNOWN STEP	2026-09-12T19:50:44.1197071Z  [32m✓[39m packages/safe-js/src/interp/global-script-execution.test.ts [2m([22m[2m40 tests[22m[2m)[22m[33m 1843[2mms[22m[39m
validate / unit	UNKNOWN STEP	2026-09-12T19:50:44.4982607Z  [32m✓[39m packages/safe-js/src/guest-references.test.ts [2m([22m[2m17 tests[22m[2m)[22m[33m 1182[2mms[22m[39m
validate / unit	UNKNOWN STEP	2026-09-12T19:50:45.4402004Z  [32m✓[39m packages/safe-js/src/interp/values.test.ts [2m([22m[2m25 tests[22m[2m)[22m[32m 90[2mms[22m[39m
validate / unit	UNKNOWN STEP	2026-09-12T19:50:47.3907098Z  [32m✓[39m packages/safe-js/src/interp/globals/collections.test.ts [2m([22m[2m17 tests[22m[2m)[22m[33m 1080[2mms[22m[39m
validate / unit	UNKNOWN STEP	2026-09-12T19:50:49.4385654Z  [32m✓[39m packages/safe-js/src/interp/globals/array-from.test.ts [2m([22m[2m61 tests[22m[2m)[22m[33m 4365[2mms[22m[39m
validate / unit	UNKNOWN STEP	2026-09-12T19:50:49.4405915Z      [33m[2m✓[22m[39m does not hide a fatal cleanup budget behind a mapper throw [33m 365[2mms[22m[39m
validate / unit	UNKNOWN STEP	2026-09-12T19:50:56.2030647Z  [32m✓[39m packages/safe-js/src/interp/function-arity.test.ts [2m([22m[2m18 tests[22m[2m)[22m[33m 7929[2mms[22m[39m
validate / unit	UNKNOWN STEP	2026-09-12T19:50:56.2033053Z      [33m[2m✓[22m[39m selects the comparator branch in the complete original D3 bisector workload [33m 3479[2mms[22m[39m
validate / unit	UNKNOWN STEP	2026-09-12T19:50:56.2035038Z      [33m[2m✓[22m[39m keeps the complete explicit-mode control equivalent to the original [33m 3212[2mms[22m[39m
validate / unit	UNKNOWN STEP	2026-09-12T19:50:56.9663271Z  [32m✓[39m packages/safe-js/src/interp/methods/ctx-001-validation.test.ts [2m([22m[2m37 tests[22m[2m)[22m[33m 6669[2mms[22m[39m
validate / unit	UNKNOWN STEP	2026-09-12T19:50:56.9665094Z      [33m[2m✓[22m[39m does not box or substitute the strict undefined receiver at any supported site [33m 392[2mms[22m[39m
validate / unit	UNKNOWN STEP	2026-09-12T19:50:56.9666129Z      [33m[2m✓[22m[39m does not box or substitute the strict NaN receiver at any supported site [33m 312[2mms[22m[39m
validate / unit	UNKNOWN STEP	2026-09-12T19:50:56.9667141Z      [33m[2m✓[22m[39m preserves two receiver identities across an active map checkpoint and replay [33m 565[2mms[22m[39m
validate / unit	UNKNOWN STEP	2026-09-12T19:50:56.9668184Z      [33m[2m✓[22m[39m preserves two receiver identities across an active forEach checkpoint and replay [33m 372[2mms[22m[39m
validate / unit	UNKNOWN STEP	2026-09-12T19:50:56.9669187Z      [33m[2m✓[22m[39m preserves two receiver identities across an active Map checkpoint and replay [33m 365[2mms[22m[39m
validate / unit	UNKNOWN STEP	2026-09-12T19:50:56.9670445Z      [33m[2m✓[22m[39m preserves two receiver identities across an active Set checkpoint and replay [33m 402[2mms[22m[39m
validate / unit	UNKNOWN STEP	2026-09-12T19:50:56.9674299Z      [33m[2m✓[22m[39m preserves two receiver identities across an active from checkpoint and replay [33m 371[2mms[22m[39m
validate / unit	UNKNOWN STEP	2026-09-12T19:50:57.2008384Z  [2m[90m↓[39m[22m packages/safe-js/src/parse/fuzz.test.ts [2m([22m[2m1 test[22m[2m | [22m[33m1 skipped[39m[2m)[22m
validate / unit	UNKNOWN STEP	2026-09-12T19:51:07.6039572Z  [32m✓[39m packages/safe-js/src/run.promise-aliases.test.ts [2m([22m[2m19 tests[22m[2m)[22m[33m 10309[2mms[22m[39m
validate / unit	UNKNOWN STEP	2026-09-12T19:51:07.6043697Z      [33m[2m✓[22m[39m preserves identity and one input journal row in 'arguments' (pending: false) [33m 484[2mms[22m[39m
validate / unit	UNKNOWN STEP	2026-09-12T19:51:07.6048711Z      [33m[2m✓[22m[39m matches the full native workflow and restores both inputs (pending: false) [33m 3592[2mms[22m[39m
validate / unit	UNKNOWN STEP	2026-09-12T19:51:07.6050746Z      [33m[2m✓[22m[39m matches the full native workflow and restores both inputs (pending: true) [33m 2955[2mms[22m[39m
validate / unit	UNKNOWN STEP	2026-09-12T19:51:07.6052423Z      [33m[2m✓[22m[39m preserves genuine pre-repair v7 'full' history without relabeling [33m 811[2mms[22m[39m
validate / unit	UNKNOWN STEP	2026-09-12T19:51:10.6460776Z  [32m✓[39m packages/safe-js/test/final-async-proof-conversion.test.ts [2m([22m[2m6 tests[22m[2m)[22m[33m 1977[2mms[22m[39m
validate / unit	UNKNOWN STEP	2026-09-12T19:51:10.6463041Z    [33m[2m✓[22m[39m converts current source functions without invoking them or losing graph identity [33m 1011[2mms[22m[39m
validate / unit	UNKNOWN STEP	2026-09-12T19:51:10.6464849Z    [33m[2m✓[22m[39m rejects foreign active-context and previous-run adapters [33m 402[2mms[22m[39m
validate / unit	UNKNOWN STEP	2026-09-12T19:51:13.2220583Z  [32m✓[39m packages/safe-js/src/loader/multiple-blocks.test.ts [2m([22m[2m35 tests[22m[2m)[22m[33m 1657[2mms[22m[39m
validate / unit	UNKNOWN STEP	2026-09-12T19:51:13.2223445Z      [33m[2m✓[22m[39m matches native execution across 64 mutable and async blocks [33m 571[2mms[22m[39m
validate / unit	UNKNOWN STEP	2026-09-12T19:51:14.8013887Z  [32m✓[39m packages/safe-js/src/interp/methods/string-replacement-validation.test.ts [2m([22m[2m63 tests[22m[2m)[22m[33m 758[2mms[22m[39m
validate / unit	UNKNOWN STEP	2026-09-12T19:51:14.8015917Z      [33m[2m✓[22m[39m matches workflow 06 replacement/control fields, not STR-01 token metadata [33m 514[2mms[22m[39m
validate / unit	UNKNOWN STEP	2026-09-12T19:51:16.1087440Z  [32m✓[39m packages/safe-js/test/integration/snapshot-roundtrip.test.ts [2m([22m[2m2 tests[22m[2m)[22m[33m 444[2mms[22m[39m
validate / unit	UNKNOWN STEP	2026-09-12T19:51:16.1089884Z      [33m[2m✓[22m[39m restores a 3-task pipeline mid-loop without replaying completed side effects [33m 301[2mms[22m[39m
validate / unit	UNKNOWN STEP	2026-09-12T19:51:16.2114083Z  [32m✓[39m packages/safe-js/src/run.retained-callback.test.ts [2m([22m[2m21 tests[22m[2m)[22m[33m 18121[2mms[22m[39m
validate / unit	UNKNOWN STEP	2026-09-12T19:51:16.2115881Z      [33m[2m✓[22m[39m delivers repeated events uninterrupted [33m 439[2mms[22m[39m
validate / unit	UNKNOWN STEP	2026-09-12T19:51:16.2117199Z      [33m[2m✓[22m[39m restores at first without losing a new delivery [33m 1068[2mms[22m[39m
validate / unit	UNKNOWN STEP	2026-09-12T19:51:16.2118508Z      [33m[2m✓[22m[39m restores at second without losing a new delivery [33m 803[2mms[22m[39m
validate / unit	UNKNOWN STEP	2026-09-12T19:51:16.2120510Z      [33m[2m✓[22m[39m preserves new callback history through successive and completed checkpoints [33m 933[2mms[22m[39m
validate / unit	UNKNOWN STEP	2026-09-12T19:51:16.2122333Z      [33m[2m✓[22m[39m restores at first without losing a new delivery [33m 679[2mms[22m[39m
validate / unit	UNKNOWN STEP	2026-09-12T19:51:16.2123599Z      [33m[2m✓[22m[39m restores at second without losing a new delivery [33m 685[2mms[22m[39m
validate / unit	UNKNOWN STEP	2026-09-12T19:51:16.2125137Z      [33m[2m✓[22m[39m preserves new callback history through successive and completed checkpoints [33m 910[2mms[22m[39m
validate / unit	UNKNOWN STEP	2026-09-12T19:51:16.2126671Z      [33m[2m✓[22m[39m restores at first without losing a new delivery [33m 530[2mms[22m[39m
validate / unit	UNKNOWN STEP	2026-09-12T19:51:16.2127963Z      [33m[2m✓[22m[39m restores at second without losing a new delivery [33m 530[2mms[22m[39m
validate / unit	UNKNOWN STEP	2026-09-12T19:51:16.2129474Z      [33m[2m✓[22m[39m preserves new callback history through successive and completed checkpoints [33m 721[2mms[22m[39m
validate / unit	UNKNOWN STEP	2026-09-12T19:51:16.2131172Z      [33m[2m✓[22m[39m restores at first without losing a new delivery [33m 541[2mms[22m[39m
validate / unit	UNKNOWN STEP	2026-09-12T19:51:16.2132458Z      [33m[2m✓[22m[39m restores at second without losing a new delivery [33m 584[2mms[22m[39m
validate / unit	UNKNOWN STEP	2026-09-12T19:51:16.2133939Z      [33m[2m✓[22m[39m preserves new callback history through successive and completed checkpoints [33m 712[2mms[22m[39m
validate / unit	UNKNOWN STEP	2026-09-12T19:51:16.2135360Z      [33m[2m✓[22m[39m delivers repeated events uninterrupted [33m 906[2mms[22m[39m
validate / unit	UNKNOWN STEP	2026-09-12T19:51:16.2136565Z      [33m[2m✓[22m[39m restores at first without losing a new delivery [33m 2294[2mms[22m[39m
validate / unit	UNKNOWN STEP	2026-09-12T19:51:16.2137876Z      [33m[2m✓[22m[39m restores at second without losing a new delivery [33m 2180[2mms[22m[39m
validate / unit	UNKNOWN STEP	2026-09-12T19:51:16.2139338Z      [33m[2m✓[22m[39m preserves new callback history through successive and completed checkpoints [33m 2919[2mms[22m[39m
validate / unit	UNKNOWN STEP	2026-09-12T19:51:18.2654661Z  [32m✓[39m packages/safe-js/src/cli.fs-config.test.ts [2m([22m[2m28 tests[22m[2m)[22m[33m 1905[2mms[22m[39m
validate / unit	UNKNOWN STEP	2026-09-12T19:51:18.2656324Z      [33m[2m✓[22m[39m preserves legacy host-root wiring for [ '--fs' ] [33m 988[2mms[22m[39m
validate / unit	UNKNOWN STEP	2026-09-12T19:51:19.3895208Z  [32m✓[39m packages/safe-js/src/modules/fs.conformance.test.ts [2m([22m[2m201 tests[22m[2m | [22m[33m33 skipped[39m[2m)[22m[32m 132[2mms[22m[39m
validate / unit	UNKNOWN STEP	2026-09-12T19:51:21.4584281Z  [32m✓[39m packages/safe-js/src/snapshot/atomic-wait-continuation.test.ts [2m([22m[2m16 tests[22m[2m)[22m[33m 1224[2mms[22m[39m
validate / unit	UNKNOWN STEP	2026-09-12T19:51:22.6035051Z  [32m✓[39m packages/safe-js/src/run.failure-replay.test.ts [2m([22m[2m17 tests[22m[2m)[22m[33m 5509[2mms[22m[39m
validate / unit	UNKNOWN STEP	2026-09-12T19:51:22.6038925Z      [33m[2m✓[22m[39m preserves completed effects in failures: await effect(); throw new Error("failed"); [33m 429[2mms[22m[39m
validate / unit	UNKNOWN STEP	2026-09-12T19:51:22.6041897Z      [33m[2m✓[22m[39m preserves completed effects in failures: export default async function () { await effect(); throw new Error("failed"); } [33m 312[2mms[22m[39m
validate / unit	UNKNOWN STEP	2026-09-12T19:51:22.6056000Z      [33m[2m✓[22m[39m requires the host to raise an exhausted budget before recovery [33m 624[2mms[22m[39m
validate / unit	UNKNOWN STEP	2026-09-12T19:51:22.6057878Z      [33m[2m✓[22m[39m recovers 'callDepth' only with an explicit larger host budget [33m 346[2mms[22m[39m
validate / unit	UNKNOWN STEP	2026-09-12T19:51:22.6059334Z      [33m[2m✓[22m[39m recovers 'dataSize' only with an explicit larger host budget [33m 423[2mms[22m[39m
validate / unit	UNKNOWN STEP	2026-09-12T19:51:22.6061427Z      [33m[2m✓[22m[39m requires a new host deadline without repeating effects [33m 1771[2mms[22m[39m
validate / unit	UNKNOWN STEP	2026-09-12T19:51:22.6062951Z      [33m[2m✓[22m[39m recovers repeated budget failures inside promise handlers without stalling [33m 319[2mms[22m[39m
validate / unit	UNKNOWN STEP	2026-09-12T19:51:23.6349319Z  [32m✓[39m packages/safe-js/src/interp/scope.test.ts [2m([22m[2m28 tests[22m[2m)[22m[32m 126[2mms[22m[39m
validate / unit	UNKNOWN STEP	2026-09-12T19:51:24.2998775Z  [32m✓[39m packages/safe-js/src/indexed-host-objects.test.ts [2m([22m[2m37 tests[22m[2m)[22m[33m 1754[2mms[22m[39m
validate / unit	UNKNOWN STEP	2026-09-12T19:51:26.8951742Z  [32m✓[39m packages/safe-js/src/modules/agent-result-policy.test.ts [2m([22m[2m32 tests[22m[2m)[22m[33m 1623[2mms[22m[39m
validate / unit	UNKNOWN STEP	2026-09-12T19:51:26.8954114Z      [33m[2m✓[22m[39m preserves 'unchecked result' through sandbox execution and replay [33m 437[2mms[22m[39m
validate / unit	UNKNOWN STEP	2026-09-12T19:51:26.8955826Z      [33m[2m✓[22m[39m preserves 'checked result' through sandbox execution and replay [33m 326[2mms[22m[39m
validate / unit	UNKNOWN STEP	2026-09-12T19:51:26.8957806Z      [33m[2m✓[22m[39m preserves 'collected checked calls' through sandbox execution and replay [33m 370[2mms[22m[39m
validate / unit	UNKNOWN STEP	2026-09-12T19:51:26.8959982Z      [33m[2m✓[22m[39m preserves 'checked parallel results' through sandbox execution and replay [33m 307[2mms[22m[39m
validate / unit	UNKNOWN STEP	2026-09-12T19:51:28.8711593Z  [32m✓[39m packages/safe-js/src/modules/fs.host-module.test.ts [2m([22m[2m9 tests[22m[2m)[22m[33m 1019[2mms[22m[39m
validate / unit	UNKNOWN STEP	2026-09-12T19:51:31.9975052Z  [32m✓[39m packages/safe-js/src/interp/globals/string-coercion.test.ts [2m([22m[2m48 tests[22m[2m)[22m[33m 2291[2mms[22m[39m
validate / unit	UNKNOWN STEP	2026-09-12T19:51:36.3341953Z  [32m✓[39m packages/safe-js/src/interp/globals/intl-locale.test.ts [2m([22m[2m54 tests[22m[2m)[22m[33m 3404[2mms[22m[39m
validate / unit	UNKNOWN STEP	2026-09-12T19:51:36.3343865Z    [33m[2m✓[22m[39m restores Locale state with guest descriptors, aliases and custom prototypes [33m 492[2mms[22m[39m
validate / unit	UNKNOWN STEP	2026-09-12T19:51:39.6842123Z  [32m✓[39m packages/safe-js/src/run.references.test.ts [2m([22m[2m99 tests[22m[2m)[22m[33m 15165[2mms[22m[39m
validate / unit	UNKNOWN STEP	2026-09-12T19:51:39.6845889Z      [33m[2m✓[22m[39m preserves numeric operand 9007199254740992 through host replay and migration inspection [33m 492[2mms[22m[39m
validate / unit	UNKNOWN STEP	2026-09-12T19:51:39.6847897Z      [33m[2m✓[22m[39m checks the let temporal dead zone at the right operation [33m 668[2mms[22m[39m
validate / unit	UNKNOWN STEP	2026-09-12T19:51:39.6860267Z      [33m[2m✓[22m[39m checks the const temporal dead zone at the right operation [33m 793[2mms[22m[39m
validate / unit	UNKNOWN STEP	2026-09-12T19:51:39.6862191Z      [33m[2m✓[22m[39m keeps a member's original value across an awaited RHS and completed replay [33m 497[2mms[22m[39m
validate / unit	UNKNOWN STEP	2026-09-12T19:51:39.6864114Z      [33m[2m✓[22m[39m requires explicit migration instead of replaying earlier reference semantics [33m 455[2mms[22m[39m
validate / unit	UNKNOWN STEP	2026-09-12T19:51:40.9713742Z  [32m✓[39m packages/safe-js/src/modules/dynamic-import.test.ts [2m([22m[2m39 tests[22m[2m)[22m[33m 3767[2mms[22m[39m
validate / unit	UNKNOWN STEP	2026-09-12T19:51:40.9718798Z    [33m[2m✓[22m[39m replays dynamic namespace inputs without repeating host calls [33m 752[2mms[22m[39m
validate / unit	UNKNOWN STEP	2026-09-12T19:51:40.9751751Z    [33m[2m✓[22m[39m recovers a bounded checkpoint without repeating a dynamic module host call [33m 395[2mms[22m[39m
validate / unit	UNKNOWN STEP	2026-09-12T19:51:43.7413215Z  [32m✓[39m packages/safe-js/test/conformance/execute.test.ts [2m([22m[2m40 tests[22m[2m)[22m[33m 1842[2mms[22m[39m
validate / unit	UNKNOWN STEP	2026-09-12T19:51:44.6710204Z  [32m✓[39m packages/safe-js/src/interp/globals/console-json.test.ts [2m([22m[2m22 tests[22m[2m)[22m[32m 34[2mms[22m[39m
validate / unit	UNKNOWN STEP	2026-09-12T19:51:44.7222047Z  [32m✓[39m packages/safe-js/src/interp/globals/set-operations.test.ts [2m([22m[2m54 tests[22m[2m)[22m[33m 4139[2mms[22m[39m
validate / unit	UNKNOWN STEP	2026-09-12T19:51:44.7224073Z    [33m[2m✓[22m[39m restores union output with identity and insertion order [33m 321[2mms[22m[39m
validate / unit	UNKNOWN STEP	2026-09-12T19:51:45.4686691Z  [32m✓[39m packages/safe-js/src/parse/assign-ids.test.ts [2m([22m[2m13 tests[22m[2m)[22m[33m 503[2mms[22m[39m
validate / unit	UNKNOWN STEP	2026-09-12T19:51:47.7316395Z  [32m✓[39m packages/safe-js/src/interp/globals/shared-array-buffer.test.ts [2m([22m[2m30 tests[22m[2m)[22m[33m 2132[2mms[22m[39m
validate / unit	UNKNOWN STEP	2026-09-12T19:51:49.2261891Z  [32m✓[39m packages/safe-js/src/interp/object-accessors.test.ts [2m([22m[2m72 tests[22m[2m)[22m[33m 2830[2mms[22m[39m
validate / unit	UNKNOWN STEP	2026-09-12T19:51:49.2263894Z      [33m[2m✓[22m[39m preserves callable accessor descriptors in snapshots while rejecting lossy data copies [33m 358[2mms[22m[39m
validate / unit	UNKNOWN STEP	2026-09-12T19:51:50.4108806Z  [32m✓[39m packages/safe-js/test/h5-context-converter-review.test.ts [2m([22m[2m5 tests[22m[2m)[22m[33m 1584[2mms[22m[39m
validate / unit	UNKNOWN STEP	2026-09-12T19:51:50.4112177Z    [33m[2m✓[22m[39m converts genuine return graphs without invoking functions or adding callbacks [33m 686[2mms[22m[39m
validate / unit	UNKNOWN STEP	2026-09-12T19:51:50.4114674Z    [33m[2m✓[22m[39m rejects ordinary native functions and public function-shaped records without invoking them [33m 325[2mms[22m[39m
validate / unit	UNKNOWN STEP	2026-09-12T19:51:50.4117048Z    [33m[2m✓[22m[39m rejects another active resume context while accepting its own genuine result [33m 346[2mms[22m[39m
validate / unit	UNKNOWN STEP	2026-09-12T19:51:51.3762060Z  [32m✓[39m packages/safe-js/src/snapshot/backend.test.ts [2m([22m[2m11 tests[22m[2m)[22m[32m 39[2mms[22m[39m
validate / unit	UNKNOWN STEP	2026-09-12T19:51:56.0956295Z  [32m✓[39m packages/safe-js/src/interp/accessor-boundaries.test.ts [2m([22m[2m38 tests[22m[2m)[22m[33m 3789[2mms[22m[39m
validate / unit	UNKNOWN STEP	2026-09-12T19:51:56.0958315Z      [33m[2m✓[22m[39m rejects lossy data copies and preserves supported accessor snapshots: {} [33m 339[2mms[22m[39m
validate / unit	UNKNOWN STEP	2026-09-12T19:51:56.3349124Z  [32m✓[39m packages/safe-js/src/interp/globals/intl-datetimeformat.test.ts [2m([22m[2m52 tests[22m[2m)[22m[33m 6188[2mms[22m[39m
validate / unit	UNKNOWN STEP	2026-09-12T19:51:56.3353079Z    [33m[2m✓[22m[39m restores cached format identity, aliases and custom prototypes repeatedly [33m 503[2mms[22m[39m
validate / unit	UNKNOWN STEP	2026-09-12T19:51:56.5666426Z  [32m✓[39m packages/safe-js/src/snapshot/policy.test.ts [2m([22m[2m24 tests[22m[2m)[22m[32m 12[2mms[22m[39m
validate / unit	UNKNOWN STEP	2026-09-12T19:51:59.3790694Z  [32m✓[39m packages/safe-js/src/date.test.ts [2m([22m[2m29 tests[22m[2m)[22m[33m 2166[2mms[22m[39m
validate / unit	UNKNOWN STEP	2026-09-12T19:51:59.3799038Z      [33m[2m✓[22m[39m rejects malformed replayed clock value wrong [33m 383[2mms[22m[39m
validate / unit	UNKNOWN STEP	2026-09-12T19:52:00.1287578Z  [32m✓[39m packages/safe-js/src/interp/numberformat-data-generation.test.ts [2m([22m[2m19 tests[22m[2m)[22m[32m 52[2mms[22m[39m
validate / unit	UNKNOWN STEP	2026-09-12T19:52:00.5898503Z  [32m✓[39m packages/safe-js/src/interp/methods/collection-iterators.test.ts [2m([22m[2m60 tests[22m[2m)[22m[33m 3131[2mms[22m[39m
validate / unit	UNKNOWN STEP	2026-09-12T19:52:03.8029907Z  [32m✓[39m packages/safe-js/src/interp/class-accessors.test.ts [2m([22m[2m83 tests[22m[2m)[22m[33m 2285[2mms[22m[39m
validate / unit	UNKNOWN STEP	2026-09-12T19:52:04.9213269Z  [32m✓[39m packages/safe-js/src/interp/bigint-typed-array.test.ts [2m([22m[2m56 tests[22m[2m)[22m[33m 3916[2mms[22m[39m
validate / unit	UNKNOWN STEP	2026-09-12T19:52:04.9215327Z      [33m[2m✓[22m[39m preserves methods and backing aliases in public snapshots [33m 311[2mms[22m[39m
validate / unit	UNKNOWN STEP	2026-09-12T19:52:06.3500930Z  [32m✓[39m packages/safe-js/src/interp/methods/string-localecompare-observer-validation.test.ts [2m([22m[2m24 tests[22m[2m)[22m[32m 276[2mms[22m[39m
validate / unit	UNKNOWN STEP	2026-09-12T19:52:09.0201028Z  [32m✓[39m packages/safe-js/src/snapshot/proxy.test.ts [2m([22m[2m36 tests[22m[2m)[22m[33m 4347[2mms[22m[39m
validate / unit	UNKNOWN STEP	2026-09-12T19:52:09.0203846Z    [33m[2m✓[22m[39m restores Proxy checkpoints: class C extends Promise{};const p=Promise.resolve(1);p.constructor=new Proxy({}, {get(t,k){if(k===Symbol.species)return C}});await 0;const q=p.then(x=>x+1);return [q instanceof C,await q] [33m 487[2mms[22m[39m
validate / unit	UNKNOWN STEP	2026-09-12T19:52:09.9812894Z  [32m✓[39m packages/safe-js/src/interp/globals/intl-numberformat.test.ts [2m([22m[2m42 tests[22m[2m)[22m[33m 2774[2mms[22m[39m
validate / unit	UNKNOWN STEP	2026-09-12T19:52:09.9815652Z    [33m[2m✓[22m[39m restores private formatter state and cached format through repeated heap snapshots [33m 439[2mms[22m[39m
validate / unit	UNKNOWN STEP	2026-09-12T19:52:10.2826686Z  [32m✓[39m packages/safe-js/src/snapshot/guest-generator-restore.test.ts [2m([22m[2m23 tests[22m[2m)[22m[33m 356[2mms[22m[39m
validate / unit	UNKNOWN STEP	2026-09-12T19:52:14.8260246Z  [32m✓[39m packages/safe-js/src/interp/boxed-boundaries.test.ts [2m([22m[2m48 tests[22m[2m)[22m[33m 3657[2mms[22m[39m
validate / unit	UNKNOWN STEP	2026-09-12T19:52:14.8262382Z      [33m[2m✓[22m[39m does not repeat string iteration conversion across checkpoint replay [33m 380[2mms[22m[39m
validate / unit	UNKNOWN STEP	2026-09-12T19:52:14.8269104Z      [33m[2m✓[22m[39m keeps boxed string iteration conversion budgets fatal [33m 411[2mms[22m[39m
validate / unit	UNKNOWN STEP	2026-09-12T19:52:15.2652327Z  [32m✓[39m packages/safe-js/src/interp/globals/boxed-primitives.test.ts [2m([22m[2m76 tests[22m[2m)[22m[33m 4344[2mms[22m[39m
validate / unit	UNKNOWN STEP	2026-09-12T19:52:18.5174103Z  [32m✓[39m packages/safe-js/src/interp/globals/intl-collator.test.ts [2m([22m[2m36 tests[22m[2m)[22m[33m 2814[2mms[22m[39m
validate / unit	UNKNOWN STEP	2026-09-12T19:52:18.5175201Z    [33m[2m✓[22m[39m restores the bound comparison identity and its owning Collator [33m 467[2mms[22m[39m
validate / unit	UNKNOWN STEP	2026-09-12T19:52:20.5055788Z  [32m✓[39m packages/safe-js/src/snapshot/finalization-registry.test.ts [2m([22m[2m7 tests[22m[2m)[22m[33m 1160[2mms[22m[39m
validate / unit	UNKNOWN STEP	2026-09-12T19:52:20.5070549Z    [33m[2m✓[22m[39m finishes restore rollback when an owner cleanup detacher throws [33m 353[2mms[22m[39m
validate / unit	UNKNOWN STEP	2026-09-12T19:52:20.8057637Z  [32m✓[39m packages/safe-js/src/interp/globals/number-mc-003.test.ts [2m([22m[2m23 tests[22m[2m)[22m[33m 4649[2mms[22m[39m
validate / unit	UNKNOWN STEP	2026-09-12T19:52:20.8059391Z      [33m[2m✓[22m[39m matches every original 'alpha' distance and route [33m 967[2mms[22m[39m
validate / unit	UNKNOWN STEP	2026-09-12T19:52:20.8061533Z      [33m[2m✓[22m[39m matches every original 'beta' distance and route [33m 756[2mms[22m[39m
validate / unit	UNKNOWN STEP	2026-09-12T19:52:20.8063387Z      [33m[2m✓[22m[39m preserves the original 'alpha' global-Infinity control [33m 713[2mms[22m[39m
validate / unit	UNKNOWN STEP	2026-09-12T19:52:20.8065168Z      [33m[2m✓[22m[39m preserves the original 'beta' global-Infinity control [33m 728[2mms[22m[39m
validate / unit	UNKNOWN STEP	2026-09-12T19:52:20.8066766Z      [33m[2m✓[22m[39m retains infinity for an unreachable vertex without corrupting reachable routes [33m 905[2mms[22m[39m
validate / unit	UNKNOWN STEP	2026-09-12T19:52:23.8911949Z  [32m✓[39m packages/safe-js/src/interp/shared-host-cross-call.test.ts [2m([22m[2m18 tests[22m[2m)[22m[33m 2184[2mms[22m[39m
validate / unit	UNKNOWN STEP	2026-09-12T19:52:23.8914016Z    [33m[2m✓[22m[39m replays retained host argument aliases across calls (async=false) [33m 399[2mms[22m[39m
validate / unit	UNKNOWN STEP	2026-09-12T19:52:25.0648010Z  [32m✓[39m packages/safe-js/src/interp/globals/number-locale-formatting.test.ts [2m([22m[2m63 tests[22m[2m)[22m[33m 3708[2mms[22m[39m
validate / unit	UNKNOWN STEP	2026-09-12T19:52:25.0651192Z    [33m[2m✓[22m[39m reads every numeric option once in specification order [33m 405[2mms[22m[39m
validate / unit	UNKNOWN STEP	2026-09-12T19:52:26.2051910Z  [32m✓[39m packages/safe-js/src/interp/regex/compile-helper-policy.test.ts [2m([22m[2m17 tests[22m[2m)[22m[32m 190[2mms[22m[39m
validate / unit	UNKNOWN STEP	2026-09-12T19:52:31.0161989Z  [32m✓[39m packages/safe-js/src/interp/methods/string-patterns.test.ts [2m([22m[2m107 tests[22m[2m)[22m[33m 6222[2mms[22m[39m
validate / unit	UNKNOWN STEP	2026-09-12T19:52:32.0198067Z  [32m✓[39m packages/safe-js/src/snapshot/dynamic-import.test.ts [2m([22m[2m18 tests[22m[2m)[22m[33m 4899[2mms[22m[39m
validate / unit	UNKNOWN STEP	2026-09-12T19:52:32.0200045Z    [33m[2m✓[22m[39m restores dynamic module access in a closure (already loaded=false) [33m 800[2mms[22m[39m
validate / unit	UNKNOWN STEP	2026-09-12T19:52:32.0201665Z    [33m[2m✓[22m[39m restores dynamic module access in a closure (already loaded=true) [33m 557[2mms[22m[39m
validate / unit	UNKNOWN STEP	2026-09-12T19:52:32.0203190Z    [33m[2m✓[22m[39m restores a closure using a host export (already loaded=false) [33m 530[2mms[22m[39m
validate / unit	UNKNOWN STEP	2026-09-12T19:52:32.0204664Z    [33m[2m✓[22m[39m restores a closure using a host export (already loaded=true) [33m 451[2mms[22m[39m
validate / unit	UNKNOWN STEP	2026-09-12T19:52:32.0207183Z    [33m[2m✓[22m[39m preserves host-export property cycles and reconnects only supplied capabilities [33m 644[2mms[22m[39m
validate / unit	UNKNOWN STEP	2026-09-12T19:52:32.3668870Z  [32m✓[39m packages/safe-js/src/interp/running-state.test.ts [2m([22m[2m13 tests[22m[2m)[22m[33m 394[2mms[22m[39m
validate / unit	UNKNOWN STEP	2026-09-12T19:52:33.7137858Z  [32m✓[39m packages/safe-js/src/interp/atomic-wait.test.ts [2m([22m[2m9 tests[22m[2m)[22m[33m 481[2mms[22m[39m
validate / unit	UNKNOWN STEP	2026-09-12T19:52:33.7140017Z    [33m[2m✓[22m[39m restores a pending atomic checkpoint with controlled worker registration [33m 324[2mms[22m[39m
validate / unit	UNKNOWN STEP	2026-09-12T19:52:34.6818339Z  [32m✓[39m packages/safe-js/src/interp/methods/string-localecompare-validation.test.ts [2m([22m[2m32 tests[22m[2m)[22m[33m 1722[2mms[22m[39m
validate / unit	UNKNOWN STEP	2026-09-12T19:52:34.6820518Z      [33m[2m✓[22m[39m preserves native full values and bound arity through completed serialization [33m 351[2mms[22m[39m
validate / unit	UNKNOWN STEP	2026-09-12T19:52:34.7703072Z  [32m✓[39m packages/safe-js/src/snapshot/restore-function-kind.test.ts [2m([22m[2m20 tests[22m[2m)[22m[32m 208[2mms[22m[39m
validate / unit	UNKNOWN STEP	2026-09-12T19:52:35.6218457Z  [32m✓[39m packages/safe-js/src/interp/patterns.test.ts [2m([22m[2m10 tests[22m[2m)[22m[32m 33[2mms[22m[39m
validate / unit	UNKNOWN STEP	2026-09-12T19:52:38.5319147Z  [32m✓[39m packages/safe-js/src/interp/globals/map-construction.test.ts [2m([22m[2m45 tests[22m[2m)[22m[33m 2942[2mms[22m[39m
validate / unit	UNKNOWN STEP	2026-09-12T19:52:38.5321731Z      [33m[2m✓[22m[39m does not hide a fatal cleanup budget behind an invalid entry [33m 396[2mms[22m[39m
validate / unit	UNKNOWN STEP	2026-09-12T19:52:38.5323920Z      [33m[2m✓[22m[39m does not reconcile all roots after every inserted object [33m 407[2mms[22m[39m
validate / unit	UNKNOWN STEP	2026-09-12T19:52:39.4596368Z  [32m✓[39m packages/safe-js/src/object-intrinsic.test.ts [2m([22m[2m37 tests[22m[2m)[22m[33m 2756[2mms[22m[39m
validate / unit	UNKNOWN STEP	2026-09-12T19:52:39.4598705Z      [33m[2m✓[22m[39m preserves mutated intrinsic checkpoint data while rejecting lossy plain data copies [33m 581[2mms[22m[39m
validate / unit	UNKNOWN STEP	2026-09-12T19:52:42.4691540Z  [32m✓[39m packages/safe-js/src/interp/globals/intl-durationformat.test.ts [2m([22m[2m43 tests[22m[2m)[22m[33m 3008[2mms[22m[39m
validate / unit	UNKNOWN STEP	2026-09-12T19:52:46.1943497Z  [32m✓[39m packages/safe-js/src/interp/globals/dynamic-function.test.ts [2m([22m[2m65 tests[22m[2m)[22m[33m 5804[2mms[22m[39m
validate / unit	UNKNOWN STEP	2026-09-12T19:52:46.1947307Z    [33m[2m✓[22m[39m restores dynamically compiled source state: const f=async function(){return 7};const p=Object.getPrototypeOf(f);await 0;return [Object.getPrototypeOf(f)===p,f.constructor===p.constructor,await f()] [33m 313[2mms[22m[39m
validate / unit	UNKNOWN STEP	2026-09-12T19:52:47.1296748Z  [32m✓[39m packages/safe-js/src/interp/promise.generic.test.ts [2m([22m[2m28 tests[22m[2m)[22m[32m 38[2mms[22m[39m
validate / unit	UNKNOWN STEP	2026-09-12T19:52:48.0323555Z  [32m✓[39m packages/safe-js/src/interp/uint8-base64.test.ts [2m([22m[2m67 tests[22m[2m)[22m[33m 4638[2mms[22m[39m
validate / unit	UNKNOWN STEP	2026-09-12T19:52:48.0340037Z    [33m[2m✓[22m[39m matches native Buffer encoding across lengths and byte values: base64 [33m 818[2mms[22m[39m
validate / unit	UNKNOWN STEP	2026-09-12T19:52:48.0342320Z    [33m[2m✓[22m[39m matches native Buffer encoding across lengths and byte values: base64url [33m 591[2mms[22m[39m
validate / unit	UNKNOWN STEP	2026-09-12T19:52:48.0344416Z    [33m[2m✓[22m[39m retains intrinsic method identities across public dump and restore [33m 301[2mms[22m[39m
validate / unit	UNKNOWN STEP	2026-09-12T19:52:48.9482752Z  [32m✓[39m packages/safe-js/src/interp/host-call.test.ts [2m([22m[2m17 tests[22m[2m)[22m[32m 33[2mms[22m[39m
validate / unit	UNKNOWN STEP	2026-09-12T19:52:49.6711992Z  [32m✓[39m packages/safe-js/src/interp/host-arg-map-shadow.test.ts [2m([22m[2m9 tests[22m[2m)[22m[33m 1438[2mms[22m[39m
validate / unit	UNKNOWN STEP	2026-09-12T19:52:49.6713782Z      [33m[2m✓[22m[39m does not invoke a guest source function stored in map while preserving its arity [33m 354[2mms[22m[39m
validate / unit	UNKNOWN STEP	2026-09-12T19:52:49.6715568Z      [33m[2m✓[22m[39m preserves sparse data, aliases and supported named cycles through completed replays [33m 510[2mms[22m[39m
validate / unit	UNKNOWN STEP	2026-09-12T19:52:50.9002284Z  [32m✓[39m packages/safe-js/src/interp/methods/array-with.test.ts [2m([22m[2m41 tests[22m[2m)[22m[33m 354[2mms[22m[39m
validate / unit	UNKNOWN STEP	2026-09-12T19:52:51.5807089Z  [32m✓[39m packages/safe-js/src/loader/markdown-offset-hi-002.test.ts [2m([22m[2m30 tests[22m[2m)[22m[33m 1608[2mms[22m[39m
validate / unit	UNKNOWN STEP	2026-09-12T19:52:51.5809580Z      [33m[2m✓[22m[39m restores a CLI snapshot created with the old newline-only prefix [33m 455[2mms[22m[39m
validate / unit	UNKNOWN STEP	2026-09-12T19:52:51.9413480Z  [32m✓[39m packages/safe-js/src/interp/generator.test.ts [2m([22m[2m16 tests[22m[2m)[22m[32m 154[2mms[22m[39m
validate / unit	UNKNOWN STEP	2026-09-12T19:52:52.5605263Z  [32m✓[39m packages/safe-js/src/interp/async.test.ts [2m([22m[2m18 tests[22m[2m)[22m[32m 120[2mms[22m[39m
validate / unit	UNKNOWN STEP	2026-09-12T19:52:57.2400074Z  [32m✓[39m packages/safe-js/src/run.promise-compatibility.test.ts [2m([22m[2m20 tests[22m[2m)[22m[33m 4215[2mms[22m[39m
validate / unit	UNKNOWN STEP	2026-09-12T19:52:57.2402293Z      [33m[2m✓[22m[39m retains 'data'/'saved' replay with nullPrototype=false and unchanged history [33m 596[2mms[22m[39m
validate / unit	UNKNOWN STEP	2026-09-12T19:52:57.2403916Z      [33m[2m✓[22m[39m retains 'data'/'saved' replay with nullPrototype=true and unchanged history [33m 336[2mms[22m[39m
validate / unit	UNKNOWN STEP	2026-09-12T19:52:57.2405644Z      [33m[2m✓[22m[39m retains 'data'/'completed' replay with nullPrototype=false and unchanged history [33m 343[2mms[22m[39m
validate / unit	UNKNOWN STEP	2026-09-12T19:52:57.2407363Z      [33m[2m✓[22m[39m retains 'data'/'completed' replay with nullPrototype=true and unchanged history [33m 321[2mms[22m[39m
validate / unit	UNKNOWN STEP	2026-09-12T19:52:57.2408436Z      [33m[2m✓[22m[39m retains 'guest'/'saved' replay with nullPrototype=false and unchanged history [33m 313[2mms[22m[39m
validate / unit	UNKNOWN STEP	2026-09-12T19:53:01.0661504Z  [32m✓[39m packages/safe-js/src/interp/globals/intl-pluralrules.test.ts [2m([22m[2m37 tests[22m[2m)[22m[33m 2934[2mms[22m[39m
validate / unit	UNKNOWN STEP	2026-09-12T19:53:01.0663814Z    [33m[2m✓[22m[39m restores plural state, custom prototypes and aliases repeatedly [33m 497[2mms[22m[39m
validate / unit	UNKNOWN STEP	2026-09-12T19:53:04.6323464Z  [32m✓[39m packages/safe-js/src/interp/methods/callback-this.test.ts [2m([22m[2m141 tests[22m[2m)[22m[33m 11206[2mms[22m[39m
validate / unit	UNKNOWN STEP	2026-09-12T19:53:04.6325934Z      [33m[2m✓[22m[39m preserves receiver identity, mutation, arguments, and complete native output [33m 496[2mms[22m[39m
validate / unit	UNKNOWN STEP	2026-09-12T19:53:04.6327951Z      [33m[2m✓[22m[39m restores map ordinary callback this across an active await checkpoint [33m 361[2mms[22m[39m
validate / unit	UNKNOWN STEP	2026-09-12T19:53:04.9145720Z  [32m✓[39m packages/safe-js/src/lint/rules/AS003.test.ts [2m([22m[2m21 tests[22m[2m)[22m[32m 34[2mms[22m[39m
validate / unit	UNKNOWN STEP	2026-09-12T19:53:05.8904263Z  [32m✓[39m packages/safe-js/src/snapshot/collection-iterators.test.ts [2m([22m[2m50 tests[22m[2m)[22m[32m 100[2mms[22m[39m
validate / unit	UNKNOWN STEP	2026-09-12T19:53:05.9650854Z  [32m✓[39m packages/safe-js/src/interp/globals/object-from-entries.test.ts [2m([22m[2m44 tests[22m[2m)[22m[33m 3984[2mms[22m[39m
validate / unit	UNKNOWN STEP	2026-09-12T19:53:05.9652785Z      [33m[2m✓[22m[39m does not hide a fatal cleanup budget behind a key-conversion throw [33m 404[2mms[22m[39m
validate / unit	UNKNOWN STEP	2026-09-12T19:53:05.9653953Z      [33m[2m✓[22m[39m does not rescan the whole graph after every primitive property [33m 816[2mms[22m[39m
validate / unit	UNKNOWN STEP	2026-09-12T19:53:06.9855582Z  [32m✓[39m packages/safe-js/src/restore.test.ts [2m([22m[2m36 tests[22m[2m)[22m[32m 147[2mms[22m[39m
validate / unit	UNKNOWN STEP	2026-09-12T19:53:07.0444336Z  [32m✓[39m packages/safe-js/src/interp/globals/math.test.ts [2m([22m[2m36 tests[22m[2m)[22m[33m 325[2mms[22m[39m
validate / unit	UNKNOWN STEP	2026-09-12T19:53:10.1590474Z  [32m✓[39m packages/safe-js/src/interp/globals/iterator-zip.test.ts [2m([22m[2m33 tests[22m[2m)[22m[33m 2349[2mms[22m[39m
validate / unit	UNKNOWN STEP	2026-09-12T19:53:10.1601982Z    [33m[2m✓[22m[39m replays zip through the public dump/run interface [33m 353[2mms[22m[39m
validate / unit	UNKNOWN STEP	2026-09-12T19:53:11.5465599Z  [32m✓[39m packages/safe-js/src/snapshot/weak-reference.test.ts [2m([22m[2m20 tests[22m[2m)[22m[33m 528[2mms[22m[39m
validate / unit	UNKNOWN STEP	2026-09-12T19:53:11.5470308Z    [33m[2m✓[22m[39m restores public dereference methods, subclass identity and target aliases [33m 424[2mms[22m[39m
validate / unit	UNKNOWN STEP	2026-09-12T19:53:12.3975515Z  [32m✓[39m packages/safe-js/src/interp/measure-record-budget.test.ts [2m([22m[2m24 tests[22m[2m)[22m[32m 19[2mms[22m[39m
validate / unit	UNKNOWN STEP	2026-09-12T19:53:13.4110806Z  [32m✓[39m packages/safe-js/src/interp/function-bound-snapshot.test.ts [2m([22m[2m23 tests[22m[2m)[22m[33m 5492[2mms[22m[39m
validate / unit	UNKNOWN STEP	2026-09-12T19:53:13.4112897Z    [33m[2m✓[22m[39m round trips bound function state: 'function f(a,b){return this.base+a+b}…' [33m 570[2mms[22m[39m
validate / unit	UNKNOWN STEP	2026-09-12T19:53:13.4114963Z    [33m[2m✓[22m[39m round trips bound function state: 'const receiver={base:2};function f(a)…' [33m 398[2mms[22m[39m
validate / unit	UNKNOWN STEP	2026-09-12T19:53:13.4116831Z    [33m[2m✓[22m[39m round trips bound function state: 'function f(a,b){return this.base+a+b}…' [33m 302[2mms[22m[39m
validate / unit	UNKNOWN STEP	2026-09-12T19:53:13.4119908Z    [33m[2m✓[22m[39m round trips bound function state: 'function f(){return bound.extra.self=…' [33m 310[2mms[22m[39m
validate / unit	UNKNOWN STEP	2026-09-12T19:53:13.4121492Z    [33m[2m✓[22m[39m round trips bound function state: 'function F(a,b){this.sum=a+b;this.tar…' [33m 360[2mms[22m[39m
validate / unit	UNKNOWN STEP	2026-09-12T19:53:13.4123108Z    [33m[2m✓[22m[39m round trips bound function state: 'function F(a,b){this.sum=a+b;this.tar…' [33m 372[2mms[22m[39m
validate / unit	UNKNOWN STEP	2026-09-12T19:53:13.4124586Z    [33m[2m✓[22m[39m round trips bound function state: 'const receiver={};function f(){return…' [33m 301[2mms[22m[39m
validate / unit	UNKNOWN STEP	2026-09-12T19:53:13.4126199Z    [33m[2m✓[22m[39m round trips bound function state: 'const object={};const bound=(function…' [33m 329[2mms[22m[39m
validate / unit	UNKNOWN STEP	2026-09-12T19:53:13.4127844Z    [33m[2m✓[22m[39m round trips bound function state: 'let reads=0;function f(){return reads…' [33m 365[2mms[22m[39m
validate / unit	UNKNOWN STEP	2026-09-12T19:53:13.4129506Z    [33m[2m✓[22m[39m round trips bound function state: 'function f(){}Object.defineProperty(f…' [33m 311[2mms[22m[39m
validate / unit	UNKNOWN STEP	2026-09-12T19:53:13.4131441Z    [33m[2m✓[22m[39m round trips bound function state: 'function* f(value){yield value}const …' [33m 343[2mms[22m[39m
validate / unit	UNKNOWN STEP	2026-09-12T19:53:13.4133095Z    [33m[2m✓[22m[39m preserves the selected prototype after a length getter and pending effect [33m 302[2mms[22m[39m
validate / unit	UNKNOWN STEP	2026-09-12T19:53:19.0001886Z  [32m✓[39m packages/safe-js/src/interp/num-001-validation.test.ts [2m([22m[2m25 tests[22m[2m)[22m[33m 4679[2mms[22m[39m
validate / unit	UNKNOWN STEP	2026-09-12T19:53:19.0005601Z      [33m[2m✓[22m[39m derives and binds all supported source forms: () [33m 467[2mms[22m[39m
validate / unit	UNKNOWN STEP	2026-09-12T19:53:19.0007349Z      [33m[2m✓[22m[39m derives and binds all supported source forms: (first,) [33m 360[2mms[22m[39m
validate / unit	UNKNOWN STEP	2026-09-12T19:53:22.1140922Z  [32m✓[39m packages/safe-js/src/run.control.test.ts [2m([22m[2m12 tests[22m[2m)[22m[33m 8551[2mms[22m[39m
validate / unit	UNKNOWN STEP	2026-09-12T19:53:22.1142581Z      [33m[2m✓[22m[39m allows a host turn to pause CPU-bound guest work [33m 1183[2mms[22m[39m
validate / unit	UNKNOWN STEP	2026-09-12T19:53:22.1144088Z      [33m[2m✓[22m[39m preserves an async function's synchronous prefix across a CPU pause [33m 2108[2mms[22m[39m
validate / unit	UNKNOWN STEP	2026-09-12T19:53:22.1145476Z      [33m[2m✓[22m[39m allows a host turn to pause CPU-bound guest work [33m 528[2mms[22m[39m
validate / unit	UNKNOWN STEP	2026-09-12T19:53:22.1147293Z      [33m[2m✓[22m[39m preserves an async function's synchronous prefix across a CPU pause [33m 1793[2mms[22m[39m
validate / unit	UNKNOWN STEP	2026-09-12T19:53:22.1149112Z    [33m[2m✓[22m[39m lets a parent pause and resume successive children independently [33m 2252[2mms[22m[39m
validate / unit	UNKNOWN STEP	2026-09-12T19:53:22.6318296Z  [32m✓[39m packages/safe-js/src/interp/computed-property-keys.test.ts [2m([22m[2m47 tests[22m[2m)[22m[33m 2697[2mms[22m[39m
validate / unit	UNKNOWN STEP	2026-09-12T19:53:22.6341514Z      [33m[2m✓[22m[39m preserves coercion through completed replay and persistent realms [33m 330[2mms[22m[39m
validate / unit	UNKNOWN STEP	2026-09-12T19:53:24.8650691Z  [32m✓[39m packages/safe-js/test/integration/budgets.test.ts [2m([22m[2m12 tests[22m[2m)[22m[33m 1296[2mms[22m[39m
validate / unit	UNKNOWN STEP	2026-09-12T19:53:28.9628990Z  [32m✓[39m packages/safe-js/src/interp/number-typed-arrays.test.ts [2m([22m[2m92 tests[22m[2m)[22m[33m 5883[2mms[22m[39m
validate / unit	UNKNOWN STEP	2026-09-12T19:53:32.3192750Z  [32m✓[39m packages/safe-js/src/interp/globals/temporal-duration-total.test.ts [2m([22m[2m42 tests[22m[2m)[22m[33m 2445[2mms[22m[39m
validate / unit	UNKNOWN STEP	2026-09-12T19:53:32.7328772Z  [32m✓[39m packages/safe-js/src/snapshot/async-function-continuations.test.ts [2m([22m[2m29 tests[22m[2m)[22m[33m 6966[2mms[22m[39m
validate / unit	UNKNOWN STEP	2026-09-12T19:53:32.7332504Z    [33m[2m✓[22m[39m restores ordinary async execution without repeated effects: events.push("before");return 1+await c.promise; [33m 434[2mms[22m[39m
validate / unit	UNKNOWN STEP	2026-09-12T19:53:32.7335008Z    [33m[2m✓[22m[39m restores a queued request captured directly and preserves its owner across another snapshot [33m 391[2mms[22m[39m
validate / unit	UNKNOWN STEP	2026-09-12T19:53:35.0311978Z  [32m✓[39m packages/safe-js/src/interp/array-buffer-slice.test.ts [2m([22m[2m20 tests[22m[2m)[22m[33m 1774[2mms[22m[39m
validate / unit	UNKNOWN STEP	2026-09-12T19:53:35.0314257Z    [33m[2m✓[22m[39m preserves ArrayBuffer slice species across snapshots [33m 504[2mms[22m[39m
validate / unit	UNKNOWN STEP	2026-09-12T19:53:35.6511699Z  [32m✓[39m packages/safe-js/src/interp/globals/atomics-nonshared.test.ts [2m([22m[2m45 tests[22m[2m)[22m[33m 1994[2mms[22m[39m
validate / unit	UNKNOWN STEP	2026-09-12T19:53:37.2191883Z  [32m✓[39m packages/safe-js/src/interp/interactions.test.ts [2m([22m[2m10 tests[22m[2m)[22m[33m 1270[2mms[22m[39m
validate / unit	UNKNOWN STEP	2026-09-12T19:53:37.2200018Z      [33m[2m✓[22m[39m preserves constructed method receivers and lexical arrow this [33m 304[2mms[22m[39m
validate / unit	UNKNOWN STEP	2026-09-12T19:53:40.2760722Z  [32m✓[39m packages/safe-js/src/interp/globals/date-locale-formatting.test.ts [2m([22m[2m64 tests[22m[2m)[22m[33m 3732[2mms[22m[39m
validate / unit	UNKNOWN STEP	2026-09-12T19:53:40.2762929Z    [33m[2m✓[22m[39m reads every formatting option exactly once in the specified order [33m 328[2mms[22m[39m
validate / unit	UNKNOWN STEP	2026-09-12T19:53:41.5437983Z  [32m✓[39m packages/safe-js/src/modules/env.test.ts [2m([22m[2m37 tests[22m[2m)[22m[33m 376[2mms[22m[39m
validate / unit	UNKNOWN STEP	2026-09-12T19:53:41.5461746Z      [33m[2m✓[22m[39m preserves allowed reads and denial fields through JSON replay after grants change [33m 359[2mms[22m[39m
validate / unit	UNKNOWN STEP	2026-09-12T19:53:42.8871854Z  [32m✓[39m packages/safe-js/src/error/shape-audit.test.ts [2m([22m[2m12 tests[22m[2m)[22m[33m 516[2mms[22m[39m
validate / unit	UNKNOWN STEP	2026-09-12T19:53:42.9366840Z  [32m✓[39m packages/safe-js/src/run.public-promise-recovery.test.ts [2m([22m[2m10 tests[22m[2m)[22m[33m 4608[2mms[22m[39m
validate / unit	UNKNOWN STEP	2026-09-12T19:53:42.9368997Z      [33m[2m✓[22m[39m restores one completed nonaliased raw Promise from arguments without replacement inputs [33m 819[2mms[22m[39m
validate / unit	UNKNOWN STEP	2026-09-12T19:53:42.9370955Z      [33m[2m✓[22m[39m restores one completed nonaliased raw Promise from bindings without replacement inputs [33m 468[2mms[22m[39m
validate / unit	UNKNOWN STEP	2026-09-12T19:53:42.9373033Z      [33m[2m✓[22m[39m restores one completed nonaliased raw Promise from imports without replacement inputs [33m 453[2mms[22m[39m
validate / unit	UNKNOWN STEP	2026-09-12T19:53:42.9374802Z      [33m[2m✓[22m[39m restores one completed nonaliased raw Promise from importMeta without replacement inputs [33m 457[2mms[22m[39m
validate / unit	UNKNOWN STEP	2026-09-12T19:53:42.9376666Z      [33m[2m✓[22m[39m restores the full unchanged scan without hiding separate raw alias differences [33m 1872[2mms[22m[39m
validate / unit	UNKNOWN STEP	2026-09-12T19:53:44.0051970Z  [32m✓[39m packages/safe-js/src/modules/fs-config.test.ts [2m([22m[2m50 tests[22m[2m)[22m[32m 31[2mms[22m[39m
validate / unit	UNKNOWN STEP	2026-09-12T19:53:44.3844421Z  [32m✓[39m packages/safe-js/src/interp/values.regex-copy.test.ts [2m([22m[2m13 tests[22m[2m)[22m[33m 356[2mms[22m[39m
validate / unit	UNKNOWN STEP	2026-09-12T19:53:47.2948855Z  [32m✓[39m packages/safe-js/src/interp/callable-prototypes.test.ts [2m([22m[2m48 tests[22m[2m)[22m[33m 2029[2mms[22m[39m
validate / unit	UNKNOWN STEP	2026-09-12T19:53:49.2249384Z  [32m✓[39m packages/safe-js/src/interp/shared-host-boundary.test.ts [2m([22m[2m24 tests[22m[2m)[22m[33m 1089[2mms[22m[39m
validate / unit	UNKNOWN STEP	2026-09-12T19:53:50.3698979Z  [32m✓[39m packages/safe-js/src/interp/globals/regex-construction.test.ts [2m([22m[2m110 tests[22m[2m)[22m[33m 5438[2mms[22m[39m
validate / unit	UNKNOWN STEP	2026-09-12T19:53:57.0760674Z  [32m✓[39m packages/safe-js/src/snapshot/private-elements.test.ts [2m([22m[2m31 tests[22m[2m)[22m[33m 5780[2mms[22m[39m
validate / unit	UNKNOWN STEP	2026-09-12T19:53:57.9939130Z  [32m✓[39m packages/safe-js/src/snapshot/symbol.test.ts [2m([22m[2m22 tests[22m[2m)[22m[32m 73[2mms[22m[39m
validate / unit	UNKNOWN STEP	2026-09-12T19:53:58.2274452Z  [32m✓[39m packages/safe-js/src/lint/rules/AS014.test.ts [2m([22m[2m11 tests[22m[2m)[22m[32m 19[2mms[22m[39m
validate / unit	UNKNOWN STEP	2026-09-12T19:53:58.8781504Z  [32m✓[39m packages/safe-js/src/interp/methods/array-receivers.test.ts [2m([22m[2m199 tests[22m[2m)[22m[33m 8755[2mms[22m[39m
validate / unit	UNKNOWN STEP	2026-09-12T19:54:02.6507259Z  [32m✓[39m packages/safe-js/src/interp/globals/intl-displaynames.test.ts [2m([22m[2m34 tests[22m[2m)[22m[33m 2851[2mms[22m[39m
validate / unit	UNKNOWN STEP	2026-09-12T19:54:02.6509438Z    [33m[2m✓[22m[39m restores DisplayNames state, aliases and custom prototype through repeated snapshots [33m 528[2mms[22m[39m
validate / unit	UNKNOWN STEP	2026-09-12T19:54:03.4763664Z  [32m✓[39m packages/safe-js/src/interp/globals/intl-segmenter.test.ts [2m([22m[2m40 tests[22m[2m)[22m[33m 4334[2mms[22m[39m
validate / unit	UNKNOWN STEP	2026-09-12T19:54:03.4766874Z    [33m[2m✓[22m[39m restores Segmenter private state repeatedly: const f=new Intl.Segmenter('en');const segment=f.segment;f.self=f;Object.setPrototypeOf(f,{marker:7});return ()=>[...segment.call(f,'ab')].map(x=>x.segment).concat(f.self===f,Object.getPrototypeOf(f).marker) [33m 776[2mms[22m[39m
validate / unit	UNKNOWN STEP	2026-09-12T19:54:03.4771409Z    [33m[2m✓[22m[39m restores Segmenter private state repeatedly: const s=new Intl.Segmenter('en').segment('A😀é');const containing=s.containing;s.self=s;Object.setPrototypeOf(s,null);return ()=>[containing.call(s,2),s.self===s] [33m 610[2mms[22m[39m
validate / unit	UNKNOWN STEP	2026-09-12T19:54:03.4774876Z    [33m[2m✓[22m[39m restores Segmenter private state repeatedly: const s=new Intl.Segmenter('en').segment('abc');const i=s[Symbol.iterator]();const next=i.next;i.self=i;Object.setPrototypeOf(i,null);next.call(i);return ()=>[next.call(i),i.self===i] [33m 561[2mms[22m[39m
validate / unit	UNKNOWN STEP	2026-09-12T19:54:04.9331285Z  [32m✓[39m packages/safe-js/src/interp/regex/compile-helper-ownership.test.ts [2m([22m[2m10 tests[22m[2m)[22m[33m 550[2mms[22m[39m
validate / unit	UNKNOWN STEP	2026-09-12T19:54:06.4270200Z  [32m✓[39m packages/safe-js/src/parse/keyword-methods-validation.test.ts [2m([22m[2m59 tests[22m[2m)[22m[33m 2918[2mms[22m[39m
validate / unit	UNKNOWN STEP	2026-09-12T19:54:06.4272436Z      [33m[2m✓[22m[39m matches native and completed replay: return method with destructuring, rest, and receiver [33m 340[2mms[22m[39m
validate / unit	UNKNOWN STEP	2026-09-12T19:54:08.9900679Z  [32m✓[39m packages/safe-js/src/interp/globals/math-sum-precise.test.ts [2m([22m[2m67 tests[22m[2m)[22m[33m 3185[2mms[22m[39m
validate / unit	UNKNOWN STEP	2026-09-12T19:54:08.9902479Z    [33m[2m✓[22m[39m preserves sumPrecise in pending checkpoints [33m 453[2mms[22m[39m
validate / unit	UNKNOWN STEP	2026-09-12T19:54:08.9903881Z    [33m[2m✓[22m[39m preserves sumPrecise in completed checkpoints [33m 340[2mms[22m[39m
validate / unit	UNKNOWN STEP	2026-09-12T19:54:10.9960022Z  [32m✓[39m packages/safe-js/src/run.promise-order.test.ts [2m([22m[2m39 tests[22m[2m)[22m[33m 3695[2mms[22m[39m
validate / unit	UNKNOWN STEP	2026-09-12T19:54:10.9962653Z      [33m[2m✓[22m[39m runs all 256 synchronous-prefix iterations before returning an async promise [33m 434[2mms[22m[39m
validate / unit	UNKNOWN STEP	2026-09-12T19:54:10.9964673Z      [33m[2m✓[22m[39m finishes 256 thenable-tail iterations before its await continuation [33m 350[2mms[22m[39m
validate / unit	UNKNOWN STEP	2026-09-12T19:54:10.9966453Z      [33m[2m✓[22m[39m preserves 256 caller iterations before async continuation [33m 641[2mms[22m[39m
validate / unit	UNKNOWN STEP	2026-09-12T19:54:12.5428150Z  [32m✓[39m packages/safe-js/src/interp/globals/intl-listformat.test.ts [2m([22m[2m33 tests[22m[2m)[22m[33m 2689[2mms[22m[39m
validate / unit	UNKNOWN STEP	2026-09-12T19:54:12.5431288Z    [33m[2m✓[22m[39m restores ListFormat state, aliases and custom prototype through repeated snapshots [33m 504[2mms[22m[39m
validate / unit	UNKNOWN STEP	2026-09-12T19:54:14.2067168Z  [32m✓[39m packages/safe-js/src/interp/float32-map.test.ts [2m([22m[2m26 tests[22m[2m)[22m[33m 2282[2mms[22m[39m
validate / unit	UNKNOWN STEP	2026-09-12T19:54:14.2091388Z    [33m[2m✓[22m[39m preserves map through two snapshot round-trips [33m 501[2mms[22m[39m
validate / unit	UNKNOWN STEP	2026-09-12T19:54:15.1212132Z  [32m✓[39m packages/safe-js/src/interp/methods/array-iterators.test.ts [2m([22m[2m27 tests[22m[2m)[22m[33m 1661[2mms[22m[39m
validate / unit	UNKNOWN STEP	2026-09-12T19:54:15.1251253Z    [33m[2m✓[22m[39m resumes an iterator across a pending host effect [33m 380[2mms[22m[39m
validate / unit	UNKNOWN STEP	2026-09-12T19:54:15.3321113Z  [32m✓[39m packages/safe-js/src/loader/extract-block.test.ts [2m([22m[2m24 tests[22m[2m)[22m[32m 14[2mms[22m[39m
validate / unit	UNKNOWN STEP	2026-09-12T19:54:15.9064903Z  [32m✓[39m packages/safe-js/src/interp/regex/compile-ownership.test.ts [2m([22m[2m11 tests[22m[2m)[22m[33m 829[2mms[22m[39m
validate / unit	UNKNOWN STEP	2026-09-12T19:54:16.8857891Z  [32m✓[39m packages/safe-js/src/snapshot/array-shape.test.ts [2m([22m[2m19 tests[22m[2m)[22m[33m 685[2mms[22m[39m
validate / unit	UNKNOWN STEP	2026-09-12T19:54:16.8859911Z      [33m[2m✓[22m[39m serializes sparse automatic checkpoints and resumes with preserved shape [33m 320[2mms[22m[39m
validate / unit	UNKNOWN STEP	2026-09-12T19:54:17.2561090Z  [32m✓[39m packages/safe-js/src/interp/methods/string-replacement.test.ts [2m([22m[2m98 tests[22m[2m)[22m[33m 464[2mms[22m[39m
validate / unit	UNKNOWN STEP	2026-09-12T19:54:19.9042268Z  [32m✓[39m packages/safe-js/src/interp/function-has-instance-prototype.test.ts [2m([22m[2m25 tests[22m[2m)[22m[33m 2103[2mms[22m[39m
validate / unit	UNKNOWN STEP	2026-09-12T19:54:19.9057796Z    [33m[2m✓[22m[39m replays a borrowed has-instance method across a pending effect [33m 418[2mms[22m[39m
validate / unit	UNKNOWN STEP	2026-09-12T19:54:20.8035748Z  [32m✓[39m packages/safe-js/src/interp/globals/set-construction.test.ts [2m([22m[2m38 tests[22m[2m)[22m[33m 2629[2mms[22m[39m
validate / unit	UNKNOWN STEP	2026-09-12T19:54:20.8050704Z      [33m[2m✓[22m[39m keeps the original capacity budget when cleanup also exhausts a budget [33m 436[2mms[22m[39m
validate / unit	UNKNOWN STEP	2026-09-12T19:54:21.0759064Z  [32m✓[39m packages/safe-js/src/snapshot/shared-array-buffer.test.ts [2m([22m[2m25 tests[22m[2m)[22m[32m 270[2mms[22m[39m
validate / unit	UNKNOWN STEP	2026-09-12T19:54:22.6904269Z  [32m✓[39m packages/safe-js/src/interp/intrinsics.test.ts [2m([22m[2m15 tests[22m[2m)[22m[33m 755[2mms[22m[39m
validate / unit	UNKNOWN STEP	2026-09-12T19:54:23.8910294Z  [32m✓[39m packages/safe-js/src/interp/promise-continuations.test.ts [2m([22m[2m7 tests[22m[2m)[22m[33m 310[2mms[22m[39m
validate / unit	UNKNOWN STEP	2026-09-12T19:54:26.9421227Z  [32m✓[39m packages/safe-js/src/interp/methods/regex-invocation.test.ts [2m([22m[2m94 tests[22m[2m)[22m[33m 5211[2mms[22m[39m
validate / unit	UNKNOWN STEP	2026-09-12T19:54:27.1879330Z  [32m✓[39m packages/safe-js/src/interp/methods/string-concat.test.ts [2m([22m[2m34 tests[22m[2m)[22m[33m 2388[2mms[22m[39m
validate / unit	UNKNOWN STEP	2026-09-12T19:54:27.1881800Z      [33m[2m✓[22m[39m restores a checkpoint captured inside a coercion hook [33m 336[2mms[22m[39m
validate / unit	UNKNOWN STEP	2026-09-12T19:54:29.2084389Z  [32m✓[39m packages/safe-js/src/interp/methods/regex-cursor.test.ts [2m([22m[2m412 tests[22m[2m)[22m[33m 1342[2mms[22m[39m
validate / unit	UNKNOWN STEP	2026-09-12T19:54:31.2371454Z  [32m✓[39m packages/safe-js/src/interp/iterator-lazy-helpers.test.ts [2m([22m[2m44 tests[22m[2m)[22m[33m 3166[2mms[22m[39m
validate / unit	UNKNOWN STEP	2026-09-12T19:54:32.7451732Z  [32m✓[39m packages/safe-js/src/interp/globals/array-from-async.test.ts [2m([22m[2m33 tests[22m[2m)[22m[33m 2655[2mms[22m[39m
validate / unit	UNKNOWN STEP	2026-09-12T19:54:32.7454317Z    [33m[2m✓[22m[39m does not suppress a fatal budget error in async cleanup [33m 435[2mms[22m[39m
validate / unit	UNKNOWN STEP	2026-09-12T19:54:35.5057689Z  [32m✓[39m packages/safe-js/src/interp/globals/collection-object-model.test.ts [2m([22m[2m34 tests[22m[2m)[22m[33m 3380[2mms[22m[39m
validate / unit	UNKNOWN STEP	2026-09-12T19:54:35.5076802Z    [33m[2m✓[22m[39m preserves 'Map' prototype state in 'pending' checkpoints [33m 476[2mms[22m[39m
validate / unit	UNKNOWN STEP	2026-09-12T19:54:35.5078853Z    [33m[2m✓[22m[39m preserves 'Map' prototype state in 'completed' checkpoints [33m 415[2mms[22m[39m
validate / unit	UNKNOWN STEP	2026-09-12T19:54:35.5081569Z    [33m[2m✓[22m[39m preserves 'Set' prototype state in 'pending' checkpoints [33m 325[2mms[22m[39m
validate / unit	UNKNOWN STEP	2026-09-12T19:54:35.8119949Z  [32m✓[39m packages/safe-js/src/interp/float32-filter.test.ts [2m([22m[2m25 tests[22m[2m)[22m[33m 2128[2mms[22m[39m
validate / unit	UNKNOWN STEP	2026-09-12T19:54:35.8121680Z    [33m[2m✓[22m[39m preserves filter through two snapshot round-trips [33m 490[2mms[22m[39m
validate / unit	UNKNOWN STEP	2026-09-12T19:54:36.4050690Z  [32m✓[39m packages/safe-js/src/modules/harness.test.ts [2m([22m[2m12 tests[22m[2m)[22m[32m 16[2mms[22m[39m
validate / unit	UNKNOWN STEP	2026-09-12T19:54:39.1538424Z  [32m✓[39m packages/safe-js/src/interp/error-intrinsic-prototypes.test.ts [2m([22m[2m34 tests[22m[2m)[22m[33m 2450[2mms[22m[39m
validate / unit	UNKNOWN STEP	2026-09-12T19:54:39.1539530Z    [33m[2m✓[22m[39m preserves a host Error's guest prototype across replay (async=false) [33m 305[2mms[22m[39m
validate / unit	UNKNOWN STEP	2026-09-12T19:54:40.0809202Z  [32m✓[39m packages/safe-js/src/interp/methods/ctx-001-integration.test.ts [2m([22m[2m10 tests[22m[2m)[22m[33m 2808[2mms[22m[39m
validate / unit	UNKNOWN STEP	2026-09-12T19:54:40.0811440Z      [33m[2m✓[22m[39m 'keeps distinct receivers across alias…' [33m 520[2mms[22m[39m
validate / unit	UNKNOWN STEP	2026-09-12T19:54:40.0812997Z      [33m[2m✓[22m[39m 'preserves nested arrow and bound rece…' [33m 383[2mms[22m[39m
validate / unit	UNKNOWN STEP	2026-09-12T19:54:40.0814824Z      [33m[2m✓[22m[39m restores nested aliased callback receivers across an active checkpoint [33m 405[2mms[22m[39m
validate / unit	UNKNOWN STEP	2026-09-12T19:54:41.1467959Z  [32m✓[39m packages/safe-js/src/interp/globals/math-f16round.test.ts [2m([22m[2m59 tests[22m[2m | [22m[33m1 skipped[39m[2m)[22m[32m 182[2mms[22m[39m
validate / unit	UNKNOWN STEP	2026-09-12T19:54:41.9927466Z  [32m✓[39m packages/safe-js/src/interp/array-buffer-transfer.test.ts [2m([22m[2m25 tests[22m[2m)[22m[33m 1925[2mms[22m[39m
validate / unit	UNKNOWN STEP	2026-09-12T19:54:41.9929265Z    [33m[2m✓[22m[39m preserves transferred result storage through two snapshot round-trips [33m 494[2mms[22m[39m
validate / unit	UNKNOWN STEP	2026-09-12T19:54:42.2286106Z  [32m✓[39m packages/safe-js/src/lint/rules/AS013.test.ts [2m([22m[2m11 tests[22m[2m)[22m[32m 20[2mms[22m[39m
validate / unit	UNKNOWN STEP	2026-09-12T19:54:43.9919997Z  [32m✓[39m packages/safe-js/src/interp/uint8array.test.ts [2m([22m[2m28 tests[22m[2m)[22m[33m 1952[2mms[22m[39m
validate / unit	UNKNOWN STEP	2026-09-12T19:54:43.9922026Z    [33m[2m✓[22m[39m preserves mixed views and their concrete kinds through repeated snapshots [33m 548[2mms[22m[39m
validate / unit	UNKNOWN STEP	2026-09-12T19:54:44.9356318Z  [32m✓[39m packages/safe-js/src/interp/array-buffer-transfer-fixed.test.ts [2m([22m[2m22 tests[22m[2m)[22m[33m 1804[2mms[22m[39m
validate / unit	UNKNOWN STEP	2026-09-12T19:54:44.9358778Z    [33m[2m✓[22m[39m preserves transferred result storage through two snapshot round-trips [33m 514[2mms[22m[39m
validate / unit	UNKNOWN STEP	2026-09-12T19:54:47.9579364Z  [32m✓[39m packages/safe-js/src/snapshot/dynamic-source.test.ts [2m([22m[2m18 tests[22m[2m)[22m[33m 2101[2mms[22m[39m
validate / unit	UNKNOWN STEP	2026-09-12T19:54:47.9581924Z    [33m[2m✓[22m[39m validates await context in restored module source: run [33m 307[2mms[22m[39m
validate / unit	UNKNOWN STEP	2026-09-12T19:54:47.9584978Z    [33m[2m✓[22m[39m validates await context in restored module source: interpreter [33m 315[2mms[22m[39m
validate / unit	UNKNOWN STEP	2026-09-12T19:54:48.2452008Z  [32m✓[39m packages/safe-js/src/interp/intermediate-retention.test.ts [2m([22m[2m49 tests[22m[2m)[22m[33m 3298[2mms[22m[39m
validate / unit	UNKNOWN STEP	2026-09-12T19:54:50.1171955Z  [32m✓[39m packages/safe-js/src/interp/data-budget.test.ts [2m([22m[2m15 tests[22m[2m)[22m[33m 992[2mms[22m[39m
validate / unit	UNKNOWN STEP	2026-09-12T19:54:51.2228113Z  [32m✓[39m packages/safe-js/src/modules/time.test.ts [2m([22m[2m19 tests[22m[2m)[22m[32m 241[2mms[22m[39m
validate / unit	UNKNOWN STEP	2026-09-12T19:54:52.1524639Z  [32m✓[39m packages/safe-js/src/interp/globals/json-parse-reviver.test.ts [2m([22m[2m40 tests[22m[2m)[22m[33m 3298[2mms[22m[39m
validate / unit	UNKNOWN STEP	2026-09-12T19:54:52.1527520Z    [33m[2m✓[22m[39m restores pending reviver checkpoints [33m 342[2mms[22m[39m
validate / unit	UNKNOWN STEP	2026-09-12T19:54:54.5888239Z  [32m✓[39m packages/safe-js/src/modules/fs.option-surface.test.ts [2m([22m[2m29 tests[22m[2m)[22m[32m 10[2mms[22m[39m
validate / unit	UNKNOWN STEP	2026-09-12T19:54:57.6617273Z  [32m✓[39m packages/safe-js/src/interp/symbol.test.ts [2m([22m[2m41 tests[22m[2m)[22m[33m 2192[2mms[22m[39m
validate / unit	UNKNOWN STEP	2026-09-12T19:54:57.6619066Z      [33m[2m✓[22m[39m preserves symbol identity and symbol-keyed properties through a checkpoint [33m 308[2mms[22m[39m
validate / unit	UNKNOWN STEP	2026-09-12T19:54:58.5204820Z  [32m✓[39m packages/safe-js/src/snapshot/replay-data.test.ts [2m([22m[2m19 tests[22m[2m)[22m[32m 26[2mms[22m[39m
validate / unit	UNKNOWN STEP	2026-09-12T19:55:00.5958226Z  [32m✓[39m packages/safe-js/src/interp/iterator-close.test.ts [2m([22m[2m25 tests[22m[2m)[22m[33m 1186[2mms[22m[39m
validate / unit	UNKNOWN STEP	2026-09-12T19:55:00.5960606Z      [33m[2m✓[22m[39m preserves the body error after checkpoint resume [33m 430[2mms[22m[39m
validate / unit	UNKNOWN STEP	2026-09-12T19:55:02.3229480Z  [32m✓[39m packages/safe-js/src/interp/function-default-exports.test.ts [2m([22m[2m40 tests[22m[2m)[22m[33m 858[2mms[22m[39m
validate / unit	UNKNOWN STEP	2026-09-12T19:55:02.3230815Z      [33m[2m✓[22m[39m preserves live alias across checkpoints [33m 385[2mms[22m[39m
validate / unit	UNKNOWN STEP	2026-09-12T19:55:03.1877040Z  [32m✓[39m packages/safe-js/src/interp/async-generator-driver.test.ts [2m([22m[2m9 tests[22m[2m)[22m[32m 33[2mms[22m[39m
validate / unit	UNKNOWN STEP	2026-09-12T19:55:03.4154062Z  [32m✓[39m packages/safe-js/test/conformance/isolate.test.ts [2m([22m[2m27 tests[22m[2m)[22m[32m 29[2mms[22m[39m
validate / unit	UNKNOWN STEP	2026-09-12T19:55:03.6535621Z  [32m✓[39m packages/safe-js/src/parse/generator.test.ts [2m([22m[2m50 tests[22m[2m)[22m[32m 47[2mms[22m[39m
validate / unit	UNKNOWN STEP	2026-09-12T19:55:14.0506419Z  [32m✓[39m packages/safe-js/src/snapshot/mixed-source-closures.test.ts [2m([22m[2m16 tests[22m[2m)[22m[33m 9577[2mms[22m[39m
validate / unit	UNKNOWN STEP	2026-09-12T19:55:14.0508343Z    [33m[2m✓[22m[39m preserves distinct function bodies and captured state from return ()=>1 [33m 908[2mms[22m[39m
validate / unit	UNKNOWN STEP	2026-09-12T19:55:14.0510446Z    [33m[2m✓[22m[39m preserves distinct function bodies and captured state from const value=1;return ()=>value [33m 608[2mms[22m[39m
validate / unit	UNKNOWN STEP	2026-09-12T19:55:14.0512440Z    [33m[2m✓[22m[39m preserves distinct function bodies and captured state from class C { value=1 };return ()=>new C().value [33m 619[2mms[22m[39m
validate / unit	UNKNOWN STEP	2026-09-12T19:55:14.0514521Z    [33m[2m✓[22m[39m preserves distinct function bodies and captured state from function* f(){yield 0;yield 1};const g=f();g.next();return ()=>g.next().value [33m 680[2mms[22m[39m
validate / unit	UNKNOWN STEP	2026-09-12T19:55:14.0516881Z    [33m[2m✓[22m[39m preserves distinct function bodies and captured state from class C { #value=1;read(){return this.#value} };return ()=>new C().read() [33m 665[2mms[22m[39m
validate / unit	UNKNOWN STEP	2026-09-12T19:55:14.0520078Z    [33m[2m✓[22m[39m preserves distinct function bodies and captured state from const c=Promise.withResolvers();const p=(async()=>{await c.promise;return 1})();return async()=>{c.resolve();return await p} [33m 756[2mms[22m[39m
validate / unit	UNKNOWN STEP	2026-09-12T19:55:14.0523064Z    [33m[2m✓[22m[39m preserves distinct function bodies and captured state from async function* f(){yield 0;yield 1};const g=f();await g.next();return async()=>(await g.next()).value [33m 691[2mms[22m[39m
validate / unit	UNKNOWN STEP	2026-09-12T19:55:14.0525758Z    [33m[2m✓[22m[39m preserves distinct function bodies and captured state from function* f(){try {yield 0}finally {yield 1}};const g=f();g.next();return ()=>g.next().value [33m 662[2mms[22m[39m
validate / unit	UNKNOWN STEP	2026-09-12T19:55:14.0530376Z    [33m[2m✓[22m[39m preserves distinct function bodies and captured state from class Base {read(){return 1}}class Derived extends Base {read(){return super.read()}}return ()=>new Derived().read() [33m 616[2mms[22m[39m
validate / unit	UNKNOWN STEP	2026-09-12T19:55:14.0532988Z    [33m[2m✓[22m[39m preserves distinct function bodies and captured state from const value=1;const read=eval('()=>value');return ()=>read() [33m 602[2mms[22m[39m
validate / unit	UNKNOWN STEP	2026-09-12T19:55:14.0535009Z    [33m[2m✓[22m[39m preserves distinct function bodies and captured state from const read=Function('return 1');return ()=>read() [33m 565[2mms[22m[39m
validate / unit	UNKNOWN STEP	2026-09-12T19:55:14.0537422Z    [33m[2m✓[22m[39m preserves distinct function bodies and captured state from class Base {constructor(){this.value=1}}class Derived extends Base {constructor(){super()}}return ()=>new Derived().value [33m 617[2mms[22m[39m
validate / unit	UNKNOWN STEP	2026-09-12T19:55:14.0539912Z    [33m[2m✓[22m[39m preserves captured template arrays from different source texts [33m 351[2mms[22m[39m
validate / unit	UNKNOWN STEP	2026-09-12T19:55:14.0541291Z    [33m[2m✓[22m[39m reuses each restored template site with other source first [33m 576[2mms[22m[39m
validate / unit	UNKNOWN STEP	2026-09-12T19:55:14.0542622Z    [33m[2m✓[22m[39m reuses each restored template site with other source second [33m 511[2mms[22m[39m
validate / unit	UNKNOWN STEP	2026-09-12T19:55:14.9452064Z  [32m✓[39m packages/safe-js/src/snapshot/symbol-replay.test.ts [2m([22m[2m16 tests[22m[2m)[22m[32m 26[2mms[22m[39m
validate / unit	UNKNOWN STEP	2026-09-12T19:55:15.1383648Z  [32m✓[39m packages/safe-js/src/modules/log.test.ts [2m([22m[2m10 tests[22m[2m)[22m[32m 21[2mms[22m[39m
validate / unit	UNKNOWN STEP	2026-09-12T19:55:18.6952043Z  [32m✓[39m packages/safe-js/src/interp/methods/function-to-string.test.ts [2m([22m[2m51 tests[22m[2m)[22m[33m 2712[2mms[22m[39m
validate / unit	UNKNOWN STEP	2026-09-12T19:55:21.6246223Z  [32m✓[39m packages/safe-js/src/interp/float32-to-sorted.test.ts [2m([22m[2m25 tests[22m[2m)[22m[33m 2066[2mms[22m[39m
validate / unit	UNKNOWN STEP	2026-09-12T19:55:21.6271340Z    [33m[2m✓[22m[39m preserves toSorted through two snapshot round-trips [33m 465[2mms[22m[39m
validate / unit	UNKNOWN STEP	2026-09-12T19:55:23.4161765Z  [32m✓[39m packages/safe-js/test/conformance/corpus.test.ts [2m([22m[2m11 tests[22m[2m)[22m[33m 814[2mms[22m[39m
validate / unit	UNKNOWN STEP	2026-09-12T19:55:26.1320407Z  [32m✓[39m packages/safe-js/src/interp/date-properties.test.ts [2m([22m[2m33 tests[22m[2m)[22m[33m 1806[2mms[22m[39m
validate / unit	UNKNOWN STEP	2026-09-12T19:55:28.5720304Z  [32m✓[39m packages/safe-js/src/interp/function-prototype.test.ts [2m([22m[2m24 tests[22m[2m)[22m[33m 1520[2mms[22m[39m
validate / unit	UNKNOWN STEP	2026-09-12T19:55:29.2622996Z  [32m✓[39m packages/safe-js/src/interp/methods/string-split.independent.test.ts [2m([22m[2m808 tests[22m[2m)[22m[33m 37153[2mms[22m[39m
validate / unit	UNKNOWN STEP	2026-09-12T19:55:29.2625379Z      [33m[2m✓[22m[39m preserves typed slots for /'a((b)(c)?)?'/'s' on ''xaYabZ'', limit +0 [33m 428[2mms[22m[39m
validate / unit	UNKNOWN STEP	2026-09-12T19:55:29.2627191Z      [33m[2m✓[22m[39m preserves typed slots for /'()'/'gims' on ''a\n🧪'', limit 2 [33m 1009[2mms[22m[39m
validate / unit	UNKNOWN STEP	2026-09-12T19:55:31.6109005Z  [32m✓[39m packages/safe-js/src/parse/contextual-from-validation.test.ts [2m([22m[2m59 tests[22m[2m)[22m[33m 1352[2mms[22m[39m
validate / unit	UNKNOWN STEP	2026-09-12T19:55:32.3869263Z  [32m✓[39m packages/safe-js/src/interp/receiver-retention.test.ts [2m([22m[2m34 tests[22m[2m)[22m[33m 2829[2mms[22m[39m
validate / unit	UNKNOWN STEP	2026-09-12T19:55:32.6151917Z  [32m✓[39m packages/safe-js/src/interp/guest-proxy-prototype.test.ts [2m([22m[2m21 tests[22m[2m)[22m[32m 63[2mms[22m[39m
validate / unit	UNKNOWN STEP	2026-09-12T19:55:33.3508725Z  [32m✓[39m packages/safe-js/src/snapshot/obj-002-validation.test.ts [2m([22m[2m17 tests[22m[2m)[22m[32m 68[2mms[22m[39m
validate / unit	UNKNOWN STEP	2026-09-12T19:55:34.2597155Z  [32m✓[39m packages/safe-js/src/interp/methods/number.test.ts [2m([22m[2m9 tests[22m[2m)[22m[32m 18[2mms[22m[39m
validate / unit	UNKNOWN STEP	2026-09-12T19:55:35.2916792Z  [32m✓[39m packages/safe-js/src/interp/numberformat-backend.test.ts [2m([22m[2m32 tests[22m[2m)[22m[32m 212[2mms[22m[39m
validate / unit	UNKNOWN STEP	2026-09-12T19:55:36.1251952Z  [32m✓[39m packages/safe-js/src/interp/template-coercion.test.ts [2m([22m[2m37 tests[22m[2m)[22m[33m 2598[2mms[22m[39m
validate / unit	UNKNOWN STEP	2026-09-12T19:55:36.1254302Z      [33m[2m✓[22m[39m coerces a sent generator value after restoring a suspended template [33m 355[2mms[22m[39m
validate / unit	UNKNOWN STEP	2026-09-12T19:55:38.0115491Z  [32m✓[39m packages/safe-js/src/interp/globals/promise-method-species.test.ts [2m([22m[2m19 tests[22m[2m)[22m[33m 1813[2mms[22m[39m
validate / unit	UNKNOWN STEP	2026-09-12T19:55:38.0117520Z    [33m[2m✓[22m[39m preserves custom species across pending replay checkpoints [33m 360[2mms[22m[39m
validate / unit	UNKNOWN STEP	2026-09-12T19:55:39.0273065Z  [32m✓[39m packages/safe-js/src/interp/in-operator.test.ts [2m([22m[2m29 tests[22m[2m)[22m[33m 1947[2mms[22m[39m
validate / unit	UNKNOWN STEP	2026-09-12T19:55:39.3284163Z  [32m✓[39m packages/safe-js/src/loader/frontmatter.test.ts [2m([22m[2m21 tests[22m[2m)[22m[32m 63[2mms[22m[39m
validate / unit	UNKNOWN STEP	2026-09-12T19:55:40.5002826Z  [32m✓[39m packages/safe-js/src/interp/methods/string-split.test.ts [2m([22m[2m49 tests[22m[2m)[22m[32m 273[2mms[22m[39m
validate / unit	UNKNOWN STEP	2026-09-12T19:55:41.1146348Z  [32m✓[39m packages/safe-js/src/interp/float32-sort.test.ts [2m([22m[2m28 tests[22m[2m)[22m[33m 2227[2mms[22m[39m
validate / unit	UNKNOWN STEP	2026-09-12T19:55:41.1147310Z    [33m[2m✓[22m[39m preserves sort through two snapshot round-trips [33m 552[2mms[22m[39m
validate / unit	UNKNOWN STEP	2026-09-12T19:55:42.3667384Z  [32m✓[39m packages/safe-js/src/snapshot/regex-cursor-data.test.ts [2m([22m[2m53 tests[22m[2m)[22m[33m 924[2mms[22m[39m
validate / unit	UNKNOWN STEP	2026-09-12T19:55:42.3669581Z      [33m[2m✓[22m[39m replays a pending effect before cursor coercion without losing closure or aliases [33m 502[2mms[22m[39m
validate / unit	UNKNOWN STEP	2026-09-12T19:55:43.6143145Z  [32m✓[39m packages/safe-js/src/interp/methods/string-to-well-formed.test.ts [2m([22m[2m44 tests[22m[2m)[22m[33m 1610[2mms[22m[39m
validate / unit	UNKNOWN STEP	2026-09-12T19:55:45.5025718Z  [32m✓[39m packages/safe-js/src/interp/object-method-super.test.ts [2m([22m[2m36 tests[22m[2m)[22m[33m 2223[2mms[22m[39m
validate / unit	UNKNOWN STEP	2026-09-12T19:55:45.5053601Z      [33m[2m✓[22m[39m preserves ordinary method control through a checkpoint [33m 453[2mms[22m[39m
validate / unit	UNKNOWN STEP	2026-09-12T19:55:45.8551449Z  [32m✓[39m packages/safe-js/src/interp/globals/map-upsert.test.ts [2m([22m[2m17 tests[22m[2m)[22m[33m 1335[2mms[22m[39m
validate / unit	UNKNOWN STEP	2026-09-12T19:55:46.7256423Z  [32m✓[39m packages/safe-js/src/interp/globals/misc.test.ts [2m([22m[2m9 tests[22m[2m)[22m[33m 316[2mms[22m[39m
validate / unit	UNKNOWN STEP	2026-09-12T19:55:49.2385739Z  [32m✓[39m packages/safe-js/src/interp/globals/intl-relativetimeformat.test.ts [2m([22m[2m28 tests[22m[2m)[22m[33m 2489[2mms[22m[39m
validate / unit	UNKNOWN STEP	2026-09-12T19:55:49.2388449Z    [33m[2m✓[22m[39m restores RelativeTimeFormat state, aliases and custom prototype through repeated snapshots [33m 527[2mms[22m[39m
validate / unit	UNKNOWN STEP	2026-09-12T19:55:51.1150638Z  [32m✓[39m packages/safe-js/src/interp/globals/object-from-entries-iterables.test.ts [2m([22m[2m26 tests[22m[2m)[22m[33m 1028[2mms[22m[39m
validate / unit	UNKNOWN STEP	2026-09-12T19:55:52.1532076Z  [32m✓[39m packages/safe-js/src/interp/source-exceptions.boundaries.test.ts [2m([22m[2m84 tests[22m[2m)[22m[33m 4554[2mms[22m[39m
validate / unit	UNKNOWN STEP	2026-09-12T19:55:53.3793470Z  [32m✓[39m packages/safe-js/test/conformance/realm.test.ts [2m([22m[2m15 tests[22m[2m)[22m[33m 1428[2mms[22m[39m
validate / unit	UNKNOWN STEP	2026-09-12T19:55:53.3797016Z    [33m[2m✓[22m[39m shares the test's work allowance across child realms [33m 396[2mms[22m[39m
validate / unit	UNKNOWN STEP	2026-09-12T19:55:54.7380686Z  [32m✓[39m packages/safe-js/src/interp/methods/string-to-well-formed.independent.test.ts [2m([22m[2m9 tests[22m[2m)[22m[33m 481[2mms[22m[39m
validate / unit	UNKNOWN STEP	2026-09-12T19:55:54.9713492Z  [32m✓[39m packages/safe-js/src/lint/rules/AS005.test.ts [2m([22m[2m13 tests[22m[2m)[22m[32m 18[2mms[22m[39m
validate / unit	UNKNOWN STEP	2026-09-12T19:55:55.0952055Z  [32m✓[39m packages/safe-js/src/interp/globals/promise-result-realm.test.ts [2m([22m[2m13 tests[22m[2m)[22m[33m 2015[2mms[22m[39m
validate / unit	UNKNOWN STEP	2026-09-12T19:55:55.0953110Z    [33m[2m✓[22m[39m retains Promise.all result prototypes through replay [33m 315[2mms[22m[39m
validate / unit	UNKNOWN STEP	2026-09-12T19:55:55.3209101Z  [32m✓[39m packages/safe-js/src/parse/format-error.test.ts [2m([22m[2m13 tests[22m[2m)[22m[32m 22[2mms[22m[39m
validate / unit	UNKNOWN STEP	2026-09-12T19:55:56.0602494Z  [32m✓[39m packages/safe-js/src/interp/values-bookkeeping-validation.test.ts [2m([22m[2m16 tests[22m[2m)[22m[32m 200[2mms[22m[39m
validate / unit	UNKNOWN STEP	2026-09-12T19:55:56.7615000Z  [32m✓[39m packages/safe-js/src/snapshot/array-buffer.test.ts [2m([22m[2m22 tests[22m[2m)[22m[33m 580[2mms[22m[39m
validate / unit	UNKNOWN STEP	2026-09-12T19:55:57.6832671Z  [32m✓[39m packages/safe-js/src/interp/intrinsic-retention-allocation.test.ts [2m([22m[2m6 tests[22m[2m)[22m[32m 16[2mms[22m[39m
validate / unit	UNKNOWN STEP	2026-09-12T19:55:57.8985216Z  [32m✓[39m packages/safe-js/test/array-observer-contract.test.ts [2m([22m[2m25 tests[22m[2m)[22m[32m 16[2mms[22m[39m
validate / unit	UNKNOWN STEP	2026-09-12T19:56:00.3437065Z  [32m✓[39m packages/safe-js/src/interp/float32-fill.test.ts [2m([22m[2m20 tests[22m[2m)[22m[33m 1596[2mms[22m[39m
validate / unit	UNKNOWN STEP	2026-09-12T19:56:00.3439254Z    [33m[2m✓[22m[39m preserves fill through two snapshot round-trips [33m 454[2mms[22m[39m
validate / unit	UNKNOWN STEP	2026-09-12T19:56:02.3069184Z  [32m✓[39m packages/safe-js/src/run.random.test.ts [2m([22m[2m28 tests[22m[2m)[22m[33m 5339[2mms[22m[39m
validate / unit	UNKNOWN STEP	2026-09-12T19:56:02.3091694Z      [33m[2m✓[22m[39m resumes 'for (let index = 0; index < 3; index …' with 'values.push(Math.random()); await wai…' [33m 476[2mms[22m[39m
validate / unit	UNKNOWN STEP	2026-09-12T19:56:02.3094646Z      [33m[2m✓[22m[39m records enough state to reproduce 128 draws without an explicit seed [33m 316[2mms[22m[39m
validate / unit	UNKNOWN STEP	2026-09-12T19:56:02.5887921Z  [32m✓[39m packages/safe-js/src/parse/parse-export.test.ts [2m([22m[2m9 tests[22m[2m)[22m[32m 23[2mms[22m[39m
validate / unit	UNKNOWN STEP	2026-09-12T19:56:03.4804772Z  [32m✓[39m packages/safe-js/src/interp/methods/function.test.ts [2m([22m[2m11 tests[22m[2m)[22m[32m 64[2mms[22m[39m
validate / unit	UNKNOWN STEP	2026-09-12T19:56:05.0211595Z  [32m✓[39m packages/safe-js/src/snapshot/pending-promise-continuations.test.ts [2m([22m[2m16 tests[22m[2m)[22m[33m 3775[2mms[22m[39m
validate / unit	UNKNOWN STEP	2026-09-12T19:56:05.0214713Z    [33m[2m✓[22m[39m restores a pending promise continuation: const {promise,resolve}=Promise.withResolvers();return async()=>{resolve(7);return await promise} [33m 448[2mms[22m[39m
validate / unit	UNKNOWN STEP	2026-09-12T19:56:05.0222565Z    [33m[2m✓[22m[39m restores a pending promise continuation: const {promise,reject}=Promise.withResolvers();return async()=>{reject('reason');try{await promise}catch(error){return error}} [33m 305[2mms[22m[39m
validate / unit	UNKNOWN STEP	2026-09-12T19:56:07.4391281Z  [32m✓[39m packages/safe-js/src/snapshot/constructor-environments.test.ts [2m([22m[2m14 tests[22m[2m)[22m[33m 3071[2mms[22m[39m
validate / unit	UNKNOWN STEP	2026-09-12T19:56:07.4394446Z    [33m[2m✓[22m[39m restores retained constructor state: let finish;class B{constructor(){this.value=1}}class Other{constructor(){this.value=9}}class D extends B{constructor(){finish=()=>super();return {}}}new D();return ()=>{Object.setPrototypeOf(D,Other);return finish().value} [33m 349[2mms[22m[39m
validate / unit	UNKNOWN STEP	2026-09-12T19:56:07.4399506Z    [33m[2m✓[22m[39m restores retained constructor state: let constructions=0;class P extends Promise{constructor(executor){constructions++;super((resolve,reject)=>executor(value=>resolve(value),reason=>reject(reason)))}}const c=Promise.withResolvers();const result=P.all([c.promise]);return async()=>{const before=constructions;c.resolve(7);return [await result,before,constructions]} [33m 418[2mms[22m[39m
validate / unit	UNKNOWN STEP	2026-09-12T19:56:07.9190471Z  [32m✓[39m packages/safe-js/src/interp/globals/promise-prototype-lifetime.test.ts [2m([22m[2m17 tests[22m[2m)[22m[33m 1995[2mms[22m[39m
validate / unit	UNKNOWN STEP	2026-09-12T19:56:10.2052219Z  [32m✓[39m packages/safe-js/src/interp/globals/error-string-coercion.test.ts [2m([22m[2m29 tests[22m[2m)[22m[33m 1391[2mms[22m[39m
validate / unit	UNKNOWN STEP	2026-09-12T19:56:10.8190266Z  [32m✓[39m packages/safe-js/src/interp/float32-species.test.ts [2m([22m[2m21 tests[22m[2m)[22m[33m 2450[2mms[22m[39m
validate / unit	UNKNOWN STEP	2026-09-12T19:56:10.8206733Z    [33m[2m✓[22m[39m preserves slice species through snapshots [33m 477[2mms[22m[39m
validate / unit	UNKNOWN STEP	2026-09-12T19:56:10.8208644Z    [33m[2m✓[22m[39m preserves subarray species through snapshots [33m 393[2mms[22m[39m
validate / unit	UNKNOWN STEP	2026-09-12T19:56:14.2042508Z  [32m✓[39m packages/safe-js/src/run.string-coercion.test.ts [2m([22m[2m8 tests[22m[2m)[22m[33m 2870[2mms[22m[39m
validate / unit	UNKNOWN STEP	2026-09-12T19:56:14.2045182Z      [33m[2m✓[22m[39m keeps host capabilities opaque without invoking them during conversion or capture [33m 565[2mms[22m[39m
validate / unit	UNKNOWN STEP	2026-09-12T19:56:14.2047104Z      [33m[2m✓[22m[39m preserves named host policy through active hook stringCoercionNamedOnly [33m 397[2mms[22m[39m
validate / unit	UNKNOWN STEP	2026-09-12T19:56:14.2048814Z      [33m[2m✓[22m[39m journals synchronous host work inside a guest hook exactly once [33m 337[2mms[22m[39m
validate / unit	UNKNOWN STEP	2026-09-12T19:56:14.2050695Z      [33m[2m✓[22m[39m preserves receiver, hook aliases, counts and replay for {} [33m 470[2mms[22m[39m
validate / unit	UNKNOWN STEP	2026-09-12T19:56:14.2052380Z      [33m[2m✓[22m[39m preserves receiver, hook aliases, counts and replay for new TypeError("before") [33m 412[2mms[22m[39m
validate / unit	UNKNOWN STEP	2026-09-12T19:56:14.2054397Z      [33m[2m✓[22m[39m preserves receiver, hook aliases, counts and replay for [1, 2] [33m 336[2mms[22m[39m
validate / unit	UNKNOWN STEP	2026-09-12T19:56:16.6801665Z  [32m✓[39m packages/safe-js/src/snapshot/array-buffer-detached.test.ts [2m([22m[2m14 tests[22m[2m)[22m[33m 1601[2mms[22m[39m
validate / unit	UNKNOWN STEP	2026-09-12T19:56:16.6804245Z    [33m[2m✓[22m[39m preserves detached views and metadata cycles through repeated snapshot round-trips [33m 471[2mms[22m[39m
validate / unit	UNKNOWN STEP	2026-09-12T19:56:16.6813364Z    [33m[2m✓[22m[39m restores a guest closure retaining a detached source, view and transferred result [33m 524[2mms[22m[39m
validate / unit	UNKNOWN STEP	2026-09-12T19:56:16.6815784Z    [33m[2m✓[22m[39m round-trips detached guest state through the public run, dump and restore APIs [33m 439[2mms[22m[39m
validate / unit	UNKNOWN STEP	2026-09-12T19:56:21.6186349Z  [32m✓[39m packages/safe-js/src/interp/methods/mapset-callback-replay.test.ts [2m([22m[2m4 tests[22m[2m)[22m[33m 4092[2mms[22m[39m
validate / unit	UNKNOWN STEP	2026-09-12T19:56:21.6187582Z      [33m[2m✓[22m[39m recovers a finite worklist from a budget checkpoint without repeating effects [33m 1193[2mms[22m[39m
validate / unit	UNKNOWN STEP	2026-09-12T19:56:21.6188613Z      [33m[2m✓[22m[39m preserves genuine pending boundaries and does not await callback return values [33m 1253[2mms[22m[39m
validate / unit	UNKNOWN STEP	2026-09-12T19:56:21.6189889Z      [33m[2m✓[22m[39m recovers a finite worklist from a budget checkpoint without repeating effects [33m 636[2mms[22m[39m
validate / unit	UNKNOWN STEP	2026-09-12T19:56:21.6191794Z      [33m[2m✓[22m[39m preserves genuine pending boundaries and does not await callback return values [33m 1007[2mms[22m[39m
validate / unit	UNKNOWN STEP	2026-09-12T19:56:24.1517137Z  [32m✓[39m packages/safe-js/src/interp/methods/string-receivers.test.ts [2m([22m[2m264 tests[22m[2m)[22m[33m 12431[2mms[22m[39m
validate / unit	UNKNOWN STEP	2026-09-12T19:56:24.4857851Z  [32m✓[39m packages/safe-js/src/interp/float16-array.test.ts [2m([22m[2m21 tests[22m[2m)[22m[33m 1979[2mms[22m[39m
validate / unit	UNKNOWN STEP	2026-09-12T19:56:24.4861508Z    [33m[2m✓[22m[39m preserves Float16 methods and backing aliases in public snapshots [33m 390[2mms[22m[39m
validate / unit	UNKNOWN STEP	2026-09-12T19:56:24.4863047Z    [33m[2m✓[22m[39m restores Float16 out-of-bounds fixed and tracking views [33m 313[2mms[22m[39m
validate / unit	UNKNOWN STEP	2026-09-12T19:56:25.2079937Z  [32m✓[39m packages/safe-js/src/interp/guest-proxy-descriptor.test.ts [2m([22m[2m41 tests[22m[2m)[22m[32m 109[2mms[22m[39m
validate / unit	UNKNOWN STEP	2026-09-12T19:56:25.4503171Z  [32m✓[39m packages/safe-js/src/lint/rules/AS006-007.test.ts [2m([22m[2m14 tests[22m[2m)[22m[32m 27[2mms[22m[39m
validate / unit	UNKNOWN STEP	2026-09-12T19:56:27.8456096Z  [32m✓[39m packages/safe-js/src/interp/methods/string-replace-exec.test.ts [2m([22m[2m25 tests[22m[2m)[22m[33m 2414[2mms[22m[39m
validate / unit	UNKNOWN STEP	2026-09-12T19:56:27.8460994Z      [33m[2m✓[22m[39m bounds nonterminating exec before invoking a replacer [33m 803[2mms[22m[39m
validate / unit	UNKNOWN STEP	2026-09-12T19:56:28.1039990Z  [32m✓[39m packages/safe-js/src/interp/float32-copy-within.test.ts [2m([22m[2m22 tests[22m[2m)[22m[33m 1776[2mms[22m[39m
validate / unit	UNKNOWN STEP	2026-09-12T19:56:28.1045880Z    [33m[2m✓[22m[39m preserves copyWithin through two snapshot round-trips [33m 468[2mms[22m[39m
validate / unit	UNKNOWN STEP	2026-09-12T19:56:28.9178953Z  [32m✓[39m packages/safe-js/src/interp/methods/array-with.independent.test.ts [2m([22m[2m12 tests[22m[2m)[22m[32m 189[2mms[22m[39m
validate / unit	UNKNOWN STEP	2026-09-12T19:56:29.8613922Z  [32m✓[39m packages/safe-js/src/interp/guest-proxy-extensibility.test.ts [2m([22m[2m18 tests[22m[2m)[22m[32m 43[2mms[22m[39m
validate / unit	UNKNOWN STEP	2026-09-12T19:56:32.4023585Z  [32m✓[39m packages/safe-js/src/interp/globals/promise-custom-prototype.test.ts [2m([22m[2m16 tests[22m[2m)[22m[33m 1685[2mms[22m[39m
validate / unit	UNKNOWN STEP	2026-09-12T19:56:32.4025587Z    [33m[2m✓[22m[39m preserves custom prototypes across pending replay checkpoints [33m 318[2mms[22m[39m
validate / unit	UNKNOWN STEP	2026-09-12T19:56:32.6197576Z  [32m✓[39m packages/safe-js/test/helpers/legacy-dump-graph.test.ts [2m([22m[2m28 tests[22m[2m)[22m[32m 31[2mms[22m[39m
validate / unit	UNKNOWN STEP	2026-09-12T19:56:32.8316642Z  [32m✓[39m packages/safe-js/src/lint/rules/AS-jsdoc-type.test.ts [2m([22m[2m14 tests[22m[2m)[22m[32m 22[2mms[22m[39m
validate / unit	UNKNOWN STEP	2026-09-12T19:56:39.1162156Z  [32m✓[39m packages/safe-js/src/interp/globals/numeric-parsing.test.ts [2m([22m[2m86 tests[22m[2m)[22m[33m 5416[2mms[22m[39m
validate / unit	UNKNOWN STEP	2026-09-12T19:56:39.1171232Z      [33m[2m✓[22m[39m preserves completed hook effects on replay [33m 302[2mms[22m[39m
validate / unit	UNKNOWN STEP	2026-09-12T19:56:39.9677493Z  [32m✓[39m packages/safe-js/src/interp/promise-replay.test.ts [2m([22m[2m18 tests[22m[2m)[22m[32m 16[2mms[22m[39m
validate / unit	UNKNOWN STEP	2026-09-12T19:56:40.8664780Z  [32m✓[39m packages/safe-js/src/interp/globals/error.test.ts [2m([22m[2m22 tests[22m[2m)[22m[32m 66[2mms[22m[39m
validate / unit	UNKNOWN STEP	2026-09-12T19:56:56.1534875Z  [32m✓[39m packages/safe-js/src/snapshot/mixed-realm-closures.test.ts [2m([22m[2m24 tests[22m[2m)[22m[33m 14431[2mms[22m[39m
validate / unit	UNKNOWN STEP	2026-09-12T19:56:56.1536587Z    [33m[2m✓[22m[39m restores the originating realm for '()=>[]' [33m 950[2mms[22m[39m
validate / unit	UNKNOWN STEP	2026-09-12T19:56:56.1538016Z    [33m[2m✓[22m[39m restores the originating realm for '()=>({})' [33m 574[2mms[22m[39m
validate / unit	UNKNOWN STEP	2026-09-12T19:56:56.1539416Z    [33m[2m✓[22m[39m restores the originating realm for '()=>/x/' [33m 598[2mms[22m[39m
validate / unit	UNKNOWN STEP	2026-09-12T19:56:56.1541075Z    [33m[2m✓[22m[39m restores the originating realm for '()=>new Map()' [33m 556[2mms[22m[39m
validate / unit	UNKNOWN STEP	2026-09-12T19:56:56.1542678Z    [33m[2m✓[22m[39m restores the originating realm for 'Function("return this")' [33m 698[2mms[22m[39m
validate / unit	UNKNOWN STEP	2026-09-12T19:56:56.1544488Z    [33m[2m✓[22m[39m restores the originating realm for '(()=>{const C=class { constructor(){r…' [33m 643[2mms[22m[39m
validate / unit	UNKNOWN STEP	2026-09-12T19:56:56.1546226Z    [33m[2m✓[22m[39m restores the originating realm for '(()=>{const C=class { constructor(){r…' [33m 604[2mms[22m[39m
validate / unit	UNKNOWN STEP	2026-09-12T19:56:56.1547750Z    [33m[2m✓[22m[39m restores the originating realm for '(()=>{const C=class { constructor(){r…' [33m 631[2mms[22m[39m
validate / unit	UNKNOWN STEP	2026-09-12T19:56:56.1549255Z    [33m[2m✓[22m[39m restores the originating realm for '(()=>{class C { value=[] };return ()=…' [33m 648[2mms[22m[39m
validate / unit	UNKNOWN STEP	2026-09-12T19:56:56.1551138Z    [33m[2m✓[22m[39m restores the originating realm for '(()=>{class C { #value={};get(){retur…' [33m 703[2mms[22m[39m
validate / unit	UNKNOWN STEP	2026-09-12T19:56:56.1552576Z    [33m[2m✓[22m[39m restores the originating realm for '(()=>{class B{};class C extends B { v…' [33m 631[2mms[22m[39m
validate / unit	UNKNOWN STEP	2026-09-12T19:56:56.1553884Z    [33m[2m✓[22m[39m restores the originating realm for '(()=>{function* f(){yield 0;while(tru…' [33m 809[2mms[22m[39m
validate / unit	UNKNOWN STEP	2026-09-12T19:56:56.1555391Z    [33m[2m✓[22m[39m restores the originating realm for '(()=>{function* f(){yield 0;while(tru…' [33m 612[2mms[22m[39m
validate / unit	UNKNOWN STEP	2026-09-12T19:56:56.1556783Z    [33m[2m✓[22m[39m restores the originating realm for '(()=>{function* f(){yield 0;while(tru…' [33m 600[2mms[22m[39m
validate / unit	UNKNOWN STEP	2026-09-12T19:56:56.1558165Z    [33m[2m✓[22m[39m restores the originating realm for '(()=>{function* f(){while(true)yield …' [33m 745[2mms[22m[39m
validate / unit	UNKNOWN STEP	2026-09-12T19:56:56.1559569Z    [33m[2m✓[22m[39m restores the originating realm for '(()=>{async function* f(){while(true)…' [33m 657[2mms[22m[39m
validate / unit	UNKNOWN STEP	2026-09-12T19:56:56.1561231Z    [33m[2m✓[22m[39m restores the originating realm for '(()=>{async function* f(){while(true)…' [33m 616[2mms[22m[39m
validate / unit	UNKNOWN STEP	2026-09-12T19:56:56.1563316Z    [33m[2m✓[22m[39m restores the originating realm for '(()=>{async function* f(){while(true)…' [33m 575[2mms[22m[39m
validate / unit	UNKNOWN STEP	2026-09-12T19:56:56.1565087Z    [33m[2m✓[22m[39m restores the originating realm for '(()=>{const c=Promise.withResolvers()…' [33m 688[2mms[22m[39m
validate / unit	UNKNOWN STEP	2026-09-12T19:56:56.1566775Z    [33m[2m✓[22m[39m restores the originating realm for '(()=>{const c=Promise.withResolvers()…' [33m 619[2mms[22m[39m
validate / unit	UNKNOWN STEP	2026-09-12T19:56:56.1568488Z    [33m[2m✓[22m[39m restores the originating realm for '(()=>{const c=Promise.withResolvers()…' [33m 634[2mms[22m[39m
validate / unit	UNKNOWN STEP	2026-09-12T19:56:58.9354978Z  [32m✓[39m packages/safe-js/src/interp/float32-from.test.ts [2m([22m[2m24 tests[22m[2m)[22m[33m 1904[2mms[22m[39m
validate / unit	UNKNOWN STEP	2026-09-12T19:56:58.9357785Z    [33m[2m✓[22m[39m preserves factory identity and mapped subclass construction across snapshots [33m 485[2mms[22m[39m
validate / unit	UNKNOWN STEP	2026-09-12T19:57:01.4529854Z  [32m✓[39m packages/safe-js/src/snapshot/shadowed-array-methods.test.ts [2m([22m[2m23 tests[22m[2m)[22m[33m 1649[2mms[22m[39m
validate / unit	UNKNOWN STEP	2026-09-12T19:57:01.4531952Z      [33m[2m✓[22m[39m preserves native execution and completed replay for dense control [33m 356[2mms[22m[39m
validate / unit	UNKNOWN STEP	2026-09-12T19:57:03.3709931Z  [32m✓[39m packages/safe-js/src/metadata-validation.test.ts [2m([22m[2m14 tests[22m[2m)[22m[33m 1089[2mms[22m[39m
validate / unit	UNKNOWN STEP	2026-09-12T19:57:05.9993850Z  [32m✓[39m packages/safe-js/src/snapshot/mixed-realm-intrinsics.test.ts [2m([22m[2m5 tests[22m[2m)[22m[33m 1574[2mms[22m[39m
validate / unit	UNKNOWN STEP	2026-09-12T19:57:05.9995660Z    [33m[2m✓[22m[39m preserves distinct Number intrinsic graphs from two originating realms [33m 569[2mms[22m[39m
validate / unit	UNKNOWN STEP	2026-09-12T19:57:05.9997288Z    [33m[2m✓[22m[39m preserves distinct Date intrinsic graphs from two originating realms [33m 377[2mms[22m[39m
validate / unit	UNKNOWN STEP	2026-09-12T19:57:05.9998850Z    [33m[2m✓[22m[39m preserves distinct Map intrinsic graphs from two originating realms [33m 347[2mms[22m[39m
validate / unit	UNKNOWN STEP	2026-09-12T19:57:06.2020023Z  [32m✓[39m packages/safe-js/src/lint/rules/AS001.test.ts [2m([22m[2m36 tests[22m[2m)[22m[32m 17[2mms[22m[39m
validate / unit	UNKNOWN STEP	2026-09-12T19:57:08.8516660Z  [32m✓[39m packages/safe-js/src/interp/globals/date-subclass-prototype.test.ts [2m([22m[2m22 tests[22m[2m)[22m[33m 1834[2mms[22m[39m
validate / unit	UNKNOWN STEP	2026-09-12T19:57:11.3803937Z  [32m✓[39m packages/safe-js/src/modules/namespace-identity-mc-002.test.ts [2m([22m[2m10 tests[22m[2m)[22m[33m 1692[2mms[22m[39m
validate / unit	UNKNOWN STEP	2026-09-12T19:57:11.3806653Z      [33m[2m✓[22m[39m retains shared namespace inputs through repeated completed replay [33m 734[2mms[22m[39m
validate / unit	UNKNOWN STEP	2026-09-12T19:57:11.3808410Z      [33m[2m✓[22m[39m preserves namespace identity when recovering a bounded execution checkpoint [33m 365[2mms[22m[39m
validate / unit	UNKNOWN STEP	2026-09-12T19:57:12.2210400Z  [32m✓[39m packages/safe-js/src/snapshot/promise-capability-properties.test.ts [2m([22m[2m7 tests[22m[2m)[22m[32m 21[2mms[22m[39m
validate / unit	UNKNOWN STEP	2026-09-12T19:57:13.0699460Z  [32m✓[39m packages/safe-js/src/snapshot/imported-promise-data.test.ts [2m([22m[2m20 tests[22m[2m)[22m[32m 30[2mms[22m[39m
validate / unit	UNKNOWN STEP	2026-09-12T19:57:16.9360631Z  [32m✓[39m packages/safe-js/src/interp/methods/collection-method-receivers.test.ts [2m([22m[2m54 tests[22m[2m)[22m[33m 2986[2mms[22m[39m
validate / unit	UNKNOWN STEP	2026-09-12T19:57:17.8927219Z  [32m✓[39m packages/safe-js/src/interp/methods/regex-cursor.independent.test.ts [2m([22m[2m1027 tests[22m[2m)[22m[33m 48854[2mms[22m[39m
validate / unit	UNKNOWN STEP	2026-09-12T19:57:17.8930739Z      [33m[2m✓[22m[39m 'match' /'(?:)'/'im' from 1 on '''' matches native [33m 370[2mms[22m[39m
validate / unit	UNKNOWN STEP	2026-09-12T19:57:17.8931874Z      [33m[2m✓[22m[39m 'matchAll' /'(?:)'/'ms' from +0 on '''' matches native [33m 373[2mms[22m[39m
validate / unit	UNKNOWN STEP	2026-09-12T19:57:21.4766473Z  [32m✓[39m packages/safe-js/src/interp/globals/error-cause-reflection.test.ts [2m([22m[2m25 tests[22m[2m)[22m[33m 2558[2mms[22m[39m
validate / unit	UNKNOWN STEP	2026-09-12T19:57:21.4778924Z    [33m[2m✓[22m[39m preserves cause traps after public replay and realm cleanup [33m 348[2mms[22m[39m
validate / unit	UNKNOWN STEP	2026-09-12T19:57:25.0258874Z  [32m✓[39m packages/safe-js/src/snapshot/thenable-continuations.test.ts [2m([22m[2m10 tests[22m[2m)[22m[33m 2665[2mms[22m[39m
validate / unit	UNKNOWN STEP	2026-09-12T19:57:25.0261021Z    [33m[2m✓[22m[39m saves and resumes a live run around thenable scheduling [33m 469[2mms[22m[39m
validate / unit	UNKNOWN STEP	2026-09-12T19:57:25.0261891Z    [33m[2m✓[22m[39m restores a completed thenable invocation awaiting resolve [33m 347[2mms[22m[39m
validate / unit	UNKNOWN STEP	2026-09-12T19:57:25.0262743Z    [33m[2m✓[22m[39m restores a completed thenable invocation awaiting reject [33m 302[2mms[22m[39m
validate / unit	UNKNOWN STEP	2026-09-12T19:57:25.0264594Z    [33m[2m✓[22m[39m preserves native thenable side effects and callback use: let finish;let reads=0,calls=0;const p=Promise.resolve({get then(){reads++;return resolve=>{calls++;finish=resolve}}});await 0;const bound=finish.bind(null,7);return async()=>{bound();return [await p,reads,calls,finish.name,finish.length]} [33m 332[2mms[22m[39m
validate / unit	UNKNOWN STEP	2026-09-12T19:57:27.8368866Z  [32m✓[39m packages/safe-js/src/interp/float32-every.test.ts [2m([22m[2m19 tests[22m[2m)[22m[33m 1885[2mms[22m[39m
validate / unit	UNKNOWN STEP	2026-09-12T19:57:27.8370960Z    [33m[2m✓[22m[39m preserves every through two snapshot round-trips [33m 498[2mms[22m[39m
validate / unit	UNKNOWN STEP	2026-09-12T19:57:30.5999892Z  [32m✓[39m packages/safe-js/src/interp/float32-reduce-right.test.ts [2m([22m[2m20 tests[22m[2m)[22m[33m 1895[2mms[22m[39m
validate / unit	UNKNOWN STEP	2026-09-12T19:57:30.6001972Z    [33m[2m✓[22m[39m preserves reduceRight through two snapshot round-trips [33m 501[2mms[22m[39m
validate / unit	UNKNOWN STEP	2026-09-12T19:57:34.0527890Z  [32m✓[39m packages/safe-js/src/snapshot/guest-generator-iteration-continuations.test.ts [2m([22m[2m50 tests[22m[2m)[22m[33m 16259[2mms[22m[39m
validate / unit	UNKNOWN STEP	2026-09-12T19:57:34.0531589Z    [33m[2m✓[22m[39m retains for-of progress: 'for(const value of [1,2,3]){yield val…' (async=false) [33m 639[2mms[22m[39m
validate / unit	UNKNOWN STEP	2026-09-12T19:57:34.0533771Z    [33m[2m✓[22m[39m retains for-of progress: 'for(const value of [1,2,3]){yield val…' (async=true) [33m 388[2mms[22m[39m
validate / unit	UNKNOWN STEP	2026-09-12T19:57:34.0544963Z    [33m[2m✓[22m[39m retains for-of progress: 'for(const value of \'a😀c\'){yield va…' (async=false) [33m 341[2mms[22m[39m
validate / unit	UNKNOWN STEP	2026-09-12T19:57:34.0546798Z    [33m[2m✓[22m[39m retains for-of progress: 'for(const value of \'a😀c\'){yield va…' (async=true) [33m 389[2mms[22m[39m
validate / unit	UNKNOWN STEP	2026-09-12T19:57:34.0548486Z    [33m[2m✓[22m[39m retains for-of progress: 'let count=0;function input(){count++;…' (async=false) [33m 379[2mms[22m[39m
validate / unit	UNKNOWN STEP	2026-09-12T19:57:34.0550587Z    [33m[2m✓[22m[39m retains for-of progress: 'let count=0;function input(){count++;…' (async=true) [33m 320[2mms[22m[39m
validate / unit	UNKNOWN STEP	2026-09-12T19:57:34.0552633Z    [33m[2m✓[22m[39m retains for-of progress: 'const input=[1,2,3];for(const value o…' (async=false) [33m 410[2mms[22m[39m
validate / unit	UNKNOWN STEP	2026-09-12T19:57:34.0554571Z    [33m[2m✓[22m[39m retains for-of progress: 'const input=[1,2,3];for(const value o…' (async=true) [33m 320[2mms[22m[39m
validate / unit	UNKNOWN STEP	2026-09-12T19:57:34.0556503Z    [33m[2m✓[22m[39m retains for-of progress: 'const input=[1,2];for(const value of …' (async=false) [33m 386[2mms[22m[39m
validate / unit	UNKNOWN STEP	2026-09-12T19:57:34.0558442Z    [33m[2m✓[22m[39m retains for-of progress: 'const input=[1,2];for(const value of …' (async=true) [33m 345[2mms[22m[39m
validate / unit	UNKNOWN STEP	2026-09-12T19:57:34.0560551Z    [33m[2m✓[22m[39m retains for-of progress: 'let value;for(value of [1,2]){value+=…' (async=false) [33m 327[2mms[22m[39m
validate / unit	UNKNOWN STEP	2026-09-12T19:57:34.0562479Z    [33m[2m✓[22m[39m retains for-of progress: 'let value;for(value of [1,2]){value+=…' (async=true) [33m 336[2mms[22m[39m
validate / unit	UNKNOWN STEP	2026-09-12T19:57:34.0564415Z    [33m[2m✓[22m[39m retains for-of progress: 'const callbacks=[];for(let value of […' (async=false) [33m 394[2mms[22m[39m
validate / unit	UNKNOWN STEP	2026-09-12T19:57:34.0566324Z    [33m[2m✓[22m[39m retains for-of progress: 'const callbacks=[];for(let value of […' (async=true) [33m 441[2mms[22m[39m
validate / unit	UNKNOWN STEP	2026-09-12T19:57:34.0568230Z    [33m[2m✓[22m[39m retains for-of progress: 'for(const value of [1,2]){try{continu…' (async=false) [33m 382[2mms[22m[39m
validate / unit	UNKNOWN STEP	2026-09-12T19:57:34.0570830Z    [33m[2m✓[22m[39m retains for-of progress: 'for(const value of [1,2]){try{continu…' (async=true) [33m 332[2mms[22m[39m
validate / unit	UNKNOWN STEP	2026-09-12T19:57:34.0573889Z    [33m[2m✓[22m[39m retains for-of progress: 'for(const outer of [1,2]){for(const i…' (async=false) [33m 440[2mms[22m[39m
validate / unit	UNKNOWN STEP	2026-09-12T19:57:34.0575803Z    [33m[2m✓[22m[39m retains for-of progress: 'for(const outer of [1,2]){for(const i…' (async=true) [33m 422[2mms[22m[39m
validate / unit	UNKNOWN STEP	2026-09-12T19:57:34.0577819Z    [33m[2m✓[22m[39m retains for-of progress: 'const target={};for(target[yield 1] o…' (async=false) [33m 535[2mms[22m[39m
validate / unit	UNKNOWN STEP	2026-09-12T19:57:34.0580110Z    [33m[2m✓[22m[39m retains for-of progress: 'const target={};for(target[yield 1] o…' (async=true) [33m 326[2mms[22m[39m
validate / unit	UNKNOWN STEP	2026-09-12T19:57:34.0582510Z    [33m[2m✓[22m[39m retains for-of progress: 'for(const [value=yield 1] of [[undefi…' (async=false) [33m 326[2mms[22m[39m
validate / unit	UNKNOWN STEP	2026-09-12T19:57:34.0584463Z    [33m[2m✓[22m[39m retains for-of progress: 'for(const [value=yield 1] of [[undefi…' (async=true) [33m 349[2mms[22m[39m
validate / unit	UNKNOWN STEP	2026-09-12T19:57:34.0586397Z    [33m[2m✓[22m[39m retains for-of progress: 'for(const value of (yield 1)){yield v…' (async=true) [33m 313[2mms[22m[39m
validate / unit	UNKNOWN STEP	2026-09-12T19:57:34.0588379Z    [33m[2m✓[22m[39m retains for-of progress: 'for(const value of new Set([1,2,3])){…' (async=false) [33m 339[2mms[22m[39m
validate / unit	UNKNOWN STEP	2026-09-12T19:57:34.0590506Z    [33m[2m✓[22m[39m retains for-of progress: 'for(const value of new Set([1,2,3])){…' (async=true) [33m 341[2mms[22m[39m
validate / unit	UNKNOWN STEP	2026-09-12T19:57:34.0592409Z    [33m[2m✓[22m[39m retains for-of progress: 'for(const value of new Map([[1,2],[3,…' (async=false) [33m 333[2mms[22m[39m
validate / unit	UNKNOWN STEP	2026-09-12T19:57:34.0594356Z    [33m[2m✓[22m[39m retains for-of progress: 'function* inner(){yield 1;yield 2;yie…' (async=false) [33m 336[2mms[22m[39m
validate / unit	UNKNOWN STEP	2026-09-12T19:57:34.0596377Z    [33m[2m✓[22m[39m retains for-of progress: 'function* inner(){yield 1;yield 2;yie…' (async=true) [33m 322[2mms[22m[39m
validate / unit	UNKNOWN STEP	2026-09-12T19:57:34.0598386Z    [33m[2m✓[22m[39m retains for-of progress: 'let count=0;const iterable={[Symbol.i…' (async=false) [33m 351[2mms[22m[39m
validate / unit	UNKNOWN STEP	2026-09-12T19:57:34.0600584Z    [33m[2m✓[22m[39m retains for-of progress: 'let count=0;const iterable={[Symbol.i…' (async=true) [33m 332[2mms[22m[39m
validate / unit	UNKNOWN STEP	2026-09-12T19:57:34.0602648Z    [33m[2m✓[22m[39m retains for-of progress: 'let count=0;const iterable={[Symbol.i…' (async=false) [33m 335[2mms[22m[39m
validate / unit	UNKNOWN STEP	2026-09-12T19:57:34.0607716Z    [33m[2m✓[22m[39m retains for-of progress: 'let count=0;const iterable={[Symbol.i…' (async=true) [33m 331[2mms[22m[39m
validate / unit	UNKNOWN STEP	2026-09-12T19:57:34.0610674Z    [33m[2m✓[22m[39m retains for-of progress: 'let count=0;const iterable={[Symbol.a…' (async=true) [33m 329[2mms[22m[39m
validate / unit	UNKNOWN STEP	2026-09-12T19:57:34.0612715Z    [33m[2m✓[22m[39m retains for-of progress: 'const input=[1,2,3];for await(const v…' (async=true) [33m 423[2mms[22m[39m
validate / unit	UNKNOWN STEP	2026-09-12T19:57:34.0614627Z    [33m[2m✓[22m[39m retains for-of progress: 'let count=0;const input=[1,2,3];Objec…' (async=true) [33m 431[2mms[22m[39m
validate / unit	UNKNOWN STEP	2026-09-12T19:57:34.0617519Z    [33m[2m✓[22m[39m retains for-of progress: 'for await(const value of \'a😀c\')yie…' (async=true) [33m 332[2mms[22m[39m
validate / unit	UNKNOWN STEP	2026-09-12T19:57:34.0619517Z    [33m[2m✓[22m[39m retains for-of progress: 'const input=[1,2,3];for await(const v…' (async=true) [33m 319[2mms[22m[39m
validate / unit	UNKNOWN STEP	2026-09-12T19:57:34.7713217Z  [32m✓[39m packages/safe-js/src/interp/globals/group-by.test.ts [2m([22m[2m29 tests[22m[2m)[22m[33m 3320[2mms[22m[39m
validate / unit	UNKNOWN STEP	2026-09-12T19:57:34.7714870Z    [33m[2m✓[22m[39m does not hide fatal iterator cleanup behind a callback error [33m 333[2mms[22m[39m
validate / unit	UNKNOWN STEP	2026-09-12T19:57:34.7716301Z    [33m[2m✓[22m[39m restores retained Object groups with aliases and key identity [33m 501[2mms[22m[39m
validate / unit	UNKNOWN STEP	2026-09-12T19:57:34.7717167Z    [33m[2m✓[22m[39m restores retained Map groups with aliases and key identity [33m 352[2mms[22m[39m
validate / unit	UNKNOWN STEP	2026-09-12T19:57:36.0468028Z  [32m✓[39m packages/safe-js/src/interp/guest-proxy-set.test.ts [2m([22m[2m20 tests[22m[2m)[22m[33m 995[2mms[22m[39m
validate / unit	UNKNOWN STEP	2026-09-12T19:57:37.2282075Z  [32m✓[39m packages/safe-js/src/interp/globals/weakmap-upsert.test.ts [2m([22m[2m21 tests[22m[2m)[22m[33m 1580[2mms[22m[39m
validate / unit	UNKNOWN STEP	2026-09-12T19:57:38.7446400Z  [32m✓[39m packages/safe-js/src/interp/float32-last-index-of.test.ts [2m([22m[2m21 tests[22m[2m)[22m[33m 1774[2mms[22m[39m
validate / unit	UNKNOWN STEP	2026-09-12T19:57:38.7450736Z    [33m[2m✓[22m[39m preserves lastIndexOf through two snapshot round-trips [33m 497[2mms[22m[39m
validate / unit	UNKNOWN STEP	2026-09-12T19:57:39.7386865Z  [32m✓[39m packages/safe-js/src/interp/async-delegation-protocol.test.ts [2m([22m[2m13 tests[22m[2m)[22m[32m 131[2mms[22m[39m
validate / unit	UNKNOWN STEP	2026-09-12T19:57:39.9313005Z  [32m✓[39m packages/safe-js/src/interp/globals/weak-collections.test.ts [2m([22m[2m23 tests[22m[2m)[22m[33m 1829[2mms[22m[39m
validate / unit	UNKNOWN STEP	2026-09-12T19:57:40.8106210Z  [32m✓[39m packages/safe-js/src/interp/temporal-plain-time-copy.test.ts [2m([22m[2m13 tests[22m[2m)[22m[32m 17[2mms[22m[39m
validate / unit	UNKNOWN STEP	2026-09-12T19:57:42.8054784Z  [32m✓[39m packages/safe-js/src/interp/methods/string-locale-case.test.ts [2m([22m[2m34 tests[22m[2m)[22m[33m 2216[2mms[22m[39m
validate / unit	UNKNOWN STEP	2026-09-12T19:57:42.8056424Z    [33m[2m✓[22m[39m replays case mapping from a pending checkpoint [33m 323[2mms[22m[39m
validate / unit	UNKNOWN STEP	2026-09-12T19:57:42.8717031Z  [32m✓[39m packages/safe-js/src/modules/namespace-exotics.test.ts [2m([22m[2m19 tests[22m[2m)[22m[33m 1161[2mms[22m[39m
validate / unit	UNKNOWN STEP	2026-09-12T19:57:42.8720800Z    [33m[2m✓[22m[39m preserves namespace semantics and shared export data through public replay [33m 341[2mms[22m[39m
validate / unit	UNKNOWN STEP	2026-09-12T19:57:44.6672305Z  [32m✓[39m packages/safe-js/src/snapshot/iterator-zip.test.ts [2m([22m[2m9 tests[22m[2m)[22m[33m 949[2mms[22m[39m
validate / unit	UNKNOWN STEP	2026-09-12T19:57:46.6209125Z  [32m✓[39m packages/safe-js/src/snapshot/resource-declarations.test.ts [2m([22m[2m11 tests[22m[2m)[22m[33m 2862[2mms[22m[39m
validate / unit	UNKNOWN STEP	2026-09-12T19:57:46.6239304Z    [33m[2m✓[22m[39m restores captured using resources in suspended generators [33m 497[2mms[22m[39m
validate / unit	UNKNOWN STEP	2026-09-12T19:57:46.6242021Z    [33m[2m✓[22m[39m restores captured await using resources in suspended generators [33m 328[2mms[22m[39m
validate / unit	UNKNOWN STEP	2026-09-12T19:57:49.5853607Z  [32m✓[39m packages/safe-js/src/interp/globals/temporal-plain-time-locale.test.ts [2m([22m[2m33 tests[22m[2m)[22m[33m 2076[2mms[22m[39m
validate / unit	UNKNOWN STEP	2026-09-12T19:57:51.0338463Z  [32m✓[39m packages/safe-js/src/run.completed-replay.test.ts [2m([22m[2m10 tests[22m[2m)[22m[33m 5403[2mms[22m[39m
validate / unit	UNKNOWN STEP	2026-09-12T19:57:51.0339557Z      [33m[2m✓[22m[39m preserves legacy terminal progression and records subsequent replay history [33m 346[2mms[22m[39m
validate / unit	UNKNOWN STEP	2026-09-12T19:57:51.0340865Z      [33m[2m✓[22m[39m replays 1 draws, original inputs, and completed host results [33m 404[2mms[22m[39m
validate / unit	UNKNOWN STEP	2026-09-12T19:57:51.0341713Z      [33m[2m✓[22m[39m replays 16 draws, original inputs, and completed host results [33m 661[2mms[22m[39m
validate / unit	UNKNOWN STEP	2026-09-12T19:57:51.0342572Z      [33m[2m✓[22m[39m replays 128 draws, original inputs, and completed host results [33m 2986[2mms[22m[39m
validate / unit	UNKNOWN STEP	2026-09-12T19:57:52.9228646Z  [32m✓[39m packages/safe-js/src/interp/globals/disposable-stack.test.ts [2m([22m[2m11 tests[22m[2m)[22m[33m 1004[2mms[22m[39m
validate / unit	UNKNOWN STEP	2026-09-12T19:57:53.2378056Z  [32m✓[39m packages/safe-js/src/interp/methods/array-locale-string.test.ts [2m([22m[2m36 tests[22m[2m)[22m[33m 2816[2mms[22m[39m
validate / unit	UNKNOWN STEP	2026-09-12T19:57:53.2395444Z    [33m[2m✓[22m[39m replays array locale conversion from pending state [33m 351[2mms[22m[39m
validate / unit	UNKNOWN STEP	2026-09-12T19:57:55.6384130Z  [32m✓[39m packages/safe-js/src/interp/globals/json-reviver-proxy-traversal.test.ts [2m([22m[2m17 tests[22m[2m)[22m[33m 1838[2mms[22m[39m
validate / unit	UNKNOWN STEP	2026-09-12T19:57:55.6386154Z    [33m[2m✓[22m[39m replays pending JSON traversal with an inserted Proxy [33m 339[2mms[22m[39m
validate / unit	UNKNOWN STEP	2026-09-12T19:57:56.0221269Z  [32m✓[39m packages/safe-js/src/interp/float32-reduce.test.ts [2m([22m[2m20 tests[22m[2m)[22m[33m 1878[2mms[22m[39m
validate / unit	UNKNOWN STEP	2026-09-12T19:57:56.0234075Z    [33m[2m✓[22m[39m preserves reduce through two snapshot round-trips [33m 488[2mms[22m[39m
validate / unit	UNKNOWN STEP	2026-09-12T19:57:59.5447673Z  [32m✓[39m packages/safe-js/src/interp/methods/regex-unicode-sets.test.ts [2m([22m[2m61 tests[22m[2m)[22m[33m 2610[2mms[22m[39m
validate / unit	UNKNOWN STEP	2026-09-12T19:57:59.5450224Z      [33m[2m✓[22m[39m preserves string-set captures and iterator positions through replay [33m 433[2mms[22m[39m
validate / unit	UNKNOWN STEP	2026-09-12T19:58:01.0382852Z  [32m✓[39m packages/safe-js/src/interp/methods/number-coercion.test.ts [2m([22m[2m92 tests[22m[2m)[22m[33m 4441[2mms[22m[39m
validate / unit	UNKNOWN STEP	2026-09-12T19:58:01.3124736Z  [32m✓[39m packages/safe-js/src/lint/rules/AS-unused-import.test.ts [2m([22m[2m14 tests[22m[2m)[22m[32m 22[2mms[22m[39m
validate / unit	UNKNOWN STEP	2026-09-12T19:58:01.4592856Z  [32m✓[39m packages/safe-js/src/interp/methods/string-is-well-formed.independent.test.ts [2m([22m[2m13 tests[22m[2m)[22m[33m 1039[2mms[22m[39m
validate / unit	UNKNOWN STEP	2026-09-12T19:58:04.2554636Z  [32m✓[39m packages/safe-js/src/interp/iterator-global.test.ts [2m([22m[2m29 tests[22m[2m)[22m[33m 1921[2mms[22m[39m
validate / unit	UNKNOWN STEP	2026-09-12T19:58:04.2556555Z    [33m[2m✓[22m[39m restores private wrapper state and cyclic custom properties [33m 317[2mms[22m[39m
validate / unit	UNKNOWN STEP	2026-09-12T19:58:04.6239206Z  [32m✓[39m packages/safe-js/src/snapshot/completed-map-alias.test.ts [2m([22m[2m2 tests[22m[2m)[22m[33m 2475[2mms[22m[39m
validate / unit	UNKNOWN STEP	2026-09-12T19:58:04.6271602Z      [33m[2m✓[22m[39m matches native before and after two completed restores: 'captured Map value alias' [33m 1103[2mms[22m[39m
validate / unit	UNKNOWN STEP	2026-09-12T19:58:04.6273577Z      [33m[2m✓[22m[39m matches native before and after two completed restores: 'collection cycles, sparse metadata an…' [33m 1368[2mms[22m[39m
validate / unit	UNKNOWN STEP	2026-09-12T19:58:06.7730404Z  [32m✓[39m packages/safe-js/src/interp/generator-result-realm.test.ts [2m([22m[2m9 tests[22m[2m)[22m[33m 1641[2mms[22m[39m
validate / unit	UNKNOWN STEP	2026-09-12T19:58:06.7736796Z    [33m[2m✓[22m[39m retains queued async generator result prototypes through public replay [33m 518[2mms[22m[39m
validate / unit	UNKNOWN STEP	2026-09-12T19:58:06.8748623Z  [32m✓[39m packages/safe-js/src/external-checkpoint.test.ts [2m([22m[2m6 tests[22m[2m)[22m[33m 1139[2mms[22m[39m
validate / unit	UNKNOWN STEP	2026-09-12T19:58:06.8750872Z      [33m[2m✓[22m[39m restores a checkpoint requested while a re-issue host call is pending [33m 502[2mms[22m[39m
validate / unit	UNKNOWN STEP	2026-09-12T19:58:06.8752765Z      [33m[2m✓[22m[39m restores a checkpoint requested while a read-side-effect host call is pending [33m 380[2mms[22m[39m
validate / unit	UNKNOWN STEP	2026-09-12T19:58:07.0388365Z  [32m✓[39m packages/safe-js/src/parse/hash.test.ts [2m([22m[2m33 tests[22m[2m)[22m[32m 39[2mms[22m[39m
validate / unit	UNKNOWN STEP	2026-09-12T19:58:08.0412852Z  [32m✓[39m packages/safe-js/src/interp/values-bookkeeping.test.ts [2m([22m[2m25 tests[22m[2m)[22m[32m 279[2mms[22m[39m
validate / unit	UNKNOWN STEP	2026-09-12T19:58:10.0444133Z  [32m✓[39m packages/safe-js/src/interp/globals/object-legacy-accessors.test.ts [2m([22m[2m30 tests[22m[2m)[22m[33m 2102[2mms[22m[39m
validate / unit	UNKNOWN STEP	2026-09-12T19:58:10.0465777Z    [33m[2m✓[22m[39m preserves a getter closure through a checkpoint [33m 339[2mms[22m[39m
validate / unit	UNKNOWN STEP	2026-09-12T19:58:10.6459877Z  [32m✓[39m packages/safe-js/src/interp/float32-with.test.ts [2m([22m[2m18 tests[22m[2m)[22m[33m 1674[2mms[22m[39m
validate / unit	UNKNOWN STEP	2026-09-12T19:58:10.6462308Z    [33m[2m✓[22m[39m preserves with through two snapshot round-trips without mutating the source [33m 500[2mms[22m[39m
validate / unit	UNKNOWN STEP	2026-09-12T19:58:12.4296939Z  [32m✓[39m packages/safe-js/src/interp/globals/temporal-plain-time-construction.test.ts [2m([22m[2m15 tests[22m[2m)[22m[33m 1485[2mms[22m[39m
validate / unit	UNKNOWN STEP	2026-09-12T19:58:13.4239486Z  [32m✓[39m packages/safe-js/src/interp/catch-finally.test.ts [2m([22m[2m26 tests[22m[2m)[22m[33m 1857[2mms[22m[39m
validate / unit	UNKNOWN STEP	2026-09-12T19:58:15.1853744Z  [32m✓[39m packages/safe-js/src/snapshot/class-constructor.test.ts [2m([22m[2m11 tests[22m[2m)[22m[33m 1855[2mms[22m[39m
validate / unit	UNKNOWN STEP	2026-09-12T19:58:15.1855726Z    [33m[2m✓[22m[39m restores constructors without repeating computed keys or static blocks [33m 459[2mms[22m[39m
validate / unit	UNKNOWN STEP	2026-09-12T19:58:16.1188943Z  [32m✓[39m packages/safe-js/src/interp/structured-clone-transfer.test.ts [2m([22m[2m29 tests[22m[2m)[22m[33m 1761[2mms[22m[39m
validate / unit	UNKNOWN STEP	2026-09-12T19:58:16.1191016Z    [33m[2m✓[22m[39m preserves transferred backing aliases and detached originals across public snapshots [33m 309[2mms[22m[39m
validate / unit	UNKNOWN STEP	2026-09-12T19:58:16.3839342Z  [32m✓[39m packages/safe-js/src/lint/rules/AS010.test.ts [2m([22m[2m13 tests[22m[2m)[22m[32m 29[2mms[22m[39m
validate / unit	UNKNOWN STEP	2026-09-12T19:58:17.8201608Z  [32m✓[39m packages/safe-js/src/interp/float32-define-coercion.test.ts [2m([22m[2m19 tests[22m[2m)[22m[33m 1732[2mms[22m[39m
validate / unit	UNKNOWN STEP	2026-09-12T19:58:17.8204227Z    [33m[2m✓[22m[39m preserves definitions through two snapshot round-trips [33m 537[2mms[22m[39m
validate / unit	UNKNOWN STEP	2026-09-12T19:58:19.7931504Z  [32m✓[39m packages/safe-js/src/interp/retained-root-accounting.test.ts [2m([22m[2m11 tests[22m[2m)[22m[33m 1094[2mms[22m[39m
validate / unit	UNKNOWN STEP	2026-09-12T19:58:19.8292093Z  [32m✓[39m packages/safe-js/src/parse/keyword-methods.test.ts [2m([22m[2m75 tests[22m[2m)[22m[33m 2590[2mms[22m[39m
validate / unit	UNKNOWN STEP	2026-09-12T19:58:21.7652733Z  [32m✓[39m packages/safe-js/src/lint/function-syntax.test.ts [2m([22m[2m41 tests[22m[2m)[22m[33m 1057[2mms[22m[39m
validate / unit	UNKNOWN STEP	2026-09-12T19:58:22.4179008Z  [32m✓[39m packages/safe-js/src/interp/function-apply-array-like.test.ts [2m([22m[2m22 tests[22m[2m)[22m[33m 1727[2mms[22m[39m
validate / unit	UNKNOWN STEP	2026-09-12T19:58:22.4180263Z    [33m[2m✓[22m[39m replays an applied async function across a pending effect [33m 393[2mms[22m[39m
validate / unit	UNKNOWN STEP	2026-09-12T19:58:25.0492029Z  [32m✓[39m packages/safe-js/src/interp/float32-for-each.test.ts [2m([22m[2m17 tests[22m[2m)[22m[33m 1753[2mms[22m[39m
validate / unit	UNKNOWN STEP	2026-09-12T19:58:25.0507152Z    [33m[2m✓[22m[39m preserves forEach through two snapshot round-trips [33m 530[2mms[22m[39m
validate / unit	UNKNOWN STEP	2026-09-12T19:58:25.4302551Z  [32m✓[39m packages/safe-js/src/interp/string-conversion-parity.test.ts [2m([22m[2m35 tests[22m[2m)[22m[33m 2712[2mms[22m[39m
validate / unit	UNKNOWN STEP	2026-09-12T19:58:25.4303831Z      [33m[2m✓[22m[39m preserves inherited hooks in completed replay and a persistent realm [33m 324[2mms[22m[39m
validate / unit	UNKNOWN STEP	2026-09-12T19:58:25.4305293Z      [33m[2m✓[22m[39m preserves retained custom prototypes through checkpoint replay [33m 328[2mms[22m[39m
validate / unit	UNKNOWN STEP	2026-09-12T19:58:27.4391766Z  [32m✓[39m packages/safe-js/src/interp/globals/error-prototype-lifetime.test.ts [2m([22m[2m13 tests[22m[2m)[22m[33m 1474[2mms[22m[39m
validate / unit	UNKNOWN STEP	2026-09-12T19:58:27.4394108Z    [33m[2m✓[22m[39m preserves an exported Error factory through public replay and later cleanup [33m 327[2mms[22m[39m
validate / unit	UNKNOWN STEP	2026-09-12T19:58:28.1262337Z  [32m✓[39m packages/safe-js/src/interp/globals/temporal-plain-time-conversion.test.ts [2m([22m[2m24 tests[22m[2m)[22m[33m 1804[2mms[22m[39m
validate / unit	UNKNOWN STEP	2026-09-12T19:58:28.3609434Z  [32m✓[39m packages/safe-js/src/snapshot/replay-inputs.test.ts [2m([22m[2m13 tests[22m[2m)[22m[32m 29[2mms[22m[39m
validate / unit	UNKNOWN STEP	2026-09-12T19:58:28.9848421Z  [32m✓[39m packages/safe-js/src/interp/intrinsic-retained-roots-cache.test.ts [2m([22m[2m6 tests[22m[2m)[22m[32m 15[2mms[22m[39m
validate / unit	UNKNOWN STEP	2026-09-12T19:58:31.5008188Z  [32m✓[39m packages/safe-js/src/interp/global-object.test.ts [2m([22m[2m73 tests[22m[2m)[22m[33m 2267[2mms[22m[39m
validate / unit	UNKNOWN STEP	2026-09-12T19:58:31.6222128Z  [32m✓[39m packages/safe-js/src/interp/float32-index-of.test.ts [2m([22m[2m20 tests[22m[2m)[22m[33m 1726[2mms[22m[39m
validate / unit	UNKNOWN STEP	2026-09-12T19:58:31.6224404Z    [33m[2m✓[22m[39m preserves indexOf through two snapshot round-trips [33m 492[2mms[22m[39m
validate / unit	UNKNOWN STEP	2026-09-12T19:58:31.8597662Z  [32m✓[39m packages/safe-js/src/lint/rules/AS009.test.ts [2m([22m[2m12 tests[22m[2m)[22m[32m 22[2mms[22m[39m
validate / unit	UNKNOWN STEP	2026-09-12T19:58:33.9211660Z  [32m✓[39m packages/safe-js/src/interp/promise-import-string-properties.test.ts [2m([22m[2m14 tests[22m[2m)[22m[33m 1305[2mms[22m[39m
validate / unit	UNKNOWN STEP	2026-09-12T19:58:33.9212914Z    [33m[2m✓[22m[39m exposes copied Promise data to guest property reads without changing settlement [33m 434[2mms[22m[39m
validate / unit	UNKNOWN STEP	2026-09-12T19:58:34.1608266Z  [32m✓[39m packages/safe-js/src/interp/globals/temporal-now.test.ts [2m([22m[2m14 tests[22m[2m)[22m[33m 1482[2mms[22m[39m
validate / unit	UNKNOWN STEP	2026-09-12T19:58:34.8365099Z  [32m✓[39m packages/safe-js/src/dump.test.ts [2m([22m[2m11 tests[22m[2m)[22m[32m 27[2mms[22m[39m
validate / unit	UNKNOWN STEP	2026-09-12T19:58:36.2504334Z  [32m✓[39m packages/safe-js/src/interp/string-iterator-prototype.test.ts [2m([22m[2m20 tests[22m[2m)[22m[33m 1181[2mms[22m[39m
validate / unit	UNKNOWN STEP	2026-09-12T19:58:37.0518951Z  [32m✓[39m packages/safe-js/src/parse/contextual-from.test.ts [2m([22m[2m45 tests[22m[2m)[22m[33m 1367[2mms[22m[39m
validate / unit	UNKNOWN STEP	2026-09-12T19:58:39.1750094Z  [32m✓[39m packages/safe-js/src/interp/methods/regex-symbol-matchall.test.ts [2m([22m[2m19 tests[22m[2m)[22m[33m 1998[2mms[22m[39m
validate / unit	UNKNOWN STEP	2026-09-12T19:58:39.1752538Z      [33m[2m✓[22m[39m preserves lazy matcher state through checkpoint replay: const iterator=RegExp.prototype[Symbol.matchAll].call({flags:'',lastIndex:0,constructor:{[Symbol.species]:function(){return /a/g}}},'aba');await 0;return [iterator.next().value.index,iterator.next().done]; [33m 341[2mms[22m[39m
validate / unit	UNKNOWN STEP	2026-09-12T19:58:42.3642299Z  [32m✓[39m packages/safe-js/src/interp/regexp-iterator-prototype.test.ts [2m([22m[2m35 tests[22m[2m)[22m[33m 2292[2mms[22m[39m
validate / unit	UNKNOWN STEP	2026-09-12T19:58:42.3655337Z    [33m[2m✓[22m[39m preserves custom properties and matcher state in public replay: 'ab'.matchAll(/./g) [33m 331[2mms[22m[39m
validate / unit	UNKNOWN STEP	2026-09-12T19:58:44.4725495Z  [32m✓[39m packages/safe-js/src/host-callback-receiver.test.ts [2m([22m[2m16 tests[22m[2m)[22m[33m 1229[2mms[22m[39m
validate / unit	UNKNOWN STEP	2026-09-12T19:58:44.4727258Z    [33m[2m✓[22m[39m validates receiver 3 when re-issuing a pending callback [33m 308[2mms[22m[39m
validate / unit	UNKNOWN STEP	2026-09-12T19:58:45.3237505Z  [32m✓[39m packages/safe-js/src/interp/host-digest-representation.test.ts [2m([22m[2m10 tests[22m[2m)[22m[32m 13[2mms[22m[39m
validate / unit	UNKNOWN STEP	2026-09-12T19:58:47.3128360Z  [32m✓[39m packages/safe-js/src/interp/globals/async-disposable-stack.test.ts [2m([22m[2m11 tests[22m[2m)[22m[33m 1176[2mms[22m[39m
validate / unit	UNKNOWN STEP	2026-09-12T19:58:47.3131126Z    [33m[2m✓[22m[39m does not swallow fatal execution budgets during awaited cleanup [32m 300[2mms[22m[39m
validate / unit	UNKNOWN STEP	2026-09-12T19:58:49.8288309Z  [32m✓[39m packages/safe-js/src/interp/structured-clone-errors.test.ts [2m([22m[2m25 tests[22m[2m)[22m[33m 1660[2mms[22m[39m
validate / unit	UNKNOWN STEP	2026-09-12T19:58:49.8291116Z    [33m[2m✓[22m[39m preserves cyclic error causes and descriptors across public snapshots [33m 312[2mms[22m[39m
validate / unit	UNKNOWN STEP	2026-09-12T19:58:52.2968879Z  [32m✓[39m packages/safe-js/src/snapshot/guest-generator-catch-iterator.test.ts [2m([22m[2m28 tests[22m[2m)[22m[33m 14322[2mms[22m[39m
validate / unit	UNKNOWN STEP	2026-09-12T19:58:52.2971385Z    [33m[2m✓[22m[39m restores an async function awaiting in its catch parameter [33m 459[2mms[22m[39m
validate / unit	UNKNOWN STEP	2026-09-12T19:58:52.2973419Z    [33m[2m✓[22m[39m restores catch binding and body: 'try{throw new Set([1,2])}catch([a,b])…' async=false [33m 809[2mms[22m[39m
validate / unit	UNKNOWN STEP	2026-09-12T19:58:52.2975490Z    [33m[2m✓[22m[39m restores catch binding and body: 'try{throw new Set([1,2])}catch([a,b])…' async=true [33m 637[2mms[22m[39m
validate / unit	UNKNOWN STEP	2026-09-12T19:58:52.2977564Z    [33m[2m✓[22m[39m restores catch binding and body: 'let closed=0;function* input(){try{yi…' async=false [33m 583[2mms[22m[39m
validate / unit	UNKNOWN STEP	2026-09-12T19:58:52.2979929Z    [33m[2m✓[22m[39m restores catch binding and body: 'let closed=0;function* input(){try{yi…' async=true [33m 631[2mms[22m[39m
validate / unit	UNKNOWN STEP	2026-09-12T19:58:52.2981966Z    [33m[2m✓[22m[39m restores catch binding and body: 'try{throw [1,undefined]}catch([a,b=yi…' async=false [33m 632[2mms[22m[39m
validate / unit	UNKNOWN STEP	2026-09-12T19:58:52.2983898Z    [33m[2m✓[22m[39m restores catch binding and body: 'try{throw [1,undefined]}catch([a,b=yi…' async=true [33m 589[2mms[22m[39m
validate / unit	UNKNOWN STEP	2026-09-12T19:58:52.2985960Z    [33m[2m✓[22m[39m restores catch binding and body: 'try{throw new Set([1,undefined])}catc…' async=false [33m 630[2mms[22m[39m
validate / unit	UNKNOWN STEP	2026-09-12T19:58:52.2988466Z    [33m[2m✓[22m[39m restores catch binding and body: 'try{throw new Set([1,undefined])}catc…' async=true [33m 580[2mms[22m[39m
validate / unit	UNKNOWN STEP	2026-09-12T19:58:52.2990974Z    [33m[2m✓[22m[39m restores catch binding and body: 'let calls=0;try{calls++;throw {a:1}}c…' async=false [33m 580[2mms[22m[39m
validate / unit	UNKNOWN STEP	2026-09-12T19:58:52.2993106Z    [33m[2m✓[22m[39m restores catch binding and body: 'let calls=0;try{calls++;throw {a:1}}c…' async=true [33m 620[2mms[22m[39m
validate / unit	UNKNOWN STEP	2026-09-12T19:58:52.2995112Z    [33m[2m✓[22m[39m restores catch binding and body: 'try{throw {a:1}}catch({a,[yield 3]:b}…' async=false [33m 632[2mms[22m[39m
validate / unit	UNKNOWN STEP	2026-09-12T19:58:52.2996957Z    [33m[2m✓[22m[39m restores catch binding and body: 'try{throw {a:1}}catch({a,[yield 3]:b}…' async=true [33m 559[2mms[22m[39m
validate / unit	UNKNOWN STEP	2026-09-12T19:58:52.2999460Z    [33m[2m✓[22m[39m restores catch binding and body: 'let calls=0;try{calls++;throw new Set…' async=false [33m 622[2mms[22m[39m
validate / unit	UNKNOWN STEP	2026-09-12T19:58:52.3001953Z    [33m[2m✓[22m[39m restores catch binding and body: 'let calls=0;try{calls++;throw new Set…' async=true [33m 557[2mms[22m[39m
validate / unit	UNKNOWN STEP	2026-09-12T19:58:52.3004159Z    [33m[2m✓[22m[39m restores catch binding and body: 'try{throw new Set([1,2])}catch([a]){t…' async=false [33m 689[2mms[22m[39m
validate / unit	UNKNOWN STEP	2026-09-12T19:58:52.3006328Z    [33m[2m✓[22m[39m restores catch binding and body: 'try{throw new Set([1,2])}catch([a]){t…' async=true [33m 532[2mms[22m[39m
validate / unit	UNKNOWN STEP	2026-09-12T19:58:52.3008541Z    [33m[2m✓[22m[39m restores catch binding and body: 'try{throw []}catch([a=yield 1,b=yield…' async=false [33m 574[2mms[22m[39m
validate / unit	UNKNOWN STEP	2026-09-12T19:58:52.3010997Z    [33m[2m✓[22m[39m restores catch binding and body: 'try{throw []}catch([a=yield 1,b=yield…' async=true [33m 561[2mms[22m[39m
validate / unit	UNKNOWN STEP	2026-09-12T19:58:52.3013199Z    [33m[2m✓[22m[39m restores catch binding and body: 'try{throw {}}catch({a=yield 1,b=yield…' async=false [33m 609[2mms[22m[39m
validate / unit	UNKNOWN STEP	2026-09-12T19:58:52.3015417Z    [33m[2m✓[22m[39m restores catch binding and body: 'try{throw {}}catch({a=yield 1,b=yield…' async=true [33m 544[2mms[22m[39m
validate / unit	UNKNOWN STEP	2026-09-12T19:58:52.3017716Z    [33m[2m✓[22m[39m restores catch binding and body: 'let read;try{throw [1]}catch([a,b=(re…' async=false [33m 646[2mms[22m[39m
validate / unit	UNKNOWN STEP	2026-09-12T19:58:52.3020121Z    [33m[2m✓[22m[39m restores catch binding and body: 'let read;try{throw [1]}catch([a,b=(re…' async=true [33m 519[2mms[22m[39m
validate / unit	UNKNOWN STEP	2026-09-12T19:58:52.4248548Z  [32m✓[39m packages/safe-js/src/interp/guest-proxy-copy.test.ts [2m([22m[2m31 tests[22m[2m)[22m[33m 1783[2mms[22m[39m
validate / unit	UNKNOWN STEP	2026-09-12T19:58:54.4645793Z  [32m✓[39m packages/safe-js/test/final-async-proof-disposition.test.ts [2m([22m[2m2 tests[22m[2m)[22m[33m 929[2mms[22m[39m
validate / unit	UNKNOWN STEP	2026-09-12T19:58:54.4679878Z    [33m[2m✓[22m[39m retains actual 'joined' disposition [33m 550[2mms[22m[39m
validate / unit	UNKNOWN STEP	2026-09-12T19:58:54.4686171Z    [33m[2m✓[22m[39m retains actual 'detached' disposition [33m 376[2mms[22m[39m
validate / unit	UNKNOWN STEP	2026-09-12T19:58:56.4157978Z  [32m✓[39m packages/safe-js/src/run.new-settlement-promise.test.ts [2m([22m[2m9 tests[22m[2m)[22m[33m 2986[2mms[22m[39m
validate / unit	UNKNOWN STEP	2026-09-12T19:58:56.4163582Z    [33m[2m✓[22m[39m replays a newly encountered fulfilled Promise and its aliases [33m 626[2mms[22m[39m
validate / unit	UNKNOWN STEP	2026-09-12T19:58:56.4164807Z    [33m[2m✓[22m[39m replays a newly encountered rejected Promise and its aliases [33m 387[2mms[22m[39m
validate / unit	UNKNOWN STEP	2026-09-12T19:58:56.4171412Z    [33m[2m✓[22m[39m preserves shared settlement identity when awaiting first first [33m 308[2mms[22m[39m
validate / unit	UNKNOWN STEP	2026-09-12T19:58:56.4192460Z    [33m[2m✓[22m[39m does not merge independent Promises with equal settlements [33m 329[2mms[22m[39m
validate / unit	UNKNOWN STEP	2026-09-12T19:58:56.4194203Z    [33m[2m✓[22m[39m replays mutually referring new Promises reached through different outcomes [33m 323[2mms[22m[39m
validate / unit	UNKNOWN STEP	2026-09-12T19:58:57.8620828Z  [32m✓[39m packages/safe-js/src/interp/globals/temporal-duration-round.test.ts [2m([22m[2m42 tests[22m[2m)[22m[33m 2550[2mms[22m[39m
validate / unit	UNKNOWN STEP	2026-09-12T19:58:58.1605027Z  [32m✓[39m packages/safe-js/src/loader/find-exported.test.ts [2m([22m[2m14 tests[22m[2m)[22m[32m 29[2mms[22m[39m
validate / unit	UNKNOWN STEP	2026-09-12T19:59:00.3802275Z  [32m✓[39m packages/safe-js/src/interp/float32-to-locale-string.test.ts [2m([22m[2m15 tests[22m[2m)[22m[33m 1326[2mms[22m[39m
validate / unit	UNKNOWN STEP	2026-09-12T19:59:00.3804325Z    [33m[2m✓[22m[39m preserves locale formatting through two snapshot round-trips [33m 470[2mms[22m[39m
validate / unit	UNKNOWN STEP	2026-09-12T19:59:01.1814581Z  [32m✓[39m packages/safe-js/src/interp/host-digest-tojson.test.ts [2m([22m[2m9 tests[22m[2m)[22m[33m 3611[2mms[22m[39m
validate / unit	UNKNOWN STEP	2026-09-12T19:59:01.1831400Z      [33m[2m✓[22m[39m preserves record callbacks with explicit host invocation false [33m 722[2mms[22m[39m
validate / unit	UNKNOWN STEP	2026-09-12T19:59:01.1834713Z      [33m[2m✓[22m[39m preserves record callbacks with explicit host invocation true [33m 433[2mms[22m[39m
validate / unit	UNKNOWN STEP	2026-09-12T19:59:01.1836605Z      [33m[2m✓[22m[39m preserves named array callbacks with explicit host invocation false [33m 358[2mms[22m[39m
validate / unit	UNKNOWN STEP	2026-09-12T19:59:01.1838456Z      [33m[2m✓[22m[39m preserves named array callbacks with explicit host invocation true [33m 421[2mms[22m[39m
validate / unit	UNKNOWN STEP	2026-09-12T19:59:01.1840527Z      [33m[2m✓[22m[39m preserves indexed record callbacks with explicit host invocation false [33m 347[2mms[22m[39m
validate / unit	UNKNOWN STEP	2026-09-12T19:59:01.1842522Z      [33m[2m✓[22m[39m preserves indexed record callbacks with explicit host invocation true [33m 359[2mms[22m[39m
validate / unit	UNKNOWN STEP	2026-09-12T19:59:01.1844624Z      [33m[2m✓[22m[39m preserves nested record callbacks with explicit host invocation false [33m 327[2mms[22m[39m
validate / unit	UNKNOWN STEP	2026-09-12T19:59:01.1846549Z      [33m[2m✓[22m[39m preserves nested record callbacks with explicit host invocation true [33m 367[2mms[22m[39m
validate / unit	UNKNOWN STEP	2026-09-12T19:59:03.0564605Z  [32m✓[39m packages/safe-js/src/interp/guest-proxy-own-keys.test.ts [2m([22m[2m20 tests[22m[2m)[22m[33m 976[2mms[22m[39m
validate / unit	UNKNOWN STEP	2026-09-12T19:59:05.4172068Z  [32m✓[39m packages/safe-js/src/interp/float32-includes.test.ts [2m([22m[2m17 tests[22m[2m)[22m[33m 1491[2mms[22m[39m
validate / unit	UNKNOWN STEP	2026-09-12T19:59:05.4178665Z    [33m[2m✓[22m[39m preserves includes through two snapshot round-trips [33m 471[2mms[22m[39m
validate / unit	UNKNOWN STEP	2026-09-12T19:59:07.6507585Z  [32m✓[39m packages/safe-js/src/interp/float32-to-reversed.test.ts [2m([22m[2m15 tests[22m[2m)[22m[33m 1357[2mms[22m[39m
validate / unit	UNKNOWN STEP	2026-09-12T19:59:07.6509897Z    [33m[2m✓[22m[39m preserves toReversed through two snapshot round-trips [33m 481[2mms[22m[39m
validate / unit	UNKNOWN STEP	2026-09-12T19:59:10.3081597Z  [32m✓[39m packages/safe-js/src/interp/collection-iterator-prototype.test.ts [2m([22m[2m31 tests[22m[2m)[22m[33m 1771[2mms[22m[39m
validate / unit	UNKNOWN STEP	2026-09-12T19:59:10.8451502Z  [32m✓[39m packages/safe-js/src/interp/methods/string.match-no-match.independent.test.ts [2m([22m[2m189 tests[22m[2m)[22m[33m 9568[2mms[22m[39m
validate / unit	UNKNOWN STEP	2026-09-12T19:59:13.4072784Z  [32m✓[39m packages/safe-js/src/interp/globals/temporal-instant-construction.test.ts [2m([22m[2m26 tests[22m[2m)[22m[33m 1633[2mms[22m[39m
validate / unit	UNKNOWN STEP	2026-09-12T19:59:15.6698095Z  [32m✓[39m packages/safe-js/test/ppr2-integration-history.test.ts [2m([22m[2m40 tests[22m[2m)[22m[33m 4243[2mms[22m[39m
validate / unit	UNKNOWN STEP	2026-09-12T19:59:16.1583337Z  [32m✓[39m packages/safe-js/src/interp/regexp-match-payload-realm.test.ts [2m([22m[2m11 tests[22m[2m)[22m[33m 1886[2mms[22m[39m
validate / unit	UNKNOWN STEP	2026-09-12T19:59:17.1374715Z  [32m✓[39m packages/safe-js/src/interp/budget-realm-views.test.ts [2m([22m[2m7 tests[22m[2m)[22m[32m 138[2mms[22m[39m
validate / unit	UNKNOWN STEP	2026-09-12T19:59:19.5232504Z  [32m✓[39m packages/safe-js/src/run.pending-imported-promise.test.ts [2m([22m[2m5 tests[22m[2m)[22m[33m 2685[2mms[22m[39m
validate / unit	UNKNOWN STEP	2026-09-12T19:59:19.5241833Z    [33m[2m✓[22m[39m reconciles an aliased pending Promise once with a fulfilled outcome [33m 678[2mms[22m[39m
validate / unit	UNKNOWN STEP	2026-09-12T19:59:19.5244729Z    [33m[2m✓[22m[39m reconciles an aliased pending Promise once with a rejected outcome [33m 381[2mms[22m[39m
validate / unit	UNKNOWN STEP	2026-09-12T19:59:19.5246862Z    [33m[2m✓[22m[39m checkpoints a pending Promise from input and reconciles it without repeating its source [33m 469[2mms[22m[39m
validate / unit	UNKNOWN STEP	2026-09-12T19:59:19.5249122Z    [33m[2m✓[22m[39m checkpoints a pending Promise from sync host and reconciles it without repeating its source [33m 598[2mms[22m[39m
validate / unit	UNKNOWN STEP	2026-09-12T19:59:19.5251576Z    [33m[2m✓[22m[39m checkpoints a pending Promise from async host and reconciles it without repeating its source [33m 556[2mms[22m[39m
validate / unit	UNKNOWN STEP	2026-09-12T19:59:19.6817455Z  [32m✓[39m packages/safe-js/src/interp/float32-index-coercion.test.ts [2m([22m[2m20 tests[22m[2m)[22m[33m 1636[2mms[22m[39m
validate / unit	UNKNOWN STEP	2026-09-12T19:59:19.6818762Z    [33m[2m✓[22m[39m preserves object conversion through two snapshot round-trips [33m 562[2mms[22m[39m
validate / unit	UNKNOWN STEP	2026-09-12T19:59:19.9079202Z  [32m✓[39m packages/safe-js/src/lint/rules/AS-import-cycle.test.ts [2m([22m[2m6 tests[22m[2m)[22m[32m 15[2mms[22m[39m
validate / unit	UNKNOWN STEP	2026-09-12T19:59:22.2092023Z  [32m✓[39m packages/safe-js/src/interp/float32-some.test.ts [2m([22m[2m17 tests[22m[2m)[22m[33m 1758[2mms[22m[39m
validate / unit	UNKNOWN STEP	2026-09-12T19:59:22.2093846Z    [33m[2m✓[22m[39m preserves some through two snapshot round-trips [33m 544[2mms[22m[39m
validate / unit	UNKNOWN STEP	2026-09-12T19:59:22.6357888Z  [32m✓[39m packages/safe-js/src/run.host-regexp-import.test.ts [2m([22m[2m12 tests[22m[2m)[22m[33m 1603[2mms[22m[39m
validate / unit	UNKNOWN STEP	2026-09-12T19:59:22.6363169Z    [33m[2m✓[22m[39m imports native RegExp through binding without using the host matcher [33m 407[2mms[22m[39m
validate / unit	UNKNOWN STEP	2026-09-12T19:59:24.4679188Z  [32m✓[39m packages/safe-js/src/interp/structured-clone-accessors.test.ts [2m([22m[2m17 tests[22m[2m)[22m[33m 1350[2mms[22m[39m
validate / unit	UNKNOWN STEP	2026-09-12T19:59:24.4681278Z    [33m[2m✓[22m[39m preserves getter-created cyclic graphs and transferred backing identity across public snapshots [33m 342[2mms[22m[39m
validate / unit	UNKNOWN STEP	2026-09-12T19:59:26.8927433Z  [32m✓[39m packages/safe-js/src/interp/globals/array-subclass-construction.test.ts [2m([22m[2m29 tests[22m[2m)[22m[33m 1547[2mms[22m[39m
validate / unit	UNKNOWN STEP	2026-09-12T19:59:26.8929853Z    [33m[2m✓[22m[39m preserves factory subclass identity on completed replay [33m 361[2mms[22m[39m
validate / unit	UNKNOWN STEP	2026-09-12T19:59:27.9044148Z  [32m✓[39m packages/safe-js/src/snapshot/weak-collection.test.ts [2m([22m[2m13 tests[22m[2m)[22m[32m 150[2mms[22m[39m
validate / unit	UNKNOWN STEP	2026-09-12T19:59:30.3068900Z  [32m✓[39m packages/safe-js/src/interp/globals/iterator-concat.test.ts [2m([22m[2m21 tests[22m[2m)[22m[33m 1555[2mms[22m[39m
validate / unit	UNKNOWN STEP	2026-09-12T19:59:31.6536932Z  [32m✓[39m packages/safe-js/src/interp/class-default-exports.test.ts [2m([22m[2m21 tests[22m[2m)[22m[33m 472[2mms[22m[39m
validate / unit	UNKNOWN STEP	2026-09-12T19:59:31.6539008Z      [33m[2m✓[22m[39m keeps a reassigned default binding live after a checkpoint [33m 404[2mms[22m[39m
validate / unit	UNKNOWN STEP	2026-09-12T19:59:34.7919602Z  [32m✓[39m packages/safe-js/src/snapshot/symbol-registry.test.ts [2m([22m[2m13 tests[22m[2m)[22m[33m 2262[2mms[22m[39m
validate / unit	UNKNOWN STEP	2026-09-12T19:59:34.7922066Z    [33m[2m✓[22m[39m restores symbol registry identity: const symbol=Symbol.for('key');return ()=>[symbol===Symbol.for('key'),Symbol.keyFor(symbol)] [33m 383[2mms[22m[39m
validate / unit	UNKNOWN STEP	2026-09-12T19:59:34.7923738Z    [33m[2m✓[22m[39m restores independent registries without sharing symbols between runs [33m 315[2mms[22m[39m
validate / unit	UNKNOWN STEP	2026-09-12T19:59:37.0912171Z  [32m✓[39m packages/safe-js/src/interp/generator-templates.test.ts [2m([22m[2m16 tests[22m[2m)[22m[33m 1413[2mms[22m[39m
validate / unit	UNKNOWN STEP	2026-09-12T19:59:40.3622758Z  [32m✓[39m packages/safe-js/src/interp/methods/regex-last-index.test.ts [2m([22m[2m287 tests[22m[2m)[22m[33m 16782[2mms[22m[39m
validate / unit	UNKNOWN STEP	2026-09-12T19:59:41.1242976Z  [32m✓[39m packages/safe-js/src/interp/methods/regex-unicode.test.ts [2m([22m[2m64 tests[22m[2m)[22m[33m 3150[2mms[22m[39m
validate / unit	UNKNOWN STEP	2026-09-12T19:59:41.1245378Z      [33m[2m✓[22m[39m preserves Unicode iterator advancement through checkpoint replay [33m 356[2mms[22m[39m
validate / unit	UNKNOWN STEP	2026-09-12T19:59:43.6362457Z  [32m✓[39m packages/safe-js/src/interp/globals/regex-compile.test.ts [2m([22m[2m24 tests[22m[2m)[22m[33m 1536[2mms[22m[39m
validate / unit	UNKNOWN STEP	2026-09-12T19:59:45.3365834Z  [32m✓[39m packages/safe-js/src/interp/guest-proxy-construct.test.ts [2m([22m[2m19 tests[22m[2m)[22m[33m 875[2mms[22m[39m
validate / unit	UNKNOWN STEP	2026-09-12T19:59:48.4712355Z  [32m✓[39m packages/safe-js/src/interp/globals/reflection-creation-realm.test.ts [2m([22m[2m21 tests[22m[2m)[22m[33m 2293[2mms[22m[39m
validate / unit	UNKNOWN STEP	2026-09-12T19:59:50.3328704Z  [32m✓[39m packages/safe-js/src/lint/known-globals-mc-001-validation.test.ts [2m([22m[2m22 tests[22m[2m)[22m[33m 689[2mms[22m[39m
validate / unit	UNKNOWN STEP	2026-09-12T19:59:51.9952081Z  [32m✓[39m packages/safe-js/src/run.array-own-metadata.test.ts [2m([22m[2m12 tests[22m[2m)[22m[33m 810[2mms[22m[39m
validate / unit	UNKNOWN STEP	2026-09-12T19:59:54.3923690Z  [32m✓[39m packages/safe-js/src/checkpoint-views-validation.test.ts [2m([22m[2m2 tests[22m[2m)[22m[33m 1305[2mms[22m[39m
validate / unit	UNKNOWN STEP	2026-09-12T19:59:54.3925703Z      [33m[2m✓[22m[39m retains serialized state and restores actual file bytes after complete [33m 804[2mms[22m[39m
validate / unit	UNKNOWN STEP	2026-09-12T19:59:54.3927276Z      [33m[2m✓[22m[39m retains serialized state and restores actual file bytes after cancel [33m 499[2mms[22m[39m
validate / unit	UNKNOWN STEP	2026-09-12T19:59:56.7011413Z  [32m✓[39m packages/safe-js/src/interp/float32-find-last.test.ts [2m([22m[2m16 tests[22m[2m)[22m[33m 1457[2mms[22m[39m
validate / unit	UNKNOWN STEP	2026-09-12T19:59:56.7013263Z    [33m[2m✓[22m[39m preserves findLast through two snapshot round-trips [33m 457[2mms[22m[39m
validate / unit	UNKNOWN STEP	2026-09-12T19:59:56.9778715Z  [32m✓[39m packages/safe-js/src/interp/methods/regex-metadata-order.independent.test.ts [2m([22m[2m169 tests[22m[2m)[22m[33m 15690[2mms[22m[39m
validate / unit	UNKNOWN STEP	2026-09-12T19:59:56.9780404Z      [33m[2m✓[22m[39m 'matchAll' /'(?:)'/'g' preserves native keys, numeric indices and own undefined [33m 554[2mms[22m[39m
validate / unit	UNKNOWN STEP	2026-09-12T19:59:57.7061594Z  [32m✓[39m packages/safe-js/src/snapshot/regexp-properties.test.ts [2m([22m[2m19 tests[22m[2m)[22m[32m 60[2mms[22m[39m
validate / unit	UNKNOWN STEP	2026-09-12T19:59:58.6958774Z  [32m✓[39m packages/safe-js/src/interp/shared-host-budget.test.ts [2m([22m[2m4 tests[22m[2m)[22m[32m 135[2mms[22m[39m
validate / unit	UNKNOWN STEP	2026-09-12T19:59:58.9104711Z  [32m✓[39m packages/safe-js/src/error/format.test.ts [2m([22m[2m10 tests[22m[2m)[22m[32m 13[2mms[22m[39m
validate / unit	UNKNOWN STEP	2026-09-12T19:59:59.3846880Z  [32m✓[39m packages/safe-js/src/interp/float32-find-last-index.test.ts [2m([22m[2m15 tests[22m[2m)[22m[33m 1444[2mms[22m[39m
validate / unit	UNKNOWN STEP	2026-09-12T19:59:59.3847923Z    [33m[2m✓[22m[39m preserves findLastIndex through two snapshot round-trips [33m 471[2mms[22m[39m
validate / unit	UNKNOWN STEP	2026-09-12T20:00:01.5465288Z  [32m✓[39m packages/safe-js/src/interp/globals/temporal-instant-difference.test.ts [2m([22m[2m26 tests[22m[2m)[22m[33m 1795[2mms[22m[39m
validate / unit	UNKNOWN STEP	2026-09-12T20:00:02.0385701Z  [32m✓[39m packages/safe-js/src/interp/object-generator-methods.test.ts [2m([22m[2m32 tests[22m[2m)[22m[33m 1753[2mms[22m[39m
validate / unit	UNKNOWN STEP	2026-09-12T20:00:02.0387510Z      [33m[2m✓[22m[39m restores a suspended method with its home object [33m 449[2mms[22m[39m
validate / unit	UNKNOWN STEP	2026-09-12T20:00:02.9133529Z  [32m✓[39m packages/safe-js/src/interp/budget.compile-guard.test.ts [2m([22m[2m6 tests[22m[2m)[22m[32m 13[2mms[22m[39m
validate / unit	UNKNOWN STEP	2026-09-12T20:00:03.4638787Z  [32m✓[39m packages/safe-js/src/interp/globals/suppressed-error.test.ts [2m([22m[2m13 tests[22m[2m)[22m[33m 1032[2mms[22m[39m
validate / unit	UNKNOWN STEP	2026-09-12T20:00:03.4641329Z    [33m[2m✓[22m[39m preserves payload aliases and brands through JSON snapshots [33m 344[2mms[22m[39m
validate / unit	UNKNOWN STEP	2026-09-12T20:00:03.6920390Z  [32m✓[39m packages/safe-js/src/interp/temporal-zoned-date-time.test.ts [2m([22m[2m19 tests[22m[2m)[22m[32m 18[2mms[22m[39m
validate / unit	UNKNOWN STEP	2026-09-12T20:00:10.0694740Z  [32m✓[39m packages/safe-js/src/snapshot/guest-generator-delegation.test.ts [2m([22m[2m20 tests[22m[2m)[22m[33m 5530[2mms[22m[39m
validate / unit	UNKNOWN STEP	2026-09-12T20:00:10.0697617Z    [33m[2m✓[22m[39m preserves delegated iteration: 'let count=0;function input(){count++;…' (async=false, operation='next') [33m 512[2mms[22m[39m
validate / unit	UNKNOWN STEP	2026-09-12T20:00:10.0699458Z    [33m[2m✓[22m[39m preserves delegated iteration: 'let count=0;function input(){count++;…' (async=true, operation='next') [33m 392[2mms[22m[39m
validate / unit	UNKNOWN STEP	2026-09-12T20:00:10.0702000Z    [33m[2m✓[22m[39m preserves delegated iteration: 'let count=0;function input(){count++;…' (async=false, operation='next') [32m 300[2mms[22m[39m
validate / unit	UNKNOWN STEP	2026-09-12T20:00:10.0704065Z    [33m[2m✓[22m[39m preserves delegated iteration: 'const events=[];const source={[Symbol…' (async=false, operation='next') [33m 417[2mms[22m[39m
validate / unit	UNKNOWN STEP	2026-09-12T20:00:10.0706020Z    [33m[2m✓[22m[39m preserves delegated iteration: 'const events=[];const source={[Symbol…' (async=true, operation='next') [33m 341[2mms[22m[39m
validate / unit	UNKNOWN STEP	2026-09-12T20:00:10.0707936Z    [33m[2m✓[22m[39m preserves delegated iteration: 'const events=[];const source={[Symbol…' (async=false, operation='return') [33m 416[2mms[22m[39m
validate / unit	UNKNOWN STEP	2026-09-12T20:00:10.0710140Z    [33m[2m✓[22m[39m preserves delegated iteration: 'const events=[];const source={[Symbol…' (async=true, operation='return') [33m 399[2mms[22m[39m
validate / unit	UNKNOWN STEP	2026-09-12T20:00:10.0712298Z    [33m[2m✓[22m[39m preserves delegated iteration: 'const events=[];const source={[Symbol…' (async=false, operation='throw') [33m 322[2mms[22m[39m
validate / unit	UNKNOWN STEP	2026-09-12T20:00:10.0714306Z    [33m[2m✓[22m[39m preserves delegated iteration: 'const events=[];const source={[Symbol…' (async=true, operation='throw') [33m 315[2mms[22m[39m
validate / unit	UNKNOWN STEP	2026-09-12T20:00:10.0716304Z    [33m[2m✓[22m[39m preserves delegated iteration: 'const events=[];const source={[Symbol…' (async=true, operation='next') [33m 373[2mms[22m[39m
validate / unit	UNKNOWN STEP	2026-09-12T20:00:10.9282361Z  [32m✓[39m packages/safe-js/src/interp/guest-proxy-get.test.ts [2m([22m[2m17 tests[22m[2m)[22m[32m 23[2mms[22m[39m
validate / unit	UNKNOWN STEP	2026-09-12T20:00:13.3019856Z  [32m✓[39m packages/safe-js/src/interp/guest-proxy-define.test.ts [2m([22m[2m30 tests[22m[2m)[22m[33m 1548[2mms[22m[39m
validate / unit	UNKNOWN STEP	2026-09-12T20:00:14.1554134Z  [32m✓[39m packages/safe-js/src/interp/scope-frame.test.ts [2m([22m[2m8 tests[22m[2m)[22m[32m 17[2mms[22m[39m
validate / unit	UNKNOWN STEP	2026-09-12T20:00:14.4188254Z  [32m✓[39m packages/safe-js/src/interp/iterator-result-creation-realm.test.ts [2m([22m[2m78 tests[22m[2m)[22m[33m 10623[2mms[22m[39m
validate / unit	UNKNOWN STEP	2026-09-12T20:00:16.4722714Z  [32m✓[39m packages/safe-js/src/interp/float32-reverse.test.ts [2m([22m[2m15 tests[22m[2m)[22m[33m 1402[2mms[22m[39m
validate / unit	UNKNOWN STEP	2026-09-12T20:00:16.4728790Z    [33m[2m✓[22m[39m preserves reverse through two snapshot round-trips [33m 537[2mms[22m[39m
validate / unit	UNKNOWN STEP	2026-09-12T20:00:16.8502103Z  [32m✓[39m packages/safe-js/src/interp/float32-find-index.test.ts [2m([22m[2m15 tests[22m[2m)[22m[33m 1515[2mms[22m[39m
validate / unit	UNKNOWN STEP	2026-09-12T20:00:16.8503922Z    [33m[2m✓[22m[39m preserves findIndex through two snapshot round-trips [33m 518[2mms[22m[39m
validate / unit	UNKNOWN STEP	2026-09-12T20:00:19.1316242Z  [32m✓[39m packages/safe-js/src/interp/methods/string-locale-guest-options.test.ts [2m([22m[2m24 tests[22m[2m)[22m[33m 1772[2mms[22m[39m
validate / unit	UNKNOWN STEP	2026-09-12T20:00:21.5255420Z  [32m✓[39m packages/safe-js/src/migration-file.test.ts [2m([22m[2m14 tests[22m[2m)[22m[33m 3774[2mms[22m[39m
validate / unit	UNKNOWN STEP	2026-09-12T20:00:21.5258246Z      [33m[2m✓[22m[39m inspects without writes, then exclusively publishes a portable continuation [33m 661[2mms[22m[39m
validate / unit	UNKNOWN STEP	2026-09-12T20:00:21.5260654Z      [33m[2m✓[22m[39m never overwrites an existing output: old.json [33m 321[2mms[22m[39m
validate / unit	UNKNOWN STEP	2026-09-12T20:00:21.5262366Z      [33m[2m✓[22m[39m validates dry runs without publishing files [33m 354[2mms[22m[39m
validate / unit	UNKNOWN STEP	2026-09-12T20:00:21.5264194Z      [33m[2m✓[22m[39m cleans partially written temporary files after a storage failure [33m 302[2mms[22m[39m
validate / unit	UNKNOWN STEP	2026-09-12T20:00:21.9882266Z  [32m✓[39m packages/safe-js/src/interp/anonymous-function-names.test.ts [2m([22m[2m39 tests[22m[2m)[22m[33m 2014[2mms[22m[39m
validate / unit	UNKNOWN STEP	2026-09-12T20:00:21.9883648Z      [33m[2m✓[22m[39m preserves function(){} naming through resume [33m 302[2mms[22m[39m
validate / unit	UNKNOWN STEP	2026-09-12T20:00:22.2163524Z  [32m✓[39m packages/safe-js/src/lint/rules/AS004.test.ts [2m([22m[2m10 tests[22m[2m)[22m[32m 18[2mms[22m[39m
validate / unit	UNKNOWN STEP	2026-09-12T20:00:24.8644410Z  [32m✓[39m packages/safe-js/src/interp/globals/collection-constructor-adders.test.ts [2m([22m[2m19 tests[22m[2m)[22m[33m 1764[2mms[22m[39m
validate / unit	UNKNOWN STEP	2026-09-12T20:00:24.8646906Z    [33m[2m✓[22m[39m restores construction with an overridden 'Map' adder [33m 481[2mms[22m[39m
validate / unit	UNKNOWN STEP	2026-09-12T20:00:24.8664257Z    [33m[2m✓[22m[39m restores construction with an overridden 'Set' adder [33m 303[2mms[22m[39m
validate / unit	UNKNOWN STEP	2026-09-12T20:00:25.8040472Z  [32m✓[39m packages/safe-js/src/run.promise-iterable.test.ts [2m([22m[2m36 tests[22m[2m)[22m[33m 3422[2mms[22m[39m
validate / unit	UNKNOWN STEP	2026-09-12T20:00:27.6132332Z  [32m✓[39m packages/safe-js/src/interp/uint8array-persistence.test.ts [2m([22m[2m6 tests[22m[2m)[22m[33m 910[2mms[22m[39m
validate / unit	UNKNOWN STEP	2026-09-12T20:00:27.6171739Z    [33m[2m✓[22m[39m restores a completed public run containing Uint8Array state [33m 371[2mms[22m[39m
validate / unit	UNKNOWN STEP	2026-09-12T20:00:30.0321725Z  [32m✓[39m packages/safe-js/src/interp/float32-find.test.ts [2m([22m[2m15 tests[22m[2m)[22m[33m 1535[2mms[22m[39m
validate / unit	UNKNOWN STEP	2026-09-12T20:00:30.0323542Z    [33m[2m✓[22m[39m preserves find through two snapshot round-trips [33m 511[2mms[22m[39m
validate / unit	UNKNOWN STEP	2026-09-12T20:00:32.6567528Z  [32m✓[39m packages/safe-js/src/interp/float32-set-inputs.test.ts [2m([22m[2m21 tests[22m[2m)[22m[33m 1754[2mms[22m[39m
validate / unit	UNKNOWN STEP	2026-09-12T20:00:32.6569317Z    [33m[2m✓[22m[39m preserves set identity and aliased storage through snapshots [33m 506[2mms[22m[39m
validate / unit	UNKNOWN STEP	2026-09-12T20:00:34.1742080Z  [32m✓[39m packages/safe-js/src/interp/globals/uri-globals.test.ts [2m([22m[2m113 tests[22m[2m)[22m[33m 8455[2mms[22m[39m
validate / unit	UNKNOWN STEP	2026-09-12T20:00:34.1761136Z    [33m[2m✓[22m[39m preserves 'encodeURI' in 'pending' checkpoints [33m 443[2mms[22m[39m
validate / unit	UNKNOWN STEP	2026-09-12T20:00:34.1762821Z    [33m[2m✓[22m[39m preserves 'encodeURI' in 'completed' checkpoints [33m 309[2mms[22m[39m
validate / unit	UNKNOWN STEP	2026-09-12T20:00:34.1764493Z    [33m[2m✓[22m[39m preserves 'decodeURIComponent' in 'pending' checkpoints [33m 307[2mms[22m[39m
validate / unit	UNKNOWN STEP	2026-09-12T20:00:34.1766059Z    [33m[2m✓[22m[39m preserves 'escape' in 'completed' checkpoints [33m 336[2mms[22m[39m
validate / unit	UNKNOWN STEP	2026-09-12T20:00:34.1789429Z    [33m[2m✓[22m[39m preserves mutable encodeURI properties through checkpoints [33m 301[2mms[22m[39m
validate / unit	UNKNOWN STEP	2026-09-12T20:00:34.9511680Z  [32m✓[39m packages/safe-js/src/interp/globals/async-iterator-dispose.test.ts [2m([22m[2m10 tests[22m[2m)[22m[33m 1392[2mms[22m[39m
validate / unit	UNKNOWN STEP	2026-09-12T20:00:34.9512824Z    [33m[2m✓[22m[39m restores pending disposal through c.promise without repeating return [33m 315[2mms[22m[39m
validate / unit	UNKNOWN STEP	2026-09-12T20:00:35.6782236Z  [32m✓[39m packages/safe-js/src/interp/array-buffer-capacity-budget.test.ts [2m([22m[2m10 tests[22m[2m)[22m[33m 550[2mms[22m[39m
validate / unit	UNKNOWN STEP	2026-09-12T20:00:37.2290905Z  [32m✓[39m packages/safe-js/src/interp/globals/iterator-zip-sdk.test.ts [2m([22m[2m6 tests[22m[2m)[22m[33m 639[2mms[22m[39m
validate / unit	UNKNOWN STEP	2026-09-12T20:00:37.5192196Z  [32m✓[39m packages/safe-js/src/interp/globals/temporal-duration-format.test.ts [2m([22m[2m25 tests[22m[2m)[22m[33m 1683[2mms[22m[39m
validate / unit	UNKNOWN STEP	2026-09-12T20:00:37.5194988Z    [33m[2m✓[22m[39m floors numeric precision, lets smallestUnit override it, and preserves method metadata in replay [33m 311[2mms[22m[39m
validate / unit	UNKNOWN STEP	2026-09-12T20:00:37.7798224Z  [32m✓[39m packages/safe-js/src/lint/rules/AS015.test.ts [2m([22m[2m12 tests[22m[2m)[22m[32m 24[2mms[22m[39m
validate / unit	UNKNOWN STEP	2026-09-12T20:00:39.8502185Z  [32m✓[39m packages/safe-js/src/interp/globals/json-raw.test.ts [2m([22m[2m37 tests[22m[2m)[22m[33m 1737[2mms[22m[39m
validate / unit	UNKNOWN STEP	2026-09-12T20:00:40.3985982Z  [32m✓[39m packages/safe-js/src/interp/float32-intrinsic-prototypes.test.ts [2m([22m[2m34 tests[22m[2m)[22m[33m 1787[2mms[22m[39m
validate / unit	UNKNOWN STEP	2026-09-12T20:00:41.1552541Z  [32m✓[39m packages/safe-js/src/interp/promise-aggregate-state.test.ts [2m([22m[2m4 tests[22m[2m)[22m[33m 428[2mms[22m[39m
validate / unit	UNKNOWN STEP	2026-09-12T20:00:42.9520233Z  [32m✓[39m packages/safe-js/src/interp/globals/string-raw-direct.test.ts [2m([22m[2m25 tests[22m[2m)[22m[33m 940[2mms[22m[39m
validate / unit	UNKNOWN STEP	2026-09-12T20:00:43.0232521Z  [32m✓[39m packages/safe-js/src/interp/float32-constructor-inputs.test.ts [2m([22m[2m20 tests[22m[2m)[22m[33m 1719[2mms[22m[39m
validate / unit	UNKNOWN STEP	2026-09-12T20:00:43.0234416Z    [33m[2m✓[22m[39m preserves constructor input getters and subclass identity across snapshots [33m 533[2mms[22m[39m
validate / unit	UNKNOWN STEP	2026-09-12T20:00:44.7391421Z  [32m✓[39m packages/safe-js/src/interp/guest-proxy-for-in.test.ts [2m([22m[2m19 tests[22m[2m)[22m[33m 895[2mms[22m[39m
validate / unit	UNKNOWN STEP	2026-09-12T20:00:45.1726472Z  [32m✓[39m packages/safe-js/src/interp/globals/temporal-plain-time-with.test.ts [2m([22m[2m18 tests[22m[2m)[22m[33m 1372[2mms[22m[39m
validate / unit	UNKNOWN STEP	2026-09-12T20:00:45.7031499Z  [32m✓[39m packages/safe-js/src/interp/exceptions.test.ts [2m([22m[2m13 tests[22m[2m)[22m[32m 78[2mms[22m[39m
validate / unit	UNKNOWN STEP	2026-09-12T20:00:46.0029949Z  [32m✓[39m packages/safe-js/src/snapshot/property-descriptors.test.ts [2m([22m[2m9 tests[22m[2m)[22m[32m 11[2mms[22m[39m
validate / unit	UNKNOWN STEP	2026-09-12T20:00:46.2192339Z  [32m✓[39m packages/safe-js/src/lint/rules/AS-floating-promise.test.ts [2m([22m[2m14 tests[22m[2m)[22m[32m 21[2mms[22m[39m
validate / unit	UNKNOWN STEP	2026-09-12T20:00:48.3351699Z  [32m✓[39m packages/safe-js/src/interp/globals/array-from-construction-order.test.ts [2m([22m[2m13 tests[22m[2m)[22m[33m 1795[2mms[22m[39m
validate / unit	UNKNOWN STEP	2026-09-12T20:00:50.3641867Z  [32m✓[39m packages/safe-js/src/lint.syntax-parity.test.ts [2m([22m[2m26 tests[22m[2m)[22m[33m 3260[2mms[22m[39m
validate / unit	UNKNOWN STEP	2026-09-12T20:00:50.3652577Z      [33m[2m✓[22m[39m accepts 'sequence-expression reads' with native and replay semantics [33m 391[2mms[22m[39m
validate / unit	UNKNOWN STEP	2026-09-12T20:00:50.6800859Z  [32m✓[39m packages/safe-js/src/interp/globals/temporal-duration-methods.test.ts [2m([22m[2m19 tests[22m[2m)[22m[33m 1483[2mms[22m[39m
validate / unit	UNKNOWN STEP	2026-09-12T20:00:51.5954065Z  [32m✓[39m packages/safe-js/src/snapshot/obj-002-num-integration.test.ts [2m([22m[2m8 tests[22m[2m)[22m[32m 87[2mms[22m[39m
validate / unit	UNKNOWN STEP	2026-09-12T20:00:51.7681622Z  [32m✓[39m packages/safe-js/src/interp/intrinsic-object-capture.test.ts [2m([22m[2m6 tests[22m[2m)[22m[33m 489[2mms[22m[39m
validate / unit	UNKNOWN STEP	2026-09-12T20:00:51.7683688Z    [33m[2m✓[22m[39m preserves Math and typed-array prototype mutations through JSON snapshots [33m 398[2mms[22m[39m
validate / unit	UNKNOWN STEP	2026-09-12T20:00:54.6839604Z  [32m✓[39m packages/safe-js/src/interp/iterator-consumers.test.ts [2m([22m[2m30 tests[22m[2m)[22m[33m 2045[2mms[22m[39m
validate / unit	UNKNOWN STEP	2026-09-12T20:00:55.5771586Z  [32m✓[39m packages/safe-js/src/interp/methods/array-species.test.ts [2m([22m[2m55 tests[22m[2m)[22m[33m 3143[2mms[22m[39m
validate / unit	UNKNOWN STEP	2026-09-12T20:00:55.5792113Z    [33m[2m✓[22m[39m preserves species construction and aliasing across completed replay [33m 445[2mms[22m[39m
validate / unit	UNKNOWN STEP	2026-09-12T20:00:56.9364671Z  [32m✓[39m packages/safe-js/src/interp/globals/promise-try.test.ts [2m([22m[2m16 tests[22m[2m)[22m[33m 1380[2mms[22m[39m
validate / unit	UNKNOWN STEP	2026-09-12T20:00:58.7200110Z  [32m✓[39m packages/safe-js/src/interp/globals/json-parse-coercion.test.ts [2m([22m[2m32 tests[22m[2m)[22m[33m 2205[2mms[22m[39m
validate / unit	UNKNOWN STEP	2026-09-12T20:00:58.7201561Z      [33m[2m✓[22m[39m keeps step exhaustion fatal and releases roots [33m 337[2mms[22m[39m
validate / unit	UNKNOWN STEP	2026-09-12T20:00:58.9352079Z  [32m✓[39m packages/safe-js/src/interp/finalization-registry-state.test.ts [2m([22m[2m9 tests[22m[2m)[22m[32m 13[2mms[22m[39m
validate / unit	UNKNOWN STEP	2026-09-12T20:00:59.5367205Z  [32m✓[39m packages/safe-js/src/interp/catch-properties.test.ts [2m([22m[2m26 tests[22m[2m)[22m[33m 1652[2mms[22m[39m
validate / unit	UNKNOWN STEP	2026-09-12T20:00:59.7868493Z  [32m✓[39m packages/safe-js/src/interp/shared-array-buffer.test.ts [2m([22m[2m18 tests[22m[2m)[22m[32m 16[2mms[22m[39m
validate / unit	UNKNOWN STEP	2026-09-12T20:01:01.0094887Z  [32m✓[39m packages/safe-js/src/interp/temporal-instant-copy.test.ts [2m([22m[2m14 tests[22m[2m)[22m[33m 379[2mms[22m[39m
validate / unit	UNKNOWN STEP	2026-09-12T20:01:01.9091656Z  [32m✓[39m packages/safe-js/src/snapshot/collection-properties.test.ts [2m([22m[2m30 tests[22m[2m)[22m[32m 57[2mms[22m[39m
validate / unit	UNKNOWN STEP	2026-09-12T20:01:02.4668557Z  [32m✓[39m packages/safe-js/src/run.promise-settlement-identity.test.ts [2m([22m[2m9 tests[22m[2m)[22m[33m 1865[2mms[22m[39m
validate / unit	UNKNOWN STEP	2026-09-12T20:01:02.4670637Z    [33m[2m✓[22m[39m preserves settlement sibling identity through completed replay [33m 589[2mms[22m[39m
validate / unit	UNKNOWN STEP	2026-09-12T20:01:02.4687075Z    [33m[2m✓[22m[39m replays a fulfillment back-reference without the original host Promise [33m 380[2mms[22m[39m
validate / unit	UNKNOWN STEP	2026-09-12T20:01:03.9198982Z  [32m✓[39m packages/safe-js/src/snapshot/async-disposable-stack.test.ts [2m([22m[2m5 tests[22m[2m)[22m[33m 1137[2mms[22m[39m
validate / unit	UNKNOWN STEP	2026-09-12T20:01:03.9200835Z    [33m[2m✓[22m[39m restores idle async cleanup through JSON [33m 459[2mms[22m[39m
validate / unit	UNKNOWN STEP	2026-09-12T20:01:03.9201904Z    [33m[2m✓[22m[39m restores pending async cleanup through JSON [33m 302[2mms[22m[39m
validate / unit	UNKNOWN STEP	2026-09-12T20:01:04.4972810Z  [32m✓[39m packages/safe-js/src/interp/guest-proxy-enumerable.test.ts [2m([22m[2m27 tests[22m[2m)[22m[33m 1160[2mms[22m[39m
validate / unit	UNKNOWN STEP	2026-09-12T20:01:04.7358740Z  [32m✓[39m packages/safe-js/src/lint/rules/AS-unreachable.test.ts [2m([22m[2m20 tests[22m[2m)[22m[32m 30[2mms[22m[39m
validate / unit	UNKNOWN STEP	2026-09-12T20:01:05.1511881Z  [32m✓[39m packages/safe-js/src/parse/dynamic-function.test.ts [2m([22m[2m111 tests[22m[2m)[22m[32m 207[2mms[22m[39m
validate / unit	UNKNOWN STEP	2026-09-12T20:01:06.7991021Z  [32m✓[39m packages/safe-js/src/interp/methods/regex-named-groups.test.ts [2m([22m[2m35 tests[22m[2m)[22m[33m 1985[2mms[22m[39m
validate / unit	UNKNOWN STEP	2026-09-12T20:01:06.7992883Z      [33m[2m✓[22m[39m preserves groups prototypes and index aliases across checkpoint replay [33m 408[2mms[22m[39m
validate / unit	UNKNOWN STEP	2026-09-12T20:01:07.6925362Z  [32m✓[39m packages/safe-js/src/snapshot/eval-source-validation.test.ts [2m([22m[2m14 tests[22m[2m)[22m[33m 1654[2mms[22m[39m
validate / unit	UNKNOWN STEP	2026-09-12T20:01:08.9025588Z  [32m✓[39m packages/safe-js/src/interp/globals/temporal-instant-locale.test.ts [2m([22m[2m14 tests[22m[2m)[22m[33m 1252[2mms[22m[39m
validate / unit	UNKNOWN STEP	2026-09-12T20:01:09.2534190Z  [32m✓[39m packages/safe-js/src/interp/array-literal-prototype-lifetime.test.ts [2m([22m[2m10 tests[22m[2m)[22m[33m 640[2mms[22m[39m
validate / unit	UNKNOWN STEP	2026-09-12T20:01:11.6391378Z  [32m✓[39m packages/safe-js/src/interp/for-of-assignment.test.ts [2m([22m[2m26 tests[22m[2m)[22m[33m 1483[2mms[22m[39m
validate / unit	UNKNOWN STEP	2026-09-12T20:01:11.6393954Z      [33m[2m✓[22m[39m does not repeat target effects when resuming the loop body [33m 458[2mms[22m[39m
validate / unit	UNKNOWN STEP	2026-09-12T20:01:12.7064464Z  [32m✓[39m packages/safe-js/src/interp/globals/date-setter-coercion.test.ts [2m([22m[2m47 tests[22m[2m)[22m[33m 2907[2mms[22m[39m
validate / unit	UNKNOWN STEP	2026-09-12T20:01:14.4806775Z  [32m✓[39m packages/safe-js/src/interp/globals/aggregate-error-array-realm.test.ts [2m([22m[2m6 tests[22m[2m)[22m[33m 838[2mms[22m[39m
validate / unit	UNKNOWN STEP	2026-09-12T20:01:14.5887999Z  [32m✓[39m packages/safe-js/src/snapshot/promise-capability-executors.test.ts [2m([22m[2m8 tests[22m[2m)[22m[33m 2076[2mms[22m[39m
validate / unit	UNKNOWN STEP	2026-09-12T20:01:14.5893001Z    [33m[2m✓[22m[39m restores retained capability executor state: const callbacks=[];function C(executor){executor(value=>{this.value=value},reason=>{this.reason=reason})}C.resolve=value=>({then(ok,fail){callbacks.push([ok,fail])}});const result=Promise.allSettled.call(C,[1,2]);callbacks[0][0](7);return async()=>{callbacks[1][1]('second');return result.value} [33m 578[2mms[22m[39m
validate / unit	UNKNOWN STEP	2026-09-12T20:01:14.5898052Z    [33m[2m✓[22m[39m restores retained capability executor state: let saved;function C(executor){saved=executor;executor(()=>{},()=>{})}C.resolve=value=>Promise.resolve(value);Promise.all.call(C,[]);return ()=>{try{saved(()=>{},()=>{});return false}catch(error){return error instanceof TypeError}} [32m 300[2mms[22m[39m
validate / unit	UNKNOWN STEP	2026-09-12T20:01:17.1099440Z  [32m✓[39m packages/safe-js/src/interp/private-state.test.ts [2m([22m[2m16 tests[22m[2m)[22m[33m 1731[2mms[22m[39m
validate / unit	UNKNOWN STEP	2026-09-12T20:01:17.1102592Z    [33m[2m✓[22m[39m enforces the data budget while private fields grow: class C{#x=[];fill(){for(let i=0;i<100;i++)this.#x.push('x'.repeat(100))}}new C().fill() [33m 793[2mms[22m[39m
validate / unit	UNKNOWN STEP	2026-09-12T20:01:17.1105288Z    [33m[2m✓[22m[39m enforces the data budget while private fields grow: class C{static #x=[];static fill(){for(let i=0;i<100;i++)this.#x.push('x'.repeat(100))}}C.fill() [33m 579[2mms[22m[39m
validate / unit	UNKNOWN STEP	2026-09-12T20:01:17.1108290Z    [33m[2m✓[22m[39m enforces the data budget while private fields grow: class C{#x='';fill(){for(let i=0;i<100;i++)this.#x+='x'.repeat(100)}}new C().fill() [33m 305[2mms[22m[39m
validate / unit	UNKNOWN STEP	2026-09-12T20:01:17.8141439Z  [32m✓[39m packages/safe-js/src/interp/methods/array-callback-replay.test.ts [2m([22m[2m4 tests[22m[2m)[22m[33m 2376[2mms[22m[39m
validate / unit	UNKNOWN STEP	2026-09-12T20:01:17.8151319Z      [33m[2m✓[22m[39m replays recorded host callbacks containing map mutation without repeating the host [33m 953[2mms[22m[39m
validate / unit	UNKNOWN STEP	2026-09-12T20:01:17.8153291Z      [33m[2m✓[22m[39m replays recorded host callbacks containing reduce mutation without repeating the host [33m 583[2mms[22m[39m
validate / unit	UNKNOWN STEP	2026-09-12T20:01:17.8155121Z      [33m[2m✓[22m[39m replays recorded host callbacks containing sort mutation without repeating the host [33m 540[2mms[22m[39m
validate / unit	UNKNOWN STEP	2026-09-12T20:01:19.2312394Z  [32m✓[39m packages/safe-js/src/interp/guest-proxy-object-descriptors.test.ts [2m([22m[2m8 tests[22m[2m)[22m[33m 523[2mms[22m[39m
validate / unit	UNKNOWN STEP	2026-09-12T20:01:19.4852857Z  [32m✓[39m packages/safe-js/src/interp/globals/temporal-instant-arithmetic.test.ts [2m([22m[2m21 tests[22m[2m)[22m[33m 1523[2mms[22m[39m
validate / unit	UNKNOWN STEP	2026-09-12T20:01:20.0938807Z  [32m✓[39m packages/safe-js/src/interp/guest-proxy-has.test.ts [2m([22m[2m13 tests[22m[2m)[22m[32m 21[2mms[22m[39m
validate / unit	UNKNOWN STEP	2026-09-12T20:01:20.9555782Z  [32m✓[39m packages/safe-js/src/interp/guest-proxy-assign.test.ts [2m([22m[2m9 tests[22m[2m)[22m[33m 621[2mms[22m[39m
validate / unit	UNKNOWN STEP	2026-09-12T20:01:21.8507301Z  [32m✓[39m packages/safe-js/src/snapshot/trusted-promise-replay.test.ts [2m([22m[2m5 tests[22m[2m)[22m[32m 17[2mms[22m[39m
validate / unit	UNKNOWN STEP	2026-09-12T20:01:24.0033050Z  [32m✓[39m packages/safe-js/src/interp/globals/promise-own-properties.test.ts [2m([22m[2m13 tests[22m[2m)[22m[33m 1257[2mms[22m[39m
validate / unit	UNKNOWN STEP	2026-09-12T20:01:24.0035634Z    [33m[2m✓[22m[39m preserves promise properties across pending checkpoints [33m 318[2mms[22m[39m
validate / unit	UNKNOWN STEP	2026-09-12T20:01:28.3885126Z  [32m✓[39m packages/safe-js/src/interp/member-key-conversion.test.ts [2m([22m[2m63 tests[22m[2m)[22m[33m 3476[2mms[22m[39m
validate / unit	UNKNOWN STEP	2026-09-12T20:01:28.6546394Z  [32m✓[39m packages/safe-js/src/snapshot/guest-generator-array-patterns.test.ts [2m([22m[2m29 tests[22m[2m)[22m[33m 7623[2mms[22m[39m
validate / unit	UNKNOWN STEP	2026-09-12T20:01:28.6548936Z    [33m[2m✓[22m[39m preserves partial array binding: 'const [first,second=yield 1]=[2];retu…' (async=false) [33m 475[2mms[22m[39m
validate / unit	UNKNOWN STEP	2026-09-12T20:01:28.6556063Z    [33m[2m✓[22m[39m preserves partial array binding: 'const [first,second=yield 1]=[2];retu…' (async=true) [33m 320[2mms[22m[39m
validate / unit	UNKNOWN STEP	2026-09-12T20:01:28.6566778Z    [33m[2m✓[22m[39m preserves partial array binding: 'let count=0;const target={};function …' (async=false) [33m 325[2mms[22m[39m
validate / unit	UNKNOWN STEP	2026-09-12T20:01:28.6576965Z    [33m[2m✓[22m[39m preserves partial array binding: 'for(const [first,second=yield 1] of […' (async=false) [33m 317[2mms[22m[39m
validate / unit	UNKNOWN STEP	2026-09-12T20:01:28.6585578Z    [33m[2m✓[22m[39m preserves partial array binding: 'for(const [first,second=yield 1] of […' (async=true) [33m 382[2mms[22m[39m
validate / unit	UNKNOWN STEP	2026-09-12T20:01:28.6587986Z    [33m[2m✓[22m[39m preserves partial array binding: 'const [first=yield 1,second=yield 2]=…' (async=true) [33m 325[2mms[22m[39m
validate / unit	UNKNOWN STEP	2026-09-12T20:01:28.6590627Z    [33m[2m✓[22m[39m preserves partial array binding: 'const events=[];const source={[Symbol…' (async=false) [33m 378[2mms[22m[39m
validate / unit	UNKNOWN STEP	2026-09-12T20:01:28.6593111Z    [33m[2m✓[22m[39m preserves partial array binding: 'const events=[];const source={[Symbol…' (async=true) [33m 336[2mms[22m[39m
validate / unit	UNKNOWN STEP	2026-09-12T20:01:30.9368042Z  [32m✓[39m packages/safe-js/src/interp/methods/regex-metadata-order.test.ts [2m([22m[2m23 tests[22m[2m)[22m[33m 1397[2mms[22m[39m
validate / unit	UNKNOWN STEP	2026-09-12T20:01:33.3875401Z  [32m✓[39m packages/safe-js/src/interp/globals/error-is-error.test.ts [2m([22m[2m26 tests[22m[2m)[22m[33m 1563[2mms[22m[39m
validate / unit	UNKNOWN STEP	2026-09-12T20:01:33.3878340Z    [33m[2m✓[22m[39m restores error brands and escaped method aliases through JSON snapshots [33m 318[2mms[22m[39m
validate / unit	UNKNOWN STEP	2026-09-12T20:01:34.8585143Z  [32m✓[39m packages/safe-js/src/interp/thenable-state.test.ts [2m([22m[2m8 tests[22m[2m)[22m[33m 621[2mms[22m[39m
validate / unit	UNKNOWN STEP	2026-09-12T20:01:35.2385660Z  [32m✓[39m packages/safe-js/src/snapshot/guest-generator-object-patterns.test.ts [2m([22m[2m31 tests[22m[2m)[22m[33m 5917[2mms[22m[39m
validate / unit	UNKNOWN STEP	2026-09-12T20:01:35.2386914Z    [33m[2m✓[22m[39m preserves partial object patterns: 'const {first,second=yield 1}={first:2…' (async=false) [33m 382[2mms[22m[39m
validate / unit	UNKNOWN STEP	2026-09-12T20:01:37.4482970Z  [32m✓[39m packages/safe-js/src/interp/methods/regex-symbol-split.test.ts [2m([22m[2m19 tests[22m[2m)[22m[33m 1304[2mms[22m[39m
validate / unit	UNKNOWN STEP	2026-09-12T20:01:38.8597408Z  [32m✓[39m packages/safe-js/src/interp/shared-scope-accounting.test.ts [2m([22m[2m12 tests[22m[2m)[22m[33m 545[2mms[22m[39m
validate / unit	UNKNOWN STEP	2026-09-12T20:01:39.0561611Z  [32m✓[39m packages/safe-js/src/interp/globals/numeric-predicates.test.ts [2m([22m[2m48 tests[22m[2m)[22m[33m 3269[2mms[22m[39m
validate / unit	UNKNOWN STEP	2026-09-12T20:01:39.0591683Z      [33m[2m✓[22m[39m keeps step exhaustion fatal and releases roots [33m 303[2mms[22m[39m
validate / unit	UNKNOWN STEP	2026-09-12T20:01:40.1283140Z  [32m✓[39m packages/safe-js/src/interp/intrinsic-shared-retention.test.ts [2m([22m[2m9 tests[22m[2m)[22m[32m 192[2mms[22m[39m
validate / unit	UNKNOWN STEP	2026-09-12T20:01:40.9221036Z  [32m✓[39m packages/safe-js/src/interp/globals/temporal-duration-with.test.ts [2m([22m[2m15 tests[22m[2m)[22m[33m 1212[2mms[22m[39m
validate / unit	UNKNOWN STEP	2026-09-12T20:01:41.0649171Z  [32m✓[39m packages/safe-js/src/snapshot/mapped-arguments.test.ts [2m([22m[2m12 tests[22m[2m)[22m[32m 55[2mms[22m[39m
validate / unit	UNKNOWN STEP	2026-09-12T20:01:43.3159251Z  [32m✓[39m packages/safe-js/src/interp/globals/promise-foreign-newtarget.test.ts [2m([22m[2m11 tests[22m[2m)[22m[33m 1515[2mms[22m[39m
validate / unit	UNKNOWN STEP	2026-09-12T20:01:43.3181958Z    [33m[2m✓[22m[39m keeps foreign Promise defaults through replay: function Target(){} [33m 337[2mms[22m[39m
validate / unit	UNKNOWN STEP	2026-09-12T20:01:43.7360000Z  [32m✓[39m packages/safe-js/src/interp/globals/regex-escape.test.ts [2m([22m[2m31 tests[22m[2m)[22m[33m 1799[2mms[22m[39m
validate / unit	UNKNOWN STEP	2026-09-12T20:01:43.7386661Z      [33m[2m✓[22m[39m preserves escaped output and method access through checkpoint replay [33m 403[2mms[22m[39m
validate / unit	UNKNOWN STEP	2026-09-12T20:01:44.6643256Z  [32m✓[39m packages/safe-js/src/interp/host-call-graph.test.ts [2m([22m[2m4 tests[22m[2m)[22m[32m 74[2mms[22m[39m
validate / unit	UNKNOWN STEP	2026-09-12T20:01:44.9850160Z  [32m✓[39m packages/safe-js/src/snapshot/temporal-instant-replay.test.ts [2m([22m[2m26 tests[22m[2m)[22m[33m 755[2mms[22m[39m
validate / unit	UNKNOWN STEP	2026-09-12T20:01:44.9852455Z    [33m[2m✓[22m[39m replays Instant inputs and a completed host result without repeating the host call [33m 498[2mms[22m[39m
validate / unit	UNKNOWN STEP	2026-09-12T20:01:45.8671785Z  [32m✓[39m packages/safe-js/src/interp/host-reconciliation-disposal.test.ts [2m([22m[2m5 tests[22m[2m)[22m[32m 15[2mms[22m[39m
validate / unit	UNKNOWN STEP	2026-09-12T20:01:46.6067154Z  [32m✓[39m packages/safe-js/src/interp/template-identity.test.ts [2m([22m[2m13 tests[22m[2m)[22m[33m 1019[2mms[22m[39m
validate / unit	UNKNOWN STEP	2026-09-12T20:01:46.6069014Z    [33m[2m✓[22m[39m preserves template identity through public dump and replay [33m 310[2mms[22m[39m
validate / unit	UNKNOWN STEP	2026-09-12T20:01:48.8583411Z  [32m✓[39m packages/safe-js/src/interp/globals/foreign-intrinsic-error-realm.test.ts [2m([22m[2m17 tests[22m[2m)[22m[33m 2095[2mms[22m[39m
validate / unit	UNKNOWN STEP	2026-09-12T20:01:48.8585304Z    [33m[2m✓[22m[39m retains foreign parser error prototypes after replay: C [33m 362[2mms[22m[39m
validate / unit	UNKNOWN STEP	2026-09-12T20:01:49.7191064Z  [32m✓[39m packages/safe-js/src/interp/promise-settlement-alias.test.ts [2m([22m[2m6 tests[22m[2m)[22m[32m 15[2mms[22m[39m
validate / unit	UNKNOWN STEP	2026-09-12T20:01:50.5302894Z  [32m✓[39m packages/safe-js/src/interp/globals/math-coercion.test.ts [2m([22m[2m48 tests[22m[2m)[22m[33m 3041[2mms[22m[39m
validate / unit	UNKNOWN STEP	2026-09-12T20:01:50.5305184Z    [33m[2m✓[22m[39m preserves guest conversions across pending checkpoints [33m 440[2mms[22m[39m
validate / unit	UNKNOWN STEP	2026-09-12T20:01:50.5307392Z    [33m[2m✓[22m[39m preserves guest conversions across completed checkpoints [33m 314[2mms[22m[39m
validate / unit	UNKNOWN STEP	2026-09-12T20:01:52.0324979Z  [32m✓[39m packages/safe-js/src/interp/proto-methods.test.ts [2m([22m[2m21 tests[22m[2m)[22m[33m 1385[2mms[22m[39m
validate / unit	UNKNOWN STEP	2026-09-12T20:01:52.0327134Z      [33m[2m✓[22m[39m preserves an own __proto__ method through a checkpoint [33m 423[2mms[22m[39m
validate / unit	UNKNOWN STEP	2026-09-12T20:01:52.8505453Z  [32m✓[39m packages/safe-js/src/interp/string-replacement-protocols.test.ts [2m([22m[2m23 tests[22m[2m)[22m[33m 1364[2mms[22m[39m
validate / unit	UNKNOWN STEP	2026-09-12T20:01:55.4050613Z  [32m✓[39m packages/safe-js/src/snapshot/guest-generator-switch.test.ts [2m([22m[2m35 tests[22m[2m)[22m[33m 1661[2mms[22m[39m
validate / unit	UNKNOWN STEP	2026-09-12T20:01:56.2155805Z  [32m✓[39m packages/safe-js/src/interp/weak-collection.test.ts [2m([22m[2m11 tests[22m[2m)[22m[32m 12[2mms[22m[39m
validate / unit	UNKNOWN STEP	2026-09-12T20:01:57.0361986Z  [32m✓[39m packages/safe-js/src/interp/guest-proxy-delete.test.ts [2m([22m[2m13 tests[22m[2m)[22m[32m 19[2mms[22m[39m
validate / unit	UNKNOWN STEP	2026-09-12T20:01:57.9676535Z  [32m✓[39m packages/safe-js/src/snapshot/temporal-plain-time.test.ts [2m([22m[2m22 tests[22m[2m)[22m[32m 50[2mms[22m[39m
validate / unit	UNKNOWN STEP	2026-09-12T20:02:01.3376364Z  [32m✓[39m packages/safe-js/src/interp/globals/resource-constructor-foreign-newtarget.test.ts [2m([22m[2m20 tests[22m[2m)[22m[33m 2530[2mms[22m[39m
validate / unit	UNKNOWN STEP	2026-09-12T20:02:02.7988340Z  [32m✓[39m packages/safe-js/src/interp/guest-proxy-call.test.ts [2m([22m[2m17 tests[22m[2m)[22m[33m 655[2mms[22m[39m
validate / unit	UNKNOWN STEP	2026-09-12T20:02:03.2410783Z  [32m✓[39m packages/safe-js/src/lint/mutable-closures.stress.test.ts [2m([22m[2m25 tests[22m[2m)[22m[33m 10283[2mms[22m[39m
validate / unit	UNKNOWN STEP	2026-09-12T20:02:03.2412553Z        [33m[2m✓[22m[39m matches native JavaScript at width 7 [33m 378[2mms[22m[39m
validate / unit	UNKNOWN STEP	2026-09-12T20:02:03.2413928Z        [33m[2m✓[22m[39m matches native JavaScript at width 24 [33m 3586[2mms[22m[39m
validate / unit	UNKNOWN STEP	2026-09-12T20:02:03.2415243Z        [33m[2m✓[22m[39m matches native JavaScript at width 24 [33m 317[2mms[22m[39m
validate / unit	UNKNOWN STEP	2026-09-12T20:02:03.2416574Z        [33m[2m✓[22m[39m matches native JavaScript at width 24 [33m 306[2mms[22m[39m
validate / unit	UNKNOWN STEP	2026-09-12T20:02:03.2417821Z        [33m[2m✓[22m[39m matches native JavaScript at width 7 [33m 351[2mms[22m[39m
validate / unit	UNKNOWN STEP	2026-09-12T20:02:03.2419130Z        [33m[2m✓[22m[39m matches native JavaScript at width 24 [33m 1936[2mms[22m[39m
validate / unit	UNKNOWN STEP	2026-09-12T20:02:03.2420632Z        [33m[2m✓[22m[39m matches native JavaScript at width 7 [33m 309[2mms[22m[39m
validate / unit	UNKNOWN STEP	2026-09-12T20:02:03.2421911Z        [33m[2m✓[22m[39m matches native JavaScript at width 24 [33m 1123[2mms[22m[39m
validate / unit	UNKNOWN STEP	2026-09-12T20:02:04.0687218Z  [32m✓[39m packages/safe-js/src/snapshot/temporal-duration.test.ts [2m([22m[2m20 tests[22m[2m)[22m[33m 405[2mms[22m[39m
validate / unit	UNKNOWN STEP	2026-09-12T20:02:04.0689980Z    [33m[2m✓[22m[39m preserves a subclass Duration across public replay [33m 352[2mms[22m[39m
validate / unit	UNKNOWN STEP	2026-09-12T20:02:05.9264868Z  [32m✓[39m packages/safe-js/src/interp/globals/temporal-plain-date-time-round.test.ts [2m([22m[2m29 tests[22m[2m)[22m[33m 1804[2mms[22m[39m
validate / unit	UNKNOWN STEP	2026-09-12T20:02:06.1451476Z  [32m✓[39m packages/safe-js/src/interp/temporal-plain-month-day.test.ts [2m([22m[2m17 tests[22m[2m)[22m[32m 15[2mms[22m[39m
validate / unit	UNKNOWN STEP	2026-09-12T20:02:07.0094484Z  [32m✓[39m packages/safe-js/src/interp/globals/collection-own-properties.test.ts [2m([22m[2m22 tests[22m[2m)[22m[33m 2077[2mms[22m[39m
validate / unit	UNKNOWN STEP	2026-09-12T20:02:07.0110931Z    [33m[2m✓[22m[39m restores 'Map' own descriptors in 'pending' checkpoints [33m 345[2mms[22m[39m
validate / unit	UNKNOWN STEP	2026-09-12T20:02:08.6598820Z  [32m✓[39m packages/safe-js/src/interp/globals/object-proto-accessor.test.ts [2m([22m[2m23 tests[22m[2m)[22m[33m 1652[2mms[22m[39m
validate / unit	UNKNOWN STEP	2026-09-12T20:02:08.6600707Z    [33m[2m✓[22m[39m replays an accessor-set prototype and a saved accessor identity [33m 337[2mms[22m[39m
validate / unit	UNKNOWN STEP	2026-09-12T20:02:09.9197868Z  [32m✓[39m packages/safe-js/src/interp/globals/number-coercion.test.ts [2m([22m[2m26 tests[22m[2m)[22m[33m 1936[2mms[22m[39m
validate / unit	UNKNOWN STEP	2026-09-12T20:02:11.3651982Z  [32m✓[39m packages/safe-js/src/interp/globals/dynamic-function-owner-realm.test.ts [2m([22m[2m8 tests[22m[2m)[22m[33m 1813[2mms[22m[39m
validate / unit	UNKNOWN STEP	2026-09-12T20:02:11.3670738Z    [33m[2m✓[22m[39m retains borrowed Constructor owner globals through replay [33m 502[2mms[22m[39m
validate / unit	UNKNOWN STEP	2026-09-12T20:02:11.3672336Z    [33m[2m✓[22m[39m retains borrowed Constructor.bind(null) owner globals through replay [33m 360[2mms[22m[39m
validate / unit	UNKNOWN STEP	2026-09-12T20:02:11.3673879Z    [33m[2m✓[22m[39m retains borrowed new Proxy(Constructor,{}) owner globals through replay [33m 325[2mms[22m[39m
validate / unit	UNKNOWN STEP	2026-09-12T20:02:11.9013989Z  [32m✓[39m packages/safe-js/src/run.call-order.test.ts [2m([22m[2m15 tests[22m[2m)[22m[33m 1055[2mms[22m[39m
validate / unit	UNKNOWN STEP	2026-09-12T20:02:13.9291073Z  [32m✓[39m packages/safe-js/src/interp/uint8-hex.test.ts [2m([22m[2m27 tests[22m[2m)[22m[33m 1692[2mms[22m[39m
validate / unit	UNKNOWN STEP	2026-09-12T20:02:13.9293324Z    [33m[2m✓[22m[39m preserves static and instance method identities across public dump/restore [33m 319[2mms[22m[39m
validate / unit	UNKNOWN STEP	2026-09-12T20:02:14.6386468Z  [32m✓[39m packages/safe-js/src/interp/function-receivers.test.ts [2m([22m[2m24 tests[22m[2m)[22m[33m 1838[2mms[22m[39m
validate / unit	UNKNOWN STEP	2026-09-12T20:02:16.4721646Z  [32m✓[39m packages/safe-js/src/interp/float32-of.test.ts [2m([22m[2m18 tests[22m[2m)[22m[33m 1651[2mms[22m[39m
validate / unit	UNKNOWN STEP	2026-09-12T20:02:16.4723794Z    [33m[2m✓[22m[39m preserves inherited factory identity and calls across repeated snapshots [33m 521[2mms[22m[39m
validate / unit	UNKNOWN STEP	2026-09-12T20:02:16.8881059Z  [32m✓[39m packages/safe-js/src/interp/globals/promise-with-resolvers.test.ts [2m([22m[2m15 tests[22m[2m)[22m[33m 1379[2mms[22m[39m
validate / unit	UNKNOWN STEP	2026-09-12T20:02:18.1434202Z  [32m✓[39m packages/safe-js/src/interp/guest-proxy-define-properties.test.ts [2m([22m[2m10 tests[22m[2m)[22m[33m 817[2mms[22m[39m
validate / unit	UNKNOWN STEP	2026-09-12T20:02:19.4578239Z  [32m✓[39m packages/safe-js/src/interp/generator-delegated-result.test.ts [2m([22m[2m13 tests[22m[2m)[22m[33m 1687[2mms[22m[39m
validate / unit	UNKNOWN STEP	2026-09-12T20:02:20.2952114Z  [32m✓[39m packages/safe-js/src/interp/methods/regex-symbol-search.test.ts [2m([22m[2m17 tests[22m[2m)[22m[33m 1217[2mms[22m[39m
validate / unit	UNKNOWN STEP	2026-09-12T20:02:21.8433379Z  [32m✓[39m packages/safe-js/src/interp/float32-at.test.ts [2m([22m[2m14 tests[22m[2m)[22m[33m 1488[2mms[22m[39m
validate / unit	UNKNOWN STEP	2026-09-12T20:02:21.8521354Z    [33m[2m✓[22m[39m preserves at through two snapshot round-trips [33m 596[2mms[22m[39m
validate / unit	UNKNOWN STEP	2026-09-12T20:02:22.1483227Z  [32m✓[39m packages/safe-js/src/snapshot/guest-generator-assignments.test.ts [2m([22m[2m34 tests[22m[2m)[22m[33m 945[2mms[22m[39m
validate / unit	UNKNOWN STEP	2026-09-12T20:02:23.1877065Z  [32m✓[39m packages/safe-js/src/interp/globals/finalization-registry-cleanup.test.ts [2m([22m[2m6 tests[22m[2m)[22m[33m 439[2mms[22m[39m
validate / unit	UNKNOWN STEP	2026-09-12T20:02:25.3612658Z  [32m✓[39m packages/safe-js/src/run.pending-imported-promise-checkpoints.test.ts [2m([22m[2m2 tests[22m[2m)[22m[33m 1003[2mms[22m[39m
validate / unit	UNKNOWN STEP	2026-09-12T20:02:25.3616122Z    [33m[2m✓[22m[39m preserves two distinct pending nodes and aliases across input outcomes [33m 638[2mms[22m[39m
validate / unit	UNKNOWN STEP	2026-09-12T20:02:25.3618202Z    [33m[2m✓[22m[39m keeps a reconciliation identity stable through another still-pending checkpoint [33m 362[2mms[22m[39m
validate / unit	UNKNOWN STEP	2026-09-12T20:02:26.4351401Z  [32m✓[39m packages/safe-js/src/interp/float32-prototype-snapshots.test.ts [2m([22m[2m12 tests[22m[2m)[22m[33m 3385[2mms[22m[39m
validate / unit	UNKNOWN STEP	2026-09-12T20:02:26.4356960Z    [33m[2m✓[22m[39m preserves typed storage and prototype behavior across portable snapshots: 'const value=new Float32Array([2]);Obj…' [33m 685[2mms[22m[39m
validate / unit	UNKNOWN STEP	2026-09-12T20:02:26.4370485Z    [33m[2m✓[22m[39m preserves typed storage and prototype behavior across portable snapshots: 'class Custom extends Float32Array{fie…' [33m 386[2mms[22m[39m
validate / unit	UNKNOWN STEP	2026-09-12T20:02:26.4374129Z    [33m[2m✓[22m[39m preserves typed storage and prototype behavior across portable snapshots: 'class Custom extends Float32Array{get…' [33m 389[2mms[22m[39m
validate / unit	UNKNOWN STEP	2026-09-12T20:02:26.4376974Z    [33m[2m✓[22m[39m preserves typed storage and prototype behavior across portable snapshots: 'const value=new Float32Array([2]);Obj…' [33m 362[2mms[22m[39m
validate / unit	UNKNOWN STEP	2026-09-12T20:02:26.4380213Z    [33m[2m✓[22m[39m preserves typed storage and prototype behavior across portable snapshots: 'const value=new Float32Array([2]);con…' [33m 382[2mms[22m[39m
validate / unit	UNKNOWN STEP	2026-09-12T20:02:26.4383216Z    [33m[2m✓[22m[39m preserves typed storage and prototype behavior across portable snapshots: 'const value=new Float32Array([2,4]);c…' [33m 351[2mms[22m[39m
validate / unit	UNKNOWN STEP	2026-09-12T20:02:26.4386333Z    [33m[2m✓[22m[39m preserves typed storage and prototype behavior across portable snapshots: 'const value=new Float32Array([2]);val…' [33m 335[2mms[22m[39m
validate / unit	UNKNOWN STEP	2026-09-12T20:02:28.4843551Z  [32m✓[39m packages/safe-js/src/interp/float32-range-coercion.test.ts [2m([22m[2m14 tests[22m[2m)[22m[33m 2242[2mms[22m[39m
validate / unit	UNKNOWN STEP	2026-09-12T20:02:28.4860612Z    [33m[2m✓[22m[39m preserves slice coercion and aliasing across snapshots [33m 632[2mms[22m[39m
validate / unit	UNKNOWN STEP	2026-09-12T20:02:28.4862381Z    [33m[2m✓[22m[39m preserves subarray coercion and aliasing across snapshots [33m 470[2mms[22m[39m
validate / unit	UNKNOWN STEP	2026-09-12T20:02:29.2393200Z  [32m✓[39m packages/safe-js/src/snapshot/guest-generator-for-in.test.ts [2m([22m[2m35 tests[22m[2m)[22m[33m 1882[2mms[22m[39m
validate / unit	UNKNOWN STEP	2026-09-12T20:02:30.8425780Z  [32m✓[39m packages/safe-js/src/example-runner.test.ts [2m([22m[2m6 tests[22m[2m)[22m[33m 613[2mms[22m[39m
validate / unit	UNKNOWN STEP	2026-09-12T20:02:30.8428647Z      [33m[2m✓[22m[39m retains experiment metrics and attempt selection in the script path [33m 527[2mms[22m[39m
validate / unit	UNKNOWN STEP	2026-09-12T20:02:30.9971516Z  [32m✓[39m packages/safe-js/src/interp/globals/temporal-plain-time-difference.test.ts [2m([22m[2m22 tests[22m[2m)[22m[33m 1523[2mms[22m[39m
validate / unit	UNKNOWN STEP	2026-09-12T20:02:33.8547359Z  [32m✓[39m packages/safe-js/src/interp/methods/string-html.test.ts [2m([22m[2m29 tests[22m[2m)[22m[33m 1964[2mms[22m[39m
validate / unit	UNKNOWN STEP	2026-09-12T20:02:33.8554670Z    [33m[2m✓[22m[39m replays a checkpoint inside attribute conversion [33m 344[2mms[22m[39m
validate / unit	UNKNOWN STEP	2026-09-12T20:02:33.9366668Z  [32m✓[39m packages/safe-js/src/interp/globals/boxed-creation-realm.test.ts [2m([22m[2m20 tests[22m[2m)[22m[33m 2216[2mms[22m[39m
validate / unit	UNKNOWN STEP	2026-09-12T20:02:34.3028779Z  [32m✓[39m packages/safe-js/src/lint.test.ts [2m([22m[2m9 tests[22m[2m)[22m[32m 105[2mms[22m[39m
validate / unit	UNKNOWN STEP	2026-09-12T20:02:36.8601452Z  [32m✓[39m packages/safe-js/src/interp/host-function-properties.test.ts [2m([22m[2m21 tests[22m[2m)[22m[33m 1693[2mms[22m[39m
validate / unit	UNKNOWN STEP	2026-09-12T20:02:36.8603895Z    [33m[2m✓[22m[39m restores module function properties, deleted metadata, aliases and prototypes [33m 608[2mms[22m[39m
validate / unit	UNKNOWN STEP	2026-09-12T20:02:38.8499060Z  [32m✓[39m packages/safe-js/src/interp/globals/string-search-coercion.test.ts [2m([22m[2m68 tests[22m[2m)[22m[33m 4082[2mms[22m[39m
validate / unit	UNKNOWN STEP	2026-09-12T20:02:39.0192989Z  [32m✓[39m packages/safe-js/src/interp/globals/temporal-instant-round.test.ts [2m([22m[2m21 tests[22m[2m)[22m[33m 1326[2mms[22m[39m
validate / unit	UNKNOWN STEP	2026-09-12T20:02:39.2591453Z  [32m✓[39m packages/safe-js/src/interp/regex/engine.test.ts [2m([22m[2m33 tests[22m[2m)[22m[32m 30[2mms[22m[39m
validate / unit	UNKNOWN STEP	2026-09-12T20:02:40.6793577Z  [32m✓[39m packages/safe-js/src/interp/array-buffer-host.test.ts [2m([22m[2m9 tests[22m[2m)[22m[33m 583[2mms[22m[39m
validate / unit	UNKNOWN STEP	2026-09-12T20:02:40.6795688Z    [33m[2m✓[22m[39m distinguishes backing capacity and tracking layout when only a view is passed [33m 393[2mms[22m[39m
validate / unit	UNKNOWN STEP	2026-09-12T20:02:41.7971838Z  [32m✓[39m packages/safe-js/src/interp/methods/regex-modifiers.test.ts [2m([22m[2m37 tests[22m[2m)[22m[33m 1984[2mms[22m[39m
validate / unit	UNKNOWN STEP	2026-09-12T20:02:41.7990571Z      [33m[2m✓[22m[39m preserves modifier groups through iterator checkpoint replay [33m 423[2mms[22m[39m
validate / unit	UNKNOWN STEP	2026-09-12T20:02:42.7042019Z  [32m✓[39m packages/safe-js/src/interp/mapped-arguments.test.ts [2m([22m[2m9 tests[22m[2m)[22m[32m 17[2mms[22m[39m
validate / unit	UNKNOWN STEP	2026-09-12T20:02:43.1589077Z  [32m✓[39m packages/safe-js/src/snapshot/pending-promise-subclasses.test.ts [2m([22m[2m5 tests[22m[2m)[22m[33m 1625[2mms[22m[39m
validate / unit	UNKNOWN STEP	2026-09-12T20:02:43.1593244Z    [33m[2m✓[22m[39m restores pending subclass reactions: class P extends Promise{#label=9;read(){return this.#label}}const c=P.withResolvers();const chained=c.promise.then(value=>value+1);return async()=>{c.resolve(7);return [await chained,chained instanceof P,chained.read()]} [33m 547[2mms[22m[39m
validate / unit	UNKNOWN STEP	2026-09-12T20:02:43.1598075Z    [33m[2m✓[22m[39m restores pending subclass reactions: class P extends Promise{}const c=Promise.withResolvers();c.promise.constructor={[Symbol.species]:P};const chained=c.promise.then(undefined,reason=>'handled:'+reason);return async()=>{c.reject('reason');return [await chained,chained instanceof P]} [33m 328[2mms[22m[39m
validate / unit	UNKNOWN STEP	2026-09-12T20:02:43.1602933Z    [33m[2m✓[22m[39m restores pending subclass reactions: let constructors=0;class P extends Promise{constructor(executor){constructors++;super(executor)}}const c=Promise.withResolvers();c.promise.constructor={[Symbol.species]:P};const chained=c.promise.then(value=>value+1);return async()=>{const before=constructors;c.resolve(7);return [before,await chained]} [33m 314[2mms[22m[39m
validate / unit	UNKNOWN STEP	2026-09-12T20:02:43.1609379Z    [33m[2m✓[22m[39m restores pending subclass reactions: let settleResult;let calls=0;class P extends Promise{constructor(executor){super((resolve,reject)=>{settleResult=resolve;executor(resolve,reject)})}}const c=Promise.withResolvers();c.promise.constructor={[Symbol.species]:P};const chained=c.promise.then(()=>{calls++;return 7});settleResult(99);await chained;return async()=>{c.resolve(7);await c.promise;await 0;return [await chained,calls]} [33m 329[2mms[22m[39m
validate / unit	UNKNOWN STEP	2026-09-12T20:02:44.9815268Z  [32m✓[39m packages/safe-js/src/interp/globals/temporal-plain-date-construction.test.ts [2m([22m[2m7 tests[22m[2m)[22m[33m 970[2mms[22m[39m
validate / unit	UNKNOWN STEP	2026-09-12T20:02:47.0801544Z  [32m✓[39m packages/safe-js/src/snapshot/guest-generator-pattern-sources.test.ts [2m([22m[2m19 tests[22m[2m)[22m[33m 1219[2mms[22m[39m
validate / unit	UNKNOWN STEP	2026-09-12T20:02:47.2293539Z  [32m✓[39m packages/safe-js/src/interp/globals/dynamic-function-foreign-newtarget.test.ts [2m([22m[2m16 tests[22m[2m)[22m[33m 3643[2mms[22m[39m
validate / unit	UNKNOWN STEP	2026-09-12T20:02:47.2295631Z    [33m[2m✓[22m[39m keeps the body realm distinct from the prototype realm after replay: function(){} [33m 541[2mms[22m[39m
validate / unit	UNKNOWN STEP	2026-09-12T20:02:47.2297443Z    [33m[2m✓[22m[39m keeps the body realm distinct from the prototype realm after replay: async function(){} [33m 519[2mms[22m[39m
validate / unit	UNKNOWN STEP	2026-09-12T20:02:47.2299251Z    [33m[2m✓[22m[39m keeps the body realm distinct from the prototype realm after replay: function*(){} [33m 436[2mms[22m[39m
validate / unit	UNKNOWN STEP	2026-09-12T20:02:47.2301743Z    [33m[2m✓[22m[39m keeps the body realm distinct from the prototype realm after replay: async function*(){} [33m 432[2mms[22m[39m
validate / unit	UNKNOWN STEP	2026-09-12T20:02:48.0087469Z  [32m✓[39m packages/safe-js/src/snapshot/error-data.test.ts [2m([22m[2m15 tests[22m[2m)[22m[32m 48[2mms[22m[39m
validate / unit	UNKNOWN STEP	2026-09-12T20:02:49.6314345Z  [32m✓[39m packages/safe-js/src/interp/promise-subclass-async.test.ts [2m([22m[2m11 tests[22m[2m)[22m[33m 1499[2mms[22m[39m
validate / unit	UNKNOWN STEP	2026-09-12T20:02:49.6316068Z    [33m[2m✓[22m[39m preserves subclass async returns across pending replay [33m 312[2mms[22m[39m
validate / unit	UNKNOWN STEP	2026-09-12T20:02:49.8902818Z  [32m✓[39m packages/safe-js/src/interp/resource-declarations.test.ts [2m([22m[2m12 tests[22m[2m)[22m[33m 974[2mms[22m[39m
validate / unit	UNKNOWN STEP	2026-09-12T20:02:51.8096219Z  [32m✓[39m packages/safe-js/src/interp/globals/temporal-plain-year-month-construction.test.ts [2m([22m[2m18 tests[22m[2m)[22m[33m 1293[2mms[22m[39m
validate / unit	UNKNOWN STEP	2026-09-12T20:02:52.6364448Z  [32m✓[39m packages/safe-js/src/interp/globals/temporal-plain-time-round.test.ts [2m([22m[2m33 tests[22m[2m)[22m[33m 1879[2mms[22m[39m
validate / unit	UNKNOWN STEP	2026-09-12T20:02:53.7959201Z  [32m✓[39m packages/safe-js/src/snapshot/temporal-duration-replay.test.ts [2m([22m[2m24 tests[22m[2m)[22m[32m 267[2mms[22m[39m
validate / unit	UNKNOWN STEP	2026-09-12T20:02:53.9765121Z  [32m✓[39m packages/safe-js/src/snapshot/guest-heap-validation.test.ts [2m([22m[2m11 tests[22m[2m)[22m[33m 1295[2mms[22m[39m
validate / unit	UNKNOWN STEP	2026-09-12T20:02:56.1637450Z  [32m✓[39m packages/safe-js/src/snapshot/guest-generator-pattern-defaults.test.ts [2m([22m[2m18 tests[22m[2m)[22m[33m 1306[2mms[22m[39m
validate / unit	UNKNOWN STEP	2026-09-12T20:02:57.5873474Z  [32m✓[39m packages/safe-js/src/snapshot/guest-lowlevel.test.ts [2m([22m[2m7 tests[22m[2m)[22m[33m 597[2mms[22m[39m
validate / unit	UNKNOWN STEP	2026-09-12T20:02:58.4461151Z  [32m✓[39m packages/safe-js/src/interp/methods/regex-flags.test.ts [2m([22m[2m43 tests[22m[2m)[22m[33m 3745[2mms[22m[39m
validate / unit	UNKNOWN STEP	2026-09-12T20:02:59.3541142Z  [32m✓[39m packages/safe-js/src/interp/job-kept-targets.test.ts [2m([22m[2m7 tests[22m[2m)[22m[32m 15[2mms[22m[39m
validate / unit	UNKNOWN STEP	2026-09-12T20:02:59.4718403Z  [32m✓[39m packages/safe-js/src/interp/globals/temporal-plain-date-from.test.ts [2m([22m[2m7 tests[22m[2m)[22m[33m 1038[2mms[22m[39m
validate / unit	UNKNOWN STEP	2026-09-12T20:03:00.2471685Z  [32m✓[39m packages/safe-js/src/interp/collection-iterator-bridges.test.ts [2m([22m[2m7 tests[22m[2m)[22m[32m 23[2mms[22m[39m
validate / unit	UNKNOWN STEP	2026-09-12T20:03:01.0915240Z  [32m✓[39m packages/safe-js/src/interp/guest-proxy-integrity.test.ts [2m([22m[2m12 tests[22m[2m)[22m[33m 784[2mms[22m[39m
validate / unit	UNKNOWN STEP	2026-09-12T20:03:03.0197875Z  [32m✓[39m packages/safe-js/src/interp/globals/intl.test.ts [2m([22m[2m28 tests[22m[2m)[22m[33m 1872[2mms[22m[39m
validate / unit	UNKNOWN STEP	2026-09-12T20:03:03.0198948Z    [33m[2m✓[22m[39m replays Intl namespace and method mutations from a pending checkpoint [33m 323[2mms[22m[39m
validate / unit	UNKNOWN STEP	2026-09-12T20:03:04.2515952Z  [32m✓[39m packages/safe-js/src/snapshot/pending-promise-aggregates.test.ts [2m([22m[2m7 tests[22m[2m)[22m[33m 2261[2mms[22m[39m
validate / unit	UNKNOWN STEP	2026-09-12T20:03:04.2518273Z    [33m[2m✓[22m[39m restores partially completed Promise.all without repeating resolve effects [33m 601[2mms[22m[39m
validate / unit	UNKNOWN STEP	2026-09-12T20:03:04.2520707Z    [33m[2m✓[22m[39m restores partially completed Promise.all without repeating resolve effects [33m 395[2mms[22m[39m
validate / unit	UNKNOWN STEP	2026-09-12T20:03:04.2522980Z    [33m[2m✓[22m[39m restores partially completed Promise.allSettled without repeating resolve effects [33m 329[2mms[22m[39m
validate / unit	UNKNOWN STEP	2026-09-12T20:03:04.2525040Z    [33m[2m✓[22m[39m restores partially completed Promise.any without repeating resolve effects [33m 316[2mms[22m[39m
validate / unit	UNKNOWN STEP	2026-09-12T20:03:05.1187866Z  [32m✓[39m packages/safe-js/src/interp/globals/temporal-plain-time-arithmetic.test.ts [2m([22m[2m15 tests[22m[2m)[22m[33m 1201[2mms[22m[39m
validate / unit	UNKNOWN STEP	2026-09-12T20:03:06.0066440Z  [32m✓[39m packages/safe-js/src/snapshot/temporal-plain-time-replay.test.ts [2m([22m[2m26 tests[22m[2m)[22m[32m 33[2mms[22m[39m
validate / unit	UNKNOWN STEP	2026-09-12T20:03:06.4319888Z  [32m✓[39m packages/safe-js/src/interp/globals/regex-like-construction.test.ts [2m([22m[2m18 tests[22m[2m)[22m[33m 1219[2mms[22m[39m
validate / unit	UNKNOWN STEP	2026-09-12T20:03:07.2906390Z  [32m✓[39m packages/safe-js/src/interp/temporal-plain-date-time-copy.test.ts [2m([22m[2m10 tests[22m[2m)[22m[32m 22[2mms[22m[39m
validate / unit	UNKNOWN STEP	2026-09-12T20:03:07.4086615Z  [32m✓[39m packages/safe-js/src/interp/guest-proxy-accessor-lookup.test.ts [2m([22m[2m11 tests[22m[2m)[22m[33m 549[2mms[22m[39m
validate / unit	UNKNOWN STEP	2026-09-12T20:03:07.5210187Z  [32m✓[39m packages/safe-js/src/lint/rules/AS-missing-async.test.ts [2m([22m[2m11 tests[22m[2m)[22m[32m 22[2mms[22m[39m
validate / unit	UNKNOWN STEP	2026-09-12T20:03:09.2665829Z  [32m✓[39m packages/safe-js/src/interp/array-buffer.test.ts [2m([22m[2m10 tests[22m[2m)[22m[33m 1003[2mms[22m[39m
validate / unit	UNKNOWN STEP	2026-09-12T20:03:09.2668124Z    [33m[2m✓[22m[39m preserves exposed buffer identity through snapshot round trips [33m 582[2mms[22m[39m
validate / unit	UNKNOWN STEP	2026-09-12T20:03:09.4111778Z  [32m✓[39m packages/safe-js/src/interp/globals/temporal-zoned-date-time-construction.test.ts [2m([22m[2m11 tests[22m[2m)[22m[33m 1052[2mms[22m[39m
validate / unit	UNKNOWN STEP	2026-09-12T20:03:10.6861029Z  [32m✓[39m packages/safe-js/src/parse/parse-import-meta.test.ts [2m([22m[2m14 tests[22m[2m)[22m[33m 405[2mms[22m[39m
validate / unit	UNKNOWN STEP	2026-09-12T20:03:10.9136211Z  [32m✓[39m packages/safe-js/src/interp/temporal-plain-date.test.ts [2m([22m[2m14 tests[22m[2m)[22m[32m 16[2mms[22m[39m
validate / unit	UNKNOWN STEP	2026-09-12T20:03:11.1328688Z  [32m✓[39m packages/safe-js/src/interp/globals/eval-foreign-realm.test.ts [2m([22m[2m5 tests[22m[2m)[22m[33m 987[2mms[22m[39m
validate / unit	UNKNOWN STEP	2026-09-12T20:03:11.1332158Z    [33m[2m✓[22m[39m keeps foreign eval writes and declarations in its owner across replay [33m 480[2mms[22m[39m
validate / unit	UNKNOWN STEP	2026-09-12T20:03:13.0033342Z  [32m✓[39m packages/safe-js/src/interp/globals/intl-datetimeformat-temporal.test.ts [2m([22m[2m9 tests[22m[2m)[22m[33m 1000[2mms[22m[39m
validate / unit	UNKNOWN STEP	2026-09-12T20:03:14.4323992Z  [32m✓[39m packages/safe-js/src/interp/globals/atomics-wait-disposal.test.ts [2m([22m[2m5 tests[22m[2m)[22m[33m 592[2mms[22m[39m
validate / unit	UNKNOWN STEP	2026-09-12T20:03:16.7676534Z  [32m✓[39m packages/safe-js/src/interp/intrinsic-prototype-origin.test.ts [2m([22m[2m46 tests[22m[2m)[22m[33m 4991[2mms[22m[39m
validate / unit	UNKNOWN STEP	2026-09-12T20:03:16.7678635Z    [33m[2m✓[22m[39m keeps Date.prototype's original parent under foreign inspection and replay [33m 375[2mms[22m[39m
validate / unit	UNKNOWN STEP	2026-09-12T20:03:18.5102883Z  [32m✓[39m packages/safe-js/src/interp/function-bind-prototype-order.test.ts [2m([22m[2m11 tests[22m[2m)[22m[33m 876[2mms[22m[39m
validate / unit	UNKNOWN STEP	2026-09-12T20:03:19.4683604Z  [32m✓[39m packages/safe-js/src/interp/globals/iterator-helper-result-realm.test.ts [2m([22m[2m25 tests[22m[2m)[22m[33m 4161[2mms[22m[39m
validate / unit	UNKNOWN STEP	2026-09-12T20:03:19.4694769Z    [33m[2m✓[22m[39m retains helper result prototypes through public replay: map(x=>x) [33m 320[2mms[22m[39m
validate / unit	UNKNOWN STEP	2026-09-12T20:03:20.6128087Z  [32m✓[39m packages/safe-js/src/interp/globals/temporal-plain-month-day-construction.test.ts [2m([22m[2m16 tests[22m[2m)[22m[33m 1237[2mms[22m[39m
validate / unit	UNKNOWN STEP	2026-09-12T20:03:21.5762129Z  [32m✓[39m packages/safe-js/src/interp/globals/temporal-duration-compare.test.ts [2m([22m[2m16 tests[22m[2m)[22m[33m 1164[2mms[22m[39m
validate / unit	UNKNOWN STEP	2026-09-12T20:03:22.3553036Z  [32m✓[39m packages/safe-js/test/conformance/result.test.ts [2m([22m[2m19 tests[22m[2m)[22m[33m 839[2mms[22m[39m
validate / unit	UNKNOWN STEP	2026-09-12T20:03:25.0362341Z  [32m✓[39m packages/safe-js/src/run.host-nested-promise-replay.test.ts [2m([22m[2m5 tests[22m[2m)[22m[33m 2351[2mms[22m[39m
validate / unit	UNKNOWN STEP	2026-09-12T20:03:25.0364548Z    [33m[2m✓[22m[39m replays a rejected nested host Promise without invoking the host again [33m 598[2mms[22m[39m
validate / unit	UNKNOWN STEP	2026-09-12T20:03:25.0366750Z    [33m[2m✓[22m[39m replays deeper imported settlements with per-host-outcome identity isolation [33m 609[2mms[22m[39m
validate / unit	UNKNOWN STEP	2026-09-12T20:03:25.0368788Z    [33m[2m✓[22m[39m replays a nested settled Promise returned by a host function (async: false) [33m 437[2mms[22m[39m
validate / unit	UNKNOWN STEP	2026-09-12T20:03:25.0370915Z    [33m[2m✓[22m[39m replays a nested settled Promise returned by a host function (async: true) [33m 314[2mms[22m[39m
validate / unit	UNKNOWN STEP	2026-09-12T20:03:25.0373305Z    [33m[2m✓[22m[39m preserves tracked Promise order across delayed and immediately resolved host results [33m 390[2mms[22m[39m
validate / unit	UNKNOWN STEP	2026-09-12T20:03:25.7141135Z  [32m✓[39m packages/safe-js/src/interp/methods/regex-backreference.test.ts [2m([22m[2m36 tests[22m[2m)[22m[33m 2440[2mms[22m[39m
validate / unit	UNKNOWN STEP	2026-09-12T20:03:25.7143109Z      [33m[2m✓[22m[39m preserves compiled references across an iterator checkpoint [33m 400[2mms[22m[39m
validate / unit	UNKNOWN STEP	2026-09-12T20:03:26.7602332Z  [32m✓[39m packages/safe-js/src/snapshot/temporal-plain-year-month.test.ts [2m([22m[2m15 tests[22m[2m)[22m[32m 55[2mms[22m[39m
validate / unit	UNKNOWN STEP	2026-09-12T20:03:27.3797450Z  [32m✓[39m packages/safe-js/src/snapshot/guest-generator-declarations.test.ts [2m([22m[2m19 tests[22m[2m)[22m[33m 1375[2mms[22m[39m
validate / unit	UNKNOWN STEP	2026-09-12T20:03:30.8506214Z  [32m✓[39m packages/safe-js/src/interp/globals/number-mc-003-validation.test.ts [2m([22m[2m56 tests[22m[2m)[22m[33m 2567[2mms[22m[39m
validate / unit	UNKNOWN STEP	2026-09-12T20:03:31.5848463Z  [32m✓[39m packages/safe-js/src/snapshot/eval-source.test.ts [2m([22m[2m18 tests[22m[2m)[22m[33m 3861[2mms[22m[39m
validate / unit	UNKNOWN STEP	2026-09-12T20:03:31.5868111Z    [33m[2m✓[22m[39m restores an eval closure from its own source namespace [33m 333[2mms[22m[39m
validate / unit	UNKNOWN STEP	2026-09-12T20:03:31.8172513Z  [32m✓[39m packages/safe-js/src/interp/temporal-plain-date-time.test.ts [2m([22m[2m15 tests[22m[2m)[22m[32m 11[2mms[22m[39m
validate / unit	UNKNOWN STEP	2026-09-12T20:03:32.7371830Z  [32m✓[39m packages/safe-js/src/interp/clone-prototype-independent.test.ts [2m([22m[2m4 tests[22m[2m)[22m[32m 17[2mms[22m[39m
validate / unit	UNKNOWN STEP	2026-09-12T20:03:33.1846719Z  [32m✓[39m packages/safe-js/src/run.promise-property-key-budgets.test.ts [2m([22m[2m14 tests[22m[2m)[22m[33m 1099[2mms[22m[39m
validate / unit	UNKNOWN STEP	2026-09-12T20:03:33.1848880Z    [33m[2m✓[22m[39m applies replay string limits to property keys {"promise":false,"length":128} [33m 303[2mms[22m[39m
validate / unit	UNKNOWN STEP	2026-09-12T20:03:34.0201723Z  [32m✓[39m packages/safe-js/src/interp/guest-proxy-is-prototype.test.ts [2m([22m[2m9 tests[22m[2m)[22m[33m 422[2mms[22m[39m
validate / unit	UNKNOWN STEP	2026-09-12T20:03:35.2812030Z  [32m✓[39m packages/safe-js/src/interp/temporal-duration-import.test.ts [2m([22m[2m7 tests[22m[2m)[22m[33m 387[2mms[22m[39m
validate / unit	UNKNOWN STEP	2026-09-12T20:03:35.2813218Z    [33m[2m✓[22m[39m imports bindings and replays a host result without repeating the call (0) [33m 373[2mms[22m[39m
validate / unit	UNKNOWN STEP	2026-09-12T20:03:35.7221541Z  [32m✓[39m packages/safe-js/src/interp/globals/temporal-plain-time-format.test.ts [2m([22m[2m28 tests[22m[2m)[22m[33m 1670[2mms[22m[39m
validate / unit	UNKNOWN STEP	2026-09-12T20:03:37.2866999Z  [32m✓[39m packages/safe-js/src/interp/guest-proxy-ownership.test.ts [2m([22m[2m21 tests[22m[2m)[22m[33m 1147[2mms[22m[39m
validate / unit	UNKNOWN STEP	2026-09-12T20:03:37.4982724Z  [32m✓[39m packages/safe-js/test/conformance/report.test.ts [2m([22m[2m15 tests[22m[2m)[22m[32m 13[2mms[22m[39m
validate / unit	UNKNOWN STEP	2026-09-12T20:03:38.3086798Z  [32m✓[39m packages/safe-js/src/interp/globals/temporal-instant-format.test.ts [2m([22m[2m31 tests[22m[2m)[22m[33m 1707[2mms[22m[39m
validate / unit	UNKNOWN STEP	2026-09-12T20:03:39.8551750Z  [32m✓[39m packages/safe-js/src/parse/new-tagged-template.test.ts [2m([22m[2m17 tests[22m[2m)[22m[33m 1474[2mms[22m[39m
validate / unit	UNKNOWN STEP	2026-09-12T20:03:40.8812151Z  [32m✓[39m packages/safe-js/src/interp/globals/date-coercion.test.ts [2m([22m[2m22 tests[22m[2m)[22m[33m 1657[2mms[22m[39m
validate / unit	UNKNOWN STEP	2026-09-12T20:03:42.2802178Z  [32m✓[39m packages/safe-js/src/run.pending-imported-promise-nested-proof.test.ts [2m([22m[2m2 tests[22m[2m)[22m[33m 1276[2mms[22m[39m
validate / unit	UNKNOWN STEP	2026-09-12T20:03:42.2803436Z    [33m[2m✓[22m[39m replays a pending checkpoint containing a Promise introduced by a reconciliation proof [33m 750[2mms[22m[39m
validate / unit	UNKNOWN STEP	2026-09-12T20:03:42.2818817Z    [33m[2m✓[22m[39m replays a completed checkpoint containing a Promise introduced by a reconciliation proof [33m 524[2mms[22m[39m
validate / unit	UNKNOWN STEP	2026-09-12T20:03:42.7198394Z  [32m✓[39m packages/safe-js/src/interp/globals/temporal-plain-date-arithmetic.test.ts [2m([22m[2m7 tests[22m[2m)[22m[33m 948[2mms[22m[39m
validate / unit	UNKNOWN STEP	2026-09-12T20:03:42.7199576Z    [33m[2m✓[22m[39m returns fresh intrinsic dates and replays captured arithmetic methods [33m 324[2mms[22m[39m
validate / unit	UNKNOWN STEP	2026-09-12T20:03:43.1887498Z  [32m✓[39m packages/safe-js/src/interp/temporal-plain-year-month-copy.test.ts [2m([22m[2m10 tests[22m[2m)[22m[32m 17[2mms[22m[39m
validate / unit	UNKNOWN STEP	2026-09-12T20:03:44.3452225Z  [32m✓[39m packages/safe-js/src/interp/globals/iterator-sdk-builtin-input.test.ts [2m([22m[2m11 tests[22m[2m)[22m[33m 776[2mms[22m[39m
validate / unit	UNKNOWN STEP	2026-09-12T20:03:44.9857909Z  [32m✓[39m packages/safe-js/src/interp/globals/iterator-dispose.test.ts [2m([22m[2m8 tests[22m[2m)[22m[33m 935[2mms[22m[39m
validate / unit	UNKNOWN STEP	2026-09-12T20:03:44.9860693Z    [33m[2m✓[22m[39m restores an escaped disposal method through JSON after the prototype is changed [33m 302[2mms[22m[39m
validate / unit	UNKNOWN STEP	2026-09-12T20:03:45.7367461Z  [32m✓[39m packages/safe-js/src/interp/globals/iterator-sdk-from-proxy.test.ts [2m([22m[2m7 tests[22m[2m)[22m[33m 489[2mms[22m[39m
validate / unit	UNKNOWN STEP	2026-09-12T20:03:46.4520424Z  [32m✓[39m packages/safe-js/src/interp/globals/typed-array-sdk-of-proxy.test.ts [2m([22m[2m8 tests[22m[2m)[22m[33m 583[2mms[22m[39m
validate / unit	UNKNOWN STEP	2026-09-12T20:03:46.6464208Z  [32m✓[39m packages/safe-js/src/snapshot/replay-graph-extension.test.ts [2m([22m[2m5 tests[22m[2m)[22m[32m 19[2mms[22m[39m
validate / unit	UNKNOWN STEP	2026-09-12T20:03:48.8802991Z  [32m✓[39m packages/safe-js/src/snapshot/guest-generator-dump.test.ts [2m([22m[2m7 tests[22m[2m)[22m[33m 1396[2mms[22m[39m
validate / unit	UNKNOWN STEP	2026-09-12T20:03:48.8807016Z    [33m[2m✓[22m[39m preserves generator aliases, origins, suspended lexical frames and channel history [33m 428[2mms[22m[39m
validate / unit	UNKNOWN STEP	2026-09-12T20:03:49.0309439Z  [32m✓[39m packages/safe-js/src/interp/globals/dynamic-with.test.ts [2m([22m[2m30 tests[22m[2m)[22m[33m 1717[2mms[22m[39m
validate / unit	UNKNOWN STEP	2026-09-12T20:03:50.8340292Z  [32m✓[39m packages/safe-js/src/parse/module-source-budget.test.ts [2m([22m[2m8 tests[22m[2m)[22m[33m 1073[2mms[22m[39m
validate / unit	UNKNOWN STEP	2026-09-12T20:03:50.8342550Z    [33m[2m✓[22m[39m enforces 'steps' while restoring stored module source through 'run' [33m 361[2mms[22m[39m
validate / unit	UNKNOWN STEP	2026-09-12T20:03:50.8344441Z    [33m[2m✓[22m[39m enforces 'steps' while restoring stored module source through 'interpreter' [33m 303[2mms[22m[39m
validate / unit	UNKNOWN STEP	2026-09-12T20:03:52.1674215Z  [32m✓[39m packages/safe-js/src/snapshot/guest-generator-objects.test.ts [2m([22m[2m16 tests[22m[2m)[22m[33m 457[2mms[22m[39m
validate / unit	UNKNOWN STEP	2026-09-12T20:03:53.3156840Z  [32m✓[39m packages/safe-js/src/interp/globals/weak-collection-realms.test.ts [2m([22m[2m32 tests[22m[2m)[22m[33m 3412[2mms[22m[39m
validate / unit	UNKNOWN STEP	2026-09-12T20:03:53.3168976Z    [33m[2m✓[22m[39m preserves WeakMap default realm after replay and global replacement [33m 449[2mms[22m[39m
validate / unit	UNKNOWN STEP	2026-09-12T20:03:53.3171620Z    [33m[2m✓[22m[39m preserves WeakSet default realm after replay and global replacement [33m 322[2mms[22m[39m
validate / unit	UNKNOWN STEP	2026-09-12T20:03:54.2291047Z  [32m✓[39m packages/safe-js/src/interp/array-buffer-resizable.test.ts [2m([22m[2m12 tests[22m[2m)[22m[33m 1172[2mms[22m[39m
validate / unit	UNKNOWN STEP	2026-09-12T20:03:54.2293158Z    [33m[2m✓[22m[39m preserves guest resizable capacity through snapshot round trips [33m 521[2mms[22m[39m
validate / unit	UNKNOWN STEP	2026-09-12T20:03:55.5246030Z  [32m✓[39m packages/safe-js/src/interp/globals/promise-resolver-metadata.test.ts [2m([22m[2m8 tests[22m[2m)[22m[33m 1288[2mms[22m[39m
validate / unit	UNKNOWN STEP	2026-09-12T20:03:56.4736140Z  [32m✓[39m packages/safe-js/src/interp/globals/date-structured-clone.test.ts [2m([22m[2m13 tests[22m[2m)[22m[33m 1346[2mms[22m[39m
validate / unit	UNKNOWN STEP	2026-09-12T20:03:56.4738598Z    [33m[2m✓[22m[39m preserves Date structured clones across pending replay [33m 345[2mms[22m[39m
validate / unit	UNKNOWN STEP	2026-09-12T20:03:56.7886658Z  [32m✓[39m packages/safe-js/src/lint/classes.test.ts [2m([22m[2m17 tests[22m[2m)[22m[32m 54[2mms[22m[39m
validate / unit	UNKNOWN STEP	2026-09-12T20:03:57.6699032Z  [32m✓[39m packages/safe-js/src/interp/temporal-duration.test.ts [2m([22m[2m25 tests[22m[2m)[22m[32m 14[2mms[22m[39m
validate / unit	UNKNOWN STEP	2026-09-12T20:03:57.7253016Z  [32m✓[39m packages/safe-js/src/interp/globals/temporal-plain-date-time-with.test.ts [2m([22m[2m15 tests[22m[2m)[22m[33m 1306[2mms[22m[39m
validate / unit	UNKNOWN STEP	2026-09-12T20:03:57.7261716Z    [33m[2m✓[22m[39m ignores receiver getters and subclass constructors, retaining the method through replay [33m 352[2mms[22m[39m
validate / unit	UNKNOWN STEP	2026-09-12T20:03:59.7015455Z  [32m✓[39m packages/safe-js/src/snapshot/pending-promise-species.test.ts [2m([22m[2m4 tests[22m[2m)[22m[33m 1108[2mms[22m[39m
validate / unit	UNKNOWN STEP	2026-09-12T20:03:59.7017665Z    [33m[2m✓[22m[39m restores unresolved aggregate capability callbacks: const result = P.all([c.promise]) [33m 524[2mms[22m[39m
validate / unit	UNKNOWN STEP	2026-09-12T20:04:01.6228834Z  [32m✓[39m packages/safe-js/src/interp/methods/regex-symbol-match.test.ts [2m([22m[2m15 tests[22m[2m)[22m[33m 1032[2mms[22m[39m
validate / unit	UNKNOWN STEP	2026-09-12T20:04:03.8042103Z  [32m✓[39m packages/safe-js/src/snapshot/guest-generator-for-continuations.test.ts [2m([22m[2m26 tests[22m[2m)[22m[33m 1318[2mms[22m[39m
validate / unit	UNKNOWN STEP	2026-09-12T20:04:07.1014248Z  [32m✓[39m packages/safe-js/src/interp/globals/array-proxy-index-keys.test.ts [2m([22m[2m29 tests[22m[2m)[22m[33m 2419[2mms[22m[39m
validate / unit	UNKNOWN STEP	2026-09-12T20:04:07.1016088Z    [33m[2m✓[22m[39m preserves string index keys through pending checkpoints [33m 330[2mms[22m[39m
validate / unit	UNKNOWN STEP	2026-09-12T20:04:08.9982033Z  [32m✓[39m packages/safe-js/src/snapshot/guest-generator-branches.test.ts [2m([22m[2m40 tests[22m[2m)[22m[33m 1046[2mms[22m[39m
validate / unit	UNKNOWN STEP	2026-09-12T20:04:10.2357949Z  [32m✓[39m packages/safe-js/src/snapshot/guest-generator-templates.test.ts [2m([22m[2m14 tests[22m[2m)[22m[33m 413[2mms[22m[39m
validate / unit	UNKNOWN STEP	2026-09-12T20:04:11.0732232Z  [32m✓[39m packages/safe-js/src/snapshot/temporal-calendar-replay.test.ts [2m([22m[2m36 tests[22m[2m)[22m[32m 36[2mms[22m[39m
validate / unit	UNKNOWN STEP	2026-09-12T20:04:11.2970240Z  [32m✓[39m packages/safe-js/src/lint/rules/AS-mutating-frozen.test.ts [2m([22m[2m11 tests[22m[2m)[22m[32m 30[2mms[22m[39m
validate / unit	UNKNOWN STEP	2026-09-12T20:04:13.4591869Z  [32m✓[39m packages/safe-js/src/snapshot/global-object.test.ts [2m([22m[2m4 tests[22m[2m)[22m[33m 1349[2mms[22m[39m
validate / unit	UNKNOWN STEP	2026-09-12T20:04:13.4621891Z    [33m[2m✓[22m[39m preserves global object identity and identifier storage through repeated snapshots [33m 715[2mms[22m[39m
validate / unit	UNKNOWN STEP	2026-09-12T20:04:14.7805536Z  [32m✓[39m packages/safe-js/src/interp/numberformat-subsecond-units.test.ts [2m([22m[2m82 tests[22m[2m)[22m[33m 495[2mms[22m[39m
validate / unit	UNKNOWN STEP	2026-09-12T20:04:15.7958950Z  [32m✓[39m packages/safe-js/src/snapshot/date-properties.test.ts [2m([22m[2m9 tests[22m[2m)[22m[32m 147[2mms[22m[39m
validate / unit	UNKNOWN STEP	2026-09-12T20:04:19.1397510Z  [32m✓[39m packages/safe-js/src/parse/keyword-properties.test.ts [2m([22m[2m54 tests[22m[2m)[22m[33m 2473[2mms[22m[39m
validate / unit	UNKNOWN STEP	2026-09-12T20:04:19.9843061Z  [32m✓[39m packages/safe-js/src/snapshot/scope-frames.test.ts [2m([22m[2m6 tests[22m[2m)[22m[32m 12[2mms[22m[39m
validate / unit	UNKNOWN STEP	2026-09-12T20:04:22.2034914Z  [32m✓[39m packages/safe-js/src/interp/globals/regexp-foreign-call-owner.test.ts [2m([22m[2m10 tests[22m[2m)[22m[33m 1380[2mms[22m[39m
validate / unit	UNKNOWN STEP	2026-09-12T20:04:23.6618957Z  [32m✓[39m packages/safe-js/src/interp/globals/math-function-metadata.test.ts [2m([22m[2m186 tests[22m[2m)[22m[33m 25127[2mms[22m[39m
validate / unit	UNKNOWN STEP	2026-09-12T20:04:23.6620890Z    [33m[2m✓[22m[39m preserves Math.'abs' metadata in 'pending' checkpoints [33m 382[2mms[22m[39m
validate / unit	UNKNOWN STEP	2026-09-12T20:04:23.6622259Z    [33m[2m✓[22m[39m preserves Math.'asin' metadata in 'pending' checkpoints [33m 434[2mms[22m[39m
validate / unit	UNKNOWN STEP	2026-09-12T20:04:23.6623628Z    [33m[2m✓[22m[39m preserves Math.'ceil' metadata in 'completed' checkpoints [33m 304[2mms[22m[39m
validate / unit	UNKNOWN STEP	2026-09-12T20:04:23.6624607Z    [33m[2m✓[22m[39m preserves Math.'cos' metadata in 'completed' checkpoints [33m 301[2mms[22m[39m
validate / unit	UNKNOWN STEP	2026-09-12T20:04:23.6625467Z    [33m[2m✓[22m[39m preserves Math.'sumPrecise' metadata in 'completed' checkpoints [33m 308[2mms[22m[39m
validate / unit	UNKNOWN STEP	2026-09-12T20:04:23.6626296Z    [33m[2m✓[22m[39m preserves Math.'tanh' metadata in 'completed' checkpoints [33m 310[2mms[22m[39m
validate / unit	UNKNOWN STEP	2026-09-12T20:04:23.6627481Z    [33m[2m✓[22m[39m preserves Math.'trunc' metadata in 'completed' checkpoints [33m 608[2mms[22m[39m
validate / unit	UNKNOWN STEP	2026-09-12T20:04:23.9454733Z  [32m✓[39m packages/safe-js/src/interp/globals/typed-array-sdk-from-proxy.test.ts [2m([22m[2m12 tests[22m[2m)[22m[33m 890[2mms[22m[39m
validate / unit	UNKNOWN STEP	2026-09-12T20:04:24.9570314Z  [32m✓[39m packages/safe-js/src/snapshot/template-identity.test.ts [2m([22m[2m14 tests[22m[2m)[22m[32m 133[2mms[22m[39m
validate / unit	UNKNOWN STEP	2026-09-12T20:04:26.0852690Z  [32m✓[39m packages/safe-js/src/interp/globals/promise-subclass-prototype.test.ts [2m([22m[2m15 tests[22m[2m)[22m[33m 1424[2mms[22m[39m
validate / unit	UNKNOWN STEP	2026-09-12T20:04:26.0855330Z    [33m[2m✓[22m[39m preserves subclass promises across pending replay [33m 330[2mms[22m[39m
validate / unit	UNKNOWN STEP	2026-09-12T20:04:26.1739949Z  [32m✓[39m packages/safe-js/src/parse/numeric-literals.test.ts [2m([22m[2m64 tests[22m[2m)[22m[32m 298[2mms[22m[39m
validate / unit	UNKNOWN STEP	2026-09-12T20:04:30.3319039Z  [32m✓[39m packages/safe-js/src/interp/globals/json-function-metadata.test.ts [2m([22m[2m22 tests[22m[2m)[22m[33m 3294[2mms[22m[39m
validate / unit	UNKNOWN STEP	2026-09-12T20:04:30.3321441Z    [33m[2m✓[22m[39m preserves JSON.'parse' metadata in 'pending' checkpoints [33m 388[2mms[22m[39m
validate / unit	UNKNOWN STEP	2026-09-12T20:04:30.4879532Z  [32m✓[39m packages/safe-js/src/interp/globals/intl-foreign-newtarget.test.ts [2m([22m[2m32 tests[22m[2m)[22m[33m 3525[2mms[22m[39m
validate / unit	UNKNOWN STEP	2026-09-12T20:04:30.4881388Z    [33m[2m✓[22m[39m keeps Intl.NumberFormat defaults after target replay [33m 311[2mms[22m[39m
validate / unit	UNKNOWN STEP	2026-09-12T20:04:31.2066296Z  [32m✓[39m packages/safe-js/src/interp/host-argument-normalization.test.ts [2m([22m[2m8 tests[22m[2m)[22m[32m 11[2mms[22m[39m
validate / unit	UNKNOWN STEP	2026-09-12T20:04:32.7084032Z  [32m✓[39m packages/safe-js/src/interp/globals/temporal-plain-date-with.test.ts [2m([22m[2m15 tests[22m[2m)[22m[33m 1311[2mms[22m[39m
validate / unit	UNKNOWN STEP	2026-09-12T20:04:32.7532094Z  [32m✓[39m packages/safe-js/src/interp/for-of-array-protocol.test.ts [2m([22m[2m9 tests[22m[2m)[22m[33m 662[2mms[22m[39m
validate / unit	UNKNOWN STEP	2026-09-12T20:04:33.5853266Z  [32m✓[39m packages/safe-js/src/interp/temporal-zoned-date-time-copy.test.ts [2m([22m[2m8 tests[22m[2m)[22m[32m 18[2mms[22m[39m
validate / unit	UNKNOWN STEP	2026-09-12T20:04:34.8272918Z  [32m✓[39m packages/safe-js/src/interp/globals/temporal-plain-date-time-from.test.ts [2m([22m[2m22 tests[22m[2m)[22m[33m 1264[2mms[22m[39m
validate / unit	UNKNOWN STEP	2026-09-12T20:04:35.0520674Z  [32m✓[39m packages/safe-js/src/interp/globals/finalization-registry.test.ts [2m([22m[2m6 tests[22m[2m)[22m[33m 601[2mms[22m[39m
validate / unit	UNKNOWN STEP	2026-09-12T20:04:37.0534396Z  [32m✓[39m packages/safe-js/src/interp/methods/regex-to-string.test.ts [2m([22m[2m19 tests[22m[2m)[22m[33m 1129[2mms[22m[39m
validate / unit	UNKNOWN STEP	2026-09-12T20:04:38.3571038Z  [32m✓[39m packages/safe-js/src/interp/methods/regex-legacy-grammar.test.ts [2m([22m[2m54 tests[22m[2m)[22m[33m 2604[2mms[22m[39m
validate / unit	UNKNOWN STEP	2026-09-12T20:04:38.3572741Z      [33m[2m✓[22m[39m preserves legacy patterns through checkpoint replay [33m 422[2mms[22m[39m
validate / unit	UNKNOWN STEP	2026-09-12T20:04:41.0351765Z  [32m✓[39m packages/safe-js/src/interp/guest-proxy-array-methods.test.ts [2m([22m[2m45 tests[22m[2m)[22m[33m 3126[2mms[22m[39m
validate / unit	UNKNOWN STEP	2026-09-12T20:04:42.9086792Z  [32m✓[39m packages/safe-js/src/interp/globals/temporal-duration-arithmetic.test.ts [2m([22m[2m14 tests[22m[2m)[22m[33m 977[2mms[22m[39m
validate / unit	UNKNOWN STEP	2026-09-12T20:04:44.3582361Z  [32m✓[39m packages/safe-js/src/snapshot/internal-continuation-references.test.ts [2m([22m[2m21 tests[22m[2m)[22m[33m 5097[2mms[22m[39m
validate / unit	UNKNOWN STEP	2026-09-12T20:04:44.3591548Z    [33m[2m✓[22m[39m rejects internal 'promise-aggregate' through 'binding' while preserving legitimate continuation links [33m 465[2mms[22m[39m
validate / unit	UNKNOWN STEP	2026-09-12T20:04:45.9607075Z  [32m✓[39m packages/safe-js/src/interp/guest-proxy-concat.test.ts [2m([22m[2m12 tests[22m[2m)[22m[33m 737[2mms[22m[39m
validate / unit	UNKNOWN STEP	2026-09-12T20:04:46.1746348Z  [32m✓[39m packages/safe-js/src/interp/globals/string-padding-coercion.test.ts [2m([22m[2m36 tests[22m[2m)[22m[33m 2388[2mms[22m[39m
validate / unit	UNKNOWN STEP	2026-09-12T20:04:46.1748083Z    [33m[2m✓[22m[39m preserves padding conversion through pending checkpoints [33m 325[2mms[22m[39m
validate / unit	UNKNOWN STEP	2026-09-12T20:04:47.4778315Z  [32m✓[39m packages/safe-js/src/interp/guest-proxy-instanceof.test.ts [2m([22m[2m9 tests[22m[2m)[22m[33m 439[2mms[22m[39m
validate / unit	UNKNOWN STEP	2026-09-12T20:04:47.7475505Z  [32m✓[39m packages/safe-js/src/interp/globals/temporal-plain-date-time-format.test.ts [2m([22m[2m10 tests[22m[2m)[22m[33m 920[2mms[22m[39m
validate / unit	UNKNOWN STEP	2026-09-12T20:04:49.2008472Z  [32m✓[39m packages/safe-js/src/interp/guest-proxy-descriptor-input.test.ts [2m([22m[2m10 tests[22m[2m)[22m[33m 788[2mms[22m[39m
validate / unit	UNKNOWN STEP	2026-09-12T20:04:50.9341853Z  [32m✓[39m packages/safe-js/src/interp/guest-proxy-flatten.test.ts [2m([22m[2m16 tests[22m[2m)[22m[33m 879[2mms[22m[39m
validate / unit	UNKNOWN STEP	2026-09-12T20:04:53.0480881Z  [32m✓[39m packages/safe-js/src/interp/promise-await-properties.test.ts [2m([22m[2m13 tests[22m[2m)[22m[33m 1261[2mms[22m[39m
validate / unit	UNKNOWN STEP	2026-09-12T20:04:53.0482846Z    [33m[2m✓[22m[39m preserves await property observations across pending replay [33m 328[2mms[22m[39m
validate / unit	UNKNOWN STEP	2026-09-12T20:04:55.6090587Z  [32m✓[39m packages/safe-js/src/snapshot/promise-resolvers.test.ts [2m([22m[2m8 tests[22m[2m)[22m[33m 1706[2mms[22m[39m
validate / unit	UNKNOWN STEP	2026-09-12T20:04:55.6093266Z    [33m[2m✓[22m[39m restores retained resolving functions after settlement: const {promise,resolve,reject}=Promise.withResolvers();resolve(7);await promise;const bound=resolve.bind(null,9);return async()=>{bound();return await promise} [33m 426[2mms[22m[39m
validate / unit	UNKNOWN STEP	2026-09-12T20:04:58.3449920Z  [32m✓[39m packages/safe-js/test/final-async-proof-adapter.test.ts [2m([22m[2m5 tests[22m[2m)[22m[33m 1658[2mms[22m[39m
validate / unit	UNKNOWN STEP	2026-09-12T20:04:58.3452325Z      [33m[2m✓[22m[39m restores original callbackData with real callback IDs and exact suffix [33m 979[2mms[22m[39m
validate / unit	UNKNOWN STEP	2026-09-12T20:04:58.3454360Z      [33m[2m✓[22m[39m restores original callbackFunction with real callback IDs and exact suffix [33m 670[2mms[22m[39m
validate / unit	UNKNOWN STEP	2026-09-12T20:04:58.5867391Z  [32m✓[39m packages/safe-js/src/interp/numberformat-pluralrules.test.ts [2m([22m[2m49 tests[22m[2m)[22m[32m 39[2mms[22m[39m
validate / unit	UNKNOWN STEP	2026-09-12T20:04:59.9778900Z  [32m✓[39m packages/safe-js/src/interp/globals/intl-iso-month-recovery.test.ts [2m([22m[2m5 tests[22m[2m)[22m[33m 583[2mms[22m[39m
validate / unit	UNKNOWN STEP	2026-09-12T20:05:00.4775477Z  [32m✓[39m packages/safe-js/src/lint/dynamic-import.test.ts [2m([22m[2m42 tests[22m[2m)[22m[32m 253[2mms[22m[39m
validate / unit	UNKNOWN STEP	2026-09-12T20:05:02.8941139Z  [32m✓[39m packages/safe-js/src/interp/methods/lang-01-integration.test.ts [2m([22m[2m8 tests[22m[2m)[22m[33m 1548[2mms[22m[39m
validate / unit	UNKNOWN STEP	2026-09-12T20:05:02.8943051Z      [33m[2m✓[22m[39m 'keeps published own metadata during n…' [33m 433[2mms[22m[39m
validate / unit	UNKNOWN STEP	2026-09-12T20:05:02.8944223Z      [33m[2m✓[22m[39m 'preserves regex match array metadata …' [33m 329[2mms[22m[39m
validate / unit	UNKNOWN STEP	2026-09-12T20:05:03.1474165Z  [32m✓[39m packages/safe-js/src/parse/eval-script.test.ts [2m([22m[2m46 tests[22m[2m)[22m[32m 42[2mms[22m[39m
validate / unit	UNKNOWN STEP	2026-09-12T20:05:05.2137660Z  [32m✓[39m packages/safe-js/src/interp/regexp-properties.test.ts [2m([22m[2m17 tests[22m[2m)[22m[33m 1209[2mms[22m[39m
validate / unit	UNKNOWN STEP	2026-09-12T20:05:05.2145651Z      [33m[2m✓[22m[39m restores custom data properties and regex identity through checkpoint replay [33m 352[2mms[22m[39m
validate / unit	UNKNOWN STEP	2026-09-12T20:05:06.5018498Z  [32m✓[39m packages/safe-js/src/interp/globals/foreign-newtarget-default.test.ts [2m([22m[2m135 tests[22m[2m)[22m[33m 17894[2mms[22m[39m
validate / unit	UNKNOWN STEP	2026-09-12T20:05:06.5021127Z    [33m[2m✓[22m[39m uses foreign newTarget defaults: 'Set' prototype='({custom:true})' target='const Target = new Proxy(function(){}…' [33m 485[2mms[22m[39m
validate / unit	UNKNOWN STEP	2026-09-12T20:05:11.2426256Z  [32m✓[39m packages/safe-js/src/snapshot/mixed-realm-values.test.ts [2m([22m[2m15 tests[22m[2m)[22m[33m 4922[2mms[22m[39m
validate / unit	UNKNOWN STEP	2026-09-12T20:05:11.2428488Z    [33m[2m✓[22m[39m preserves pristine ({}) prototype identity from two realms [33m 520[2mms[22m[39m
validate / unit	UNKNOWN STEP	2026-09-12T20:05:11.2430687Z    [33m[2m✓[22m[39m preserves pristine /x/ prototype identity from two realms [33m 315[2mms[22m[39m
validate / unit	UNKNOWN STEP	2026-09-12T20:05:11.2432531Z    [33m[2m✓[22m[39m preserves pristine [] prototype identity from two realms [33m 330[2mms[22m[39m
validate / unit	UNKNOWN STEP	2026-09-12T20:05:11.2434398Z    [33m[2m✓[22m[39m preserves pristine [1].values() prototype identity from two realms [33m 339[2mms[22m[39m
validate / unit	UNKNOWN STEP	2026-09-12T20:05:11.2436398Z    [33m[2m✓[22m[39m preserves new Map([[1,2],[3,4]]).values() cursor progression across mixed-realm snapshots [33m 355[2mms[22m[39m
validate / unit	UNKNOWN STEP	2026-09-12T20:05:11.2438472Z    [33m[2m✓[22m[39m preserves new Set([1,2]).values() cursor progression across mixed-realm snapshots [33m 362[2mms[22m[39m
validate / unit	UNKNOWN STEP	2026-09-12T20:05:11.2440877Z    [33m[2m✓[22m[39m preserves "xx".matchAll(/x/g) cursor progression across mixed-realm snapshots [33m 323[2mms[22m[39m
validate / unit	UNKNOWN STEP	2026-09-12T20:05:11.2443093Z    [33m[2m✓[22m[39m preserves [1,2].values() cursor progression across mixed-realm snapshots [33m 392[2mms[22m[39m
validate / unit	UNKNOWN STEP	2026-09-12T20:05:11.2445286Z    [33m[2m✓[22m[39m preserves "xy"[Symbol.iterator]() cursor progression across mixed-realm snapshots [33m 332[2mms[22m[39m
validate / unit	UNKNOWN STEP	2026-09-12T20:05:11.6721595Z  [32m✓[39m packages/safe-js/src/lint/function-syntax.stress.test.ts [2m([22m[2m14 tests[22m[2m)[22m[33m 4143[2mms[22m[39m
validate / unit	UNKNOWN STEP	2026-09-12T20:05:11.6723266Z        [33m[2m✓[22m[39m matches native JavaScript at width 6 [33m 479[2mms[22m[39m
validate / unit	UNKNOWN STEP	2026-09-12T20:05:11.6724428Z        [33m[2m✓[22m[39m matches native JavaScript at width 12 [33m 1505[2mms[22m[39m
validate / unit	UNKNOWN STEP	2026-09-12T20:05:11.6725457Z        [33m[2m✓[22m[39m matches native JavaScript at width 12 [33m 449[2mms[22m[39m
validate / unit	UNKNOWN STEP	2026-09-12T20:05:11.6726537Z        [33m[2m✓[22m[39m matches native JavaScript at width 12 [33m 340[2mms[22m[39m
validate / unit	UNKNOWN STEP	2026-09-12T20:05:12.5754844Z  [32m✓[39m packages/safe-js/src/snapshot/guest-ast-validation.test.ts [2m([22m[2m8 tests[22m[2m)[22m[33m 391[2mms[22m[39m
validate / unit	UNKNOWN STEP	2026-09-12T20:05:12.7813858Z  [32m✓[39m packages/safe-js/src/interp/temporal-plain-year-month.test.ts [2m([22m[2m14 tests[22m[2m)[22m[32m 13[2mms[22m[39m
validate / unit	UNKNOWN STEP	2026-09-12T20:05:13.5837962Z  [32m✓[39m packages/safe-js/src/interp/methods/regex-symbol-replace.test.ts [2m([22m[2m13 tests[22m[2m)[22m[33m 998[2mms[22m[39m
validate / unit	UNKNOWN STEP	2026-09-12T20:05:14.3932331Z  [32m✓[39m packages/safe-js/src/interp/globals/temporal-zoned-date-time-with-plain-time.test.ts [2m([22m[2m6 tests[22m[2m)[22m[33m 744[2mms[22m[39m
validate / unit	UNKNOWN STEP	2026-09-12T20:05:14.5502052Z  [32m✓[39m packages/safe-js/src/interp/closure-origin.test.ts [2m([22m[2m10 tests[22m[2m)[22m[32m 46[2mms[22m[39m
validate / unit	UNKNOWN STEP	2026-09-12T20:05:15.5456027Z  [32m✓[39m packages/safe-js/src/lint/known-globals-mc-001.test.ts [2m([22m[2m15 tests[22m[2m)[22m[32m 161[2mms[22m[39m
validate / unit	UNKNOWN STEP	2026-09-12T20:05:17.5992121Z  [32m✓[39m packages/safe-js/src/interp/methods/number-receivers.test.ts [2m([22m[2m31 tests[22m[2m)[22m[33m 2147[2mms[22m[39m
validate / unit	UNKNOWN STEP	2026-09-12T20:05:17.7930631Z  [32m✓[39m packages/safe-js/src/interp/globals/temporal-duration-locale.test.ts [2m([22m[2m13 tests[22m[2m)[22m[33m 1316[2mms[22m[39m
validate / unit	UNKNOWN STEP	2026-09-12T20:05:17.7942322Z    [33m[2m✓[22m[39m preserves metadata and completed locale results through replay [33m 303[2mms[22m[39m
validate / unit	UNKNOWN STEP	2026-09-12T20:05:17.8511760Z  [32m✓[39m packages/safe-js/src/interp/temporal-plain-time.test.ts [2m([22m[2m17 tests[22m[2m)[22m[32m 11[2mms[22m[39m
validate / unit	UNKNOWN STEP	2026-09-12T20:05:18.6722794Z  [32m✓[39m packages/safe-js/src/interp/intrinsic-retention-group-cache.test.ts [2m([22m[2m4 tests[22m[2m)[22m[32m 13[2mms[22m[39m
validate / unit	UNKNOWN STEP	2026-09-12T20:05:19.4286042Z  [32m✓[39m packages/safe-js/src/interp/globals/global-bindings.test.ts [2m([22m[2m13 tests[22m[2m)[22m[33m 779[2mms[22m[39m
validate / unit	UNKNOWN STEP	2026-09-12T20:05:19.5601152Z  [32m✓[39m packages/safe-js/src/interp/arguments-accessor-budget.test.ts [2m([22m[2m5 tests[22m[2m)[22m[32m 14[2mms[22m[39m
validate / unit	UNKNOWN STEP	2026-09-12T20:05:21.4511656Z  [32m✓[39m packages/safe-js/src/interp/globals/iterator-wrapper-result-realm.test.ts [2m([22m[2m5 tests[22m[2m)[22m[33m 1140[2mms[22m[39m
validate / unit	UNKNOWN STEP	2026-09-12T20:05:21.4513576Z    [33m[2m✓[22m[39m retains the borrowed wrapper return method realm: {next(){return {done:true}}} [33m 306[2mms[22m[39m
validate / unit	UNKNOWN STEP	2026-09-12T20:05:21.4515176Z    [33m[2m✓[22m[39m preserves fallback result realm through public replay: {next(){return {done:true}}} [33m 322[2mms[22m[39m
validate / unit	UNKNOWN STEP	2026-09-12T20:05:21.7138064Z  [32m✓[39m packages/safe-js/src/interp/globals/date-static-function-properties.test.ts [2m([22m[2m14 tests[22m[2m)[22m[33m 1294[2mms[22m[39m
validate / unit	UNKNOWN STEP	2026-09-12T20:05:21.7140482Z    [33m[2m✓[22m[39m preserves static Date function properties through pending replay [33m 325[2mms[22m[39m
validate / unit	UNKNOWN STEP	2026-09-12T20:05:23.1898824Z  [32m✓[39m packages/safe-js/src/interp/globals/temporal-plain-date-difference.test.ts [2m([22m[2m6 tests[22m[2m)[22m[33m 863[2mms[22m[39m
validate / unit	UNKNOWN STEP	2026-09-12T20:05:23.1901413Z    [33m[2m✓[22m[39m captures Duration prototypes and replays differences after public replacement [33m 329[2mms[22m[39m
validate / unit	UNKNOWN STEP	2026-09-12T20:05:24.4811828Z  [32m✓[39m packages/safe-js/src/interp/catch-scope.test.ts [2m([22m[2m24 tests[22m[2m)[22m[33m 1860[2mms[22m[39m
validate / unit	UNKNOWN STEP	2026-09-12T20:05:24.4813780Z      [33m[2m✓[22m[39m does not make budget failures in defaults catchable [33m 333[2mms[22m[39m
validate / unit	UNKNOWN STEP	2026-09-12T20:05:25.4646089Z  [32m✓[39m packages/safe-js/src/interp/globals/iterator-sdk-lazy-proxy.test.ts [2m([22m[2m20 tests[22m[2m)[22m[33m 1377[2mms[22m[39m
validate / unit	UNKNOWN STEP	2026-09-12T20:05:27.1302287Z  [32m✓[39m packages/safe-js/src/snapshot/guest-generator-members.test.ts [2m([22m[2m22 tests[22m[2m)[22m[33m 708[2mms[22m[39m
validate / unit	UNKNOWN STEP	2026-09-12T20:05:28.1404058Z  [32m✓[39m packages/safe-js/src/snapshot/settled-promises.test.ts [2m([22m[2m11 tests[22m[2m)[22m[33m 2743[2mms[22m[39m
validate / unit	UNKNOWN STEP	2026-09-12T20:05:28.1407582Z    [33m[2m✓[22m[39m directly restores settled promises captured by closures: let calls=0;const value={};const p=Promise.resolve(value);await p;Object.defineProperty(value,'then',{get(){calls++;return undefined},configurable:true});return ()=>calls [33m 457[2mms[22m[39m
validate / unit	UNKNOWN STEP	2026-09-12T20:05:28.1432758Z    [33m[2m✓[22m[39m directly restores settled promises captured by closures: class C extends Promise{#x=9;read(){return this.#x}}const p=C.resolve(7);await p;return async()=>[await p,p instanceof C,p.read()] [33m 307[2mms[22m[39m
validate / unit	UNKNOWN STEP	2026-09-12T20:05:28.9734798Z  [32m✓[39m packages/safe-js/src/interp/globals/date-temporal-instant.test.ts [2m([22m[2m10 tests[22m[2m)[22m[33m 956[2mms[22m[39m
validate / unit	UNKNOWN STEP	2026-09-12T20:05:30.2454927Z  [32m✓[39m packages/safe-js/src/interp/globals/temporal-plain-date-time-arithmetic.test.ts [2m([22m[2m12 tests[22m[2m)[22m[33m 1184[2mms[22m[39m
validate / unit	UNKNOWN STEP	2026-09-12T20:05:30.2458023Z    [33m[2m✓[22m[39m uses private receiver and duration fields and preserves intrinsic prototypes through replay [33m 386[2mms[22m[39m
validate / unit	UNKNOWN STEP	2026-09-12T20:05:30.5212420Z  [32m✓[39m packages/safe-js/src/interp/guest-proxy-legacy-proto.test.ts [2m([22m[2m10 tests[22m[2m)[22m[33m 674[2mms[22m[39m
validate / unit	UNKNOWN STEP	2026-09-12T20:05:31.3724581Z  [32m✓[39m packages/safe-js/src/interp/guest-proxy-trap.test.ts [2m([22m[2m12 tests[22m[2m)[22m[32m 15[2mms[22m[39m
validate / unit	UNKNOWN STEP	2026-09-12T20:05:31.8847817Z  [32m✓[39m packages/safe-js/src/interp/guest-proxy-set-expression.test.ts [2m([22m[2m13 tests[22m[2m)[22m[33m 773[2mms[22m[39m
validate / unit	UNKNOWN STEP	2026-09-12T20:05:34.2906170Z  [32m✓[39m packages/safe-js/src/run.pending-proof-future-budget.test.ts [2m([22m[2m4 tests[22m[2m)[22m[33m 1253[2mms[22m[39m
validate / unit	UNKNOWN STEP	2026-09-12T20:05:34.2910612Z    [33m[2m✓[22m[39m enforces future proof settlement limits {"kind":"stringLength","limit":128,"value":"xxxxxxxxxxxxxxxxxxxxxxxxxxxxxxxxxxxxxxxxxxxxxxxxxxxxxxxxxxxxxxxxxxxxxxxxxxxxxxxxxxxxxxxxxxxxxxxxxxxxxxxxxxxxxxxxxxxxxxxxxxxxxxxx","accepted":true} [33m 517[2mms[22m[39m
validate / unit	UNKNOWN STEP	2026-09-12T20:05:35.7190948Z  [32m✓[39m packages/safe-js/src/parse/conditional-decimal.independent.test.ts [2m([22m[2m36 tests[22m[2m)[22m[33m 563[2mms[22m[39m
validate / unit	UNKNOWN STEP	2026-09-12T20:05:37.6262872Z  [32m✓[39m packages/safe-js/src/interp/array-prototype-links.test.ts [2m([22m[2m19 tests[22m[2m)[22m[33m 977[2mms[22m[39m
validate / unit	UNKNOWN STEP	2026-09-12T20:05:42.2157719Z  [32m✓[39m packages/safe-js/src/interp/ordinary-constructor-realm.test.ts [2m([22m[2m38 tests[22m[2m)[22m[33m 3754[2mms[22m[39m
validate / unit	UNKNOWN STEP	2026-09-12T20:05:42.2159513Z    [33m[2m✓[22m[39m preserves constructor default realms after replay: function Constructor(){} [33m 398[2mms[22m[39m
validate / unit	UNKNOWN STEP	2026-09-12T20:05:46.0575780Z  [32m✓[39m packages/safe-js/src/interp/function-prototype-lifetime.test.ts [2m([22m[2m31 tests[22m[2m)[22m[33m 2964[2mms[22m[39m
validate / unit	UNKNOWN STEP	2026-09-12T20:05:48.5706558Z  [32m✓[39m packages/safe-js/src/interp/globals/iterator-prototype-setter.test.ts [2m([22m[2m18 tests[22m[2m)[22m[33m 1665[2mms[22m[39m
validate / unit	UNKNOWN STEP	2026-09-12T20:05:50.4476123Z  [32m✓[39m packages/safe-js/src/interp/globals/object-constructor-realm.test.ts [2m([22m[2m10 tests[22m[2m)[22m[33m 1018[2mms[22m[39m
validate / unit	UNKNOWN STEP	2026-09-12T20:05:50.5828306Z  [32m✓[39m packages/safe-js/src/snapshot/guest-generator-nested-yields.test.ts [2m([22m[2m70 tests[22m[2m)[22m[33m 18309[2mms[22m[39m
validate / unit	UNKNOWN STEP	2026-09-12T20:05:50.5831380Z    [33m[2m✓[22m[39m resumes suspension inside yield arguments: 'const trace=[];let left={valueOf(){tr…' (async=false, operation='next') [33m 523[2mms[22m[39m
validate / unit	UNKNOWN STEP	2026-09-12T20:05:50.5834175Z    [33m[2m✓[22m[39m resumes suspension inside yield arguments: 'const trace=[];let left={valueOf(){tr…' (async=true, operation='next') [33m 355[2mms[22m[39m
validate / unit	UNKNOWN STEP	2026-09-12T20:05:50.5837043Z    [33m[2m✓[22m[39m resumes suspension inside yield arguments: 'const trace=[];let left={valueOf(){tr…' (async=false, operation='next') [33m 351[2mms[22m[39m
validate / unit	UNKNOWN STEP	2026-09-12T20:05:50.5840009Z    [33m[2m✓[22m[39m resumes suspension inside yield arguments: 'const trace=[];let left={valueOf(){tr…' (async=true, operation='next') [33m 321[2mms[22m[39m
validate / unit	UNKNOWN STEP	2026-09-12T20:05:50.5842737Z    [33m[2m✓[22m[39m resumes suspension inside yield arguments: 'const trace=[];let left={valueOf(){tr…' (async=false, operation='next') [33m 313[2mms[22m[39m
validate / unit	UNKNOWN STEP	2026-09-12T20:05:50.5845354Z    [33m[2m✓[22m[39m resumes suspension inside yield arguments: 'const trace=[];let left={valueOf(){tr…' (async=true, operation='next') [33m 307[2mms[22m[39m
validate / unit	UNKNOWN STEP	2026-09-12T20:05:50.5847917Z    [33m[2m✓[22m[39m resumes suspension inside yield arguments: 'const trace=[];let left={valueOf(){tr…' (async=true, operation='next') [33m 301[2mms[22m[39m
validate / unit	UNKNOWN STEP	2026-09-12T20:05:50.5851064Z    [33m[2m✓[22m[39m resumes suspension inside yield arguments: 'const trace=[];let left={valueOf(){tr…' (async=false, operation='next') [33m 312[2mms[22m[39m
validate / unit	UNKNOWN STEP	2026-09-12T20:05:50.5853988Z    [33m[2m✓[22m[39m resumes suspension inside yield arguments: 'const trace=[];let left={valueOf(){tr…' (async=true, operation='next') [32m 300[2mms[22m[39m
validate / unit	UNKNOWN STEP	2026-09-12T20:05:50.5857379Z    [33m[2m✓[22m[39m resumes suspension inside yield arguments: 'const trace=[];let left={valueOf(){tr…' (async=true, operation='next') [33m 316[2mms[22m[39m
validate / unit	UNKNOWN STEP	2026-09-12T20:05:50.5860540Z    [33m[2m✓[22m[39m resumes suspension inside yield arguments: 'const trace=[];let left={valueOf(){tr…' (async=false, operation='next') [33m 387[2mms[22m[39m
validate / unit	UNKNOWN STEP	2026-09-12T20:05:50.5863412Z    [33m[2m✓[22m[39m resumes suspension inside yield arguments: 'try{yield (yield 1)}finally{yield 2}r…' (async=true, operation='next') [33m 364[2mms[22m[39m
validate / unit	UNKNOWN STEP	2026-09-12T20:05:50.5866408Z    [33m[2m✓[22m[39m resumes suspension inside yield arguments: 'let count=0;function input(){count++;…' (async=false, operation='return') [33m 486[2mms[22m[39m
validate / unit	UNKNOWN STEP	2026-09-12T20:05:50.5869934Z    [33m[2m✓[22m[39m resumes suspension inside yield arguments: 'let count=0;function input(){count++;…' (async=true, operation='return') [33m 308[2mms[22m[39m
validate / unit	UNKNOWN STEP	2026-09-12T20:05:51.5034917Z  [32m✓[39m packages/safe-js/src/interp/intl-duration-record.test.ts [2m([22m[2m22 tests[22m[2m)[22m[32m 16[2mms[22m[39m
validate / unit	UNKNOWN STEP	2026-09-12T20:05:52.5286688Z  [32m✓[39m packages/safe-js/src/interp/match-all-iterator.test.ts [2m([22m[2m13 tests[22m[2m)[22m[33m 1128[2mms[22m[39m
validate / unit	UNKNOWN STEP	2026-09-12T20:05:52.5321523Z      [33m[2m✓[22m[39m resumes a partially consumed for-of iterator after a host suspension [33m 333[2mms[22m[39m
validate / unit	UNKNOWN STEP	2026-09-12T20:05:53.4303434Z  [32m✓[39m packages/safe-js/src/snapshot/guest-arrays.test.ts [2m([22m[2m11 tests[22m[2m)[22m[32m 42[2mms[22m[39m
validate / unit	UNKNOWN STEP	2026-09-12T20:05:54.2808912Z  [32m✓[39m packages/safe-js/src/interp/symbol-operators.test.ts [2m([22m[2m37 tests[22m[2m)[22m[33m 1883[2mms[22m[39m
validate / unit	UNKNOWN STEP	2026-09-12T20:05:56.1397133Z  [32m✓[39m packages/safe-js/src/interp/globals/temporal-plain-date-time-construction.test.ts [2m([22m[2m6 tests[22m[2m)[22m[33m 948[2mms[22m[39m
validate / unit	UNKNOWN STEP	2026-09-12T20:05:56.1399275Z    [33m[2m✓[22m[39m preserves subclass identity and nanosecond fields through public replay [33m 304[2mms[22m[39m
validate / unit	UNKNOWN STEP	2026-09-12T20:05:56.2347830Z  [32m✓[39m packages/safe-js/src/interp/globals/intl-proxy-locales.test.ts [2m([22m[2m21 tests[22m[2m)[22m[33m 1981[2mms[22m[39m
validate / unit	UNKNOWN STEP	2026-09-12T20:05:56.2349928Z    [33m[2m✓[22m[39m preserves Proxy locales through pending checkpoints [33m 336[2mms[22m[39m
validate / unit	UNKNOWN STEP	2026-09-12T20:05:57.0179437Z  [32m✓[39m packages/safe-js/src/snapshot/datetimeformat-requested-options.test.ts [2m([22m[2m10 tests[22m[2m)[22m[32m 44[2mms[22m[39m
validate / unit	UNKNOWN STEP	2026-09-12T20:05:58.6078110Z  [32m✓[39m packages/safe-js/src/interp/catch-iterator-protocol.test.ts [2m([22m[2m24 tests[22m[2m)[22m[33m 1505[2mms[22m[39m
validate / unit	UNKNOWN STEP	2026-09-12T20:05:59.2911987Z  [32m✓[39m packages/safe-js/src/interp/methods/string-match-exec.test.ts [2m([22m[2m17 tests[22m[2m)[22m[33m 1354[2mms[22m[39m
validate / unit	UNKNOWN STEP	2026-09-12T20:05:59.2917010Z      [33m[2m✓[22m[39m bounds a nonterminating custom exec [33m 360[2mms[22m[39m
validate / unit	UNKNOWN STEP	2026-09-12T20:06:00.7490663Z  [32m✓[39m packages/safe-js/src/interp/globals/regex-prototype.test.ts [2m([22m[2m22 tests[22m[2m)[22m[33m 1222[2mms[22m[39m
validate / unit	UNKNOWN STEP	2026-09-12T20:06:01.0449068Z  [32m✓[39m packages/safe-js/src/interp/arguments.test.ts [2m([22m[2m14 tests[22m[2m)[22m[33m 836[2mms[22m[39m
validate / unit	UNKNOWN STEP	2026-09-12T20:06:02.3850761Z  [32m✓[39m packages/safe-js/src/snapshot/iterator-concat.test.ts [2m([22m[2m7 tests[22m[2m)[22m[33m 747[2mms[22m[39m
validate / unit	UNKNOWN STEP	2026-09-12T20:06:03.2043411Z  [32m✓[39m packages/safe-js/src/interp/methods/string-split-coercion.test.ts [2m([22m[2m24 tests[22m[2m)[22m[33m 1281[2mms[22m[39m
validate / unit	UNKNOWN STEP	2026-09-12T20:06:03.9002706Z  [32m✓[39m packages/safe-js/test/adversarial/test262-semantics.test.ts [2m([22m[2m9 tests[22m[2m)[22m[33m 644[2mms[22m[39m
validate / unit	UNKNOWN STEP	2026-09-12T20:06:05.4845919Z  [32m✓[39m packages/safe-js/src/interp/globals/json-proxy.test.ts [2m([22m[2m24 tests[22m[2m)[22m[33m 1390[2mms[22m[39m
validate / unit	UNKNOWN STEP	2026-09-12T20:06:05.5670967Z  [32m✓[39m packages/safe-js/src/interp/globals/temporal-duration-construction.test.ts [2m([22m[2m12 tests[22m[2m)[22m[33m 805[2mms[22m[39m
validate / unit	UNKNOWN STEP	2026-09-12T20:06:06.7298228Z  [32m✓[39m packages/safe-js/src/interp/temporal-duration-export.test.ts [2m([22m[2m8 tests[22m[2m)[22m[33m 362[2mms[22m[39m
validate / unit	UNKNOWN STEP	2026-09-12T20:06:07.1956922Z  [32m✓[39m packages/safe-js/src/interp/time-duration-total.test.ts [2m([22m[2m16 tests[22m[2m)[22m[32m 268[2mms[22m[39m
validate / unit	UNKNOWN STEP	2026-09-12T20:06:07.4397564Z  [32m✓[39m packages/safe-js/src/interp/globals/promise-prototype-graph.test.ts [2m([22m[2m9 tests[22m[2m)[22m[33m 1032[2mms[22m[39m
validate / unit	UNKNOWN STEP	2026-09-12T20:06:07.4400352Z    [33m[2m✓[22m[39m preserves prototype inheritance across pending replay checkpoints [33m 320[2mms[22m[39m
validate / unit	UNKNOWN STEP	2026-09-12T20:06:08.0358051Z  [32m✓[39m packages/safe-js/src/interp/temporal-plain-month-day-copy.test.ts [2m([22m[2m8 tests[22m[2m)[22m[32m 18[2mms[22m[39m
validate / unit	UNKNOWN STEP	2026-09-12T20:06:09.3105696Z  [32m✓[39m packages/safe-js/src/interp/array-buffer-detached.test.ts [2m([22m[2m9 tests[22m[2m)[22m[33m 997[2mms[22m[39m
validate / unit	UNKNOWN STEP	2026-09-12T20:06:09.3107763Z    [33m[2m✓[22m[39m preserves the intrinsic getter through two snapshot round-trips [33m 522[2mms[22m[39m
validate / unit	UNKNOWN STEP	2026-09-12T20:06:09.9640039Z  [32m✓[39m packages/safe-js/src/interp/methods/string.match-no-match.test.ts [2m([22m[2m22 tests[22m[2m)[22m[33m 1052[2mms[22m[39m
validate / unit	UNKNOWN STEP	2026-09-12T20:06:10.8669426Z  [32m✓[39m packages/safe-js/src/snapshot/regexp-iterator-modes.test.ts [2m([22m[2m12 tests[22m[2m)[22m[32m 61[2mms[22m[39m
validate / unit	UNKNOWN STEP	2026-09-12T20:06:11.2932143Z  [32m✓[39m packages/safe-js/src/interp/globals/temporal-plain-date-time-difference.test.ts [2m([22m[2m13 tests[22m[2m)[22m[33m 1128[2mms[22m[39m
validate / unit	UNKNOWN STEP	2026-09-12T20:06:11.2974645Z    [33m[2m✓[22m[39m uses private operands and intrinsic Duration prototypes through replay [33m 339[2mms[22m[39m
validate / unit	UNKNOWN STEP	2026-09-12T20:06:12.4612059Z  [32m✓[39m packages/safe-js/src/interp/globals/temporal-plain-year-month-with.test.ts [2m([22m[2m7 tests[22m[2m)[22m[33m 732[2mms[22m[39m
validate / unit	UNKNOWN STEP	2026-09-12T20:06:13.0242709Z  [32m✓[39m packages/safe-js/src/interp/guest-proxy-integrity-query.test.ts [2m([22m[2m16 tests[22m[2m)[22m[33m 886[2mms[22m[39m
validate / unit	UNKNOWN STEP	2026-09-12T20:06:14.7102045Z  [32m✓[39m packages/safe-js/src/interp/shared-host-order.test.ts [2m([22m[2m6 tests[22m[2m)[22m[33m 1361[2mms[22m[39m
validate / unit	UNKNOWN STEP	2026-09-12T20:06:14.7103308Z    [33m[2m✓[22m[39m preserves shared write visibility around an async host outcome {"rejects":false,"beforeAwait":false} [33m 391[2mms[22m[39m
validate / unit	UNKNOWN STEP	2026-09-12T20:06:15.0411835Z  [32m✓[39m packages/safe-js/src/interp/iterator-constructor.test.ts [2m([22m[2m16 tests[22m[2m)[22m[33m 1171[2mms[22m[39m
validate / unit	UNKNOWN STEP	2026-09-12T20:06:16.5769860Z  [32m✓[39m packages/safe-js/src/interp/foreign-aggregate-error.test.ts [2m([22m[2m8 tests[22m[2m)[22m[33m 757[2mms[22m[39m
validate / unit	UNKNOWN STEP	2026-09-12T20:06:16.5771838Z    [33m[2m✓[22m[39m preserves cyclic members and aliases through public replay [33m 361[2mms[22m[39m
validate / unit	UNKNOWN STEP	2026-09-12T20:06:16.8333457Z  [32m✓[39m packages/safe-js/src/interp/destructuring-iterator.test.ts [2m([22m[2m12 tests[22m[2m)[22m[33m 889[2mms[22m[39m
validate / unit	UNKNOWN STEP	2026-09-12T20:06:19.1552506Z  [32m✓[39m packages/safe-js/src/interp/methods/match-creation-realm.test.ts [2m([22m[2m12 tests[22m[2m)[22m[33m 1483[2mms[22m[39m
validate / unit	UNKNOWN STEP	2026-09-12T20:06:20.2897088Z  [32m✓[39m packages/safe-js/src/interp/globals/string-factory-coercion.test.ts [2m([22m[2m55 tests[22m[2m)[22m[33m 2851[2mms[22m[39m
validate / unit	UNKNOWN STEP	2026-09-12T20:06:21.6792103Z  [32m✓[39m packages/safe-js/src/interp/globals/string-repeat-coercion.test.ts [2m([22m[2m20 tests[22m[2m)[22m[33m 1620[2mms[22m[39m
validate / unit	UNKNOWN STEP	2026-09-12T20:06:21.9537508Z  [32m✓[39m packages/safe-js/src/interp/globals/temporal-zoned-date-time-format.test.ts [2m([22m[2m5 tests[22m[2m)[22m[33m 746[2mms[22m[39m
validate / unit	UNKNOWN STEP	2026-09-12T20:06:22.8441827Z  [32m✓[39m packages/safe-js/src/snapshot/regexp-iterators.test.ts [2m([22m[2m7 tests[22m[2m)[22m[32m 50[2mms[22m[39m
validate / unit	UNKNOWN STEP	2026-09-12T20:06:23.1664545Z  [32m✓[39m packages/safe-js/src/interp/globals/temporal-plain-month-day-from.test.ts [2m([22m[2m7 tests[22m[2m)[22m[33m 639[2mms[22m[39m
validate / unit	UNKNOWN STEP	2026-09-12T20:06:25.2966636Z  [32m✓[39m packages/safe-js/src/interp/methods/string-is-well-formed.test.ts [2m([22m[2m25 tests[22m[2m)[22m[33m 1251[2mms[22m[39m
validate / unit	UNKNOWN STEP	2026-09-12T20:06:25.9490011Z  [32m✓[39m packages/safe-js/src/interp/globals/string-range-coercion.test.ts [2m([22m[2m30 tests[22m[2m)[22m[33m 2220[2mms[22m[39m
validate / unit	UNKNOWN STEP	2026-09-12T20:06:25.9492102Z    [33m[2m✓[22m[39m preserves range conversion through pending checkpoints [33m 337[2mms[22m[39m
validate / unit	UNKNOWN STEP	2026-09-12T20:06:26.1963138Z  [32m✓[39m packages/safe-js/src/interp/shared-host-storage.test.ts [2m([22m[2m5 tests[22m[2m)[22m[32m 14[2mms[22m[39m
validate / unit	UNKNOWN STEP	2026-09-12T20:06:27.9503140Z  [32m✓[39m packages/safe-js/src/interp/destructuring-order.test.ts [2m([22m[2m11 tests[22m[2m)[22m[33m 863[2mms[22m[39m
validate / unit	UNKNOWN STEP	2026-09-12T20:06:28.2601712Z  [32m✓[39m packages/safe-js/src/interp/globals/json-creation-realm.test.ts [2m([22m[2m10 tests[22m[2m)[22m[33m 1435[2mms[22m[39m
validate / unit	UNKNOWN STEP	2026-09-12T20:06:30.9933984Z  [32m✓[39m packages/safe-js/src/interp/globals/iterator-limit-range.test.ts [2m([22m[2m10 tests[22m[2m)[22m[33m 1855[2mms[22m[39m
validate / unit	UNKNOWN STEP	2026-09-12T20:06:30.9935439Z    [33m[2m✓[22m[39m take replays the limit rejection and close effects [33m 307[2mms[22m[39m
validate / unit	UNKNOWN STEP	2026-09-12T20:06:30.9936542Z    [33m[2m✓[22m[39m take accepts safe boundaries, fractions and positive infinity lazily [33m 321[2mms[22m[39m
validate / unit	UNKNOWN STEP	2026-09-12T20:06:32.4981195Z  [32m✓[39m packages/safe-js/src/interp/globals/temporal-plain-date-to-date-time.test.ts [2m([22m[2m5 tests[22m[2m)[22m[33m 660[2mms[22m[39m
validate / unit	UNKNOWN STEP	2026-09-12T20:06:32.6018951Z  [32m✓[39m packages/safe-js/src/interp/var-environment.test.ts [2m([22m[2m23 tests[22m[2m)[22m[33m 3708[2mms[22m[39m
validate / unit	UNKNOWN STEP	2026-09-12T20:06:32.6020803Z      [33m[2m✓[22m[39m matches native execution and replay: let get; function read({ [(get = () => value, 'value')]: value }) { var value = 2; return [value, get()]; } return read({ value: 42 }); [33m 361[2mms[22m[39m
validate / unit	UNKNOWN STEP	2026-09-12T20:06:34.0593975Z  [32m✓[39m packages/safe-js/src/interp/temporal-duration-copy.test.ts [2m([22m[2m10 tests[22m[2m)[22m[33m 580[2mms[22m[39m
validate / unit	UNKNOWN STEP	2026-09-12T20:06:34.9170803Z  [32m✓[39m packages/safe-js/src/interp/globals/math-namespace.test.ts [2m([22m[2m17 tests[22m[2m)[22m[33m 1550[2mms[22m[39m
validate / unit	UNKNOWN STEP	2026-09-12T20:06:34.9172731Z    [33m[2m✓[22m[39m preserves modified Math namespace in pending checkpoints [33m 453[2mms[22m[39m
validate / unit	UNKNOWN STEP	2026-09-12T20:06:34.9174188Z    [33m[2m✓[22m[39m preserves modified Math namespace in completed checkpoints [33m 311[2mms[22m[39m
validate / unit	UNKNOWN STEP	2026-09-12T20:06:35.7505123Z  [32m✓[39m packages/safe-js/src/interp/methods/string-search-frozen.test.ts [2m([22m[2m13 tests[22m[2m)[22m[33m 818[2mms[22m[39m
validate / unit	UNKNOWN STEP	2026-09-12T20:06:37.9906641Z  [32m✓[39m packages/safe-js/src/interp/globals/string-index-coercion.test.ts [2m([22m[2m32 tests[22m[2m)[22m[33m 2180[2mms[22m[39m
validate / unit	UNKNOWN STEP	2026-09-12T20:06:38.4667386Z  [32m✓[39m packages/safe-js/src/interp/methods/regex-lookbehind.test.ts [2m([22m[2m30 tests[22m[2m)[22m[33m 1778[2mms[22m[39m
validate / unit	UNKNOWN STEP	2026-09-12T20:06:38.4669173Z      [33m[2m✓[22m[39m restores backward captures across a lazy iterator checkpoint [33m 345[2mms[22m[39m
validate / unit	UNKNOWN STEP	2026-09-12T20:06:40.2961759Z  [32m✓[39m packages/safe-js/src/interp/globals/date-legacy-methods.test.ts [2m([22m[2m20 tests[22m[2m)[22m[33m 1463[2mms[22m[39m
validate / unit	UNKNOWN STEP	2026-09-12T20:06:40.2964031Z    [33m[2m✓[22m[39m replays legacy Date operations from a pending checkpoint [33m 315[2mms[22m[39m
validate / unit	UNKNOWN STEP	2026-09-12T20:06:40.4991847Z  [32m✓[39m packages/safe-js/src/proxy-host-callback.test.ts [2m([22m[2m13 tests[22m[2m)[22m[33m 1182[2mms[22m[39m
validate / unit	UNKNOWN STEP	2026-09-12T20:06:40.4993508Z    [33m[2m✓[22m[39m restores a Proxy callback before its host invocation [33m 360[2mms[22m[39m
validate / unit	UNKNOWN STEP	2026-09-12T20:06:40.5795717Z  [32m✓[39m packages/safe-js/src/cli-entrypoint.test.ts [2m([22m[2m13 tests[22m[2m)[22m[32m 48[2mms[22m[39m
validate / unit	UNKNOWN STEP	2026-09-12T20:06:40.7484369Z  [32m✓[39m packages/safe-js/src/lint/rules/AS-needless-template.test.ts [2m([22m[2m11 tests[22m[2m)[22m[32m 23[2mms[22m[39m
validate / unit	UNKNOWN STEP	2026-09-12T20:06:42.4813782Z  [32m✓[39m packages/safe-js/src/interp/tagged-template-freeze.test.ts [2m([22m[2m9 tests[22m[2m)[22m[33m 852[2mms[22m[39m
validate / unit	UNKNOWN STEP	2026-09-12T20:06:42.4815492Z    [33m[2m✓[22m[39m preserves template integrity through public dump and replay [33m 319[2mms[22m[39m
validate / unit	UNKNOWN STEP	2026-09-12T20:06:44.4824099Z  [32m✓[39m packages/safe-js/src/interp/methods/string-nullish-regexp-hooks.test.ts [2m([22m[2m14 tests[22m[2m)[22m[33m 1099[2mms[22m[39m
validate / unit	UNKNOWN STEP	2026-09-12T20:06:44.7529188Z  [32m✓[39m packages/safe-js/src/interp/deleted-iterator-fallback.test.ts [2m([22m[2m64 tests[22m[2m)[22m[33m 3338[2mms[22m[39m
validate / unit	UNKNOWN STEP	2026-09-12T20:06:45.6094686Z  [32m✓[39m packages/safe-js/src/interp/scope-root-groups.test.ts [2m([22m[2m6 tests[22m[2m)[22m[32m 12[2mms[22m[39m
validate / unit	UNKNOWN STEP	2026-09-12T20:06:45.8559334Z  [32m✓[39m packages/safe-js/test/conformance/metadata.test.ts [2m([22m[2m19 tests[22m[2m)[22m[32m 26[2mms[22m[39m
validate / unit	UNKNOWN STEP	2026-09-12T20:06:46.8265926Z  [32m✓[39m packages/safe-js/src/interp/globals/collection-as-prototype.test.ts [2m([22m[2m14 tests[22m[2m)[22m[33m 1483[2mms[22m[39m
validate / unit	UNKNOWN STEP	2026-09-12T20:06:47.4120649Z  [32m✓[39m packages/safe-js/src/interp/globals/promise-finally-foreign-species.test.ts [2m([22m[2m5 tests[22m[2m)[22m[33m 726[2mms[22m[39m
validate / unit	UNKNOWN STEP	2026-09-12T20:06:48.4213136Z  [32m✓[39m packages/safe-js/src/interp/globals/temporal-zoned-date-time-round.test.ts [2m([22m[2m5 tests[22m[2m)[22m[33m 699[2mms[22m[39m
validate / unit	UNKNOWN STEP	2026-09-12T20:06:49.3295011Z  [32m✓[39m packages/safe-js/src/snapshot/temporal-plain-month-day.test.ts [2m([22m[2m13 tests[22m[2m)[22m[32m 47[2mms[22m[39m
validate / unit	UNKNOWN STEP	2026-09-12T20:06:49.7156187Z  [32m✓[39m packages/safe-js/src/interp/globals/dynamic-block-functions.test.ts [2m([22m[2m26 tests[22m[2m)[22m[33m 1404[2mms[22m[39m
validate / unit	UNKNOWN STEP	2026-09-12T20:06:50.8623144Z  [32m✓[39m packages/safe-js/src/interp/globals/temporal-plain-year-month-from.test.ts [2m([22m[2m7 tests[22m[2m)[22m[33m 654[2mms[22m[39m
validate / unit	UNKNOWN STEP	2026-09-12T20:06:51.4968777Z  [32m✓[39m packages/safe-js/src/interp/globals/temporal-zoned-date-time-with.test.ts [2m([22m[2m5 tests[22m[2m)[22m[33m 908[2mms[22m[39m
validate / unit	UNKNOWN STEP	2026-09-12T20:06:52.4042121Z  [32m✓[39m packages/safe-js/src/snapshot/guest-generator-tagged-templates.test.ts [2m([22m[2m16 tests[22m[2m)[22m[33m 610[2mms[22m[39m
validate / unit	UNKNOWN STEP	2026-09-12T20:06:53.1476122Z  [32m✓[39m packages/safe-js/src/interp/globals/intl-datetimeformat-plain-date.test.ts [2m([22m[2m5 tests[22m[2m)[22m[33m 775[2mms[22m[39m
validate / unit	UNKNOWN STEP	2026-09-12T20:06:53.1477654Z    [33m[2m✓[22m[39m preserves requested default components and bound format through replay [33m 323[2mms[22m[39m
validate / unit	UNKNOWN STEP	2026-09-12T20:06:53.3269214Z  [32m✓[39m packages/safe-js/src/snapshot/null-object-prototype.test.ts [2m([22m[2m12 tests[22m[2m)[22m[32m 47[2mms[22m[39m
validate / unit	UNKNOWN STEP	2026-09-12T20:06:54.6823290Z  [32m✓[39m packages/safe-js/src/interp/temporal-plain-year-month-host.test.ts [2m([22m[2m6 tests[22m[2m)[22m[33m 504[2mms[22m[39m
validate / unit	UNKNOWN STEP	2026-09-12T20:06:54.6825527Z    [33m[2m✓[22m[39m replays host year-month results without repeating the host call [33m 351[2mms[22m[39m
validate / unit	UNKNOWN STEP	2026-09-12T20:06:54.7861532Z  [32m✓[39m packages/safe-js/src/interp/globals/temporal-zoned-date-time-arithmetic.test.ts [2m([22m[2m5 tests[22m[2m)[22m[33m 794[2mms[22m[39m
validate / unit	UNKNOWN STEP	2026-09-12T20:06:55.5521652Z  [32m✓[39m packages/safe-js/src/interp/temporal-plain-date-copy.test.ts [2m([22m[2m8 tests[22m[2m)[22m[32m 16[2mms[22m[39m
validate / unit	UNKNOWN STEP	2026-09-12T20:06:56.8731943Z  [32m✓[39m packages/safe-js/src/interp/symbol-descriptors.test.ts [2m([22m[2m26 tests[22m[2m)[22m[33m 1211[2mms[22m[39m
validate / unit	UNKNOWN STEP	2026-09-12T20:06:57.8038014Z  [32m✓[39m packages/safe-js/src/interp/globals/array-static-proxy-results.test.ts [2m([22m[2m8 tests[22m[2m)[22m[33m 1386[2mms[22m[39m
validate / unit	UNKNOWN STEP	2026-09-12T20:06:57.8043256Z    [33m[2m✓[22m[39m Array.from defines elements through a constructor result Proxy [33m 498[2mms[22m[39m
validate / unit	UNKNOWN STEP	2026-09-12T20:06:57.8045926Z    [33m[2m✓[22m[39m Array.fromAsync defines elements through a constructor result Proxy [33m 329[2mms[22m[39m
validate / unit	UNKNOWN STEP	2026-09-12T20:06:58.0379121Z  [32m✓[39m packages/safe-js/src/lint/rules/AS-destructure-null-default.test.ts [2m([22m[2m14 tests[22m[2m)[22m[32m 22[2mms[22m[39m
validate / unit	UNKNOWN STEP	2026-09-12T20:06:59.6075486Z  [32m✓[39m packages/safe-js/src/interp/float32-resizable-snapshots.test.ts [2m([22m[2m7 tests[22m[2m)[22m[33m 1820[2mms[22m[39m
validate / unit	UNKNOWN STEP	2026-09-12T20:06:59.6079291Z    [33m[2m✓[22m[39m preserves resizable Float32 view layout through snapshots: const buffer=new ArrayBuffer(8,{maxByteLength:16});const view=new Float32Array(buffer);view[0]=7;return ()=>{buffer.resize(12);return [view.length,view.byteOffset,Array.from(view)]} [33m 630[2mms[22m[39m
validate / unit	UNKNOWN STEP	2026-09-12T20:06:59.6084642Z    [33m[2m✓[22m[39m preserves resizable Float32 view layout through snapshots: const buffer=new ArrayBuffer(8,{maxByteLength:16});const view=new Float32Array(buffer).subarray(1);return ()=>{buffer.resize(16);return [view.length,view.byteOffset,Array.from(view)]} [33m 411[2mms[22m[39m
validate / unit	UNKNOWN STEP	2026-09-12T20:06:59.6090491Z    [33m[2m✓[22m[39m preserves resizable Float32 view layout through snapshots: const buffer=new ArrayBuffer(12,{maxByteLength:16});const view=new Float32Array(buffer,4,2);buffer.resize(4);return ()=>{buffer.resize(12);return [view.length,view.byteOffset,Array.from(view)]} [33m 316[2mms[22m[39m
validate / unit	UNKNOWN STEP	2026-09-12T20:06:59.6095047Z    [33m[2m✓[22m[39m preserves resizable Float32 view layout through snapshots: const buffer=new ArrayBuffer(12,{maxByteLength:16});const view=new Float32Array(buffer,8);buffer.resize(4);return ()=>{buffer.resize(16);return [view.length,view.byteOffset,Array.from(view)]} [33m 326[2mms[22m[39m
validate / unit	UNKNOWN STEP	2026-09-12T20:07:00.3145724Z  [32m✓[39m packages/safe-js/src/interp/methods/regex-indices.test.ts [2m([22m[2m20 tests[22m[2m)[22m[33m 1351[2mms[22m[39m
validate / unit	UNKNOWN STEP	2026-09-12T20:07:00.3147941Z      [33m[2m✓[22m[39m preserves indices and their aliases through checkpoint replay [33m 379[2mms[22m[39m
validate / unit	UNKNOWN STEP	2026-09-12T20:07:01.3102428Z  [32m✓[39m packages/safe-js/src/interp/globals/temporal-plain-year-month-compare.test.ts [2m([22m[2m6 tests[22m[2m)[22m[33m 803[2mms[22m[39m
validate / unit	UNKNOWN STEP	2026-09-12T20:07:02.6803173Z  [32m✓[39m packages/safe-js/src/interp/globals/string-substr-coercion.test.ts [2m([22m[2m17 tests[22m[2m)[22m[33m 1468[2mms[22m[39m
validate / unit	UNKNOWN STEP	2026-09-12T20:07:02.6805439Z    [33m[2m✓[22m[39m preserves substr conversion through pending checkpoints [33m 312[2mms[22m[39m
validate / unit	UNKNOWN STEP	2026-09-12T20:07:03.1600048Z  [32m✓[39m packages/safe-js/src/interp/globals/atomics-wait-async.test.ts [2m([22m[2m5 tests[22m[2m)[22m[33m 989[2mms[22m[39m
validate / unit	UNKNOWN STEP	2026-09-12T20:07:03.1602937Z    [33m[2m✓[22m[39m replays a completed notified atomic wait [33m 346[2mms[22m[39m
validate / unit	UNKNOWN STEP	2026-09-12T20:07:04.0846238Z  [32m✓[39m packages/safe-js/src/snapshot/temporal-plain-date.test.ts [2m([22m[2m13 tests[22m[2m)[22m[32m 49[2mms[22m[39m
validate / unit	UNKNOWN STEP	2026-09-12T20:07:04.3143656Z  [32m✓[39m packages/safe-js/src/lint/rules/AS-async-not-needed.test.ts [2m([22m[2m13 tests[22m[2m)[22m[32m 23[2mms[22m[39m
validate / unit	UNKNOWN STEP	2026-09-12T20:07:05.7493468Z  [32m✓[39m packages/safe-js/src/interp/globals/temporal-zoned-date-time-from.test.ts [2m([22m[2m5 tests[22m[2m)[22m[33m 555[2mms[22m[39m
validate / unit	UNKNOWN STEP	2026-09-12T20:07:07.3362163Z  [32m✓[39m packages/safe-js/src/interp/guest-iteration.test.ts [2m([22m[2m8 tests[22m[2m)[22m[33m 736[2mms[22m[39m
validate / unit	UNKNOWN STEP	2026-09-12T20:07:08.5917948Z  [32m✓[39m packages/safe-js/src/snapshot/guest-generator-calls.test.ts [2m([22m[2m18 tests[22m[2m)[22m[33m 5039[2mms[22m[39m
validate / unit	UNKNOWN STEP	2026-09-12T20:07:08.5920752Z    [33m[2m✓[22m[39m preserves resolved calls across repeated restores: 'const sent=((a,b)=>[a,b])(count++,yie…' (async=false) [33m 497[2mms[22m[39m
validate / unit	UNKNOWN STEP	2026-09-12T20:07:08.5923274Z    [33m[2m✓[22m[39m preserves resolved calls across repeated restores: 'function F(a,b){this.values=[a,b]}con…' (async=true) [33m 302[2mms[22m[39m
validate / unit	UNKNOWN STEP	2026-09-12T20:07:08.6560875Z  [32m✓[39m packages/safe-js/src/interp/disposable-stack-state.test.ts [2m([22m[2m4 tests[22m[2m)[22m[33m 462[2mms[22m[39m
validate / unit	UNKNOWN STEP	2026-09-12T20:07:08.6563021Z    [33m[2m✓[22m[39m restores moved resources, captured methods, and aliases through JSON snapshots [33m 448[2mms[22m[39m
validate / unit	UNKNOWN STEP	2026-09-12T20:07:10.2269207Z  [32m✓[39m packages/safe-js/src/interp/globals/temporal-plain-month-day-with.test.ts [2m([22m[2m7 tests[22m[2m)[22m[33m 754[2mms[22m[39m
validate / unit	UNKNOWN STEP	2026-09-12T20:07:10.3830024Z  [32m✓[39m packages/safe-js/src/interp/globals/temporal-zoned-date-time-with-calendar.test.ts [2m([22m[2m6 tests[22m[2m)[22m[33m 915[2mms[22m[39m
validate / unit	UNKNOWN STEP	2026-09-12T20:07:10.3832431Z    [33m[2m✓[22m[39m uses private slots for receiver and all available calendar-bearing types [33m 312[2mms[22m[39m
validate / unit	UNKNOWN STEP	2026-09-12T20:07:11.0610776Z  [32m✓[39m packages/safe-js/src/interp/intrinsic-measure-cache.test.ts [2m([22m[2m4 tests[22m[2m)[22m[32m 12[2mms[22m[39m
validate / unit	UNKNOWN STEP	2026-09-12T20:07:11.2682855Z  [32m✓[39m packages/safe-js/src/lint/rules/AS-shadow-global.test.ts [2m([22m[2m7 tests[22m[2m)[22m[32m 14[2mms[22m[39m
validate / unit	UNKNOWN STEP	2026-09-12T20:07:11.8650793Z  [32m✓[39m packages/safe-js/src/interp/rest-property-reads.test.ts [2m([22m[2m11 tests[22m[2m)[22m[33m 607[2mms[22m[39m
validate / unit	UNKNOWN STEP	2026-09-12T20:07:13.3866642Z  [32m✓[39m packages/safe-js/src/interp/guest-proxy-get-expression.test.ts [2m([22m[2m13 tests[22m[2m)[22m[33m 712[2mms[22m[39m
validate / unit	UNKNOWN STEP	2026-09-12T20:07:13.9080487Z  [32m✓[39m packages/safe-js/src/interp/methods/split-creation-realm.test.ts [2m([22m[2m15 tests[22m[2m)[22m[33m 1772[2mms[22m[39m
validate / unit	UNKNOWN STEP	2026-09-12T20:07:16.0017757Z  [32m✓[39m packages/safe-js/src/snapshot/async-generator-validation.test.ts [2m([22m[2m13 tests[22m[2m)[22m[33m 1722[2mms[22m[39m
validate / unit	UNKNOWN STEP	2026-09-12T20:07:16.1266890Z  [32m✓[39m packages/safe-js/src/snapshot/reference-error-delivery.test.ts [2m([22m[2m10 tests[22m[2m)[22m[33m 1322[2mms[22m[39m
validate / unit	UNKNOWN STEP	2026-09-12T20:07:16.1269429Z    [33m[2m✓[22m[39m restores a source-reference rejection as a ReferenceError instance: Promise.resolve().then(()=>missing) [33m 313[2mms[22m[39m
validate / unit	UNKNOWN STEP	2026-09-12T20:07:18.2024184Z  [32m✓[39m packages/safe-js/src/interp/globals/number-function-properties.test.ts [2m([22m[2m25 tests[22m[2m)[22m[33m 1248[2mms[22m[39m
validate / unit	UNKNOWN STEP	2026-09-12T20:07:18.2682614Z  [32m✓[39m packages/safe-js/src/interp/object-method-names.test.ts [2m([22m[2m15 tests[22m[2m)[22m[33m 1388[2mms[22m[39m
validate / unit	UNKNOWN STEP	2026-09-12T20:07:18.2706663Z      [33m[2m✓[22m[39m preserves inferred names across a checkpoint: const key="computed";const o={[key](){return 7}};const method=o[key];await wait();return [method.name,method()]; [33m 443[2mms[22m[39m
validate / unit	UNKNOWN STEP	2026-09-12T20:07:18.4083100Z  [32m✓[39m packages/safe-js/src/interp/jobs.test.ts [2m([22m[2m5 tests[22m[2m)[22m[32m 10[2mms[22m[39m
validate / unit	UNKNOWN STEP	2026-09-12T20:07:19.6849509Z  [32m✓[39m packages/safe-js/src/interp/temporal-zoned-date-time-host.test.ts [2m([22m[2m4 tests[22m[2m)[22m[33m 423[2mms[22m[39m
validate / unit	UNKNOWN STEP	2026-09-12T20:07:19.6851789Z    [33m[2m✓[22m[39m imports zoned bindings and replays host results without repeating calls [33m 364[2mms[22m[39m
validate / unit	UNKNOWN STEP	2026-09-12T20:07:20.0178221Z  [32m✓[39m packages/safe-js/src/lint/rules/AS-frontmatter-field-unused.test.ts [2m([22m[2m6 tests[22m[2m)[22m[32m 96[2mms[22m[39m
validate / unit	UNKNOWN STEP	2026-09-12T20:07:20.1138373Z  [32m✓[39m packages/safe-js/src/interp/globals/temporal-plain-month-day-conversion.test.ts [2m([22m[2m11 tests[22m[2m)[22m[33m 974[2mms[22m[39m
validate / unit	UNKNOWN STEP	2026-09-12T20:07:20.8641523Z  [32m✓[39m packages/safe-js/src/interp/host-reconciliation-context.test.ts [2m([22m[2m1 test[22m[2m)[22m[32m 13[2mms[22m[39m
validate / unit	UNKNOWN STEP	2026-09-12T20:07:22.6291955Z  [32m✓[39m packages/safe-js/src/interp/bigint.test.ts [2m([22m[2m26 tests[22m[2m)[22m[33m 1663[2mms[22m[39m
validate / unit	UNKNOWN STEP	2026-09-12T20:07:22.6293975Z      [33m[2m✓[22m[39m preserves BigInts through JSON checkpoint transport and replay [33m 319[2mms[22m[39m
validate / unit	UNKNOWN STEP	2026-09-12T20:07:23.6034303Z  [32m✓[39m packages/safe-js/src/snapshot/temporal-plain-date-time.test.ts [2m([22m[2m11 tests[22m[2m)[22m[32m 51[2mms[22m[39m
validate / unit	UNKNOWN STEP	2026-09-12T20:07:23.6052872Z  [32m✓[39m packages/safe-js/src/interp/globals/dynamic-arguments-var.test.ts [2m([22m[2m17 tests[22m[2m)[22m[33m 1903[2mms[22m[39m
validate / unit	UNKNOWN STEP	2026-09-12T20:07:23.6055622Z    [33m[2m✓[22m[39m restores lexical arguments independently of parameter scope:  / let arguments=7;yield 1;return arguments [33m 341[2mms[22m[39m
validate / unit	UNKNOWN STEP	2026-09-12T20:07:25.3078908Z  [32m✓[39m packages/safe-js/src/interp/to-string-tag.test.ts [2m([22m[2m13 tests[22m[2m)[22m[33m 803[2mms[22m[39m
validate / unit	UNKNOWN STEP	2026-09-12T20:07:26.1449952Z  [32m✓[39m packages/safe-js/src/interp/temporal-realm-prototypes.test.ts [2m([22m[2m8 tests[22m[2m)[22m[32m 13[2mms[22m[39m
validate / unit	UNKNOWN STEP	2026-09-12T20:07:26.2152821Z  [32m✓[39m packages/safe-js/src/interp/methods/regex-lookahead.test.ts [2m([22m[2m25 tests[22m[2m)[22m[33m 1716[2mms[22m[39m
validate / unit	UNKNOWN STEP	2026-09-12T20:07:26.2154655Z      [33m[2m✓[22m[39m restores lookahead compilation and lazy captures across a checkpoint [33m 356[2mms[22m[39m
validate / unit	UNKNOWN STEP	2026-09-12T20:07:27.8721685Z  [32m✓[39m packages/safe-js/src/interp/globals/temporal-plain-year-month-format.test.ts [2m([22m[2m11 tests[22m[2m)[22m[33m 800[2mms[22m[39m
validate / unit	UNKNOWN STEP	2026-09-12T20:07:29.9497402Z  [32m✓[39m packages/safe-js/src/interp/globals/buffer-sdk-new-target.test.ts [2m([22m[2m24 tests[22m[2m)[22m[33m 1209[2mms[22m[39m
validate / unit	UNKNOWN STEP	2026-09-12T20:07:30.4986384Z  [32m✓[39m packages/safe-js/src/interp/methods/array-species-creation-realm.test.ts [2m([22m[2m28 tests[22m[2m)[22m[33m 3477[2mms[22m[39m
validate / unit	UNKNOWN STEP	2026-09-12T20:07:30.8416079Z  [32m✓[39m packages/safe-js/src/interp/symbol-copy.test.ts [2m([22m[2m6 tests[22m[2m)[22m[32m 42[2mms[22m[39m
validate / unit	UNKNOWN STEP	2026-09-12T20:07:31.9086477Z  [32m✓[39m packages/safe-js/src/interp/globals/iterator-sdk-construction.test.ts [2m([22m[2m8 tests[22m[2m)[22m[33m 532[2mms[22m[39m
validate / unit	UNKNOWN STEP	2026-09-12T20:07:32.3772153Z  [32m✓[39m packages/safe-js/src/interp/globals/date-json-primitive-boxing.test.ts [2m([22m[2m8 tests[22m[2m)[22m[33m 696[2mms[22m[39m
validate / unit	UNKNOWN STEP	2026-09-12T20:07:32.5790273Z  [32m✓[39m packages/safe-js/src/interp/temporal-time-zone-string.test.ts [2m([22m[2m73 tests[22m[2m)[22m[32m 17[2mms[22m[39m
validate / unit	UNKNOWN STEP	2026-09-12T20:07:33.9781132Z  [32m✓[39m packages/safe-js/src/interp/private-class-elements.test.ts [2m([22m[2m20 tests[22m[2m)[22m[33m 1208[2mms[22m[39m
validate / unit	UNKNOWN STEP	2026-09-12T20:07:34.9462008Z  [32m✓[39m packages/safe-js/src/interp/globals/intl-intrinsic-retention.test.ts [2m([22m[2m12 tests[22m[2m)[22m[32m 114[2mms[22m[39m
validate / unit	UNKNOWN STEP	2026-09-12T20:07:36.5132014Z  [32m✓[39m packages/safe-js/src/interp/globals/temporal-plain-month-day-format.test.ts [2m([22m[2m11 tests[22m[2m)[22m[33m 728[2mms[22m[39m
validate / unit	UNKNOWN STEP	2026-09-12T20:07:36.6730789Z  [32m✓[39m packages/safe-js/src/interp/globals/string-character-coercion.test.ts [2m([22m[2m54 tests[22m[2m)[22m[33m 3249[2mms[22m[39m
validate / unit	UNKNOWN STEP	2026-09-12T20:07:36.6737931Z    [33m[2m✓[22m[39m preserves character index conversion through pending checkpoints [33m 333[2mms[22m[39m
validate / unit	UNKNOWN STEP	2026-09-12T20:07:38.3082262Z  [32m✓[39m packages/safe-js/src/interp/globals/temporal-plain-date-locale.test.ts [2m([22m[2m7 tests[22m[2m)[22m[33m 779[2mms[22m[39m
validate / unit	UNKNOWN STEP	2026-09-12T20:07:40.1434915Z  [32m✓[39m packages/safe-js/src/interp/methods/string-search-exec.test.ts [2m([22m[2m14 tests[22m[2m)[22m[33m 963[2mms[22m[39m
validate / unit	UNKNOWN STEP	2026-09-12T20:07:41.7661507Z  [32m✓[39m packages/safe-js/src/interp/globals/temporal-plain-date-comparison.test.ts [2m([22m[2m5 tests[22m[2m)[22m[33m 778[2mms[22m[39m
validate / unit	UNKNOWN STEP	2026-09-12T20:07:42.1426357Z  [32m✓[39m packages/safe-js/src/interp/globals/buffer-foreign-newtarget.test.ts [2m([22m[2m45 tests[22m[2m)[22m[33m 4739[2mms[22m[39m
validate / unit	UNKNOWN STEP	2026-09-12T20:07:43.5906760Z  [32m✓[39m packages/safe-js/src/interp/methods/string-match-all-flags.test.ts [2m([22m[2m11 tests[22m[2m)[22m[33m 900[2mms[22m[39m
validate / unit	UNKNOWN STEP	2026-09-12T20:07:45.3022142Z  [32m✓[39m packages/safe-js/src/interp/globals/temporal-instant-conversion.test.ts [2m([22m[2m14 tests[22m[2m)[22m[33m 818[2mms[22m[39m
validate / unit	UNKNOWN STEP	2026-09-12T20:07:45.3795201Z  [32m✓[39m packages/safe-js/src/snapshot/eval-call.test.ts [2m([22m[2m10 tests[22m[2m)[22m[33m 2327[2mms[22m[39m
validate / unit	UNKNOWN STEP	2026-09-12T20:07:45.3799445Z    [33m[2m✓[22m[39m preserves direct versus indirect eval after suspended arguments: eval [33m 447[2mms[22m[39m
validate / unit	UNKNOWN STEP	2026-09-12T20:07:45.5732239Z  [32m✓[39m packages/safe-js/src/parse/resource-declarations.test.ts [2m([22m[2m24 tests[22m[2m)[22m[32m 29[2mms[22m[39m
validate / unit	UNKNOWN STEP	2026-09-12T20:07:46.6920278Z  [32m✓[39m packages/safe-js/src/interp/guest-proxy-delete-expression.test.ts [2m([22m[2m5 tests[22m[2m)[22m[32m 299[2mms[22m[39m
validate / unit	UNKNOWN STEP	2026-09-12T20:07:47.0047481Z  [32m✓[39m packages/safe-js/src/interp/globals/temporal-zoned-date-time-difference.test.ts [2m([22m[2m5 tests[22m[2m)[22m[33m 760[2mms[22m[39m
validate / unit	UNKNOWN STEP	2026-09-12T20:07:48.3862199Z  [32m✓[39m packages/safe-js/src/interp/globals/eval-global-declarations.test.ts [2m([22m[2m14 tests[22m[2m)[22m[33m 827[2mms[22m[39m
validate / unit	UNKNOWN STEP	2026-09-12T20:07:48.6969363Z  [32m✓[39m packages/safe-js/src/interp/globals/temporal-plain-date-time-conversion.test.ts [2m([22m[2m8 tests[22m[2m)[22m[33m 851[2mms[22m[39m
validate / unit	UNKNOWN STEP	2026-09-12T20:07:50.0866575Z  [32m✓[39m packages/safe-js/src/interp/globals/temporal-zoned-date-time-conversion.test.ts [2m([22m[2m5 tests[22m[2m)[22m[33m 835[2mms[22m[39m
validate / unit	UNKNOWN STEP	2026-09-12T20:07:50.1826799Z  [32m✓[39m packages/safe-js/src/interp/globals/promise-own-then-resolution.test.ts [2m([22m[2m8 tests[22m[2m)[22m[33m 622[2mms[22m[39m
validate / unit	UNKNOWN STEP	2026-09-12T20:07:51.6758804Z  [32m✓[39m packages/safe-js/src/interp/undefined-binding.test.ts [2m([22m[2m16 tests[22m[2m)[22m[33m 716[2mms[22m[39m
validate / unit	UNKNOWN STEP	2026-09-12T20:07:51.9219178Z  [32m✓[39m packages/safe-js/src/interp/globals/json-array-replacer.test.ts [2m([22m[2m19 tests[22m[2m)[22m[33m 925[2mms[22m[39m
validate / unit	UNKNOWN STEP	2026-09-12T20:07:53.1089430Z  [32m✓[39m packages/safe-js/src/snapshot/promise-aggregate-validation.test.ts [2m([22m[2m3 tests[22m[2m)[22m[33m 334[2mms[22m[39m
validate / unit	UNKNOWN STEP	2026-09-12T20:07:53.7155173Z  [32m✓[39m packages/safe-js/src/interp/guest-iteration-builtins.test.ts [2m([22m[2m12 tests[22m[2m)[22m[33m 1158[2mms[22m[39m
validate / unit	UNKNOWN STEP	2026-09-12T20:07:54.0221955Z  [32m✓[39m packages/safe-js/src/lint/rules/AS-large-literal.test.ts [2m([22m[2m7 tests[22m[2m)[22m[32m 111[2mms[22m[39m
validate / unit	UNKNOWN STEP	2026-09-12T20:07:54.0736936Z  [32m✓[39m packages/safe-js/src/snapshot/with-environment.test.ts [2m([22m[2m7 tests[22m[2m)[22m[32m 61[2mms[22m[39m
validate / unit	UNKNOWN STEP	2026-09-12T20:07:54.8744056Z  [32m✓[39m packages/safe-js/src/interp/with-binding-reference.test.ts [2m([22m[2m7 tests[22m[2m)[22m[32m 9[2mms[22m[39m
validate / unit	UNKNOWN STEP	2026-09-12T20:07:56.0736021Z  [32m✓[39m packages/safe-js/src/interp/globals/intl-datetimeformat-plain-year-month.test.ts [2m([22m[2m5 tests[22m[2m)[22m[33m 777[2mms[22m[39m
validate / unit	UNKNOWN STEP	2026-09-12T20:07:56.4361500Z  [32m✓[39m packages/safe-js/src/interp/globals/date-constructor-realm.test.ts [2m([22m[2m7 tests[22m[2m)[22m[33m 710[2mms[22m[39m
validate / unit	UNKNOWN STEP	2026-09-12T20:07:57.6602368Z  [32m✓[39m packages/safe-js/src/interp/globals/temporal-plain-year-month-locale.test.ts [2m([22m[2m6 tests[22m[2m)[22m[33m 732[2mms[22m[39m
validate / unit	UNKNOWN STEP	2026-09-12T20:07:57.6604691Z    [33m[2m✓[22m[39m formats private fields and retains a captured locale method through replay [33m 337[2mms[22m[39m
validate / unit	UNKNOWN STEP	2026-09-12T20:07:58.5461663Z  [32m✓[39m packages/safe-js/src/snapshot/imported-promise-property-validation.test.ts [2m([22m[2m4 tests[22m[2m)[22m[32m 13[2mms[22m[39m
validate / unit	UNKNOWN STEP	2026-09-12T20:07:58.9586592Z  [32m✓[39m packages/safe-js/src/snapshot/dynamic-function-self-binding.test.ts [2m([22m[2m9 tests[22m[2m)[22m[33m 1674[2mms[22m[39m
validate / unit	UNKNOWN STEP	2026-09-12T20:07:58.9594539Z    [33m[2m✓[22m[39m restores named function assignment semantics: return function f(){f=1;return typeof f} [33m 440[2mms[22m[39m
validate / unit	UNKNOWN STEP	2026-09-12T20:08:00.7620364Z  [32m✓[39m packages/safe-js/src/interp/globals/promise-function-metadata.test.ts [2m([22m[2m14 tests[22m[2m)[22m[33m 1347[2mms[22m[39m
validate / unit	UNKNOWN STEP	2026-09-12T20:08:00.7622815Z    [33m[2m✓[22m[39m preserves method metadata across pending checkpoints [33m 321[2mms[22m[39m
validate / unit	UNKNOWN STEP	2026-09-12T20:08:01.0245587Z  [32m✓[39m packages/safe-js/src/interp/global-object-lifetime.test.ts [2m([22m[2m7 tests[22m[2m)[22m[33m 1198[2mms[22m[39m
validate / unit	UNKNOWN STEP	2026-09-12T20:08:01.0248686Z    [33m[2m✓[22m[39m retains the runtime global after cleanup and replay: 'Function("return this.marker")' [33m 353[2mms[22m[39m
validate / unit	UNKNOWN STEP	2026-09-12T20:08:02.1316583Z  [32m✓[39m packages/safe-js/src/interp/globals/weak-ref.test.ts [2m([22m[2m6 tests[22m[2m)[22m[33m 522[2mms[22m[39m
validate / unit	UNKNOWN STEP	2026-09-12T20:08:02.6221966Z  [32m✓[39m packages/safe-js/src/interp/globals/intl-datetimeformat-plain-month-day.test.ts [2m([22m[2m5 tests[22m[2m)[22m[33m 762[2mms[22m[39m
validate / unit	UNKNOWN STEP	2026-09-12T20:08:03.9134885Z  [32m✓[39m packages/safe-js/src/interp/has-instance.test.ts [2m([22m[2m14 tests[22m[2m)[22m[33m 851[2mms[22m[39m
validate / unit	UNKNOWN STEP	2026-09-12T20:08:04.2367547Z  [32m✓[39m packages/safe-js/src/interp/globals/temporal-plain-month-day-locale.test.ts [2m([22m[2m6 tests[22m[2m)[22m[33m 757[2mms[22m[39m
validate / unit	UNKNOWN STEP	2026-09-12T20:08:04.2401395Z    [33m[2m✓[22m[39m formats private fields and retains a captured locale method through replay [33m 320[2mms[22m[39m
validate / unit	UNKNOWN STEP	2026-09-12T20:08:05.4102121Z  [32m✓[39m packages/safe-js/src/interp/globals/temporal-zoned-date-time-transition.test.ts [2m([22m[2m4 tests[22m[2m)[22m[33m 642[2mms[22m[39m
validate / unit	UNKNOWN STEP	2026-09-12T20:08:05.9608819Z  [32m✓[39m packages/safe-js/src/host-result-prototype-replay.test.ts [2m([22m[2m2 tests[22m[2m)[22m[33m 631[2mms[22m[39m
validate / unit	UNKNOWN STEP	2026-09-12T20:08:05.9612914Z      [33m[2m✓[22m[39m preserves native String coercion after replaying an ordinary host record [33m 421[2mms[22m[39m
validate / unit	UNKNOWN STEP	2026-09-12T20:08:06.2786972Z  [32m✓[39m packages/safe-js/src/interp/guest-proxy.test.ts [2m([22m[2m18 tests[22m[2m)[22m[32m 13[2mms[22m[39m
validate / unit	UNKNOWN STEP	2026-09-12T20:08:06.8405827Z  [32m✓[39m packages/safe-js/src/snapshot/temporal-instant.test.ts [2m([22m[2m18 tests[22m[2m)[22m[32m 47[2mms[22m[39m
validate / unit	UNKNOWN STEP	2026-09-12T20:08:07.1051952Z  [32m✓[39m packages/safe-js/src/interp/float32-properties.test.ts [2m([22m[2m5 tests[22m[2m)[22m[32m 9[2mms[22m[39m
validate / unit	UNKNOWN STEP	2026-09-12T20:08:08.3055758Z  [32m✓[39m packages/safe-js/src/interp/symbol-registry-accounting.test.ts [2m([22m[2m4 tests[22m[2m)[22m[33m 339[2mms[22m[39m
validate / unit	UNKNOWN STEP	2026-09-12T20:08:08.5998016Z  [32m✓[39m packages/safe-js/src/interp/globals/array-constructor-realm.test.ts [2m([22m[2m12 tests[22m[2m)[22m[33m 912[2mms[22m[39m
validate / unit	UNKNOWN STEP	2026-09-12T20:08:09.8821246Z  [32m✓[39m packages/safe-js/src/interp/globals/temporal-plain-year-month-conversion.test.ts [2m([22m[2m11 tests[22m[2m)[22m[33m 727[2mms[22m[39m
validate / unit	UNKNOWN STEP	2026-09-12T20:08:10.2363316Z  [32m✓[39m packages/safe-js/src/snapshot/async-function-validation.test.ts [2m([22m[2m5 tests[22m[2m)[22m[33m 774[2mms[22m[39m
validate / unit	UNKNOWN STEP	2026-09-12T20:08:12.0468550Z  [32m✓[39m packages/safe-js/src/snapshot/promise-callable-references.test.ts [2m([22m[2m6 tests[22m[2m)[22m[33m 1266[2mms[22m[39m
validate / unit	UNKNOWN STEP	2026-09-12T20:08:12.0471067Z    [33m[2m✓[22m[39m restores an aggregate callback used as a setter [33m 547[2mms[22m[39m
validate / unit	UNKNOWN STEP	2026-09-12T20:08:12.0472441Z    [33m[2m✓[22m[39m restores an aggregate callback used as a getter [33m 369[2mms[22m[39m
validate / unit	UNKNOWN STEP	2026-09-12T20:08:12.0473986Z    [33m[2m✓[22m[39m restores an aggregate callback used as a bound [33m 345[2mms[22m[39m
validate / unit	UNKNOWN STEP	2026-09-12T20:08:12.5386462Z  [32m✓[39m packages/safe-js/src/interp/globals/dynamic-assignment.test.ts [2m([22m[2m26 tests[22m[2m)[22m[33m 1434[2mms[22m[39m
validate / unit	UNKNOWN STEP	2026-09-12T20:08:13.8191240Z  [32m✓[39m packages/safe-js/src/run.reconciliation-cancellation.test.ts [2m([22m[2m2 tests[22m[2m)[22m[33m 666[2mms[22m[39m
validate / unit	UNKNOWN STEP	2026-09-12T20:08:13.8193748Z    [33m[2m✓[22m[39m cancels a public replay before a late fulfilled provider reply [33m 433[2mms[22m[39m
validate / unit	UNKNOWN STEP	2026-09-12T20:08:14.3945560Z  [32m✓[39m packages/safe-js/src/run.pending-imported-promise-cancellation.test.ts [2m([22m[2m2 tests[22m[2m)[22m[33m 721[2mms[22m[39m
validate / unit	UNKNOWN STEP	2026-09-12T20:08:14.3946776Z    [33m[2m✓[22m[39m cancels pending imported-Promise reconciliation before a late fulfilled proof [33m 465[2mms[22m[39m
validate / unit	UNKNOWN STEP	2026-09-12T20:08:15.4459299Z  [32m✓[39m packages/safe-js/src/interp/globals/iterator-to-array-realm.test.ts [2m([22m[2m5 tests[22m[2m)[22m[33m 716[2mms[22m[39m
validate / unit	UNKNOWN STEP	2026-09-12T20:08:15.8175297Z  [32m✓[39m packages/safe-js/src/snapshot/guest-generator-logical-references.test.ts [2m([22m[2m18 tests[22m[2m)[22m[33m 566[2mms[22m[39m
validate / unit	UNKNOWN STEP	2026-09-12T20:08:18.4793159Z  [32m✓[39m packages/safe-js/src/interp/float32-iterator-resize.test.ts [2m([22m[2m9 tests[22m[2m)[22m[33m 1809[2mms[22m[39m
validate / unit	UNKNOWN STEP	2026-09-12T20:08:18.4795812Z    [33m[2m✓[22m[39m restores a temporarily out-of-bounds keys cursor [33m 582[2mms[22m[39m
validate / unit	UNKNOWN STEP	2026-09-12T20:08:18.4797917Z    [33m[2m✓[22m[39m restores a temporarily out-of-bounds values cursor [33m 436[2mms[22m[39m
validate / unit	UNKNOWN STEP	2026-09-12T20:08:18.4800095Z    [33m[2m✓[22m[39m restores a temporarily out-of-bounds entries cursor [33m 321[2mms[22m[39m
validate / unit	UNKNOWN STEP	2026-09-12T20:08:18.4882755Z  [32m✓[39m packages/safe-js/src/interp/methods/string-replacer-result.test.ts [2m([22m[2m40 tests[22m[2m)[22m[33m 2088[2mms[22m[39m
validate / unit	UNKNOWN STEP	2026-09-12T20:08:20.3437088Z  [32m✓[39m packages/safe-js/src/interp/globals/regex-as-prototype.test.ts [2m([22m[2m7 tests[22m[2m)[22m[33m 1009[2mms[22m[39m
validate / unit	UNKNOWN STEP	2026-09-12T20:08:20.3439303Z    [33m[2m✓[22m[39m restores regex prototype graphs from pending checkpoints [33m 339[2mms[22m[39m
validate / unit	UNKNOWN STEP	2026-09-12T20:08:20.3459012Z  [32m✓[39m packages/safe-js/src/interp/globals/temporal-plain-year-month-arithmetic.test.ts [2m([22m[2m12 tests[22m[2m)[22m[33m 1014[2mms[22m[39m
validate / unit	UNKNOWN STEP	2026-09-12T20:08:21.4032285Z  [32m✓[39m packages/safe-js/src/interp/function-realm.test.ts [2m([22m[2m5 tests[22m[2m)[22m[32m 249[2mms[22m[39m
validate / unit	UNKNOWN STEP	2026-09-12T20:08:22.0798582Z  [32m✓[39m packages/safe-js/src/interp/object-extensibility.test.ts [2m([22m[2m14 tests[22m[2m)[22m[33m 875[2mms[22m[39m
validate / unit	UNKNOWN STEP	2026-09-12T20:08:22.5381165Z  [32m✓[39m packages/safe-js/src/interp/guest-proxy-in-expression.test.ts [2m([22m[2m5 tests[22m[2m)[22m[32m 278[2mms[22m[39m
validate / unit	UNKNOWN STEP	2026-09-12T20:08:23.9100193Z  [32m✓[39m packages/safe-js/src/interp/typed-array-clone-bounds.test.ts [2m([22m[2m14 tests[22m[2m)[22m[33m 980[2mms[22m[39m
validate / unit	UNKNOWN STEP	2026-09-12T20:08:25.2462134Z  [32m✓[39m packages/safe-js/src/run.host-promise-data-properties.test.ts [2m([22m[2m4 tests[22m[2m)[22m[33m 1600[2mms[22m[39m
validate / unit	UNKNOWN STEP	2026-09-12T20:08:25.2464643Z    [33m[2m✓[22m[39m replays new host Promise data properties (async: false) [33m 649[2mms[22m[39m
validate / unit	UNKNOWN STEP	2026-09-12T20:08:25.2491141Z    [33m[2m✓[22m[39m replays new host Promise data properties (async: true) [33m 361[2mms[22m[39m
validate / unit	UNKNOWN STEP	2026-09-12T20:08:25.2521300Z    [33m[2m✓[22m[39m replays original host Promise properties rather than later guest mutations [33m 352[2mms[22m[39m
validate / unit	UNKNOWN STEP	2026-09-12T20:08:25.7228206Z  [32m✓[39m packages/safe-js/src/interp/concat-spreadable.test.ts [2m([22m[2m13 tests[22m[2m)[22m[33m 850[2mms[22m[39m
validate / unit	UNKNOWN STEP	2026-09-12T20:08:27.5770495Z  [32m✓[39m packages/safe-js/src/interp/globals/string-trim-aliases.test.ts [2m([22m[2m9 tests[22m[2m)[22m[33m 942[2mms[22m[39m
validate / unit	UNKNOWN STEP	2026-09-12T20:08:27.5772668Z    [33m[2m✓[22m[39m preserves alias identity and shared function mutations through a snapshot [33m 334[2mms[22m[39m
validate / unit	UNKNOWN STEP	2026-09-12T20:08:28.1813627Z  [32m✓[39m packages/safe-js/src/interp/globals/array-typed-result-coercion.test.ts [2m([22m[2m30 tests[22m[2m)[22m[33m 2012[2mms[22m[39m
validate / unit	UNKNOWN STEP	2026-09-12T20:08:29.2490442Z  [32m✓[39m packages/safe-js/src/interp/globals/temporal-plain-date-with-calendar.test.ts [2m([22m[2m5 tests[22m[2m)[22m[33m 753[2mms[22m[39m
validate / unit	UNKNOWN STEP	2026-09-12T20:08:29.5436283Z  [32m✓[39m packages/safe-js/src/interp/temporal-plain-month-day-host.test.ts [2m([22m[2m4 tests[22m[2m)[22m[33m 440[2mms[22m[39m
validate / unit	UNKNOWN STEP	2026-09-12T20:08:29.5437795Z    [33m[2m✓[22m[39m replays host month-day results without repeating the host call [33m 367[2mms[22m[39m
validate / unit	UNKNOWN STEP	2026-09-12T20:08:30.1623335Z  [32m✓[39m packages/safe-js/src/snapshot/temporal-zoned-date-time-replay.test.ts [2m([22m[2m13 tests[22m[2m)[22m[32m 25[2mms[22m[39m
validate / unit	UNKNOWN STEP	2026-09-12T20:08:31.4110874Z  [32m✓[39m packages/safe-js/src/interp/globals/descriptor-creation-realm.test.ts [2m([22m[2m7 tests[22m[2m)[22m[33m 977[2mms[22m[39m
validate / unit	UNKNOWN STEP	2026-09-12T20:08:32.1136195Z  [32m✓[39m packages/safe-js/src/interp/guest-proxy-array-species.test.ts [2m([22m[2m15 tests[22m[2m)[22m[33m 1104[2mms[22m[39m
validate / unit	UNKNOWN STEP	2026-09-12T20:08:32.2731631Z  [32m✓[39m packages/safe-js/src/interp/methods/regex.test.ts [2m([22m[2m4 tests[22m[2m)[22m[32m 14[2mms[22m[39m
validate / unit	UNKNOWN STEP	2026-09-12T20:08:33.7368814Z  [32m✓[39m packages/safe-js/src/interp/host-imported-promise-validation.test.ts [2m([22m[2m5 tests[22m[2m)[22m[33m 574[2mms[22m[39m
validate / unit	UNKNOWN STEP	2026-09-12T20:08:33.7778930Z  [32m✓[39m packages/safe-js/src/interp/globals/promise-any-descriptors.test.ts [2m([22m[2m4 tests[22m[2m)[22m[33m 659[2mms[22m[39m
validate / unit	UNKNOWN STEP	2026-09-12T20:08:33.7781114Z    [33m[2m✓[22m[39m preserves Promise.any error descriptors through public replay [33m 353[2mms[22m[39m
validate / unit	UNKNOWN STEP	2026-09-12T20:08:34.5959502Z  [32m✓[39m packages/safe-js/src/interp/await-allocation-budget.test.ts [2m([22m[2m13 tests[22m[2m)[22m[32m 23[2mms[22m[39m
validate / unit	UNKNOWN STEP	2026-09-12T20:08:34.7837921Z  [32m✓[39m packages/safe-js/src/platform/workerd.test.ts [2m([22m[2m4 tests[22m[2m)[22m[32m 8[2mms[22m[39m
validate / unit	UNKNOWN STEP	2026-09-12T20:08:34.7895311Z  [32m✓[39m packages/safe-js/src/interp/construction-state.test.ts [2m([22m[2m2 tests[22m[2m)[22m[32m 200[2mms[22m[39m
validate / unit	UNKNOWN STEP	2026-09-12T20:08:35.5960980Z  [32m✓[39m packages/safe-js/src/interp/empty-retained-values.test.ts [2m([22m[2m4 tests[22m[2m)[22m[32m 9[2mms[22m[39m
validate / unit	UNKNOWN STEP	2026-09-12T20:08:36.2081463Z  [32m✓[39m packages/safe-js/src/interp/globals/promise-finally-own-then.test.ts [2m([22m[2m8 tests[22m[2m)[22m[33m 609[2mms[22m[39m
validate / unit	UNKNOWN STEP	2026-09-12T20:08:37.7755162Z  [32m✓[39m packages/safe-js/src/interp/globals/temporal-zoned-date-time-with-time-zone.test.ts [2m([22m[2m4 tests[22m[2m)[22m[33m 680[2mms[22m[39m
validate / unit	UNKNOWN STEP	2026-09-12T20:08:37.9232617Z  [32m✓[39m packages/safe-js/src/interp/globals/collection-subclass-prototypes.test.ts [2m([22m[2m12 tests[22m[2m)[22m[33m 1472[2mms[22m[39m
validate / unit	UNKNOWN STEP	2026-09-12T20:08:37.9234581Z    [33m[2m✓[22m[39m restores 'Map' subclasses from 'pending' checkpoints [33m 342[2mms[22m[39m
validate / unit	UNKNOWN STEP	2026-09-12T20:08:38.6102387Z  [32m✓[39m packages/safe-js/src/interp/host-promise-settlement-identity.test.ts [2m([22m[2m4 tests[22m[2m)[22m[32m 18[2mms[22m[39m
validate / unit	UNKNOWN STEP	2026-09-12T20:08:39.5227365Z  [32m✓[39m packages/safe-js/src/interp/guest-proxy-bind.test.ts [2m([22m[2m10 tests[22m[2m)[22m[33m 754[2mms[22m[39m
validate / unit	UNKNOWN STEP	2026-09-12T20:08:40.1726447Z  [32m✓[39m packages/safe-js/src/interp/globals/temporal-plain-year-month-difference.test.ts [2m([22m[2m9 tests[22m[2m)[22m[33m 676[2mms[22m[39m
validate / unit	UNKNOWN STEP	2026-09-12T20:08:41.9927545Z  [32m✓[39m packages/safe-js/src/interp/optional-chain-short-circuit.test.ts [2m([22m[2m24 tests[22m[2m)[22m[33m 1581[2mms[22m[39m
validate / unit	UNKNOWN STEP	2026-09-12T20:08:42.2696588Z  [32m✓[39m packages/safe-js/src/snapshot/guest-generator-do-while.test.ts [2m([22m[2m36 tests[22m[2m)[22m[33m 1261[2mms[22m[39m
validate / unit	UNKNOWN STEP	2026-09-12T20:08:43.7810281Z  [32m✓[39m packages/safe-js/src/interp/globals/disposal-symbols.test.ts [2m([22m[2m7 tests[22m[2m)[22m[33m 914[2mms[22m[39m
validate / unit	UNKNOWN STEP	2026-09-12T20:08:43.7812203Z    [33m[2m✓[22m[39m restores escaped Symbol.dispose keys through JSON snapshots [33m 306[2mms[22m[39m
validate / unit	UNKNOWN STEP	2026-09-12T20:08:44.2157869Z  [32m✓[39m packages/safe-js/src/snapshot/eval-catch-conflicts.test.ts [2m([22m[2m3 tests[22m[2m)[22m[33m 1057[2mms[22m[39m
validate / unit	UNKNOWN STEP	2026-09-12T20:08:44.2162498Z    [33m[2m✓[22m[39m preserves eval catch conflicts after generator restoration: 'e' [33m 548[2mms[22m[39m
validate / unit	UNKNOWN STEP	2026-09-12T20:08:45.4204698Z  [32m✓[39m packages/safe-js/src/interp/globals/intl-datetimeformat-plain-date-time.test.ts [2m([22m[2m4 tests[22m[2m)[22m[33m 758[2mms[22m[39m
validate / unit	UNKNOWN STEP	2026-09-12T20:08:45.4206903Z    [33m[2m✓[22m[39m preserves requested default components through cached formatter replay [33m 362[2mms[22m[39m
validate / unit	UNKNOWN STEP	2026-09-12T20:08:46.4563707Z  [32m✓[39m packages/safe-js/src/interp/globals/standard-error-constructors.test.ts [2m([22m[2m14 tests[22m[2m)[22m[33m 1358[2mms[22m[39m
validate / unit	UNKNOWN STEP	2026-09-12T20:08:46.5981673Z    [33m[2m✓[22m[39m preserves 'URIError' references and brands in 'pending' checkpoints [33m 314[2mms[22m[39m
validate / unit	UNKNOWN STEP	2026-09-12T20:08:46.5983537Z  [32m✓[39m packages/safe-js/src/interp/globals/weak-ref-budget.test.ts [2m([22m[2m4 tests[22m[2m)[22m[33m 303[2mms[22m[39m
validate / unit	UNKNOWN STEP	2026-09-12T20:08:48.0163208Z  [32m✓[39m packages/safe-js/src/interp/globals/object-from-entries-realm.test.ts [2m([22m[2m5 tests[22m[2m)[22m[33m 556[2mms[22m[39m
validate / unit	UNKNOWN STEP	2026-09-12T20:08:48.0342385Z  [32m✓[39m packages/safe-js/src/interp/globals/temporal-plain-date-time-with-calendar.test.ts [2m([22m[2m5 tests[22m[2m)[22m[33m 713[2mms[22m[39m
validate / unit	UNKNOWN STEP	2026-09-12T20:08:48.2797379Z  [32m✓[39m packages/safe-js/src/parse/classes.test.ts [2m([22m[2m37 tests[22m[2m)[22m[32m 44[2mms[22m[39m
validate / unit	UNKNOWN STEP	2026-09-12T20:08:49.7009192Z  [32m✓[39m packages/safe-js/src/interp/methods/string-deleted-hooks.test.ts [2m([22m[2m11 tests[22m[2m)[22m[33m 820[2mms[22m[39m
validate / unit	UNKNOWN STEP	2026-09-12T20:08:49.8972890Z  [32m✓[39m packages/safe-js/test/conformance/worker.test.ts [2m([22m[2m7 tests[22m[2m)[22m[32m 8[2mms[22m[39m
validate / unit	UNKNOWN STEP	2026-09-12T20:08:50.7728771Z  [32m✓[39m packages/safe-js/src/interp/globals/iterator-sdk-consumers-proxy.test.ts [2m([22m[2m28 tests[22m[2m)[22m[33m 1667[2mms[22m[39m
validate / unit	UNKNOWN STEP	2026-09-12T20:08:51.9886478Z  [32m✓[39m packages/safe-js/src/interp/globals/string-normalize-coercion.test.ts [2m([22m[2m13 tests[22m[2m)[22m[33m 1270[2mms[22m[39m
validate / unit	UNKNOWN STEP	2026-09-12T20:08:52.3859222Z  [32m✓[39m packages/safe-js/src/interp/globals/temporal-plain-date-time-to-zoned.test.ts [2m([22m[2m3 tests[22m[2m)[22m[33m 724[2mms[22m[39m
validate / unit	UNKNOWN STEP	2026-09-12T20:08:52.3861584Z    [33m[2m✓[22m[39m preserves private time/calendar and captures the zoned prototype across replay [33m 387[2mms[22m[39m
validate / unit	UNKNOWN STEP	2026-09-12T20:08:53.5025918Z  [32m✓[39m packages/safe-js/src/interp/globals/object-assign-symbol-keys.test.ts [2m([22m[2m9 tests[22m[2m)[22m[33m 589[2mms[22m[39m
validate / unit	UNKNOWN STEP	2026-09-12T20:08:53.9699186Z  [32m✓[39m packages/safe-js/src/interp/globals/typed-array-constructor-prototype-lifetime.test.ts [2m([22m[2m12 tests[22m[2m)[22m[33m 715[2mms[22m[39m
validate / unit	UNKNOWN STEP	2026-09-12T20:08:55.1402267Z  [32m✓[39m packages/safe-js/src/interp/globals/temporal-plain-date-time-compare.test.ts [2m([22m[2m8 tests[22m[2m)[22m[33m 756[2mms[22m[39m
validate / unit	UNKNOWN STEP	2026-09-12T20:08:55.1404540Z    [33m[2m✓[22m[39m retains captured comparison and equality methods through replay [33m 311[2mms[22m[39m
validate / unit	UNKNOWN STEP	2026-09-12T20:08:55.5253519Z  [32m✓[39m packages/safe-js/src/interp/globals/iterator-sdk-dispose.test.ts [2m([22m[2m11 tests[22m[2m)[22m[33m 720[2mms[22m[39m
validate / unit	UNKNOWN STEP	2026-09-12T20:08:57.5212282Z  [32m✓[39m packages/safe-js/src/interp/globals/json-namespace.test.ts [2m([22m[2m10 tests[22m[2m)[22m[33m 1163[2mms[22m[39m
validate / unit	UNKNOWN STEP	2026-09-12T20:08:57.5214190Z    [33m[2m✓[22m[39m preserves JSON namespace descriptors in pending checkpoints [33m 434[2mms[22m[39m
validate / unit	UNKNOWN STEP	2026-09-12T20:08:58.7630887Z  [32m✓[39m packages/safe-js/src/interp/guest-proxy-with.test.ts [2m([22m[2m7 tests[22m[2m)[22m[33m 452[2mms[22m[39m
validate / unit	UNKNOWN STEP	2026-09-12T20:09:00.1571235Z  [32m✓[39m packages/safe-js/src/interp/globals/temporal-instant-zoned.test.ts [2m([22m[2m4 tests[22m[2m)[22m[33m 570[2mms[22m[39m
validate / unit	UNKNOWN STEP	2026-09-12T20:09:00.9944955Z  [32m✓[39m packages/safe-js/src/interp/intl-duration-options.test.ts [2m([22m[2m21 tests[22m[2m)[22m[32m 16[2mms[22m[39m
validate / unit	UNKNOWN STEP	2026-09-12T20:09:02.4785678Z  [32m✓[39m packages/safe-js/src/interp/string-coercion-retention.test.ts [2m([22m[2m7 tests[22m[2m)[22m[33m 613[2mms[22m[39m
validate / unit	UNKNOWN STEP	2026-09-12T20:09:03.2640809Z  [32m✓[39m packages/safe-js/src/interp/promise-replay-import-header.test.ts [2m([22m[2m13 tests[22m[2m)[22m[32m 13[2mms[22m[39m
validate / unit	UNKNOWN STEP	2026-09-12T20:09:05.1658269Z  [32m✓[39m packages/safe-js/src/interp/optional-chain-async.test.ts [2m([22m[2m16 tests[22m[2m)[22m[33m 1083[2mms[22m[39m
validate / unit	UNKNOWN STEP	2026-09-12T20:09:06.1840795Z  [32m✓[39m packages/safe-js/src/realm-owned-job-error.test.ts [2m([22m[2m4 tests[22m[2m)[22m[32m 230[2mms[22m[39m
validate / unit	UNKNOWN STEP	2026-09-12T20:09:07.7880580Z  [32m✓[39m packages/safe-js/src/interp/globals/bigint-json.test.ts [2m([22m[2m10 tests[22m[2m)[22m[33m 817[2mms[22m[39m
validate / unit	UNKNOWN STEP	2026-09-12T20:09:07.7882916Z    [33m[2m✓[22m[39m preserves converted BigInt JSON across checkpoint replay [33m 369[2mms[22m[39m
validate / unit	UNKNOWN STEP	2026-09-12T20:09:09.3012922Z  [32m✓[39m packages/safe-js/src/interp/globals/typed-array-sdk-input-proxy.test.ts [2m([22m[2m10 tests[22m[2m)[22m[33m 691[2mms[22m[39m
validate / unit	UNKNOWN STEP	2026-09-12T20:09:10.0897036Z  [32m✓[39m packages/safe-js/src/interp/symbol-resources.test.ts [2m([22m[2m7 tests[22m[2m)[22m[32m 10[2mms[22m[39m
validate / unit	UNKNOWN STEP	2026-09-12T20:09:11.3693802Z  [32m✓[39m packages/safe-js/src/interp/globals/proxy-global.test.ts [2m([22m[2m9 tests[22m[2m)[22m[33m 501[2mms[22m[39m
validate / unit	UNKNOWN STEP	2026-09-12T20:09:12.8730994Z  [32m✓[39m packages/safe-js/src/interp/globals/promise-proxy-property-read.test.ts [2m([22m[2m10 tests[22m[2m)[22m[33m 723[2mms[22m[39m
validate / unit	UNKNOWN STEP	2026-09-12T20:09:13.6658728Z  [32m✓[39m packages/safe-js/src/interp/intrinsic-state-detection.test.ts [2m([22m[2m8 tests[22m[2m)[22m[32m 9[2mms[22m[39m
validate / unit	UNKNOWN STEP	2026-09-12T20:09:15.5583711Z  [32m✓[39m packages/safe-js/src/interp/for-head-lexical-scope.test.ts [2m([22m[2m21 tests[22m[2m)[22m[33m 1108[2mms[22m[39m
validate / unit	UNKNOWN STEP	2026-09-12T20:09:17.4765720Z  [32m✓[39m packages/safe-js/src/interp/tracked-intrinsic-prototypes.test.ts [2m([22m[2m34 tests[22m[2m)[22m[33m 1151[2mms[22m[39m
validate / unit	UNKNOWN STEP	2026-09-12T20:09:18.2825358Z  [32m✓[39m packages/safe-js/src/interp/structured-clone-host-instant.test.ts [2m([22m[2m14 tests[22m[2m | [22m[33m7 skipped[39m[2m)[22m[32m 12[2mms[22m[39m
validate / unit	UNKNOWN STEP	2026-09-12T20:09:19.9287965Z  [32m✓[39m packages/safe-js/src/interp/methods/string-match-flags.test.ts [2m([22m[2m15 tests[22m[2m)[22m[33m 832[2mms[22m[39m
validate / unit	UNKNOWN STEP	2026-09-12T20:09:20.8079516Z  [32m✓[39m packages/safe-js/src/snapshot/guest-heap.test.ts [2m([22m[2m4 tests[22m[2m)[22m[32m 97[2mms[22m[39m
validate / unit	UNKNOWN STEP	2026-09-12T20:09:21.6865416Z  [32m✓[39m packages/safe-js/src/snapshot/assignment-reference-validation.test.ts [2m([22m[2m6 tests[22m[2m)[22m[32m 74[2mms[22m[39m
validate / unit	UNKNOWN STEP	2026-09-12T20:09:23.8449911Z  [32m✓[39m packages/safe-js/src/parse/template-line-normalization.test.ts [2m([22m[2m20 tests[22m[2m)[22m[33m 1354[2mms[22m[39m
validate / unit	UNKNOWN STEP	2026-09-12T20:09:25.5887717Z  [32m✓[39m packages/safe-js/src/interp/pattern-rest-realm.test.ts [2m([22m[2m10 tests[22m[2m)[22m[33m 915[2mms[22m[39m
validate / unit	UNKNOWN STEP	2026-09-12T20:09:25.7664727Z  [32m✓[39m packages/safe-js/src/error/shape.test.ts [2m([22m[2m3 tests[22m[2m)[22m[32m 6[2mms[22m[39m
validate / unit	UNKNOWN STEP	2026-09-12T20:09:27.4667045Z  [32m✓[39m packages/safe-js/src/interp/guest-proxy-inherited-tag.test.ts [2m([22m[2m16 tests[22m[2m)[22m[33m 911[2mms[22m[39m
validate / unit	UNKNOWN STEP	2026-09-12T20:09:27.7696181Z  [32m✓[39m packages/safe-js/src/interp/float32-camera.test.ts [2m([22m[2m11 tests[22m[2m)[22m[33m 31767[2mms[22m[39m
validate / unit	UNKNOWN STEP	2026-09-12T20:09:27.7698453Z      [33m[2m✓[22m[39m matches the complete native and recorded batch trace for inverse-coordinate-transforms:camera-axis-frustum-typed:samples-0-1 [33m 4324[2mms[22m[39m
validate / unit	UNKNOWN STEP	2026-09-12T20:09:27.7701358Z      [33m[2m✓[22m[39m matches the complete native and recorded batch trace for inverse-coordinate-transforms:camera-axis-frustum-typed:samples-2-3 [33m 4132[2mms[22m[39m
validate / unit	UNKNOWN STEP	2026-09-12T20:09:27.7703910Z      [33m[2m✓[22m[39m matches the complete native and recorded batch trace for inverse-coordinate-transforms:camera-axis-frustum-typed:samples-4-5 [33m 3928[2mms[22m[39m
validate / unit	UNKNOWN STEP	2026-09-12T20:09:27.7706929Z      [33m[2m✓[22m[39m matches the complete native and recorded batch trace for inverse-coordinate-transforms:camera-oblique-frame-typed:samples-0-1 [33m 4045[2mms[22m[39m
validate / unit	UNKNOWN STEP	2026-09-12T20:09:27.7709500Z      [33m[2m✓[22m[39m matches the complete native and recorded batch trace for inverse-coordinate-transforms:camera-oblique-frame-typed:samples-2-3 [33m 4049[2mms[22m[39m
validate / unit	UNKNOWN STEP	2026-09-12T20:09:27.7712347Z      [33m[2m✓[22m[39m matches the complete native and recorded batch trace for inverse-coordinate-transforms:camera-oblique-frame-typed:samples-4-4 [33m 2888[2mms[22m[39m
validate / unit	UNKNOWN STEP	2026-09-12T20:09:27.7714880Z      [33m[2m✓[22m[39m matches the complete native and recorded batch trace for inverse-coordinate-transforms:camera-offset-handoff-typed:samples-0-1 [33m 4095[2mms[22m[39m
validate / unit	UNKNOWN STEP	2026-09-12T20:09:27.7717648Z      [33m[2m✓[22m[39m matches the complete native and recorded batch trace for inverse-coordinate-transforms:camera-offset-handoff-typed:samples-2-3 [33m 4295[2mms[22m[39m
validate / unit	UNKNOWN STEP	2026-09-12T20:09:28.0037068Z  [32m✓[39m packages/safe-js/src/lint/rules/AS-export-import-meta.test.ts [2m([22m[2m6 tests[22m[2m)[22m[32m 15[2mms[22m[39m
validate / unit	UNKNOWN STEP	2026-09-12T20:09:28.3061516Z  [32m✓[39m packages/safe-js/src/interp/intrinsic-realm-identity.test.ts [2m([22m[2m5 tests[22m[2m)[22m[32m 7[2mms[22m[39m
validate / unit	UNKNOWN STEP	2026-09-12T20:09:28.8445428Z  [32m✓[39m packages/safe-js/src/snapshot/pending-imported-promise-validation.test.ts [2m([22m[2m5 tests[22m[2m)[22m[32m 14[2mms[22m[39m
validate / unit	UNKNOWN STEP	2026-09-12T20:09:29.6061972Z  [32m✓[39m packages/safe-js/src/parse/bindings.test.ts [2m([22m[2m20 tests[22m[2m)[22m[33m 468[2mms[22m[39m
validate / unit	UNKNOWN STEP	2026-09-12T20:09:29.6807177Z  [32m✓[39m packages/safe-js/src/interp/prototype-realm-free.test.ts [2m([22m[2m5 tests[22m[2m)[22m[32m 8[2mms[22m[39m
validate / unit	UNKNOWN STEP	2026-09-12T20:09:30.9043479Z  [32m✓[39m packages/safe-js/src/snapshot/bound-constructor-new-target.test.ts [2m([22m[2m2 tests[22m[2m)[22m[33m 345[2mms[22m[39m
validate / unit	UNKNOWN STEP	2026-09-12T20:09:31.0202279Z  [32m✓[39m packages/safe-js/src/interp/object-literal-realm.test.ts [2m([22m[2m6 tests[22m[2m)[22m[33m 578[2mms[22m[39m
validate / unit	UNKNOWN STEP	2026-09-12T20:09:32.1551925Z  [32m✓[39m packages/safe-js/src/interp/globals/temporal-zoned-date-time-comparison.test.ts [2m([22m[2m4 tests[22m[2m)[22m[33m 427[2mms[22m[39m
validate / unit	UNKNOWN STEP	2026-09-12T20:09:32.3811148Z  [32m✓[39m packages/safe-js/src/lint/rules/AS-unbounded-loop.test.ts [2m([22m[2m13 tests[22m[2m)[22m[32m 21[2mms[22m[39m
validate / unit	UNKNOWN STEP	2026-09-12T20:09:32.5778458Z  [32m✓[39m packages/safe-js/src/interp/globals/temporal-zoned-date-time-locale.test.ts [2m([22m[2m4 tests[22m[2m)[22m[33m 683[2mms[22m[39m
validate / unit	UNKNOWN STEP	2026-09-12T20:09:32.5793309Z    [33m[2m✓[22m[39m brands before locale reads and retains method identity across replay [33m 355[2mms[22m[39m
validate / unit	UNKNOWN STEP	2026-09-12T20:09:32.8178269Z  [32m✓[39m packages/safe-js/test/conformance/discover.test.ts [2m([22m[2m8 tests[22m[2m)[22m[32m 19[2mms[22m[39m
validate / unit	UNKNOWN STEP	2026-09-12T20:09:33.0117019Z  [32m✓[39m packages/safe-js/src/interp/regex/parse.test.ts [2m([22m[2m18 tests[22m[2m)[22m[32m 16[2mms[22m[39m
validate / unit	UNKNOWN STEP	2026-09-12T20:09:33.8380234Z  [32m✓[39m packages/safe-js/src/interp/globals/promise-method-constructor.test.ts [2m([22m[2m8 tests[22m[2m)[22m[33m 560[2mms[22m[39m
validate / unit	UNKNOWN STEP	2026-09-12T20:09:34.8759558Z  [32m✓[39m packages/safe-js/src/parse/for-initializer-no-in.test.ts [2m([22m[2m32 tests[22m[2m)[22m[32m 175[2mms[22m[39m
validate / unit	UNKNOWN STEP	2026-09-12T20:09:35.0232115Z  [32m✓[39m packages/safe-js/src/snapshot/eval-class-arguments.test.ts [2m([22m[2m4 tests[22m[2m)[22m[33m 1106[2mms[22m[39m
validate / unit	UNKNOWN STEP	2026-09-12T20:09:35.0234969Z    [33m[2m✓[22m[39m restores class-initializer eval context: class C{f=()=>{try{return eval("arguments")}catch(e){return e.name}}}return new C().f [33m 407[2mms[22m[39m
validate / unit	UNKNOWN STEP	2026-09-12T20:09:36.5527287Z  [32m✓[39m packages/safe-js/src/interp/globals/temporal-plain-date-to-zoned.test.ts [2m([22m[2m4 tests[22m[2m)[22m[33m 673[2mms[22m[39m
validate / unit	UNKNOWN STEP	2026-09-12T20:09:36.5529960Z    [33m[2m✓[22m[39m uses owned zone slots and captured result prototype through replay [33m 372[2mms[22m[39m
validate / unit	UNKNOWN STEP	2026-09-12T20:09:38.0121888Z  [32m✓[39m packages/safe-js/src/snapshot/bigint.test.ts [2m([22m[2m21 tests[22m[2m)[22m[33m 594[2mms[22m[39m
validate / unit	UNKNOWN STEP	2026-09-12T20:09:38.0149177Z    [33m[2m✓[22m[39m preserves exact BigInt bindings and literals across checkpoint transport [33m 359[2mms[22m[39m
validate / unit	UNKNOWN STEP	2026-09-12T20:09:38.2299423Z  [32m✓[39m packages/safe-js/src/run.host-promise-property-aliases.test.ts [2m([22m[2m6 tests[22m[2m)[22m[33m 2290[2mms[22m[39m
validate / unit	UNKNOWN STEP	2026-09-12T20:09:38.2301732Z    [33m[2m✓[22m[39m preserves aliases between Promise properties and their host outcome {"asynchronous":false,"promiseFirst":false} [33m 705[2mms[22m[39m
validate / unit	UNKNOWN STEP	2026-09-12T20:09:38.2304386Z    [33m[2m✓[22m[39m preserves aliases between Promise properties and their host outcome {"asynchronous":false,"promiseFirst":true} [33m 348[2mms[22m[39m
validate / unit	UNKNOWN STEP	2026-09-12T20:09:38.2305683Z    [33m[2m✓[22m[39m preserves aliases between Promise properties and their host outcome {"asynchronous":true,"promiseFirst":false} [33m 320[2mms[22m[39m
validate / unit	UNKNOWN STEP	2026-09-12T20:09:38.2306899Z    [33m[2m✓[22m[39m preserves aliases between Promise properties and their host outcome {"asynchronous":true,"promiseFirst":true} [33m 329[2mms[22m[39m
validate / unit	UNKNOWN STEP	2026-09-12T20:09:38.2308273Z    [33m[2m✓[22m[39m preserves property aliases in an imported input settlement (promise first: false) [33m 315[2mms[22m[39m
validate / unit	UNKNOWN STEP	2026-09-12T20:09:38.8579189Z  [32m✓[39m packages/safe-js/src/interp/reconcile-empty-tickets.test.ts [2m([22m[2m4 tests[22m[2m)[22m[32m 12[2mms[22m[39m
validate / unit	UNKNOWN STEP	2026-09-12T20:09:39.6913285Z  [2m[90m↓[39m[22m packages/safe-js/src/interp/temporal-instant-native.test.ts [2m([22m[2m4 tests[22m[2m | [22m[33m4 skipped[39m[2m)[22m
validate / unit	UNKNOWN STEP	2026-09-12T20:09:39.9850281Z  [32m✓[39m packages/safe-js/src/interp/entry-pair-creation-realm.test.ts [2m([22m[2m6 tests[22m[2m)[22m[33m 896[2mms[22m[39m
validate / unit	UNKNOWN STEP	2026-09-12T20:09:40.8534394Z  [32m✓[39m packages/safe-js/src/interp/guest-proxy-array-identity.test.ts [2m([22m[2m6 tests[22m[2m)[22m[32m 287[2mms[22m[39m
validate / unit	UNKNOWN STEP	2026-09-12T20:09:42.1157363Z  [32m✓[39m packages/safe-js/src/interp/globals/typed-array-sdk-result-prototype.test.ts [2m([22m[2m23 tests[22m[2m)[22m[33m 1280[2mms[22m[39m
validate / unit	UNKNOWN STEP	2026-09-12T20:09:42.7181456Z  [32m✓[39m packages/safe-js/src/snapshot/promise-aggregate-callbacks.test.ts [2m([22m[2m2 tests[22m[2m)[22m[33m 982[2mms[22m[39m
validate / unit	UNKNOWN STEP	2026-09-12T20:09:42.7183700Z    [33m[2m✓[22m[39m restores escaped aggregate callbacks with partial results and shared called flags (properties: false) [33m 583[2mms[22m[39m
validate / unit	UNKNOWN STEP	2026-09-12T20:09:42.7185844Z    [33m[2m✓[22m[39m restores escaped aggregate callbacks with partial results and shared called flags (properties: true) [33m 397[2mms[22m[39m
validate / unit	UNKNOWN STEP	2026-09-12T20:09:42.9865162Z  [32m✓[39m packages/safe-js/src/interp/structured-clone-weak-graph.test.ts [2m([22m[2m5 tests[22m[2m)[22m[32m 11[2mms[22m[39m
validate / unit	UNKNOWN STEP	2026-09-12T20:09:43.8212264Z  [32m✓[39m packages/safe-js/src/interp/pending-proof-encoding-rollback.test.ts [2m([22m[2m2 tests[22m[2m)[22m[32m 29[2mms[22m[39m
validate / unit	UNKNOWN STEP	2026-09-12T20:09:44.3854069Z  [32m✓[39m packages/safe-js/src/interp/globals/temporal-plain-time-json.test.ts [2m([22m[2m8 tests[22m[2m)[22m[33m 821[2mms[22m[39m
validate / unit	UNKNOWN STEP	2026-09-12T20:09:45.2603931Z  [32m✓[39m packages/safe-js/src/interp/globals/temporal-zoned-date-time-start-of-day.test.ts [2m([22m[2m4 tests[22m[2m)[22m[33m 576[2mms[22m[39m
validate / unit	UNKNOWN STEP	2026-09-12T20:09:45.7585407Z  [32m✓[39m packages/safe-js/src/interp/globals/atomics-pause.test.ts [2m([22m[2m4 tests[22m[2m)[22m[33m 524[2mms[22m[39m
validate / unit	UNKNOWN STEP	2026-09-12T20:09:47.1498470Z  [32m✓[39m packages/safe-js/src/interp/function-source-semantics.test.ts [2m([22m[2m5 tests[22m[2m)[22m[33m 517[2mms[22m[39m
validate / unit	UNKNOWN STEP	2026-09-12T20:09:48.0957864Z  [32m✓[39m packages/safe-js/src/snapshot/imported-promise-depth.test.ts [2m([22m[2m3 tests[22m[2m)[22m[32m 140[2mms[22m[39m
validate / unit	UNKNOWN STEP	2026-09-12T20:09:48.9706946Z  [32m✓[39m packages/safe-js/src/interp/globals/date-prototype-brand.test.ts [2m([22m[2m53 tests[22m[2m)[22m[33m 2829[2mms[22m[39m
validate / unit	UNKNOWN STEP	2026-09-12T20:09:49.8561385Z  [32m✓[39m packages/safe-js/src/interp/guest-proxy-set-prototype-retention.test.ts [2m([22m[2m4 tests[22m[2m)[22m[32m 11[2mms[22m[39m
validate / unit	UNKNOWN STEP	2026-09-12T20:09:49.9281186Z  [32m✓[39m packages/safe-js/src/interp/globals/array-from-proxy-order.test.ts [2m([22m[2m12 tests[22m[2m)[22m[33m 974[2mms[22m[39m
validate / unit	UNKNOWN STEP	2026-09-12T20:09:50.7244040Z  [32m✓[39m packages/safe-js/src/interp/shared-host-callback-validation.test.ts [2m([22m[2m6 tests[22m[2m)[22m[32m 24[2mms[22m[39m
validate / unit	UNKNOWN STEP	2026-09-12T20:09:50.7704374Z  [32m✓[39m packages/safe-js/src/interp/intrinsic-prototype-retention.test.ts [2m([22m[2m3 tests[22m[2m)[22m[32m 9[2mms[22m[39m
validate / unit	UNKNOWN STEP	2026-09-12T20:09:51.6307627Z  [32m✓[39m packages/safe-js/src/interp/pending-promise-proof-budget.test.ts [2m([22m[2m5 tests[22m[2m)[22m[32m 31[2mms[22m[39m
validate / unit	UNKNOWN STEP	2026-09-12T20:09:52.9299288Z  [32m✓[39m packages/safe-js/src/snapshot/typed-array-iterator-replay.test.ts [2m([22m[2m5 tests[22m[2m)[22m[33m 1348[2mms[22m[39m
validate / unit	UNKNOWN STEP	2026-09-12T20:09:52.9301723Z    [33m[2m✓[22m[39m retains a typed array's custom iterator properties through construction and replay [33m 432[2mms[22m[39m
validate / unit	UNKNOWN STEP	2026-09-12T20:09:53.2757348Z  [32m✓[39m packages/safe-js/src/proxy-data-copy.test.ts [2m([22m[2m8 tests[22m[2m)[22m[33m 509[2mms[22m[39m
validate / unit	UNKNOWN STEP	2026-09-12T20:09:53.7739502Z  [32m✓[39m packages/safe-js/src/modules/registry.test.ts [2m([22m[2m4 tests[22m[2m)[22m[32m 15[2mms[22m[39m
validate / unit	UNKNOWN STEP	2026-09-12T20:09:54.6481453Z  [32m✓[39m packages/safe-js/src/lint/mutable-closures.test.ts [2m([22m[2m6 tests[22m[2m)[22m[33m 497[2mms[22m[39m
validate / unit	UNKNOWN STEP	2026-09-12T20:09:54.9947641Z  [32m✓[39m packages/safe-js/src/interp/globals/iterator-to-array-budget.test.ts [2m([22m[2m5 tests[22m[2m)[22m[33m 370[2mms[22m[39m
validate / unit	UNKNOWN STEP	2026-09-12T20:09:56.3218333Z  [32m✓[39m packages/safe-js/src/interp/globals/group-by-creation-realm.test.ts [2m([22m[2m3 tests[22m[2m)[22m[33m 481[2mms[22m[39m
validate / unit	UNKNOWN STEP	2026-09-12T20:09:57.4197680Z  [32m✓[39m packages/safe-js/src/parse/contextual-labels.test.ts [2m([22m[2m24 tests[22m[2m)[22m[33m 1896[2mms[22m[39m
validate / unit	UNKNOWN STEP	2026-09-12T20:09:57.4199370Z    [33m[2m✓[22m[39m supports contextual label async [33m 381[2mms[22m[39m
validate / unit	UNKNOWN STEP	2026-09-12T20:09:57.4200881Z    [33m[2m✓[22m[39m supports contextual label of [33m 306[2mms[22m[39m
validate / unit	UNKNOWN STEP	2026-09-12T20:09:57.8431558Z  [32m✓[39m packages/safe-js/src/interp/globals/temporal-private-calendar-input.test.ts [2m([22m[2m9 tests[22m[2m)[22m[33m 671[2mms[22m[39m
validate / unit	UNKNOWN STEP	2026-09-12T20:09:58.3066965Z  [32m✓[39m packages/safe-js/src/interp/array-measurement.test.ts [2m([22m[2m6 tests[22m[2m)[22m[32m 11[2mms[22m[39m
validate / unit	UNKNOWN STEP	2026-09-12T20:09:58.9138707Z  [32m✓[39m packages/safe-js/src/snapshot/guest-generator-identifier-assignments.test.ts [2m([22m[2m14 tests[22m[2m)[22m[32m 236[2mms[22m[39m
validate / unit	UNKNOWN STEP	2026-09-12T20:09:59.9556689Z  [32m✓[39m packages/safe-js/src/interp/string-symbol-protocols.test.ts [2m([22m[2m13 tests[22m[2m)[22m[33m 782[2mms[22m[39m
validate / unit	UNKNOWN STEP	2026-09-12T20:10:03.3277066Z  [32m✓[39m packages/safe-js/src/interp/numeric-coercion-order.test.ts [2m([22m[2m50 tests[22m[2m)[22m[33m 3518[2mms[22m[39m
validate / unit	UNKNOWN STEP	2026-09-12T20:10:03.5413388Z  [32m✓[39m packages/safe-js/src/modules/metric.test.ts [2m([22m[2m10 tests[22m[2m)[22m[32m 11[2mms[22m[39m
validate / unit	UNKNOWN STEP	2026-09-12T20:10:04.7707723Z  [32m✓[39m packages/safe-js/src/snapshot/intl-bound-call-context.test.ts [2m([22m[2m3 tests[22m[2m)[22m[33m 395[2mms[22m[39m
validate / unit	UNKNOWN STEP	2026-09-12T20:10:06.1747610Z  [32m✓[39m packages/safe-js/src/parse/dynamic-html-comments.test.ts [2m([22m[2m10 tests[22m[2m)[22m[33m 597[2mms[22m[39m
validate / unit	UNKNOWN STEP	2026-09-12T20:10:08.6326401Z  [32m✓[39m packages/safe-js/src/interp/globals/string-method-metadata.test.ts [2m([22m[2m66 tests[22m[2m)[22m[33m 7807[2mms[22m[39m
validate / unit	UNKNOWN STEP	2026-09-12T20:10:08.6328287Z    [33m[2m✓[22m[39m restores mutable properties on String.prototype.at [33m 315[2mms[22m[39m
validate / unit	UNKNOWN STEP	2026-09-12T20:10:09.5621037Z  [32m✓[39m packages/safe-js/src/snapshot/temporal-zoned-date-time.test.ts [2m([22m[2m11 tests[22m[2m)[22m[32m 37[2mms[22m[39m
validate / unit	UNKNOWN STEP	2026-09-12T20:10:10.8335229Z  [32m✓[39m packages/safe-js/src/interp/globals/arguments-restricted-descriptor.test.ts [2m([22m[2m6 tests[22m[2m)[22m[33m 449[2mms[22m[39m
validate / unit	UNKNOWN STEP	2026-09-12T20:10:11.0757992Z  [32m✓[39m packages/safe-js/src/interp/guest-proxy-array-results.test.ts [2m([22m[2m63 tests[22m[2m)[22m[33m 4108[2mms[22m[39m
validate / unit	UNKNOWN STEP	2026-09-12T20:10:12.1436541Z  [32m✓[39m packages/safe-js/src/interp/guest-proxy-object-tag.test.ts [2m([22m[2m7 tests[22m[2m)[22m[33m 478[2mms[22m[39m
validate / unit	UNKNOWN STEP	2026-09-12T20:10:12.7034579Z  [32m✓[39m packages/safe-js/src/interp/function-rest-realm.test.ts [2m([22m[2m7 tests[22m[2m)[22m[33m 751[2mms[22m[39m
validate / unit	UNKNOWN STEP	2026-09-12T20:10:13.8472295Z  [32m✓[39m packages/safe-js/src/interp/globals/temporal-instant-format-zone.test.ts [2m([22m[2m5 tests[22m[2m)[22m[32m 292[2mms[22m[39m
validate / unit	UNKNOWN STEP	2026-09-12T20:10:14.5651832Z  [32m✓[39m packages/safe-js/src/interp/float32-constructor-detached.test.ts [2m([22m[2m27 tests[22m[2m)[22m[33m 1552[2mms[22m[39m
validate / unit	UNKNOWN STEP	2026-09-12T20:10:16.1135830Z  [32m✓[39m packages/safe-js/src/interp/globals/temporal-plain-date-time-locale.test.ts [2m([22m[2m6 tests[22m[2m)[22m[33m 646[2mms[22m[39m
validate / unit	UNKNOWN STEP	2026-09-12T20:10:17.6897173Z  [32m✓[39m packages/safe-js/src/interp/globals/object-reflection-primitives.test.ts [2m([22m[2m15 tests[22m[2m)[22m[33m 733[2mms[22m[39m
validate / unit	UNKNOWN STEP	2026-09-12T20:10:17.8250715Z  [32m✓[39m packages/safe-js/src/interp/bigint-operators.test.ts [2m([22m[2m24 tests[22m[2m)[22m[33m 3141[2mms[22m[39m
validate / unit	UNKNOWN STEP	2026-09-12T20:10:19.5512065Z  [32m✓[39m packages/safe-js/src/interp/destructuring-primitives.test.ts [2m([22m[2m13 tests[22m[2m)[22m[33m 828[2mms[22m[39m
validate / unit	UNKNOWN STEP	2026-09-12T20:10:20.6762038Z  [32m✓[39m packages/safe-js/src/snapshot/guest-generator-for-head-scope.test.ts [2m([22m[2m5 tests[22m[2m)[22m[32m 250[2mms[22m[39m
validate / unit	UNKNOWN STEP	2026-09-12T20:10:20.8152013Z  [32m✓[39m packages/safe-js/src/interp/globals/numeric-parser-identity.test.ts [2m([22m[2m14 tests[22m[2m)[22m[33m 2280[2mms[22m[39m
validate / unit	UNKNOWN STEP	2026-09-12T20:10:20.8162095Z      [33m[2m✓[22m[39m matches native behavior and replay: return Number.parseInt===parseInt [33m 302[2mms[22m[39m
validate / unit	UNKNOWN STEP	2026-09-12T20:10:22.6841553Z  [32m✓[39m packages/safe-js/src/run.pending-promise-properties.test.ts [2m([22m[2m1 test[22m[2m)[22m[33m 717[2mms[22m[39m
validate / unit	UNKNOWN STEP	2026-09-12T20:10:22.6845228Z    [33m[2m✓[22m[39m retains original properties across pending proof replacement and completed replay [33m 715[2mms[22m[39m
validate / unit	UNKNOWN STEP	2026-09-12T20:10:24.2349316Z  [32m✓[39m packages/safe-js/src/modules/import-attribute-reflection.test.ts [2m([22m[2m8 tests[22m[2m)[22m[33m 666[2mms[22m[39m
validate / unit	UNKNOWN STEP	2026-09-12T20:10:24.4461805Z  [32m✓[39m packages/safe-js/src/parse/eval-source-budget.test.ts [2m([22m[2m6 tests[22m[2m)[22m[32m 17[2mms[22m[39m
validate / unit	UNKNOWN STEP	2026-09-12T20:10:24.7969483Z  [32m✓[39m packages/safe-js/src/snapshot/intrinsic-mutations.test.ts [2m([22m[2m17 tests[22m[2m)[22m[33m 3235[2mms[22m[39m
validate / unit	UNKNOWN STEP	2026-09-12T20:10:24.7971947Z      [33m[2m✓[22m[39m preserves builtin mutation through replay: BigInt.prototype.toJSON=function(){return String(this)} [33m 435[2mms[22m[39m
validate / unit	UNKNOWN STEP	2026-09-12T20:10:25.2844711Z  [32m✓[39m packages/safe-js/src/interp/promise-cross-realm-import.test.ts [2m([22m[2m4 tests[22m[2m)[22m[32m 13[2mms[22m[39m
validate / unit	UNKNOWN STEP	2026-09-12T20:10:26.8350727Z  [32m✓[39m packages/safe-js/src/interp/globals/buffer-sdk-species-proxy.test.ts [2m([22m[2m18 tests[22m[2m)[22m[33m 1183[2mms[22m[39m
validate / unit	UNKNOWN STEP	2026-09-12T20:10:27.1744967Z  [32m✓[39m packages/safe-js/src/snapshot/eval-delete-bindings.test.ts [2m([22m[2m3 tests[22m[2m)[22m[33m 990[2mms[22m[39m
validate / unit	UNKNOWN STEP	2026-09-12T20:10:27.1747766Z    [33m[2m✓[22m[39m preserves eval binding deletion through recovery: eval("var x=1"); return ()=>[delete x,typeof x] [33m 480[2mms[22m[39m
validate / unit	UNKNOWN STEP	2026-09-12T20:10:28.7807479Z  [32m✓[39m packages/safe-js/src/interp/globals/temporal-plain-year-month-calendar.test.ts [2m([22m[2m9 tests[22m[2m)[22m[33m 758[2mms[22m[39m
validate / unit	UNKNOWN STEP	2026-09-12T20:10:29.5805476Z  [32m✓[39m packages/safe-js/src/interp/globals/intrinsic-context-budget-reuse.test.ts [2m([22m[2m8 tests[22m[2m)[22m[33m 1858[2mms[22m[39m
validate / unit	UNKNOWN STEP	2026-09-12T20:10:29.5826038Z    [33m[2m✓[22m[39m retains reused 'eval' context through replay and 'C' [33m 376[2mms[22m[39m
validate / unit	UNKNOWN STEP	2026-09-12T20:10:29.6393139Z  [32m✓[39m packages/safe-js/src/interp/methods/string-locale-direct.test.ts [2m([22m[2m6 tests[22m[2m)[22m[32m 11[2mms[22m[39m
validate / unit	UNKNOWN STEP	2026-09-12T20:10:31.4273210Z  [32m✓[39m packages/safe-js/src/interp/globals/eval-parameter-environment.test.ts [2m([22m[2m16 tests[22m[2m)[22m[33m 977[2mms[22m[39m
validate / unit	UNKNOWN STEP	2026-09-12T20:10:32.8891909Z  [32m✓[39m packages/safe-js/src/interp/foreign-host-error.test.ts [2m([22m[2m11 tests[22m[2m)[22m[33m 568[2mms[22m[39m
validate / unit	UNKNOWN STEP	2026-09-12T20:10:33.0788274Z  [32m✓[39m packages/safe-js/src/interp/temporal-instant-host-brand.test.ts [2m([22m[2m5 tests[22m[2m)[22m[32m 8[2mms[22m[39m
validate / unit	UNKNOWN STEP	2026-09-12T20:10:34.6296645Z  [32m✓[39m packages/safe-js/src/interp/globals/promise-proxy-thenable.test.ts [2m([22m[2m13 tests[22m[2m)[22m[33m 752[2mms[22m[39m
validate / unit	UNKNOWN STEP	2026-09-12T20:10:35.7044888Z  [32m✓[39m packages/safe-js/src/interp/globals/standard-builtin-lengths.test.ts [2m([22m[2m34 tests[22m[2m)[22m[33m 5285[2mms[22m[39m
validate / unit	UNKNOWN STEP	2026-09-12T20:10:35.7068279Z      [33m[2m✓[22m[39m matches the standard descriptor and bound lengths before and after replay [33m 368[2mms[22m[39m
validate / unit	UNKNOWN STEP	2026-09-12T20:10:35.9880038Z  [32m✓[39m packages/safe-js/src/interp/globals/temporal-plain-date-owned-conversion.test.ts [2m([22m[2m5 tests[22m[2m)[22m[33m 534[2mms[22m[39m
validate / unit	UNKNOWN STEP	2026-09-12T20:10:37.4329280Z  [32m✓[39m packages/safe-js/src/interp/globals/array-unscopables-descriptors.test.ts [2m([22m[2m7 tests[22m[2m)[22m[33m 619[2mms[22m[39m
validate / unit	UNKNOWN STEP	2026-09-12T20:10:37.4522311Z  [32m✓[39m packages/safe-js/src/interp/globals/temporal-plain-date-time-calendar.test.ts [2m([22m[2m15 tests[22m[2m)[22m[33m 859[2mms[22m[39m
validate / unit	UNKNOWN STEP	2026-09-12T20:10:38.2774013Z  [32m✓[39m packages/safe-js/src/snapshot/imported-promise-schedule.test.ts [2m([22m[2m10 tests[22m[2m)[22m[32m 15[2mms[22m[39m
validate / unit	UNKNOWN STEP	2026-09-12T20:10:39.5140820Z  [32m✓[39m packages/safe-js/src/interp/globals/eval.test.ts [2m([22m[2m26 tests[22m[2m)[22m[33m 1258[2mms[22m[39m
validate / unit	UNKNOWN STEP	2026-09-12T20:10:39.7151003Z  [32m✓[39m packages/safe-js/src/interp/globals/temporal-plain-date-time-to-date.test.ts [2m([22m[2m3 tests[22m[2m)[22m[33m 565[2mms[22m[39m
validate / unit	UNKNOWN STEP	2026-09-12T20:10:39.7165267Z    [33m[2m✓[22m[39m uses the intrinsic date prototype even after namespace replacement and replay [33m 339[2mms[22m[39m
validate / unit	UNKNOWN STEP	2026-09-12T20:10:41.4877786Z  [32m✓[39m packages/safe-js/src/interp/globals/weak-constructor-prototype-descriptors.test.ts [2m([22m[2m5 tests[22m[2m)[22m[33m 1118[2mms[22m[39m
validate / unit	UNKNOWN STEP	2026-09-12T20:10:41.4895786Z    [33m[2m✓[22m[39m WeakMap preserves its read-only constructor prototype before and after replay [33m 359[2mms[22m[39m
validate / unit	UNKNOWN STEP	2026-09-12T20:10:41.5023672Z  [32m✓[39m packages/safe-js/src/interp/globals/eval-delete-bindings.test.ts [2m([22m[2m16 tests[22m[2m)[22m[33m 948[2mms[22m[39m
validate / unit	UNKNOWN STEP	2026-09-12T20:10:42.9686896Z  [32m✓[39m packages/safe-js/src/interp/globals/temporal-relative-to-calendar.test.ts [2m([22m[2m8 tests[22m[2m)[22m[33m 627[2mms[22m[39m
validate / unit	UNKNOWN STEP	2026-09-12T20:10:43.4267224Z  [32m✓[39m packages/safe-js/src/interp/structured-clone-sdk-intl.test.ts [2m([22m[2m12 tests[22m[2m)[22m[33m 1081[2mms[22m[39m
validate / unit	UNKNOWN STEP	2026-09-12T20:10:44.1498589Z  [32m✓[39m packages/safe-js/src/interp/promise-allocation-accessors.test.ts [2m([22m[2m10 tests[22m[2m)[22m[33m 347[2mms[22m[39m
validate / unit	UNKNOWN STEP	2026-09-12T20:10:45.6028039Z  [32m✓[39m packages/safe-js/src/snapshot/symbol-accessor-replay.test.ts [2m([22m[2m5 tests[22m[2m)[22m[33m 1326[2mms[22m[39m
validate / unit	UNKNOWN STEP	2026-09-12T20:10:45.6029906Z    [33m[2m✓[22m[39m replays symbol accessor descriptors on {} [33m 450[2mms[22m[39m
validate / unit	UNKNOWN STEP	2026-09-12T20:10:45.6362329Z  [32m✓[39m packages/safe-js/src/interp/globals/temporal-plain-time-coercion.test.ts [2m([22m[2m3 tests[22m[2m)[22m[33m 611[2mms[22m[39m
validate / unit	UNKNOWN STEP	2026-09-12T20:10:46.4424245Z  [32m✓[39m packages/safe-js/src/interp/finalization-held-accounting.test.ts [2m([22m[2m2 tests[22m[2m)[22m[32m 9[2mms[22m[39m
validate / unit	UNKNOWN STEP	2026-09-12T20:10:46.4533575Z  [32m✓[39m packages/safe-js/src/interp/temporal-plain-time-boundaries.test.ts [2m([22m[2m5 tests[22m[2m)[22m[32m 16[2mms[22m[39m
validate / unit	UNKNOWN STEP	2026-09-12T20:10:47.2741418Z  [32m✓[39m packages/safe-js/src/interp/host-promise-property-budget.test.ts [2m([22m[2m2 tests[22m[2m)[22m[32m 20[2mms[22m[39m
validate / unit	UNKNOWN STEP	2026-09-12T20:10:48.1321398Z  [32m✓[39m packages/safe-js/src/parse/contextual-arrow-parameters.test.ts [2m([22m[2m17 tests[22m[2m)[22m[33m 859[2mms[22m[39m
validate / unit	UNKNOWN STEP	2026-09-12T20:10:48.2244727Z  [32m✓[39m packages/safe-js/src/interp/intl-duration-parts.test.ts [2m([22m[2m9 tests[22m[2m)[22m[32m 86[2mms[22m[39m
validate / unit	UNKNOWN STEP	2026-09-12T20:10:49.2724293Z  [32m✓[39m packages/safe-js/src/snapshot/backing-storage-cycles.test.ts [2m([22m[2m3 tests[22m[2m)[22m[32m 200[2mms[22m[39m
validate / unit	UNKNOWN STEP	2026-09-12T20:10:50.1242159Z  [32m✓[39m packages/safe-js/src/interp/host-reconciliation-budget.test.ts [2m([22m[2m12 tests[22m[2m)[22m[32m 21[2mms[22m[39m
validate / unit	UNKNOWN STEP	2026-09-12T20:10:50.1420230Z  [32m✓[39m packages/safe-js/src/interp/methods/array-copy-creation-realm.test.ts [2m([22m[2m4 tests[22m[2m)[22m[33m 1177[2mms[22m[39m
validate / unit	UNKNOWN STEP	2026-09-12T20:10:50.1421305Z    [33m[2m✓[22m[39m preserves the creation realm of toReversed() results [33m 381[2mms[22m[39m
validate / unit	UNKNOWN STEP	2026-09-12T20:10:50.1422126Z    [33m[2m✓[22m[39m preserves the creation realm of toSorted() results [33m 305[2mms[22m[39m
validate / unit	UNKNOWN STEP	2026-09-12T20:10:51.1582023Z  [32m✓[39m packages/safe-js/src/interp/intl-duration-record-temporal.test.ts [2m([22m[2m4 tests[22m[2m)[22m[32m 193[2mms[22m[39m
validate / unit	UNKNOWN STEP	2026-09-12T20:10:52.4641094Z  [32m✓[39m packages/safe-js/src/interp/iteration-protocol.test.ts [2m([22m[2m13 tests[22m[2m)[22m[33m 397[2mms[22m[39m
validate / unit	UNKNOWN STEP	2026-09-12T20:10:52.4672486Z  [32m✓[39m packages/safe-js/src/snapshot/exception-function-hoisting.test.ts [2m([22m[2m6 tests[22m[2m)[22m[33m 1485[2mms[22m[39m
validate / unit	UNKNOWN STEP	2026-09-12T20:10:52.4675069Z    [33m[2m✓[22m[39m restores hoisted exception-block functions: try{yield 0;return f();function f(){return 7}}finally{} [33m 416[2mms[22m[39m
validate / unit	UNKNOWN STEP	2026-09-12T20:10:53.8402018Z  [32m✓[39m packages/safe-js/src/interp/globals/temporal-namespace-wiring.test.ts [2m([22m[2m2 tests[22m[2m)[22m[33m 535[2mms[22m[39m
validate / unit	UNKNOWN STEP	2026-09-12T20:10:54.1385533Z  [32m✓[39m packages/safe-js/src/interp/globals/temporal-relative-to-zoned-date-time.test.ts [2m([22m[2m5 tests[22m[2m)[22m[33m 846[2mms[22m[39m
validate / unit	UNKNOWN STEP	2026-09-12T20:10:54.3551884Z  [32m✓[39m packages/safe-js/src/lint/rules/module-registry.test.ts [2m([22m[2m2 tests[22m[2m)[22m[32m 6[2mms[22m[39m
validate / unit	UNKNOWN STEP	2026-09-12T20:10:55.9602104Z  [32m✓[39m packages/safe-js/src/interp/labeled-block.test.ts [2m([22m[2m28 tests[22m[2m)[22m[33m 767[2mms[22m[39m
validate / unit	UNKNOWN STEP	2026-09-12T20:10:56.2085088Z  [32m✓[39m packages/safe-js/src/parse/dynamic-legacy-numbers.test.ts [2m([22m[2m20 tests[22m[2m)[22m[32m 52[2mms[22m[39m
validate / unit	UNKNOWN STEP	2026-09-12T20:10:57.4114251Z  [32m✓[39m packages/safe-js/src/interp/globals/buffer-constructor-prototype-descriptors.test.ts [2m([22m[2m16 tests[22m[2m)[22m[33m 2689[2mms[22m[39m
validate / unit	UNKNOWN STEP	2026-09-12T20:10:57.4130454Z      [33m[2m✓[22m[39m matches native behavior before and after replay: const d=Object.getOwnPropertyDescriptor(DataView,'prototype');return [d.writable,d.enumerable,d.configurable] [33m 335[2mms[22m[39m
validate / unit	UNKNOWN STEP	2026-09-12T20:10:58.2875173Z  [32m✓[39m packages/safe-js/src/interp/array-index-capture.test.ts [2m([22m[2m5 tests[22m[2m)[22m[32m 11[2mms[22m[39m
validate / unit	UNKNOWN STEP	2026-09-12T20:10:58.6009245Z  [32m✓[39m packages/safe-js/src/interp/globals/number-method-metadata.test.ts [2m([22m[2m10 tests[22m[2m)[22m[33m 1549[2mms[22m[39m
validate / unit	UNKNOWN STEP	2026-09-12T20:10:58.6011596Z    [33m[2m✓[22m[39m restores mutable properties on Number.prototype.toExponential [33m 305[2mms[22m[39m
validate / unit	UNKNOWN STEP	2026-09-12T20:10:59.1315610Z  [32m✓[39m packages/safe-js/src/interp/intrinsic-projection-retirement.test.ts [2m([22m[2m2 tests[22m[2m)[22m[32m 9[2mms[22m[39m
validate / unit	UNKNOWN STEP	2026-09-12T20:10:59.4391585Z  [32m✓[39m packages/safe-js/src/interp/intrinsic-symbol-registration-cost.test.ts [2m([22m[2m2 tests[22m[2m)[22m[32m 32[2mms[22m[39m
validate / unit	UNKNOWN STEP	2026-09-12T20:10:59.6811096Z  [32m✓[39m packages/safe-js/src/parse/escaped-keywords.test.ts [2m([22m[2m20 tests[22m[2m)[22m[32m 38[2mms[22m[39m
validate / unit	UNKNOWN STEP	2026-09-12T20:10:59.8689408Z  [32m✓[39m packages/safe-js/src/parse/function-source.test.ts [2m([22m[2m3 tests[22m[2m)[22m[32m 12[2mms[22m[39m
validate / unit	UNKNOWN STEP	2026-09-12T20:11:00.3380099Z  [32m✓[39m packages/safe-js/src/interp/guest-proxy-object-keys.test.ts [2m([22m[2m6 tests[22m[2m)[22m[33m 386[2mms[22m[39m
validate / unit	UNKNOWN STEP	2026-09-12T20:11:00.5827835Z  [32m✓[39m packages/safe-js/src/parse/dynamic-legacy-escapes.test.ts [2m([22m[2m32 tests[22m[2m)[22m[32m 52[2mms[22m[39m
validate / unit	UNKNOWN STEP	2026-09-12T20:11:01.3924356Z  [32m✓[39m packages/safe-js/src/snapshot/weak-collection-key-kinds.test.ts [2m([22m[2m2 tests[22m[2m)[22m[33m 655[2mms[22m[39m
validate / unit	UNKNOWN STEP	2026-09-12T20:11:01.3926417Z    [33m[2m✓[22m[39m rejects internal aggregate records as map keys during node validation [33m 401[2mms[22m[39m
validate / unit	UNKNOWN STEP	2026-09-12T20:11:02.7596415Z  [32m✓[39m packages/safe-js/src/parse/literal-member-assignment-targets.test.ts [2m([22m[2m27 tests[22m[2m)[22m[33m 1314[2mms[22m[39m
validate / unit	UNKNOWN STEP	2026-09-12T20:11:02.9668479Z  [32m✓[39m packages/safe-js/src/interp/boxed.test.ts [2m([22m[2m10 tests[22m[2m)[22m[32m 9[2mms[22m[39m
validate / unit	UNKNOWN STEP	2026-09-12T20:11:03.9312044Z  [32m✓[39m packages/safe-js/src/interp/globals/json-reviver-inserted-object.test.ts [2m([22m[2m18 tests[22m[2m)[22m[33m 1669[2mms[22m[39m
validate / unit	UNKNOWN STEP	2026-09-12T20:11:04.1512367Z  [32m✓[39m packages/safe-js/src/interp/function-realm-budget-reuse.test.ts [2m([22m[2m2 tests[22m[2m)[22m[33m 322[2mms[22m[39m
validate / unit	UNKNOWN STEP	2026-09-12T20:11:05.5282196Z  [32m✓[39m packages/safe-js/src/interp/structured-clone-proxy.test.ts [2m([22m[2m12 tests[22m[2m)[22m[33m 720[2mms[22m[39m
validate / unit	UNKNOWN STEP	2026-09-12T20:11:05.6507459Z  [32m✓[39m packages/safe-js/src/interp/globals/promise-inherited-proxy.test.ts [2m([22m[2m9 tests[22m[2m)[22m[33m 650[2mms[22m[39m
validate / unit	UNKNOWN STEP	2026-09-12T20:11:06.3466783Z  [32m✓[39m packages/safe-js/src/interp/measure-managed-array.test.ts [2m([22m[2m7 tests[22m[2m)[22m[32m 9[2mms[22m[39m
validate / unit	UNKNOWN STEP	2026-09-12T20:11:06.5091420Z  [32m✓[39m packages/safe-js/src/interp/scope-alias.test.ts [2m([22m[2m4 tests[22m[2m)[22m[32m 9[2mms[22m[39m
validate / unit	UNKNOWN STEP	2026-09-12T20:11:06.6918815Z  [32m✓[39m packages/safe-js/test/conformance/accounting-mutations.test.ts [2m([22m[2m8 tests[22m[2m)[22m[32m 9[2mms[22m[39m
validate / unit	UNKNOWN STEP	2026-09-12T20:11:06.8820125Z  [32m✓[39m packages/safe-js/test/helpers/legacy-parser-aliases.test.ts [2m([22m[2m8 tests[22m[2m)[22m[32m 15[2mms[22m[39m
validate / unit	UNKNOWN STEP	2026-09-12T20:11:08.1141268Z  [32m✓[39m packages/safe-js/src/interp/globals/json-date-hook-removal.test.ts [2m([22m[2m8 tests[22m[2m)[22m[33m 923[2mms[22m[39m
validate / unit	UNKNOWN STEP	2026-09-12T20:11:08.8135310Z  [32m✓[39m packages/safe-js/src/interp/globals/eval-function-declarations.test.ts [2m([22m[2m20 tests[22m[2m)[22m[33m 1097[2mms[22m[39m
validate / unit	UNKNOWN STEP	2026-09-12T20:11:09.5364403Z  [32m✓[39m packages/safe-js/src/interp/structured-clone-boxed-symbol.test.ts [2m([22m[2m8 tests[22m[2m)[22m[33m 526[2mms[22m[39m
validate / unit	UNKNOWN STEP	2026-09-12T20:11:10.2854611Z  [32m✓[39m packages/safe-js/src/interp/methods/string-split-lazy.test.ts [2m([22m[2m11 tests[22m[2m)[22m[33m 555[2mms[22m[39m
validate / unit	UNKNOWN STEP	2026-09-12T20:11:10.3696211Z  [32m✓[39m packages/safe-js/src/snapshot/dump-readiness.test.ts [2m([22m[2m2 tests[22m[2m)[22m[32m 12[2mms[22m[39m
validate / unit	UNKNOWN STEP	2026-09-12T20:11:11.9782846Z  [32m✓[39m packages/safe-js/src/interp/globals/promise-proxy.test.ts [2m([22m[2m14 tests[22m[2m)[22m[33m 859[2mms[22m[39m
validate / unit	UNKNOWN STEP	2026-09-12T20:11:12.1518273Z  [32m✓[39m packages/safe-js/src/interp/class-default-names.test.ts [2m([22m[2m16 tests[22m[2m)[22m[33m 928[2mms[22m[39m
validate / unit	UNKNOWN STEP	2026-09-12T20:11:12.1979488Z  [32m✓[39m packages/safe-js/src/interp/temporal-offset-validation.test.ts [2m([22m[2m49 tests[22m[2m)[22m[32m 19[2mms[22m[39m
validate / unit	UNKNOWN STEP	2026-09-12T20:11:13.5172941Z  [32m✓[39m packages/safe-js/src/interp/globals/dynamic-duplicate-block-functions.test.ts [2m([22m[2m16 tests[22m[2m)[22m[33m 514[2mms[22m[39m
validate / unit	UNKNOWN STEP	2026-09-12T20:11:14.0696888Z  [32m✓[39m packages/safe-js/src/parse/contextual-of.test.ts [2m([22m[2m23 tests[22m[2m)[22m[33m 1058[2mms[22m[39m
validate / unit	UNKNOWN STEP	2026-09-12T20:11:14.5849518Z  [32m✓[39m packages/safe-js/src/interp/globals/function-sdk-construction.test.ts [2m([22m[2m3 tests[22m[2m)[22m[32m 232[2mms[22m[39m
validate / unit	UNKNOWN STEP	2026-09-12T20:11:15.5926880Z  [32m✓[39m packages/safe-js/src/parse/ordinary-await.test.ts [2m([22m[2m14 tests[22m[2m)[22m[32m 149[2mms[22m[39m
validate / unit	UNKNOWN STEP	2026-09-12T20:11:16.3032850Z  [32m✓[39m packages/safe-js/src/snapshot/eval-super-environment.test.ts [2m([22m[2m5 tests[22m[2m)[22m[33m 1401[2mms[22m[39m
validate / unit	UNKNOWN STEP	2026-09-12T20:11:16.3048031Z    [33m[2m✓[22m[39m recovers the super environment captured by eval: class B{constructor(){this.x=7}}class C extends B{constructor(){return {later:eval('()=>super()')}}}const value=new C();await 0;return value.later().x [33m 437[2mms[22m[39m
validate / unit	UNKNOWN STEP	2026-09-12T20:11:16.5053402Z  [32m✓[39m packages/safe-js/src/interp/scope-binding-deletion.test.ts [2m([22m[2m3 tests[22m[2m)[22m[32m 10[2mms[22m[39m
validate / unit	UNKNOWN STEP	2026-09-12T20:11:18.3921973Z  [32m✓[39m packages/safe-js/src/interp/globals/json-spacing.test.ts [2m([22m[2m24 tests[22m[2m)[22m[33m 1261[2mms[22m[39m
validate / unit	UNKNOWN STEP	2026-09-12T20:11:18.6981631Z  [32m✓[39m packages/safe-js/src/run.promise-settlement-collections.test.ts [2m([22m[2m3 tests[22m[2m)[22m[33m 1119[2mms[22m[39m
validate / unit	UNKNOWN STEP	2026-09-12T20:11:18.6983056Z    [33m[2m✓[22m[39m preserves a Map settled by an imported Promise [33m 566[2mms[22m[39m
validate / unit	UNKNOWN STEP	2026-09-12T20:11:18.6984343Z    [33m[2m✓[22m[39m preserves a Set settled by an imported Promise [33m 338[2mms[22m[39m
validate / unit	UNKNOWN STEP	2026-09-12T20:11:19.2996118Z  [32m✓[39m packages/safe-js/src/interp/temporal-instant.test.ts [2m([22m[2m9 tests[22m[2m)[22m[32m 12[2mms[22m[39m
validate / unit	UNKNOWN STEP	2026-09-12T20:11:20.4849035Z  [32m✓[39m packages/safe-js/src/interp/structured-clone-symbol-keys.test.ts [2m([22m[2m5 tests[22m[2m)[22m[33m 302[2mms[22m[39m
validate / unit	UNKNOWN STEP	2026-09-12T20:11:20.5984095Z  [32m✓[39m packages/safe-js/src/interp/globals/object-assign-exotic-targets.test.ts [2m([22m[2m16 tests[22m[2m)[22m[33m 1031[2mms[22m[39m
validate / unit	UNKNOWN STEP	2026-09-12T20:11:22.0177017Z  [32m✓[39m packages/safe-js/src/interp/globals/function-restricted-accessors.test.ts [2m([22m[2m10 tests[22m[2m)[22m[33m 675[2mms[22m[39m
validate / unit	UNKNOWN STEP	2026-09-12T20:11:22.2808814Z  [32m✓[39m packages/safe-js/src/interp/globals/temporal-relative-to-plain-date-time.test.ts [2m([22m[2m5 tests[22m[2m)[22m[33m 779[2mms[22m[39m
validate / unit	UNKNOWN STEP	2026-09-12T20:11:23.5763481Z  [32m✓[39m packages/safe-js/src/interp/globals/temporal-instant-structured-clone.test.ts [2m([22m[2m7 tests[22m[2m)[22m[33m 470[2mms[22m[39m
validate / unit	UNKNOWN STEP	2026-09-12T20:11:23.9604409Z  [32m✓[39m packages/safe-js/src/interp/globals/intl-bound-proxy-coercion.test.ts [2m([22m[2m4 tests[22m[2m)[22m[33m 613[2mms[22m[39m
validate / unit	UNKNOWN STEP	2026-09-12T20:11:23.9605862Z    [33m[2m✓[22m[39m retains cached formatter proxy coercion after completed replay [33m 304[2mms[22m[39m
validate / unit	UNKNOWN STEP	2026-09-12T20:11:24.4882222Z  [32m✓[39m packages/safe-js/src/snapshot/data-descriptor-validation.test.ts [2m([22m[2m11 tests[22m[2m)[22m[32m 10[2mms[22m[39m
validate / unit	UNKNOWN STEP	2026-09-12T20:11:24.7220695Z  [32m✓[39m packages/safe-js/src/parse/function-strict-parameters.test.ts [2m([22m[2m22 tests[22m[2m)[22m[32m 34[2mms[22m[39m
validate / unit	UNKNOWN STEP	2026-09-12T20:11:26.1020946Z  [32m✓[39m packages/safe-js/src/interp/globals/promise-catch-own-then.test.ts [2m([22m[2m6 tests[22m[2m)[22m[33m 485[2mms[22m[39m
validate / unit	UNKNOWN STEP	2026-09-12T20:11:26.9034768Z  [32m✓[39m packages/safe-js/src/interp/globals/object-property-key-order.test.ts [2m([22m[2m6 tests[22m[2m)[22m[33m 2038[2mms[22m[39m
validate / unit	UNKNOWN STEP	2026-09-12T20:11:26.9036866Z    [33m[2m✓[22m[39m converts keys before validating the hasOwnProperty receiver [33m 1061[2mms[22m[39m
validate / unit	UNKNOWN STEP	2026-09-12T20:11:26.9038582Z    [33m[2m✓[22m[39m converts keys before validating the propertyIsEnumerable receiver [33m 791[2mms[22m[39m
validate / unit	UNKNOWN STEP	2026-09-12T20:11:27.7972331Z  [32m✓[39m packages/safe-js/src/interp/globals/proxy-instanceof.test.ts [2m([22m[2m14 tests[22m[2m)[22m[33m 838[2mms[22m[39m
validate / unit	UNKNOWN STEP	2026-09-12T20:11:28.6285754Z  [32m✓[39m packages/safe-js/src/interp/globals/object-set-prototype-primitives.test.ts [2m([22m[2m11 tests[22m[2m)[22m[33m 826[2mms[22m[39m
validate / unit	UNKNOWN STEP	2026-09-12T20:11:28.8487509Z  [32m✓[39m packages/safe-js/src/interp/host-error-private-cause.test.ts [2m([22m[2m4 tests[22m[2m)[22m[32m 174[2mms[22m[39m
validate / unit	UNKNOWN STEP	2026-09-12T20:11:29.4566652Z  [32m✓[39m packages/safe-js/src/interp/array-symbol-capture.test.ts [2m([22m[2m4 tests[22m[2m)[22m[32m 8[2mms[22m[39m
validate / unit	UNKNOWN STEP	2026-09-12T20:11:29.7074761Z  [32m✓[39m packages/safe-js/src/interp/promise-replay-settlement.test.ts [2m([22m[2m4 tests[22m[2m)[22m[32m 9[2mms[22m[39m
validate / unit	UNKNOWN STEP	2026-09-12T20:11:30.9502608Z  [32m✓[39m packages/safe-js/src/interp/globals/eval-super-environment.test.ts [2m([22m[2m10 tests[22m[2m)[22m[33m 659[2mms[22m[39m
validate / unit	UNKNOWN STEP	2026-09-12T20:11:31.8084057Z  [32m✓[39m packages/safe-js/src/interp/datetimeformat-requested-options-accounting.test.ts [2m([22m[2m2 tests[22m[2m)[22m[32m 11[2mms[22m[39m
validate / unit	UNKNOWN STEP	2026-09-12T20:11:31.8275612Z  [32m✓[39m packages/safe-js/src/interp/promise-property-budgets.test.ts [2m([22m[2m8 tests[22m[2m)[22m[33m 1054[2mms[22m[39m
validate / unit	UNKNOWN STEP	2026-09-12T20:11:32.9317510Z  [32m✓[39m packages/safe-js/src/lint/prototype-access.test.ts [2m([22m[2m5 tests[22m[2m)[22m[32m 251[2mms[22m[39m
validate / unit	UNKNOWN STEP	2026-09-12T20:11:33.0843376Z  [32m✓[39m packages/safe-js/src/parse/yield-precedence.test.ts [2m([22m[2m22 tests[22m[2m)[22m[33m 407[2mms[22m[39m
validate / unit	UNKNOWN STEP	2026-09-12T20:11:33.7971990Z  [32m✓[39m packages/safe-js/src/interp/intrinsic-data-roots.test.ts [2m([22m[2m6 tests[22m[2m)[22m[32m 9[2mms[22m[39m
validate / unit	UNKNOWN STEP	2026-09-12T20:11:34.1695686Z  [32m✓[39m packages/safe-js/src/interp/numberformat-unit-pattern.test.ts [2m([22m[2m3 tests[22m[2m)[22m[32m 261[2mms[22m[39m
validate / unit	UNKNOWN STEP	2026-09-12T20:11:35.0380029Z  [32m✓[39m packages/safe-js/src/interp/host-function-metadata.test.ts [2m([22m[2m2 tests[22m[2m)[22m[32m 21[2mms[22m[39m
validate / unit	UNKNOWN STEP	2026-09-12T20:11:35.3825549Z  [32m✓[39m packages/safe-js/src/snapshot/catch-reference-errors.test.ts [2m([22m[2m2 tests[22m[2m)[22m[33m 719[2mms[22m[39m
validate / unit	UNKNOWN STEP	2026-09-12T20:11:35.3827707Z    [33m[2m✓[22m[39m restores reference-error exception flow: try{missing}catch(e){yield 0;return [e.name,e instanceof ReferenceError]} [33m 452[2mms[22m[39m
validate / unit	UNKNOWN STEP	2026-09-12T20:11:36.2937886Z  [32m✓[39m packages/safe-js/src/lint/runtime-modules.test.ts [2m([22m[2m2 tests[22m[2m)[22m[32m 34[2mms[22m[39m
validate / unit	UNKNOWN STEP	2026-09-12T20:11:36.3037431Z  [32m✓[39m packages/safe-js/src/interp/shared-host-pending-prefix.test.ts [2m([22m[2m1 test[22m[2m)[22m[33m 389[2mms[22m[39m
validate / unit	UNKNOWN STEP	2026-09-12T20:11:36.3038893Z    [33m[2m✓[22m[39m restores an invocation prefix while reconciling a pending host side effect [33m 386[2mms[22m[39m
validate / unit	UNKNOWN STEP	2026-09-12T20:11:37.6588378Z  [32m✓[39m packages/safe-js/src/interp/globals/temporal-relative-to-zone-bag.test.ts [2m([22m[2m4 tests[22m[2m)[22m[33m 538[2mms[22m[39m
validate / unit	UNKNOWN STEP	2026-09-12T20:11:37.7661231Z  [32m✓[39m packages/safe-js/src/parse/await-exponentiation.test.ts [2m([22m[2m13 tests[22m[2m)[22m[33m 640[2mms[22m[39m
validate / unit	UNKNOWN STEP	2026-09-12T20:11:38.5252784Z  [32m✓[39m packages/safe-js/src/interp/promise-replay-imports.test.ts [2m([22m[2m9 tests[22m[2m)[22m[32m 10[2mms[22m[39m
validate / unit	UNKNOWN STEP	2026-09-12T20:11:38.8472289Z  [32m✓[39m packages/safe-js/src/interp/foreign-host-array.test.ts [2m([22m[2m4 tests[22m[2m)[22m[32m 241[2mms[22m[39m
validate / unit	UNKNOWN STEP	2026-09-12T20:11:40.0970858Z  [32m✓[39m packages/safe-js/src/interp/globals/eval-delete-block-function.test.ts [2m([22m[2m5 tests[22m[2m)[22m[33m 413[2mms[22m[39m
validate / unit	UNKNOWN STEP	2026-09-12T20:11:40.9476638Z  [32m✓[39m packages/safe-js/src/snapshot/dynamic-with.test.ts [2m([22m[2m6 tests[22m[2m)[22m[33m 1573[2mms[22m[39m
validate / unit	UNKNOWN STEP	2026-09-12T20:11:40.9477788Z    [33m[2m✓[22m[39m restores with assignment references: 'let x=9;const o={x:1};with(o){[x=(yie…' [33m 465[2mms[22m[39m
validate / unit	UNKNOWN STEP	2026-09-12T20:11:40.9478758Z    [33m[2m✓[22m[39m restores with assignment references: 'let x=9;const o={x:1,[Symbol.unscopab…' [33m 324[2mms[22m[39m
validate / unit	UNKNOWN STEP	2026-09-12T20:11:42.8846379Z  [32m✓[39m packages/safe-js/src/interp/globals/primitive-method-snapshots.test.ts [2m([22m[2m5 tests[22m[2m)[22m[33m 1929[2mms[22m[39m
validate / unit	UNKNOWN STEP	2026-09-12T20:11:42.8881274Z    [33m[2m✓[22m[39m restores mutable properties and behavior of String.prototype.toString [33m 632[2mms[22m[39m
validate / unit	UNKNOWN STEP	2026-09-12T20:11:42.8911225Z    [33m[2m✓[22m[39m restores mutable properties and behavior of String.prototype.valueOf [33m 367[2mms[22m[39m
validate / unit	UNKNOWN STEP	2026-09-12T20:11:42.8951130Z    [33m[2m✓[22m[39m restores mutable properties and behavior of Number.prototype.valueOf [33m 320[2mms[22m[39m
validate / unit	UNKNOWN STEP	2026-09-12T20:11:42.8952738Z    [33m[2m✓[22m[39m restores mutable properties and behavior of Boolean.prototype.valueOf [33m 309[2mms[22m[39m
validate / unit	UNKNOWN STEP	2026-09-12T20:11:42.9289315Z  [32m✓[39m packages/safe-js/src/interp/globals/eval-iteration-completion.test.ts [2m([22m[2m20 tests[22m[2m)[22m[33m 1091[2mms[22m[39m
validate / unit	UNKNOWN STEP	2026-09-12T20:11:43.1466637Z  [32m✓[39m packages/safe-js/src/parse/private-name-context.test.ts [2m([22m[2m3 tests[22m[2m)[22m[32m 8[2mms[22m[39m
validate / unit	UNKNOWN STEP	2026-09-12T20:11:44.3016307Z  [32m✓[39m packages/safe-js/src/interp/reference-error-delivery.test.ts [2m([22m[2m8 tests[22m[2m)[22m[33m 566[2mms[22m[39m
validate / unit	UNKNOWN STEP	2026-09-12T20:11:45.7243972Z  [32m✓[39m packages/safe-js/src/interp/globals/json-symbol-replacer.test.ts [2m([22m[2m9 tests[22m[2m)[22m[33m 566[2mms[22m[39m
validate / unit	UNKNOWN STEP	2026-09-12T20:11:45.7387006Z  [32m✓[39m packages/safe-js/src/interp/optional-missing-method.test.ts [2m([22m[2m32 tests[22m[2m)[22m[33m 1766[2mms[22m[39m
validate / unit	UNKNOWN STEP	2026-09-12T20:11:46.8749530Z  [32m✓[39m packages/safe-js/src/parse/contextual-function-names.test.ts [2m([22m[2m45 tests[22m[2m)[22m[33m 307[2mms[22m[39m
validate / unit	UNKNOWN STEP	2026-09-12T20:11:47.0594294Z  [32m✓[39m packages/safe-js/src/interp/resources.test.ts [2m([22m[2m3 tests[22m[2m)[22m[32m 8[2mms[22m[39m
validate / unit	UNKNOWN STEP	2026-09-12T20:11:47.6798256Z  [32m✓[39m packages/safe-js/src/parse/sloppy-let-statement-bodies.test.ts [2m([22m[2m20 tests[22m[2m)[22m[33m 1101[2mms[22m[39m
validate / unit	UNKNOWN STEP	2026-09-12T20:11:48.4154888Z  [32m✓[39m packages/safe-js/src/interp/array-buffer-options.test.ts [2m([22m[2m7 tests[22m[2m)[22m[33m 514[2mms[22m[39m
validate / unit	UNKNOWN STEP	2026-09-12T20:11:48.9408774Z  [32m✓[39m packages/safe-js/src/interp/array-host-method-metadata.test.ts [2m([22m[2m2 tests[22m[2m)[22m[33m 391[2mms[22m[39m
validate / unit	UNKNOWN STEP	2026-09-12T20:11:49.1766549Z  [32m✓[39m packages/safe-js/src/parse/private-classes.test.ts [2m([22m[2m23 tests[22m[2m)[22m[32m 37[2mms[22m[39m
validate / unit	UNKNOWN STEP	2026-09-12T20:11:49.7034001Z  [32m✓[39m packages/safe-js/src/interp/methods/regex-final-qualifications.test.ts [2m([22m[2m7 tests[22m[2m)[22m[33m 420[2mms[22m[39m
validate / unit	UNKNOWN STEP	2026-09-12T20:11:51.0212893Z  [32m✓[39m packages/safe-js/src/interp/globals/temporal-month-day-year-month-input.test.ts [2m([22m[2m3 tests[22m[2m)[22m[33m 451[2mms[22m[39m
validate / unit	UNKNOWN STEP	2026-09-12T20:11:51.4203425Z  [32m✓[39m packages/safe-js/src/snapshot/eval-deleted-assignment.test.ts [2m([22m[2m5 tests[22m[2m)[22m[33m 1377[2mms[22m[39m
validate / unit	UNKNOWN STEP	2026-09-12T20:11:51.4205146Z    [33m[2m✓[22m[39m restores a deleted eval binding during x = (delete x,yield 1) [33m 438[2mms[22m[39m
validate / unit	UNKNOWN STEP	2026-09-12T20:11:52.5556076Z  [32m✓[39m packages/safe-js/src/interp/globals/temporal-string-options-order.test.ts [2m([22m[2m9 tests[22m[2m)[22m[33m 658[2mms[22m[39m
validate / unit	UNKNOWN STEP	2026-09-12T20:11:52.8734600Z  [32m✓[39m packages/safe-js/src/interp/globals/async-function-to-string-tag.test.ts [2m([22m[2m9 tests[22m[2m)[22m[33m 573[2mms[22m[39m
validate / unit	UNKNOWN STEP	2026-09-12T20:11:53.4112911Z  [32m✓[39m packages/safe-js/src/interp/dense-array-keys.test.ts [2m([22m[2m4 tests[22m[2m)[22m[32m 11[2mms[22m[39m
validate / unit	UNKNOWN STEP	2026-09-12T20:11:54.2696728Z  [32m✓[39m packages/safe-js/src/interp/measure-symbol-capture.test.ts [2m([22m[2m3 tests[22m[2m)[22m[32m 11[2mms[22m[39m
validate / unit	UNKNOWN STEP	2026-09-12T20:11:54.8021862Z  [32m✓[39m packages/safe-js/src/snapshot/strict-destructuring-bindings.test.ts [2m([22m[2m4 tests[22m[2m)[22m[33m 1095[2mms[22m[39m
validate / unit	UNKNOWN STEP	2026-09-12T20:11:54.8023530Z    [33m[2m✓[22m[39m restores strict destructuring references: '[value=(yield 1,delete globalThis.val…' [33m 460[2mms[22m[39m
validate / unit	UNKNOWN STEP	2026-09-12T20:11:55.5965538Z  [32m✓[39m packages/safe-js/src/interp/globals/temporal-plain-date-time-owned-input.test.ts [2m([22m[2m4 tests[22m[2m)[22m[33m 500[2mms[22m[39m
validate / unit	UNKNOWN STEP	2026-09-12T20:11:56.0140932Z  [32m✓[39m packages/safe-js/src/lint/eval-import-reads.test.ts [2m([22m[2m7 tests[22m[2m)[22m[33m 362[2mms[22m[39m
validate / unit	UNKNOWN STEP	2026-09-12T20:11:57.6523929Z  [32m✓[39m packages/safe-js/src/interp/delete-value.test.ts [2m([22m[2m16 tests[22m[2m)[22m[33m 802[2mms[22m[39m
validate / unit	UNKNOWN STEP	2026-09-12T20:11:57.9410484Z  [32m✓[39m packages/safe-js/src/parse/template-decimal-escapes.test.ts [2m([22m[2m17 tests[22m[2m)[22m[33m 1483[2mms[22m[39m
validate / unit	UNKNOWN STEP	2026-09-12T20:11:58.5489997Z  [32m✓[39m packages/safe-js/src/interp/typed-array-symbol-accounting.test.ts [2m([22m[2m25 tests[22m[2m)[22m[32m 15[2mms[22m[39m
validate / unit	UNKNOWN STEP	2026-09-12T20:11:59.5376796Z  [32m✓[39m packages/safe-js/src/interp/globals/dynamic-sloppy-grammar.test.ts [2m([22m[2m14 tests[22m[2m)[22m[33m 735[2mms[22m[39m
validate / unit	UNKNOWN STEP	2026-09-12T20:11:59.7724662Z  [32m✓[39m packages/safe-js/src/parse/sloppy-let-statements.test.ts [2m([22m[2m14 tests[22m[2m)[22m[32m 26[2mms[22m[39m
validate / unit	UNKNOWN STEP	2026-09-12T20:11:59.8632701Z  [32m✓[39m packages/safe-js/src/parse/for-in-sequence.test.ts [2m([22m[2m10 tests[22m[2m)[22m[33m 478[2mms[22m[39m
validate / unit	UNKNOWN STEP	2026-09-12T20:12:00.5870075Z  [32m✓[39m packages/safe-js/src/modules/module-environment.test.ts [2m([22m[2m3 tests[22m[2m)[22m[32m 13[2mms[22m[39m
validate / unit	UNKNOWN STEP	2026-09-12T20:12:01.9541824Z  [32m✓[39m packages/safe-js/src/interp/globals/promise-proxy-getter.test.ts [2m([22m[2m6 tests[22m[2m)[22m[33m 494[2mms[22m[39m
validate / unit	UNKNOWN STEP	2026-09-12T20:12:02.2589563Z  [32m✓[39m packages/safe-js/src/snapshot/dynamic-block-functions.test.ts [2m([22m[2m6 tests[22m[2m)[22m[33m 1564[2mms[22m[39m
validate / unit	UNKNOWN STEP	2026-09-12T20:12:02.2592611Z    [33m[2m✓[22m[39m restores legacy block-function bindings: const C=(function*(){}).constructor;const it=C('if(true)function answer(){return 7}yield 1;return answer()')();it.next();await 0;return it.next().value [33m 466[2mms[22m[39m
validate / unit	UNKNOWN STEP	2026-09-12T20:12:03.7651279Z  [32m✓[39m packages/safe-js/test/final-async-proof-representation.test.ts [2m([22m[2m3 tests[22m[2m)[22m[33m 743[2mms[22m[39m
validate / unit	UNKNOWN STEP	2026-09-12T20:12:03.7653506Z      [33m[2m✓[22m[39m recovers a joined data proof without starting another callback [33m 453[2mms[22m[39m
validate / unit	UNKNOWN STEP	2026-09-12T20:12:04.2391147Z  [32m✓[39m packages/safe-js/src/interp/object-copy-enumerability.test.ts [2m([22m[2m20 tests[22m[2m)[22m[33m 1155[2mms[22m[39m
validate / unit	UNKNOWN STEP	2026-09-12T20:12:04.5984496Z  [32m✓[39m packages/safe-js/src/interp/dom-exception-platform.test.ts [2m([22m[2m1 test[22m[2m)[22m[32m 6[2mms[22m[39m
validate / unit	UNKNOWN STEP	2026-09-12T20:12:05.4073319Z  [32m✓[39m packages/safe-js/src/interp/globals/promise-resolve-constructor.test.ts [2m([22m[2m4 tests[22m[2m)[22m[33m 319[2mms[22m[39m
validate / unit	UNKNOWN STEP	2026-09-12T20:12:05.4458181Z  [32m✓[39m packages/safe-js/src/interp/closure-measure-fast-path.test.ts [2m([22m[2m2 tests[22m[2m)[22m[32m 9[2mms[22m[39m
validate / unit	UNKNOWN STEP	2026-09-12T20:12:05.7117975Z  [32m✓[39m packages/safe-js/src/interp/intl-offset-zone.test.ts [2m([22m[2m29 tests[22m[2m)[22m[32m 93[2mms[22m[39m
validate / unit	UNKNOWN STEP	2026-09-12T20:12:06.7214910Z  [32m✓[39m packages/safe-js/src/interp/globals/promise-prototype-proxy-adoption.test.ts [2m([22m[2m4 tests[22m[2m)[22m[33m 466[2mms[22m[39m
validate / unit	UNKNOWN STEP	2026-09-12T20:12:07.3010222Z  [32m✓[39m packages/safe-js/src/snapshot/eval-parameter-environment.test.ts [2m([22m[2m2 tests[22m[2m)[22m[33m 743[2mms[22m[39m
validate / unit	UNKNOWN STEP	2026-09-12T20:12:07.3012154Z    [33m[2m✓[22m[39m preserves parameter and body environments after recovery: 'var x;' [33m 473[2mms[22m[39m
validate / unit	UNKNOWN STEP	2026-09-12T20:12:08.7958925Z  [32m✓[39m packages/safe-js/src/interp/methods/array-sort-validation-order.test.ts [2m([22m[2m4 tests[22m[2m)[22m[33m 617[2mms[22m[39m
validate / unit	UNKNOWN STEP	2026-09-12T20:12:08.9973673Z  [32m✓[39m packages/safe-js/src/interp/for-in-builtin-objects.test.ts [2m([22m[2m21 tests[22m[2m)[22m[33m 1405[2mms[22m[39m
validate / unit	UNKNOWN STEP	2026-09-12T20:12:09.9349433Z  [32m✓[39m packages/safe-js/src/interp/globals/temporal-plain-date-time-date-input.test.ts [2m([22m[2m3 tests[22m[2m)[22m[33m 301[2mms[22m[39m
validate / unit	UNKNOWN STEP	2026-09-12T20:12:10.0696214Z  [32m✓[39m packages/safe-js/src/interp/async-function-cancellation.test.ts [2m([22m[2m2 tests[22m[2m)[22m[32m 235[2mms[22m[39m
validate / unit	UNKNOWN STEP	2026-09-12T20:12:11.2406955Z  [32m✓[39m packages/safe-js/src/parse/statement-body-declarations.test.ts [2m([22m[2m11 tests[22m[2m)[22m[33m 333[2mms[22m[39m
validate / unit	UNKNOWN STEP	2026-09-12T20:12:11.3058911Z  [32m✓[39m packages/safe-js/src/interp/globals/intl-datetimeformat-zoned-rejection.test.ts [2m([22m[2m6 tests[22m[2m)[22m[33m 540[2mms[22m[39m
validate / unit	UNKNOWN STEP	2026-09-12T20:12:11.4745408Z  [32m✓[39m packages/safe-js/src/parse/parse-switch.test.ts [2m([22m[2m3 tests[22m[2m)[22m[32m 16[2mms[22m[39m
validate / unit	UNKNOWN STEP	2026-09-12T20:12:12.1233924Z  [32m✓[39m packages/safe-js/src/interp/global-scope.test.ts [2m([22m[2m3 tests[22m[2m)[22m[32m 7[2mms[22m[39m
validate / unit	UNKNOWN STEP	2026-09-12T20:12:12.3938666Z  [32m✓[39m packages/safe-js/src/parse/dynamic-delete.test.ts [2m([22m[2m40 tests[22m[2m)[22m[32m 60[2mms[22m[39m
validate / unit	UNKNOWN STEP	2026-09-12T20:12:12.6238548Z  [32m✓[39m packages/safe-js/src/interp/methods/regex-range-case.test.ts [2m([22m[2m13 tests[22m[2m)[22m[32m 282[2mms[22m[39m
validate / unit	UNKNOWN STEP	2026-09-12T20:12:13.7241123Z  [32m✓[39m packages/safe-js/src/interp/globals/eval-global-block-functions.test.ts [2m([22m[2m6 tests[22m[2m)[22m[33m 477[2mms[22m[39m
validate / unit	UNKNOWN STEP	2026-09-12T20:12:13.9762316Z  [32m✓[39m packages/safe-js/src/parse/legacy-for-in-initializers.test.ts [2m([22m[2m14 tests[22m[2m)[22m[33m 512[2mms[22m[39m
validate / unit	UNKNOWN STEP	2026-09-12T20:12:15.2512478Z  [32m✓[39m packages/safe-js/src/interp/float32-slice-resize.test.ts [2m([22m[2m5 tests[22m[2m)[22m[33m 434[2mms[22m[39m
validate / unit	UNKNOWN STEP	2026-09-12T20:12:15.8030657Z  [32m✓[39m packages/safe-js/src/snapshot/undefined-binding.test.ts [2m([22m[2m2 tests[22m[2m)[22m[33m 1217[2mms[22m[39m
validate / unit	UNKNOWN STEP	2026-09-12T20:12:15.8032921Z    [33m[2m✓[22m[39m preserves undefined lookup through repeated closure snapshots: return ()=>undefined [33m 747[2mms[22m[39m
validate / unit	UNKNOWN STEP	2026-09-12T20:12:15.8034922Z    [33m[2m✓[22m[39m preserves undefined lookup through repeated closure snapshots: let undefined=7;return ()=>undefined [33m 468[2mms[22m[39m
validate / unit	UNKNOWN STEP	2026-09-12T20:12:16.8291847Z  [32m✓[39m packages/safe-js/src/snapshot/eval-delete-update.test.ts [2m([22m[2m2 tests[22m[2m)[22m[33m 716[2mms[22m[39m
validate / unit	UNKNOWN STEP	2026-09-12T20:12:16.8293941Z    [33m[2m✓[22m[39m preserves an eval binding deleted by restored numeric conversion: 2 [33m 439[2mms[22m[39m
validate / unit	UNKNOWN STEP	2026-09-12T20:12:16.9713920Z  [32m✓[39m packages/safe-js/src/interp/spread-result-properties.test.ts [2m([22m[2m2 tests[22m[2m)[22m[32m 260[2mms[22m[39m
validate / unit	UNKNOWN STEP	2026-09-12T20:12:17.1666325Z  [32m✓[39m packages/safe-js/src/modules/fail.test.ts [2m([22m[2m3 tests[22m[2m)[22m[32m 7[2mms[22m[39m
validate / unit	UNKNOWN STEP	2026-09-12T20:12:17.4085718Z  [32m✓[39m packages/safe-js/src/parse/dynamic-static-import.test.ts [2m([22m[2m40 tests[22m[2m)[22m[32m 59[2mms[22m[39m
validate / unit	UNKNOWN STEP	2026-09-12T20:12:18.1601077Z  [32m✓[39m packages/safe-js/src/parse/for-of-let-lookahead.test.ts [2m([22m[2m9 tests[22m[2m)[22m[33m 490[2mms[22m[39m
validate / unit	UNKNOWN STEP	2026-09-12T20:12:18.2574967Z  [32m✓[39m packages/safe-js/src/interp/globals/temporal-rounding-options.test.ts [2m([22m[2m9 tests[22m[2m)[22m[32m 10[2mms[22m[39m
validate / unit	UNKNOWN STEP	2026-09-12T20:12:19.6338196Z  [32m✓[39m packages/safe-js/src/interp/globals/proxy-callable-tag.test.ts [2m([22m[2m10 tests[22m[2m)[22m[33m 646[2mms[22m[39m
validate / unit	UNKNOWN STEP	2026-09-12T20:12:20.8632134Z  [32m✓[39m packages/safe-js/src/snapshot/buffer-prototype-replay.test.ts [2m([22m[2m9 tests[22m[2m)[22m[33m 1767[2mms[22m[39m
validate / unit	UNKNOWN STEP	2026-09-12T20:12:20.8635044Z      [33m[2m✓[22m[39m retains supported state: class Derived extends ArrayBuffer{}const value=new Derived(4);await 0;return [value instanceof Derived,value.byteLength] [33m 341[2mms[22m[39m
validate / unit	UNKNOWN STEP	2026-09-12T20:12:21.1055643Z  [32m✓[39m packages/safe-js/src/parse/dynamic-import.test.ts [2m([22m[2m11 tests[22m[2m)[22m[32m 17[2mms[22m[39m
validate / unit	UNKNOWN STEP	2026-09-12T20:12:21.2003510Z  [32m✓[39m packages/safe-js/src/snapshot/function-restricted-accessors.test.ts [2m([22m[2m2 tests[22m[2m)[22m[33m 705[2mms[22m[39m
validate / unit	UNKNOWN STEP	2026-09-12T20:12:21.2005469Z    [33m[2m✓[22m[39m restores restricted accessor identity and mutations: '' [33m 445[2mms[22m[39m
validate / unit	UNKNOWN STEP	2026-09-12T20:12:22.5828168Z  [32m✓[39m packages/safe-js/src/snapshot/global-bindings.test.ts [2m([22m[2m1 test[22m[2m)[22m[33m 621[2mms[22m[39m
validate / unit	UNKNOWN STEP	2026-09-12T20:12:22.5830247Z    [33m[2m✓[22m[39m preserves writable globals captured by a closure across repeated JSON round trips [33m 618[2mms[22m[39m
validate / unit	UNKNOWN STEP	2026-09-12T20:12:23.4652419Z  [32m✓[39m packages/safe-js/src/interp/guest-proxy-prototype-retention.test.ts [2m([22m[2m2 tests[22m[2m)[22m[32m 9[2mms[22m[39m
validate / unit	UNKNOWN STEP	2026-09-12T20:12:23.9651283Z  [32m✓[39m packages/safe-js/src/interp/globals/collection-prototype-noop.test.ts [2m([22m[2m37 tests[22m[2m)[22m[33m 1899[2mms[22m[39m
validate / unit	UNKNOWN STEP	2026-09-12T20:12:24.8543202Z  [32m✓[39m packages/safe-js/src/interp/globals/string-concat-symbol.test.ts [2m([22m[2m8 tests[22m[2m)[22m[33m 532[2mms[22m[39m
validate / unit	UNKNOWN STEP	2026-09-12T20:12:25.5334874Z  [32m✓[39m packages/safe-js/src/interp/globals/eval-parameter-function-kinds.test.ts [2m([22m[2m9 tests[22m[2m)[22m[33m 673[2mms[22m[39m
validate / unit	UNKNOWN STEP	2026-09-12T20:12:25.7696121Z  [32m✓[39m packages/safe-js/src/parse/strict-reserved-references.test.ts [2m([22m[2m16 tests[22m[2m)[22m[32m 37[2mms[22m[39m
validate / unit	UNKNOWN STEP	2026-09-12T20:12:26.4581428Z  [32m✓[39m packages/safe-js/src/cli-dynamic-source.test.ts [2m([22m[2m6 tests[22m[2m)[22m[33m 1352[2mms[22m[39m
validate / unit	UNKNOWN STEP	2026-09-12T20:12:26.4582939Z      [33m[2m✓[22m[39m executes return Function("a", "return a + 1")(2); without suppressing lint [33m 1033[2mms[22m[39m
validate / unit	UNKNOWN STEP	2026-09-12T20:12:26.7236114Z  [32m✓[39m packages/safe-js/src/parse/strict-restricted-targets.test.ts [2m([22m[2m4 tests[22m[2m)[22m[32m 49[2mms[22m[39m
validate / unit	UNKNOWN STEP	2026-09-12T20:12:27.2817107Z  [32m✓[39m packages/safe-js/src/interp/proxy-primitive-conversion.test.ts [2m([22m[2m9 tests[22m[2m)[22m[33m 628[2mms[22m[39m
validate / unit	UNKNOWN STEP	2026-09-12T20:12:27.8952087Z  [32m✓[39m packages/safe-js/src/snapshot/reference-error-stack.test.ts [2m([22m[2m1 test[22m[2m)[22m[32m 281[2mms[22m[39m
validate / unit	UNKNOWN STEP	2026-09-12T20:12:29.2212655Z  [32m✓[39m packages/safe-js/src/interp/strict-destructuring-bindings.test.ts [2m([22m[2m6 tests[22m[2m)[22m[33m 453[2mms[22m[39m
validate / unit	UNKNOWN STEP	2026-09-12T20:12:29.2249342Z  [32m✓[39m packages/safe-js/src/interp/globals/eval-for-switch-completion.test.ts [2m([22m[2m22 tests[22m[2m)[22m[33m 1083[2mms[22m[39m
validate / unit	UNKNOWN STEP	2026-09-12T20:12:30.2918707Z  [32m✓[39m packages/safe-js/src/snapshot/guest-dump.test.ts [2m([22m[2m1 test[22m[2m)[22m[32m 204[2mms[22m[39m
validate / unit	UNKNOWN STEP	2026-09-12T20:12:31.2197907Z  [32m✓[39m packages/safe-js/src/run.replay-input-allocation-budgets.test.ts [2m([22m[2m4 tests[22m[2m)[22m[33m 910[2mms[22m[39m
validate / unit	UNKNOWN STEP	2026-09-12T20:12:31.2202290Z    [33m[2m✓[22m[39m enforces replay input allocation limits {"data":"xxxxxxxxxxxxxxxxxxxxxxxxxxxxxxxxxxxxxxxxxxxxxxxxxxxxxxxxxxxxxxxxxxxxxxxxxxxxxxxxxxxxxxxxxxxxxxxxxxxxxxxxxxxxxxxxxxxxxxxxxxxxxxxx","limits":{"stringLength":128},"accepted":true} [33m 365[2mms[22m[39m
validate / unit	UNKNOWN STEP	2026-09-12T20:12:32.1976405Z  [32m✓[39m packages/safe-js/src/interp/structured-clone-intl.test.ts [2m([22m[2m17 tests[22m[2m)[22m[33m 1025[2mms[22m[39m
validate / unit	UNKNOWN STEP	2026-09-12T20:12:33.0896309Z  [32m✓[39m packages/safe-js/src/snapshot/duplicate-block-functions.test.ts [2m([22m[2m3 tests[22m[2m)[22m[33m 972[2mms[22m[39m
validate / unit	UNKNOWN STEP	2026-09-12T20:12:33.0898491Z    [33m[2m✓[22m[39m restores repeated block-function bindings: {yield f();function f(){return 1}function f(){return 2}yield f()}return f() [33m 492[2mms[22m[39m
validate / unit	UNKNOWN STEP	2026-09-12T20:12:33.4800074Z  [32m✓[39m packages/safe-js/src/parse/labeled-functions.test.ts [2m([22m[2m13 tests[22m[2m)[22m[33m 419[2mms[22m[39m
validate / unit	UNKNOWN STEP	2026-09-12T20:12:33.7528454Z  [32m✓[39m packages/safe-js/src/parse/bigint-literals.test.ts [2m([22m[2m18 tests[22m[2m)[22m[32m 36[2mms[22m[39m
validate / unit	UNKNOWN STEP	2026-09-12T20:12:34.5824987Z  [32m✓[39m packages/safe-js/src/interp/produced-value-allocation.test.ts [2m([22m[2m5 tests[22m[2m)[22m[32m 8[2mms[22m[39m
validate / unit	UNKNOWN STEP	2026-09-12T20:12:34.6268879Z  [32m✓[39m packages/safe-js/src/interp/globals/eval-declaration-conflicts.test.ts [2m([22m[2m11 tests[22m[2m)[22m[33m 670[2mms[22m[39m
validate / unit	UNKNOWN STEP	2026-09-12T20:12:35.4102934Z  [32m✓[39m packages/safe-js/src/interp/structured-clone-promises.test.ts [2m([22m[2m4 tests[22m[2m)[22m[32m 13[2mms[22m[39m
validate / unit	UNKNOWN STEP	2026-09-12T20:12:35.5924017Z  [32m✓[39m packages/safe-js/src/interp/intl-iso-month.test.ts [2m([22m[2m8 tests[22m[2m)[22m[32m 10[2mms[22m[39m
validate / unit	UNKNOWN STEP	2026-09-12T20:12:36.7429594Z  [32m✓[39m packages/safe-js/src/snapshot/sloppy-let.test.ts [2m([22m[2m5 tests[22m[2m)[22m[33m 1273[2mms[22m[39m
validate / unit	UNKNOWN STEP	2026-09-12T20:12:36.7432375Z    [33m[2m✓[22m[39m executes and restores a non-strict let binding: var let=1;yield let;let=3;return let [33m 408[2mms[22m[39m
validate / unit	UNKNOWN STEP	2026-09-12T20:12:36.8821034Z  [32m✓[39m packages/safe-js/src/interp/float32-join-resize.test.ts [2m([22m[2m5 tests[22m[2m)[22m[33m 428[2mms[22m[39m
validate / unit	UNKNOWN STEP	2026-09-12T20:12:37.0543218Z  [32m✓[39m packages/safe-js/src/error/native-suppressed-error.test.ts [2m([22m[2m2 tests[22m[2m)[22m[32m 9[2mms[22m[39m
validate / unit	UNKNOWN STEP	2026-09-12T20:12:37.6688478Z  [32m✓[39m packages/safe-js/src/interp/tagged-template-error-order.test.ts [2m([22m[2m7 tests[22m[2m)[22m[32m 55[2mms[22m[39m
validate / unit	UNKNOWN STEP	2026-09-12T20:12:38.5294769Z  [32m✓[39m packages/safe-js/src/interp/promise-property-capture.test.ts [2m([22m[2m1 test[22m[2m)[22m[32m 13[2mms[22m[39m
validate / unit	UNKNOWN STEP	2026-09-12T20:12:38.7211999Z  [32m✓[39m packages/safe-js/test/array-worker-contract.test.ts [2m([22m[2m8 tests[22m[2m)[22m[32m 7[2mms[22m[39m
validate / unit	UNKNOWN STEP	2026-09-12T20:12:38.7597842Z  [32m✓[39m packages/safe-js/src/snapshot/async-function-to-string-tag.test.ts [2m([22m[2m3 tests[22m[2m)[22m[33m 884[2mms[22m[39m
validate / unit	UNKNOWN STEP	2026-09-12T20:12:38.7600102Z    [33m[2m✓[22m[39m restores async tags for bound=false deleted=true [33m 434[2mms[22m[39m
validate / unit	UNKNOWN STEP	2026-09-12T20:12:40.0961811Z  [32m✓[39m packages/safe-js/src/interp/catch-reference-errors.test.ts [2m([22m[2m9 tests[22m[2m)[22m[33m 500[2mms[22m[39m
validate / unit	UNKNOWN STEP	2026-09-12T20:12:40.4525377Z  [32m✓[39m packages/safe-js/src/snapshot/array-unscopables-descriptors.test.ts [2m([22m[2m3 tests[22m[2m)[22m[33m 892[2mms[22m[39m
validate / unit	UNKNOWN STEP	2026-09-12T20:12:40.4527032Z    [33m[2m✓[22m[39m recovers unscopables records independently of dynamic source: '' [33m 407[2mms[22m[39m
validate / unit	UNKNOWN STEP	2026-09-12T20:12:41.1553404Z  [32m✓[39m packages/safe-js/src/snapshot/async-function-live-capture.test.ts [2m([22m[2m1 test[22m[2m)[22m[32m 176[2mms[22m[39m
validate / unit	UNKNOWN STEP	2026-09-12T20:12:42.0669303Z  [32m✓[39m packages/safe-js/src/snapshot/for-in-sequence.test.ts [2m([22m[2m2 tests[22m[2m)[22m[33m 767[2mms[22m[39m
validate / unit	UNKNOWN STEP	2026-09-12T20:12:42.0671340Z    [33m[2m✓[22m[39m restores a suspended for-in sequence without repeating effects: const seen=[];for(const x in seen.push("before"),yield 0,{a:1})seen.push(x);return seen [33m 476[2mms[22m[39m
validate / unit	UNKNOWN STEP	2026-09-12T20:12:43.2561944Z  [32m✓[39m packages/safe-js/src/parse/contextual-shorthand.test.ts [2m([22m[2m6 tests[22m[2m)[22m[33m 1192[2mms[22m[39m
validate / unit	UNKNOWN STEP	2026-09-12T20:12:43.2562969Z    [33m[2m✓[22m[39m accepts non-strict contextual shorthand as [33m 393[2mms[22m[39m
validate / unit	UNKNOWN STEP	2026-09-12T20:12:43.5260245Z  [32m✓[39m packages/safe-js/src/parse/yield-conditional-operand.test.ts [2m([22m[2m7 tests[22m[2m)[22m[33m 580[2mms[22m[39m
validate / unit	UNKNOWN STEP	2026-09-12T20:12:44.5746379Z  [32m✓[39m packages/safe-js/src/snapshot/arguments-restricted-descriptor.test.ts [2m([22m[2m1 test[22m[2m)[22m[33m 461[2mms[22m[39m
validate / unit	UNKNOWN STEP	2026-09-12T20:12:44.5748834Z    [33m[2m✓[22m[39m restores strict callee descriptor identity in the resumed realm [33m 458[2mms[22m[39m
validate / unit	UNKNOWN STEP	2026-09-12T20:12:45.2801042Z  [32m✓[39m packages/safe-js/src/snapshot/array-unscopables.test.ts [2m([22m[2m3 tests[22m[2m)[22m[33m 910[2mms[22m[39m
validate / unit	UNKNOWN STEP	2026-09-12T20:12:45.2802805Z    [33m[2m✓[22m[39m restores array unscopables identity and behavior: '' [33m 466[2mms[22m[39m
validate / unit	UNKNOWN STEP	2026-09-12T20:12:46.1755531Z  [32m✓[39m packages/safe-js/src/snapshot/legacy-for-in-initializers.test.ts [2m([22m[2m2 tests[22m[2m)[22m[33m 697[2mms[22m[39m
validate / unit	UNKNOWN STEP	2026-09-12T20:12:46.1757837Z    [33m[2m✓[22m[39m restores legacy initialization without repeating effects: var log=[];for(var x=(log.push("init"),yield 0) in {a:1}){yield x}return log [33m 443[2mms[22m[39m
validate / unit	UNKNOWN STEP	2026-09-12T20:12:47.0577281Z  [32m✓[39m packages/safe-js/src/interp/globals/eval-loop-completion.test.ts [2m([22m[2m18 tests[22m[2m)[22m[33m 896[2mms[22m[39m
validate / unit	UNKNOWN STEP	2026-09-12T20:12:47.3027882Z  [32m✓[39m packages/safe-js/src/parse/loop-var-conflicts.test.ts [2m([22m[2m17 tests[22m[2m)[22m[32m 26[2mms[22m[39m
validate / unit	UNKNOWN STEP	2026-09-12T20:12:47.6794677Z  [32m✓[39m packages/safe-js/src/interp/symbol-boxing.test.ts [2m([22m[2m11 tests[22m[2m)[22m[33m 595[2mms[22m[39m
validate / unit	UNKNOWN STEP	2026-09-12T20:12:48.5436453Z  [32m✓[39m packages/safe-js/src/parse/for-of-async-lookahead.test.ts [2m([22m[2m9 tests[22m[2m)[22m[33m 393[2mms[22m[39m
validate / unit	UNKNOWN STEP	2026-09-12T20:12:48.6550913Z  [32m✓[39m packages/safe-js/src/interp/structured-clone-null-prototype.test.ts [2m([22m[2m2 tests[22m[2m)[22m[32m 153[2mms[22m[39m
validate / unit	UNKNOWN STEP	2026-09-12T20:12:48.8514548Z  [32m✓[39m packages/safe-js/src/parse/unicode-whitespace.test.ts [2m([22m[2m20 tests[22m[2m)[22m[32m 14[2mms[22m[39m
validate / unit	UNKNOWN STEP	2026-09-12T20:12:49.0733951Z  [32m✓[39m packages/safe-js/src/parse/object-rest-assignment.test.ts [2m([22m[2m14 tests[22m[2m)[22m[32m 24[2mms[22m[39m
validate / unit	UNKNOWN STEP	2026-09-12T20:12:49.7018556Z  [32m✓[39m packages/safe-js/src/interp/reference-error-stack.test.ts [2m([22m[2m5 tests[22m[2m)[22m[32m 278[2mms[22m[39m
validate / unit	UNKNOWN STEP	2026-09-12T20:12:50.0450450Z  [32m✓[39m packages/safe-js/src/interp/regex/compile-ingress.test.ts [2m([22m[2m3 tests[22m[2m)[22m[32m 114[2mms[22m[39m
validate / unit	UNKNOWN STEP	2026-09-12T20:12:51.0227472Z  [32m✓[39m packages/safe-js/src/interp/regexp-presence.test.ts [2m([22m[2m7 tests[22m[2m)[22m[33m 439[2mms[22m[39m
validate / unit	UNKNOWN STEP	2026-09-12T20:12:51.3376873Z  [32m✓[39m packages/safe-js/src/interp/for-in-array-properties.test.ts [2m([22m[2m6 tests[22m[2m)[22m[33m 448[2mms[22m[39m
validate / unit	UNKNOWN STEP	2026-09-12T20:12:52.3074168Z  [32m✓[39m packages/safe-js/src/interp/globals/promise-to-string-tag.test.ts [2m([22m[2m7 tests[22m[2m)[22m[33m 428[2mms[22m[39m
validate / unit	UNKNOWN STEP	2026-09-12T20:12:52.9088841Z  [32m✓[39m packages/safe-js/src/interp/delete-primitive.test.ts [2m([22m[2m14 tests[22m[2m)[22m[33m 731[2mms[22m[39m
validate / unit	UNKNOWN STEP	2026-09-12T20:12:53.8580917Z  [32m✓[39m packages/safe-js/src/interp/globals/dynamic-function-self-binding.test.ts [2m([22m[2m12 tests[22m[2m)[22m[33m 709[2mms[22m[39m
validate / unit	UNKNOWN STEP	2026-09-12T20:12:54.2288193Z  [32m✓[39m packages/safe-js/src/interp/array-buffer-host-compatibility.test.ts [2m([22m[2m2 tests[22m[2m)[22m[33m 1145[2mms[22m[39m
validate / unit	UNKNOWN STEP	2026-09-12T20:12:54.2290428Z    [33m[2m✓[22m[39m supports fixed buffers without host methods "resize" [33m 912[2mms[22m[39m
validate / unit	UNKNOWN STEP	2026-09-12T20:12:54.7424933Z  [32m✓[39m packages/safe-js/src/interp/structured-clone-sdk-symbol.test.ts [2m([22m[2m7 tests[22m[2m)[22m[32m 15[2mms[22m[39m
validate / unit	UNKNOWN STEP	2026-09-12T20:12:55.7346843Z  [32m✓[39m packages/safe-js/src/snapshot/labeled-functions.test.ts [2m([22m[2m2 tests[22m[2m)[22m[33m 661[2mms[22m[39m
validate / unit	UNKNOWN STEP	2026-09-12T20:12:55.7369240Z    [33m[2m✓[22m[39m restores a labeled function across generator suspension: label:function f(){return 3}yield 0;return f() [33m 418[2mms[22m[39m
validate / unit	UNKNOWN STEP	2026-09-12T20:12:55.9561929Z  [32m✓[39m packages/safe-js/src/interp/budget-owner.test.ts [2m([22m[2m2 tests[22m[2m)[22m[32m 8[2mms[22m[39m
validate / unit	UNKNOWN STEP	2026-09-12T20:12:56.2182332Z  [32m✓[39m packages/safe-js/src/interp/globals/eval-delete-update.test.ts [2m([22m[2m9 tests[22m[2m)[22m[33m 646[2mms[22m[39m
validate / unit	UNKNOWN STEP	2026-09-12T20:12:57.2488951Z  [32m✓[39m packages/safe-js/src/interp/globals/deleted-to-string-tag.test.ts [2m([22m[2m8 tests[22m[2m)[22m[33m 448[2mms[22m[39m
validate / unit	UNKNOWN STEP	2026-09-12T20:12:57.4388711Z  [32m✓[39m packages/safe-js/src/interp/disposal-symbol-compatibility.test.ts [2m([22m[2m1 test[22m[2m)[22m[32m 9[2mms[22m[39m
validate / unit	UNKNOWN STEP	2026-09-12T20:12:57.6545067Z  [32m✓[39m packages/safe-js/src/lint/eval-binding-reads.test.ts [2m([22m[2m9 tests[22m[2m)[22m[32m 25[2mms[22m[39m
validate / unit	UNKNOWN STEP	2026-09-12T20:12:57.8920528Z  [32m✓[39m packages/safe-js/src/snapshot/promise-to-string-tag.test.ts [2m([22m[2m3 tests[22m[2m)[22m[33m 835[2mms[22m[39m
validate / unit	UNKNOWN STEP	2026-09-12T20:12:57.8921753Z    [33m[2m✓[22m[39m restores Promise tag changes: '' [33m 414[2mms[22m[39m
validate / unit	UNKNOWN STEP	2026-09-12T20:12:58.9272887Z  [32m✓[39m packages/safe-js/src/interp/globals/array-unscopables.test.ts [2m([22m[2m6 tests[22m[2m)[22m[33m 418[2mms[22m[39m
validate / unit	UNKNOWN STEP	2026-09-12T20:12:59.1710426Z  [32m✓[39m packages/safe-js/src/interp/iteration-proxy-acquire.test.ts [2m([22m[2m5 tests[22m[2m)[22m[33m 448[2mms[22m[39m
validate / unit	UNKNOWN STEP	2026-09-12T20:13:00.4489795Z  [32m✓[39m packages/safe-js/src/interp/structured-clone-sdk-iterators.test.ts [2m([22m[2m6 tests[22m[2m)[22m[33m 664[2mms[22m[39m
validate / unit	UNKNOWN STEP	2026-09-12T20:13:00.7863841Z  [32m✓[39m packages/safe-js/src/snapshot/eval-delete-block-function.test.ts [2m([22m[2m2 tests[22m[2m)[22m[33m 756[2mms[22m[39m
validate / unit	UNKNOWN STEP	2026-09-12T20:13:00.7867611Z    [33m[2m✓[22m[39m recovers the recreated eval variable with outer binding=false [33m 474[2mms[22m[39m
validate / unit	UNKNOWN STEP	2026-09-12T20:13:00.9835822Z  [32m✓[39m packages/safe-js/src/interp/intl-duration-locale.test.ts [2m([22m[2m7 tests[22m[2m)[22m[32m 8[2mms[22m[39m
validate / unit	UNKNOWN STEP	2026-09-12T20:13:01.7477189Z  [32m✓[39m packages/safe-js/src/interp/float32-resize-methods.test.ts [2m([22m[2m6 tests[22m[2m)[22m[33m 422[2mms[22m[39m
validate / unit	UNKNOWN STEP	2026-09-12T20:13:02.8730097Z  [32m✓[39m packages/safe-js/src/lint/escape-globals.test.ts [2m([22m[2m6 tests[22m[2m)[22m[32m 199[2mms[22m[39m
validate / unit	UNKNOWN STEP	2026-09-12T20:13:03.0754545Z  [32m✓[39m packages/safe-js/src/parse/unicode-line-terminators.test.ts [2m([22m[2m4 tests[22m[2m)[22m[32m 8[2mms[22m[39m
validate / unit	UNKNOWN STEP	2026-09-12T20:13:03.0959099Z  [32m✓[39m packages/safe-js/src/interp/globals/eval-function-execution.test.ts [2m([22m[2m24 tests[22m[2m)[22m[33m 1243[2mms[22m[39m
validate / unit	UNKNOWN STEP	2026-09-12T20:13:04.4277890Z  [32m✓[39m packages/safe-js/src/interp/structured-clone-weak-state.test.ts [2m([22m[2m4 tests[22m[2m)[22m[33m 481[2mms[22m[39m
validate / unit	UNKNOWN STEP	2026-09-12T20:13:05.4733014Z  [32m✓[39m packages/safe-js/src/interp/globals/string-ignored-arguments.test.ts [2m([22m[2m28 tests[22m[2m)[22m[33m 1550[2mms[22m[39m
validate / unit	UNKNOWN STEP	2026-09-12T20:13:05.7934284Z  [32m✓[39m packages/safe-js/src/interp/structured-clone-sdk-runtime-records.test.ts [2m([22m[2m5 tests[22m[2m)[22m[33m 536[2mms[22m[39m
validate / unit	UNKNOWN STEP	2026-09-12T20:13:06.9581501Z  [32m✓[39m packages/safe-js/src/interp/globals/object-enumerability-mutation.test.ts [2m([22m[2m10 tests[22m[2m)[22m[33m 618[2mms[22m[39m
validate / unit	UNKNOWN STEP	2026-09-12T20:13:07.0160752Z  [32m✓[39m packages/safe-js/src/interp/structured-clone-sdk-executable.test.ts [2m([22m[2m6 tests[22m[2m)[22m[33m 368[2mms[22m[39m
validate / unit	UNKNOWN STEP	2026-09-12T20:13:07.8126110Z  [32m✓[39m packages/safe-js/src/interp/async-disposable-stack-state.test.ts [2m([22m[2m1 test[22m[2m)[22m[32m 7[2mms[22m[39m
validate / unit	UNKNOWN STEP	2026-09-12T20:13:08.0585436Z  [32m✓[39m packages/safe-js/src/parse/reserved-identifier-positions.test.ts [2m([22m[2m16 tests[22m[2m)[22m[32m 41[2mms[22m[39m
validate / unit	UNKNOWN STEP	2026-09-12T20:13:08.1058313Z  [32m✓[39m packages/safe-js/src/interp/error-diagnostic-accessors.test.ts [2m([22m[2m4 tests[22m[2m)[22m[33m 314[2mms[22m[39m
validate / unit	UNKNOWN STEP	2026-09-12T20:13:09.2442383Z  [32m✓[39m packages/safe-js/src/interp/globals/temporal-duration-total-boundary.test.ts [2m([22m[2m3 tests[22m[2m)[22m[33m 362[2mms[22m[39m
validate / unit	UNKNOWN STEP	2026-09-12T20:13:09.6972285Z  [32m✓[39m packages/safe-js/src/parse/template-regex-boundaries.test.ts [2m([22m[2m13 tests[22m[2m)[22m[33m 740[2mms[22m[39m
validate / unit	UNKNOWN STEP	2026-09-12T20:13:10.6373178Z  [32m✓[39m packages/safe-js/src/interp/globals/eval-class-arguments.test.ts [2m([22m[2m9 tests[22m[2m)[22m[33m 508[2mms[22m[39m
validate / unit	UNKNOWN STEP	2026-09-12T20:13:10.9463848Z  [32m✓[39m packages/safe-js/src/interp/globals/json-function-hooks.test.ts [2m([22m[2m5 tests[22m[2m)[22m[33m 391[2mms[22m[39m
validate / unit	UNKNOWN STEP	2026-09-12T20:13:11.1682944Z  [32m✓[39m packages/safe-js/src/interp/temporal-calendar-string.test.ts [2m([22m[2m19 tests[22m[2m)[22m[32m 12[2mms[22m[39m
validate / unit	UNKNOWN STEP	2026-09-12T20:13:11.5847491Z  [32m✓[39m packages/safe-js/src/modules/fs.workerd.test.ts [2m([22m[2m1 test[22m[2m)[22m[32m 10[2mms[22m[39m
validate / unit	UNKNOWN STEP	2026-09-12T20:13:12.2313880Z  [32m✓[39m packages/safe-js/src/interp/collection-instance-origin.test.ts [2m([22m[2m2 tests[22m[2m)[22m[32m 259[2mms[22m[39m
validate / unit	UNKNOWN STEP	2026-09-12T20:13:13.2728878Z  [32m✓[39m packages/safe-js/src/snapshot/deleted-to-string-tag.test.ts [2m([22m[2m3 tests[22m[2m)[22m[33m 849[2mms[22m[39m
validate / unit	UNKNOWN STEP	2026-09-12T20:13:13.2744489Z    [33m[2m✓[22m[39m restores deleted Map.prototype tags [33m 418[2mms[22m[39m
validate / unit	UNKNOWN STEP	2026-09-12T20:13:13.3917681Z  [32m✓[39m packages/safe-js/src/lint/proxy-global.test.ts [2m([22m[2m4 tests[22m[2m)[22m[32m 245[2mms[22m[39m
validate / unit	UNKNOWN STEP	2026-09-12T20:13:14.1222030Z  [32m✓[39m packages/safe-js/src/interp/numberformat-bundle-initialization.test.ts [2m([22m[2m1 test[22m[2m)[22m[33m 642[2mms[22m[39m
validate / unit	UNKNOWN STEP	2026-09-12T20:13:14.1224191Z    [33m[2m✓[22m[39m emits valid JavaScript when the runtime is bundled behind a dynamic import [33m 640[2mms[22m[39m
validate / unit	UNKNOWN STEP	2026-09-12T20:13:14.8007830Z  [32m✓[39m packages/safe-js/src/interp/exception-function-hoisting.test.ts [2m([22m[2m7 tests[22m[2m)[22m[33m 435[2mms[22m[39m
validate / unit	UNKNOWN STEP	2026-09-12T20:13:15.6726044Z  [32m✓[39m packages/safe-js/src/interp/globals/eval-with-completion.test.ts [2m([22m[2m12 tests[22m[2m)[22m[33m 682[2mms[22m[39m
validate / unit	UNKNOWN STEP	2026-09-12T20:13:15.7930186Z  [32m✓[39m packages/safe-js/src/interp/regex/compile-callback-stack.test.ts [2m([22m[2m1 test[22m[2m)[22m[32m 138[2mms[22m[39m
validate / unit	UNKNOWN STEP	2026-09-12T20:13:16.6826207Z  [32m✓[39m packages/safe-js/src/interp/array-write-context.test.ts [2m([22m[2m1 test[22m[2m)[22m[32m 156[2mms[22m[39m
validate / unit	UNKNOWN STEP	2026-09-12T20:13:16.8829532Z  [32m✓[39m packages/safe-js/src/lint/atomics-global.test.ts [2m([22m[2m3 tests[22m[2m)[22m[32m 194[2mms[22m[39m
validate / unit	UNKNOWN STEP	2026-09-12T20:13:18.1822328Z  [32m✓[39m packages/safe-js/src/interp/globals/bigint-coercion.test.ts [2m([22m[2m13 tests[22m[2m)[22m[33m 669[2mms[22m[39m
validate / unit	UNKNOWN STEP	2026-09-12T20:13:18.5660836Z  [32m✓[39m packages/safe-js/src/interp/globals/eval-completion.test.ts [2m([22m[2m17 tests[22m[2m)[22m[33m 837[2mms[22m[39m
validate / unit	UNKNOWN STEP	2026-09-12T20:13:19.0296661Z  [32m✓[39m packages/safe-js/src/interp/structured-clone-capabilities.test.ts [2m([22m[2m2 tests[22m[2m)[22m[32m 8[2mms[22m[39m
validate / unit	UNKNOWN STEP	2026-09-12T20:13:19.5640829Z  [32m✓[39m packages/safe-js/src/interp/regex/compile-callback-receiver.test.ts [2m([22m[2m1 test[22m[2m)[22m[32m 157[2mms[22m[39m
validate / unit	UNKNOWN STEP	2026-09-12T20:13:19.7723275Z  [32m✓[39m packages/safe-js/src/parse/unicode-line-continuations.test.ts [2m([22m[2m2 tests[22m[2m)[22m[32m 10[2mms[22m[39m
validate / unit	UNKNOWN STEP	2026-09-12T20:13:20.4035698Z  [32m✓[39m packages/safe-js/src/interp/globals/temporal-plain-year-month-partial.test.ts [2m([22m[2m5 tests[22m[2m)[22m[33m 519[2mms[22m[39m
validate / unit	UNKNOWN STEP	2026-09-12T20:13:20.5931012Z  [32m✓[39m packages/safe-js/test/adversarial/report.test.ts [2m([22m[2m2 tests[22m[2m)[22m[32m 6[2mms[22m[39m
validate / unit	UNKNOWN STEP	2026-09-12T20:13:20.8493174Z  [32m✓[39m packages/safe-js/src/interp/async-function-driver.test.ts [2m([22m[2m2 tests[22m[2m)[22m[32m 219[2mms[22m[39m
validate / unit	UNKNOWN STEP	2026-09-12T20:13:21.8941991Z  [32m✓[39m packages/safe-js/src/interp/globals/temporal-plain-month-day-partial.test.ts [2m([22m[2m4 tests[22m[2m)[22m[33m 467[2mms[22m[39m
validate / unit	UNKNOWN STEP	2026-09-12T20:13:22.0135819Z  [32m✓[39m packages/safe-js/src/interp/globals/eval-budget.test.ts [2m([22m[2m2 tests[22m[2m)[22m[33m 327[2mms[22m[39m
validate / unit	UNKNOWN STEP	2026-09-12T20:13:22.6085589Z  [32m✓[39m packages/safe-js/src/interp/numberformat-sign-parts.test.ts [2m([22m[2m6 tests[22m[2m)[22m[32m 92[2mms[22m[39m
validate / unit	UNKNOWN STEP	2026-09-12T20:13:22.7796022Z  [32m✓[39m packages/safe-js/src/interp/globals/temporal-year-month-registration.test.ts [2m([22m[2m1 test[22m[2m)[22m[32m 8[2mms[22m[39m
validate / unit	UNKNOWN STEP	2026-09-12T20:13:23.7659422Z  [32m✓[39m packages/safe-js/src/interp/primitive-symbol-members.test.ts [2m([22m[2m3 tests[22m[2m)[22m[32m 282[2mms[22m[39m
validate / unit	UNKNOWN STEP	2026-09-12T20:13:23.8611268Z  [32m✓[39m packages/safe-js/src/interp/temporal-month-day-offset-disambiguation.test.ts [2m([22m[2m6 tests[22m[2m)[22m[32m 200[2mms[22m[39m
validate / unit	UNKNOWN STEP	2026-09-12T20:13:24.4155782Z  [32m✓[39m packages/safe-js/src/interp/numberformat-unit-validation.test.ts [2m([22m[2m6 tests[22m[2m)[22m[32m 61[2mms[22m[39m
validate / unit	UNKNOWN STEP	2026-09-12T20:13:24.6263134Z  [32m✓[39m packages/safe-js/src/cli-help-import.test.ts [2m([22m[2m1 test[22m[2m)[22m[32m 8[2mms[22m[39m
validate / unit	UNKNOWN STEP	2026-09-12T20:13:24.6919158Z  [32m✓[39m packages/safe-js/src/core.test.ts [2m([22m[2m1 test[22m[2m)[22m[32m 5[2mms[22m[39m
validate / unit	UNKNOWN STEP	2026-09-12T20:13:24.8047291Z  [32m✓[39m packages/safe-js/test/conformance/import-boundary.test.ts [2m([22m[2m2 tests[22m[2m)[22m[32m 9[2mms[22m[39m
validate / unit	UNKNOWN STEP	2026-09-12T20:13:25.7345358Z  [32m✓[39m packages/safe-js/src/lint/finalization-registry-global.test.ts [2m([22m[2m1 test[22m[2m)[22m[32m 158[2mms[22m[39m
validate / unit	UNKNOWN STEP	2026-09-12T20:13:25.8970269Z  [32m✓[39m packages/safe-js/src/lint/weak-collection-globals.test.ts [2m([22m[2m2 tests[22m[2m)[22m[32m 214[2mms[22m[39m
validate / unit	UNKNOWN STEP	2026-09-12T20:13:26.5911474Z  [32m✓[39m packages/safe-js/src/interp/promise-state.test.ts [2m([22m[2m2 tests[22m[2m)[22m[32m 8[2mms[22m[39m
validate / unit	UNKNOWN STEP	2026-09-12T20:13:26.8245123Z  [32m✓[39m packages/safe-js/src/parse/template-escape-positions.test.ts [2m([22m[2m21 tests[22m[2m)[22m[32m 17[2mms[22m[39m
validate / unit	UNKNOWN STEP	2026-09-12T20:13:27.2911186Z  [32m✓[39m packages/safe-js/src/interp/structured-clone-symbol.test.ts [2m([22m[2m7 tests[22m[2m)[22m[33m 501[2mms[22m[39m
validate / unit	UNKNOWN STEP	2026-09-12T20:13:27.4836716Z  [32m✓[39m packages/safe-js/src/parse/private-identifiers.test.ts [2m([22m[2m8 tests[22m[2m)[22m[32m 8[2mms[22m[39m
validate / unit	UNKNOWN STEP	2026-09-12T20:13:27.9810835Z  [32m✓[39m packages/safe-js/src/interp/for-in-targets.test.ts [2m([22m[2m4 tests[22m[2m)[22m[33m 310[2mms[22m[39m
validate / unit	UNKNOWN STEP	2026-09-12T20:13:28.4944918Z  [32m✓[39m packages/safe-js/src/lint/weak-ref-global.test.ts [2m([22m[2m1 test[22m[2m)[22m[32m 140[2mms[22m[39m
validate / unit	UNKNOWN STEP	2026-09-12T20:13:28.7573145Z  [32m✓[39m packages/safe-js/src/lint/iterator-constructor.test.ts [2m([22m[2m1 test[22m[2m)[22m[32m 31[2mms[22m[39m
validate / unit	UNKNOWN STEP	2026-09-12T20:13:29.8399499Z  [32m✓[39m packages/safe-js/test/adversarial/snapshot-mutation.test.ts [2m([22m[2m1 test[22m[2m)[22m[33m 988[2mms[22m[39m
validate / unit	UNKNOWN STEP	2026-09-12T20:13:29.8401720Z      [33m[2m✓[22m[39m rejects malformed mutations with typed errors and preserves valid roundtrips [33m 985[2mms[22m[39m
validate / unit	UNKNOWN STEP	2026-09-12T20:13:30.1314586Z  [32m✓[39m packages/safe-js/test/adversarial/parser-smoke.test.ts [2m([22m[2m1 test[22m[2m)[22m[32m 81[2mms[22m[39m
validate / unit	UNKNOWN STEP	2026-09-12T20:13:30.3795674Z  [32m✓[39m packages/safe-js/test/adversarial/corpus.test.ts [2m([22m[2m1 test[22m[2m)[22m[33m 718[2mms[22m[39m
validate / unit	UNKNOWN STEP	2026-09-12T20:13:30.3797571Z      [33m[2m✓[22m[39m handles transferable parser, runtime, lifecycle, and resource failures [33m 716[2mms[22m[39m
validate / unit	UNKNOWN STEP	2026-09-12T20:13:30.4267202Z  [32m✓[39m packages/safe-js/src/lint/bigint-typed-array.test.ts [2m([22m[2m2 tests[22m[2m)[22m[32m 37[2mms[22m[39m
validate / unit	UNKNOWN STEP	2026-09-12T20:13:30.6365118Z  [32m✓[39m packages/safe-js/src/lint/temporal.test.ts [2m([22m[2m1 test[22m[2m)[22m[32m 21[2mms[22m[39m
validate / unit	UNKNOWN STEP	2026-09-12T20:13:30.6611423Z  [32m✓[39m packages/safe-js/src/lint/float16-array.test.ts [2m([22m[2m1 test[22m[2m)[22m[32m 22[2mms[22m[39m
validate / unit	UNKNOWN STEP	2026-09-12T20:13:30.8869498Z  [32m✓[39m packages/safe-js/src/lint/array-buffer.test.ts [2m([22m[2m1 test[22m[2m)[22m[32m 23[2mms[22m[39m
validate / unit	UNKNOWN STEP	2026-09-12T20:13:30.9068060Z  [32m✓[39m packages/safe-js/src/lint/reflect.test.ts [2m([22m[2m1 test[22m[2m)[22m[32m 23[2mms[22m[39m
validate / unit	UNKNOWN STEP	2026-09-12T20:13:30.9409880Z 
validate / unit	UNKNOWN STEP	2026-09-12T20:13:30.9460828Z [2m Test Files [22m [1m[32m1309 passed[39m[22m[2m | [22m[33m2 skipped[39m[90m (1311)[39m
validate / unit	UNKNOWN STEP	2026-09-12T20:13:30.9630302Z [2m      Tests [22m [1m[32m29074 passed[39m[22m[2m | [22m[33m47 skipped[39m[90m (29121)[39m
validate / unit	UNKNOWN STEP	2026-09-12T20:13:30.9631115Z [2m   Start at [22m 19:47:08
validate / unit	UNKNOWN STEP	2026-09-12T20:13:30.9651207Z [2m   Duration [22m 1582.76s[2m (transform 27.59s, setup 27.74s, import 847.98s, tests 2081.79s, environment 163ms)[22m
validate / unit	UNKNOWN STEP	2026-09-12T20:13:30.9653364Z 
validate / unit	UNKNOWN STEP	2026-09-12T20:13:31.1618494Z 
validate / unit	UNKNOWN STEP	2026-09-12T20:13:31.1619299Z > terminal-pilot@0.0.1 pretest:unit
validate / unit	UNKNOWN STEP	2026-09-12T20:13:31.1620192Z > npm run build
validate / unit	UNKNOWN STEP	2026-09-12T20:13:31.1620430Z 
validate / unit	UNKNOWN STEP	2026-09-12T20:13:31.3368244Z 
validate / unit	UNKNOWN STEP	2026-09-12T20:13:31.3368852Z > terminal-pilot@0.0.1 build
validate / unit	UNKNOWN STEP	2026-09-12T20:13:31.3369871Z > rm -rf dist && tsc --emitDeclarationOnly && node scripts/build.mjs
validate / unit	UNKNOWN STEP	2026-09-12T20:13:31.3370363Z 
validate / unit	UNKNOWN STEP	2026-09-12T20:13:33.5825930Z 
validate / unit	UNKNOWN STEP	2026-09-12T20:13:33.5826947Z > terminal-pilot@0.0.1 test:unit
validate / unit	UNKNOWN STEP	2026-09-12T20:13:33.5828199Z > cd ../.. && vitest run packages/terminal-pilot/src/ --pool=forks
validate / unit	UNKNOWN STEP	2026-09-12T20:13:33.5828959Z 
validate / unit	UNKNOWN STEP	2026-09-12T20:13:33.8991022Z 
validate / unit	UNKNOWN STEP	2026-09-12T20:13:33.8995340Z [1m[30m[46m RUN [49m[39m[22m [36mv4.1.11 [39m[90m/home/runner/work/poe-code/poe-code[39m
validate / unit	UNKNOWN STEP	2026-09-12T20:13:33.8996030Z 
validate / unit	UNKNOWN STEP	2026-09-12T20:13:35.4307145Z  [32m✓[39m packages/terminal-pilot/src/terminal-pilot-core.test.ts [2m([22m[2m177 tests[22m[2m)[22m[33m 1006[2mms[22m[39m
validate / unit	UNKNOWN STEP	2026-09-12T20:13:35.7435094Z  [32m✓[39m packages/terminal-pilot/src/terminal-session.test.ts [2m([22m[2m28 tests[22m[2m)[22m[32m 112[2mms[22m[39m
validate / unit	UNKNOWN STEP	2026-09-12T20:13:36.0121797Z  [32m✓[39m packages/terminal-pilot/src/commands/commands.test.ts [2m([22m[2m28 tests[22m[2m)[22m[33m 372[2mms[22m[39m
validate / unit	UNKNOWN STEP	2026-09-12T20:13:36.0122756Z      [33m[2m✓[22m[39m captures a session screen as a non-empty PNG [33m 323[2mms[22m[39m
validate / unit	UNKNOWN STEP	2026-09-12T20:13:36.6301745Z  [32m✓[39m packages/terminal-pilot/src/cli.test.ts [2m([22m[2m10 tests[22m[2m)[22m[33m 425[2mms[22m[39m
validate / unit	UNKNOWN STEP	2026-09-12T20:13:36.8571788Z  [32m✓[39m packages/terminal-pilot/src/terminal-buffer-graphemes.test.ts [2m([22m[2m35 tests[22m[2m)[22m[32m 35[2mms[22m[39m
validate / unit	UNKNOWN STEP	2026-09-12T20:13:37.0639108Z  [32m✓[39m packages/terminal-pilot/src/commands/daemon-runtime.test.ts [2m([22m[2m2 tests[22m[2m)[22m[32m 8[2mms[22m[39m
validate / unit	UNKNOWN STEP	2026-09-12T20:13:37.2586272Z  [32m✓[39m packages/terminal-pilot/src/commands/screenshot.test.ts [2m([22m[2m1 test[22m[2m)[22m[32m 8[2mms[22m[39m
validate / unit	UNKNOWN STEP	2026-09-12T20:13:37.4273603Z  [32m✓[39m packages/terminal-pilot/src/testing/testing.test.ts [2m([22m[2m7 tests[22m[2m)[22m[33m 1025[2mms[22m[39m
validate / unit	UNKNOWN STEP	2026-09-12T20:13:37.4274584Z      [33m[2m✓[22m[39m preserves terminal sessions across separate CLI processes [33m 771[2mms[22m[39m
validate / unit	UNKNOWN STEP	2026-09-12T20:13:37.4310756Z 
validate / unit	UNKNOWN STEP	2026-09-12T20:13:37.4316423Z [2m Test Files [22m [1m[32m8 passed[39m[22m[90m (8)[39m
validate / unit	UNKNOWN STEP	2026-09-12T20:13:37.4318123Z [2m      Tests [22m [1m[32m288 passed[39m[22m[90m (288)[39m
validate / unit	UNKNOWN STEP	2026-09-12T20:13:37.4319390Z [2m   Start at [22m 20:13:33
validate / unit	UNKNOWN STEP	2026-09-12T20:13:37.4321285Z [2m   Duration [22m 3.43s[2m (transform 1.62s, setup 270ms, import 2.33s, tests 2.99s, environment 1ms)[22m
validate / unit	UNKNOWN STEP	2026-09-12T20:13:37.4323437Z 
validate / unit	UNKNOWN STEP	2026-09-12T20:13:37.4678992Z {"workspaces":71,"builds":0,"tests":32,"concurrency":1,"cache":"UNCACHED","excluded":[],"noTest":[{"name":"@poe-code/agent-defs","path":"packages/agent-defs","status":"NO_DECLARED_TEST_NOT_A_PASS"},{"name":"@poe-code/agent-eval","path":"packages/agent-eval","status":"NO_DECLARED_TEST_NOT_A_PASS"},{"name":"@poe-code/agent-human-in-loop","path":"packages/agent-human-in-loop","status":"NO_DECLARED_TEST_NOT_A_PASS"},{"name":"@poe-code/agent-mcp-config","path":"packages/agent-mcp-config","status":"NO_DECLARED_TEST_NOT_A_PASS"},{"name":"@poe-code/agent-skill-config","path":"packages/agent-skill-config","status":"NO_DECLARED_TEST_NOT_A_PASS"},{"name":"auth-store","path":"packages/auth-store","status":"NO_DECLARED_TEST_NOT_A_PASS"},{"name":"@poe-code/cached-resource","path":"packages/cached-resource","status":"NO_DECLARED_TEST_NOT_A_PASS"},{"name":"@poe-code/config-extends","path":"packages/config-extends","status":"NO_DECLARED_TEST_NOT_A_PASS"},{"name":"@poe-code/config-mutations","path":"packages/config-mutations","status":"NO_DECLARED_TEST_NOT_A_PASS"},{"name":"@poe-code/e2e-test-runner","path":"packages/e2e-test-runner","status":"NO_DECLARED_TEST_NOT_A_PASS"},{"name":"mcp-oauth","path":"packages/mcp-oauth","status":"NO_DECLARED_TEST_NOT_A_PASS"},{"name":"@poe-code/pipeline","path":"packages/pipeline","status":"NO_DECLARED_TEST_NOT_A_PASS"},{"name":"@poe-code/plan-browser","path":"packages/plan-browser","status":"NO_DECLARED_TEST_NOT_A_PASS"},{"name":"@poe-code/poe-acp-client","path":"packages/poe-acp-client","status":"NO_DECLARED_TEST_NOT_A_PASS"},{"name":"@poe-code/poe-agent","path":"packages/poe-agent","status":"NO_DECLARED_TEST_NOT_A_PASS"},{"name":"@poe-code/poe-code-config","path":"packages/poe-code-config","status":"NO_DECLARED_TEST_NOT_A_PASS"},{"name":"poe-oauth","path":"packages/poe-oauth","status":"NO_DECLARED_TEST_NOT_A_PASS"},{"name":"@poe-code/providers","path":"packages/providers","status":"NO_DECLARED_TEST_NOT_A_PASS"},{"name":"@poe-code/safe-fs","path":"packages/safe-fs","status":"NO_DECLARED_TEST_NOT_A_PASS"},{"name":"terminal-pilot-mcp","path":"packages/terminal-pilot-mcp","status":"NO_DECLARED_TEST_NOT_A_PASS"},{"name":"terminal-png","path":"packages/terminal-png","status":"NO_DECLARED_TEST_NOT_A_PASS"},{"name":"terminal-png-mcp","path":"packages/terminal-png-mcp","status":"NO_DECLARED_TEST_NOT_A_PASS"},{"name":"tiny-http-mcp-oauth-test-server","path":"packages/tiny-http-mcp-oauth-test-server","status":"NO_DECLARED_TEST_NOT_A_PASS"},{"name":"tiny-http-mcp-server","path":"packages/tiny-http-mcp-server","status":"NO_DECLARED_TEST_NOT_A_PASS"},{"name":"tiny-mcp-client","path":"packages/tiny-mcp-client","status":"NO_DECLARED_TEST_NOT_A_PASS"},{"name":"tiny-oauth-test-server","path":"packages/tiny-oauth-test-server","status":"NO_DECLARED_TEST_NOT_A_PASS"},{"name":"tiny-stdio-mcp-server","path":"packages/tiny-stdio-mcp-server","status":"NO_DECLARED_TEST_NOT_A_PASS"},{"name":"tiny-stdio-mcp-test-server","path":"packages/tiny-stdio-mcp-test-server","status":"NO_DECLARED_TEST_NOT_A_PASS"},{"name":"tokenfill","path":"packages/tokenfill","status":"NO_DECLARED_TEST_NOT_A_PASS"},{"name":"toolcraft-design","path":"packages/toolcraft-design","status":"NO_DECLARED_TEST_NOT_A_PASS"},{"name":"@poe-code/user-error","path":"packages/user-error","status":"NO_DECLARED_TEST_NOT_A_PASS"},{"name":"@poe-code/worktree","path":"packages/worktree","status":"NO_DECLARED_TEST_NOT_A_PASS"}],"noBuild":[],"manifestless":[]}
validate / unit	UNKNOWN STEP	2026-09-12T20:13:37.4856471Z Post job cleanup.
validate / unit	UNKNOWN STEP	2026-09-12T20:13:37.5973642Z Cache hit occurred on the primary key node-cache-Linux-x64-npm-0206e5b370dc6ac49a1c87d603547db991eccdbfaf49beb24fdb274bba359bdf, not saving cache.
validate / unit	UNKNOWN STEP	2026-09-12T20:13:37.6120889Z Post job cleanup.
validate / unit	UNKNOWN STEP	2026-09-12T20:13:37.6962739Z [command]/usr/bin/git version
validate / unit	UNKNOWN STEP	2026-09-12T20:13:37.7007979Z git version 2.55.0
validate / unit	UNKNOWN STEP	2026-09-12T20:13:37.7042909Z Temporarily overriding HOME='/home/runner/work/_temp/452db048-d428-4d77-9ae2-2cc9836990d2' before making global git config changes
validate / unit	UNKNOWN STEP	2026-09-12T20:13:37.7044190Z Adding repository directory to the temporary git global config as a safe directory
validate / unit	UNKNOWN STEP	2026-09-12T20:13:37.7048879Z [command]/usr/bin/git config --global --add safe.directory /home/runner/work/poe-code/poe-code
validate / unit	UNKNOWN STEP	2026-09-12T20:13:37.7078671Z Removing SSH command configuration
validate / unit	UNKNOWN STEP	2026-09-12T20:13:37.7085140Z [command]/usr/bin/git config --local --name-only --get-regexp core\.sshCommand
validate / unit	UNKNOWN STEP	2026-09-12T20:13:37.7118545Z [command]/usr/bin/git submodule foreach --recursive sh -c "git config --local --name-only --get-regexp 'core\.sshCommand' && git config --local --unset-all 'core.sshCommand' || :"
validate / unit	UNKNOWN STEP	2026-09-12T20:13:37.7379365Z Removing HTTP extra header
validate / unit	UNKNOWN STEP	2026-09-12T20:13:37.7385537Z [command]/usr/bin/git config --local --name-only --get-regexp http\.https\:\/\/github\.com\/\.extraheader
validate / unit	UNKNOWN STEP	2026-09-12T20:13:37.7422892Z [command]/usr/bin/git submodule foreach --recursive sh -c "git config --local --name-only --get-regexp 'http\.https\:\/\/github\.com\/\.extraheader' && git config --local --unset-all 'http.https://github.com/.extraheader' || :"
validate / unit	UNKNOWN STEP	2026-09-12T20:13:37.7677784Z Removing includeIf entries pointing to credentials config files
validate / unit	UNKNOWN STEP	2026-09-12T20:13:37.7684279Z [command]/usr/bin/git config --local --name-only --get-regexp ^includeIf\.gitdir:
validate / unit	UNKNOWN STEP	2026-09-12T20:13:37.7716814Z [command]/usr/bin/git submodule foreach --recursive git config --local --show-origin --name-only --get-regexp remote.origin.url
validate / unit	UNKNOWN STEP	2026-09-12T20:13:37.8166244Z Cleaning up orphan processes
validate / unit	UNKNOWN STEP	2026-09-12T20:13:37.8515369Z Terminate orphan process: pid (10064) (node)
