publish	Set up job	﻿2026-09-12T18:07:44.7921344Z Current runner version: '2.337.0'
publish	Set up job	2026-09-12T18:07:44.7939801Z ##[group]Runner Image Provisioner
publish	Set up job	2026-09-12T18:07:44.7940577Z Hosted Compute Agent
publish	Set up job	2026-09-12T18:07:44.7940976Z Version: 20260828.587
publish	Set up job	2026-09-12T18:07:44.7941450Z Commit: abac92662cab4cc7352de4f9f9d2e2419aad9c29
publish	Set up job	2026-09-12T18:07:44.7941975Z Build Date: 2026-08-28T16:44:25Z
publish	Set up job	2026-09-12T18:07:44.7942442Z Worker ID: {9b4b190c-fee5-4db5-adf0-07983a8ec554}
publish	Set up job	2026-09-12T18:07:44.7942970Z Azure Region: centralus
publish	Set up job	2026-09-12T18:07:44.7943359Z ##[endgroup]
publish	Set up job	2026-09-12T18:07:44.7944292Z ##[group]Operating System
publish	Set up job	2026-09-12T18:07:44.7944735Z Ubuntu
publish	Set up job	2026-09-12T18:07:44.7945087Z 24.04.5
publish	Set up job	2026-09-12T18:07:44.7945444Z LTS
publish	Set up job	2026-09-12T18:07:44.7945847Z ##[endgroup]
publish	Set up job	2026-09-12T18:07:44.7946245Z ##[group]Runner Image
publish	Set up job	2026-09-12T18:07:44.7946695Z Image: ubuntu-24.04
publish	Set up job	2026-09-12T18:07:44.7947077Z Version: 20260907.300.1
publish	Set up job	2026-09-12T18:07:44.7947823Z Included Software: https://github.com/actions/runner-images/blob/ubuntu24/20260907.300/images/ubuntu/Ubuntu2404-Readme.md
publish	Set up job	2026-09-12T18:07:44.7948970Z Image Release: https://github.com/actions/runner-images/releases/tag/ubuntu24%2F20260907.300
publish	Set up job	2026-09-12T18:07:44.7949875Z ##[endgroup]
publish	Set up job	2026-09-12T18:07:44.7950627Z ##[group]GITHUB_TOKEN Permissions
publish	Set up job	2026-09-12T18:07:44.7952282Z Contents: read
publish	Set up job	2026-09-12T18:07:44.7952671Z Metadata: read
publish	Set up job	2026-09-12T18:07:44.7953161Z ##[endgroup]
publish	Set up job	2026-09-12T18:07:44.7954608Z Secret source: Actions
publish	Set up job	2026-09-12T18:07:44.7955235Z Cache mode: write
publish	Set up job	2026-09-12T18:07:44.7955740Z Prepare workflow directory
publish	Set up job	2026-09-12T18:07:44.8185849Z Prepare all required actions
publish	Set up job	2026-09-12T18:07:44.8221303Z Getting action download info
publish	Set up job	2026-09-12T18:07:45.0668916Z Download action repository 'actions/checkout@v4' (SHA:11d5960a326750d5838078e36cf38b85af677262)
publish	Set up job	2026-09-12T18:07:45.2955642Z Download action repository 'actions/setup-node@v4' (SHA:49933ea5288caeca8642d1e84afbd3f7d6820020)
publish	Set up job	2026-09-12T18:07:45.5643977Z Download action repository 'oven-sh/setup-bun@v2' (SHA:0c5077e51419868618aeaa5fe8019c62421857d6)
publish	Set up job	2026-09-12T18:07:45.9638018Z Complete job name: publish
publish	Run actions/checkout@v4	﻿2026-09-12T18:07:46.0165059Z Node 20 is being deprecated. This workflow is running with Node 24 by default. If you need to temporarily use Node 20, you can set the ACTIONS_ALLOW_USE_UNSECURE_NODE_VERSION=true environment variable. For more information see: https://github.blog/changelog/2025-09-19-deprecation-of-node-20-on-github-actions-runners/
publish	Run actions/checkout@v4	2026-09-12T18:07:46.0171406Z ##[group]Run actions/checkout@v4
publish	Run actions/checkout@v4	2026-09-12T18:07:46.0171957Z with:
publish	Run actions/checkout@v4	2026-09-12T18:07:46.0172374Z   ref: d5baada123a54174cfa6a31f65427d160d1c4ccb
publish	Run actions/checkout@v4	2026-09-12T18:07:46.0172868Z   persist-credentials: false
publish	Run actions/checkout@v4	2026-09-12T18:07:46.0173276Z   repository: poe-platform/poe-code
publish	Run actions/checkout@v4	2026-09-12T18:07:46.0175902Z   token: ***
publish	Run actions/checkout@v4	2026-09-12T18:07:46.0176286Z   ssh-strict: true
publish	Run actions/checkout@v4	2026-09-12T18:07:46.0176648Z   ssh-user: git
publish	Run actions/checkout@v4	2026-09-12T18:07:46.0177002Z   clean: true
publish	Run actions/checkout@v4	2026-09-12T18:07:46.0177350Z   sparse-checkout-cone-mode: true
publish	Run actions/checkout@v4	2026-09-12T18:07:46.0177780Z   fetch-depth: 1
publish	Run actions/checkout@v4	2026-09-12T18:07:46.0178126Z   fetch-tags: false
publish	Run actions/checkout@v4	2026-09-12T18:07:46.0178512Z   show-progress: true
publish	Run actions/checkout@v4	2026-09-12T18:07:46.0178980Z   lfs: false
publish	Run actions/checkout@v4	2026-09-12T18:07:46.0179635Z   submodules: false
publish	Run actions/checkout@v4	2026-09-12T18:07:46.0180024Z   set-safe-directory: true
publish	Run actions/checkout@v4	2026-09-12T18:07:46.0180425Z   allow-unsafe-pr-checkout: false
publish	Run actions/checkout@v4	2026-09-12T18:07:46.0181001Z ##[endgroup]
publish	Run actions/checkout@v4	2026-09-12T18:07:46.0902109Z Syncing repository: poe-platform/poe-code
publish	Run actions/checkout@v4	2026-09-12T18:07:46.0903537Z ##[group]Getting Git version info
publish	Run actions/checkout@v4	2026-09-12T18:07:46.0904094Z Working directory is '/home/runner/work/poe-code/poe-code'
publish	Run actions/checkout@v4	2026-09-12T18:07:46.0904965Z [command]/usr/bin/git version
publish	Run actions/checkout@v4	2026-09-12T18:07:46.0968511Z git version 2.55.0
publish	Run actions/checkout@v4	2026-09-12T18:07:46.0980585Z ##[endgroup]
publish	Run actions/checkout@v4	2026-09-12T18:07:46.0989842Z Temporarily overriding HOME='/home/runner/work/_temp/a7c60060-1a56-4613-8f22-c3e6f84fc49e' before making global git config changes
publish	Run actions/checkout@v4	2026-09-12T18:07:46.0991189Z Adding repository directory to the temporary git global config as a safe directory
publish	Run actions/checkout@v4	2026-09-12T18:07:46.0992453Z [command]/usr/bin/git config --global --add safe.directory /home/runner/work/poe-code/poe-code
publish	Run actions/checkout@v4	2026-09-12T18:07:46.1032137Z Deleting the contents of '/home/runner/work/poe-code/poe-code'
publish	Run actions/checkout@v4	2026-09-12T18:07:46.1035177Z ##[group]Initializing the repository
publish	Run actions/checkout@v4	2026-09-12T18:07:46.1038437Z [command]/usr/bin/git init /home/runner/work/poe-code/poe-code
publish	Run actions/checkout@v4	2026-09-12T18:07:46.1290126Z hint: Using 'master' as the name for the initial branch. This default branch name
publish	Run actions/checkout@v4	2026-09-12T18:07:46.1291212Z hint: will change to "main" in Git 3.0. To configure the initial branch name
publish	Run actions/checkout@v4	2026-09-12T18:07:46.1292084Z hint: to use in all of your new repositories, which will suppress this warning,
publish	Run actions/checkout@v4	2026-09-12T18:07:46.1292693Z hint: call:
publish	Run actions/checkout@v4	2026-09-12T18:07:46.1293049Z hint:
publish	Run actions/checkout@v4	2026-09-12T18:07:46.1293469Z hint: 	git config --global init.defaultBranch <name>
publish	Run actions/checkout@v4	2026-09-12T18:07:46.1293976Z hint:
publish	Run actions/checkout@v4	2026-09-12T18:07:46.1294408Z hint: Names commonly chosen instead of 'master' are 'main', 'trunk' and
publish	Run actions/checkout@v4	2026-09-12T18:07:46.1295107Z hint: 'development'. The just-created branch can be renamed via this command:
publish	Run actions/checkout@v4	2026-09-12T18:07:46.1295711Z hint:
publish	Run actions/checkout@v4	2026-09-12T18:07:46.1296052Z hint: 	git branch -m <name>
publish	Run actions/checkout@v4	2026-09-12T18:07:46.1296453Z hint:
publish	Run actions/checkout@v4	2026-09-12T18:07:46.1296929Z hint: Disable this message with "git config set advice.defaultBranchName false"
publish	Run actions/checkout@v4	2026-09-12T18:07:46.1298114Z Initialized empty Git repository in /home/runner/work/poe-code/poe-code/.git/
publish	Run actions/checkout@v4	2026-09-12T18:07:46.1300284Z [command]/usr/bin/git remote add origin https://github.com/poe-platform/poe-code
publish	Run actions/checkout@v4	2026-09-12T18:07:46.1332980Z ##[endgroup]
publish	Run actions/checkout@v4	2026-09-12T18:07:46.1333664Z ##[group]Disabling automatic garbage collection
publish	Run actions/checkout@v4	2026-09-12T18:07:46.1335166Z [command]/usr/bin/git config --local gc.auto 0
publish	Run actions/checkout@v4	2026-09-12T18:07:46.1354359Z ##[endgroup]
publish	Run actions/checkout@v4	2026-09-12T18:07:46.1355060Z ##[group]Setting up auth
publish	Run actions/checkout@v4	2026-09-12T18:07:46.1359317Z [command]/usr/bin/git config --local --name-only --get-regexp core\.sshCommand
publish	Run actions/checkout@v4	2026-09-12T18:07:46.1380923Z [command]/usr/bin/git submodule foreach --recursive sh -c "git config --local --name-only --get-regexp 'core\.sshCommand' && git config --local --unset-all 'core.sshCommand' || :"
publish	Run actions/checkout@v4	2026-09-12T18:07:46.2579421Z [command]/usr/bin/git config --local --name-only --get-regexp http\.https\:\/\/github\.com\/\.extraheader
publish	Run actions/checkout@v4	2026-09-12T18:07:46.2600567Z [command]/usr/bin/git submodule foreach --recursive sh -c "git config --local --name-only --get-regexp 'http\.https\:\/\/github\.com\/\.extraheader' && git config --local --unset-all 'http.https://github.com/.extraheader' || :"
publish	Run actions/checkout@v4	2026-09-12T18:07:46.2743971Z [command]/usr/bin/git config --local --name-only --get-regexp ^includeIf\.gitdir:
publish	Run actions/checkout@v4	2026-09-12T18:07:46.2764782Z [command]/usr/bin/git submodule foreach --recursive git config --local --show-origin --name-only --get-regexp remote.origin.url
publish	Run actions/checkout@v4	2026-09-12T18:07:46.2910490Z [command]/usr/bin/git config --local http.https://github.com/.extraheader AUTHORIZATION: basic ***
publish	Run actions/checkout@v4	2026-09-12T18:07:46.2934604Z ##[endgroup]
publish	Run actions/checkout@v4	2026-09-12T18:07:46.2935317Z ##[group]Fetching the repository
publish	Run actions/checkout@v4	2026-09-12T18:07:46.2940951Z [command]/usr/bin/git -c protocol.version=2 fetch --no-tags --prune --no-recurse-submodules --depth=1 origin d5baada123a54174cfa6a31f65427d160d1c4ccb
publish	Run actions/checkout@v4	2026-09-12T18:07:56.2045015Z From https://github.com/poe-platform/poe-code
publish	Run actions/checkout@v4	2026-09-12T18:07:56.2045962Z  * branch              d5baada123a54174cfa6a31f65427d160d1c4ccb -> FETCH_HEAD
publish	Run actions/checkout@v4	2026-09-12T18:07:56.2048277Z ##[endgroup]
publish	Run actions/checkout@v4	2026-09-12T18:07:56.2048907Z ##[group]Determining the checkout info
publish	Run actions/checkout@v4	2026-09-12T18:07:56.2051480Z ##[endgroup]
publish	Run actions/checkout@v4	2026-09-12T18:07:56.2056521Z [command]/usr/bin/git sparse-checkout disable
publish	Run actions/checkout@v4	2026-09-12T18:07:56.2843935Z [command]/usr/bin/git config --local --unset-all extensions.worktreeConfig
publish	Run actions/checkout@v4	2026-09-12T18:07:56.3460852Z ##[group]Checking out the ref
publish	Run actions/checkout@v4	2026-09-12T18:07:56.3463999Z [command]/usr/bin/git checkout --progress --force d5baada123a54174cfa6a31f65427d160d1c4ccb
publish	Run actions/checkout@v4	2026-09-12T18:07:57.6576857Z Updating files:  22% (11593/51797)
publish	Run actions/checkout@v4	2026-09-12T18:07:57.6978019Z Updating files:  23% (11914/51797)
publish	Run actions/checkout@v4	2026-09-12T18:07:57.7728311Z Updating files:  24% (12432/51797)
publish	Run actions/checkout@v4	2026-09-12T18:07:57.7882779Z Updating files:  25% (12950/51797)
publish	Run actions/checkout@v4	2026-09-12T18:07:57.8018458Z Updating files:  26% (13468/51797)
publish	Run actions/checkout@v4	2026-09-12T18:07:57.8093773Z Updating files:  27% (13986/51797)
publish	Run actions/checkout@v4	2026-09-12T18:07:57.8228879Z Updating files:  28% (14504/51797)
publish	Run actions/checkout@v4	2026-09-12T18:07:57.8323702Z Updating files:  29% (15022/51797)
publish	Run actions/checkout@v4	2026-09-12T18:07:57.8388119Z Updating files:  30% (15540/51797)
publish	Run actions/checkout@v4	2026-09-12T18:07:57.8452411Z Updating files:  31% (16058/51797)
publish	Run actions/checkout@v4	2026-09-12T18:07:57.8554806Z Updating files:  32% (16576/51797)
publish	Run actions/checkout@v4	2026-09-12T18:07:57.8664875Z Updating files:  33% (17094/51797)
publish	Run actions/checkout@v4	2026-09-12T18:07:57.8736003Z Updating files:  34% (17611/51797)
publish	Run actions/checkout@v4	2026-09-12T18:07:57.8855700Z Updating files:  35% (18129/51797)
publish	Run actions/checkout@v4	2026-09-12T18:07:57.9030840Z Updating files:  36% (18647/51797)
publish	Run actions/checkout@v4	2026-09-12T18:07:57.9129343Z Updating files:  37% (19165/51797)
publish	Run actions/checkout@v4	2026-09-12T18:07:57.9240390Z Updating files:  38% (19683/51797)
publish	Run actions/checkout@v4	2026-09-12T18:07:57.9345646Z Updating files:  39% (20201/51797)
publish	Run actions/checkout@v4	2026-09-12T18:07:57.9455692Z Updating files:  40% (20719/51797)
publish	Run actions/checkout@v4	2026-09-12T18:07:58.0478461Z Updating files:  41% (21237/51797)
publish	Run actions/checkout@v4	2026-09-12T18:07:58.0598111Z Updating files:  42% (21755/51797)
publish	Run actions/checkout@v4	2026-09-12T18:07:58.0716674Z Updating files:  43% (22273/51797)
publish	Run actions/checkout@v4	2026-09-12T18:07:58.0828795Z Updating files:  44% (22791/51797)
publish	Run actions/checkout@v4	2026-09-12T18:07:58.0945019Z Updating files:  45% (23309/51797)
publish	Run actions/checkout@v4	2026-09-12T18:07:58.1048684Z Updating files:  46% (23827/51797)
publish	Run actions/checkout@v4	2026-09-12T18:07:58.1256111Z Updating files:  47% (24345/51797)
publish	Run actions/checkout@v4	2026-09-12T18:07:58.1365888Z Updating files:  48% (24863/51797)
publish	Run actions/checkout@v4	2026-09-12T18:07:58.1464207Z Updating files:  49% (25381/51797)
publish	Run actions/checkout@v4	2026-09-12T18:07:58.1551193Z Updating files:  50% (25899/51797)
publish	Run actions/checkout@v4	2026-09-12T18:07:58.1635932Z Updating files:  51% (26417/51797)
publish	Run actions/checkout@v4	2026-09-12T18:07:58.1735602Z Updating files:  52% (26935/51797)
publish	Run actions/checkout@v4	2026-09-12T18:07:58.1946118Z Updating files:  53% (27453/51797)
publish	Run actions/checkout@v4	2026-09-12T18:07:58.2170720Z Updating files:  54% (27971/51797)
publish	Run actions/checkout@v4	2026-09-12T18:07:58.2372713Z Updating files:  55% (28489/51797)
publish	Run actions/checkout@v4	2026-09-12T18:07:58.2634893Z Updating files:  56% (29007/51797)
publish	Run actions/checkout@v4	2026-09-12T18:07:58.2705522Z Updating files:  57% (29525/51797)
publish	Run actions/checkout@v4	2026-09-12T18:07:58.2880050Z Updating files:  58% (30043/51797)
publish	Run actions/checkout@v4	2026-09-12T18:07:58.3260222Z Updating files:  59% (30561/51797)
publish	Run actions/checkout@v4	2026-09-12T18:07:58.3551246Z Updating files:  60% (31079/51797)
publish	Run actions/checkout@v4	2026-09-12T18:07:58.3734143Z Updating files:  61% (31597/51797)
publish	Run actions/checkout@v4	2026-09-12T18:07:58.3838416Z Updating files:  62% (32115/51797)
publish	Run actions/checkout@v4	2026-09-12T18:07:58.3934628Z Updating files:  63% (32633/51797)
publish	Run actions/checkout@v4	2026-09-12T18:07:58.4040715Z Updating files:  64% (33151/51797)
publish	Run actions/checkout@v4	2026-09-12T18:07:58.4125770Z Updating files:  65% (33669/51797)
publish	Run actions/checkout@v4	2026-09-12T18:07:58.4222224Z Updating files:  66% (34187/51797)
publish	Run actions/checkout@v4	2026-09-12T18:07:58.4430802Z Updating files:  67% (34704/51797)
publish	Run actions/checkout@v4	2026-09-12T18:07:58.4450086Z Updating files:  67% (35118/51797)
publish	Run actions/checkout@v4	2026-09-12T18:07:58.4537342Z Updating files:  68% (35222/51797)
publish	Run actions/checkout@v4	2026-09-12T18:07:58.4724179Z Updating files:  69% (35740/51797)
publish	Run actions/checkout@v4	2026-09-12T18:07:58.4937400Z Updating files:  70% (36258/51797)
publish	Run actions/checkout@v4	2026-09-12T18:07:58.5000313Z Updating files:  71% (36776/51797)
publish	Run actions/checkout@v4	2026-09-12T18:07:58.5204484Z Updating files:  72% (37294/51797)
publish	Run actions/checkout@v4	2026-09-12T18:07:58.5390813Z Updating files:  73% (37812/51797)
publish	Run actions/checkout@v4	2026-09-12T18:07:58.6221289Z Updating files:  74% (38330/51797)
publish	Run actions/checkout@v4	2026-09-12T18:07:58.6357069Z Updating files:  75% (38848/51797)
publish	Run actions/checkout@v4	2026-09-12T18:07:58.6426986Z Updating files:  76% (39366/51797)
publish	Run actions/checkout@v4	2026-09-12T18:07:58.6567264Z Updating files:  77% (39884/51797)
publish	Run actions/checkout@v4	2026-09-12T18:07:58.6715402Z Updating files:  78% (40402/51797)
publish	Run actions/checkout@v4	2026-09-12T18:07:58.6946388Z Updating files:  79% (40920/51797)
publish	Run actions/checkout@v4	2026-09-12T18:07:58.7568216Z Updating files:  80% (41438/51797)
publish	Run actions/checkout@v4	2026-09-12T18:07:58.7692680Z Updating files:  81% (41956/51797)
publish	Run actions/checkout@v4	2026-09-12T18:07:58.8238825Z Updating files:  82% (42474/51797)
publish	Run actions/checkout@v4	2026-09-12T18:07:58.8998675Z Updating files:  83% (42992/51797)
publish	Run actions/checkout@v4	2026-09-12T18:07:58.9102196Z Updating files:  84% (43510/51797)
publish	Run actions/checkout@v4	2026-09-12T18:07:58.9530930Z Updating files:  85% (44028/51797)
publish	Run actions/checkout@v4	2026-09-12T18:07:58.9693762Z Updating files:  86% (44546/51797)
publish	Run actions/checkout@v4	2026-09-12T18:07:58.9911751Z Updating files:  87% (45064/51797)
publish	Run actions/checkout@v4	2026-09-12T18:07:59.0129898Z Updating files:  88% (45582/51797)
publish	Run actions/checkout@v4	2026-09-12T18:07:59.0307920Z Updating files:  89% (46100/51797)
publish	Run actions/checkout@v4	2026-09-12T18:07:59.0462779Z Updating files:  90% (46618/51797)
publish	Run actions/checkout@v4	2026-09-12T18:07:59.0645490Z Updating files:  91% (47136/51797)
publish	Run actions/checkout@v4	2026-09-12T18:07:59.0819403Z Updating files:  92% (47654/51797)
publish	Run actions/checkout@v4	2026-09-12T18:07:59.1024965Z Updating files:  93% (48172/51797)
publish	Run actions/checkout@v4	2026-09-12T18:07:59.1171837Z Updating files:  94% (48690/51797)
publish	Run actions/checkout@v4	2026-09-12T18:07:59.1335743Z Updating files:  95% (49208/51797)
publish	Run actions/checkout@v4	2026-09-12T18:07:59.1526304Z Updating files:  96% (49726/51797)
publish	Run actions/checkout@v4	2026-09-12T18:07:59.1796649Z Updating files:  97% (50244/51797)
publish	Run actions/checkout@v4	2026-09-12T18:07:59.3610517Z Updating files:  98% (50762/51797)
publish	Run actions/checkout@v4	2026-09-12T18:07:59.3808342Z Updating files:  99% (51280/51797)
publish	Run actions/checkout@v4	2026-09-12T18:07:59.3808614Z Updating files: 100% (51797/51797)
publish	Run actions/checkout@v4	2026-09-12T18:07:59.3808900Z Updating files: 100% (51797/51797), done.
publish	Run actions/checkout@v4	2026-09-12T18:07:59.4232106Z Note: switching to 'd5baada123a54174cfa6a31f65427d160d1c4ccb'.
publish	Run actions/checkout@v4	2026-09-12T18:07:59.4232475Z 
publish	Run actions/checkout@v4	2026-09-12T18:07:59.4238275Z You are in 'detached HEAD' state. You can look around, make experimental
publish	Run actions/checkout@v4	2026-09-12T18:07:59.4239564Z changes and commit them, and you can discard any commits you make in this
publish	Run actions/checkout@v4	2026-09-12T18:07:59.4240029Z state without impacting any branches by switching back to a branch.
publish	Run actions/checkout@v4	2026-09-12T18:07:59.4240261Z 
publish	Run actions/checkout@v4	2026-09-12T18:07:59.4240444Z If you want to create a new branch to retain commits you create, you may
publish	Run actions/checkout@v4	2026-09-12T18:07:59.4240861Z do so (now or later) by using -c with the switch command. Example:
publish	Run actions/checkout@v4	2026-09-12T18:07:59.4241087Z 
publish	Run actions/checkout@v4	2026-09-12T18:07:59.4241223Z   git switch -c <new-branch-name>
publish	Run actions/checkout@v4	2026-09-12T18:07:59.4241389Z 
publish	Run actions/checkout@v4	2026-09-12T18:07:59.4241481Z Or undo this operation with:
publish	Run actions/checkout@v4	2026-09-12T18:07:59.4241644Z 
publish	Run actions/checkout@v4	2026-09-12T18:07:59.4241754Z   git switch -
publish	Run actions/checkout@v4	2026-09-12T18:07:59.4241875Z 
publish	Run actions/checkout@v4	2026-09-12T18:07:59.4242065Z Turn off this advice by setting config variable advice.detachedHead to false
publish	Run actions/checkout@v4	2026-09-12T18:07:59.4242279Z 
publish	Run actions/checkout@v4	2026-09-12T18:07:59.4242474Z HEAD is now at d5baada1 fix(safe-js): reject incomplete conformance oracle reports
publish	Run actions/checkout@v4	2026-09-12T18:07:59.4287733Z ##[endgroup]
publish	Run actions/checkout@v4	2026-09-12T18:07:59.4353570Z [command]/usr/bin/git log -1 --format=%H
publish	Run actions/checkout@v4	2026-09-12T18:07:59.4378442Z d5baada123a54174cfa6a31f65427d160d1c4ccb
publish	Run actions/checkout@v4	2026-09-12T18:07:59.4385208Z ##[group]Removing auth
publish	Run actions/checkout@v4	2026-09-12T18:07:59.4388359Z [command]/usr/bin/git config --local --name-only --get-regexp core\.sshCommand
publish	Run actions/checkout@v4	2026-09-12T18:07:59.4409523Z [command]/usr/bin/git submodule foreach --recursive sh -c "git config --local --name-only --get-regexp 'core\.sshCommand' && git config --local --unset-all 'core.sshCommand' || :"
publish	Run actions/checkout@v4	2026-09-12T18:07:59.4609229Z [command]/usr/bin/git config --local --name-only --get-regexp http\.https\:\/\/github\.com\/\.extraheader
publish	Run actions/checkout@v4	2026-09-12T18:07:59.4626516Z http.https://github.com/.extraheader
publish	Run actions/checkout@v4	2026-09-12T18:07:59.4631085Z [command]/usr/bin/git config --local --unset-all http.https://github.com/.extraheader
publish	Run actions/checkout@v4	2026-09-12T18:07:59.4650193Z [command]/usr/bin/git submodule foreach --recursive sh -c "git config --local --name-only --get-regexp 'http\.https\:\/\/github\.com\/\.extraheader' && git config --local --unset-all 'http.https://github.com/.extraheader' || :"
publish	Run actions/checkout@v4	2026-09-12T18:07:59.4838212Z [command]/usr/bin/git config --local --name-only --get-regexp ^includeIf\.gitdir:
publish	Run actions/checkout@v4	2026-09-12T18:07:59.4860678Z [command]/usr/bin/git submodule foreach --recursive git config --local --show-origin --name-only --get-regexp remote.origin.url
publish	Run actions/checkout@v4	2026-09-12T18:07:59.5047178Z ##[endgroup]
publish	Run actions/setup-node@v4	﻿2026-09-12T18:07:59.5225513Z Node 20 is being deprecated. This workflow is running with Node 24 by default. If you need to temporarily use Node 20, you can set the ACTIONS_ALLOW_USE_UNSECURE_NODE_VERSION=true environment variable. For more information see: https://github.blog/changelog/2025-09-19-deprecation-of-node-20-on-github-actions-runners/
publish	Run actions/setup-node@v4	2026-09-12T18:07:59.5226677Z ##[group]Run actions/setup-node@v4
publish	Run actions/setup-node@v4	2026-09-12T18:07:59.5226913Z with:
publish	Run actions/setup-node@v4	2026-09-12T18:07:59.5227146Z   node-version: 22
publish	Run actions/setup-node@v4	2026-09-12T18:07:59.5227366Z   cache: npm
publish	Run actions/setup-node@v4	2026-09-12T18:07:59.5227613Z   always-auth: false
publish	Run actions/setup-node@v4	2026-09-12T18:07:59.5227854Z   check-latest: false
publish	Run actions/setup-node@v4	2026-09-12T18:07:59.5229709Z   token: ***
publish	Run actions/setup-node@v4	2026-09-12T18:07:59.5229943Z ##[endgroup]
publish	Run actions/setup-node@v4	2026-09-12T18:07:59.6233765Z Found in cache @ /opt/hostedtoolcache/node/22.23.2/x64
publish	Run actions/setup-node@v4	2026-09-12T18:07:59.6235669Z (node:2142) [DEP0040] DeprecationWarning: The `punycode` module is deprecated. Please use a userland alternative instead.
publish	Run actions/setup-node@v4	2026-09-12T18:07:59.6236446Z (Use `node --trace-deprecation ...` to show where the warning was created)
publish	Run actions/setup-node@v4	2026-09-12T18:07:59.6238441Z ##[group]Environment details
publish	Run actions/setup-node@v4	2026-09-12T18:08:02.5728601Z node: v22.23.2
publish	Run actions/setup-node@v4	2026-09-12T18:08:02.5729249Z npm: 10.9.8
publish	Run actions/setup-node@v4	2026-09-12T18:08:02.5729550Z yarn: 1.22.22
publish	Run actions/setup-node@v4	2026-09-12T18:08:02.5731454Z ##[endgroup]
publish	Run actions/setup-node@v4	2026-09-12T18:08:02.5744977Z [command]/opt/hostedtoolcache/node/22.23.2/x64/bin/npm config get cache
publish	Run actions/setup-node@v4	2026-09-12T18:08:02.9011097Z /home/runner/.npm
publish	Run actions/setup-node@v4	2026-09-12T18:08:03.1529541Z Cache hit for: node-cache-Linux-x64-npm-0206e5b370dc6ac49a1c87d603547db991eccdbfaf49beb24fdb274bba359bdf
publish	Run actions/setup-node@v4	2026-09-12T18:08:03.1603983Z (node:2142) [DEP0169] DeprecationWarning: `url.parse()` behavior is not standardized and prone to errors that have security implications. Use the WHATWG URL API instead. CVEs are not issued for `url.parse()` vulnerabilities.
publish	Run actions/setup-node@v4	2026-09-12T18:08:04.2785165Z Received 134217728 of 205502650 (65.3%), 128.0 MBs/sec
publish	Run actions/setup-node@v4	2026-09-12T18:08:04.4516878Z Received 205502650 of 205502650 (100.0%), 167.1 MBs/sec
publish	Run actions/setup-node@v4	2026-09-12T18:08:04.4517535Z Cache Size: ~196 MB (205502650 B)
publish	Run actions/setup-node@v4	2026-09-12T18:08:04.4613486Z [command]/usr/bin/tar -xf /home/runner/work/_temp/8daf059d-4008-4c8d-b634-d8d57e717582/cache.tzst -P -C /home/runner/work/poe-code/poe-code --use-compress-program unzstd
publish	Run actions/setup-node@v4	2026-09-12T18:08:05.1943989Z Cache restored successfully
publish	Run actions/setup-node@v4	2026-09-12T18:08:05.2019432Z Cache restored from key: node-cache-Linux-x64-npm-0206e5b370dc6ac49a1c87d603547db991eccdbfaf49beb24fdb274bba359bdf
publish	Run oven-sh/setup-bun@v2	﻿2026-09-12T18:08:05.2168357Z ##[group]Run oven-sh/setup-bun@v2
publish	Run oven-sh/setup-bun@v2	2026-09-12T18:08:05.2168638Z with:
publish	Run oven-sh/setup-bun@v2	2026-09-12T18:08:05.2168856Z   no-cache: false
publish	Run oven-sh/setup-bun@v2	2026-09-12T18:08:05.2170792Z   token: ***
publish	Run oven-sh/setup-bun@v2	2026-09-12T18:08:05.2171025Z ##[endgroup]
publish	Run oven-sh/setup-bun@v2	2026-09-12T18:08:05.6654115Z Downloading a new version of Bun: https://github.com/oven-sh/bun/releases/download/bun-v1.4.2/bun-linux-x64.zip
publish	Run oven-sh/setup-bun@v2	2026-09-12T18:08:06.0340131Z [command]/usr/bin/unzip -o -q /home/runner/work/_temp/c153aa1a-5517-43a2-854b-8476fffa4164.zip
publish	Run oven-sh/setup-bun@v2	2026-09-12T18:08:06.5487363Z [command]/home/runner/.bun/bin/bun --revision
publish	Run oven-sh/setup-bun@v2	2026-09-12T18:08:06.5522001Z 1.4.2+744846f84
publish	Install dependencies and trusted-publishing npm	﻿2026-09-12T18:08:06.5613693Z ##[group]Run npm ci
publish	Install dependencies and trusted-publishing npm	2026-09-12T18:08:06.5614023Z [36;1mnpm ci[0m
publish	Install dependencies and trusted-publishing npm	2026-09-12T18:08:06.5614377Z [36;1mnpm install --global npm@^11.5.1[0m
publish	Install dependencies and trusted-publishing npm	2026-09-12T18:08:06.5614694Z [36;1mnode --version[0m
publish	Install dependencies and trusted-publishing npm	2026-09-12T18:08:06.5614950Z [36;1mnpm --version[0m
publish	Install dependencies and trusted-publishing npm	2026-09-12T18:08:06.5615187Z [36;1mbun --revision[0m
publish	Install dependencies and trusted-publishing npm	2026-09-12T18:08:06.5642316Z shell: /usr/bin/bash -e {0}
publish	Install dependencies and trusted-publishing npm	2026-09-12T18:08:06.5642606Z ##[endgroup]
publish	Install dependencies and trusted-publishing npm	2026-09-12T18:08:34.6315437Z 
publish	Install dependencies and trusted-publishing npm	2026-09-12T18:08:34.6318606Z > poe-code@0.0.0-dev postinstall
publish	Install dependencies and trusted-publishing npm	2026-09-12T18:08:34.6320579Z > node scripts/postinstall-sync-skills.mjs
publish	Install dependencies and trusted-publishing npm	2026-09-12T18:08:34.6320917Z 
publish	Install dependencies and trusted-publishing npm	2026-09-12T18:08:34.6734577Z 
publish	Install dependencies and trusted-publishing npm	2026-09-12T18:08:34.6735448Z > poe-code@0.0.0-dev prepare
publish	Install dependencies and trusted-publishing npm	2026-09-12T18:08:34.6735943Z > husky
publish	Install dependencies and trusted-publishing npm	2026-09-12T18:08:34.6736061Z 
publish	Install dependencies and trusted-publishing npm	2026-09-12T18:08:34.7282137Z 
publish	Install dependencies and trusted-publishing npm	2026-09-12T18:08:34.7283164Z added 787 packages, and audited 1004 packages in 28s
publish	Install dependencies and trusted-publishing npm	2026-09-12T18:08:34.7283470Z 
publish	Install dependencies and trusted-publishing npm	2026-09-12T18:08:34.7283613Z 232 packages are looking for funding
publish	Install dependencies and trusted-publishing npm	2026-09-12T18:08:34.7284153Z   run `npm fund` for details
publish	Install dependencies and trusted-publishing npm	2026-09-12T18:08:34.8029381Z 
publish	Install dependencies and trusted-publishing npm	2026-09-12T18:08:34.8030730Z 8 vulnerabilities (2 moderate, 6 high)
publish	Install dependencies and trusted-publishing npm	2026-09-12T18:08:34.8031123Z 
publish	Install dependencies and trusted-publishing npm	2026-09-12T18:08:34.8031304Z To address all issues, run:
publish	Install dependencies and trusted-publishing npm	2026-09-12T18:08:34.8033446Z   npm audit fix
publish	Install dependencies and trusted-publishing npm	2026-09-12T18:08:34.8033647Z 
publish	Install dependencies and trusted-publishing npm	2026-09-12T18:08:34.8033858Z Run `npm audit` for details.
publish	Install dependencies and trusted-publishing npm	2026-09-12T18:08:36.6361974Z 
publish	Install dependencies and trusted-publishing npm	2026-09-12T18:08:36.6362958Z removed 57 packages, and changed 95 packages in 2s
publish	Install dependencies and trusted-publishing npm	2026-09-12T18:08:36.6363232Z 
publish	Install dependencies and trusted-publishing npm	2026-09-12T18:08:36.6363362Z 15 packages are looking for funding
publish	Install dependencies and trusted-publishing npm	2026-09-12T18:08:36.6363839Z   run `npm fund` for details
publish	Install dependencies and trusted-publishing npm	2026-09-12T18:08:36.6488459Z v22.23.2
publish	Install dependencies and trusted-publishing npm	2026-09-12T18:08:36.7060322Z 11.19.1
publish	Install dependencies and trusted-publishing npm	2026-09-12T18:08:36.7131492Z 1.4.2+744846f84
publish	Compute the next shared version	﻿2026-09-12T18:08:36.7163814Z ##[group]Run set -euo pipefail
publish	Compute the next shared version	2026-09-12T18:08:36.7164165Z [36;1mset -euo pipefail[0m
publish	Compute the next shared version	2026-09-12T18:08:36.7164484Z [36;1mJS=$(npm view @poe-platform/safe-js version)[0m
publish	Compute the next shared version	2026-09-12T18:08:36.7164815Z [36;1mFS=$(npm view @poe-platform/safe-fs version)[0m
publish	Compute the next shared version	2026-09-12T18:08:36.7165198Z [36;1mBASH_VERSION_REMOTE=$(npm view @poe-platform/safe-bash version)[0m
publish	Compute the next shared version	2026-09-12T18:08:36.7166086Z [36;1mNEXT=$(node --input-type=module -e 'import semver from "semver"; const versions = process.argv.slice(1); if (!versions.every(version => semver.valid(version))) throw new Error("Invalid registry version"); console.log(semver.inc(versions.sort(semver.rcompare)[0], "patch"));' "$FS" "$JS" "$BASH_VERSION_REMOTE")[0m
publish	Compute the next shared version	2026-09-12T18:08:36.7166912Z [36;1mecho "next=$NEXT" >> "$GITHUB_OUTPUT"[0m
publish	Compute the next shared version	2026-09-12T18:08:36.7189209Z shell: /usr/bin/bash --noprofile --norc -e -o pipefail {0}
publish	Compute the next shared version	2026-09-12T18:08:36.7189630Z ##[endgroup]
publish	Run npm run build	﻿2026-09-12T18:08:38.4520875Z ##[group]Run npm run build
publish	Run npm run build	2026-09-12T18:08:38.4521186Z [36;1mnpm run build[0m
publish	Run npm run build	2026-09-12T18:08:38.4541902Z shell: /usr/bin/bash -e {0}
publish	Run npm run build	2026-09-12T18:08:38.4542202Z ##[endgroup]
publish	Run npm run build	2026-09-12T18:08:38.5215354Z 
publish	Run npm run build	2026-09-12T18:08:38.5216017Z > poe-code@0.0.0-dev build
publish	Run npm run build	2026-09-12T18:08:38.5216975Z > node scripts/build-workspaces.mjs && npm run codegen:plan-schemas && npm run codegen:harness-schemas && tsc -p tsconfig.build.json && node scripts/generate-bin-wrappers.mjs && node scripts/bundle.mjs
publish	Run npm run build	2026-09-12T18:08:38.5217467Z 
publish	Run npm run build	2026-09-12T18:08:38.6606960Z 
publish	Run npm run build	2026-09-12T18:08:38.6607697Z > @poe-code/agent-human-in-loop@0.0.1 build
publish	Run npm run build	2026-09-12T18:08:38.6608235Z > node ../../scripts/guard-package-dist.mjs && tsc
publish	Run npm run build	2026-09-12T18:08:38.6608448Z 
publish	Run npm run build	2026-09-12T18:08:38.6629630Z 
publish	Run npm run build	2026-09-12T18:08:38.6629953Z > @poe-code/agent-defs@0.0.1 build
publish	Run npm run build	2026-09-12T18:08:38.6630413Z > node ../../scripts/guard-package-dist.mjs && tsc
publish	Run npm run build	2026-09-12T18:08:38.6630652Z 
publish	Run npm run build	2026-09-12T18:08:39.8480579Z 
publish	Run npm run build	2026-09-12T18:08:39.8481556Z > @poe-code/agent-traces@0.0.1 build
publish	Run npm run build	2026-09-12T18:08:39.8482343Z > node ../../scripts/guard-package-dist.mjs && tsc
publish	Run npm run build	2026-09-12T18:08:39.8482600Z 
publish	Run npm run build	2026-09-12T18:08:39.8843836Z 
publish	Run npm run build	2026-09-12T18:08:39.8845553Z > @poe-code/cached-resource@0.0.1 build
publish	Run npm run build	2026-09-12T18:08:39.8846315Z > node ../../scripts/guard-package-dist.mjs && tsc
publish	Run npm run build	2026-09-12T18:08:39.8846618Z 
publish	Run npm run build	2026-09-12T18:08:41.2169922Z 
publish	Run npm run build	2026-09-12T18:08:41.2201158Z > @poe-code/frontmatter@0.0.1 build
publish	Run npm run build	2026-09-12T18:08:41.2217122Z > node ../../scripts/guard-package-dist.mjs && tsc
publish	Run npm run build	2026-09-12T18:08:41.2217902Z 
publish	Run npm run build	2026-09-12T18:08:41.3886871Z 
publish	Run npm run build	2026-09-12T18:08:41.3891963Z > @poe-code/poe-acp-client@0.0.1 build
publish	Run npm run build	2026-09-12T18:08:41.3893066Z > node ../../scripts/guard-package-dist.mjs && tsc
publish	Run npm run build	2026-09-12T18:08:41.3893453Z 
publish	Run npm run build	2026-09-12T18:08:42.4075762Z 
publish	Run npm run build	2026-09-12T18:08:42.4100961Z > @poe-code/process-runner@0.0.1 build
publish	Run npm run build	2026-09-12T18:08:42.4109215Z > node ../../scripts/guard-package-dist.mjs && tsc
publish	Run npm run build	2026-09-12T18:08:42.4109974Z 
publish	Run npm run build	2026-09-12T18:08:43.0396926Z 
publish	Run npm run build	2026-09-12T18:08:43.0398277Z > @poe-code/safe-fs@0.0.0-dev build
publish	Run npm run build	2026-09-12T18:08:43.0399424Z > node ../../scripts/guard-package-dist.mjs && tsc -p tsconfig.json && node scripts/native-assets.mjs
publish	Run npm run build	2026-09-12T18:08:43.0400058Z 
publish	Run npm run build	2026-09-12T18:08:44.0901674Z 
publish	Run npm run build	2026-09-12T18:08:44.0903062Z > @poe-code/user-error@0.0.1 build
publish	Run npm run build	2026-09-12T18:08:44.0903975Z > node ../../scripts/guard-package-dist.mjs && tsc
publish	Run npm run build	2026-09-12T18:08:44.0904415Z 
publish	Run npm run build	2026-09-12T18:08:45.2489839Z 
publish	Run npm run build	2026-09-12T18:08:45.2520969Z > auth-store@0.0.1 build
publish	Run npm run build	2026-09-12T18:08:45.2550512Z > node ../../scripts/guard-package-dist.mjs && tsc
publish	Run npm run build	2026-09-12T18:08:45.2579518Z 
publish	Run npm run build	2026-09-12T18:08:46.5002100Z 
publish	Run npm run build	2026-09-12T18:08:46.5003024Z > github-review@0.1.0 build
publish	Run npm run build	2026-09-12T18:08:46.5003429Z > tsc
publish	Run npm run build	2026-09-12T18:08:46.5003574Z 
publish	Run npm run build	2026-09-12T18:08:47.4532899Z 
publish	Run npm run build	2026-09-12T18:08:47.4534038Z > poe-oauth@0.0.1 build
publish	Run npm run build	2026-09-12T18:08:47.4534565Z > node ../../scripts/guard-package-dist.mjs && tsc
publish	Run npm run build	2026-09-12T18:08:47.4534775Z 
publish	Run npm run build	2026-09-12T18:08:47.7776598Z {"nativeAssets":"/home/runner/work/poe-code/poe-code/packages/safe-fs/dist/native/fs-seek","targets":["linux-x64-glibc"]}
publish	Run npm run build	2026-09-12T18:08:47.9258046Z 
publish	Run npm run build	2026-09-12T18:08:47.9259427Z > terminal-png@0.1.0 build
publish	Run npm run build	2026-09-12T18:08:47.9260509Z > node ../../scripts/guard-package-dist.mjs && tsc -p tsconfig.build.json
publish	Run npm run build	2026-09-12T18:08:47.9261084Z 
publish	Run npm run build	2026-09-12T18:08:48.5893070Z 
publish	Run npm run build	2026-09-12T18:08:48.5920815Z > tiny-oauth-test-server@0.1.0 build
publish	Run npm run build	2026-09-12T18:08:48.5921871Z > node ../../scripts/guard-package-dist.mjs && tsc
publish	Run npm run build	2026-09-12T18:08:48.5922276Z 
publish	Run npm run build	2026-09-12T18:08:49.3099797Z 
publish	Run npm run build	2026-09-12T18:08:49.3121258Z > tokenfill@0.0.1 build
publish	Run npm run build	2026-09-12T18:08:49.3122354Z > tsc && node ./scripts/copy-corpus.mjs
publish	Run npm run build	2026-09-12T18:08:49.3125082Z 
publish	Run npm run build	2026-09-12T18:08:50.0723258Z 
publish	Run npm run build	2026-09-12T18:08:50.0745822Z > toolcraft-schema@0.0.1 build
publish	Run npm run build	2026-09-12T18:08:50.0746348Z > rm -rf dist && tsc
publish	Run npm run build	2026-09-12T18:08:50.0746542Z 
publish	Run npm run build	2026-09-12T18:08:51.3076494Z 
publish	Run npm run build	2026-09-12T18:08:51.3077960Z > @poe-code/providers@0.0.1 build
publish	Run npm run build	2026-09-12T18:08:51.3078853Z > node ../../scripts/guard-package-dist.mjs && node scripts/generate-provider-registry.mjs && tsc
publish	Run npm run build	2026-09-12T18:08:51.3080007Z 
publish	Run npm run build	2026-09-12T18:08:51.3080043Z 
publish	Run npm run build	2026-09-12T18:08:51.3099708Z > @poe-code/task-list@0.0.1 build
publish	Run npm run build	2026-09-12T18:08:51.3100367Z > node ../../scripts/guard-package-dist.mjs && tsc
publish	Run npm run build	2026-09-12T18:08:51.3100673Z 
publish	Run npm run build	2026-09-12T18:08:52.5854605Z 
publish	Run npm run build	2026-09-12T18:08:52.5856304Z > @poe-code/workspace-resolver@0.0.1 build
publish	Run npm run build	2026-09-12T18:08:52.5869579Z > node ../../scripts/guard-package-dist.mjs && tsc
publish	Run npm run build	2026-09-12T18:08:52.5870241Z 
publish	Run npm run build	2026-09-12T18:08:53.1669794Z 
publish	Run npm run build	2026-09-12T18:08:53.1671252Z > @poe-code/worktree@0.0.1 build
publish	Run npm run build	2026-09-12T18:08:53.1672074Z > node ../../scripts/guard-package-dist.mjs && tsc
publish	Run npm run build	2026-09-12T18:08:53.1672577Z 
publish	Run npm run build	2026-09-12T18:08:53.8500923Z 
publish	Run npm run build	2026-09-12T18:08:53.8501747Z > mcp-oauth@0.0.1 build
publish	Run npm run build	2026-09-12T18:08:53.8502341Z > tsc
publish	Run npm run build	2026-09-12T18:08:53.8502704Z 
publish	Run npm run build	2026-09-12T18:08:54.4949505Z 
publish	Run npm run build	2026-09-12T18:08:54.4950816Z > opencode-poe-auth@0.0.1 build
publish	Run npm run build	2026-09-12T18:08:54.4951816Z > node ../../scripts/guard-package-dist.mjs && tsc
publish	Run npm run build	2026-09-12T18:08:54.4952361Z 
publish	Run npm run build	2026-09-12T18:08:55.3831343Z 
publish	Run npm run build	2026-09-12T18:08:55.3832619Z > tiny-stdio-mcp-server@0.1.0 build
publish	Run npm run build	2026-09-12T18:08:55.3833655Z > node ../../scripts/guard-package-dist.mjs && tsc
publish	Run npm run build	2026-09-12T18:08:55.3834144Z 
publish	Run npm run build	2026-09-12T18:08:55.7979737Z 
publish	Run npm run build	2026-09-12T18:08:55.7981307Z > toolcraft-design@0.0.2 build
publish	Run npm run build	2026-09-12T18:08:55.7982168Z > node ../../scripts/guard-package-dist.mjs && tsc
publish	Run npm run build	2026-09-12T18:08:55.7982631Z 
publish	Run npm run build	2026-09-12T18:08:57.4179867Z 
publish	Run npm run build	2026-09-12T18:08:57.4200556Z > virtual-bash@0.0.0 build
publish	Run npm run build	2026-09-12T18:08:57.4202041Z > node ../../scripts/guard-package-dist.mjs && node scripts/integration-inputs.mjs && node scripts/build.mjs && node scripts/copy-compression-assets.mjs
publish	Run npm run build	2026-09-12T18:08:57.4202883Z 
publish	Run npm run build	2026-09-12T18:08:58.9614775Z 
publish	Run npm run build	2026-09-12T18:08:58.9628463Z > toolcraft-design@0.0.2 postbuild
publish	Run npm run build	2026-09-12T18:08:58.9629256Z > node scripts/smoke-built-exports.mjs
publish	Run npm run build	2026-09-12T18:08:58.9629539Z 
publish	Run npm run build	2026-09-12T18:09:05.6139783Z 
publish	Run npm run build	2026-09-12T18:09:05.6141137Z > @poe-code/agent-trace-viewer@0.0.1 build
publish	Run npm run build	2026-09-12T18:09:05.6142044Z > node ../../scripts/guard-package-dist.mjs && tsc
publish	Run npm run build	2026-09-12T18:09:05.6142469Z 
publish	Run npm run build	2026-09-12T18:09:05.6175763Z 
publish	Run npm run build	2026-09-12T18:09:05.6177101Z > @poe-code/config-extends@0.0.1 build
publish	Run npm run build	2026-09-12T18:09:05.6177941Z > node ../../scripts/guard-package-dist.mjs && tsc
publish	Run npm run build	2026-09-12T18:09:05.6178546Z 
publish	Run npm run build	2026-09-12T18:09:07.0365127Z 
publish	Run npm run build	2026-09-12T18:09:07.0366374Z > @poe-code/config-mutations@0.0.1 build
publish	Run npm run build	2026-09-12T18:09:07.0367186Z > node ../../scripts/guard-package-dist.mjs && tsc
publish	Run npm run build	2026-09-12T18:09:07.0368349Z 
publish	Run npm run build	2026-09-12T18:09:07.1553917Z 
publish	Run npm run build	2026-09-12T18:09:07.1555365Z > @poe-code/e2e-test-runner@1.0.0 build
publish	Run npm run build	2026-09-12T18:09:07.1556484Z > node ../../scripts/guard-package-dist.mjs && tsc -p tsconfig.build.json
publish	Run npm run build	2026-09-12T18:09:07.1557014Z 
publish	Run npm run build	2026-09-12T18:09:08.5619762Z 
publish	Run npm run build	2026-09-12T18:09:08.5640455Z > @poe-code/package-lint@0.0.1 build
publish	Run npm run build	2026-09-12T18:09:08.5650410Z > node ../../scripts/guard-package-dist.mjs && tsc
publish	Run npm run build	2026-09-12T18:09:08.5651209Z 
publish	Run npm run build	2026-09-12T18:09:08.9059736Z 
publish	Run npm run build	2026-09-12T18:09:08.9061095Z > @poe-code/process-launcher@0.0.1 build
publish	Run npm run build	2026-09-12T18:09:08.9061705Z > node ../../scripts/guard-package-dist.mjs && tsc
publish	Run npm run build	2026-09-12T18:09:08.9062103Z 
publish	Run npm run build	2026-09-12T18:09:10.5870111Z 
publish	Run npm run build	2026-09-12T18:09:10.5871150Z > mcp-oauth-server@0.1.0 build
publish	Run npm run build	2026-09-12T18:09:10.5871972Z > node ../../scripts/guard-package-dist.mjs && tsc
publish	Run npm run build	2026-09-12T18:09:10.5872420Z 
publish	Run npm run build	2026-09-12T18:09:10.5875243Z 
publish	Run npm run build	2026-09-12T18:09:10.5875628Z > safe-bash-playground@0.0.1 build
publish	Run npm run build	2026-09-12T18:09:10.5876142Z > tsc --noEmit && npm run build:site
publish	Run npm run build	2026-09-12T18:09:10.5876462Z 
publish	Run npm run build	2026-09-12T18:09:11.9226309Z 
publish	Run npm run build	2026-09-12T18:09:11.9227410Z > safe-bash-playground@0.0.1 build:site
publish	Run npm run build	2026-09-12T18:09:11.9228470Z > node scripts/build.mjs
publish	Run npm run build	2026-09-12T18:09:11.9228880Z 
publish	Run npm run build	2026-09-12T18:09:11.9233954Z 
publish	Run npm run build	2026-09-12T18:09:11.9234552Z > terminal-png-mcp@0.1.0 build
publish	Run npm run build	2026-09-12T18:09:11.9235239Z > node ../../scripts/guard-package-dist.mjs && tsc
publish	Run npm run build	2026-09-12T18:09:11.9235764Z 
publish	Run npm run build	2026-09-12T18:09:12.3991030Z [36mvite v6.4.3 [32mbuilding for production...[36m[39m
publish	Run npm run build	2026-09-12T18:09:12.4764923Z transforming...
publish	Run npm run build	2026-09-12T18:09:13.0181606Z 
publish	Run npm run build	2026-09-12T18:09:13.0200798Z > tiny-mcp-client@0.1.0 build
publish	Run npm run build	2026-09-12T18:09:13.0215500Z > node scripts/build.mjs
publish	Run npm run build	2026-09-12T18:09:13.0216151Z 
publish	Run npm run build	2026-09-12T18:09:16.4904361Z 
publish	Run npm run build	2026-09-12T18:09:16.4905788Z > tiny-stdio-mcp-test-server@0.1.0 build
publish	Run npm run build	2026-09-12T18:09:16.4906715Z > node ../../scripts/guard-package-dist.mjs && tsc
publish	Run npm run build	2026-09-12T18:09:16.4907257Z 
publish	Run npm run build	2026-09-12T18:09:17.6866502Z 
publish	Run npm run build	2026-09-12T18:09:17.6867887Z > toolcraft-landing-page@0.0.1 build
publish	Run npm run build	2026-09-12T18:09:17.6868873Z > rm -rf dist && tsc
publish	Run npm run build	2026-09-12T18:09:17.6869411Z 
publish	Run npm run build	2026-09-12T18:09:22.6171403Z [32m✓[39m 365 modules transformed.
publish	Run npm run build	2026-09-12T18:09:22.6285470Z [33mCircular chunk: browser-text-programs -> browser-commands -> browser-text-programs. Please adjust the manual chunk logic for these chunks.[39m
publish	Run npm run build	2026-09-12T18:09:22.6286831Z [33mCircular chunk: browser-commands -> browser-structured -> browser-commands. Please adjust the manual chunk logic for these chunks.[39m
publish	Run npm run build	2026-09-12T18:09:22.9197785Z rendering chunks...
publish	Run npm run build	2026-09-12T18:09:23.4106957Z computing gzip size...
publish	Run npm run build	2026-09-12T18:09:23.4612498Z [2mdist/site/[22m[32msafe-bash-engine.LICENSE.txt              [39m[1m[2m    1.07 kB[22m[1m[22m[2m │ gzip:   0.66 kB[22m
publish	Run npm run build	2026-09-12T18:09:23.4613749Z [2mdist/site/[22m[32mbrowser-hashes.LICENSE.txt                [39m[1m[2m    1.11 kB[22m[1m[22m[2m │ gzip:   0.69 kB[22m
publish	Run npm run build	2026-09-12T18:09:23.4614464Z [2mdist/site/[22m[32mindex.html                                [39m[1m[2m   18.46 kB[22m[1m[22m[2m │ gzip:   4.13 kB[22m
publish	Run npm run build	2026-09-12T18:09:23.4615225Z [2mdist/site/[22m[32mbrowser-platform.LICENSE.txt              [39m[1m[2m   42.18 kB[22m[1m[22m[2m │ gzip:   5.65 kB[22m
publish	Run npm run build	2026-09-12T18:09:23.4616170Z [2mdist/site/[22m[2massets/[22m[32mbz2-pANi4B14.js                    [39m[1m[2m  162.23 kB[22m[1m[22m
publish	Run npm run build	2026-09-12T18:09:23.4616907Z [2mdist/site/[22m[2massets/[22m[32mxz-sB1v1Y1Q.js                     [39m[1m[2m  203.25 kB[22m[1m[22m
publish	Run npm run build	2026-09-12T18:09:23.4617553Z [2mdist/site/[22m[2massets/[22m[32mzstd-CtR4R30v.js                   [39m[1m[2m1,183.59 kB[22m[1m[22m
publish	Run npm run build	2026-09-12T18:09:23.4618299Z [2mdist/site/[22m[2massets/[22m[32mexecution-worker-AMRLjAPG.js       [39m[1m[2m1,663.49 kB[22m[1m[22m
publish	Run npm run build	2026-09-12T18:09:23.4619029Z [2mdist/site/[22m[2massets/[22m[35mindex-Czt0fF1Z.css                 [39m[1m[2m   23.51 kB[22m[1m[22m[2m │ gzip:   5.83 kB[22m
publish	Run npm run build	2026-09-12T18:09:23.4620047Z [2mdist/site/[22m[2massets/[22m[36mbrowser-builtins-D9FLfLXg.js       [39m[1m[2m    0.49 kB[22m[1m[22m[2m │ gzip:   0.27 kB[22m
publish	Run npm run build	2026-09-12T18:09:23.4620885Z [2mdist/site/[22m[2massets/[22m[36myield-BMO6Oh1S.js                  [39m[1m[2m    0.93 kB[22m[1m[22m[2m │ gzip:   0.49 kB[22m
publish	Run npm run build	2026-09-12T18:09:23.4621353Z [33m
publish	Run npm run build	2026-09-12T18:09:23.4621800Z (!) Some chunks are larger than 500 kB after minification. Consider:
publish	Run npm run build	2026-09-12T18:09:23.4622354Z - Using dynamic import() to code-split the application
publish	Run npm run build	2026-09-12T18:09:23.4623331Z - Use build.rollupOptions.output.manualChunks to improve chunking: https://rollupjs.org/configuration-options/#output-manualchunks
publish	Run npm run build	2026-09-12T18:09:23.4624055Z - Adjust chunk size limit for this warning via build.chunkSizeWarningLimit.[39m
publish	Run npm run build	2026-09-12T18:09:23.4624711Z [2mdist/site/[22m[2massets/[22m[36mpreload-helper-Ct5FWWRu.js         [39m[1m[2m    1.23 kB[22m[1m[22m[2m │ gzip:   0.72 kB[22m
publish	Run npm run build	2026-09-12T18:09:23.4625507Z [2mdist/site/[22m[2massets/[22m[36mbrowser-shell-F8TIt24q.js          [39m[1m[2m    2.44 kB[22m[1m[22m[2m │ gzip:   1.24 kB[22m
publish	Run npm run build	2026-09-12T18:09:23.4626326Z [2mdist/site/[22m[2massets/[22m[36mindex-Hsx-Jfg7.js                  [39m[1m[2m   20.15 kB[22m[1m[22m[2m │ gzip:   7.48 kB[22m
publish	Run npm run build	2026-09-12T18:09:23.4627047Z [2mdist/site/[22m[2massets/[22m[36msession-DxPQw_qX.js                [39m[1m[2m   20.50 kB[22m[1m[22m[2m │ gzip:   8.54 kB[22m
publish	Run npm run build	2026-09-12T18:09:23.4627836Z [2mdist/site/[22m[2massets/[22m[36mbrowser-structured-BRwh4-Kf.js     [39m[1m[2m   48.73 kB[22m[1m[22m[2m │ gzip:  16.29 kB[22m
publish	Run npm run build	2026-09-12T18:09:23.4628694Z [2mdist/site/[22m[2massets/[22m[36mworkers-CfLjyBXV.js                [39m[1m[2m   54.27 kB[22m[1m[22m[2m │ gzip:  17.76 kB[22m
publish	Run npm run build	2026-09-12T18:09:23.4629611Z [2mdist/site/[22m[2massets/[22m[36mbrowser-filesystem-C4oe0GM2.js     [39m[1m[2m   60.49 kB[22m[1m[22m[2m │ gzip:  17.85 kB[22m
publish	Run npm run build	2026-09-12T18:09:23.4630534Z [2mdist/site/[22m[2massets/[22m[36mbrowser-text-programs-DYgrNgz2.js  [39m[1m[2m   65.24 kB[22m[1m[22m[2m │ gzip:  20.95 kB[22m
publish	Run npm run build	2026-09-12T18:09:23.4631449Z [2mdist/site/[22m[2massets/[22m[36mbrowser-platform-Do18PO8S.js       [39m[1m[2m   82.91 kB[22m[1m[22m[2m │ gzip:  28.15 kB[22m
publish	Run npm run build	2026-09-12T18:09:23.4632355Z [2mdist/site/[22m[2massets/[22m[36mbrowser-workers-DC0BwojY.js        [39m[1m[2m  217.01 kB[22m[1m[22m[2m │ gzip:  67.09 kB[22m
publish	Run npm run build	2026-09-12T18:09:23.4633285Z [2mdist/site/[22m[2massets/[22m[36mbrowser-commands-BktRIhp8.js       [39m[1m[33m2,455.31 kB[39m[22m[2m │ gzip: 588.84 kB[22m
publish	Run npm run build	2026-09-12T18:09:23.4633939Z [32m✓ built in 11.04s[39m
publish	Run npm run build	2026-09-12T18:09:23.6572179Z 
publish	Run npm run build	2026-09-12T18:09:23.6572852Z > @poe-code/agent-mcp-config@0.0.1 build
publish	Run npm run build	2026-09-12T18:09:23.6573373Z > node ../../scripts/guard-package-dist.mjs && tsc
publish	Run npm run build	2026-09-12T18:09:23.6573564Z 
publish	Run npm run build	2026-09-12T18:09:23.6577198Z 
publish	Run npm run build	2026-09-12T18:09:23.6577541Z > @poe-code/agent-skill-config@0.0.1 build
publish	Run npm run build	2026-09-12T18:09:23.6578071Z > node ../../scripts/guard-package-dist.mjs && tsc && node scripts/copy-templates.mjs
publish	Run npm run build	2026-09-12T18:09:23.6578451Z 
publish	Run npm run build	2026-09-12T18:09:24.8418120Z 
publish	Run npm run build	2026-09-12T18:09:24.8419573Z > @poe-code/poe-code-config@0.0.1 build
publish	Run npm run build	2026-09-12T18:09:24.8420135Z > rm -rf dist && tsc
publish	Run npm run build	2026-09-12T18:09:24.8420311Z 
publish	Run npm run build	2026-09-12T18:09:25.0146901Z 
publish	Run npm run build	2026-09-12T18:09:25.0171038Z > tiny-http-mcp-server@0.1.0 build
publish	Run npm run build	2026-09-12T18:09:25.0182158Z > node ../../scripts/guard-package-dist.mjs && tsc
publish	Run npm run build	2026-09-12T18:09:25.0186186Z 
publish	Run npm run build	2026-09-12T18:09:27.1192003Z 
publish	Run npm run build	2026-09-12T18:09:27.1193024Z > @poe-code/agent-hook-config@0.0.1 build
publish	Run npm run build	2026-09-12T18:09:27.1193576Z > node ../../scripts/guard-package-dist.mjs && tsc
publish	Run npm run build	2026-09-12T18:09:27.1193836Z 
publish	Run npm run build	2026-09-12T18:09:27.1810261Z 
publish	Run npm run build	2026-09-12T18:09:27.1811125Z > @poe-code/agent-harness-tools@0.0.1 build
publish	Run npm run build	2026-09-12T18:09:27.1811853Z > node ../../scripts/guard-package-dist.mjs && tsc
publish	Run npm run build	2026-09-12T18:09:27.1812141Z 
publish	Run npm run build	2026-09-12T18:09:28.4769829Z 
publish	Run npm run build	2026-09-12T18:09:28.4770821Z > tiny-http-mcp-oauth-test-server@0.1.0 build
publish	Run npm run build	2026-09-12T18:09:28.4771528Z > node ../../scripts/guard-package-dist.mjs && tsc
publish	Run npm run build	2026-09-12T18:09:28.4771975Z 
publish	Run npm run build	2026-09-12T18:09:28.9096843Z 
publish	Run npm run build	2026-09-12T18:09:28.9097867Z > toolcraft@0.0.51 build
publish	Run npm run build	2026-09-12T18:09:28.9098608Z > rm -rf dist && tsc && cp src/composition.json dist/composition.json
publish	Run npm run build	2026-09-12T18:09:28.9098911Z 
publish	Run npm run build	2026-09-12T18:09:31.7311088Z 
publish	Run npm run build	2026-09-12T18:09:31.7312240Z > @poe-code/markdown-reader@0.0.1 build
publish	Run npm run build	2026-09-12T18:09:31.7312981Z > node ../../scripts/guard-package-dist.mjs && tsc
publish	Run npm run build	2026-09-12T18:09:31.7313454Z 
publish	Run npm run build	2026-09-12T18:09:31.7313887Z 
publish	Run npm run build	2026-09-12T18:09:31.7314252Z > @poe-code/agent-spawn@0.0.1 build
publish	Run npm run build	2026-09-12T18:09:31.7314823Z > node ../../scripts/guard-package-dist.mjs && tsc
publish	Run npm run build	2026-09-12T18:09:31.7315074Z 
publish	Run npm run build	2026-09-12T18:09:33.2217320Z 
publish	Run npm run build	2026-09-12T18:09:33.2218268Z > @poe-code/pipeline@0.0.1 build
publish	Run npm run build	2026-09-12T18:09:33.2218896Z > node ../../scripts/guard-package-dist.mjs && tsc
publish	Run npm run build	2026-09-12T18:09:33.2219318Z 
publish	Run npm run build	2026-09-12T18:09:34.1727911Z 
publish	Run npm run build	2026-09-12T18:09:34.1729247Z > @poe-code/ralph@0.0.1 build
publish	Run npm run build	2026-09-12T18:09:34.1730037Z > node ../../scripts/guard-package-dist.mjs && tsc
publish	Run npm run build	2026-09-12T18:09:34.1730432Z 
publish	Run npm run build	2026-09-12T18:09:35.2793152Z 
publish	Run npm run build	2026-09-12T18:09:35.2793801Z > agent-stash@0.0.1 build
publish	Run npm run build	2026-09-12T18:09:35.2794292Z > node ../../scripts/guard-package-dist.mjs && tsc
publish	Run npm run build	2026-09-12T18:09:35.2794471Z 
publish	Run npm run build	2026-09-12T18:09:35.7631504Z 
publish	Run npm run build	2026-09-12T18:09:35.7632947Z > terminal-pilot@0.0.1 build
publish	Run npm run build	2026-09-12T18:09:35.7633808Z > rm -rf dist && tsc --emitDeclarationOnly && node scripts/build.mjs
publish	Run npm run build	2026-09-12T18:09:35.7634416Z 
publish	Run npm run build	2026-09-12T18:09:37.6652294Z 
publish	Run npm run build	2026-09-12T18:09:37.6653801Z > toolcraft-openapi@0.0.1 build
publish	Run npm run build	2026-09-12T18:09:37.6654440Z > rm -rf dist && tsc
publish	Run npm run build	2026-09-12T18:09:37.6654760Z 
publish	Run npm run build	2026-09-12T18:09:39.7373154Z 
publish	Run npm run build	2026-09-12T18:09:39.7374661Z > @poe-code/acp-telemetry@0.0.1 build
publish	Run npm run build	2026-09-12T18:09:39.7375608Z > rm -rf dist && tsc
publish	Run npm run build	2026-09-12T18:09:39.7375798Z 
publish	Run npm run build	2026-09-12T18:09:39.7375808Z 
publish	Run npm run build	2026-09-12T18:09:39.7376155Z > @poe-code/agent-child-process@0.0.1 build
publish	Run npm run build	2026-09-12T18:09:39.7376706Z > node ../../scripts/guard-package-dist.mjs && tsc
publish	Run npm run build	2026-09-12T18:09:39.7377058Z 
publish	Run npm run build	2026-09-12T18:09:41.0426378Z 
publish	Run npm run build	2026-09-12T18:09:41.0427692Z > @poe-code/agent-gaslight@0.0.1 build
publish	Run npm run build	2026-09-12T18:09:41.0428403Z > node ../../scripts/guard-package-dist.mjs && tsc
publish	Run npm run build	2026-09-12T18:09:41.0428699Z 
publish	Run npm run build	2026-09-12T18:09:41.0873504Z 
publish	Run npm run build	2026-09-12T18:09:41.0874734Z > @poe-code/experiment-loop@0.0.1 build
publish	Run npm run build	2026-09-12T18:09:41.0875943Z > node ../../scripts/guard-package-dist.mjs && tsc && node scripts/copy-assets.mjs
publish	Run npm run build	2026-09-12T18:09:41.0876508Z 
publish	Run npm run build	2026-09-12T18:09:42.5393604Z 
publish	Run npm run build	2026-09-12T18:09:42.5410936Z > @poe-code/github-workflows@0.0.1 build
publish	Run npm run build	2026-09-12T18:09:42.5412011Z > tsx scripts/generate-gh-workflows.ts && tsc && tsx scripts/build-assets.ts
publish	Run npm run build	2026-09-12T18:09:42.5412633Z 
publish	Run npm run build	2026-09-12T18:09:42.8066156Z 
publish	Run npm run build	2026-09-12T18:09:42.8067509Z > @poe-code/memory@0.0.1 build
publish	Run npm run build	2026-09-12T18:09:42.8068304Z > node ../../scripts/guard-package-dist.mjs && tsc
publish	Run npm run build	2026-09-12T18:09:42.8068786Z 
publish	Run npm run build	2026-09-12T18:09:42.8080214Z Generated .github/workflows/gh-fix-vulnerabilities.yml
publish	Run npm run build	2026-09-12T18:09:42.8184435Z Generated .github/workflows/gh-github-issue-comment-created.yml
publish	Run npm run build	2026-09-12T18:09:42.8259751Z Generated .github/workflows/gh-github-issue-opened.yml
publish	Run npm run build	2026-09-12T18:09:42.8345415Z Generated .github/workflows/gh-github-pull-request-comment-created.yml
publish	Run npm run build	2026-09-12T18:09:42.8400206Z Generated .github/workflows/gh-github-pull-request-opened.yml
publish	Run npm run build	2026-09-12T18:09:42.8435753Z Generated .github/workflows/gh-github-pull-request-synchronized.yml
publish	Run npm run build	2026-09-12T18:09:42.8490319Z Generated .github/workflows/gh-update-dependencies.yml
publish	Run npm run build	2026-09-12T18:09:42.8516707Z Generated .github/workflows/gh-update-documentation.yml
publish	Run npm run build	2026-09-12T18:09:44.6964685Z 
publish	Run npm run build	2026-09-12T18:09:44.6965862Z > @poe-code/poe-agent@0.0.1 build
publish	Run npm run build	2026-09-12T18:09:44.6967532Z > node ../../scripts/guard-package-dist.mjs && tsc && node -e "require('node:fs').copyFileSync('src/SYSTEM_PROMPT.md', 'dist/SYSTEM_PROMPT.md')"
publish	Run npm run build	2026-09-12T18:09:44.6968235Z 
publish	Run npm run build	2026-09-12T18:09:45.1761810Z 
publish	Run npm run build	2026-09-12T18:09:45.1763044Z > @poe-code/safe-js@0.0.1 build
publish	Run npm run build	2026-09-12T18:09:45.1764635Z > node ../../scripts/guard-package-dist.mjs && node scripts/numberformat-data.mjs && rm -rf dist && tsc && node scripts/numberformat-data.mjs --copy && node ../../scripts/set-bin-executable.mjs
publish	Run npm run build	2026-09-12T18:09:45.1765472Z 
publish	Run npm run build	2026-09-12T18:09:47.0319318Z 
publish	Run npm run build	2026-09-12T18:09:47.0320231Z > agent-code-review@0.1.0 build
publish	Run npm run build	2026-09-12T18:09:47.0320645Z > rm -rf dist && tsc
publish	Run npm run build	2026-09-12T18:09:47.0320860Z 
publish	Run npm run build	2026-09-12T18:09:48.8844501Z 
publish	Run npm run build	2026-09-12T18:09:48.8845593Z > terminal-pilot-mcp@0.0.1 build
publish	Run npm run build	2026-09-12T18:09:48.8846849Z > rm -rf dist && tsc --emitDeclarationOnly && node scripts/build.mjs
publish	Run npm run build	2026-09-12T18:09:48.8847240Z 
publish	Run npm run build	2026-09-12T18:09:51.9328145Z {"numberFormatLocales":766,"sourceBytes":5153552,"pluralLocales":224}
publish	Run npm run build	2026-09-12T18:10:01.7686552Z chmod 0755 dist/cli.js
publish	Run npm run build	2026-09-12T18:10:01.7687015Z chmod 0755 dist/cli.js
publish	Run npm run build	2026-09-12T18:10:01.7715722Z 
publish	Run npm run build	2026-09-12T18:10:01.7716735Z > @poe-code/safe-js@0.0.1 postbuild
publish	Run npm run build	2026-09-12T18:10:01.7717392Z > node --test scripts/built-imports.test.mjs
publish	Run npm run build	2026-09-12T18:10:01.7717665Z 
publish	Run npm run build	2026-09-12T18:10:01.8033458Z TAP version 13
publish	Run npm run build	2026-09-12T18:10:03.0459161Z # Subtest: built platform resolution does not add a nested canonical filesystem package scope
publish	Run npm run build	2026-09-12T18:10:03.0471401Z ok 1 - built platform resolution does not add a nested canonical filesystem package scope
publish	Run npm run build	2026-09-12T18:10:03.0480229Z   ---
publish	Run npm run build	2026-09-12T18:10:03.0480712Z   duration_ms: 0.537785
publish	Run npm run build	2026-09-12T18:10:03.0481837Z   type: 'test'
publish	Run npm run build	2026-09-12T18:10:03.0482221Z   ...
publish	Run npm run build	2026-09-12T18:10:03.0482655Z # Subtest: built . export initializes in a fresh native ESM process
publish	Run npm run build	2026-09-12T18:10:03.0483565Z ok 2 - built . export initializes in a fresh native ESM process
publish	Run npm run build	2026-09-12T18:10:03.0483932Z   ---
publish	Run npm run build	2026-09-12T18:10:03.0484258Z   duration_ms: 270.219754
publish	Run npm run build	2026-09-12T18:10:03.0484566Z   type: 'test'
publish	Run npm run build	2026-09-12T18:10:03.0484865Z   ...
publish	Run npm run build	2026-09-12T18:10:03.0485296Z # Subtest: built ./core export initializes in a fresh native ESM process
publish	Run npm run build	2026-09-12T18:10:03.0485891Z ok 3 - built ./core export initializes in a fresh native ESM process
publish	Run npm run build	2026-09-12T18:10:03.0486341Z   ---
publish	Run npm run build	2026-09-12T18:10:03.0486650Z   duration_ms: 215.82025
publish	Run npm run build	2026-09-12T18:10:03.0486953Z   type: 'test'
publish	Run npm run build	2026-09-12T18:10:03.0487282Z   ...
publish	Run npm run build	2026-09-12T18:10:03.0487743Z # Subtest: built ./cli export initializes in a fresh native ESM process
publish	Run npm run build	2026-09-12T18:10:03.0488313Z ok 4 - built ./cli export initializes in a fresh native ESM process
publish	Run npm run build	2026-09-12T18:10:03.0488743Z   ---
publish	Run npm run build	2026-09-12T18:10:03.0489286Z   duration_ms: 24.494018
publish	Run npm run build	2026-09-12T18:10:03.0489600Z   type: 'test'
publish	Run npm run build	2026-09-12T18:10:03.0489863Z   ...
publish	Run npm run build	2026-09-12T18:10:03.0490346Z # Subtest: built ./workerd export initializes in a fresh native ESM process
publish	Run npm run build	2026-09-12T18:10:03.0490837Z ok 5 - built ./workerd export initializes in a fresh native ESM process
publish	Run npm run build	2026-09-12T18:10:03.0491142Z   ---
publish	Run npm run build	2026-09-12T18:10:03.0491395Z   duration_ms: 235.741099
publish	Run npm run build	2026-09-12T18:10:03.0491651Z   type: 'test'
publish	Run npm run build	2026-09-12T18:10:03.0491910Z   ...
publish	Run npm run build	2026-09-12T18:10:03.0492404Z # Subtest: built SDK and snapshot helpers initialize together without preloading value modules
publish	Run npm run build	2026-09-12T18:10:03.0492990Z ok 6 - built SDK and snapshot helpers initialize together without preloading value modules
publish	Run npm run build	2026-09-12T18:10:03.0493445Z   ---
publish	Run npm run build	2026-09-12T18:10:03.0493762Z   duration_ms: 267.396245
publish	Run npm run build	2026-09-12T18:10:03.0494084Z   type: 'test'
publish	Run npm run build	2026-09-12T18:10:03.0494342Z   ...
publish	Run npm run build	2026-09-12T18:10:03.0494799Z # Subtest: built replay-data helpers initialize without preloading the SDK
publish	Run npm run build	2026-09-12T18:10:03.0495367Z ok 7 - built replay-data helpers initialize without preloading the SDK
publish	Run npm run build	2026-09-12T18:10:03.0495770Z   ---
publish	Run npm run build	2026-09-12T18:10:03.0496103Z   duration_ms: 201.780337
publish	Run npm run build	2026-09-12T18:10:03.0496444Z   type: 'test'
publish	Run npm run build	2026-09-12T18:10:03.0496723Z   ...
publish	Run npm run build	2026-09-12T18:10:03.0534843Z 1..7
publish	Run npm run build	2026-09-12T18:10:03.0535325Z # tests 7
publish	Run npm run build	2026-09-12T18:10:03.0535667Z # suites 0
publish	Run npm run build	2026-09-12T18:10:03.0535909Z # pass 7
publish	Run npm run build	2026-09-12T18:10:03.0536226Z # fail 0
publish	Run npm run build	2026-09-12T18:10:03.0536474Z # cancelled 0
publish	Run npm run build	2026-09-12T18:10:03.0536716Z # skipped 0
publish	Run npm run build	2026-09-12T18:10:03.0537026Z # todo 0
publish	Run npm run build	2026-09-12T18:10:03.0537298Z # duration_ms 1258.601815
publish	Run npm run build	2026-09-12T18:10:03.1794022Z 
publish	Run npm run build	2026-09-12T18:10:03.1794749Z > @poe-code/agent-harness@0.0.1 build
publish	Run npm run build	2026-09-12T18:10:03.1795380Z > node ../../scripts/guard-package-dist.mjs && tsc && node scripts/copy-templates.mjs
publish	Run npm run build	2026-09-12T18:10:03.1795631Z 
publish	Run npm run build	2026-09-12T18:10:03.1795637Z 
publish	Run npm run build	2026-09-12T18:10:03.1795802Z > @poe-code/braintrust@0.0.1 build
publish	Run npm run build	2026-09-12T18:10:03.1796095Z > rm -rf dist && tsc
publish	Run npm run build	2026-09-12T18:10:03.1796280Z 
publish	Run npm run build	2026-09-12T18:10:04.8165319Z 
publish	Run npm run build	2026-09-12T18:10:04.8166880Z > toolcraft-codemode@0.0.1 build
publish	Run npm run build	2026-09-12T18:10:04.8168262Z > rm -rf dist && tsc
publish	Run npm run build	2026-09-12T18:10:04.8168672Z 
publish	Run npm run build	2026-09-12T18:10:05.8663194Z 
publish	Run npm run build	2026-09-12T18:10:05.8664145Z > @poe-code/superintendent@0.0.1 build
publish	Run npm run build	2026-09-12T18:10:05.8665184Z > node ../../scripts/guard-package-dist.mjs && tsc && node scripts/copy-templates.mjs
publish	Run npm run build	2026-09-12T18:10:05.8665554Z 
publish	Run npm run build	2026-09-12T18:10:08.0128707Z 
publish	Run npm run build	2026-09-12T18:10:08.0130043Z > @poe-code/maestro@0.0.1 build
publish	Run npm run build	2026-09-12T18:10:08.0130757Z > node ../../scripts/guard-package-dist.mjs && tsc
publish	Run npm run build	2026-09-12T18:10:08.0131052Z 
publish	Run npm run build	2026-09-12T18:10:08.0136046Z 
publish	Run npm run build	2026-09-12T18:10:08.0136445Z > build
publish	Run npm run build	2026-09-12T18:10:08.0137141Z > node ../../scripts/guard-package-dist.mjs && tsc
publish	Run npm run build	2026-09-12T18:10:08.0137550Z 
publish	Run npm run build	2026-09-12T18:10:10.7916417Z 
publish	Run npm run build	2026-09-12T18:10:10.7917453Z > @poe-code/plan-browser@0.0.1 build
publish	Run npm run build	2026-09-12T18:10:10.7917982Z > node ../../scripts/guard-package-dist.mjs && tsc
publish	Run npm run build	2026-09-12T18:10:10.7918191Z 
publish	Run npm run build	2026-09-12T18:10:12.0769195Z 
publish	Run npm run build	2026-09-12T18:10:12.0769964Z > @poe-code/maestro-tui@0.0.1 build
publish	Run npm run build	2026-09-12T18:10:12.0770554Z > node ../../scripts/guard-package-dist.mjs && tsc
publish	Run npm run build	2026-09-12T18:10:12.0773427Z 
publish	Run npm run build	2026-09-12T18:10:13.2274419Z {"workspaces":71,"builds":70,"edges":211,"layers":11,"noBuild":[{"name":"@poe-code/py-poe-spawn","path":"packages/py-poe-spawn","status":"NO_DECLARED_BUILD_NOT_A_PASS"}],"manifestless":[]}
publish	Run npm run build	2026-09-12T18:10:13.2964336Z 
publish	Run npm run build	2026-09-12T18:10:13.2965183Z > poe-code@0.0.0-dev codegen:plan-schemas
publish	Run npm run build	2026-09-12T18:10:13.2965670Z > tsx scripts/generate-plan-schemas.ts
publish	Run npm run build	2026-09-12T18:10:13.2965863Z 
publish	Run npm run build	2026-09-12T18:10:13.7139218Z 
publish	Run npm run build	2026-09-12T18:10:13.7139997Z > poe-code@0.0.0-dev codegen:harness-schemas
publish	Run npm run build	2026-09-12T18:10:13.7140482Z > tsx scripts/generate-harness-schemas.ts
publish	Run npm run build	2026-09-12T18:10:13.7140687Z 
publish	Run npm run build	2026-09-12T18:10:22.4566666Z Bundle complete: dist/index.js + dist/bin.cjs
publish	Run npx vitest run scripts/package-safe.test.ts	﻿2026-09-12T18:10:22.4772282Z ##[group]Run npx vitest run scripts/package-safe.test.ts
publish	Run npx vitest run scripts/package-safe.test.ts	2026-09-12T18:10:22.4772683Z [36;1mnpx vitest run scripts/package-safe.test.ts[0m
publish	Run npx vitest run scripts/package-safe.test.ts	2026-09-12T18:10:22.4792956Z shell: /usr/bin/bash -e {0}
publish	Run npx vitest run scripts/package-safe.test.ts	2026-09-12T18:10:22.4793342Z ##[endgroup]
publish	Run npx vitest run scripts/package-safe.test.ts	2026-09-12T18:10:22.8688469Z 
publish	Run npx vitest run scripts/package-safe.test.ts	2026-09-12T18:10:22.8691771Z [1m[30m[46m RUN [49m[39m[22m [36mv4.1.11 [39m[90m/home/runner/work/poe-code/poe-code[39m
publish	Run npx vitest run scripts/package-safe.test.ts	2026-09-12T18:10:22.8692830Z 
publish	Run npx vitest run scripts/package-safe.test.ts	2026-09-12T18:10:23.5215378Z  [32m✓[39m scripts/package-safe.test.ts [2m([22m[2m2 tests[22m[2m)[22m[32m 28[2mms[22m[39m
publish	Run npx vitest run scripts/package-safe.test.ts	2026-09-12T18:10:23.5244033Z 
publish	Run npx vitest run scripts/package-safe.test.ts	2026-09-12T18:10:23.5248620Z [2m Test Files [22m [1m[32m1 passed[39m[22m[90m (1)[39m
publish	Run npx vitest run scripts/package-safe.test.ts	2026-09-12T18:10:23.5249611Z [2m      Tests [22m [1m[32m2 passed[39m[22m[90m (2)[39m
publish	Run npx vitest run scripts/package-safe.test.ts	2026-09-12T18:10:23.5250294Z [2m   Start at [22m 18:10:22
publish	Run npx vitest run scripts/package-safe.test.ts	2026-09-12T18:10:23.5251088Z [2m   Duration [22m 588ms[2m (transform 156ms, setup 63ms, import 412ms, tests 28ms, environment 0ms)[22m
publish	Run npx vitest run scripts/package-safe.test.ts	2026-09-12T18:10:23.5251635Z 
publish	Run npm run lint:packages	﻿2026-09-12T18:10:23.5599021Z ##[group]Run npm run lint:packages
publish	Run npm run lint:packages	2026-09-12T18:10:23.5599681Z [36;1mnpm run lint:packages[0m
publish	Run npm run lint:packages	2026-09-12T18:10:23.5626684Z shell: /usr/bin/bash -e {0}
publish	Run npm run lint:packages	2026-09-12T18:10:23.5627068Z ##[endgroup]
publish	Run npm run lint:packages	2026-09-12T18:10:23.6323655Z 
publish	Run npm run lint:packages	2026-09-12T18:10:23.6324206Z > poe-code@0.0.0-dev lint:packages
publish	Run npm run lint:packages	2026-09-12T18:10:23.6324641Z > tsx packages/package-lint/src/cli.ts
publish	Run npm run lint:packages	2026-09-12T18:10:23.6324871Z 
publish	Run npm run lint:packages	2026-09-12T18:10:30.2543579Z package-lint · 17 rules · 71 packages
publish	Run npm run lint:packages	2026-09-12T18:10:30.2559697Z 
publish	Run npm run lint:packages	2026-09-12T18:10:30.2561268Z shipped-dist-deps-unresolvable           ✓
publish	Run npm run lint:packages	2026-09-12T18:10:30.2562054Z no-published-to-private-dep              ✓
publish	Run npm run lint:packages	2026-09-12T18:10:30.2562808Z published-dep-needs-version-range        ✓
publish	Run npm run lint:packages	2026-09-12T18:10:30.2563532Z public-needs-publish-wiring              ✓
publish	Run npm run lint:packages	2026-09-12T18:10:30.2564150Z release-workflow-maps-to-package         ✓
publish	Run npm run lint:packages	2026-09-12T18:10:30.2564640Z lockstep-release-group-valid             ✓
publish	Run npm run lint:packages	2026-09-12T18:10:30.2565240Z no-cross-package-relative-import         ✓
publish	Run npm run lint:packages	2026-09-12T18:10:30.2565759Z imported-workspace-dep-unresolvable      ✓
publish	Run npm run lint:packages	2026-09-12T18:10:30.2566465Z exports-subpath-resolvable               ✓
publish	Run npm run lint:packages	2026-09-12T18:10:30.2566972Z bundle-self-contained                    ✓
publish	Run npm run lint:packages	2026-09-12T18:10:30.2567996Z bundled-transitive-npm-dep-unbundled     ✓
publish	Run npm run lint:packages	2026-09-12T18:10:30.2568535Z published-bin-must-be-executable         ✓
publish	Run npm run lint:packages	2026-09-12T18:10:30.2569015Z package-readme-required                  ✓
publish	Run npm run lint:packages	2026-09-12T18:10:30.2569628Z runtime-file-assets-collocated           ✓
publish	Run npm run lint:packages	2026-09-12T18:10:30.2570008Z runtime-file-assets-packaged             ✓
publish	Run npm run lint:packages	2026-09-12T18:10:30.2570403Z published-license-required               ✓
publish	Run npm run lint:packages	2026-09-12T18:10:30.2570821Z no-import-attributes-in-shipped-source   ✓
publish	Run npm run lint:packages	2026-09-12T18:10:30.2571171Z ✓ all 17 rules passed
publish	Prepare scoped artifacts	﻿2026-09-12T18:10:30.2930968Z ##[group]Run node scripts/package-safe.mjs --out-dir "$RUNNER_TEMP/safe-npm" --version "$VERSION"
publish	Prepare scoped artifacts	2026-09-12T18:10:30.2931564Z [36;1mnode scripts/package-safe.mjs --out-dir "$RUNNER_TEMP/safe-npm" --version "$VERSION"[0m
publish	Prepare scoped artifacts	2026-09-12T18:10:30.2952106Z shell: /usr/bin/bash -e {0}
publish	Prepare scoped artifacts	2026-09-12T18:10:30.2952384Z env:
publish	Prepare scoped artifacts	2026-09-12T18:10:30.2952627Z   VERSION: 0.1.562
publish	Prepare scoped artifacts	2026-09-12T18:10:30.2952887Z ##[endgroup]
publish	Prepare scoped artifacts	2026-09-12T18:10:35.5477045Z [
publish	Prepare scoped artifacts	2026-09-12T18:10:35.5477636Z   {
publish	Prepare scoped artifacts	2026-09-12T18:10:35.5478068Z     "name": "@poe-platform/safe-fs",
publish	Prepare scoped artifacts	2026-09-12T18:10:35.5478575Z     "directory": "/home/runner/work/_temp/safe-npm/safe-fs",
publish	Prepare scoped artifacts	2026-09-12T18:10:35.5479028Z     "version": "0.1.562",
publish	Prepare scoped artifacts	2026-09-12T18:10:35.5479509Z     "files": 138
publish	Prepare scoped artifacts	2026-09-12T18:10:35.5479760Z   },
publish	Prepare scoped artifacts	2026-09-12T18:10:35.5480101Z   {
publish	Prepare scoped artifacts	2026-09-12T18:10:35.5480423Z     "name": "@poe-platform/safe-js",
publish	Prepare scoped artifacts	2026-09-12T18:10:35.5480820Z     "directory": "/home/runner/work/_temp/safe-npm/safe-js",
publish	Prepare scoped artifacts	2026-09-12T18:10:35.5481250Z     "version": "0.1.562",
publish	Prepare scoped artifacts	2026-09-12T18:10:35.5481678Z     "files": 364
publish	Prepare scoped artifacts	2026-09-12T18:10:35.5481940Z   },
publish	Prepare scoped artifacts	2026-09-12T18:10:35.5482214Z   {
publish	Prepare scoped artifacts	2026-09-12T18:10:35.5482541Z     "name": "@poe-platform/safe-bash",
publish	Prepare scoped artifacts	2026-09-12T18:10:35.5482947Z     "directory": "/home/runner/work/_temp/safe-npm/safe-bash",
publish	Prepare scoped artifacts	2026-09-12T18:10:35.5483329Z     "version": "0.1.562",
publish	Prepare scoped artifacts	2026-09-12T18:10:35.5483629Z     "files": 1642
publish	Prepare scoped artifacts	2026-09-12T18:10:35.5483955Z   }
publish	Prepare scoped artifacts	2026-09-12T18:10:35.5484219Z ]
publish	Verify installed tarballs	﻿2026-09-12T18:10:35.5899373Z ##[group]Run set -euo pipefail
publish	Verify installed tarballs	2026-09-12T18:10:35.5899789Z [36;1mset -euo pipefail[0m
publish	Verify installed tarballs	2026-09-12T18:10:35.5900080Z [36;1mCONSUMER=$(mktemp -d)[0m
publish	Verify installed tarballs	2026-09-12T18:10:35.5900467Z [36;1mnpm pack "$RUNNER_TEMP/safe-npm/safe-fs" --ignore-scripts --pack-destination "$CONSUMER"[0m
publish	Verify installed tarballs	2026-09-12T18:10:35.5900964Z [36;1mnpm pack "$RUNNER_TEMP/safe-npm/safe-js" --ignore-scripts --pack-destination "$CONSUMER"[0m
publish	Verify installed tarballs	2026-09-12T18:10:35.5901469Z [36;1mnpm pack "$RUNNER_TEMP/safe-npm/safe-bash" --ignore-scripts --pack-destination "$CONSUMER"[0m
publish	Verify installed tarballs	2026-09-12T18:10:35.5901909Z [36;1mcp scripts/fixtures/safe-packages-* "$CONSUMER/"[0m
publish	Verify installed tarballs	2026-09-12T18:10:35.5902203Z [36;1mcd "$CONSUMER"[0m
publish	Verify installed tarballs	2026-09-12T18:10:35.5902449Z [36;1mnpm init --yes[0m
publish	Verify installed tarballs	2026-09-12T18:10:35.5902765Z [36;1mnpm install --ignore-scripts --no-audit --no-fund ./*.tgz[0m
publish	Verify installed tarballs	2026-09-12T18:10:35.5903164Z [36;1mnode safe-packages-smoke.mjs[0m
publish	Verify installed tarballs	2026-09-12T18:10:35.5903441Z [36;1mbun safe-packages-smoke.mjs[0m
publish	Verify installed tarballs	2026-09-12T18:10:35.5903915Z [36;1m"$GITHUB_WORKSPACE/node_modules/.bin/tsc" --noEmit --module NodeNext --moduleResolution NodeNext --target ES2022 safe-packages-types.mts[0m
publish	Verify installed tarballs	2026-09-12T18:10:35.5904698Z [36;1m"$GITHUB_WORKSPACE/node_modules/.bin/esbuild" safe-packages-browser.mjs --bundle --platform=browser --format=esm --outfile=browser.mjs[0m
publish	Verify installed tarballs	2026-09-12T18:10:35.5905215Z [36;1mnode browser.mjs[0m
publish	Verify installed tarballs	2026-09-12T18:10:35.5905514Z [36;1mnpm install --ignore-scripts --no-audit --no-fund poe-code@14.0.4[0m
publish	Verify installed tarballs	2026-09-12T18:10:35.5905836Z [36;1mnode safe-packages-legacy.mjs[0m
publish	Verify installed tarballs	2026-09-12T18:10:35.5906142Z [36;1mFS_ONLY=$(mktemp -d)[0m
publish	Verify installed tarballs	2026-09-12T18:10:35.5906498Z [36;1mcp "$GITHUB_WORKSPACE/scripts/fixtures/safe-packages-fs-only.mjs" "$FS_ONLY/"[0m
publish	Verify installed tarballs	2026-09-12T18:10:35.5906857Z [36;1mcd "$FS_ONLY"[0m
publish	Verify installed tarballs	2026-09-12T18:10:35.5907088Z [36;1mnpm init --yes[0m
publish	Verify installed tarballs	2026-09-12T18:10:35.5907456Z [36;1mnpm install --ignore-scripts --no-audit --no-fund "$CONSUMER"/poe-platform-safe-fs-*.tgz[0m
publish	Verify installed tarballs	2026-09-12T18:10:35.5907850Z [36;1mnode safe-packages-fs-only.mjs[0m
publish	Verify installed tarballs	2026-09-12T18:10:35.5908262Z [36;1mbun safe-packages-fs-only.mjs[0m
publish	Verify installed tarballs	2026-09-12T18:10:35.5930506Z shell: /usr/bin/bash --noprofile --norc -e -o pipefail {0}
publish	Verify installed tarballs	2026-09-12T18:10:35.5930935Z ##[endgroup]
publish	Verify installed tarballs	2026-09-12T18:10:35.9044572Z npm notice
publish	Verify installed tarballs	2026-09-12T18:10:35.9047360Z npm notice 📦  @poe-platform/safe-fs@0.1.562
publish	Verify installed tarballs	2026-09-12T18:10:35.9047837Z npm notice Tarball Contents
publish	Verify installed tarballs	2026-09-12T18:10:35.9064001Z npm notice 1.1kB LICENSE
publish	Verify installed tarballs	2026-09-12T18:10:35.9064372Z npm notice 18.8kB README.md
publish	Verify installed tarballs	2026-09-12T18:10:35.9064832Z npm notice 295B dist/safe-fs/bridge/confinement.d.ts
publish	Verify installed tarballs	2026-09-12T18:10:35.9065286Z npm notice 6.4kB dist/safe-fs/bridge/confinement.js
publish	Verify installed tarballs	2026-09-12T18:10:35.9065775Z npm notice 4.7kB dist/safe-fs/bridge/filesystem.d.ts
publish	Verify installed tarballs	2026-09-12T18:10:35.9066272Z npm notice 20.4kB dist/safe-fs/bridge/filesystem.js
publish	Verify installed tarballs	2026-09-12T18:10:35.9066753Z npm notice 458B dist/safe-fs/bridge/index.d.ts
publish	Verify installed tarballs	2026-09-12T18:10:35.9067195Z npm notice 776B dist/safe-fs/bridge/index.js
publish	Verify installed tarballs	2026-09-12T18:10:35.9067666Z npm notice 345B dist/safe-fs/bridge/stats.d.ts
publish	Verify installed tarballs	2026-09-12T18:10:35.9068148Z npm notice 1.3kB dist/safe-fs/bridge/stats.js
publish	Verify installed tarballs	2026-09-12T18:10:35.9068645Z npm notice 2.3kB dist/safe-fs/bridge/types.d.ts
publish	Verify installed tarballs	2026-09-12T18:10:35.9069220Z npm notice 11B dist/safe-fs/bridge/types.js
publish	Verify installed tarballs	2026-09-12T18:10:35.9069653Z npm notice 516B dist/safe-fs/bridge/values.d.ts
publish	Verify installed tarballs	2026-09-12T18:10:35.9070047Z npm notice 2.2kB dist/safe-fs/bridge/values.js
publish	Verify installed tarballs	2026-09-12T18:10:35.9070459Z npm notice 824B dist/safe-fs/config.d.ts
publish	Verify installed tarballs	2026-09-12T18:10:35.9070904Z npm notice 2.2kB dist/safe-fs/config.js
publish	Verify installed tarballs	2026-09-12T18:10:35.9071285Z npm notice 190B dist/safe-fs/config.node.d.ts
publish	Verify installed tarballs	2026-09-12T18:10:35.9071716Z npm notice 1.0kB dist/safe-fs/config.node.js
publish	Verify installed tarballs	2026-09-12T18:10:35.9072105Z npm notice 245B dist/safe-fs/config/memory.d.ts
publish	Verify installed tarballs	2026-09-12T18:10:35.9072503Z npm notice 225B dist/safe-fs/config/memory.js
publish	Verify installed tarballs	2026-09-12T18:10:35.9072924Z npm notice 300B dist/safe-fs/config/real.d.ts
publish	Verify installed tarballs	2026-09-12T18:10:35.9073325Z npm notice 592B dist/safe-fs/config/real.js
publish	Verify installed tarballs	2026-09-12T18:10:35.9073753Z npm notice 189B dist/safe-fs/contracts/abort.d.ts
publish	Verify installed tarballs	2026-09-12T18:10:35.9074491Z npm notice 1.1kB dist/safe-fs/contracts/abort.js
publish	Verify installed tarballs	2026-09-12T18:10:35.9074959Z npm notice 95B dist/safe-fs/contracts/cleanup.d.ts
publish	Verify installed tarballs	2026-09-12T18:10:35.9075292Z npm notice 170B dist/safe-fs/contracts/cleanup.js
publish	Verify installed tarballs	2026-09-12T18:10:35.9075657Z npm notice 2.2kB dist/safe-fs/contracts/errors.d.ts
publish	Verify installed tarballs	2026-09-12T18:10:35.9075998Z npm notice 3.0kB dist/safe-fs/contracts/errors.js
publish	Verify installed tarballs	2026-09-12T18:10:35.9076344Z npm notice 10.0kB dist/safe-fs/contracts/filesystem.d.ts
publish	Verify installed tarballs	2026-09-12T18:10:35.9076748Z npm notice 83B dist/safe-fs/contracts/filesystem.js
publish	Verify installed tarballs	2026-09-12T18:10:35.9077076Z npm notice 114B dist/safe-fs/contracts/index.d.ts
publish	Verify installed tarballs	2026-09-12T18:10:35.9077398Z npm notice 114B dist/safe-fs/contracts/index.js
publish	Verify installed tarballs	2026-09-12T18:10:35.9077756Z npm notice 441B dist/safe-fs/contracts/io.d.ts
publish	Verify installed tarballs	2026-09-12T18:10:35.9078072Z npm notice 3.2kB dist/safe-fs/contracts/io.js
publish	Verify installed tarballs	2026-09-12T18:10:35.9078423Z npm notice 475B dist/safe-fs/contracts/path.d.ts
publish	Verify installed tarballs	2026-09-12T18:10:35.9078779Z npm notice 391B dist/safe-fs/contracts/path.js
publish	Verify installed tarballs	2026-09-12T18:10:35.9079297Z npm notice 578B dist/safe-fs/contracts/portable-path.d.ts
publish	Verify installed tarballs	2026-09-12T18:10:35.9079681Z npm notice 2.1kB dist/safe-fs/contracts/portable-path.js
publish	Verify installed tarballs	2026-09-12T18:10:35.9080096Z npm notice 491B dist/safe-fs/contracts/virtual-path.d.ts
publish	Verify installed tarballs	2026-09-12T18:10:35.9080459Z npm notice 2.5kB dist/safe-fs/contracts/virtual-path.js
publish	Verify installed tarballs	2026-09-12T18:10:35.9080781Z npm notice 1.1kB dist/safe-fs/core.d.ts
publish	Verify installed tarballs	2026-09-12T18:10:35.9081169Z npm notice 867B dist/safe-fs/core.js
publish	Verify installed tarballs	2026-09-12T18:10:35.9081481Z npm notice 1.4kB dist/safe-fs/fs/capabilities.d.ts
publish	Verify installed tarballs	2026-09-12T18:10:35.9081828Z npm notice 8.1kB dist/safe-fs/fs/capabilities.js
publish	Verify installed tarballs	2026-09-12T18:10:35.9082198Z npm notice 3.8kB dist/safe-fs/fs/devices/index.d.ts
publish	Verify installed tarballs	2026-09-12T18:10:35.9082515Z npm notice 25.9kB dist/safe-fs/fs/devices/index.js
publish	Verify installed tarballs	2026-09-12T18:10:35.9082866Z npm notice 398B dist/safe-fs/fs/devices/path.d.ts
publish	Verify installed tarballs	2026-09-12T18:10:35.9083299Z npm notice 8.6kB dist/safe-fs/fs/devices/path.js
publish	Verify installed tarballs	2026-09-12T18:10:35.9083745Z npm notice 436B dist/safe-fs/fs/devices/stream.d.ts
publish	Verify installed tarballs	2026-09-12T18:10:35.9084378Z npm notice 4.8kB dist/safe-fs/fs/devices/stream.js
publish	Verify installed tarballs	2026-09-12T18:10:35.9084915Z npm notice 291B dist/safe-fs/fs/directory-admission.d.ts
publish	Verify installed tarballs	2026-09-12T18:10:35.9085303Z npm notice 644B dist/safe-fs/fs/directory-admission.js
publish	Verify installed tarballs	2026-09-12T18:10:35.9085653Z npm notice 5.5kB dist/safe-fs/fs/memory/index.d.ts
publish	Verify installed tarballs	2026-09-12T18:10:35.9086047Z npm notice 51.8kB dist/safe-fs/fs/memory/index.js
publish	Verify installed tarballs	2026-09-12T18:10:35.9086367Z npm notice 797B dist/safe-fs/fs/memory/ledger.d.ts
publish	Verify installed tarballs	2026-09-12T18:10:35.9086683Z npm notice 1.7kB dist/safe-fs/fs/memory/ledger.js
publish	Verify installed tarballs	2026-09-12T18:10:35.9087062Z npm notice 423B dist/safe-fs/fs/memory/limits.d.ts
publish	Verify installed tarballs	2026-09-12T18:10:35.9087365Z npm notice 919B dist/safe-fs/fs/memory/limits.js
publish	Verify installed tarballs	2026-09-12T18:10:35.9087731Z npm notice 318B dist/safe-fs/fs/memory/missing-target.d.ts
publish	Verify installed tarballs	2026-09-12T18:10:35.9088095Z npm notice 4.2kB dist/safe-fs/fs/memory/missing-target.js
publish	Verify installed tarballs	2026-09-12T18:10:35.9088484Z npm notice 1.3kB dist/safe-fs/fs/mount/comparison.d.ts
publish	Verify installed tarballs	2026-09-12T18:10:35.9088850Z npm notice 5.1kB dist/safe-fs/fs/mount/comparison.js
publish	Verify installed tarballs	2026-09-12T18:10:35.9090452Z npm notice 194B dist/safe-fs/fs/mount/identity.d.ts
publish	Verify installed tarballs	2026-09-12T18:10:35.9090925Z npm notice 615B dist/safe-fs/fs/mount/identity.js
publish	Verify installed tarballs	2026-09-12T18:10:35.9091334Z npm notice 4.1kB dist/safe-fs/fs/mount/index.d.ts
publish	Verify installed tarballs	2026-09-12T18:10:35.9091765Z npm notice 41.9kB dist/safe-fs/fs/mount/index.js
publish	Verify installed tarballs	2026-09-12T18:10:35.9092094Z npm notice 3.8kB dist/safe-fs/fs/overlay/index.d.ts
publish	Verify installed tarballs	2026-09-12T18:10:35.9092418Z npm notice 49.1kB dist/safe-fs/fs/overlay/index.js
publish	Verify installed tarballs	2026-09-12T18:10:35.9092787Z npm notice 342B dist/safe-fs/fs/path-namespace.d.ts
publish	Verify installed tarballs	2026-09-12T18:10:35.9093102Z npm notice 2.6kB dist/safe-fs/fs/path-namespace.js
publish	Verify installed tarballs	2026-09-12T18:10:35.9093466Z npm notice 446B dist/safe-fs/fs/quota/index.d.ts
publish	Verify installed tarballs	2026-09-12T18:10:35.9093808Z npm notice 18.0kB dist/safe-fs/fs/quota/index.js
publish	Verify installed tarballs	2026-09-12T18:10:35.9094146Z npm notice 2.9kB dist/safe-fs/fs/readonly/index.d.ts
publish	Verify installed tarballs	2026-09-12T18:10:35.9094470Z npm notice 6.6kB dist/safe-fs/fs/readonly/index.js
publish	Verify installed tarballs	2026-09-12T18:10:35.9094975Z npm notice 101B dist/safe-fs/fs/real/allocation.d.ts
publish	Verify installed tarballs	2026-09-12T18:10:35.9095321Z npm notice 341B dist/safe-fs/fs/real/allocation.js
publish	Verify installed tarballs	2026-09-12T18:10:35.9095641Z npm notice 5.3kB dist/safe-fs/fs/real/index.d.ts
publish	Verify installed tarballs	2026-09-12T18:10:35.9096215Z npm notice 39.3kB dist/safe-fs/fs/real/index.js
publish	Verify installed tarballs	2026-09-12T18:10:35.9096611Z npm notice 649B dist/safe-fs/fs/s3/authority.d.ts
publish	Verify installed tarballs	2026-09-12T18:10:35.9097014Z npm notice 1.2kB dist/safe-fs/fs/s3/authority.js
publish	Verify installed tarballs	2026-09-12T18:10:35.9097438Z npm notice 4.9kB dist/safe-fs/fs/s3/filesystem.d.ts
publish	Verify installed tarballs	2026-09-12T18:10:35.9097800Z npm notice 54.8kB dist/safe-fs/fs/s3/filesystem.js
publish	Verify installed tarballs	2026-09-12T18:10:35.9098206Z npm notice 181B dist/safe-fs/fs/s3/http/index.d.ts
publish	Verify installed tarballs	2026-09-12T18:10:35.9098627Z npm notice 56B dist/safe-fs/fs/s3/http/index.js
publish	Verify installed tarballs	2026-09-12T18:10:35.9099205Z npm notice 970B dist/safe-fs/fs/s3/http/request.d.ts
publish	Verify installed tarballs	2026-09-12T18:10:35.9099617Z npm notice 8.0kB dist/safe-fs/fs/s3/http/request.js
publish	Verify installed tarballs	2026-09-12T18:10:35.9100058Z npm notice 859B dist/safe-fs/fs/s3/http/signature.d.ts
publish	Verify installed tarballs	2026-09-12T18:10:35.9100482Z npm notice 4.0kB dist/safe-fs/fs/s3/http/signature.js
publish	Verify installed tarballs	2026-09-12T18:10:35.9100902Z npm notice 203B dist/safe-fs/fs/s3/http/transport.d.ts
publish	Verify installed tarballs	2026-09-12T18:10:35.9101335Z npm notice 24.3kB dist/safe-fs/fs/s3/http/transport.js
publish	Verify installed tarballs	2026-09-12T18:10:35.9101675Z npm notice 1.2kB dist/safe-fs/fs/s3/http/types.d.ts
publish	Verify installed tarballs	2026-09-12T18:10:35.9102006Z npm notice 11B dist/safe-fs/fs/s3/http/types.js
publish	Verify installed tarballs	2026-09-12T18:10:35.9102489Z npm notice 515B dist/safe-fs/fs/s3/http/xml.d.ts
publish	Verify installed tarballs	2026-09-12T18:10:35.9102902Z npm notice 7.2kB dist/safe-fs/fs/s3/http/xml.js
publish	Verify installed tarballs	2026-09-12T18:10:35.9103323Z npm notice 590B dist/safe-fs/fs/s3/index.d.ts
publish	Verify installed tarballs	2026-09-12T18:10:35.9103752Z npm notice 191B dist/safe-fs/fs/s3/index.js
publish	Verify installed tarballs	2026-09-12T18:10:35.9104139Z npm notice 2.2kB dist/safe-fs/fs/s3/mock.d.ts
publish	Verify installed tarballs	2026-09-12T18:10:35.9104531Z npm notice 10.8kB dist/safe-fs/fs/s3/mock.js
publish	Verify installed tarballs	2026-09-12T18:10:35.9104980Z npm notice 833B dist/safe-fs/fs/s3/registry.d.ts
publish	Verify installed tarballs	2026-09-12T18:10:35.9105385Z npm notice 3.3kB dist/safe-fs/fs/s3/registry.js
publish	Verify installed tarballs	2026-09-12T18:10:35.9105986Z npm notice 4.0kB dist/safe-fs/fs/s3/transport.d.ts
publish	Verify installed tarballs	2026-09-12T18:10:35.9106418Z npm notice 1.4kB dist/safe-fs/fs/s3/transport.js
publish	Verify installed tarballs	2026-09-12T18:10:35.9106868Z npm notice 961B dist/safe-fs/fs/scoped.d.ts
publish	Verify installed tarballs	2026-09-12T18:10:35.9107262Z npm notice 14.7kB dist/safe-fs/fs/scoped.js
publish	Verify installed tarballs	2026-09-12T18:10:35.9107678Z npm notice 226B dist/safe-fs/fs/webdav/index.d.ts
publish	Verify installed tarballs	2026-09-12T18:10:35.9108100Z npm notice 48B dist/safe-fs/fs/webdav/index.js
publish	Verify installed tarballs	2026-09-12T18:10:35.9108575Z npm notice 1.2kB dist/safe-fs/fs/webdav/resource-id.d.ts
publish	Verify installed tarballs	2026-09-12T18:10:35.9109184Z npm notice 4.8kB dist/safe-fs/fs/webdav/resource-id.js
publish	Verify installed tarballs	2026-09-12T18:10:35.9109719Z npm notice 5.7kB dist/safe-fs/fs/webdav/webdav.d.ts
publish	Verify installed tarballs	2026-09-12T18:10:35.9110119Z npm notice 64.2kB dist/safe-fs/fs/webdav/webdav.js
publish	Verify installed tarballs	2026-09-12T18:10:35.9110489Z npm notice 668B dist/safe-fs/fs/webdav/xml.d.ts
publish	Verify installed tarballs	2026-09-12T18:10:35.9110961Z npm notice 1.9kB dist/safe-fs/fs/webdav/xml.js
publish	Verify installed tarballs	2026-09-12T18:10:35.9111365Z npm notice 998B dist/safe-fs/index.d.ts
publish	Verify installed tarballs	2026-09-12T18:10:35.9111774Z npm notice 687B dist/safe-fs/index.js
publish	Verify installed tarballs	2026-09-12T18:10:35.9112270Z npm notice 17.1kB dist/safe-fs/native/fs-seek/linux-x64-glibc.node
publish	Verify installed tarballs	2026-09-12T18:10:35.9112800Z npm notice 174B dist/safe-fs/native/fs-seek/loader.d.ts
publish	Verify installed tarballs	2026-09-12T18:10:35.9113289Z npm notice 5.5kB dist/safe-fs/native/fs-seek/loader.mjs
publish	Verify installed tarballs	2026-09-12T18:10:35.9113779Z npm notice 1.7kB dist/safe-fs/native/fs-seek/manifest.json
publish	Verify installed tarballs	2026-09-12T18:10:35.9114247Z npm notice 28B dist/safe-fs/node-host.d.ts
publish	Verify installed tarballs	2026-09-12T18:10:35.9114638Z npm notice 28B dist/safe-fs/node-host.js
publish	Verify installed tarballs	2026-09-12T18:10:35.9115097Z npm notice 11B dist/safe-fs/node-unavailable.d.ts
publish	Verify installed tarballs	2026-09-12T18:10:35.9115544Z npm notice 11B dist/safe-fs/node-unavailable.js
publish	Verify installed tarballs	2026-09-12T18:10:35.9115955Z npm notice 761B dist/safe-fs/node/filesystem.d.ts
publish	Verify installed tarballs	2026-09-12T18:10:35.9116438Z npm notice 1.1kB dist/safe-fs/node/filesystem.js
publish	Verify installed tarballs	2026-09-12T18:10:35.9116846Z npm notice 160B dist/safe-fs/node/index.d.ts
publish	Verify installed tarballs	2026-09-12T18:10:35.9117271Z npm notice 54B dist/safe-fs/node/index.js
publish	Verify installed tarballs	2026-09-12T18:10:35.9117852Z npm notice 304B dist/safe-fs/node/native-seek.d.ts
publish	Verify installed tarballs	2026-09-12T18:10:35.9118295Z npm notice 2.2kB dist/safe-fs/node/native-seek.js
publish	Verify installed tarballs	2026-09-12T18:10:35.9118715Z npm notice 91B dist/safe-fs/node/stats.d.ts
publish	Verify installed tarballs	2026-09-12T18:10:35.9119248Z npm notice 91B dist/safe-fs/node/stats.js
publish	Verify installed tarballs	2026-09-12T18:10:35.9120349Z npm notice 107B dist/safe-fs/node/values.d.ts
publish	Verify installed tarballs	2026-09-12T18:10:35.9120755Z npm notice 107B dist/safe-fs/node/values.js
publish	Verify installed tarballs	2026-09-12T18:10:35.9121216Z npm notice 521B dist/safe-fs/platform/browser.d.ts
publish	Verify installed tarballs	2026-09-12T18:10:35.9121634Z npm notice 1.5kB dist/safe-fs/platform/browser.js
publish	Verify installed tarballs	2026-09-12T18:10:35.9122053Z npm notice 551B dist/safe-fs/platform/node.d.ts
publish	Verify installed tarballs	2026-09-12T18:10:35.9122521Z npm notice 1.1kB dist/safe-fs/platform/node.js
publish	Verify installed tarballs	2026-09-12T18:10:35.9123031Z npm notice 709B dist/safe-fs/testing/atomic-filesystem.d.ts
publish	Verify installed tarballs	2026-09-12T18:10:35.9123524Z npm notice 33.0kB dist/safe-fs/testing/atomic-filesystem.js
publish	Verify installed tarballs	2026-09-12T18:10:35.9123999Z npm notice 1.5kB dist/safe-fs/xml.d.ts
publish	Verify installed tarballs	2026-09-12T18:10:35.9124576Z npm notice 20.2kB dist/safe-fs/xml.js
publish	Verify installed tarballs	2026-09-12T18:10:35.9124930Z npm notice 3.7kB package.json
publish	Verify installed tarballs	2026-09-12T18:10:35.9125243Z npm notice Tarball Details
publish	Verify installed tarballs	2026-09-12T18:10:35.9125636Z npm notice name: @poe-platform/safe-fs
publish	Verify installed tarballs	2026-09-12T18:10:35.9125976Z npm notice version: 0.1.562
publish	Verify installed tarballs	2026-09-12T18:10:35.9126399Z npm notice filename: poe-platform-safe-fs-0.1.562.tgz
publish	Verify installed tarballs	2026-09-12T18:10:35.9126817Z npm notice package size: 141.5 kB
publish	Verify installed tarballs	2026-09-12T18:10:35.9127128Z npm notice unpacked size: 716.9 kB
publish	Verify installed tarballs	2026-09-12T18:10:35.9127534Z npm notice shasum: b09eda0f6335843fec9d60c2b9d0763e271223a1
publish	Verify installed tarballs	2026-09-12T18:10:35.9128031Z npm notice integrity: sha512-y+OmNl17giu0J[...]1E0nX/4oHC7kQ==
publish	Verify installed tarballs	2026-09-12T18:10:35.9128431Z npm notice total files: 141
publish	Verify installed tarballs	2026-09-12T18:10:35.9128715Z npm notice
publish	Verify installed tarballs	2026-09-12T18:10:35.9129270Z poe-platform-safe-fs-0.1.562.tgz
publish	Verify installed tarballs	2026-09-12T18:10:39.2485005Z npm notice
publish	Verify installed tarballs	2026-09-12T18:10:39.2488649Z npm notice 📦  @poe-platform/safe-js@0.1.562
publish	Verify installed tarballs	2026-09-12T18:10:39.2489440Z npm notice Tarball Contents
publish	Verify installed tarballs	2026-09-12T18:10:39.2531570Z npm notice 1.1kB LICENSE
publish	Verify installed tarballs	2026-09-12T18:10:39.2532333Z npm notice 100.3kB README.md
publish	Verify installed tarballs	2026-09-12T18:10:39.2532858Z npm notice 107B dist/agent-defs/agents/claude-code.d.ts
publish	Verify installed tarballs	2026-09-12T18:10:39.2533491Z npm notice 110B dist/agent-defs/agents/claude-desktop.d.ts
publish	Verify installed tarballs	2026-09-12T18:10:39.2534033Z npm notice 102B dist/agent-defs/agents/codex.d.ts
publish	Verify installed tarballs	2026-09-12T18:10:39.2534543Z npm notice 103B dist/agent-defs/agents/cursor.d.ts
publish	Verify installed tarballs	2026-09-12T18:10:39.2535213Z npm notice 106B dist/agent-defs/agents/gemini-cli.d.ts
publish	Verify installed tarballs	2026-09-12T18:10:39.2535712Z npm notice 102B dist/agent-defs/agents/goose.d.ts
publish	Verify installed tarballs	2026-09-12T18:10:39.2536220Z npm notice 415B dist/agent-defs/agents/index.d.ts
publish	Verify installed tarballs	2026-09-12T18:10:39.2536750Z npm notice 105B dist/agent-defs/agents/opencode.d.ts
publish	Verify installed tarballs	2026-09-12T18:10:39.2537269Z npm notice 99B dist/agent-defs/agents/pi.d.ts
publish	Verify installed tarballs	2026-09-12T18:10:39.2537741Z npm notice 105B dist/agent-defs/agents/poe-agent.d.ts
publish	Verify installed tarballs	2026-09-12T18:10:39.2538245Z npm notice 656B dist/agent-defs/capabilities.d.ts
publish	Verify installed tarballs	2026-09-12T18:10:39.2538727Z npm notice 590B dist/agent-defs/index.d.ts
publish	Verify installed tarballs	2026-09-12T18:10:39.2539336Z npm notice 186B dist/agent-defs/registry.d.ts
publish	Verify installed tarballs	2026-09-12T18:10:39.2539865Z npm notice 297B dist/agent-defs/specifier.d.ts
publish	Verify installed tarballs	2026-09-12T18:10:39.2540294Z npm notice 1.3kB dist/agent-defs/types.d.ts
publish	Verify installed tarballs	2026-09-12T18:10:39.2540824Z npm notice 329B dist/agent-harness-tools/binary-exists.d.ts
publish	Verify installed tarballs	2026-09-12T18:10:39.2541367Z npm notice 3.4kB dist/agent-harness-tools/execution-env.d.ts
publish	Verify installed tarballs	2026-09-12T18:10:39.2541936Z npm notice 909B dist/agent-harness-tools/hooks.d.ts
publish	Verify installed tarballs	2026-09-12T18:10:39.2542413Z npm notice 1.9kB dist/agent-harness-tools/index.d.ts
publish	Verify installed tarballs	2026-09-12T18:10:39.2542904Z npm notice 896B dist/agent-harness-tools/log-stream.d.ts
publish	Verify installed tarballs	2026-09-12T18:10:39.2543509Z npm notice 411B dist/agent-harness-tools/participant.d.ts
publish	Verify installed tarballs	2026-09-12T18:10:39.2544022Z npm notice 486B dist/agent-harness-tools/paths.d.ts
publish	Verify installed tarballs	2026-09-12T18:10:39.2544535Z npm notice 285B dist/agent-harness-tools/plan-readiness.d.ts
publish	Verify installed tarballs	2026-09-12T18:10:39.2545058Z npm notice 1.1kB dist/agent-harness-tools/plans.d.ts
publish	Verify installed tarballs	2026-09-12T18:10:39.2546015Z npm notice 1.5kB dist/agent-harness-tools/poe-command-execution.d.ts
publish	Verify installed tarballs	2026-09-12T18:10:39.2546654Z npm notice 639B dist/agent-harness-tools/run-logs.d.ts
publish	Verify installed tarballs	2026-09-12T18:10:39.2547222Z npm notice 931B dist/agent-harness-tools/run-poe-command.d.ts
publish	Verify installed tarballs	2026-09-12T18:10:39.2547764Z npm notice 1.1kB dist/agent-harness-tools/runner.d.ts
publish	Verify installed tarballs	2026-09-12T18:10:39.2548274Z npm notice 556B dist/agent-harness-tools/select-agent.d.ts
publish	Verify installed tarballs	2026-09-12T18:10:39.2549003Z npm notice 407B dist/agent-harness-tools/sequence.d.ts
publish	Verify installed tarballs	2026-09-12T18:10:39.2549772Z npm notice 76B dist/agent-harness-tools/skill-config.d.ts
publish	Verify installed tarballs	2026-09-12T18:10:39.2550187Z npm notice 678B dist/agent-harness-tools/stage.d.ts
publish	Verify installed tarballs	2026-09-12T18:10:39.2550676Z npm notice 387B dist/agent-harness-tools/workspace-transfer.d.ts
publish	Verify installed tarballs	2026-09-12T18:10:39.2551154Z npm notice 1.1kB dist/agent-spawn/acp/middleware.d.ts
publish	Verify installed tarballs	2026-09-12T18:10:39.2551573Z npm notice 6.7kB dist/agent-spawn/acp/types.d.ts
publish	Verify installed tarballs	2026-09-12T18:10:39.2552010Z npm notice 202B dist/agent-spawn/adapters/claude.d.ts
publish	Verify installed tarballs	2026-09-12T18:10:39.2552420Z npm notice 141B dist/agent-spawn/adapters/codex.d.ts
publish	Verify installed tarballs	2026-09-12T18:10:39.2552855Z npm notice 142B dist/agent-spawn/adapters/cursor.d.ts
publish	Verify installed tarballs	2026-09-12T18:10:39.2554841Z npm notice 609B dist/agent-spawn/adapters/index.d.ts
publish	Verify installed tarballs	2026-09-12T18:10:39.2555289Z npm notice 170B dist/agent-spawn/adapters/native.d.ts
publish	Verify installed tarballs	2026-09-12T18:10:39.2555684Z npm notice 144B dist/agent-spawn/adapters/opencode.d.ts
publish	Verify installed tarballs	2026-09-12T18:10:39.2556112Z npm notice 138B dist/agent-spawn/adapters/pi.d.ts
publish	Verify installed tarballs	2026-09-12T18:10:39.2556508Z npm notice 207B dist/agent-spawn/environment.d.ts
publish	Verify installed tarballs	2026-09-12T18:10:39.2556894Z npm notice 1.2kB dist/agent-spawn/parallel.d.ts
publish	Verify installed tarballs	2026-09-12T18:10:39.2557301Z npm notice 993B dist/agent-spawn/retry.d.ts
publish	Verify installed tarballs	2026-09-12T18:10:39.2557686Z npm notice 10.4kB dist/agent-spawn/types.d.ts
publish	Verify installed tarballs	2026-09-12T18:10:39.2558142Z npm notice 182B dist/auth-store/create-secret-store.d.ts
publish	Verify installed tarballs	2026-09-12T18:10:39.2558683Z npm notice 1.7kB dist/auth-store/encrypted-file-store.d.ts
publish	Verify installed tarballs	2026-09-12T18:10:39.2559299Z npm notice 608B dist/auth-store/index.d.ts
publish	Verify installed tarballs	2026-09-12T18:10:39.2559995Z npm notice 815B dist/auth-store/keychain-store.d.ts
publish	Verify installed tarballs	2026-09-12T18:10:39.2560432Z npm notice 503B dist/auth-store/provider-store.d.ts
publish	Verify installed tarballs	2026-09-12T18:10:39.2560846Z npm notice 704B dist/auth-store/types.d.ts
publish	Verify installed tarballs	2026-09-12T18:10:39.2561210Z npm notice 44B dist/compat/fs-core.d.ts
publish	Verify installed tarballs	2026-09-12T18:10:39.2561545Z npm notice 44B dist/compat/fs-core.js
publish	Verify installed tarballs	2026-09-12T18:10:39.2561849Z npm notice 44B dist/compat/fs-node.d.ts
publish	Verify installed tarballs	2026-09-12T18:10:39.2562143Z npm notice 44B dist/compat/fs-node.js
publish	Verify installed tarballs	2026-09-12T18:10:39.2562505Z npm notice 39B dist/compat/fs.d.ts
publish	Verify installed tarballs	2026-09-12T18:10:39.2562795Z npm notice 39B dist/compat/fs.js
publish	Verify installed tarballs	2026-09-12T18:10:39.2563149Z npm notice 352B dist/config-mutations/execution/run-mutations.d.ts
publish	Verify installed tarballs	2026-09-12T18:10:39.2563567Z npm notice 633B dist/config-mutations/fs-utils.d.ts
publish	Verify installed tarballs	2026-09-12T18:10:39.2563890Z npm notice 682B dist/config-mutations/index.d.ts
publish	Verify installed tarballs	2026-09-12T18:10:39.2564314Z npm notice 2.0kB dist/config-mutations/mutations/config-mutation.d.ts
publish	Verify installed tarballs	2026-09-12T18:10:39.2564781Z npm notice 2.5kB dist/config-mutations/mutations/file-mutation.d.ts
publish	Verify installed tarballs	2026-09-12T18:10:39.2565212Z npm notice 1.6kB dist/config-mutations/mutations/template-mutation.d.ts
publish	Verify installed tarballs	2026-09-12T18:10:39.2565617Z npm notice 276B dist/config-mutations/template/render.d.ts
publish	Verify installed tarballs	2026-09-12T18:10:39.2565994Z npm notice 6.1kB dist/config-mutations/types.d.ts
publish	Verify installed tarballs	2026-09-12T18:10:39.2566355Z npm notice 152B dist/poe-code-config/config.d.ts
publish	Verify installed tarballs	2026-09-12T18:10:39.2566725Z npm notice 1.1kB dist/poe-code-config/configured-services.d.ts
publish	Verify installed tarballs	2026-09-12T18:10:39.2567120Z npm notice 2.2kB dist/poe-code-config/core.d.ts
publish	Verify installed tarballs	2026-09-12T18:10:39.2567454Z npm notice 737B dist/poe-code-config/inspect.d.ts
publish	Verify installed tarballs	2026-09-12T18:10:39.2567786Z npm notice 900B dist/poe-code-config/memory.d.ts
publish	Verify installed tarballs	2026-09-12T18:10:39.2568195Z npm notice 2.3kB dist/poe-code-config/merge-callbacks.d.ts
publish	Verify installed tarballs	2026-09-12T18:10:39.2568577Z npm notice 158B dist/poe-code-config/merge.d.ts
publish	Verify installed tarballs	2026-09-12T18:10:39.2568951Z npm notice 307B dist/poe-code-config/plan-scope.d.ts
publish	Verify installed tarballs	2026-09-12T18:10:39.2569724Z npm notice 766B dist/poe-code-config/provider-config.d.ts
publish	Verify installed tarballs	2026-09-12T18:10:39.2570153Z npm notice 228B dist/poe-code-config/resolve.d.ts
publish	Verify installed tarballs	2026-09-12T18:10:39.2570501Z npm notice 3.1kB dist/poe-code-config/runtime.d.ts
publish	Verify installed tarballs	2026-09-12T18:10:39.2570873Z npm notice 679B dist/poe-code-config/schema.d.ts
publish	Verify installed tarballs	2026-09-12T18:10:39.2571222Z npm notice 937B dist/poe-code-config/state/fs.d.ts
publish	Verify installed tarballs	2026-09-12T18:10:39.2571560Z npm notice 706B dist/poe-code-config/state/index.d.ts
publish	Verify installed tarballs	2026-09-12T18:10:39.2571946Z npm notice 1.1kB dist/poe-code-config/state/jobs.d.ts
publish	Verify installed tarballs	2026-09-12T18:10:39.2572336Z npm notice 737B dist/poe-code-config/state/templates.d.ts
publish	Verify installed tarballs	2026-09-12T18:10:39.2572681Z npm notice 1.1kB dist/poe-code-config/store.d.ts
publish	Verify installed tarballs	2026-09-12T18:10:39.2573018Z npm notice 3.0kB dist/poe-code-config/types.d.ts
publish	Verify installed tarballs	2026-09-12T18:10:39.2573410Z npm notice 199B dist/process-runner/docker/build-context.d.ts
publish	Verify installed tarballs	2026-09-12T18:10:39.2573805Z npm notice 191B dist/process-runner/docker/context.d.ts
publish	Verify installed tarballs	2026-09-12T18:10:39.2574206Z npm notice 879B dist/process-runner/docker/docker-execution-env.d.ts
publish	Verify installed tarballs	2026-09-12T18:10:39.2574656Z npm notice 146B dist/process-runner/docker/docker-runner.d.ts
publish	Verify installed tarballs	2026-09-12T18:10:39.2575026Z npm notice 159B dist/process-runner/docker/engine.d.ts
publish	Verify installed tarballs	2026-09-12T18:10:39.2575408Z npm notice 123B dist/process-runner/host/host-execution-env.d.ts
publish	Verify installed tarballs	2026-09-12T18:10:39.2575843Z npm notice 176B dist/process-runner/host/host-runner.d.ts
publish	Verify installed tarballs	2026-09-12T18:10:39.2576196Z npm notice 1.3kB dist/process-runner/index.d.ts
publish	Verify installed tarballs	2026-09-12T18:10:39.2576550Z npm notice 132B dist/process-runner/testing/index.d.ts
publish	Verify installed tarballs	2026-09-12T18:10:39.2576960Z npm notice 252B dist/process-runner/testing/mock-runner.d.ts
publish	Verify installed tarballs	2026-09-12T18:10:39.2577316Z npm notice 5.1kB dist/process-runner/types.d.ts
publish	Verify installed tarballs	2026-09-12T18:10:39.2577688Z npm notice 2.1kB dist/process-runner/workspace-transfer.d.ts
publish	Verify installed tarballs	2026-09-12T18:10:39.2578059Z npm notice 184B dist/providers/auth/api-key.d.ts
publish	Verify installed tarballs	2026-09-12T18:10:39.2578405Z npm notice 762B dist/providers/auth/types.d.ts
publish	Verify installed tarballs	2026-09-12T18:10:39.2578799Z npm notice 200B dist/providers/compatibility.d.ts
publish	Verify installed tarballs	2026-09-12T18:10:39.2579893Z npm notice 570B dist/providers/index.d.ts
publish	Verify installed tarballs	2026-09-12T18:10:39.2580349Z npm notice 76B dist/providers/providers/anthropic.d.ts
publish	Verify installed tarballs	2026-09-12T18:10:39.2581146Z npm notice 77B dist/providers/providers/cloudflare.d.ts
publish	Verify installed tarballs	2026-09-12T18:10:39.2581603Z npm notice 206B dist/providers/providers/generated.d.ts
publish	Verify installed tarballs	2026-09-12T18:10:39.2581958Z npm notice 73B dist/providers/providers/openai.d.ts
publish	Verify installed tarballs	2026-09-12T18:10:39.2582306Z npm notice 115B dist/providers/providers/poe.d.ts
publish	Verify installed tarballs	2026-09-12T18:10:39.2582669Z npm notice 1.7kB dist/providers/registry.d.ts
publish	Verify installed tarballs	2026-09-12T18:10:39.2582991Z npm notice 1.5kB dist/providers/types.d.ts
publish	Verify installed tarballs	2026-09-12T18:10:39.2583342Z npm notice 11B dist/safe-fs/node-unavailable.d.ts
publish	Verify installed tarballs	2026-09-12T18:10:39.2583713Z npm notice 8.3MB dist/safe-js/chunks/chunk-2HW3LFPG.js
publish	Verify installed tarballs	2026-09-12T18:10:39.2584104Z npm notice 10.8MB dist/safe-js/chunks/chunk-2HW3LFPG.js.map
publish	Verify installed tarballs	2026-09-12T18:10:39.2584470Z npm notice 8.6kB dist/safe-js/chunks/chunk-3RGYZAZ5.js
publish	Verify installed tarballs	2026-09-12T18:10:39.2584952Z npm notice 16.3kB dist/safe-js/chunks/chunk-3RGYZAZ5.js.map
publish	Verify installed tarballs	2026-09-12T18:10:39.2585337Z npm notice 1.6kB dist/safe-js/chunks/chunk-3XIJZJPY.js
publish	Verify installed tarballs	2026-09-12T18:10:39.2585683Z npm notice 3.3kB dist/safe-js/chunks/chunk-3XIJZJPY.js.map
publish	Verify installed tarballs	2026-09-12T18:10:39.2586094Z npm notice 1.6kB dist/safe-js/chunks/chunk-4YIDX44G.js
publish	Verify installed tarballs	2026-09-12T18:10:39.2586452Z npm notice 93B dist/safe-js/chunks/chunk-4YIDX44G.js.map
publish	Verify installed tarballs	2026-09-12T18:10:39.2586808Z npm notice 804B dist/safe-js/chunks/chunk-BRFJ7BKN.js
publish	Verify installed tarballs	2026-09-12T18:10:39.2587206Z npm notice 1.4kB dist/safe-js/chunks/chunk-BRFJ7BKN.js.map
publish	Verify installed tarballs	2026-09-12T18:10:39.2587576Z npm notice 259.6kB dist/safe-js/chunks/chunk-DKYQRRRK.js
publish	Verify installed tarballs	2026-09-12T18:10:39.2587956Z npm notice 491.8kB dist/safe-js/chunks/chunk-DKYQRRRK.js.map
publish	Verify installed tarballs	2026-09-12T18:10:39.2588333Z npm notice 1.2kB dist/safe-js/chunks/chunk-E6CG7XFT.js
publish	Verify installed tarballs	2026-09-12T18:10:39.2588734Z npm notice 2.5kB dist/safe-js/chunks/chunk-E6CG7XFT.js.map
publish	Verify installed tarballs	2026-09-12T18:10:39.2589265Z npm notice 6.6kB dist/safe-js/chunks/chunk-ENMNPYS7.js
publish	Verify installed tarballs	2026-09-12T18:10:39.2589820Z npm notice 12.1kB dist/safe-js/chunks/chunk-ENMNPYS7.js.map
publish	Verify installed tarballs	2026-09-12T18:10:39.2590391Z npm notice 6.1kB dist/safe-js/chunks/chunk-FWG2C3KX.js
publish	Verify installed tarballs	2026-09-12T18:10:39.2590870Z npm notice 11.8kB dist/safe-js/chunks/chunk-FWG2C3KX.js.map
publish	Verify installed tarballs	2026-09-12T18:10:39.2591327Z npm notice 137.9kB dist/safe-js/chunks/chunk-HMJGGU6F.js
publish	Verify installed tarballs	2026-09-12T18:10:39.2591798Z npm notice 324.2kB dist/safe-js/chunks/chunk-HMJGGU6F.js.map
publish	Verify installed tarballs	2026-09-12T18:10:39.2592286Z npm notice 337.3kB dist/safe-js/chunks/chunk-KK76B7ZI.js
publish	Verify installed tarballs	2026-09-12T18:10:39.2592725Z npm notice 657.4kB dist/safe-js/chunks/chunk-KK76B7ZI.js.map
publish	Verify installed tarballs	2026-09-12T18:10:39.2593229Z npm notice 78.3kB dist/safe-js/chunks/chunk-KP7VL6BE.js
publish	Verify installed tarballs	2026-09-12T18:10:39.2593685Z npm notice 185.0kB dist/safe-js/chunks/chunk-KP7VL6BE.js.map
publish	Verify installed tarballs	2026-09-12T18:10:39.2594106Z npm notice 4.3kB dist/safe-js/chunks/chunk-KVOI2OHU.js
publish	Verify installed tarballs	2026-09-12T18:10:39.2594609Z npm notice 8.4kB dist/safe-js/chunks/chunk-KVOI2OHU.js.map
publish	Verify installed tarballs	2026-09-12T18:10:39.2595052Z npm notice 87.2kB dist/safe-js/chunks/chunk-LYHLJFLA.js
publish	Verify installed tarballs	2026-09-12T18:10:39.2595559Z npm notice 192.5kB dist/safe-js/chunks/chunk-LYHLJFLA.js.map
publish	Verify installed tarballs	2026-09-12T18:10:39.2596042Z npm notice 1.3kB dist/safe-js/chunks/chunk-OZLTLIHX.js
publish	Verify installed tarballs	2026-09-12T18:10:39.2596495Z npm notice 2.7kB dist/safe-js/chunks/chunk-OZLTLIHX.js.map
publish	Verify installed tarballs	2026-09-12T18:10:39.2596967Z npm notice 13.8kB dist/safe-js/chunks/chunk-RTSSA5EK.js
publish	Verify installed tarballs	2026-09-12T18:10:39.2597456Z npm notice 27.8kB dist/safe-js/chunks/chunk-RTSSA5EK.js.map
publish	Verify installed tarballs	2026-09-12T18:10:39.2597939Z npm notice 462B dist/safe-js/chunks/chunk-SJZWSPWD.js
publish	Verify installed tarballs	2026-09-12T18:10:39.2598373Z npm notice 856B dist/safe-js/chunks/chunk-SJZWSPWD.js.map
publish	Verify installed tarballs	2026-09-12T18:10:39.2598879Z npm notice 23.8kB dist/safe-js/chunks/chunk-U2XMXEYO.js
publish	Verify installed tarballs	2026-09-12T18:10:39.2599454Z npm notice 62.0kB dist/safe-js/chunks/chunk-U2XMXEYO.js.map
publish	Verify installed tarballs	2026-09-12T18:10:39.2599980Z npm notice 22.0kB dist/safe-js/chunks/cli-runtime-I5Q2ENJ7.js
publish	Verify installed tarballs	2026-09-12T18:10:39.2600631Z npm notice 42.3kB dist/safe-js/chunks/cli-runtime-I5Q2ENJ7.js.map
publish	Verify installed tarballs	2026-09-12T18:10:39.2601089Z npm notice 371B dist/safe-js/chunks/dump-Z7B545HQ.js
publish	Verify installed tarballs	2026-09-12T18:10:39.2601880Z npm notice 93B dist/safe-js/chunks/dump-Z7B545HQ.js.map
publish	Verify installed tarballs	2026-09-12T18:10:39.2602346Z npm notice 313B dist/safe-js/chunks/fs-KPS66DMF.js
publish	Verify installed tarballs	2026-09-12T18:10:39.2602826Z npm notice 93B dist/safe-js/chunks/fs-KPS66DMF.js.map
publish	Verify installed tarballs	2026-09-12T18:10:39.2603310Z npm notice 226B dist/safe-js/chunks/harness-WSRSPAAJ.js
publish	Verify installed tarballs	2026-09-12T18:10:39.2603797Z npm notice 93B dist/safe-js/chunks/harness-WSRSPAAJ.js.map
publish	Verify installed tarballs	2026-09-12T18:10:39.2604308Z npm notice 244B dist/safe-js/chunks/mcp-GE5EY3HJ.js
publish	Verify installed tarballs	2026-09-12T18:10:39.2604795Z npm notice 93B dist/safe-js/chunks/mcp-GE5EY3HJ.js.map
publish	Verify installed tarballs	2026-09-12T18:10:39.2605303Z npm notice 297B dist/safe-js/chunks/migration-file-34XPZWEP.js
publish	Verify installed tarballs	2026-09-12T18:10:39.2605900Z npm notice 93B dist/safe-js/chunks/migration-file-34XPZWEP.js.map
publish	Verify installed tarballs	2026-09-12T18:10:39.2606408Z npm notice 286B dist/safe-js/chunks/restore-DMHT34HO.js
publish	Verify installed tarballs	2026-09-12T18:10:39.2606939Z npm notice 93B dist/safe-js/chunks/restore-DMHT34HO.js.map
publish	Verify installed tarballs	2026-09-12T18:10:39.2607471Z npm notice 398B dist/safe-js/chunks/run-EZY4RGR4.js
publish	Verify installed tarballs	2026-09-12T18:10:39.2607950Z npm notice 93B dist/safe-js/chunks/run-EZY4RGR4.js.map
publish	Verify installed tarballs	2026-09-12T18:10:39.2608459Z npm notice 272B dist/safe-js/chunks/runtime-modules-2EKMDOAP.js
publish	Verify installed tarballs	2026-09-12T18:10:39.2609170Z npm notice 93B dist/safe-js/chunks/runtime-modules-2EKMDOAP.js.map
publish	Verify installed tarballs	2026-09-12T18:10:39.2609714Z npm notice 1.3kB dist/safe-js/cli-runtime.d.ts
publish	Verify installed tarballs	2026-09-12T18:10:39.2610126Z npm notice 266B dist/safe-js/cli.d.ts
publish	Verify installed tarballs	2026-09-12T18:10:39.2610554Z npm notice 3.5kB dist/safe-js/cli.js
publish	Verify installed tarballs	2026-09-12T18:10:39.2610942Z npm notice 5.4kB dist/safe-js/cli.js.map
publish	Verify installed tarballs	2026-09-12T18:10:39.2611336Z npm notice 988B dist/safe-js/core.d.ts
publish	Verify installed tarballs	2026-09-12T18:10:39.2611779Z npm notice 616B dist/safe-js/core.js
publish	Verify installed tarballs	2026-09-12T18:10:39.2612153Z npm notice 93B dist/safe-js/core.js.map
publish	Verify installed tarballs	2026-09-12T18:10:39.2612580Z npm notice 164B dist/safe-js/dump.d.ts
publish	Verify installed tarballs	2026-09-12T18:10:39.2613020Z npm notice 484B dist/safe-js/error/format.d.ts
publish	Verify installed tarballs	2026-09-12T18:10:39.2613472Z npm notice 1.8kB dist/safe-js/error/shape.d.ts
publish	Verify installed tarballs	2026-09-12T18:10:39.2614029Z npm notice 2.2kB dist/safe-js/extensions.d.ts
publish	Verify installed tarballs	2026-09-12T18:10:39.2614517Z npm notice 5.0kB dist/safe-js/index.d.ts
publish	Verify installed tarballs	2026-09-12T18:10:39.2614896Z npm notice 14.2kB dist/safe-js/index.js
publish	Verify installed tarballs	2026-09-12T18:10:39.2615263Z npm notice 30.3kB dist/safe-js/index.js.map
publish	Verify installed tarballs	2026-09-12T18:10:39.2615739Z npm notice 1.1kB dist/safe-js/interp/arguments.d.ts
publish	Verify installed tarballs	2026-09-12T18:10:39.2616209Z npm notice 1.5kB dist/safe-js/interp/async-disposable-stack.d.ts
publish	Verify installed tarballs	2026-09-12T18:10:39.2616621Z npm notice 5.9kB dist/safe-js/interp/async.d.ts
publish	Verify installed tarballs	2026-09-12T18:10:39.2617030Z npm notice 3.3kB dist/safe-js/interp/budget.d.ts
publish	Verify installed tarballs	2026-09-12T18:10:39.2617413Z npm notice 315B dist/safe-js/interp/collection-brands.d.ts
publish	Verify installed tarballs	2026-09-12T18:10:39.2617905Z npm notice 1.6kB dist/safe-js/interp/collection-iterator.d.ts
publish	Verify installed tarballs	2026-09-12T18:10:39.2618411Z npm notice 431B dist/safe-js/interp/collection-properties.d.ts
publish	Verify installed tarballs	2026-09-12T18:10:39.2618924Z npm notice 4.6kB dist/safe-js/interp/exceptions.d.ts
publish	Verify installed tarballs	2026-09-12T18:10:39.2620027Z npm notice 3.0kB dist/safe-js/interp/generator-expression-state.d.ts
publish	Verify installed tarballs	2026-09-12T18:10:39.2620544Z npm notice 974B dist/safe-js/interp/generator.d.ts
publish	Verify installed tarballs	2026-09-12T18:10:39.2621028Z npm notice 560B dist/safe-js/interp/globals/console-json.d.ts
publish	Verify installed tarballs	2026-09-12T18:10:39.2621511Z npm notice 2.6kB dist/safe-js/interp/host-bridge.d.ts
publish	Verify installed tarballs	2026-09-12T18:10:39.2622003Z npm notice 7.0kB dist/safe-js/interp/host-call.d.ts
publish	Verify installed tarballs	2026-09-12T18:10:39.2622503Z npm notice 164B dist/safe-js/interp/host-callback-context.d.ts
publish	Verify installed tarballs	2026-09-12T18:10:39.2623013Z npm notice 3.7kB dist/safe-js/interp/host-capabilities.d.ts
publish	Verify installed tarballs	2026-09-12T18:10:39.2623483Z npm notice 3.4kB dist/safe-js/interp/interpreter.d.ts
publish	Verify installed tarballs	2026-09-12T18:10:39.2623877Z npm notice 1.1kB dist/safe-js/interp/intl-collator.d.ts
publish	Verify installed tarballs	2026-09-12T18:10:39.2624334Z npm notice 1.2kB dist/safe-js/interp/intl-datetimeformat.d.ts
publish	Verify installed tarballs	2026-09-12T18:10:39.2624821Z npm notice 762B dist/safe-js/interp/intl-displaynames.d.ts
publish	Verify installed tarballs	2026-09-12T18:10:39.2625323Z npm notice 690B dist/safe-js/interp/intl-duration-options.d.ts
publish	Verify installed tarballs	2026-09-12T18:10:39.2625842Z npm notice 605B dist/safe-js/interp/intl-durationformat.d.ts
publish	Verify installed tarballs	2026-09-12T18:10:39.2626486Z npm notice 691B dist/safe-js/interp/intl-listformat.d.ts
publish	Verify installed tarballs	2026-09-12T18:10:39.2626984Z npm notice 1.0kB dist/safe-js/interp/intl-numberformat.d.ts
publish	Verify installed tarballs	2026-09-12T18:10:39.2627441Z npm notice 604B dist/safe-js/interp/intl-pluralrules.d.ts
publish	Verify installed tarballs	2026-09-12T18:10:39.2627936Z npm notice 796B dist/safe-js/interp/intl-relativetimeformat.d.ts
publish	Verify installed tarballs	2026-09-12T18:10:39.2628392Z npm notice 1.1kB dist/safe-js/interp/intl-segmenter.d.ts
publish	Verify installed tarballs	2026-09-12T18:10:39.2628794Z npm notice 3.0kB dist/safe-js/interp/iteration.d.ts
publish	Verify installed tarballs	2026-09-12T18:10:39.2629423Z npm notice 864B dist/safe-js/interp/iterator-helper.d.ts
publish	Verify installed tarballs	2026-09-12T18:10:39.2629902Z npm notice 224B dist/safe-js/interp/iterator-wrapper.d.ts
publish	Verify installed tarballs	2026-09-12T18:10:39.2630386Z npm notice 1.8kB dist/safe-js/interp/jobs.d.ts
publish	Verify installed tarballs	2026-09-12T18:10:39.2630898Z npm notice 231B dist/safe-js/interp/module-function-origin.d.ts
publish	Verify installed tarballs	2026-09-12T18:10:39.2631437Z npm notice 576B dist/safe-js/interp/numberformat-backend.d.ts
publish	Verify installed tarballs	2026-09-12T18:10:39.2631985Z npm notice 723B dist/safe-js/interp/numberformat-portable.d.ts
publish	Verify installed tarballs	2026-09-12T18:10:39.2632498Z npm notice 2.2kB dist/safe-js/interp/patterns.d.ts
publish	Verify installed tarballs	2026-09-12T18:10:39.2632963Z npm notice 662B dist/safe-js/interp/private-state.d.ts
publish	Verify installed tarballs	2026-09-12T18:10:39.2633457Z npm notice 3.3kB dist/safe-js/interp/promise-continuations.d.ts
publish	Verify installed tarballs	2026-09-12T18:10:39.2633996Z npm notice 2.6kB dist/safe-js/interp/promise-replay.d.ts
publish	Verify installed tarballs	2026-09-12T18:10:39.2634515Z npm notice 1.2kB dist/safe-js/interp/regex/compile-guard.d.ts
publish	Verify installed tarballs	2026-09-12T18:10:39.2634991Z npm notice 2.2kB dist/safe-js/interp/regex/parse.d.ts
publish	Verify installed tarballs	2026-09-12T18:10:39.2635510Z npm notice 843B dist/safe-js/interp/regexp-iterator.d.ts
publish	Verify installed tarballs	2026-09-12T18:10:39.2635984Z npm notice 219B dist/safe-js/interp/regexp-properties.d.ts
publish	Verify installed tarballs	2026-09-12T18:10:39.2636512Z npm notice 1.5kB dist/safe-js/interp/resource-management.d.ts
publish	Verify installed tarballs	2026-09-12T18:10:39.2637024Z npm notice 5.1kB dist/safe-js/interp/scope.d.ts
publish	Verify installed tarballs	2026-09-12T18:10:39.2637503Z npm notice 1.0kB dist/safe-js/interp/temporal-duration.d.ts
publish	Verify installed tarballs	2026-09-12T18:10:39.2638134Z npm notice 1.2kB dist/safe-js/interp/temporal-plain-date-time.d.ts
publish	Verify installed tarballs	2026-09-12T18:10:39.2638682Z npm notice 1.0kB dist/safe-js/interp/temporal-plain-date.d.ts
publish	Verify installed tarballs	2026-09-12T18:10:39.2639349Z npm notice 1.0kB dist/safe-js/interp/temporal-plain-month-day.d.ts
publish	Verify installed tarballs	2026-09-12T18:10:39.2639878Z npm notice 1.2kB dist/safe-js/interp/temporal-plain-time.d.ts
publish	Verify installed tarballs	2026-09-12T18:10:39.2640464Z npm notice 1.0kB dist/safe-js/interp/temporal-plain-year-month.d.ts
publish	Verify installed tarballs	2026-09-12T18:10:39.2641019Z npm notice 979B dist/safe-js/interp/typed-array-constructors.d.ts
publish	Verify installed tarballs	2026-09-12T18:10:39.2641526Z npm notice 1.7kB dist/safe-js/interp/typed-array.d.ts
publish	Verify installed tarballs	2026-09-12T18:10:39.2642022Z npm notice 10.0kB dist/safe-js/interp/values.d.ts
publish	Verify installed tarballs	2026-09-12T18:10:39.2642510Z npm notice 60B dist/safe-js/intl-data/dist/numberformat-engine.d.ts
publish	Verify installed tarballs	2026-09-12T18:10:39.2643007Z npm notice 105B dist/safe-js/lint.d.ts
publish	Verify installed tarballs	2026-09-12T18:10:39.2643433Z npm notice 1.1kB dist/safe-js/lint/index.d.ts
publish	Verify installed tarballs	2026-09-12T18:10:39.2643957Z npm notice 782B dist/safe-js/lint/rules/AS-export-import-meta.d.ts
publish	Verify installed tarballs	2026-09-12T18:10:39.2644477Z npm notice 1.7kB dist/safe-js/lint/rules/module-registry.d.ts
publish	Verify installed tarballs	2026-09-12T18:10:39.2644987Z npm notice 437B dist/safe-js/loader/extract-block.d.ts
publish	Verify installed tarballs	2026-09-12T18:10:39.2645462Z npm notice 250B dist/safe-js/loader/find-exported.d.ts
publish	Verify installed tarballs	2026-09-12T18:10:39.2645924Z npm notice 188B dist/safe-js/loader/frontmatter.d.ts
publish	Verify installed tarballs	2026-09-12T18:10:39.2646417Z npm notice 1.5kB dist/safe-js/migrate.d.ts
publish	Verify installed tarballs	2026-09-12T18:10:39.2646842Z npm notice 2.3kB dist/safe-js/migration-file.d.ts
publish	Verify installed tarballs	2026-09-12T18:10:39.2647278Z npm notice 4.0kB dist/safe-js/modules/agent.d.ts
publish	Verify installed tarballs	2026-09-12T18:10:39.2647806Z npm notice 525B dist/safe-js/modules/env.d.ts
publish	Verify installed tarballs	2026-09-12T18:10:39.2648175Z npm notice 176B dist/safe-js/modules/fail.d.ts
publish	Verify installed tarballs	2026-09-12T18:10:39.2648600Z npm notice 608B dist/safe-js/modules/fs-config.d.ts
publish	Verify installed tarballs	2026-09-12T18:10:39.2648971Z npm notice 4.0kB dist/safe-js/modules/fs.d.ts
publish	Verify installed tarballs	2026-09-12T18:10:39.2649516Z npm notice 600B dist/safe-js/modules/harness.d.ts
publish	Verify installed tarballs	2026-09-12T18:10:39.2650014Z npm notice 441B dist/safe-js/modules/log.d.ts
publish	Verify installed tarballs	2026-09-12T18:10:39.2650437Z npm notice 972B dist/safe-js/modules/mcp-transport.d.ts
publish	Verify installed tarballs	2026-09-12T18:10:39.2650950Z npm notice 1.9kB dist/safe-js/modules/mcp.d.ts
publish	Verify installed tarballs	2026-09-12T18:10:39.2651371Z npm notice 174B dist/safe-js/modules/metric.d.ts
publish	Verify installed tarballs	2026-09-12T18:10:39.2651822Z npm notice 2.0kB dist/safe-js/modules/registry.d.ts
publish	Verify installed tarballs	2026-09-12T18:10:39.2652310Z npm notice 322B dist/safe-js/modules/time.d.ts
publish	Verify installed tarballs	2026-09-12T18:10:39.2652689Z npm notice 11B dist/safe-js/node-unavailable.d.ts
publish	Verify installed tarballs	2026-09-12T18:10:39.2653099Z npm notice 1.3kB dist/safe-js/observability/otel.d.ts
publish	Verify installed tarballs	2026-09-12T18:10:39.2653516Z npm notice 713B dist/safe-js/output-stream.d.ts
publish	Verify installed tarballs	2026-09-12T18:10:39.2653930Z npm notice 1.6kB dist/safe-js/parse.d.ts
publish	Verify installed tarballs	2026-09-12T18:10:39.2654332Z npm notice 1.3kB dist/safe-js/parse/dynamic-source.d.ts
publish	Verify installed tarballs	2026-09-12T18:10:39.2766769Z npm notice 1.3kB dist/safe-js/parse/function-source.d.ts
publish	Verify installed tarballs	2026-09-12T18:10:39.2767327Z npm notice 1.6kB dist/safe-js/parse/parse-export.d.ts
publish	Verify installed tarballs	2026-09-12T18:10:39.2767762Z npm notice 13.7kB dist/safe-js/parse/parser.d.ts
publish	Verify installed tarballs	2026-09-12T18:10:39.2768053Z npm notice 1.1kB dist/safe-js/parse/tokenizer.d.ts
publish	Verify installed tarballs	2026-09-12T18:10:39.2768317Z npm notice 312B dist/safe-js/random.d.ts
publish	Verify installed tarballs	2026-09-12T18:10:39.2768560Z npm notice 2.1kB dist/safe-js/realm.d.ts
publish	Verify installed tarballs	2026-09-12T18:10:39.2768793Z npm notice 824B dist/safe-js/restore.d.ts
publish	Verify installed tarballs	2026-09-12T18:10:39.2769135Z npm notice 3.2kB dist/safe-js/run.d.ts
publish	Verify installed tarballs	2026-09-12T18:10:39.2769448Z npm notice 1.3kB dist/safe-js/runner/run-harness.d.ts
publish	Verify installed tarballs	2026-09-12T18:10:39.2769812Z npm notice 593B dist/safe-js/snapshot/arguments.d.ts
publish	Verify installed tarballs	2026-09-12T18:10:39.2770117Z npm notice 874B dist/safe-js/snapshot/array-buffer.d.ts
publish	Verify installed tarballs	2026-09-12T18:10:39.2770414Z npm notice 656B dist/safe-js/snapshot/backend.d.ts
publish	Verify installed tarballs	2026-09-12T18:10:39.2770685Z npm notice 727B dist/safe-js/snapshot/data-view.d.ts
publish	Verify installed tarballs	2026-09-12T18:10:39.2770967Z npm notice 333B dist/safe-js/snapshot/dump-format.d.ts
publish	Verify installed tarballs	2026-09-12T18:10:39.2771240Z npm notice 1.3kB dist/safe-js/snapshot/dump.d.ts
publish	Verify installed tarballs	2026-09-12T18:10:39.2771791Z npm notice 15.0kB dist/safe-js/snapshot/guest-heap.d.ts
publish	Verify installed tarballs	2026-09-12T18:10:39.2772076Z npm notice 1.4kB dist/safe-js/snapshot/migration.d.ts
publish	Verify installed tarballs	2026-09-12T18:10:39.2772345Z npm notice 2.1kB dist/safe-js/snapshot/policy.d.ts
publish	Verify installed tarballs	2026-09-12T18:10:39.2772652Z npm notice 570B dist/safe-js/snapshot/property-descriptors.d.ts
publish	Verify installed tarballs	2026-09-12T18:10:39.2772984Z npm notice 852B dist/safe-js/snapshot/regexp-properties.d.ts
publish	Verify installed tarballs	2026-09-12T18:10:39.2773292Z npm notice 8.8kB dist/safe-js/snapshot/replay-data.d.ts
publish	Verify installed tarballs	2026-09-12T18:10:39.2773592Z npm notice 712B dist/safe-js/snapshot/shared-array-buffer.d.ts
publish	Verify installed tarballs	2026-09-12T18:10:39.2773874Z npm notice 854B dist/safe-js/snapshot/symbols.d.ts
publish	Verify installed tarballs	2026-09-12T18:10:39.2774155Z npm notice 1.5kB dist/safe-js/snapshot/typed-array.d.ts
publish	Verify installed tarballs	2026-09-12T18:10:39.2774440Z npm notice 1.3kB dist/safe-js/snapshot/validation.d.ts
publish	Verify installed tarballs	2026-09-12T18:10:39.2774692Z npm notice 222B dist/safe-js/workerd.d.ts
publish	Verify installed tarballs	2026-09-12T18:10:39.2774929Z npm notice 8.7MB dist/safe-js/workerd.js
publish	Verify installed tarballs	2026-09-12T18:10:39.2775225Z npm notice 11.5MB dist/safe-js/workerd.js.map
publish	Verify installed tarballs	2026-09-12T18:10:39.2775536Z npm notice 696B dist/task-list/backends/gh-issues-client.d.ts
publish	Verify installed tarballs	2026-09-12T18:10:39.2775858Z npm notice 1.4kB dist/task-list/backends/gh-issues-sync.d.ts
publish	Verify installed tarballs	2026-09-12T18:10:39.2776155Z npm notice 1.7kB dist/task-list/backends/gh-issues.d.ts
publish	Verify installed tarballs	2026-09-12T18:10:39.2776408Z npm notice 1.3kB dist/task-list/index.d.ts
publish	Verify installed tarballs	2026-09-12T18:10:39.2776634Z npm notice 147B dist/task-list/move.d.ts
publish	Verify installed tarballs	2026-09-12T18:10:39.2776857Z npm notice 387B dist/task-list/open.d.ts
publish	Verify installed tarballs	2026-09-12T18:10:39.2777101Z npm notice 1.0kB dist/task-list/state-machine.d.ts
publish	Verify installed tarballs	2026-09-12T18:10:39.2777348Z npm notice 1.4kB dist/task-list/state.d.ts
publish	Verify installed tarballs	2026-09-12T18:10:39.2777588Z npm notice 5.8kB dist/task-list/types.d.ts
publish	Verify installed tarballs	2026-09-12T18:10:39.2777842Z npm notice 21.6kB dist/tiny-mcp-client/index.d.ts
publish	Verify installed tarballs	2026-09-12T18:10:39.2778139Z npm notice 505B dist/tiny-stdio-mcp-server/content/audio.d.ts
publish	Verify installed tarballs	2026-09-12T18:10:39.2778473Z npm notice 783B dist/tiny-stdio-mcp-server/content/convert.d.ts
publish	Verify installed tarballs	2026-09-12T18:10:39.2778830Z npm notice 464B dist/tiny-stdio-mcp-server/content/file-type.d.ts
publish	Verify installed tarballs	2026-09-12T18:10:39.2779426Z npm notice 871B dist/tiny-stdio-mcp-server/content/file.d.ts
publish	Verify installed tarballs	2026-09-12T18:10:39.2779753Z npm notice 505B dist/tiny-stdio-mcp-server/content/image.d.ts
publish	Verify installed tarballs	2026-09-12T18:10:39.2780067Z npm notice 503B dist/tiny-stdio-mcp-server/content/index.d.ts
publish	Verify installed tarballs	2026-09-12T18:10:39.2780371Z npm notice 309B dist/tiny-stdio-mcp-server/content/mime.d.ts
publish	Verify installed tarballs	2026-09-12T18:10:39.2780685Z npm notice 251B dist/tiny-stdio-mcp-server/content/remote.d.ts
publish	Verify installed tarballs	2026-09-12T18:10:39.2780980Z npm notice 1.3kB dist/tiny-stdio-mcp-server/index.d.ts
publish	Verify installed tarballs	2026-09-12T18:10:39.2781271Z npm notice 1.0kB dist/tiny-stdio-mcp-server/schema.d.ts
publish	Verify installed tarballs	2026-09-12T18:10:39.2781569Z npm notice 2.2kB dist/tiny-stdio-mcp-server/server.d.ts
publish	Verify installed tarballs	2026-09-12T18:10:39.2781856Z npm notice 7.1kB dist/tiny-stdio-mcp-server/types.d.ts
publish	Verify installed tarballs	2026-09-12T18:10:39.2782151Z npm notice 863B dist/toolcraft-design/acp/components.d.ts
publish	Verify installed tarballs	2026-09-12T18:10:39.2782451Z npm notice 324B dist/toolcraft-design/acp/index.d.ts
publish	Verify installed tarballs	2026-09-12T18:10:39.2782738Z npm notice 595B dist/toolcraft-design/acp/writer.d.ts
publish	Verify installed tarballs	2026-09-12T18:10:39.2783036Z npm notice 574B dist/toolcraft-design/components/browser.d.ts
publish	Verify installed tarballs	2026-09-12T18:10:39.2783348Z npm notice 719B dist/toolcraft-design/components/catalog.d.ts
publish	Verify installed tarballs	2026-09-12T18:10:39.2783664Z npm notice 735B dist/toolcraft-design/components/color.d.ts
publish	Verify installed tarballs	2026-09-12T18:10:39.2783999Z npm notice 428B dist/toolcraft-design/components/command-errors.d.ts
publish	Verify installed tarballs	2026-09-12T18:10:39.2784342Z npm notice 566B dist/toolcraft-design/components/detail-card.d.ts
publish	Verify installed tarballs	2026-09-12T18:10:39.2784688Z npm notice 600B dist/toolcraft-design/components/file-changes.d.ts
publish	Verify installed tarballs	2026-09-12T18:10:39.2785054Z npm notice 372B dist/toolcraft-design/components/help-formatter-plain.d.ts
publish	Verify installed tarballs	2026-09-12T18:10:39.2785429Z npm notice 2.1kB dist/toolcraft-design/components/help-formatter.d.ts
publish	Verify installed tarballs	2026-09-12T18:10:39.2785793Z npm notice 581B dist/toolcraft-design/components/inspector-card.d.ts
publish	Verify installed tarballs	2026-09-12T18:10:39.2786181Z npm notice 460B dist/toolcraft-design/components/logger.d.ts
publish	Verify installed tarballs	2026-09-12T18:10:39.2786663Z npm notice 593B dist/toolcraft-design/components/resource-browser.d.ts
publish	Verify installed tarballs	2026-09-12T18:10:39.2787071Z npm notice 350B dist/toolcraft-design/components/symbols.d.ts
publish	Verify installed tarballs	2026-09-12T18:10:39.2787424Z npm notice 504B dist/toolcraft-design/components/table.d.ts
publish	Verify installed tarballs	2026-09-12T18:10:39.2787771Z npm notice 768B dist/toolcraft-design/components/template.d.ts
publish	Verify installed tarballs	2026-09-12T18:10:39.2788108Z npm notice 765B dist/toolcraft-design/components/text.d.ts
publish	Verify installed tarballs	2026-09-12T18:10:39.2788408Z npm notice 855B dist/toolcraft-design/dashboard/buffer.d.ts
publish	Verify installed tarballs	2026-09-12T18:10:39.2788749Z npm notice 305B dist/toolcraft-design/dashboard/components/footer.d.ts
publish	Verify installed tarballs	2026-09-12T18:10:39.2789280Z npm notice 693B dist/toolcraft-design/dashboard/dashboard.d.ts
publish	Verify installed tarballs	2026-09-12T18:10:39.2789689Z npm notice 519B dist/toolcraft-design/dashboard/index.d.ts
publish	Verify installed tarballs	2026-09-12T18:10:39.2790050Z npm notice 262B dist/toolcraft-design/dashboard/should-use-dashboard.d.ts
publish	Verify installed tarballs	2026-09-12T18:10:39.2790418Z npm notice 318B dist/toolcraft-design/dashboard/snapshot.d.ts
publish	Verify installed tarballs	2026-09-12T18:10:39.2790745Z npm notice 1.0kB dist/toolcraft-design/dashboard/terminal.d.ts
publish	Verify installed tarballs	2026-09-12T18:10:39.2791051Z npm notice 893B dist/toolcraft-design/dashboard/types.d.ts
publish	Verify installed tarballs	2026-09-12T18:10:39.2791368Z npm notice 1.6kB dist/toolcraft-design/explorer/events.d.ts
publish	Verify installed tarballs	2026-09-12T18:10:39.2791668Z npm notice 783B dist/toolcraft-design/explorer/index.d.ts
publish	Verify installed tarballs	2026-09-12T18:10:39.2792002Z npm notice 1.5kB dist/toolcraft-design/explorer/keymap.d.ts
publish	Verify installed tarballs	2026-09-12T18:10:39.2792443Z npm notice 143B dist/toolcraft-design/explorer/runtime.d.ts
publish	Verify installed tarballs	2026-09-12T18:10:39.2792781Z npm notice 6.5kB dist/toolcraft-design/explorer/state.d.ts
publish	Verify installed tarballs	2026-09-12T18:10:39.2793095Z npm notice 5.2kB dist/toolcraft-design/index.d.ts
publish	Verify installed tarballs	2026-09-12T18:10:39.2793430Z npm notice 298B dist/toolcraft-design/internal/output-format.d.ts
publish	Verify installed tarballs	2026-09-12T18:10:39.2793762Z npm notice 58B dist/toolcraft-design/internal/strip-ansi.d.ts
publish	Verify installed tarballs	2026-09-12T18:10:39.2794082Z npm notice 460B dist/toolcraft-design/internal/theme-detect.d.ts
publish	Verify installed tarballs	2026-09-12T18:10:39.2794421Z npm notice 379B dist/toolcraft-design/internal/theme-state.d.ts
publish	Verify installed tarballs	2026-09-12T18:10:39.2794825Z npm notice 3.3kB dist/toolcraft-design/prompts/index.d.ts
publish	Verify installed tarballs	2026-09-12T18:10:39.2795182Z npm notice 118B dist/toolcraft-design/prompts/interactive/cancel-symbol.d.ts
publish	Verify installed tarballs	2026-09-12T18:10:39.2795579Z npm notice 648B dist/toolcraft-design/prompts/interactive/select.d.ts
publish	Verify installed tarballs	2026-09-12T18:10:39.2795936Z npm notice 112B dist/toolcraft-design/prompts/primitives/cancel.d.ts
publish	Verify installed tarballs	2026-09-12T18:10:39.2796327Z npm notice 52B dist/toolcraft-design/prompts/primitives/intro.d.ts
publish	Verify installed tarballs	2026-09-12T18:10:39.2796669Z npm notice 578B dist/toolcraft-design/prompts/primitives/log.d.ts
publish	Verify installed tarballs	2026-09-12T18:10:39.2796998Z npm notice 69B dist/toolcraft-design/prompts/primitives/note.d.ts
publish	Verify installed tarballs	2026-09-12T18:10:39.2797328Z npm notice 54B dist/toolcraft-design/prompts/primitives/outro.d.ts
publish	Verify installed tarballs	2026-09-12T18:10:39.2797669Z npm notice 220B dist/toolcraft-design/prompts/primitives/spinner.d.ts
publish	Verify installed tarballs	2026-09-12T18:10:39.2797988Z npm notice 269B dist/toolcraft-design/prompts/theme.d.ts
publish	Verify installed tarballs	2026-09-12T18:10:39.2798293Z npm notice 1.2kB dist/toolcraft-design/screen/screen.d.ts
publish	Verify installed tarballs	2026-09-12T18:10:39.2798585Z npm notice 623B dist/toolcraft-design/screen/style.d.ts
publish	Verify installed tarballs	2026-09-12T18:10:39.2798863Z npm notice 273B dist/toolcraft-design/static/index.d.ts
publish	Verify installed tarballs	2026-09-12T18:10:39.2799232Z npm notice 273B dist/toolcraft-design/static/menu.d.ts
publish	Verify installed tarballs	2026-09-12T18:10:39.2799528Z npm notice 471B dist/toolcraft-design/static/spinner.d.ts
publish	Verify installed tarballs	2026-09-12T18:10:39.2799842Z npm notice 2.2kB dist/toolcraft-design/terminal-markdown/ast.d.ts
publish	Verify installed tarballs	2026-09-12T18:10:39.2800249Z npm notice 255B dist/toolcraft-design/terminal-markdown/html-renderer.d.ts
publish	Verify installed tarballs	2026-09-12T18:10:39.2800605Z npm notice 763B dist/toolcraft-design/terminal-markdown/index.d.ts
publish	Verify installed tarballs	2026-09-12T18:10:39.2800949Z npm notice 154B dist/toolcraft-design/terminal-markdown/parser.d.ts
publish	Verify installed tarballs	2026-09-12T18:10:39.2801326Z npm notice 465B dist/toolcraft-design/terminal-markdown/plaintext-renderer.d.ts
publish	Verify installed tarballs	2026-09-12T18:10:39.2801710Z npm notice 235B dist/toolcraft-design/terminal-markdown/renderer.d.ts
publish	Verify installed tarballs	2026-09-12T18:10:39.2802106Z npm notice 1.1kB dist/toolcraft-design/terminal/driver.d.ts
publish	Verify installed tarballs	2026-09-12T18:10:39.2802401Z npm notice 560B dist/toolcraft-design/terminal/input.d.ts
publish	Verify installed tarballs	2026-09-12T18:10:39.2802687Z npm notice 118B dist/toolcraft-design/tokens/brand.d.ts
publish	Verify installed tarballs	2026-09-12T18:10:39.2802974Z npm notice 1.2kB dist/toolcraft-design/tokens/colors.d.ts
publish	Verify installed tarballs	2026-09-12T18:10:39.2803257Z npm notice 231B dist/toolcraft-design/tokens/index.d.ts
publish	Verify installed tarballs	2026-09-12T18:10:39.2803542Z npm notice 115B dist/toolcraft-design/tokens/spacing.d.ts
publish	Verify installed tarballs	2026-09-12T18:10:39.2803855Z npm notice 278B dist/toolcraft-design/tokens/typography.d.ts
publish	Verify installed tarballs	2026-09-12T18:10:39.2804158Z npm notice 114B dist/toolcraft-design/tokens/widths.d.ts
publish	Verify installed tarballs	2026-09-12T18:10:39.2804394Z npm notice 2.3kB package.json
publish	Verify installed tarballs	2026-09-12T18:10:39.2804589Z npm notice Tarball Details
publish	Verify installed tarballs	2026-09-12T18:10:39.2804799Z npm notice name: @poe-platform/safe-js
publish	Verify installed tarballs	2026-09-12T18:10:39.2805007Z npm notice version: 0.1.562
publish	Verify installed tarballs	2026-09-12T18:10:39.2805262Z npm notice filename: poe-platform-safe-js-0.1.562.tgz
publish	Verify installed tarballs	2026-09-12T18:10:39.2805516Z npm notice package size: 8.5 MB
publish	Verify installed tarballs	2026-09-12T18:10:39.2805734Z npm notice unpacked size: 42.9 MB
publish	Verify installed tarballs	2026-09-12T18:10:39.2805995Z npm notice shasum: 424dbade918c6b8477ec7216fe966fe6acbd9729
publish	Verify installed tarballs	2026-09-12T18:10:39.2806320Z npm notice integrity: sha512-h78Oylq8fY7Na[...]7C1F43uh282Iw==
publish	Verify installed tarballs	2026-09-12T18:10:39.2806572Z npm notice total files: 373
publish	Verify installed tarballs	2026-09-12T18:10:39.2806857Z npm notice
publish	Verify installed tarballs	2026-09-12T18:10:39.2807094Z poe-platform-safe-js-0.1.562.tgz
publish	Verify installed tarballs	2026-09-12T18:10:42.1809189Z npm notice
publish	Verify installed tarballs	2026-09-12T18:10:42.1812117Z npm notice 📦  @poe-platform/safe-bash@0.1.562
publish	Verify installed tarballs	2026-09-12T18:10:42.1812400Z npm notice Tarball Contents
publish	Verify installed tarballs	2026-09-12T18:10:42.2010401Z poe-platform-safe-bash-0.1.562.tgz
publish	Verify installed tarballs	2026-09-12T18:10:42.2017326Z npm notice 1.1kB LICENSE
publish	Verify installed tarballs	2026-09-12T18:10:42.2020073Z npm notice 15.4kB README.md
publish	Verify installed tarballs	2026-09-12T18:10:42.2020454Z npm notice 405.3kB dist/safe-bash/chunks/bz2-B2RXT4EX.js
publish	Verify installed tarballs	2026-09-12T18:10:42.2020871Z npm notice 481.5kB dist/safe-bash/chunks/bz2-B2RXT4EX.js.map
publish	Verify installed tarballs	2026-09-12T18:10:42.2021297Z npm notice 65.7kB dist/safe-bash/chunks/chunk-2KL6W6NB.js
publish	Verify installed tarballs	2026-09-12T18:10:42.2031568Z npm notice 112.0kB dist/safe-bash/chunks/chunk-2KL6W6NB.js.map
publish	Verify installed tarballs	2026-09-12T18:10:42.2032108Z npm notice 21.6kB dist/safe-bash/chunks/chunk-2PQ3XOCQ.js
publish	Verify installed tarballs	2026-09-12T18:10:42.2032623Z npm notice 42.6kB dist/safe-bash/chunks/chunk-2PQ3XOCQ.js.map
publish	Verify installed tarballs	2026-09-12T18:10:42.2033118Z npm notice 18.8kB dist/safe-bash/chunks/chunk-3Y5PKSHX.js
publish	Verify installed tarballs	2026-09-12T18:10:42.2033630Z npm notice 35.4kB dist/safe-bash/chunks/chunk-3Y5PKSHX.js.map
publish	Verify installed tarballs	2026-09-12T18:10:42.2034214Z npm notice 57.0kB dist/safe-bash/chunks/chunk-BXVGCJXW.js
publish	Verify installed tarballs	2026-09-12T18:10:42.2034700Z npm notice 104.0kB dist/safe-bash/chunks/chunk-BXVGCJXW.js.map
publish	Verify installed tarballs	2026-09-12T18:10:42.2035159Z npm notice 332B dist/safe-bash/chunks/chunk-C7QNJ3D4.js
publish	Verify installed tarballs	2026-09-12T18:10:42.2035601Z npm notice 761B dist/safe-bash/chunks/chunk-C7QNJ3D4.js.map
publish	Verify installed tarballs	2026-09-12T18:10:42.2036064Z npm notice 544B dist/safe-bash/chunks/chunk-DPJWEGIX.js
publish	Verify installed tarballs	2026-09-12T18:10:42.2036518Z npm notice 423B dist/safe-bash/chunks/chunk-DPJWEGIX.js.map
publish	Verify installed tarballs	2026-09-12T18:10:42.2036990Z npm notice 40.1kB dist/safe-bash/chunks/chunk-E3NZKSTA.js
publish	Verify installed tarballs	2026-09-12T18:10:42.2037450Z npm notice 70.2kB dist/safe-bash/chunks/chunk-E3NZKSTA.js.map
publish	Verify installed tarballs	2026-09-12T18:10:42.2037908Z npm notice 6.5kB dist/safe-bash/chunks/chunk-FMTBJ7SG.js
publish	Verify installed tarballs	2026-09-12T18:10:42.2038375Z npm notice 11.9kB dist/safe-bash/chunks/chunk-FMTBJ7SG.js.map
publish	Verify installed tarballs	2026-09-12T18:10:42.2038827Z npm notice 45.4kB dist/safe-bash/chunks/chunk-H6E6F5KJ.js
publish	Verify installed tarballs	2026-09-12T18:10:42.2039458Z npm notice 81.1kB dist/safe-bash/chunks/chunk-H6E6F5KJ.js.map
publish	Verify installed tarballs	2026-09-12T18:10:42.2039928Z npm notice 24.8kB dist/safe-bash/chunks/chunk-HQCBEAFK.js
publish	Verify installed tarballs	2026-09-12T18:10:42.2040389Z npm notice 44.9kB dist/safe-bash/chunks/chunk-HQCBEAFK.js.map
publish	Verify installed tarballs	2026-09-12T18:10:42.2040862Z npm notice 17.8kB dist/safe-bash/chunks/chunk-IYFB6VED.js
publish	Verify installed tarballs	2026-09-12T18:10:42.2041330Z npm notice 32.5kB dist/safe-bash/chunks/chunk-IYFB6VED.js.map
publish	Verify installed tarballs	2026-09-12T18:10:42.2041753Z npm notice 19.1kB dist/safe-bash/chunks/chunk-LHKAA57T.js
publish	Verify installed tarballs	2026-09-12T18:10:42.2042197Z npm notice 36.2kB dist/safe-bash/chunks/chunk-LHKAA57T.js.map
publish	Verify installed tarballs	2026-09-12T18:10:42.2042903Z npm notice 4.6kB dist/safe-bash/chunks/chunk-OECKXHVJ.js
publish	Verify installed tarballs	2026-09-12T18:10:42.2043317Z npm notice 8.7kB dist/safe-bash/chunks/chunk-OECKXHVJ.js.map
publish	Verify installed tarballs	2026-09-12T18:10:42.2043734Z npm notice 22.5kB dist/safe-bash/chunks/chunk-PE5NZIA2.js
publish	Verify installed tarballs	2026-09-12T18:10:42.2044062Z npm notice 40.2kB dist/safe-bash/chunks/chunk-PE5NZIA2.js.map
publish	Verify installed tarballs	2026-09-12T18:10:42.2044375Z npm notice 242.1kB dist/safe-bash/chunks/chunk-PMBBUNNN.js
publish	Verify installed tarballs	2026-09-12T18:10:42.2044699Z npm notice 450.9kB dist/safe-bash/chunks/chunk-PMBBUNNN.js.map
publish	Verify installed tarballs	2026-09-12T18:10:42.2045010Z npm notice 43.3kB dist/safe-bash/chunks/chunk-PVJJFCGA.js
publish	Verify installed tarballs	2026-09-12T18:10:42.2045320Z npm notice 80.7kB dist/safe-bash/chunks/chunk-PVJJFCGA.js.map
publish	Verify installed tarballs	2026-09-12T18:10:42.2045642Z npm notice 11.7kB dist/safe-bash/chunks/chunk-QAZN7SAN.js
publish	Verify installed tarballs	2026-09-12T18:10:42.2045942Z npm notice 21.3kB dist/safe-bash/chunks/chunk-QAZN7SAN.js.map
publish	Verify installed tarballs	2026-09-12T18:10:42.2046237Z npm notice 22.5kB dist/safe-bash/chunks/chunk-TJVKGNKA.js
publish	Verify installed tarballs	2026-09-12T18:10:42.2046559Z npm notice 40.8kB dist/safe-bash/chunks/chunk-TJVKGNKA.js.map
publish	Verify installed tarballs	2026-09-12T18:10:42.2046862Z npm notice 198.5kB dist/safe-bash/chunks/chunk-W3TLNFDB.js
publish	Verify installed tarballs	2026-09-12T18:10:42.2047170Z npm notice 363.5kB dist/safe-bash/chunks/chunk-W3TLNFDB.js.map
publish	Verify installed tarballs	2026-09-12T18:10:42.2047481Z npm notice 12.3kB dist/safe-bash/chunks/chunk-XBLVOMEJ.js
publish	Verify installed tarballs	2026-09-12T18:10:42.2047780Z npm notice 22.7kB dist/safe-bash/chunks/chunk-XBLVOMEJ.js.map
publish	Verify installed tarballs	2026-09-12T18:10:42.2048078Z npm notice 54.9kB dist/safe-bash/chunks/chunk-XYVCXUGM.js
publish	Verify installed tarballs	2026-09-12T18:10:42.2048379Z npm notice 110.7kB dist/safe-bash/chunks/chunk-XYVCXUGM.js.map
publish	Verify installed tarballs	2026-09-12T18:10:42.2048682Z npm notice 423.2kB dist/safe-bash/chunks/xz-AVXFDXW4.js
publish	Verify installed tarballs	2026-09-12T18:10:42.2049153Z npm notice 557.1kB dist/safe-bash/chunks/xz-AVXFDXW4.js.map
publish	Verify installed tarballs	2026-09-12T18:10:42.2049726Z npm notice 2.3MB dist/safe-bash/chunks/zstd-R6RPHJYO.js
publish	Verify installed tarballs	2026-09-12T18:10:42.2050094Z npm notice 3.7MB dist/safe-bash/chunks/zstd-R6RPHJYO.js.map
publish	Verify installed tarballs	2026-09-12T18:10:42.2050466Z npm notice 273B dist/safe-bash/commands/apply-patch/apply.d.ts
publish	Verify installed tarballs	2026-09-12T18:10:42.2050898Z npm notice 343B dist/safe-bash/commands/apply-patch/apply.d.ts.map
publish	Verify installed tarballs	2026-09-12T18:10:42.2051234Z npm notice 13.0kB dist/safe-bash/commands/apply-patch/apply.js
publish	Verify installed tarballs	2026-09-12T18:10:42.2051563Z npm notice 14.5kB dist/safe-bash/commands/apply-patch/apply.js.map
publish	Verify installed tarballs	2026-09-12T18:10:42.2051883Z npm notice 589B dist/safe-bash/commands/apply-patch/index.d.ts
publish	Verify installed tarballs	2026-09-12T18:10:42.2052218Z npm notice 483B dist/safe-bash/commands/apply-patch/index.d.ts.map
publish	Verify installed tarballs	2026-09-12T18:10:42.2052544Z npm notice 1.0kB dist/safe-bash/commands/apply-patch/index.js
publish	Verify installed tarballs	2026-09-12T18:10:42.2053102Z npm notice 1.0kB dist/safe-bash/commands/apply-patch/index.js.map
publish	Verify installed tarballs	2026-09-12T18:10:42.2053448Z npm notice 249B dist/safe-bash/commands/apply-patch/matcher.d.ts
publish	Verify installed tarballs	2026-09-12T18:10:42.2053805Z npm notice 351B dist/safe-bash/commands/apply-patch/matcher.d.ts.map
publish	Verify installed tarballs	2026-09-12T18:10:42.2054155Z npm notice 5.7kB dist/safe-bash/commands/apply-patch/matcher.js
publish	Verify installed tarballs	2026-09-12T18:10:42.2054491Z npm notice 7.1kB dist/safe-bash/commands/apply-patch/matcher.js.map
publish	Verify installed tarballs	2026-09-12T18:10:42.2054830Z npm notice 780B dist/safe-bash/commands/apply-patch/options.d.ts
publish	Verify installed tarballs	2026-09-12T18:10:42.2055170Z npm notice 855B dist/safe-bash/commands/apply-patch/options.d.ts.map
publish	Verify installed tarballs	2026-09-12T18:10:42.2055524Z npm notice 1.3kB dist/safe-bash/commands/apply-patch/options.js
publish	Verify installed tarballs	2026-09-12T18:10:42.2055850Z npm notice 1.5kB dist/safe-bash/commands/apply-patch/options.js.map
publish	Verify installed tarballs	2026-09-12T18:10:42.2056180Z npm notice 703B dist/safe-bash/commands/apply-patch/parser.d.ts
publish	Verify installed tarballs	2026-09-12T18:10:42.2056516Z npm notice 924B dist/safe-bash/commands/apply-patch/parser.d.ts.map
publish	Verify installed tarballs	2026-09-12T18:10:42.2056841Z npm notice 7.0kB dist/safe-bash/commands/apply-patch/parser.js
publish	Verify installed tarballs	2026-09-12T18:10:42.2057163Z npm notice 7.7kB dist/safe-bash/commands/apply-patch/parser.js.map
publish	Verify installed tarballs	2026-09-12T18:10:42.2057493Z npm notice 1.8kB dist/safe-bash/commands/apply-patch/shared.d.ts
publish	Verify installed tarballs	2026-09-12T18:10:42.2057821Z npm notice 2.0kB dist/safe-bash/commands/apply-patch/shared.d.ts.map
publish	Verify installed tarballs	2026-09-12T18:10:42.2058215Z npm notice 9.1kB dist/safe-bash/commands/apply-patch/shared.js
publish	Verify installed tarballs	2026-09-12T18:10:42.2058548Z npm notice 10.1kB dist/safe-bash/commands/apply-patch/shared.js.map
publish	Verify installed tarballs	2026-09-12T18:10:42.2058862Z npm notice 714B dist/safe-bash/commands/archive/create.d.ts
publish	Verify installed tarballs	2026-09-12T18:10:42.2059352Z npm notice 790B dist/safe-bash/commands/archive/create.d.ts.map
publish	Verify installed tarballs	2026-09-12T18:10:42.2059764Z npm notice 9.2kB dist/safe-bash/commands/archive/create.js
publish	Verify installed tarballs	2026-09-12T18:10:42.2060218Z npm notice 10.1kB dist/safe-bash/commands/archive/create.js.map
publish	Verify installed tarballs	2026-09-12T18:10:42.2060614Z npm notice 340B dist/safe-bash/commands/archive/extract.d.ts
publish	Verify installed tarballs	2026-09-12T18:10:42.2061046Z npm notice 413B dist/safe-bash/commands/archive/extract.d.ts.map
publish	Verify installed tarballs	2026-09-12T18:10:42.2061483Z npm notice 17.9kB dist/safe-bash/commands/archive/extract.js
publish	Verify installed tarballs	2026-09-12T18:10:42.2061926Z npm notice 19.2kB dist/safe-bash/commands/archive/extract.js.map
publish	Verify installed tarballs	2026-09-12T18:10:42.2062252Z npm notice 1.3kB dist/safe-bash/commands/archive/format.d.ts
publish	Verify installed tarballs	2026-09-12T18:10:42.2062580Z npm notice 1.5kB dist/safe-bash/commands/archive/format.d.ts.map
publish	Verify installed tarballs	2026-09-12T18:10:42.2063013Z npm notice 10.0kB dist/safe-bash/commands/archive/format.js
publish	Verify installed tarballs	2026-09-12T18:10:42.2063539Z npm notice 12.9kB dist/safe-bash/commands/archive/format.js.map
publish	Verify installed tarballs	2026-09-12T18:10:42.2064003Z npm notice 715B dist/safe-bash/commands/archive/index.d.ts
publish	Verify installed tarballs	2026-09-12T18:10:42.2064442Z npm notice 611B dist/safe-bash/commands/archive/index.d.ts.map
publish	Verify installed tarballs	2026-09-12T18:10:42.2064821Z npm notice 4.5kB dist/safe-bash/commands/archive/index.js
publish	Verify installed tarballs	2026-09-12T18:10:42.2065216Z npm notice 4.2kB dist/safe-bash/commands/archive/index.js.map
publish	Verify installed tarballs	2026-09-12T18:10:42.2065624Z npm notice 2.6kB dist/safe-bash/commands/archive/internal.d.ts
publish	Verify installed tarballs	2026-09-12T18:10:42.2066057Z npm notice 2.5kB dist/safe-bash/commands/archive/internal.d.ts.map
publish	Verify installed tarballs	2026-09-12T18:10:42.2066478Z npm notice 8.2kB dist/safe-bash/commands/archive/internal.js
publish	Verify installed tarballs	2026-09-12T18:10:42.2066890Z npm notice 9.3kB dist/safe-bash/commands/archive/internal.js.map
publish	Verify installed tarballs	2026-09-12T18:10:42.2067298Z npm notice 792B dist/safe-bash/commands/archive/options.d.ts
publish	Verify installed tarballs	2026-09-12T18:10:42.2067871Z npm notice 902B dist/safe-bash/commands/archive/options.d.ts.map
publish	Verify installed tarballs	2026-09-12T18:10:42.2068282Z npm notice 11.5kB dist/safe-bash/commands/archive/options.js
publish	Verify installed tarballs	2026-09-12T18:10:42.2068695Z npm notice 11.8kB dist/safe-bash/commands/archive/options.js.map
publish	Verify installed tarballs	2026-09-12T18:10:42.2069249Z npm notice 773B dist/safe-bash/commands/archive/stream.d.ts
publish	Verify installed tarballs	2026-09-12T18:10:42.2069675Z npm notice 881B dist/safe-bash/commands/archive/stream.d.ts.map
publish	Verify installed tarballs	2026-09-12T18:10:42.2070077Z npm notice 3.5kB dist/safe-bash/commands/archive/stream.js
publish	Verify installed tarballs	2026-09-12T18:10:42.2070502Z npm notice 3.8kB dist/safe-bash/commands/archive/stream.js.map
publish	Verify installed tarballs	2026-09-12T18:10:42.2070912Z npm notice 260B dist/safe-bash/commands/archive/unzip.d.ts
publish	Verify installed tarballs	2026-09-12T18:10:42.2071315Z npm notice 288B dist/safe-bash/commands/archive/unzip.d.ts.map
publish	Verify installed tarballs	2026-09-12T18:10:42.2071754Z npm notice 16.6kB dist/safe-bash/commands/archive/unzip.js
publish	Verify installed tarballs	2026-09-12T18:10:42.2072166Z npm notice 15.3kB dist/safe-bash/commands/archive/unzip.js.map
publish	Verify installed tarballs	2026-09-12T18:10:42.2072607Z npm notice 1.2kB dist/safe-bash/commands/archive/unzip/arguments.d.ts
publish	Verify installed tarballs	2026-09-12T18:10:42.2073101Z npm notice 1.1kB dist/safe-bash/commands/archive/unzip/arguments.d.ts.map
publish	Verify installed tarballs	2026-09-12T18:10:42.2073625Z npm notice 8.5kB dist/safe-bash/commands/archive/unzip/arguments.js
publish	Verify installed tarballs	2026-09-12T18:10:42.2074092Z npm notice 8.6kB dist/safe-bash/commands/archive/unzip/arguments.js.map
publish	Verify installed tarballs	2026-09-12T18:10:42.2074587Z npm notice 1.6kB dist/safe-bash/commands/archive/unzip/safety.d.ts
publish	Verify installed tarballs	2026-09-12T18:10:42.2075078Z npm notice 1.8kB dist/safe-bash/commands/archive/unzip/safety.d.ts.map
publish	Verify installed tarballs	2026-09-12T18:10:42.2075533Z npm notice 13.1kB dist/safe-bash/commands/archive/unzip/safety.js
publish	Verify installed tarballs	2026-09-12T18:10:42.2075945Z npm notice 13.3kB dist/safe-bash/commands/archive/unzip/safety.js.map
publish	Verify installed tarballs	2026-09-12T18:10:42.2076365Z npm notice 1.4kB dist/safe-bash/commands/archive/zip-format.d.ts
publish	Verify installed tarballs	2026-09-12T18:10:42.2076778Z npm notice 1.5kB dist/safe-bash/commands/archive/zip-format.d.ts.map
publish	Verify installed tarballs	2026-09-12T18:10:42.2077331Z npm notice 27.4kB dist/safe-bash/commands/archive/zip-format.js
publish	Verify installed tarballs	2026-09-12T18:10:42.2077761Z npm notice 30.9kB dist/safe-bash/commands/archive/zip-format.js.map
publish	Verify installed tarballs	2026-09-12T18:10:42.2078174Z npm notice 256B dist/safe-bash/commands/archive/zip.d.ts
publish	Verify installed tarballs	2026-09-12T18:10:42.2078551Z npm notice 285B dist/safe-bash/commands/archive/zip.d.ts.map
publish	Verify installed tarballs	2026-09-12T18:10:42.2078864Z npm notice 14.7kB dist/safe-bash/commands/archive/zip.js
publish	Verify installed tarballs	2026-09-12T18:10:42.2079333Z npm notice 15.2kB dist/safe-bash/commands/archive/zip.js.map
publish	Verify installed tarballs	2026-09-12T18:10:42.2079665Z npm notice 1.1kB dist/safe-bash/commands/archive/zip/safety.d.ts
publish	Verify installed tarballs	2026-09-12T18:10:42.2080010Z npm notice 1.2kB dist/safe-bash/commands/archive/zip/safety.d.ts.map
publish	Verify installed tarballs	2026-09-12T18:10:42.2080338Z npm notice 6.8kB dist/safe-bash/commands/archive/zip/safety.js
publish	Verify installed tarballs	2026-09-12T18:10:42.2080665Z npm notice 7.3kB dist/safe-bash/commands/archive/zip/safety.js.map
publish	Verify installed tarballs	2026-09-12T18:10:42.2080976Z npm notice 344B dist/safe-bash/commands/basic.d.ts
publish	Verify installed tarballs	2026-09-12T18:10:42.2081266Z npm notice 338B dist/safe-bash/commands/basic.d.ts.map
publish	Verify installed tarballs	2026-09-12T18:10:42.2081553Z npm notice 12.0kB dist/safe-bash/commands/basic.js
publish	Verify installed tarballs	2026-09-12T18:10:42.2081843Z npm notice 13.2kB dist/safe-bash/commands/basic.js.map
publish	Verify installed tarballs	2026-09-12T18:10:42.2082157Z npm notice 271B dist/safe-bash/commands/bytes/checksums/index.d.ts
publish	Verify installed tarballs	2026-09-12T18:10:42.2082504Z npm notice 309B dist/safe-bash/commands/bytes/checksums/index.d.ts.map
publish	Verify installed tarballs	2026-09-12T18:10:42.2082852Z npm notice 15.5kB dist/safe-bash/commands/bytes/checksums/index.js
publish	Verify installed tarballs	2026-09-12T18:10:42.2083190Z npm notice 16.4kB dist/safe-bash/commands/bytes/checksums/index.js.map
publish	Verify installed tarballs	2026-09-12T18:10:42.2083565Z npm notice 927B dist/safe-bash/commands/bytes/compression/bounded-codec.d.ts
publish	Verify installed tarballs	2026-09-12T18:10:42.2083980Z npm notice 972B dist/safe-bash/commands/bytes/compression/bounded-codec.d.ts.map
publish	Verify installed tarballs	2026-09-12T18:10:42.2084372Z npm notice 4.3kB dist/safe-bash/commands/bytes/compression/bounded-codec.js
publish	Verify installed tarballs	2026-09-12T18:10:42.2084766Z npm notice 4.1kB dist/safe-bash/commands/bytes/compression/bounded-codec.js.map
publish	Verify installed tarballs	2026-09-12T18:10:42.2085322Z npm notice 407B dist/safe-bash/commands/bytes/compression/codec-loader.d.ts
publish	Verify installed tarballs	2026-09-12T18:10:42.2085722Z npm notice 395B dist/safe-bash/commands/bytes/compression/codec-loader.d.ts.map
publish	Verify installed tarballs	2026-09-12T18:10:42.2086112Z npm notice 3.9kB dist/safe-bash/commands/bytes/compression/codec-loader.js
publish	Verify installed tarballs	2026-09-12T18:10:42.2086511Z npm notice 3.5kB dist/safe-bash/commands/bytes/compression/codec-loader.js.map
publish	Verify installed tarballs	2026-09-12T18:10:42.2086884Z npm notice 891B dist/safe-bash/commands/bytes/compression/codec.d.ts
publish	Verify installed tarballs	2026-09-12T18:10:42.2087243Z npm notice 984B dist/safe-bash/commands/bytes/compression/codec.d.ts.map
publish	Verify installed tarballs	2026-09-12T18:10:42.2087608Z npm notice 6.9kB dist/safe-bash/commands/bytes/compression/codec.js
publish	Verify installed tarballs	2026-09-12T18:10:42.2087961Z npm notice 6.7kB dist/safe-bash/commands/bytes/compression/codec.js.map
publish	Verify installed tarballs	2026-09-12T18:10:42.2088318Z npm notice 108B dist/safe-bash/commands/bytes/compression/errors.d.ts
publish	Verify installed tarballs	2026-09-12T18:10:42.2088688Z npm notice 196B dist/safe-bash/commands/bytes/compression/errors.d.ts.map
publish	Verify installed tarballs	2026-09-12T18:10:42.2089152Z npm notice 1.1kB dist/safe-bash/commands/bytes/compression/errors.js
publish	Verify installed tarballs	2026-09-12T18:10:42.2089531Z npm notice 910B dist/safe-bash/commands/bytes/compression/errors.js.map
publish	Verify installed tarballs	2026-09-12T18:10:42.2089935Z npm notice 597B dist/safe-bash/commands/bytes/compression/file-operation.d.ts
publish	Verify installed tarballs	2026-09-12T18:10:42.2090350Z npm notice 745B dist/safe-bash/commands/bytes/compression/file-operation.d.ts.map
publish	Verify installed tarballs	2026-09-12T18:10:42.2090776Z npm notice 5.2kB dist/safe-bash/commands/bytes/compression/file-operation.js
publish	Verify installed tarballs	2026-09-12T18:10:42.2091181Z npm notice 5.3kB dist/safe-bash/commands/bytes/compression/file-operation.js.map
publish	Verify installed tarballs	2026-09-12T18:10:42.2091555Z npm notice 714B dist/safe-bash/commands/bytes/compression/files.d.ts
publish	Verify installed tarballs	2026-09-12T18:10:42.2091918Z npm notice 775B dist/safe-bash/commands/bytes/compression/files.d.ts.map
publish	Verify installed tarballs	2026-09-12T18:10:42.2092268Z npm notice 15.1kB dist/safe-bash/commands/bytes/compression/files.js
publish	Verify installed tarballs	2026-09-12T18:10:42.2092617Z npm notice 15.7kB dist/safe-bash/commands/bytes/compression/files.js.map
publish	Verify installed tarballs	2026-09-12T18:10:42.2093045Z npm notice 231B dist/safe-bash/commands/bytes/compression/gunzip.d.ts
publish	Verify installed tarballs	2026-09-12T18:10:42.2093403Z npm notice 309B dist/safe-bash/commands/bytes/compression/gunzip.d.ts.map
publish	Verify installed tarballs	2026-09-12T18:10:42.2093754Z npm notice 5.6kB dist/safe-bash/commands/bytes/compression/gunzip.js
publish	Verify installed tarballs	2026-09-12T18:10:42.2094113Z npm notice 6.1kB dist/safe-bash/commands/bytes/compression/gunzip.js.map
publish	Verify installed tarballs	2026-09-12T18:10:42.2094501Z npm notice 188B dist/safe-bash/commands/bytes/compression/index.d.ts
publish	Verify installed tarballs	2026-09-12T18:10:42.2094862Z npm notice 238B dist/safe-bash/commands/bytes/compression/index.d.ts.map
publish	Verify installed tarballs	2026-09-12T18:10:42.2095211Z npm notice 2.7kB dist/safe-bash/commands/bytes/compression/index.js
publish	Verify installed tarballs	2026-09-12T18:10:42.2095560Z npm notice 2.4kB dist/safe-bash/commands/bytes/compression/index.js.map
publish	Verify installed tarballs	2026-09-12T18:10:42.2095952Z npm notice 114B dist/safe-bash/commands/bytes/compression/native/generated/bz2.d.mts
publish	Verify installed tarballs	2026-09-12T18:10:42.2096382Z npm notice 162.4kB dist/safe-bash/commands/bytes/compression/native/generated/bz2.mjs
publish	Verify installed tarballs	2026-09-12T18:10:42.2096806Z npm notice 114B dist/safe-bash/commands/bytes/compression/native/generated/xz.d.mts
publish	Verify installed tarballs	2026-09-12T18:10:42.2097221Z npm notice 203.5kB dist/safe-bash/commands/bytes/compression/native/generated/xz.mjs
publish	Verify installed tarballs	2026-09-12T18:10:42.2097641Z npm notice 114B dist/safe-bash/commands/bytes/compression/native/generated/zstd.d.mts
publish	Verify installed tarballs	2026-09-12T18:10:42.2098056Z npm notice 1.2MB dist/safe-bash/commands/bytes/compression/native/generated/zstd.mjs
publish	Verify installed tarballs	2026-09-12T18:10:42.2098453Z npm notice 37.0kB dist/safe-bash/commands/bytes/compression/native/LICENSES.txt
publish	Verify installed tarballs	2026-09-12T18:10:42.2098847Z npm notice 8.3kB dist/safe-bash/commands/bytes/compression/native/sources.json
publish	Verify installed tarballs	2026-09-12T18:10:42.2099418Z npm notice 702B dist/safe-bash/commands/bytes/compression/native/types.d.ts
publish	Verify installed tarballs	2026-09-12T18:10:42.2099922Z npm notice 826B dist/safe-bash/commands/bytes/compression/native/types.d.ts.map
publish	Verify installed tarballs	2026-09-12T18:10:42.2100312Z npm notice 44B dist/safe-bash/commands/bytes/compression/native/types.js
publish	Verify installed tarballs	2026-09-12T18:10:42.2100696Z npm notice 148B dist/safe-bash/commands/bytes/compression/native/types.js.map
publish	Verify installed tarballs	2026-09-12T18:10:42.2101141Z npm notice 1.2kB dist/safe-bash/commands/bytes/compression/options.d.ts
publish	Verify installed tarballs	2026-09-12T18:10:42.2101518Z npm notice 619B dist/safe-bash/commands/bytes/compression/options.d.ts.map
publish	Verify installed tarballs	2026-09-12T18:10:42.2101880Z npm notice 2.8kB dist/safe-bash/commands/bytes/compression/options.js
publish	Verify installed tarballs	2026-09-12T18:10:42.2102242Z npm notice 3.1kB dist/safe-bash/commands/bytes/compression/options.js.map
publish	Verify installed tarballs	2026-09-12T18:10:42.2102613Z npm notice 497B dist/safe-bash/commands/bytes/compression/stream.d.ts
publish	Verify installed tarballs	2026-09-12T18:10:42.2102972Z npm notice 559B dist/safe-bash/commands/bytes/compression/stream.d.ts.map
publish	Verify installed tarballs	2026-09-12T18:10:42.2103324Z npm notice 4.8kB dist/safe-bash/commands/bytes/compression/stream.js
publish	Verify installed tarballs	2026-09-12T18:10:42.2103687Z npm notice 5.1kB dist/safe-bash/commands/bytes/compression/stream.js.map
publish	Verify installed tarballs	2026-09-12T18:10:42.2104030Z npm notice 216B dist/safe-bash/commands/bytes/encoding/base.d.ts
publish	Verify installed tarballs	2026-09-12T18:10:42.2104363Z npm notice 273B dist/safe-bash/commands/bytes/encoding/base.d.ts.map
publish	Verify installed tarballs	2026-09-12T18:10:42.2104707Z npm notice 4.6kB dist/safe-bash/commands/bytes/encoding/base.js
publish	Verify installed tarballs	2026-09-12T18:10:42.2105039Z npm notice 5.4kB dist/safe-bash/commands/bytes/encoding/base.js.map
publish	Verify installed tarballs	2026-09-12T18:10:42.2105373Z npm notice 271B dist/safe-bash/commands/bytes/encoding/index.d.ts
publish	Verify installed tarballs	2026-09-12T18:10:42.2105723Z npm notice 306B dist/safe-bash/commands/bytes/encoding/index.d.ts.map
publish	Verify installed tarballs	2026-09-12T18:10:42.2106061Z npm notice 501B dist/safe-bash/commands/bytes/encoding/index.js
publish	Verify installed tarballs	2026-09-12T18:10:42.2106391Z npm notice 551B dist/safe-bash/commands/bytes/encoding/index.js.map
publish	Verify installed tarballs	2026-09-12T18:10:42.2106729Z npm notice 185B dist/safe-bash/commands/bytes/encoding/od.d.ts
publish	Verify installed tarballs	2026-09-12T18:10:42.2107057Z npm notice 237B dist/safe-bash/commands/bytes/encoding/od.d.ts.map
publish	Verify installed tarballs	2026-09-12T18:10:42.2107384Z npm notice 6.8kB dist/safe-bash/commands/bytes/encoding/od.js
publish	Verify installed tarballs	2026-09-12T18:10:42.2107717Z npm notice 8.0kB dist/safe-bash/commands/bytes/encoding/od.js.map
publish	Verify installed tarballs	2026-09-12T18:10:42.2108155Z npm notice 796B dist/safe-bash/commands/bytes/encoding/shared.d.ts
publish	Verify installed tarballs	2026-09-12T18:10:42.2108508Z npm notice 841B dist/safe-bash/commands/bytes/encoding/shared.d.ts.map
publish	Verify installed tarballs	2026-09-12T18:10:42.2108904Z npm notice 4.2kB dist/safe-bash/commands/bytes/encoding/shared.js
publish	Verify installed tarballs	2026-09-12T18:10:42.2109365Z npm notice 4.7kB dist/safe-bash/commands/bytes/encoding/shared.js.map
publish	Verify installed tarballs	2026-09-12T18:10:42.2109706Z npm notice 187B dist/safe-bash/commands/bytes/encoding/xxd.d.ts
publish	Verify installed tarballs	2026-09-12T18:10:42.2110050Z npm notice 242B dist/safe-bash/commands/bytes/encoding/xxd.d.ts.map
publish	Verify installed tarballs	2026-09-12T18:10:42.2110379Z npm notice 6.8kB dist/safe-bash/commands/bytes/encoding/xxd.js
publish	Verify installed tarballs	2026-09-12T18:10:42.2110705Z npm notice 7.3kB dist/safe-bash/commands/bytes/encoding/xxd.js.map
publish	Verify installed tarballs	2026-09-12T18:10:42.2111034Z npm notice 828B dist/safe-bash/commands/bytes/index.d.ts
publish	Verify installed tarballs	2026-09-12T18:10:42.2111345Z npm notice 623B dist/safe-bash/commands/bytes/index.d.ts.map
publish	Verify installed tarballs	2026-09-12T18:10:42.2111651Z npm notice 1.0kB dist/safe-bash/commands/bytes/index.js
publish	Verify installed tarballs	2026-09-12T18:10:42.2111958Z npm notice 939B dist/safe-bash/commands/bytes/index.js.map
publish	Verify installed tarballs	2026-09-12T18:10:42.2112274Z npm notice 776B dist/safe-bash/commands/bytes/input-budget.d.ts
publish	Verify installed tarballs	2026-09-12T18:10:42.2112609Z npm notice 593B dist/safe-bash/commands/bytes/input-budget.d.ts.map
publish	Verify installed tarballs	2026-09-12T18:10:42.2112949Z npm notice 1.2kB dist/safe-bash/commands/bytes/input-budget.js
publish	Verify installed tarballs	2026-09-12T18:10:42.2113277Z npm notice 1.3kB dist/safe-bash/commands/bytes/input-budget.js.map
publish	Verify installed tarballs	2026-09-12T18:10:42.2113573Z npm notice 154B dist/safe-bash/commands/cmp.d.ts
publish	Verify installed tarballs	2026-09-12T18:10:42.2113853Z npm notice 200B dist/safe-bash/commands/cmp.d.ts.map
publish	Verify installed tarballs	2026-09-12T18:10:42.2114132Z npm notice 27.2kB dist/safe-bash/commands/cmp.js
publish	Verify installed tarballs	2026-09-12T18:10:42.2114404Z npm notice 29.5kB dist/safe-bash/commands/cmp.js.map
publish	Verify installed tarballs	2026-09-12T18:10:42.2114697Z npm notice 259B dist/safe-bash/commands/column/column.d.ts
publish	Verify installed tarballs	2026-09-12T18:10:42.2115018Z npm notice 289B dist/safe-bash/commands/column/column.d.ts.map
publish	Verify installed tarballs	2026-09-12T18:10:42.2115328Z npm notice 6.7kB dist/safe-bash/commands/column/column.js
publish	Verify installed tarballs	2026-09-12T18:10:42.2115707Z npm notice 5.7kB dist/safe-bash/commands/column/column.js.map
publish	Verify installed tarballs	2026-09-12T18:10:42.2116012Z npm notice 605B dist/safe-bash/commands/column/display.d.ts
publish	Verify installed tarballs	2026-09-12T18:10:42.2116329Z npm notice 694B dist/safe-bash/commands/column/display.d.ts.map
publish	Verify installed tarballs	2026-09-12T18:10:42.2116642Z npm notice 3.4kB dist/safe-bash/commands/column/display.js
publish	Verify installed tarballs	2026-09-12T18:10:42.2116965Z npm notice 4.1kB dist/safe-bash/commands/column/display.js.map
publish	Verify installed tarballs	2026-09-12T18:10:42.2117282Z npm notice 507B dist/safe-bash/commands/column/index.d.ts
publish	Verify installed tarballs	2026-09-12T18:10:42.2117597Z npm notice 457B dist/safe-bash/commands/column/index.d.ts.map
publish	Verify installed tarballs	2026-09-12T18:10:42.2117906Z npm notice 780B dist/safe-bash/commands/column/index.js
publish	Verify installed tarballs	2026-09-12T18:10:42.2118207Z npm notice 814B dist/safe-bash/commands/column/index.js.map
publish	Verify installed tarballs	2026-09-12T18:10:42.2118517Z npm notice 1.4kB dist/safe-bash/commands/column/internal.d.ts
publish	Verify installed tarballs	2026-09-12T18:10:42.2118852Z npm notice 1.5kB dist/safe-bash/commands/column/internal.d.ts.map
publish	Verify installed tarballs	2026-09-12T18:10:42.2119336Z npm notice 8.0kB dist/safe-bash/commands/column/internal.js
publish	Verify installed tarballs	2026-09-12T18:10:42.2119663Z npm notice 8.9kB dist/safe-bash/commands/column/internal.js.map
publish	Verify installed tarballs	2026-09-12T18:10:42.2119991Z npm notice 2.1kB dist/safe-bash/commands/column/options.d.ts
publish	Verify installed tarballs	2026-09-12T18:10:42.2120313Z npm notice 1.4kB dist/safe-bash/commands/column/options.d.ts.map
publish	Verify installed tarballs	2026-09-12T18:10:42.2120631Z npm notice 6.2kB dist/safe-bash/commands/column/options.js
publish	Verify installed tarballs	2026-09-12T18:10:42.2120955Z npm notice 5.4kB dist/safe-bash/commands/column/options.js.map
publish	Verify installed tarballs	2026-09-12T18:10:42.2121263Z npm notice 268B dist/safe-bash/commands/column/table.d.ts
publish	Verify installed tarballs	2026-09-12T18:10:42.2121570Z npm notice 366B dist/safe-bash/commands/column/table.d.ts.map
publish	Verify installed tarballs	2026-09-12T18:10:42.2121874Z npm notice 3.3kB dist/safe-bash/commands/column/table.js
publish	Verify installed tarballs	2026-09-12T18:10:42.2122182Z npm notice 4.0kB dist/safe-bash/commands/column/table.js.map
publish	Verify installed tarballs	2026-09-12T18:10:42.2122491Z npm notice 485B dist/safe-bash/commands/copy-identity.d.ts
publish	Verify installed tarballs	2026-09-12T18:10:42.2122796Z npm notice 534B dist/safe-bash/commands/copy-identity.d.ts.map
publish	Verify installed tarballs	2026-09-12T18:10:42.2123180Z npm notice 2.0kB dist/safe-bash/commands/copy-identity.js
publish	Verify installed tarballs	2026-09-12T18:10:42.2123489Z npm notice 2.3kB dist/safe-bash/commands/copy-identity.js.map
publish	Verify installed tarballs	2026-09-12T18:10:42.2123799Z npm notice 436B dist/safe-bash/commands/csplit/command.d.ts
publish	Verify installed tarballs	2026-09-12T18:10:42.2124119Z npm notice 405B dist/safe-bash/commands/csplit/command.d.ts.map
publish	Verify installed tarballs	2026-09-12T18:10:42.2124427Z npm notice 4.6kB dist/safe-bash/commands/csplit/command.js
publish	Verify installed tarballs	2026-09-12T18:10:42.2124776Z npm notice 3.7kB dist/safe-bash/commands/csplit/command.js.map
publish	Verify installed tarballs	2026-09-12T18:10:42.2125111Z npm notice 437B dist/safe-bash/commands/csplit/index.browser.js
publish	Verify installed tarballs	2026-09-12T18:10:42.2125444Z npm notice 93B dist/safe-bash/commands/csplit/index.browser.js.map
publish	Verify installed tarballs	2026-09-12T18:10:42.2125762Z npm notice 555B dist/safe-bash/commands/csplit/index.d.ts
publish	Verify installed tarballs	2026-09-12T18:10:42.2126079Z npm notice 473B dist/safe-bash/commands/csplit/index.d.ts.map
publish	Verify installed tarballs	2026-09-12T18:10:42.2126382Z npm notice 1.2kB dist/safe-bash/commands/csplit/index.js
publish	Verify installed tarballs	2026-09-12T18:10:42.2126694Z npm notice 1.2kB dist/safe-bash/commands/csplit/index.js.map
publish	Verify installed tarballs	2026-09-12T18:10:42.2127011Z npm notice 2.5kB dist/safe-bash/commands/csplit/internal.d.ts
publish	Verify installed tarballs	2026-09-12T18:10:42.2127334Z npm notice 2.4kB dist/safe-bash/commands/csplit/internal.d.ts.map
publish	Verify installed tarballs	2026-09-12T18:10:42.2127652Z npm notice 6.8kB dist/safe-bash/commands/csplit/internal.js
publish	Verify installed tarballs	2026-09-12T18:10:42.2127976Z npm notice 6.8kB dist/safe-bash/commands/csplit/internal.js.map
publish	Verify installed tarballs	2026-09-12T18:10:42.2128282Z npm notice 1.8kB dist/safe-bash/commands/csplit/io.d.ts
publish	Verify installed tarballs	2026-09-12T18:10:42.2128578Z npm notice 1.9kB dist/safe-bash/commands/csplit/io.d.ts.map
publish	Verify installed tarballs	2026-09-12T18:10:42.2128877Z npm notice 15.9kB dist/safe-bash/commands/csplit/io.js
publish	Verify installed tarballs	2026-09-12T18:10:42.2129277Z npm notice 16.9kB dist/safe-bash/commands/csplit/io.js.map
publish	Verify installed tarballs	2026-09-12T18:10:42.2129592Z npm notice 587B dist/safe-bash/commands/csplit/options.d.ts
publish	Verify installed tarballs	2026-09-12T18:10:42.2129909Z npm notice 713B dist/safe-bash/commands/csplit/options.d.ts.map
publish	Verify installed tarballs	2026-09-12T18:10:42.2130240Z npm notice 8.4kB dist/safe-bash/commands/csplit/options.js
publish	Verify installed tarballs	2026-09-12T18:10:42.2130615Z npm notice 9.5kB dist/safe-bash/commands/csplit/options.js.map
publish	Verify installed tarballs	2026-09-12T18:10:42.2130934Z npm notice 712B dist/safe-bash/commands/csplit/patterns.d.ts
publish	Verify installed tarballs	2026-09-12T18:10:42.2131292Z npm notice 798B dist/safe-bash/commands/csplit/patterns.d.ts.map
publish	Verify installed tarballs	2026-09-12T18:10:42.2131632Z npm notice 4.7kB dist/safe-bash/commands/csplit/patterns.js
publish	Verify installed tarballs	2026-09-12T18:10:42.2131948Z npm notice 4.7kB dist/safe-bash/commands/csplit/patterns.js.map
publish	Verify installed tarballs	2026-09-12T18:10:42.2132312Z npm notice 113B dist/safe-bash/commands/csplit/quoting.d.ts
publish	Verify installed tarballs	2026-09-12T18:10:42.2132638Z npm notice 204B dist/safe-bash/commands/csplit/quoting.d.ts.map
publish	Verify installed tarballs	2026-09-12T18:10:42.2132949Z npm notice 13.0kB dist/safe-bash/commands/csplit/quoting.js
publish	Verify installed tarballs	2026-09-12T18:10:42.2133306Z npm notice 15.4kB dist/safe-bash/commands/csplit/quoting.js.map
publish	Verify installed tarballs	2026-09-12T18:10:42.2133660Z npm notice 529B dist/safe-bash/commands/csplit/split.d.ts
publish	Verify installed tarballs	2026-09-12T18:10:42.2134010Z npm notice 595B dist/safe-bash/commands/csplit/split.d.ts.map
publish	Verify installed tarballs	2026-09-12T18:10:42.2134321Z npm notice 4.7kB dist/safe-bash/commands/csplit/split.js
publish	Verify installed tarballs	2026-09-12T18:10:42.2134668Z npm notice 5.3kB dist/safe-bash/commands/csplit/split.js.map
publish	Verify installed tarballs	2026-09-12T18:10:42.2135048Z npm notice 534B dist/safe-bash/commands/diff-patch/diff-format.d.ts
publish	Verify installed tarballs	2026-09-12T18:10:42.2135413Z npm notice 722B dist/safe-bash/commands/diff-patch/diff-format.d.ts.map
publish	Verify installed tarballs	2026-09-12T18:10:42.2135770Z npm notice 5.6kB dist/safe-bash/commands/diff-patch/diff-format.js
publish	Verify installed tarballs	2026-09-12T18:10:42.2136115Z npm notice 6.5kB dist/safe-bash/commands/diff-patch/diff-format.js.map
publish	Verify installed tarballs	2026-09-12T18:10:42.2136450Z npm notice 207B dist/safe-bash/commands/diff-patch/diff.d.ts
publish	Verify installed tarballs	2026-09-12T18:10:42.2136772Z npm notice 223B dist/safe-bash/commands/diff-patch/diff.d.ts.map
publish	Verify installed tarballs	2026-09-12T18:10:42.2137084Z npm notice 13.7kB dist/safe-bash/commands/diff-patch/diff.js
publish	Verify installed tarballs	2026-09-12T18:10:42.2137403Z npm notice 14.9kB dist/safe-bash/commands/diff-patch/diff.js.map
publish	Verify installed tarballs	2026-09-12T18:10:42.2137779Z npm notice 426B dist/safe-bash/commands/diff-patch/index.d.ts
publish	Verify installed tarballs	2026-09-12T18:10:42.2138346Z npm notice 410B dist/safe-bash/commands/diff-patch/index.d.ts.map
publish	Verify installed tarballs	2026-09-12T18:10:42.2138739Z npm notice 826B dist/safe-bash/commands/diff-patch/index.js
publish	Verify installed tarballs	2026-09-12T18:10:42.2139161Z npm notice 839B dist/safe-bash/commands/diff-patch/index.js.map
publish	Verify installed tarballs	2026-09-12T18:10:42.2139532Z npm notice 166B dist/safe-bash/commands/diff-patch/patch-envelope.d.ts
publish	Verify installed tarballs	2026-09-12T18:10:42.2139914Z npm notice 278B dist/safe-bash/commands/diff-patch/patch-envelope.d.ts.map
publish	Verify installed tarballs	2026-09-12T18:10:42.2140284Z npm notice 2.6kB dist/safe-bash/commands/diff-patch/patch-envelope.js
publish	Verify installed tarballs	2026-09-12T18:10:42.2140649Z npm notice 2.5kB dist/safe-bash/commands/diff-patch/patch-envelope.js.map
publish	Verify installed tarballs	2026-09-12T18:10:42.2141023Z npm notice 419B dist/safe-bash/commands/diff-patch/patch-formats.d.ts
publish	Verify installed tarballs	2026-09-12T18:10:42.2141383Z npm notice 527B dist/safe-bash/commands/diff-patch/patch-formats.d.ts.map
publish	Verify installed tarballs	2026-09-12T18:10:42.2141739Z npm notice 11.6kB dist/safe-bash/commands/diff-patch/patch-formats.js
publish	Verify installed tarballs	2026-09-12T18:10:42.2142112Z npm notice 12.5kB dist/safe-bash/commands/diff-patch/patch-formats.js.map
publish	Verify installed tarballs	2026-09-12T18:10:42.2142479Z npm notice 1.9kB dist/safe-bash/commands/diff-patch/patch-gnu-paths.d.ts
publish	Verify installed tarballs	2026-09-12T18:10:42.2142854Z npm notice 2.1kB dist/safe-bash/commands/diff-patch/patch-gnu-paths.d.ts.map
publish	Verify installed tarballs	2026-09-12T18:10:42.2143224Z npm notice 9.4kB dist/safe-bash/commands/diff-patch/patch-gnu-paths.js
publish	Verify installed tarballs	2026-09-12T18:10:42.2143608Z npm notice 10.7kB dist/safe-bash/commands/diff-patch/patch-gnu-paths.js.map
publish	Verify installed tarballs	2026-09-12T18:10:42.2143988Z npm notice 377B dist/safe-bash/commands/diff-patch/patch-gnu-reject.d.ts
publish	Verify installed tarballs	2026-09-12T18:10:42.2144366Z npm notice 484B dist/safe-bash/commands/diff-patch/patch-gnu-reject.d.ts.map
publish	Verify installed tarballs	2026-09-12T18:10:42.2144750Z npm notice 3.7kB dist/safe-bash/commands/diff-patch/patch-gnu-reject.js
publish	Verify installed tarballs	2026-09-12T18:10:42.2145124Z npm notice 4.5kB dist/safe-bash/commands/diff-patch/patch-gnu-reject.js.map
publish	Verify installed tarballs	2026-09-12T18:10:42.2145488Z npm notice 277B dist/safe-bash/commands/diff-patch/patch-path.d.ts
publish	Verify installed tarballs	2026-09-12T18:10:42.2146330Z npm notice 347B dist/safe-bash/commands/diff-patch/patch-path.d.ts.map
publish	Verify installed tarballs	2026-09-12T18:10:42.2146678Z npm notice 4.6kB dist/safe-bash/commands/diff-patch/patch-path.js
publish	Verify installed tarballs	2026-09-12T18:10:42.2147020Z npm notice 5.4kB dist/safe-bash/commands/diff-patch/patch-path.js.map
publish	Verify installed tarballs	2026-09-12T18:10:42.2147359Z npm notice 209B dist/safe-bash/commands/diff-patch/patch.d.ts
publish	Verify installed tarballs	2026-09-12T18:10:42.2147688Z npm notice 225B dist/safe-bash/commands/diff-patch/patch.d.ts.map
publish	Verify installed tarballs	2026-09-12T18:10:42.2148011Z npm notice 20.5kB dist/safe-bash/commands/diff-patch/patch.js
publish	Verify installed tarballs	2026-09-12T18:10:42.2148338Z npm notice 21.8kB dist/safe-bash/commands/diff-patch/patch.js.map
publish	Verify installed tarballs	2026-09-12T18:10:42.2148662Z npm notice 1.8kB dist/safe-bash/commands/diff-patch/shared.d.ts
publish	Verify installed tarballs	2026-09-12T18:10:42.2148994Z npm notice 1.9kB dist/safe-bash/commands/diff-patch/shared.d.ts.map
publish	Verify installed tarballs	2026-09-12T18:10:42.2149531Z npm notice 7.2kB dist/safe-bash/commands/diff-patch/shared.js
publish	Verify installed tarballs	2026-09-12T18:10:42.2149872Z npm notice 8.0kB dist/safe-bash/commands/diff-patch/shared.js.map
publish	Verify installed tarballs	2026-09-12T18:10:42.2150216Z npm notice 1.8kB dist/safe-bash/commands/diff-patch/unified.d.ts
publish	Verify installed tarballs	2026-09-12T18:10:42.2150570Z npm notice 2.0kB dist/safe-bash/commands/diff-patch/unified.d.ts.map
publish	Verify installed tarballs	2026-09-12T18:10:42.2150908Z npm notice 11.9kB dist/safe-bash/commands/diff-patch/unified.js
publish	Verify installed tarballs	2026-09-12T18:10:42.2151237Z npm notice 12.2kB dist/safe-bash/commands/diff-patch/unified.js.map
publish	Verify installed tarballs	2026-09-12T18:10:42.2151582Z npm notice 360B dist/safe-bash/commands/directory-admission.d.ts
publish	Verify installed tarballs	2026-09-12T18:10:42.2151924Z npm notice 376B dist/safe-bash/commands/directory-admission.d.ts.map
publish	Verify installed tarballs	2026-09-12T18:10:42.2152262Z npm notice 1.3kB dist/safe-bash/commands/directory-admission.js
publish	Verify installed tarballs	2026-09-12T18:10:42.2152603Z npm notice 1.5kB dist/safe-bash/commands/directory-admission.js.map
publish	Verify installed tarballs	2026-09-12T18:10:42.2152930Z npm notice 1.6kB dist/safe-bash/commands/du/arguments.d.ts
publish	Verify installed tarballs	2026-09-12T18:10:42.2153243Z npm notice 706B dist/safe-bash/commands/du/arguments.d.ts.map
publish	Verify installed tarballs	2026-09-12T18:10:42.2153555Z npm notice 6.7kB dist/safe-bash/commands/du/arguments.js
publish	Verify installed tarballs	2026-09-12T18:10:42.2153922Z npm notice 5.6kB dist/safe-bash/commands/du/arguments.js.map
publish	Verify installed tarballs	2026-09-12T18:10:42.2154320Z npm notice 1.4kB dist/safe-bash/commands/du/budget.d.ts
publish	Verify installed tarballs	2026-09-12T18:10:42.2154777Z npm notice 1.5kB dist/safe-bash/commands/du/budget.d.ts.map
publish	Verify installed tarballs	2026-09-12T18:10:42.2155107Z npm notice 5.4kB dist/safe-bash/commands/du/budget.js
publish	Verify installed tarballs	2026-09-12T18:10:42.2155408Z npm notice 6.7kB dist/safe-bash/commands/du/budget.js.map
publish	Verify installed tarballs	2026-09-12T18:10:42.2155701Z npm notice 243B dist/safe-bash/commands/du/du.d.ts
publish	Verify installed tarballs	2026-09-12T18:10:42.2155983Z npm notice 274B dist/safe-bash/commands/du/du.d.ts.map
publish	Verify installed tarballs	2026-09-12T18:10:42.2156561Z npm notice 9.1kB dist/safe-bash/commands/du/du.js
publish	Verify installed tarballs	2026-09-12T18:10:42.2156913Z npm notice 10.3kB dist/safe-bash/commands/du/du.js.map
publish	Verify installed tarballs	2026-09-12T18:10:42.2157212Z npm notice 405B dist/safe-bash/commands/du/format.d.ts
publish	Verify installed tarballs	2026-09-12T18:10:42.2157497Z npm notice 478B dist/safe-bash/commands/du/format.d.ts.map
publish	Verify installed tarballs	2026-09-12T18:10:42.2157794Z npm notice 2.2kB dist/safe-bash/commands/du/format.js
publish	Verify installed tarballs	2026-09-12T18:10:42.2158096Z npm notice 2.9kB dist/safe-bash/commands/du/format.js.map
publish	Verify installed tarballs	2026-09-12T18:10:42.2158385Z npm notice 471B dist/safe-bash/commands/du/index.d.ts
publish	Verify installed tarballs	2026-09-12T18:10:42.2158672Z npm notice 451B dist/safe-bash/commands/du/index.d.ts.map
publish	Verify installed tarballs	2026-09-12T18:10:42.2158963Z npm notice 754B dist/safe-bash/commands/du/index.js
publish	Verify installed tarballs	2026-09-12T18:10:42.2159389Z npm notice 813B dist/safe-bash/commands/du/index.js.map
publish	Verify installed tarballs	2026-09-12T18:10:42.2159684Z npm notice 573B dist/safe-bash/commands/du/options.d.ts
publish	Verify installed tarballs	2026-09-12T18:10:42.2159995Z npm notice 661B dist/safe-bash/commands/du/options.d.ts.map
publish	Verify installed tarballs	2026-09-12T18:10:42.2160290Z npm notice 593B dist/safe-bash/commands/du/options.js
publish	Verify installed tarballs	2026-09-12T18:10:42.2160581Z npm notice 732B dist/safe-bash/commands/du/options.js.map
publish	Verify installed tarballs	2026-09-12T18:10:42.2160882Z npm notice 455B dist/safe-bash/commands/env-split.d.ts
publish	Verify installed tarballs	2026-09-12T18:10:42.2161178Z npm notice 494B dist/safe-bash/commands/env-split.d.ts.map
publish	Verify installed tarballs	2026-09-12T18:10:42.2161473Z npm notice 13.5kB dist/safe-bash/commands/env-split.js
publish	Verify installed tarballs	2026-09-12T18:10:42.2161852Z npm notice 14.4kB dist/safe-bash/commands/env-split.js.map
publish	Verify installed tarballs	2026-09-12T18:10:42.2162144Z npm notice 427B dist/safe-bash/commands/execution.d.ts
publish	Verify installed tarballs	2026-09-12T18:10:42.2162438Z npm notice 399B dist/safe-bash/commands/execution.d.ts.map
publish	Verify installed tarballs	2026-09-12T18:10:42.2162736Z npm notice 17.7kB dist/safe-bash/commands/execution.js
publish	Verify installed tarballs	2026-09-12T18:10:42.2163029Z npm notice 16.7kB dist/safe-bash/commands/execution.js.map
publish	Verify installed tarballs	2026-09-12T18:10:42.2163341Z npm notice 573B dist/safe-bash/commands/expr/bre-engine.d.ts
publish	Verify installed tarballs	2026-09-12T18:10:42.2163670Z npm notice 597B dist/safe-bash/commands/expr/bre-engine.d.ts.map
publish	Verify installed tarballs	2026-09-12T18:10:42.2164001Z npm notice 98.4kB dist/safe-bash/commands/expr/bre-engine.js
publish	Verify installed tarballs	2026-09-12T18:10:42.2164322Z npm notice 114.2kB dist/safe-bash/commands/expr/bre-engine.js.map
publish	Verify installed tarballs	2026-09-12T18:10:42.2164645Z npm notice 382B dist/safe-bash/commands/expr/bre-worker.d.ts
publish	Verify installed tarballs	2026-09-12T18:10:42.2164966Z npm notice 365B dist/safe-bash/commands/expr/bre-worker.d.ts.map
publish	Verify installed tarballs	2026-09-12T18:10:42.2165278Z npm notice 809B dist/safe-bash/commands/expr/bre-worker.js
publish	Verify installed tarballs	2026-09-12T18:10:42.2165589Z npm notice 857B dist/safe-bash/commands/expr/bre-worker.js.map
publish	Verify installed tarballs	2026-09-12T18:10:42.2165907Z npm notice 426B dist/safe-bash/commands/expr/command.d.ts
publish	Verify installed tarballs	2026-09-12T18:10:42.2166216Z npm notice 403B dist/safe-bash/commands/expr/command.d.ts.map
publish	Verify installed tarballs	2026-09-12T18:10:42.2166519Z npm notice 5.6kB dist/safe-bash/commands/expr/command.js
publish	Verify installed tarballs	2026-09-12T18:10:42.2166827Z npm notice 4.7kB dist/safe-bash/commands/expr/command.js.map
publish	Verify installed tarballs	2026-09-12T18:10:42.2167133Z npm notice 953B dist/safe-bash/commands/expr/evaluate.d.ts
publish	Verify installed tarballs	2026-09-12T18:10:42.2167449Z npm notice 1.1kB dist/safe-bash/commands/expr/evaluate.d.ts.map
publish	Verify installed tarballs	2026-09-12T18:10:42.2167771Z npm notice 6.8kB dist/safe-bash/commands/expr/evaluate.js
publish	Verify installed tarballs	2026-09-12T18:10:42.2168082Z npm notice 8.5kB dist/safe-bash/commands/expr/evaluate.js.map
publish	Verify installed tarballs	2026-09-12T18:10:42.2168388Z npm notice 537B dist/safe-bash/commands/expr/index.d.ts
publish	Verify installed tarballs	2026-09-12T18:10:42.2168697Z npm notice 471B dist/safe-bash/commands/expr/index.d.ts.map
publish	Verify installed tarballs	2026-09-12T18:10:42.2169184Z npm notice 1.0kB dist/safe-bash/commands/expr/index.js
publish	Verify installed tarballs	2026-09-12T18:10:42.2169505Z npm notice 1.0kB dist/safe-bash/commands/expr/index.js.map
publish	Verify installed tarballs	2026-09-12T18:10:42.2169817Z npm notice 1.9kB dist/safe-bash/commands/expr/internal.d.ts
publish	Verify installed tarballs	2026-09-12T18:10:42.2170136Z npm notice 1.9kB dist/safe-bash/commands/expr/internal.d.ts.map
publish	Verify installed tarballs	2026-09-12T18:10:42.2170447Z npm notice 6.2kB dist/safe-bash/commands/expr/internal.js
publish	Verify installed tarballs	2026-09-12T18:10:42.2170776Z npm notice 6.2kB dist/safe-bash/commands/expr/internal.js.map
publish	Verify installed tarballs	2026-09-12T18:10:42.2171097Z npm notice 267B dist/safe-bash/commands/expr/syntax.d.ts
publish	Verify installed tarballs	2026-09-12T18:10:42.2171406Z npm notice 364B dist/safe-bash/commands/expr/syntax.d.ts.map
publish	Verify installed tarballs	2026-09-12T18:10:42.2171702Z npm notice 5.7kB dist/safe-bash/commands/expr/syntax.js
publish	Verify installed tarballs	2026-09-12T18:10:42.2172005Z npm notice 6.9kB dist/safe-bash/commands/expr/syntax.js.map
publish	Verify installed tarballs	2026-09-12T18:10:42.2172308Z npm notice 261B dist/safe-bash/commands/factor/command.d.ts
publish	Verify installed tarballs	2026-09-12T18:10:42.2172628Z npm notice 288B dist/safe-bash/commands/factor/command.d.ts.map
publish	Verify installed tarballs	2026-09-12T18:10:42.2172951Z npm notice 6.2kB dist/safe-bash/commands/factor/command.js
publish	Verify installed tarballs	2026-09-12T18:10:42.2173264Z npm notice 4.9kB dist/safe-bash/commands/factor/command.js.map
publish	Verify installed tarballs	2026-09-12T18:10:42.2173568Z npm notice 269B dist/safe-bash/commands/factor/factor.d.ts
publish	Verify installed tarballs	2026-09-12T18:10:42.2173884Z npm notice 366B dist/safe-bash/commands/factor/factor.d.ts.map
publish	Verify installed tarballs	2026-09-12T18:10:42.2174189Z npm notice 1.7kB dist/safe-bash/commands/factor/factor.js
publish	Verify installed tarballs	2026-09-12T18:10:42.2174491Z npm notice 2.1kB dist/safe-bash/commands/factor/factor.js.map
publish	Verify installed tarballs	2026-09-12T18:10:42.2174815Z npm notice 355B dist/safe-bash/commands/factor/index.browser.js
publish	Verify installed tarballs	2026-09-12T18:10:42.2175146Z npm notice 93B dist/safe-bash/commands/factor/index.browser.js.map
publish	Verify installed tarballs	2026-09-12T18:10:42.2175459Z npm notice 510B dist/safe-bash/commands/factor/index.d.ts
publish	Verify installed tarballs	2026-09-12T18:10:42.2175770Z npm notice 457B dist/safe-bash/commands/factor/index.d.ts.map
publish	Verify installed tarballs	2026-09-12T18:10:42.2176063Z npm notice 533B dist/safe-bash/commands/factor/index.js
publish	Verify installed tarballs	2026-09-12T18:10:42.2176412Z npm notice 606B dist/safe-bash/commands/factor/index.js.map
publish	Verify installed tarballs	2026-09-12T18:10:42.2176731Z npm notice 1.9kB dist/safe-bash/commands/factor/internal.d.ts
publish	Verify installed tarballs	2026-09-12T18:10:42.2177054Z npm notice 1.9kB dist/safe-bash/commands/factor/internal.d.ts.map
publish	Verify installed tarballs	2026-09-12T18:10:42.2177368Z npm notice 5.6kB dist/safe-bash/commands/factor/internal.js
publish	Verify installed tarballs	2026-09-12T18:10:42.2177692Z npm notice 6.2kB dist/safe-bash/commands/factor/internal.js.map
publish	Verify installed tarballs	2026-09-12T18:10:42.2177995Z npm notice 1.1kB dist/safe-bash/commands/factor/io.d.ts
publish	Verify installed tarballs	2026-09-12T18:10:42.2178291Z npm notice 1.3kB dist/safe-bash/commands/factor/io.d.ts.map
publish	Verify installed tarballs	2026-09-12T18:10:42.2178591Z npm notice 7.5kB dist/safe-bash/commands/factor/io.js
publish	Verify installed tarballs	2026-09-12T18:10:42.2178879Z npm notice 8.1kB dist/safe-bash/commands/factor/io.js.map
publish	Verify installed tarballs	2026-09-12T18:10:42.2179334Z npm notice 299B dist/safe-bash/commands/file/classify.d.ts
publish	Verify installed tarballs	2026-09-12T18:10:42.2179658Z npm notice 375B dist/safe-bash/commands/file/classify.d.ts.map
publish	Verify installed tarballs	2026-09-12T18:10:42.2179985Z npm notice 7.5kB dist/safe-bash/commands/file/classify.js
publish	Verify installed tarballs	2026-09-12T18:10:42.2180295Z npm notice 10.4kB dist/safe-bash/commands/file/classify.js.map
publish	Verify installed tarballs	2026-09-12T18:10:42.2180648Z npm notice 538B dist/safe-bash/commands/file/index.d.ts
publish	Verify installed tarballs	2026-09-12T18:10:42.2181001Z npm notice 481B dist/safe-bash/commands/file/index.d.ts.map
publish	Verify installed tarballs	2026-09-12T18:10:42.2181300Z npm notice 12.3kB dist/safe-bash/commands/file/index.js
publish	Verify installed tarballs	2026-09-12T18:10:42.2181595Z npm notice 12.0kB dist/safe-bash/commands/file/index.js.map
publish	Verify installed tarballs	2026-09-12T18:10:42.2181901Z npm notice 1.8kB dist/safe-bash/commands/file/shared.d.ts
publish	Verify installed tarballs	2026-09-12T18:10:42.2182206Z npm notice 1.8kB dist/safe-bash/commands/file/shared.d.ts.map
publish	Verify installed tarballs	2026-09-12T18:10:42.2182503Z npm notice 6.8kB dist/safe-bash/commands/file/shared.js
publish	Verify installed tarballs	2026-09-12T18:10:42.2182805Z npm notice 7.6kB dist/safe-bash/commands/file/shared.js.map
publish	Verify installed tarballs	2026-09-12T18:10:42.2183135Z npm notice 1.7kB dist/safe-bash/commands/filesystem-requirements.d.ts
publish	Verify installed tarballs	2026-09-12T18:10:42.2183503Z npm notice 461B dist/safe-bash/commands/filesystem-requirements.d.ts.map
publish	Verify installed tarballs	2026-09-12T18:10:42.2183932Z npm notice 6.0kB dist/safe-bash/commands/filesystem-requirements.js
publish	Verify installed tarballs	2026-09-12T18:10:42.2184291Z npm notice 5.3kB dist/safe-bash/commands/filesystem-requirements.js.map
publish	Verify installed tarballs	2026-09-12T18:10:42.2184616Z npm notice 199B dist/safe-bash/commands/filesystem.d.ts
publish	Verify installed tarballs	2026-09-12T18:10:42.2184921Z npm notice 248B dist/safe-bash/commands/filesystem.d.ts.map
publish	Verify installed tarballs	2026-09-12T18:10:42.2185216Z npm notice 41.4kB dist/safe-bash/commands/filesystem.js
publish	Verify installed tarballs	2026-09-12T18:10:42.2185514Z npm notice 44.1kB dist/safe-bash/commands/filesystem.js.map
publish	Verify installed tarballs	2026-09-12T18:10:42.2185829Z npm notice 1.1kB dist/safe-bash/commands/find-format.d.ts
publish	Verify installed tarballs	2026-09-12T18:10:42.2186146Z npm notice 1.1kB dist/safe-bash/commands/find-format.d.ts.map
publish	Verify installed tarballs	2026-09-12T18:10:42.2186446Z npm notice 6.2kB dist/safe-bash/commands/find-format.js
publish	Verify installed tarballs	2026-09-12T18:10:42.2186753Z npm notice 7.1kB dist/safe-bash/commands/find-format.js.map
publish	Verify installed tarballs	2026-09-12T18:10:42.2187040Z npm notice 233B dist/safe-bash/commands/find.d.ts
publish	Verify installed tarballs	2026-09-12T18:10:42.2187321Z npm notice 268B dist/safe-bash/commands/find.d.ts.map
publish	Verify installed tarballs	2026-09-12T18:10:42.2187585Z npm notice 17.9kB dist/safe-bash/commands/find.js
publish	Verify installed tarballs	2026-09-12T18:10:42.2187863Z npm notice 16.7kB dist/safe-bash/commands/find.js.map
publish	Verify installed tarballs	2026-09-12T18:10:42.2188131Z npm notice 154B dist/safe-bash/commands/fmt.d.ts
publish	Verify installed tarballs	2026-09-12T18:10:42.2188404Z npm notice 201B dist/safe-bash/commands/fmt.d.ts.map
publish	Verify installed tarballs	2026-09-12T18:10:42.2188682Z npm notice 43.9kB dist/safe-bash/commands/fmt.js
publish	Verify installed tarballs	2026-09-12T18:10:42.2188953Z npm notice 47.4kB dist/safe-bash/commands/fmt.js.map
publish	Verify installed tarballs	2026-09-12T18:10:42.2189403Z npm notice 261B dist/safe-bash/commands/getopt/command.d.ts
publish	Verify installed tarballs	2026-09-12T18:10:42.2189739Z npm notice 288B dist/safe-bash/commands/getopt/command.d.ts.map
publish	Verify installed tarballs	2026-09-12T18:10:42.2190058Z npm notice 9.7kB dist/safe-bash/commands/getopt/command.js
publish	Verify installed tarballs	2026-09-12T18:10:42.2190374Z npm notice 7.6kB dist/safe-bash/commands/getopt/command.js.map
publish	Verify installed tarballs	2026-09-12T18:10:42.2190710Z npm notice 355B dist/safe-bash/commands/getopt/index.browser.js
publish	Verify installed tarballs	2026-09-12T18:10:42.2191113Z npm notice 93B dist/safe-bash/commands/getopt/index.browser.js.map
publish	Verify installed tarballs	2026-09-12T18:10:42.2191435Z npm notice 510B dist/safe-bash/commands/getopt/index.d.ts
publish	Verify installed tarballs	2026-09-12T18:10:42.2191750Z npm notice 457B dist/safe-bash/commands/getopt/index.d.ts.map
publish	Verify installed tarballs	2026-09-12T18:10:42.2192054Z npm notice 533B dist/safe-bash/commands/getopt/index.js
publish	Verify installed tarballs	2026-09-12T18:10:42.2192350Z npm notice 606B dist/safe-bash/commands/getopt/index.js.map
publish	Verify installed tarballs	2026-09-12T18:10:42.2192667Z npm notice 1.7kB dist/safe-bash/commands/getopt/internal.d.ts
publish	Verify installed tarballs	2026-09-12T18:10:42.2192993Z npm notice 1.6kB dist/safe-bash/commands/getopt/internal.d.ts.map
publish	Verify installed tarballs	2026-09-12T18:10:42.2193312Z npm notice 5.4kB dist/safe-bash/commands/getopt/internal.js
publish	Verify installed tarballs	2026-09-12T18:10:42.2193625Z npm notice 5.6kB dist/safe-bash/commands/getopt/internal.js.map
publish	Verify installed tarballs	2026-09-12T18:10:42.2193923Z npm notice 531B dist/safe-bash/commands/getopt/io.d.ts
publish	Verify installed tarballs	2026-09-12T18:10:42.2194224Z npm notice 611B dist/safe-bash/commands/getopt/io.d.ts.map
publish	Verify installed tarballs	2026-09-12T18:10:42.2194521Z npm notice 3.8kB dist/safe-bash/commands/getopt/io.js
publish	Verify installed tarballs	2026-09-12T18:10:42.2194818Z npm notice 4.5kB dist/safe-bash/commands/getopt/io.js.map
publish	Verify installed tarballs	2026-09-12T18:10:42.2195121Z npm notice 1.5kB dist/safe-bash/commands/getopt/parser.d.ts
publish	Verify installed tarballs	2026-09-12T18:10:42.2195439Z npm notice 1.8kB dist/safe-bash/commands/getopt/parser.d.ts.map
publish	Verify installed tarballs	2026-09-12T18:10:42.2195754Z npm notice 8.4kB dist/safe-bash/commands/getopt/parser.js
publish	Verify installed tarballs	2026-09-12T18:10:42.2196060Z npm notice 9.2kB dist/safe-bash/commands/getopt/parser.js.map
publish	Verify installed tarballs	2026-09-12T18:10:42.2196386Z npm notice 302B dist/safe-bash/commands/grep-aliases/aliases.d.ts
publish	Verify installed tarballs	2026-09-12T18:10:42.2196742Z npm notice 342B dist/safe-bash/commands/grep-aliases/aliases.d.ts.map
publish	Verify installed tarballs	2026-09-12T18:10:42.2197082Z npm notice 1.1kB dist/safe-bash/commands/grep-aliases/aliases.js
publish	Verify installed tarballs	2026-09-12T18:10:42.2197414Z npm notice 1.3kB dist/safe-bash/commands/grep-aliases/aliases.js.map
publish	Verify installed tarballs	2026-09-12T18:10:42.2197891Z npm notice 808B dist/safe-bash/commands/grep-aliases/index.d.ts
publish	Verify installed tarballs	2026-09-12T18:10:42.2198236Z npm notice 690B dist/safe-bash/commands/grep-aliases/index.d.ts.map
publish	Verify installed tarballs	2026-09-12T18:10:42.2198676Z npm notice 1.4kB dist/safe-bash/commands/grep-aliases/index.js
publish	Verify installed tarballs	2026-09-12T18:10:42.2199021Z npm notice 1.5kB dist/safe-bash/commands/grep-aliases/index.js.map
publish	Verify installed tarballs	2026-09-12T18:10:42.2199458Z npm notice 461B dist/safe-bash/commands/grep.d.ts
publish	Verify installed tarballs	2026-09-12T18:10:42.2199744Z npm notice 409B dist/safe-bash/commands/grep.d.ts.map
publish	Verify installed tarballs	2026-09-12T18:10:42.2200024Z npm notice 494B dist/safe-bash/commands/grep.js
publish	Verify installed tarballs	2026-09-12T18:10:42.2200294Z npm notice 504B dist/safe-bash/commands/grep.js.map
publish	Verify installed tarballs	2026-09-12T18:10:42.2200597Z npm notice 358B dist/safe-bash/commands/hexdump/command.d.ts
publish	Verify installed tarballs	2026-09-12T18:10:42.2200933Z npm notice 348B dist/safe-bash/commands/hexdump/command.d.ts.map
publish	Verify installed tarballs	2026-09-12T18:10:42.2201254Z npm notice 6.5kB dist/safe-bash/commands/hexdump/command.js
publish	Verify installed tarballs	2026-09-12T18:10:42.2201573Z npm notice 7.0kB dist/safe-bash/commands/hexdump/command.js.map
publish	Verify installed tarballs	2026-09-12T18:10:42.2201893Z npm notice 151B dist/safe-bash/commands/hexdump/format.d.ts
publish	Verify installed tarballs	2026-09-12T18:10:42.2202213Z npm notice 242B dist/safe-bash/commands/hexdump/format.d.ts.map
publish	Verify installed tarballs	2026-09-12T18:10:42.2202529Z npm notice 1.0kB dist/safe-bash/commands/hexdump/format.js
publish	Verify installed tarballs	2026-09-12T18:10:42.2202850Z npm notice 1.5kB dist/safe-bash/commands/hexdump/format.js.map
publish	Verify installed tarballs	2026-09-12T18:10:42.2203174Z npm notice 440B dist/safe-bash/commands/hexdump/index.browser.js
publish	Verify installed tarballs	2026-09-12T18:10:42.2203512Z npm notice 93B dist/safe-bash/commands/hexdump/index.browser.js.map
publish	Verify installed tarballs	2026-09-12T18:10:42.2203843Z npm notice 535B dist/safe-bash/commands/hexdump/index.d.ts
publish	Verify installed tarballs	2026-09-12T18:10:42.2204162Z npm notice 468B dist/safe-bash/commands/hexdump/index.d.ts.map
publish	Verify installed tarballs	2026-09-12T18:10:42.2204463Z npm notice 827B dist/safe-bash/commands/hexdump/index.js
publish	Verify installed tarballs	2026-09-12T18:10:42.2204762Z npm notice 838B dist/safe-bash/commands/hexdump/index.js.map
publish	Verify installed tarballs	2026-09-12T18:10:42.2205077Z npm notice 1.9kB dist/safe-bash/commands/hexdump/internal.d.ts
publish	Verify installed tarballs	2026-09-12T18:10:42.2205403Z npm notice 1.9kB dist/safe-bash/commands/hexdump/internal.d.ts.map
publish	Verify installed tarballs	2026-09-12T18:10:42.2205716Z npm notice 5.7kB dist/safe-bash/commands/hexdump/internal.js
publish	Verify installed tarballs	2026-09-12T18:10:42.2206096Z npm notice 5.9kB dist/safe-bash/commands/hexdump/internal.js.map
publish	Verify installed tarballs	2026-09-12T18:10:42.2206401Z npm notice 1.5kB dist/safe-bash/commands/hexdump/io.d.ts
publish	Verify installed tarballs	2026-09-12T18:10:42.2206698Z npm notice 1.6kB dist/safe-bash/commands/hexdump/io.d.ts.map
publish	Verify installed tarballs	2026-09-12T18:10:42.2206996Z npm notice 11.7kB dist/safe-bash/commands/hexdump/io.js
publish	Verify installed tarballs	2026-09-12T18:10:42.2207292Z npm notice 11.3kB dist/safe-bash/commands/hexdump/io.js.map
publish	Verify installed tarballs	2026-09-12T18:10:42.2207602Z npm notice 331B dist/safe-bash/commands/hexdump/options.d.ts
publish	Verify installed tarballs	2026-09-12T18:10:42.2207928Z npm notice 463B dist/safe-bash/commands/hexdump/options.d.ts.map
publish	Verify installed tarballs	2026-09-12T18:10:42.2208241Z npm notice 3.4kB dist/safe-bash/commands/hexdump/options.js
publish	Verify installed tarballs	2026-09-12T18:10:42.2208550Z npm notice 3.6kB dist/safe-bash/commands/hexdump/options.js.map
publish	Verify installed tarballs	2026-09-12T18:10:42.2208890Z npm notice 1.1kB dist/safe-bash/commands/html-to-markdown/budget.d.ts
publish	Verify installed tarballs	2026-09-12T18:10:42.2209314Z npm notice 1.2kB dist/safe-bash/commands/html-to-markdown/budget.d.ts.map
publish	Verify installed tarballs	2026-09-12T18:10:42.2209674Z npm notice 3.4kB dist/safe-bash/commands/html-to-markdown/budget.js
publish	Verify installed tarballs	2026-09-12T18:10:42.2210026Z npm notice 4.3kB dist/safe-bash/commands/html-to-markdown/budget.js.map
publish	Verify installed tarballs	2026-09-12T18:10:42.2210380Z npm notice 451B dist/safe-bash/commands/html-to-markdown/entities.d.ts
publish	Verify installed tarballs	2026-09-12T18:10:42.2210738Z npm notice 579B dist/safe-bash/commands/html-to-markdown/entities.d.ts.map
publish	Verify installed tarballs	2026-09-12T18:10:42.2211103Z npm notice 5.5kB dist/safe-bash/commands/html-to-markdown/entities.js
publish	Verify installed tarballs	2026-09-12T18:10:42.2211583Z npm notice 6.7kB dist/safe-bash/commands/html-to-markdown/entities.js.map
publish	Verify installed tarballs	2026-09-12T18:10:42.2211930Z npm notice 630B dist/safe-bash/commands/html-to-markdown/index.d.ts
publish	Verify installed tarballs	2026-09-12T18:10:42.2212281Z npm notice 496B dist/safe-bash/commands/html-to-markdown/index.d.ts.map
publish	Verify installed tarballs	2026-09-12T18:10:42.2212610Z npm notice 4.4kB dist/safe-bash/commands/html-to-markdown/index.js
publish	Verify installed tarballs	2026-09-12T18:10:42.2212946Z npm notice 3.9kB dist/safe-bash/commands/html-to-markdown/index.js.map
publish	Verify installed tarballs	2026-09-12T18:10:42.2213347Z npm notice 607B dist/safe-bash/commands/html-to-markdown/input.d.ts
publish	Verify installed tarballs	2026-09-12T18:10:42.2213691Z npm notice 696B dist/safe-bash/commands/html-to-markdown/input.d.ts.map
publish	Verify installed tarballs	2026-09-12T18:10:42.2214028Z npm notice 4.3kB dist/safe-bash/commands/html-to-markdown/input.js
publish	Verify installed tarballs	2026-09-12T18:10:42.2214367Z npm notice 4.8kB dist/safe-bash/commands/html-to-markdown/input.js.map
publish	Verify installed tarballs	2026-09-12T18:10:42.2214705Z npm notice 1.4kB dist/safe-bash/commands/html-to-markdown/options.d.ts
publish	Verify installed tarballs	2026-09-12T18:10:42.2215052Z npm notice 1.0kB dist/safe-bash/commands/html-to-markdown/options.d.ts.map
publish	Verify installed tarballs	2026-09-12T18:10:42.2215404Z npm notice 2.7kB dist/safe-bash/commands/html-to-markdown/options.js
publish	Verify installed tarballs	2026-09-12T18:10:42.2215748Z npm notice 2.4kB dist/safe-bash/commands/html-to-markdown/options.js.map
publish	Verify installed tarballs	2026-09-12T18:10:42.2216092Z npm notice 832B dist/safe-bash/commands/html-to-markdown/parser.d.ts
publish	Verify installed tarballs	2026-09-12T18:10:42.2216435Z npm notice 946B dist/safe-bash/commands/html-to-markdown/parser.d.ts.map
publish	Verify installed tarballs	2026-09-12T18:10:42.2216778Z npm notice 11.9kB dist/safe-bash/commands/html-to-markdown/parser.js
publish	Verify installed tarballs	2026-09-12T18:10:42.2217116Z npm notice 13.2kB dist/safe-bash/commands/html-to-markdown/parser.js.map
publish	Verify installed tarballs	2026-09-12T18:10:42.2217472Z npm notice 721B dist/safe-bash/commands/html-to-markdown/render.d.ts
publish	Verify installed tarballs	2026-09-12T18:10:42.2217818Z npm notice 703B dist/safe-bash/commands/html-to-markdown/render.d.ts.map
publish	Verify installed tarballs	2026-09-12T18:10:42.2218166Z npm notice 19.3kB dist/safe-bash/commands/html-to-markdown/render.js
publish	Verify installed tarballs	2026-09-12T18:10:42.2218517Z npm notice 22.2kB dist/safe-bash/commands/html-to-markdown/render.js.map
publish	Verify installed tarballs	2026-09-12T18:10:42.2218864Z npm notice 374B dist/safe-bash/commands/html-to-markdown/text.d.ts
publish	Verify installed tarballs	2026-09-12T18:10:42.2219290Z npm notice 483B dist/safe-bash/commands/html-to-markdown/text.d.ts.map
publish	Verify installed tarballs	2026-09-12T18:10:42.2219650Z npm notice 1.8kB dist/safe-bash/commands/html-to-markdown/text.js
publish	Verify installed tarballs	2026-09-12T18:10:42.2219990Z npm notice 2.2kB dist/safe-bash/commands/html-to-markdown/text.js.map
publish	Verify installed tarballs	2026-09-12T18:10:42.2220312Z npm notice 348B dist/safe-bash/commands/iconv/codec.d.ts
publish	Verify installed tarballs	2026-09-12T18:10:42.2220686Z npm notice 444B dist/safe-bash/commands/iconv/codec.d.ts.map
publish	Verify installed tarballs	2026-09-12T18:10:42.2220996Z npm notice 7.7kB dist/safe-bash/commands/iconv/codec.js
publish	Verify installed tarballs	2026-09-12T18:10:42.2221310Z npm notice 8.7kB dist/safe-bash/commands/iconv/codec.js.map
publish	Verify installed tarballs	2026-09-12T18:10:42.2221609Z npm notice 258B dist/safe-bash/commands/iconv/command.d.ts
publish	Verify installed tarballs	2026-09-12T18:10:42.2221924Z npm notice 289B dist/safe-bash/commands/iconv/command.d.ts.map
publish	Verify installed tarballs	2026-09-12T18:10:42.2222228Z npm notice 4.6kB dist/safe-bash/commands/iconv/command.js
publish	Verify installed tarballs	2026-09-12T18:10:42.2222535Z npm notice 4.8kB dist/safe-bash/commands/iconv/command.js.map
publish	Verify installed tarballs	2026-09-12T18:10:42.2222853Z npm notice 390B dist/safe-bash/commands/iconv/index.browser.js
publish	Verify installed tarballs	2026-09-12T18:10:42.2223174Z npm notice 93B dist/safe-bash/commands/iconv/index.browser.js.map
publish	Verify installed tarballs	2026-09-12T18:10:42.2223476Z npm notice 502B dist/safe-bash/commands/iconv/index.d.ts
publish	Verify installed tarballs	2026-09-12T18:10:42.2223776Z npm notice 457B dist/safe-bash/commands/iconv/index.d.ts.map
publish	Verify installed tarballs	2026-09-12T18:10:42.2224071Z npm notice 522B dist/safe-bash/commands/iconv/index.js
publish	Verify installed tarballs	2026-09-12T18:10:42.2224355Z npm notice 605B dist/safe-bash/commands/iconv/index.js.map
publish	Verify installed tarballs	2026-09-12T18:10:42.2224664Z npm notice 1.9kB dist/safe-bash/commands/iconv/internal.d.ts
publish	Verify installed tarballs	2026-09-12T18:10:42.2224980Z npm notice 1.9kB dist/safe-bash/commands/iconv/internal.d.ts.map
publish	Verify installed tarballs	2026-09-12T18:10:42.2225287Z npm notice 6.0kB dist/safe-bash/commands/iconv/internal.js
publish	Verify installed tarballs	2026-09-12T18:10:42.2225596Z npm notice 6.4kB dist/safe-bash/commands/iconv/internal.js.map
publish	Verify installed tarballs	2026-09-12T18:10:42.2225902Z npm notice 954B dist/safe-bash/commands/iconv/lifecycle.d.ts
publish	Verify installed tarballs	2026-09-12T18:10:42.2226209Z npm notice 1.1kB dist/safe-bash/commands/iconv/lifecycle.d.ts.map
publish	Verify installed tarballs	2026-09-12T18:10:42.2226524Z npm notice 3.9kB dist/safe-bash/commands/iconv/lifecycle.js
publish	Verify installed tarballs	2026-09-12T18:10:42.2226830Z npm notice 3.8kB dist/safe-bash/commands/iconv/lifecycle.js.map
publish	Verify installed tarballs	2026-09-12T18:10:42.2227132Z npm notice 409B dist/safe-bash/commands/iconv/options.d.ts
publish	Verify installed tarballs	2026-09-12T18:10:42.2227442Z npm notice 526B dist/safe-bash/commands/iconv/options.d.ts.map
publish	Verify installed tarballs	2026-09-12T18:10:42.2227794Z npm notice 3.4kB dist/safe-bash/commands/iconv/options.js
publish	Verify installed tarballs	2026-09-12T18:10:42.2228095Z npm notice 3.5kB dist/safe-bash/commands/iconv/options.js.map
publish	Verify installed tarballs	2026-09-12T18:10:42.2228401Z npm notice 639B dist/safe-bash/commands/iconv/reader.d.ts
publish	Verify installed tarballs	2026-09-12T18:10:42.2228701Z npm notice 768B dist/safe-bash/commands/iconv/reader.d.ts.map
publish	Verify installed tarballs	2026-09-12T18:10:42.2229000Z npm notice 8.0kB dist/safe-bash/commands/iconv/reader.js
publish	Verify installed tarballs	2026-09-12T18:10:42.2229375Z npm notice 7.9kB dist/safe-bash/commands/iconv/reader.js.map
publish	Verify installed tarballs	2026-09-12T18:10:42.2229699Z npm notice 129B dist/safe-bash/commands/iconv/transliterations.d.ts
publish	Verify installed tarballs	2026-09-12T18:10:42.2230050Z npm notice 241B dist/safe-bash/commands/iconv/transliterations.d.ts.map
publish	Verify installed tarballs	2026-09-12T18:10:42.2230396Z npm notice 29.4kB dist/safe-bash/commands/iconv/transliterations.js
publish	Verify installed tarballs	2026-09-12T18:10:42.2230750Z npm notice 35.9kB dist/safe-bash/commands/iconv/transliterations.js.map
publish	Verify installed tarballs	2026-09-12T18:10:42.2231061Z npm notice 479B dist/safe-bash/commands/index.d.ts
publish	Verify installed tarballs	2026-09-12T18:10:42.2231348Z npm notice 410B dist/safe-bash/commands/index.d.ts.map
publish	Verify installed tarballs	2026-09-12T18:10:42.2231629Z npm notice 1.4kB dist/safe-bash/commands/index.js
publish	Verify installed tarballs	2026-09-12T18:10:42.2231908Z npm notice 1.4kB dist/safe-bash/commands/index.js.map
publish	Verify installed tarballs	2026-09-12T18:10:42.2232189Z npm notice 2.7kB dist/safe-bash/commands/internal.d.ts
publish	Verify installed tarballs	2026-09-12T18:10:42.2232485Z npm notice 2.6kB dist/safe-bash/commands/internal.d.ts.map
publish	Verify installed tarballs	2026-09-12T18:10:42.2232807Z npm notice 14.1kB dist/safe-bash/commands/internal.js
publish	Verify installed tarballs	2026-09-12T18:10:42.2233108Z npm notice 16.2kB dist/safe-bash/commands/internal.js.map
publish	Verify installed tarballs	2026-09-12T18:10:42.2233428Z npm notice 374B dist/safe-bash/commands/line-endings/command.d.ts
publish	Verify installed tarballs	2026-09-12T18:10:42.2233762Z npm notice 355B dist/safe-bash/commands/line-endings/command.d.ts.map
publish	Verify installed tarballs	2026-09-12T18:10:42.2234094Z npm notice 16.9kB dist/safe-bash/commands/line-endings/command.js
publish	Verify installed tarballs	2026-09-12T18:10:42.2234433Z npm notice 12.6kB dist/safe-bash/commands/line-endings/command.js.map
publish	Verify installed tarballs	2026-09-12T18:10:42.2234823Z npm notice 550B dist/safe-bash/commands/line-endings/convert.d.ts
publish	Verify installed tarballs	2026-09-12T18:10:42.2235154Z npm notice 646B dist/safe-bash/commands/line-endings/convert.d.ts.map
publish	Verify installed tarballs	2026-09-12T18:10:42.2235492Z npm notice 7.6kB dist/safe-bash/commands/line-endings/convert.js
publish	Verify installed tarballs	2026-09-12T18:10:42.2235820Z npm notice 8.1kB dist/safe-bash/commands/line-endings/convert.js.map
publish	Verify installed tarballs	2026-09-12T18:10:42.2236158Z npm notice 507B dist/safe-bash/commands/line-endings/index.browser.js
publish	Verify installed tarballs	2026-09-12T18:10:42.2236519Z npm notice 93B dist/safe-bash/commands/line-endings/index.browser.js.map
publish	Verify installed tarballs	2026-09-12T18:10:42.2236857Z npm notice 563B dist/safe-bash/commands/line-endings/index.d.ts
publish	Verify installed tarballs	2026-09-12T18:10:42.2237184Z npm notice 480B dist/safe-bash/commands/line-endings/index.d.ts.map
publish	Verify installed tarballs	2026-09-12T18:10:42.2237512Z npm notice 606B dist/safe-bash/commands/line-endings/index.js
publish	Verify installed tarballs	2026-09-12T18:10:42.2237832Z npm notice 663B dist/safe-bash/commands/line-endings/index.js.map
publish	Verify installed tarballs	2026-09-12T18:10:42.2238157Z npm notice 2.3kB dist/safe-bash/commands/line-endings/internal.d.ts
publish	Verify installed tarballs	2026-09-12T18:10:42.2238517Z npm notice 2.3kB dist/safe-bash/commands/line-endings/internal.d.ts.map
publish	Verify installed tarballs	2026-09-12T18:10:42.2238848Z npm notice 6.1kB dist/safe-bash/commands/line-endings/internal.js
publish	Verify installed tarballs	2026-09-12T18:10:42.2239295Z npm notice 6.4kB dist/safe-bash/commands/line-endings/internal.js.map
publish	Verify installed tarballs	2026-09-12T18:10:42.2239649Z npm notice 1.7kB dist/safe-bash/commands/line-endings/io.d.ts
publish	Verify installed tarballs	2026-09-12T18:10:42.2239976Z npm notice 1.9kB dist/safe-bash/commands/line-endings/io.d.ts.map
publish	Verify installed tarballs	2026-09-12T18:10:42.2240286Z npm notice 10.6kB dist/safe-bash/commands/line-endings/io.js
publish	Verify installed tarballs	2026-09-12T18:10:42.2240602Z npm notice 11.0kB dist/safe-bash/commands/line-endings/io.js.map
publish	Verify installed tarballs	2026-09-12T18:10:42.2240931Z npm notice 1.1kB dist/safe-bash/commands/line-endings/stage.d.ts
publish	Verify installed tarballs	2026-09-12T18:10:42.2241255Z npm notice 1.3kB dist/safe-bash/commands/line-endings/stage.d.ts.map
publish	Verify installed tarballs	2026-09-12T18:10:42.2241572Z npm notice 7.7kB dist/safe-bash/commands/line-endings/stage.js
publish	Verify installed tarballs	2026-09-12T18:10:42.2241897Z npm notice 8.6kB dist/safe-bash/commands/line-endings/stage.js.map
publish	Verify installed tarballs	2026-09-12T18:10:42.2242261Z npm notice 371B dist/safe-bash/commands/llm/command.d.ts
publish	Verify installed tarballs	2026-09-12T18:10:42.2242559Z npm notice 370B dist/safe-bash/commands/llm/command.d.ts.map
publish	Verify installed tarballs	2026-09-12T18:10:42.2242859Z npm notice 12.8kB dist/safe-bash/commands/llm/command.js
publish	Verify installed tarballs	2026-09-12T18:10:42.2243152Z npm notice 13.8kB dist/safe-bash/commands/llm/command.js.map
publish	Verify installed tarballs	2026-09-12T18:10:42.2243470Z npm notice 252B dist/safe-bash/commands/llm/elevenlabs-stream.d.ts
publish	Verify installed tarballs	2026-09-12T18:10:42.2243825Z npm notice 313B dist/safe-bash/commands/llm/elevenlabs-stream.d.ts.map
publish	Verify installed tarballs	2026-09-12T18:10:42.2244169Z npm notice 4.0kB dist/safe-bash/commands/llm/elevenlabs-stream.js
publish	Verify installed tarballs	2026-09-12T18:10:42.2244503Z npm notice 4.5kB dist/safe-bash/commands/llm/elevenlabs-stream.js.map
publish	Verify installed tarballs	2026-09-12T18:10:42.2244845Z npm notice 695B dist/safe-bash/commands/llm/elevenlabs.d.ts
publish	Verify installed tarballs	2026-09-12T18:10:42.2245158Z npm notice 715B dist/safe-bash/commands/llm/elevenlabs.d.ts.map
publish	Verify installed tarballs	2026-09-12T18:10:42.2245466Z npm notice 6.0kB dist/safe-bash/commands/llm/elevenlabs.js
publish	Verify installed tarballs	2026-09-12T18:10:42.2245784Z npm notice 6.0kB dist/safe-bash/commands/llm/elevenlabs.js.map
publish	Verify installed tarballs	2026-09-12T18:10:42.2246090Z npm notice 532B dist/safe-bash/commands/llm/index.browser.js
publish	Verify installed tarballs	2026-09-12T18:10:42.2246402Z npm notice 93B dist/safe-bash/commands/llm/index.browser.js.map
publish	Verify installed tarballs	2026-09-12T18:10:42.2246706Z npm notice 463B dist/safe-bash/commands/llm/index.d.ts
publish	Verify installed tarballs	2026-09-12T18:10:42.2246991Z npm notice 444B dist/safe-bash/commands/llm/index.d.ts.map
publish	Verify installed tarballs	2026-09-12T18:10:42.2247273Z npm notice 208B dist/safe-bash/commands/llm/index.js
publish	Verify installed tarballs	2026-09-12T18:10:42.2247561Z npm notice 262B dist/safe-bash/commands/llm/index.js.map
publish	Verify installed tarballs	2026-09-12T18:10:42.2247838Z npm notice 208B dist/safe-bash/commands/llm/mime.d.ts
publish	Verify installed tarballs	2026-09-12T18:10:42.2248121Z npm notice 278B dist/safe-bash/commands/llm/mime.d.ts.map
publish	Verify installed tarballs	2026-09-12T18:10:42.2248399Z npm notice 6.2kB dist/safe-bash/commands/llm/mime.js
publish	Verify installed tarballs	2026-09-12T18:10:42.2248688Z npm notice 7.7kB dist/safe-bash/commands/llm/mime.js.map
publish	Verify installed tarballs	2026-09-12T18:10:42.2248987Z npm notice 842B dist/safe-bash/commands/llm/openai-http.d.ts
publish	Verify installed tarballs	2026-09-12T18:10:42.2249427Z npm notice 845B dist/safe-bash/commands/llm/openai-http.d.ts.map
publish	Verify installed tarballs	2026-09-12T18:10:42.2249755Z npm notice 5.4kB dist/safe-bash/commands/llm/openai-http.js
publish	Verify installed tarballs	2026-09-12T18:10:42.2250069Z npm notice 6.2kB dist/safe-bash/commands/llm/openai-http.js.map
publish	Verify installed tarballs	2026-09-12T18:10:42.2250375Z npm notice 240B dist/safe-bash/commands/llm/openai-sse.d.ts
publish	Verify installed tarballs	2026-09-12T18:10:42.2250692Z npm notice 301B dist/safe-bash/commands/llm/openai-sse.d.ts.map
publish	Verify installed tarballs	2026-09-12T18:10:42.2251122Z npm notice 2.9kB dist/safe-bash/commands/llm/openai-sse.js
publish	Verify installed tarballs	2026-09-12T18:10:42.2251447Z npm notice 3.0kB dist/safe-bash/commands/llm/openai-sse.js.map
publish	Verify installed tarballs	2026-09-12T18:10:42.2251750Z npm notice 646B dist/safe-bash/commands/llm/openai.d.ts
publish	Verify installed tarballs	2026-09-12T18:10:42.2252040Z npm notice 675B dist/safe-bash/commands/llm/openai.d.ts.map
publish	Verify installed tarballs	2026-09-12T18:10:42.2252330Z npm notice 12.4kB dist/safe-bash/commands/llm/openai.js
publish	Verify installed tarballs	2026-09-12T18:10:42.2252626Z npm notice 12.5kB dist/safe-bash/commands/llm/openai.js.map
publish	Verify installed tarballs	2026-09-12T18:10:42.2252958Z npm notice 155B dist/safe-bash/commands/llm/providers/elevenlabs.d.ts
publish	Verify installed tarballs	2026-09-12T18:10:42.2253312Z npm notice 221B dist/safe-bash/commands/llm/providers/elevenlabs.d.ts.map
publish	Verify installed tarballs	2026-09-12T18:10:42.2253664Z npm notice 99B dist/safe-bash/commands/llm/providers/elevenlabs.js
publish	Verify installed tarballs	2026-09-12T18:10:42.2254008Z npm notice 188B dist/safe-bash/commands/llm/providers/elevenlabs.js.map
publish	Verify installed tarballs	2026-09-12T18:10:42.2254355Z npm notice 297B dist/safe-bash/commands/llm/providers/index.browser.js
publish	Verify installed tarballs	2026-09-12T18:10:42.2254715Z npm notice 93B dist/safe-bash/commands/llm/providers/index.browser.js.map
publish	Verify installed tarballs	2026-09-12T18:10:42.2255056Z npm notice 301B dist/safe-bash/commands/llm/providers/index.d.ts
publish	Verify installed tarballs	2026-09-12T18:10:42.2255388Z npm notice 329B dist/safe-bash/commands/llm/providers/index.d.ts.map
publish	Verify installed tarballs	2026-09-12T18:10:42.2255716Z npm notice 145B dist/safe-bash/commands/llm/providers/index.js
publish	Verify installed tarballs	2026-09-12T18:10:42.2256035Z npm notice 222B dist/safe-bash/commands/llm/providers/index.js.map
publish	Verify installed tarballs	2026-09-12T18:10:42.2256416Z npm notice 135B dist/safe-bash/commands/llm/providers/openai.d.ts
publish	Verify installed tarballs	2026-09-12T18:10:42.2256758Z npm notice 211B dist/safe-bash/commands/llm/providers/openai.d.ts.map
publish	Verify installed tarballs	2026-09-12T18:10:42.2257086Z npm notice 87B dist/safe-bash/commands/llm/providers/openai.js
publish	Verify installed tarballs	2026-09-12T18:10:42.2257411Z npm notice 178B dist/safe-bash/commands/llm/providers/openai.js.map
publish	Verify installed tarballs	2026-09-12T18:10:42.2257745Z npm notice 871B dist/safe-bash/commands/llm/providers/shared.d.ts
publish	Verify installed tarballs	2026-09-12T18:10:42.2258082Z npm notice 945B dist/safe-bash/commands/llm/providers/shared.d.ts.map
publish	Verify installed tarballs	2026-09-12T18:10:42.2258410Z npm notice 3.7kB dist/safe-bash/commands/llm/providers/shared.js
publish	Verify installed tarballs	2026-09-12T18:10:42.2258741Z npm notice 4.2kB dist/safe-bash/commands/llm/providers/shared.js.map
publish	Verify installed tarballs	2026-09-12T18:10:42.2259105Z npm notice 799B dist/safe-bash/commands/llm/types.d.ts
publish	Verify installed tarballs	2026-09-12T18:10:42.2259468Z npm notice 947B dist/safe-bash/commands/llm/types.d.ts.map
publish	Verify installed tarballs	2026-09-12T18:10:42.2259756Z npm notice 44B dist/safe-bash/commands/llm/types.js
publish	Verify installed tarballs	2026-09-12T18:10:42.2260057Z npm notice 121B dist/safe-bash/commands/llm/types.js.map
publish	Verify installed tarballs	2026-09-12T18:10:42.2260353Z npm notice 238B dist/safe-bash/commands/metadata/chmod.d.ts
publish	Verify installed tarballs	2026-09-12T18:10:42.2260661Z npm notice 226B dist/safe-bash/commands/metadata/chmod.d.ts.map
publish	Verify installed tarballs	2026-09-12T18:10:42.2260974Z npm notice 8.1kB dist/safe-bash/commands/metadata/chmod.js
publish	Verify installed tarballs	2026-09-12T18:10:42.2261275Z npm notice 9.0kB dist/safe-bash/commands/metadata/chmod.js.map
publish	Verify installed tarballs	2026-09-12T18:10:42.2261578Z npm notice 472B dist/safe-bash/commands/metadata/index.d.ts
publish	Verify installed tarballs	2026-09-12T18:10:42.2261893Z npm notice 418B dist/safe-bash/commands/metadata/index.d.ts.map
publish	Verify installed tarballs	2026-09-12T18:10:42.2262194Z npm notice 1.0kB dist/safe-bash/commands/metadata/index.js
publish	Verify installed tarballs	2026-09-12T18:10:42.2262491Z npm notice 1.0kB dist/safe-bash/commands/metadata/index.js.map
publish	Verify installed tarballs	2026-09-12T18:10:42.2262805Z npm notice 1.1kB dist/safe-bash/commands/metadata/internal.d.ts
publish	Verify installed tarballs	2026-09-12T18:10:42.2263127Z npm notice 1.1kB dist/safe-bash/commands/metadata/internal.d.ts.map
publish	Verify installed tarballs	2026-09-12T18:10:42.2263439Z npm notice 3.0kB dist/safe-bash/commands/metadata/internal.js
publish	Verify installed tarballs	2026-09-12T18:10:42.2263822Z npm notice 3.6kB dist/safe-bash/commands/metadata/internal.js.map
publish	Verify installed tarballs	2026-09-12T18:10:42.2264127Z npm notice 240B dist/safe-bash/commands/metadata/mktemp.d.ts
publish	Verify installed tarballs	2026-09-12T18:10:42.2264436Z npm notice 228B dist/safe-bash/commands/metadata/mktemp.d.ts.map
publish	Verify installed tarballs	2026-09-12T18:10:42.2264750Z npm notice 7.0kB dist/safe-bash/commands/metadata/mktemp.js
publish	Verify installed tarballs	2026-09-12T18:10:42.2265061Z npm notice 6.7kB dist/safe-bash/commands/metadata/mktemp.js.map
publish	Verify installed tarballs	2026-09-12T18:10:42.2265367Z npm notice 236B dist/safe-bash/commands/metadata/stat.d.ts
publish	Verify installed tarballs	2026-09-12T18:10:42.2265680Z npm notice 224B dist/safe-bash/commands/metadata/stat.d.ts.map
publish	Verify installed tarballs	2026-09-12T18:10:42.2265983Z npm notice 13.9kB dist/safe-bash/commands/metadata/stat.js
publish	Verify installed tarballs	2026-09-12T18:10:42.2266286Z npm notice 16.4kB dist/safe-bash/commands/metadata/stat.js.map
publish	Verify installed tarballs	2026-09-12T18:10:42.2266578Z npm notice 436B dist/safe-bash/commands/move.d.ts
publish	Verify installed tarballs	2026-09-12T18:10:42.2266851Z npm notice 482B dist/safe-bash/commands/move.d.ts.map
publish	Verify installed tarballs	2026-09-12T18:10:42.2267122Z npm notice 9.7kB dist/safe-bash/commands/move.js
publish	Verify installed tarballs	2026-09-12T18:10:42.2267387Z npm notice 10.5kB dist/safe-bash/commands/move.js.map
publish	Verify installed tarballs	2026-09-12T18:10:42.2267687Z npm notice 431B dist/safe-bash/commands/network/aggregate.d.ts
publish	Verify installed tarballs	2026-09-12T18:10:42.2268010Z npm notice 459B dist/safe-bash/commands/network/aggregate.d.ts.map
publish	Verify installed tarballs	2026-09-12T18:10:42.2268330Z npm notice 1.1kB dist/safe-bash/commands/network/aggregate.js
publish	Verify installed tarballs	2026-09-12T18:10:42.2268659Z npm notice 1.3kB dist/safe-bash/commands/network/aggregate.js.map
publish	Verify installed tarballs	2026-09-12T18:10:42.2268972Z npm notice 1.1kB dist/safe-bash/commands/network/args.d.ts
publish	Verify installed tarballs	2026-09-12T18:10:42.2269356Z npm notice 1.3kB dist/safe-bash/commands/network/args.d.ts.map
publish	Verify installed tarballs	2026-09-12T18:10:42.2269668Z npm notice 9.6kB dist/safe-bash/commands/network/args.js
publish	Verify installed tarballs	2026-09-12T18:10:42.2269962Z npm notice 9.6kB dist/safe-bash/commands/network/args.js.map
publish	Verify installed tarballs	2026-09-12T18:10:42.2270272Z npm notice 368B dist/safe-bash/commands/network/authorizer.d.ts
publish	Verify installed tarballs	2026-09-12T18:10:42.2270610Z npm notice 392B dist/safe-bash/commands/network/authorizer.d.ts.map
publish	Verify installed tarballs	2026-09-12T18:10:42.2270991Z npm notice 1.5kB dist/safe-bash/commands/network/authorizer.js
publish	Verify installed tarballs	2026-09-12T18:10:42.2271316Z npm notice 1.6kB dist/safe-bash/commands/network/authorizer.js.map
publish	Verify installed tarballs	2026-09-12T18:10:42.2271639Z npm notice 568B dist/safe-bash/commands/network/body.d.ts
publish	Verify installed tarballs	2026-09-12T18:10:42.2271944Z npm notice 607B dist/safe-bash/commands/network/body.d.ts.map
publish	Verify installed tarballs	2026-09-12T18:10:42.2272245Z npm notice 8.3kB dist/safe-bash/commands/network/body.js
publish	Verify installed tarballs	2026-09-12T18:10:42.2272559Z npm notice 8.9kB dist/safe-bash/commands/network/body.js.map
publish	Verify installed tarballs	2026-09-12T18:10:42.2272863Z npm notice 726B dist/safe-bash/commands/network/curl.d.ts
publish	Verify installed tarballs	2026-09-12T18:10:42.2273165Z npm notice 707B dist/safe-bash/commands/network/curl.d.ts.map
publish	Verify installed tarballs	2026-09-12T18:10:42.2273469Z npm notice 23.8kB dist/safe-bash/commands/network/curl.js
publish	Verify installed tarballs	2026-09-12T18:10:42.2273769Z npm notice 23.3kB dist/safe-bash/commands/network/curl.js.map
publish	Verify installed tarballs	2026-09-12T18:10:42.2274101Z npm notice 277B dist/safe-bash/commands/network/fetch-transport.d.ts
publish	Verify installed tarballs	2026-09-12T18:10:42.2274473Z npm notice 335B dist/safe-bash/commands/network/fetch-transport.d.ts.map
publish	Verify installed tarballs	2026-09-12T18:10:42.2274827Z npm notice 3.1kB dist/safe-bash/commands/network/fetch-transport.js
publish	Verify installed tarballs	2026-09-12T18:10:42.2275187Z npm notice 3.0kB dist/safe-bash/commands/network/fetch-transport.js.map
publish	Verify installed tarballs	2026-09-12T18:10:42.2275524Z npm notice 836B dist/safe-bash/commands/network/index.browser.js
publish	Verify installed tarballs	2026-09-12T18:10:42.2275837Z npm notice 93B dist/safe-bash/commands/network/index.browser.js.map
publish	Verify installed tarballs	2026-09-12T18:10:42.2276139Z npm notice 153B dist/safe-bash/commands/network/index.d.ts
publish	Verify installed tarballs	2026-09-12T18:10:42.2276449Z npm notice 208B dist/safe-bash/commands/network/index.d.ts.map
publish	Verify installed tarballs	2026-09-12T18:10:42.2276746Z npm notice 120B dist/safe-bash/commands/network/index.js
publish	Verify installed tarballs	2026-09-12T18:10:42.2277037Z npm notice 190B dist/safe-bash/commands/network/index.js.map
publish	Verify installed tarballs	2026-09-12T18:10:42.2277338Z npm notice 662B dist/safe-bash/commands/network/output.d.ts
publish	Verify installed tarballs	2026-09-12T18:10:42.2277653Z npm notice 712B dist/safe-bash/commands/network/output.d.ts.map
publish	Verify installed tarballs	2026-09-12T18:10:42.2278012Z npm notice 4.3kB dist/safe-bash/commands/network/output.js
publish	Verify installed tarballs	2026-09-12T18:10:42.2278316Z npm notice 4.6kB dist/safe-bash/commands/network/output.js.map
publish	Verify installed tarballs	2026-09-12T18:10:42.2278631Z npm notice 238B dist/safe-bash/commands/network/platform.d.ts
publish	Verify installed tarballs	2026-09-12T18:10:42.2278949Z npm notice 284B dist/safe-bash/commands/network/platform.d.ts.map
publish	Verify installed tarballs	2026-09-12T18:10:42.2279392Z npm notice 236B dist/safe-bash/commands/network/platform.js
publish	Verify installed tarballs	2026-09-12T18:10:42.2279720Z npm notice 282B dist/safe-bash/commands/network/platform.js.map
publish	Verify installed tarballs	2026-09-12T18:10:42.2280052Z npm notice 110B dist/safe-bash/commands/network/private-address.d.ts
publish	Verify installed tarballs	2026-09-12T18:10:42.2280402Z npm notice 200B dist/safe-bash/commands/network/private-address.d.ts.map
publish	Verify installed tarballs	2026-09-12T18:10:42.2280753Z npm notice 2.6kB dist/safe-bash/commands/network/private-address.js
publish	Verify installed tarballs	2026-09-12T18:10:42.2281095Z npm notice 3.5kB dist/safe-bash/commands/network/private-address.js.map
publish	Verify installed tarballs	2026-09-12T18:10:42.2281419Z npm notice 836B dist/safe-bash/commands/network/public.d.ts
publish	Verify installed tarballs	2026-09-12T18:10:42.2281740Z npm notice 677B dist/safe-bash/commands/network/public.d.ts.map
publish	Verify installed tarballs	2026-09-12T18:10:42.2282044Z npm notice 1.2kB dist/safe-bash/commands/network/public.js
publish	Verify installed tarballs	2026-09-12T18:10:42.2282347Z npm notice 1.1kB dist/safe-bash/commands/network/public.js.map
publish	Verify installed tarballs	2026-09-12T18:10:42.2282656Z npm notice 784B dist/safe-bash/commands/network/shared.d.ts
publish	Verify installed tarballs	2026-09-12T18:10:42.2282969Z npm notice 808B dist/safe-bash/commands/network/shared.d.ts.map
publish	Verify installed tarballs	2026-09-12T18:10:42.2283279Z npm notice 2.4kB dist/safe-bash/commands/network/shared.js
publish	Verify installed tarballs	2026-09-12T18:10:42.2283597Z npm notice 2.9kB dist/safe-bash/commands/network/shared.js.map
publish	Verify installed tarballs	2026-09-12T18:10:42.2283911Z npm notice 477B dist/safe-bash/commands/network/transport.d.ts
publish	Verify installed tarballs	2026-09-12T18:10:42.2284234Z npm notice 559B dist/safe-bash/commands/network/transport.d.ts.map
publish	Verify installed tarballs	2026-09-12T18:10:42.2284563Z npm notice 6.5kB dist/safe-bash/commands/network/transport.js
publish	Verify installed tarballs	2026-09-12T18:10:42.2284885Z npm notice 6.6kB dist/safe-bash/commands/network/transport.js.map
publish	Verify installed tarballs	2026-09-12T18:10:42.2285292Z npm notice 2.3kB dist/safe-bash/commands/network/types.d.ts
publish	Verify installed tarballs	2026-09-12T18:10:42.2285617Z npm notice 2.2kB dist/safe-bash/commands/network/types.d.ts.map
publish	Verify installed tarballs	2026-09-12T18:10:42.2285920Z npm notice 847B dist/safe-bash/commands/network/types.js
publish	Verify installed tarballs	2026-09-12T18:10:42.2286220Z npm notice 941B dist/safe-bash/commands/network/types.js.map
publish	Verify installed tarballs	2026-09-12T18:10:42.2286531Z npm notice 254B dist/safe-bash/commands/network/wget.d.ts
publish	Verify installed tarballs	2026-09-12T18:10:42.2286840Z npm notice 284B dist/safe-bash/commands/network/wget.d.ts.map
publish	Verify installed tarballs	2026-09-12T18:10:42.2287132Z npm notice 7.3kB dist/safe-bash/commands/network/wget.js
publish	Verify installed tarballs	2026-09-12T18:10:42.2287422Z npm notice 7.2kB dist/safe-bash/commands/network/wget.js.map
publish	Verify installed tarballs	2026-09-12T18:10:42.2287724Z npm notice 315B dist/safe-bash/commands/node/admission.d.ts
publish	Verify installed tarballs	2026-09-12T18:10:42.2288028Z npm notice 417B dist/safe-bash/commands/node/admission.d.ts.map
publish	Verify installed tarballs	2026-09-12T18:10:42.2288334Z npm notice 21.4kB dist/safe-bash/commands/node/admission.js
publish	Verify installed tarballs	2026-09-12T18:10:42.2288651Z npm notice 22.7kB dist/safe-bash/commands/node/admission.js.map
publish	Verify installed tarballs	2026-09-12T18:10:42.2288954Z npm notice 1.1kB dist/safe-bash/commands/node/channel.d.ts
publish	Verify installed tarballs	2026-09-12T18:10:42.2289334Z npm notice 1.1kB dist/safe-bash/commands/node/channel.d.ts.map
publish	Verify installed tarballs	2026-09-12T18:10:42.2289645Z npm notice 3.6kB dist/safe-bash/commands/node/channel.js
publish	Verify installed tarballs	2026-09-12T18:10:42.2289939Z npm notice 4.4kB dist/safe-bash/commands/node/channel.js.map
publish	Verify installed tarballs	2026-09-12T18:10:42.2290220Z npm notice 351B dist/safe-bash/commands/node/cli.d.ts
publish	Verify installed tarballs	2026-09-12T18:10:42.2290509Z npm notice 436B dist/safe-bash/commands/node/cli.d.ts.map
publish	Verify installed tarballs	2026-09-12T18:10:42.2290790Z npm notice 2.9kB dist/safe-bash/commands/node/cli.js
publish	Verify installed tarballs	2026-09-12T18:10:42.2291072Z npm notice 3.1kB dist/safe-bash/commands/node/cli.js.map
publish	Verify installed tarballs	2026-09-12T18:10:42.2291377Z npm notice 498B dist/safe-bash/commands/node/diagnostics.d.ts
publish	Verify installed tarballs	2026-09-12T18:10:42.2291701Z npm notice 504B dist/safe-bash/commands/node/diagnostics.d.ts.map
publish	Verify installed tarballs	2026-09-12T18:10:42.2292018Z npm notice 2.0kB dist/safe-bash/commands/node/diagnostics.js
publish	Verify installed tarballs	2026-09-12T18:10:42.2292395Z npm notice 2.1kB dist/safe-bash/commands/node/diagnostics.js.map
publish	Verify installed tarballs	2026-09-12T18:10:42.2292700Z npm notice 1.4kB dist/safe-bash/commands/node/host.d.ts
publish	Verify installed tarballs	2026-09-12T18:10:42.2292991Z npm notice 1.5kB dist/safe-bash/commands/node/host.d.ts.map
publish	Verify installed tarballs	2026-09-12T18:10:42.2293284Z npm notice 19.1kB dist/safe-bash/commands/node/host.js
publish	Verify installed tarballs	2026-09-12T18:10:42.2293566Z npm notice 20.2kB dist/safe-bash/commands/node/host.js.map
publish	Verify installed tarballs	2026-09-12T18:10:42.2293864Z npm notice 1.3kB dist/safe-bash/commands/node/index.d.ts
publish	Verify installed tarballs	2026-09-12T18:10:42.2294170Z npm notice 1.1kB dist/safe-bash/commands/node/index.d.ts.map
publish	Verify installed tarballs	2026-09-12T18:10:42.2294462Z npm notice 10.5kB dist/safe-bash/commands/node/index.js
publish	Verify installed tarballs	2026-09-12T18:10:42.2294748Z npm notice 9.6kB dist/safe-bash/commands/node/index.js.map
publish	Verify installed tarballs	2026-09-12T18:10:42.2295046Z npm notice 1.2kB dist/safe-bash/commands/node/lifecycle.d.ts
publish	Verify installed tarballs	2026-09-12T18:10:42.2295366Z npm notice 1.2kB dist/safe-bash/commands/node/lifecycle.d.ts.map
publish	Verify installed tarballs	2026-09-12T18:10:42.2295675Z npm notice 8.5kB dist/safe-bash/commands/node/lifecycle.js
publish	Verify installed tarballs	2026-09-12T18:10:42.2295976Z npm notice 9.1kB dist/safe-bash/commands/node/lifecycle.js.map
publish	Verify installed tarballs	2026-09-12T18:10:42.2296278Z npm notice 172B dist/safe-bash/commands/node/lower.d.ts
publish	Verify installed tarballs	2026-09-12T18:10:42.2296568Z npm notice 244B dist/safe-bash/commands/node/lower.d.ts.map
publish	Verify installed tarballs	2026-09-12T18:10:42.2296859Z npm notice 18.4kB dist/safe-bash/commands/node/lower.js
publish	Verify installed tarballs	2026-09-12T18:10:42.2297157Z npm notice 22.9kB dist/safe-bash/commands/node/lower.js.map
publish	Verify installed tarballs	2026-09-12T18:10:42.2297452Z npm notice 175B dist/safe-bash/commands/node/program.d.ts
publish	Verify installed tarballs	2026-09-12T18:10:42.2297753Z npm notice 249B dist/safe-bash/commands/node/program.d.ts.map
publish	Verify installed tarballs	2026-09-12T18:10:42.2298060Z npm notice 13.2kB dist/safe-bash/commands/node/program.js
publish	Verify installed tarballs	2026-09-12T18:10:42.2298360Z npm notice 1.1kB dist/safe-bash/commands/node/program.js.map
publish	Verify installed tarballs	2026-09-12T18:10:42.2298647Z npm notice 80B dist/safe-bash/commands/node/rules.d.ts
publish	Verify installed tarballs	2026-09-12T18:10:42.2298951Z npm notice 155B dist/safe-bash/commands/node/rules.d.ts.map
publish	Verify installed tarballs	2026-09-12T18:10:42.2299373Z npm notice 10.0kB dist/safe-bash/commands/node/rules.js
publish	Verify installed tarballs	2026-09-12T18:10:42.2299666Z npm notice 314B dist/safe-bash/commands/node/rules.js.map
publish	Verify installed tarballs	2026-09-12T18:10:42.2299970Z npm notice 284B dist/safe-bash/commands/node/safejs.d.ts
publish	Verify installed tarballs	2026-09-12T18:10:42.2300273Z npm notice 309B dist/safe-bash/commands/node/safejs.d.ts.map
publish	Verify installed tarballs	2026-09-12T18:10:42.2300573Z npm notice 4.3kB dist/safe-bash/commands/node/safejs.js
publish	Verify installed tarballs	2026-09-12T18:10:42.2300879Z npm notice 3.9kB dist/safe-bash/commands/node/safejs.js.map
publish	Verify installed tarballs	2026-09-12T18:10:42.2301182Z npm notice 5.0kB dist/safe-bash/commands/node/types.d.ts
publish	Verify installed tarballs	2026-09-12T18:10:42.2301484Z npm notice 4.7kB dist/safe-bash/commands/node/types.d.ts.map
publish	Verify installed tarballs	2026-09-12T18:10:42.2301785Z npm notice 1.0kB dist/safe-bash/commands/node/types.js
publish	Verify installed tarballs	2026-09-12T18:10:42.2302091Z npm notice 1.1kB dist/safe-bash/commands/node/types.js.map
publish	Verify installed tarballs	2026-09-12T18:10:42.2302390Z npm notice 762B dist/safe-bash/commands/node/values.d.ts
publish	Verify installed tarballs	2026-09-12T18:10:42.2302706Z npm notice 878B dist/safe-bash/commands/node/values.d.ts.map
publish	Verify installed tarballs	2026-09-12T18:10:42.2303014Z npm notice 5.8kB dist/safe-bash/commands/node/values.js
publish	Verify installed tarballs	2026-09-12T18:10:42.2303303Z npm notice 6.4kB dist/safe-bash/commands/node/values.js.map
publish	Verify installed tarballs	2026-09-12T18:10:42.2303607Z npm notice 52B dist/safe-bash/commands/node/worker-main.d.ts
publish	Verify installed tarballs	2026-09-12T18:10:42.2303938Z npm notice 136B dist/safe-bash/commands/node/worker-main.d.ts.map
publish	Verify installed tarballs	2026-09-12T18:10:42.2304256Z npm notice 8.7kB dist/safe-bash/commands/node/worker-main.js
publish	Verify installed tarballs	2026-09-12T18:10:42.2304568Z npm notice 9.8kB dist/safe-bash/commands/node/worker-main.js.map
publish	Verify installed tarballs	2026-09-12T18:10:42.2304898Z npm notice 275B dist/safe-bash/commands/node/worker-provider.d.ts
publish	Verify installed tarballs	2026-09-12T18:10:42.2305240Z npm notice 304B dist/safe-bash/commands/node/worker-provider.d.ts.map
publish	Verify installed tarballs	2026-09-12T18:10:42.2305574Z npm notice 18.3kB dist/safe-bash/commands/node/worker-provider.js
publish	Verify installed tarballs	2026-09-12T18:10:42.2305914Z npm notice 20.3kB dist/safe-bash/commands/node/worker-provider.js.map
publish	Verify installed tarballs	2026-09-12T18:10:42.2306251Z npm notice 1.3kB dist/safe-bash/commands/node/worker-types.d.ts
publish	Verify installed tarballs	2026-09-12T18:10:42.2306634Z npm notice 1.4kB dist/safe-bash/commands/node/worker-types.d.ts.map
publish	Verify installed tarballs	2026-09-12T18:10:42.2306960Z npm notice 99B dist/safe-bash/commands/node/worker-types.js
publish	Verify installed tarballs	2026-09-12T18:10:42.2307271Z npm notice 177B dist/safe-bash/commands/node/worker-types.js.map
publish	Verify installed tarballs	2026-09-12T18:10:42.2307557Z npm notice 160B dist/safe-bash/commands/numfmt.d.ts
publish	Verify installed tarballs	2026-09-12T18:10:42.2307838Z npm notice 206B dist/safe-bash/commands/numfmt.d.ts.map
publish	Verify installed tarballs	2026-09-12T18:10:42.2308112Z npm notice 65.0kB dist/safe-bash/commands/numfmt.js
publish	Verify installed tarballs	2026-09-12T18:10:42.2308389Z npm notice 65.6kB dist/safe-bash/commands/numfmt.js.map
publish	Verify installed tarballs	2026-09-12T18:10:42.2308690Z npm notice 109B dist/safe-bash/commands/portable-random.d.ts
publish	Verify installed tarballs	2026-09-12T18:10:42.2309007Z npm notice 188B dist/safe-bash/commands/portable-random.d.ts.map
publish	Verify installed tarballs	2026-09-12T18:10:42.2309381Z npm notice 513B dist/safe-bash/commands/portable-random.js
publish	Verify installed tarballs	2026-09-12T18:10:42.2309698Z npm notice 643B dist/safe-bash/commands/portable-random.js.map
publish	Verify installed tarballs	2026-09-12T18:10:42.2310025Z npm notice 472B dist/safe-bash/commands/portable-requirements.d.ts
publish	Verify installed tarballs	2026-09-12T18:10:42.2310380Z npm notice 395B dist/safe-bash/commands/portable-requirements.d.ts.map
publish	Verify installed tarballs	2026-09-12T18:10:42.2310728Z npm notice 1.0kB dist/safe-bash/commands/portable-requirements.js
publish	Verify installed tarballs	2026-09-12T18:10:42.2311082Z npm notice 1.1kB dist/safe-bash/commands/portable-requirements.js.map
publish	Verify installed tarballs	2026-09-12T18:10:42.2311402Z npm notice 249B dist/safe-bash/commands/pr/command.d.ts
publish	Verify installed tarballs	2026-09-12T18:10:42.2311696Z npm notice 282B dist/safe-bash/commands/pr/command.d.ts.map
publish	Verify installed tarballs	2026-09-12T18:10:42.2311992Z npm notice 6.5kB dist/safe-bash/commands/pr/command.js
publish	Verify installed tarballs	2026-09-12T18:10:42.2312279Z npm notice 5.9kB dist/safe-bash/commands/pr/command.js.map
publish	Verify installed tarballs	2026-09-12T18:10:42.2312564Z npm notice 1.3kB dist/safe-bash/commands/pr/format.d.ts
publish	Verify installed tarballs	2026-09-12T18:10:42.2312855Z npm notice 1.5kB dist/safe-bash/commands/pr/format.d.ts.map
publish	Verify installed tarballs	2026-09-12T18:10:42.2313138Z npm notice 20.2kB dist/safe-bash/commands/pr/format.js
publish	Verify installed tarballs	2026-09-12T18:10:42.2313419Z npm notice 22.2kB dist/safe-bash/commands/pr/format.js.map
publish	Verify installed tarballs	2026-09-12T18:10:42.2313814Z npm notice 372B dist/safe-bash/commands/pr/index.browser.js
publish	Verify installed tarballs	2026-09-12T18:10:42.2314128Z npm notice 93B dist/safe-bash/commands/pr/index.browser.js.map
publish	Verify installed tarballs	2026-09-12T18:10:42.2314426Z npm notice 478B dist/safe-bash/commands/pr/index.d.ts
publish	Verify installed tarballs	2026-09-12T18:10:42.2314725Z npm notice 451B dist/safe-bash/commands/pr/index.d.ts.map
publish	Verify installed tarballs	2026-09-12T18:10:42.2315002Z npm notice 505B dist/safe-bash/commands/pr/index.js
publish	Verify installed tarballs	2026-09-12T18:10:42.2315278Z npm notice 594B dist/safe-bash/commands/pr/index.js.map
publish	Verify installed tarballs	2026-09-12T18:10:42.2315576Z npm notice 2.2kB dist/safe-bash/commands/pr/internal.d.ts
publish	Verify installed tarballs	2026-09-12T18:10:42.2315881Z npm notice 2.2kB dist/safe-bash/commands/pr/internal.d.ts.map
publish	Verify installed tarballs	2026-09-12T18:10:42.2316172Z npm notice 6.8kB dist/safe-bash/commands/pr/internal.js
publish	Verify installed tarballs	2026-09-12T18:10:42.2316467Z npm notice 7.5kB dist/safe-bash/commands/pr/internal.js.map
publish	Verify installed tarballs	2026-09-12T18:10:42.2316751Z npm notice 1.2kB dist/safe-bash/commands/pr/io.d.ts
publish	Verify installed tarballs	2026-09-12T18:10:42.2317026Z npm notice 1.4kB dist/safe-bash/commands/pr/io.d.ts.map
publish	Verify installed tarballs	2026-09-12T18:10:42.2317306Z npm notice 9.6kB dist/safe-bash/commands/pr/io.js
publish	Verify installed tarballs	2026-09-12T18:10:42.2317575Z npm notice 9.8kB dist/safe-bash/commands/pr/io.js.map
publish	Verify installed tarballs	2026-09-12T18:10:42.2317851Z npm notice 927B dist/safe-bash/commands/pr/options.d.ts
publish	Verify installed tarballs	2026-09-12T18:10:42.2318142Z npm notice 1.1kB dist/safe-bash/commands/pr/options.d.ts.map
publish	Verify installed tarballs	2026-09-12T18:10:42.2318440Z npm notice 11.3kB dist/safe-bash/commands/pr/options.js
publish	Verify installed tarballs	2026-09-12T18:10:42.2318729Z npm notice 10.3kB dist/safe-bash/commands/pr/options.js.map
publish	Verify installed tarballs	2026-09-12T18:10:42.2319018Z npm notice 170B dist/safe-bash/commands/predicates.d.ts
publish	Verify installed tarballs	2026-09-12T18:10:42.2319458Z npm notice 221B dist/safe-bash/commands/predicates.d.ts.map
publish	Verify installed tarballs	2026-09-12T18:10:42.2319777Z npm notice 8.4kB dist/safe-bash/commands/predicates.js
publish	Verify installed tarballs	2026-09-12T18:10:42.2320071Z npm notice 7.8kB dist/safe-bash/commands/predicates.js.map
publish	Verify installed tarballs	2026-09-12T18:10:42.2320379Z npm notice 451B dist/safe-bash/commands/record-buffer.d.ts
publish	Verify installed tarballs	2026-09-12T18:10:42.2320692Z npm notice 497B dist/safe-bash/commands/record-buffer.d.ts.map
publish	Verify installed tarballs	2026-09-12T18:10:42.2321058Z npm notice 2.2kB dist/safe-bash/commands/record-buffer.js
publish	Verify installed tarballs	2026-09-12T18:10:42.2321367Z npm notice 2.6kB dist/safe-bash/commands/record-buffer.js.map
publish	Verify installed tarballs	2026-09-12T18:10:42.2321690Z npm notice 172B dist/safe-bash/commands/regex-execution/ascii.d.ts
publish	Verify installed tarballs	2026-09-12T18:10:42.2322033Z npm notice 200B dist/safe-bash/commands/regex-execution/ascii.d.ts.map
publish	Verify installed tarballs	2026-09-12T18:10:42.2322385Z npm notice 205B dist/safe-bash/commands/regex-execution/ascii.js
publish	Verify installed tarballs	2026-09-12T18:10:42.2322718Z npm notice 287B dist/safe-bash/commands/regex-execution/ascii.js.map
publish	Verify installed tarballs	2026-09-12T18:10:42.2323091Z npm notice 789B dist/safe-bash/commands/regex-execution/bounded-provider.d.ts
publish	Verify installed tarballs	2026-09-12T18:10:42.2323496Z npm notice 762B dist/safe-bash/commands/regex-execution/bounded-provider.d.ts.map
publish	Verify installed tarballs	2026-09-12T18:10:42.2323888Z npm notice 29.5kB dist/safe-bash/commands/regex-execution/bounded-provider.js
publish	Verify installed tarballs	2026-09-12T18:10:42.2324273Z npm notice 31.5kB dist/safe-bash/commands/regex-execution/bounded-provider.js.map
publish	Verify installed tarballs	2026-09-12T18:10:42.2324650Z npm notice 582B dist/safe-bash/commands/regex-execution/client.d.ts
publish	Verify installed tarballs	2026-09-12T18:10:42.2324995Z npm notice 505B dist/safe-bash/commands/regex-execution/client.d.ts.map
publish	Verify installed tarballs	2026-09-12T18:10:42.2325329Z npm notice 917B dist/safe-bash/commands/regex-execution/client.js
publish	Verify installed tarballs	2026-09-12T18:10:42.2325665Z npm notice 840B dist/safe-bash/commands/regex-execution/client.js.map
publish	Verify installed tarballs	2026-09-12T18:10:42.2326003Z npm notice 727B dist/safe-bash/commands/regex-execution/ere/errors.d.ts
publish	Verify installed tarballs	2026-09-12T18:10:42.2326358Z npm notice 692B dist/safe-bash/commands/regex-execution/ere/errors.d.ts.map
publish	Verify installed tarballs	2026-09-12T18:10:42.2326715Z npm notice 1.1kB dist/safe-bash/commands/regex-execution/ere/errors.js
publish	Verify installed tarballs	2026-09-12T18:10:42.2327071Z npm notice 1.0kB dist/safe-bash/commands/regex-execution/ere/errors.js.map
publish	Verify installed tarballs	2026-09-12T18:10:42.2327425Z npm notice 707B dist/safe-bash/commands/regex-execution/ere/limits.d.ts
publish	Verify installed tarballs	2026-09-12T18:10:42.2327796Z npm notice 758B dist/safe-bash/commands/regex-execution/ere/limits.d.ts.map
publish	Verify installed tarballs	2026-09-12T18:10:42.2328208Z npm notice 3.3kB dist/safe-bash/commands/regex-execution/ere/limits.js
publish	Verify installed tarballs	2026-09-12T18:10:42.2328563Z npm notice 3.7kB dist/safe-bash/commands/regex-execution/ere/limits.js.map
publish	Verify installed tarballs	2026-09-12T18:10:42.2328930Z npm notice 824B dist/safe-bash/commands/regex-execution/ere/matcher.d.ts
publish	Verify installed tarballs	2026-09-12T18:10:42.2329379Z npm notice 788B dist/safe-bash/commands/regex-execution/ere/matcher.d.ts.map
publish	Verify installed tarballs	2026-09-12T18:10:42.2329752Z npm notice 14.5kB dist/safe-bash/commands/regex-execution/ere/matcher.js
publish	Verify installed tarballs	2026-09-12T18:10:42.2330124Z npm notice 16.4kB dist/safe-bash/commands/regex-execution/ere/matcher.js.map
publish	Verify installed tarballs	2026-09-12T18:10:42.2330489Z npm notice 509B dist/safe-bash/commands/regex-execution/ere/syntax.d.ts
publish	Verify installed tarballs	2026-09-12T18:10:42.2330855Z npm notice 590B dist/safe-bash/commands/regex-execution/ere/syntax.d.ts.map
publish	Verify installed tarballs	2026-09-12T18:10:42.2331227Z npm notice 15.0kB dist/safe-bash/commands/regex-execution/ere/syntax.js
publish	Verify installed tarballs	2026-09-12T18:10:42.2331585Z npm notice 17.2kB dist/safe-bash/commands/regex-execution/ere/syntax.js.map
publish	Verify installed tarballs	2026-09-12T18:10:42.2331990Z npm notice 2.0kB dist/safe-bash/commands/regex-execution/ere/transport/accounting.d.ts
publish	Verify installed tarballs	2026-09-12T18:10:42.2332478Z npm notice 1.8kB dist/safe-bash/commands/regex-execution/ere/transport/accounting.d.ts.map
publish	Verify installed tarballs	2026-09-12T18:10:42.2332912Z npm notice 7.0kB dist/safe-bash/commands/regex-execution/ere/transport/accounting.js
publish	Verify installed tarballs	2026-09-12T18:10:42.2333332Z npm notice 7.7kB dist/safe-bash/commands/regex-execution/ere/transport/accounting.js.map
publish	Verify installed tarballs	2026-09-12T18:10:42.2333750Z npm notice 693B dist/safe-bash/commands/regex-execution/ere/transport/owner.d.ts
publish	Verify installed tarballs	2026-09-12T18:10:42.2334150Z npm notice 721B dist/safe-bash/commands/regex-execution/ere/transport/owner.d.ts.map
publish	Verify installed tarballs	2026-09-12T18:10:42.2334545Z npm notice 9.9kB dist/safe-bash/commands/regex-execution/ere/transport/owner.js
publish	Verify installed tarballs	2026-09-12T18:10:42.2334948Z npm notice 9.4kB dist/safe-bash/commands/regex-execution/ere/transport/owner.js.map
publish	Verify installed tarballs	2026-09-12T18:10:42.2335352Z npm notice 2.7kB dist/safe-bash/commands/regex-execution/ere/transport/protocol.d.ts
publish	Verify installed tarballs	2026-09-12T18:10:42.2335837Z npm notice 2.7kB dist/safe-bash/commands/regex-execution/ere/transport/protocol.d.ts.map
publish	Verify installed tarballs	2026-09-12T18:10:42.2336261Z npm notice 1.2kB dist/safe-bash/commands/regex-execution/ere/transport/protocol.js
publish	Verify installed tarballs	2026-09-12T18:10:42.2336669Z npm notice 1.2kB dist/safe-bash/commands/regex-execution/ere/transport/protocol.js.map
publish	Verify installed tarballs	2026-09-12T18:10:42.2337064Z npm notice 679B dist/safe-bash/commands/regex-execution/ere/transport/root.d.ts
publish	Verify installed tarballs	2026-09-12T18:10:42.2337461Z npm notice 648B dist/safe-bash/commands/regex-execution/ere/transport/root.d.ts.map
publish	Verify installed tarballs	2026-09-12T18:10:42.2337854Z npm notice 14.7kB dist/safe-bash/commands/regex-execution/ere/transport/root.js
publish	Verify installed tarballs	2026-09-12T18:10:42.2338247Z npm notice 14.7kB dist/safe-bash/commands/regex-execution/ere/transport/root.js.map
publish	Verify installed tarballs	2026-09-12T18:10:42.2338662Z npm notice 1.5kB dist/safe-bash/commands/regex-execution/ere/transport/validation.d.ts
publish	Verify installed tarballs	2026-09-12T18:10:42.2339150Z npm notice 1.5kB dist/safe-bash/commands/regex-execution/ere/transport/validation.d.ts.map
publish	Verify installed tarballs	2026-09-12T18:10:42.2339651Z npm notice 12.9kB dist/safe-bash/commands/regex-execution/ere/transport/validation.js
publish	Verify installed tarballs	2026-09-12T18:10:42.2340080Z npm notice 15.0kB dist/safe-bash/commands/regex-execution/ere/transport/validation.js.map
publish	Verify installed tarballs	2026-09-12T18:10:42.2340499Z npm notice 205B dist/safe-bash/commands/regex-execution/ere/transport/wire-engine.d.ts
publish	Verify installed tarballs	2026-09-12T18:10:42.2340926Z npm notice 302B dist/safe-bash/commands/regex-execution/ere/transport/wire-engine.d.ts.map
publish	Verify installed tarballs	2026-09-12T18:10:42.2341356Z npm notice 2.6kB dist/safe-bash/commands/regex-execution/ere/transport/wire-engine.js
publish	Verify installed tarballs	2026-09-12T18:10:42.2341777Z npm notice 2.8kB dist/safe-bash/commands/regex-execution/ere/transport/wire-engine.js.map
publish	Verify installed tarballs	2026-09-12T18:10:42.2342203Z npm notice 53B dist/safe-bash/commands/regex-execution/ere/transport/worker-entry.d.ts
publish	Verify installed tarballs	2026-09-12T18:10:42.2342644Z npm notice 169B dist/safe-bash/commands/regex-execution/ere/transport/worker-entry.d.ts.map
publish	Verify installed tarballs	2026-09-12T18:10:42.2343080Z npm notice 1.5kB dist/safe-bash/commands/regex-execution/ere/transport/worker-entry.js
publish	Verify installed tarballs	2026-09-12T18:10:42.2343565Z npm notice 1.9kB dist/safe-bash/commands/regex-execution/ere/transport/worker-entry.js.map
publish	Verify installed tarballs	2026-09-12T18:10:42.2343965Z npm notice 1.7kB dist/safe-bash/commands/regex-execution/ere/types.d.ts
publish	Verify installed tarballs	2026-09-12T18:10:42.2344324Z npm notice 2.0kB dist/safe-bash/commands/regex-execution/ere/types.d.ts.map
publish	Verify installed tarballs	2026-09-12T18:10:42.2344739Z npm notice 44B dist/safe-bash/commands/regex-execution/ere/types.js
publish	Verify installed tarballs	2026-09-12T18:10:42.2345187Z npm notice 140B dist/safe-bash/commands/regex-execution/ere/types.js.map
publish	Verify installed tarballs	2026-09-12T18:10:42.2345678Z npm notice 204B dist/safe-bash/commands/regex-execution/matching.d.ts
publish	Verify installed tarballs	2026-09-12T18:10:42.2346177Z npm notice 322B dist/safe-bash/commands/regex-execution/matching.d.ts.map
publish	Verify installed tarballs	2026-09-12T18:10:42.2346712Z npm notice 13.8kB dist/safe-bash/commands/regex-execution/matching.js
publish	Verify installed tarballs	2026-09-12T18:10:42.2347230Z npm notice 14.7kB dist/safe-bash/commands/regex-execution/matching.js.map
publish	Verify installed tarballs	2026-09-12T18:10:42.2347740Z npm notice 3.4kB dist/safe-bash/commands/regex-execution/portable.d.ts
publish	Verify installed tarballs	2026-09-12T18:10:42.2348290Z npm notice 3.5kB dist/safe-bash/commands/regex-execution/portable.d.ts.map
publish	Verify installed tarballs	2026-09-12T18:10:42.2348797Z npm notice 16.0kB dist/safe-bash/commands/regex-execution/portable.js
publish	Verify installed tarballs	2026-09-12T18:10:42.2349444Z npm notice 17.5kB dist/safe-bash/commands/regex-execution/portable.js.map
publish	Verify installed tarballs	2026-09-12T18:10:42.2350032Z npm notice 5.7kB dist/safe-bash/commands/regex-execution/protocol.d.ts
publish	Verify installed tarballs	2026-09-12T18:10:42.2350586Z npm notice 5.6kB dist/safe-bash/commands/regex-execution/protocol.d.ts.map
publish	Verify installed tarballs	2026-09-12T18:10:42.2351136Z npm notice 13.5kB dist/safe-bash/commands/regex-execution/protocol.js
publish	Verify installed tarballs	2026-09-12T18:10:42.2351690Z npm notice 14.9kB dist/safe-bash/commands/regex-execution/protocol.js.map
publish	Verify installed tarballs	2026-09-12T18:10:42.2352230Z npm notice 1.2kB dist/safe-bash/commands/regex-execution/provider.d.ts
publish	Verify installed tarballs	2026-09-12T18:10:42.2352797Z npm notice 1.4kB dist/safe-bash/commands/regex-execution/provider.d.ts.map
publish	Verify installed tarballs	2026-09-12T18:10:42.2353339Z npm notice 47B dist/safe-bash/commands/regex-execution/provider.js
publish	Verify installed tarballs	2026-09-12T18:10:42.2353990Z npm notice 139B dist/safe-bash/commands/regex-execution/provider.js.map
publish	Verify installed tarballs	2026-09-12T18:10:42.2354477Z npm notice 897B dist/safe-bash/commands/regex-execution/public.d.ts
publish	Verify installed tarballs	2026-09-12T18:10:42.2355030Z npm notice 806B dist/safe-bash/commands/regex-execution/public.d.ts.map
publish	Verify installed tarballs	2026-09-12T18:10:42.2355569Z npm notice 406B dist/safe-bash/commands/regex-execution/public.js
publish	Verify installed tarballs	2026-09-12T18:10:42.2356110Z npm notice 430B dist/safe-bash/commands/regex-execution/public.js.map
publish	Verify installed tarballs	2026-09-12T18:10:42.2356610Z npm notice 201B dist/safe-bash/commands/regex-execution/utf8.d.ts
publish	Verify installed tarballs	2026-09-12T18:10:42.2357135Z npm notice 299B dist/safe-bash/commands/regex-execution/utf8.d.ts.map
publish	Verify installed tarballs	2026-09-12T18:10:42.2357655Z npm notice 1.3kB dist/safe-bash/commands/regex-execution/utf8.js
publish	Verify installed tarballs	2026-09-12T18:10:42.2358176Z npm notice 1.6kB dist/safe-bash/commands/regex-execution/utf8.js.map
publish	Verify installed tarballs	2026-09-12T18:10:42.2358703Z npm notice 47B dist/safe-bash/commands/regex-execution/worker.d.ts
publish	Verify installed tarballs	2026-09-12T18:10:42.2359359Z npm notice 137B dist/safe-bash/commands/regex-execution/worker.d.ts.map
publish	Verify installed tarballs	2026-09-12T18:10:42.2359911Z npm notice 3.1kB dist/safe-bash/commands/regex-execution/worker.js
publish	Verify installed tarballs	2026-09-12T18:10:42.2360442Z npm notice 3.3kB dist/safe-bash/commands/regex-execution/worker.js.map
publish	Verify installed tarballs	2026-09-12T18:10:42.2360907Z npm notice 1.2kB dist/safe-bash/commands/safejs/index.d.ts
publish	Verify installed tarballs	2026-09-12T18:10:42.2361383Z npm notice 1.1kB dist/safe-bash/commands/safejs/index.d.ts.map
publish	Verify installed tarballs	2026-09-12T18:10:42.2361844Z npm notice 11.8kB dist/safe-bash/commands/safejs/index.js
publish	Verify installed tarballs	2026-09-12T18:10:42.2362314Z npm notice 10.6kB dist/safe-bash/commands/safejs/index.js.map
publish	Verify installed tarballs	2026-09-12T18:10:42.2362773Z npm notice 1.3kB dist/safe-bash/commands/safejs/io.d.ts
publish	Verify installed tarballs	2026-09-12T18:10:42.2363244Z npm notice 1.5kB dist/safe-bash/commands/safejs/io.d.ts.map
publish	Verify installed tarballs	2026-09-12T18:10:42.2363698Z npm notice 4.8kB dist/safe-bash/commands/safejs/io.js
publish	Verify installed tarballs	2026-09-12T18:10:42.2364122Z npm notice 5.4kB dist/safe-bash/commands/safejs/io.js.map
publish	Verify installed tarballs	2026-09-12T18:10:42.2364688Z npm notice 522B dist/safe-bash/commands/safejs/options.d.ts
publish	Verify installed tarballs	2026-09-12T18:10:42.2365125Z npm notice 584B dist/safe-bash/commands/safejs/options.d.ts.map
publish	Verify installed tarballs	2026-09-12T18:10:42.2365584Z npm notice 2.4kB dist/safe-bash/commands/safejs/options.js
publish	Verify installed tarballs	2026-09-12T18:10:42.2366022Z npm notice 2.8kB dist/safe-bash/commands/safejs/options.js.map
publish	Verify installed tarballs	2026-09-12T18:10:42.2366461Z npm notice 157B dist/safe-bash/commands/safejs/render.d.ts
publish	Verify installed tarballs	2026-09-12T18:10:42.2366896Z npm notice 256B dist/safe-bash/commands/safejs/render.d.ts.map
publish	Verify installed tarballs	2026-09-12T18:10:42.2367364Z npm notice 3.4kB dist/safe-bash/commands/safejs/render.js
publish	Verify installed tarballs	2026-09-12T18:10:42.2367805Z npm notice 3.6kB dist/safe-bash/commands/safejs/render.js.map
publish	Verify installed tarballs	2026-09-12T18:10:42.2368252Z npm notice 2.4kB dist/safe-bash/commands/safejs/types.d.ts
publish	Verify installed tarballs	2026-09-12T18:10:42.2368729Z npm notice 2.5kB dist/safe-bash/commands/safejs/types.d.ts.map
publish	Verify installed tarballs	2026-09-12T18:10:42.2369336Z npm notice 305B dist/safe-bash/commands/safejs/types.js
publish	Verify installed tarballs	2026-09-12T18:10:42.2369806Z npm notice 329B dist/safe-bash/commands/safejs/types.js.map
publish	Verify installed tarballs	2026-09-12T18:10:42.2370304Z npm notice 124B dist/safe-bash/commands/search/file-types.d.ts
publish	Verify installed tarballs	2026-09-12T18:10:42.2370783Z npm notice 224B dist/safe-bash/commands/search/file-types.d.ts.map
publish	Verify installed tarballs	2026-09-12T18:10:42.2371274Z npm notice 9.9kB dist/safe-bash/commands/search/file-types.js
publish	Verify installed tarballs	2026-09-12T18:10:42.2371777Z npm notice 11.1kB dist/safe-bash/commands/search/file-types.js.map
publish	Verify installed tarballs	2026-09-12T18:10:42.2372232Z npm notice 941B dist/safe-bash/commands/search/glob.d.ts
publish	Verify installed tarballs	2026-09-12T18:10:42.2372704Z npm notice 975B dist/safe-bash/commands/search/glob.d.ts.map
publish	Verify installed tarballs	2026-09-12T18:10:42.2373180Z npm notice 3.2kB dist/safe-bash/commands/search/glob.js
publish	Verify installed tarballs	2026-09-12T18:10:42.2373642Z npm notice 3.5kB dist/safe-bash/commands/search/glob.js.map
publish	Verify installed tarballs	2026-09-12T18:10:42.2374097Z npm notice 255B dist/safe-bash/commands/search/grep.d.ts
publish	Verify installed tarballs	2026-09-12T18:10:42.2374576Z npm notice 282B dist/safe-bash/commands/search/grep.d.ts.map
publish	Verify installed tarballs	2026-09-12T18:10:42.2375043Z npm notice 10.5kB dist/safe-bash/commands/search/grep.js
publish	Verify installed tarballs	2026-09-12T18:10:42.2375660Z npm notice 9.2kB dist/safe-bash/commands/search/grep.js.map
publish	Verify installed tarballs	2026-09-12T18:10:42.2376132Z npm notice 410B dist/safe-bash/commands/search/index.d.ts
publish	Verify installed tarballs	2026-09-12T18:10:42.2376616Z npm notice 398B dist/safe-bash/commands/search/index.d.ts.map
publish	Verify installed tarballs	2026-09-12T18:10:42.2377081Z npm notice 756B dist/safe-bash/commands/search/index.js
publish	Verify installed tarballs	2026-09-12T18:10:42.2377532Z npm notice 767B dist/safe-bash/commands/search/index.js.map
publish	Verify installed tarballs	2026-09-12T18:10:42.2378026Z npm notice 601B dist/safe-bash/commands/search/matcher.d.ts
publish	Verify installed tarballs	2026-09-12T18:10:42.2378526Z npm notice 656B dist/safe-bash/commands/search/matcher.d.ts.map
publish	Verify installed tarballs	2026-09-12T18:10:42.2379018Z npm notice 893B dist/safe-bash/commands/search/matcher.js
publish	Verify installed tarballs	2026-09-12T18:10:42.2379548Z npm notice 1.1kB dist/safe-bash/commands/search/matcher.js.map
publish	Verify installed tarballs	2026-09-12T18:10:42.2379876Z npm notice 1.9kB dist/safe-bash/commands/search/options.d.ts
publish	Verify installed tarballs	2026-09-12T18:10:42.2380196Z npm notice 2.0kB dist/safe-bash/commands/search/options.d.ts.map
publish	Verify installed tarballs	2026-09-12T18:10:42.2380528Z npm notice 12.4kB dist/safe-bash/commands/search/options.js
publish	Verify installed tarballs	2026-09-12T18:10:42.2380845Z npm notice 9.8kB dist/safe-bash/commands/search/options.js.map
publish	Verify installed tarballs	2026-09-12T18:10:42.2381151Z npm notice 1.2kB dist/safe-bash/commands/search/output.d.ts
publish	Verify installed tarballs	2026-09-12T18:10:42.2381477Z npm notice 1.3kB dist/safe-bash/commands/search/output.d.ts.map
publish	Verify installed tarballs	2026-09-12T18:10:42.2381881Z npm notice 3.7kB dist/safe-bash/commands/search/output.js
publish	Verify installed tarballs	2026-09-12T18:10:42.2382267Z npm notice 5.2kB dist/safe-bash/commands/search/output.js.map
publish	Verify installed tarballs	2026-09-12T18:10:42.2382587Z npm notice 764B dist/safe-bash/commands/search/portable.d.ts
publish	Verify installed tarballs	2026-09-12T18:10:42.2382901Z npm notice 730B dist/safe-bash/commands/search/portable.d.ts.map
publish	Verify installed tarballs	2026-09-12T18:10:42.2383217Z npm notice 1.0kB dist/safe-bash/commands/search/portable.js
publish	Verify installed tarballs	2026-09-12T18:10:42.2383532Z npm notice 1.0kB dist/safe-bash/commands/search/portable.js.map
publish	Verify installed tarballs	2026-09-12T18:10:42.2383853Z npm notice 875B dist/safe-bash/commands/search/requirements.d.ts
publish	Verify installed tarballs	2026-09-12T18:10:42.2384185Z npm notice 746B dist/safe-bash/commands/search/requirements.d.ts.map
publish	Verify installed tarballs	2026-09-12T18:10:42.2384629Z npm notice 3.9kB dist/safe-bash/commands/search/requirements.js
publish	Verify installed tarballs	2026-09-12T18:10:42.2384962Z npm notice 3.8kB dist/safe-bash/commands/search/requirements.js.map
publish	Verify installed tarballs	2026-09-12T18:10:42.2385295Z npm notice 332B dist/safe-bash/commands/search/rg-command.d.ts
publish	Verify installed tarballs	2026-09-12T18:10:42.2385640Z npm notice 356B dist/safe-bash/commands/search/rg-command.d.ts.map
publish	Verify installed tarballs	2026-09-12T18:10:42.2385967Z npm notice 12.7kB dist/safe-bash/commands/search/rg-command.js
publish	Verify installed tarballs	2026-09-12T18:10:42.2386293Z npm notice 13.1kB dist/safe-bash/commands/search/rg-command.js.map
publish	Verify installed tarballs	2026-09-12T18:10:42.2386606Z npm notice 229B dist/safe-bash/commands/search/rg.d.ts
publish	Verify installed tarballs	2026-09-12T18:10:42.2386917Z npm notice 271B dist/safe-bash/commands/search/rg.d.ts.map
publish	Verify installed tarballs	2026-09-12T18:10:42.2387198Z npm notice 468B dist/safe-bash/commands/search/rg.js
publish	Verify installed tarballs	2026-09-12T18:10:42.2387481Z npm notice 489B dist/safe-bash/commands/search/rg.js.map
publish	Verify installed tarballs	2026-09-12T18:10:42.2387780Z npm notice 1.5kB dist/safe-bash/commands/search/shared.d.ts
publish	Verify installed tarballs	2026-09-12T18:10:42.2388096Z npm notice 1.5kB dist/safe-bash/commands/search/shared.d.ts.map
publish	Verify installed tarballs	2026-09-12T18:10:42.2388401Z npm notice 4.9kB dist/safe-bash/commands/search/shared.js
publish	Verify installed tarballs	2026-09-12T18:10:42.2388707Z npm notice 5.5kB dist/safe-bash/commands/search/shared.js.map
publish	Verify installed tarballs	2026-09-12T18:10:42.2389003Z npm notice 1.1kB dist/safe-bash/commands/search/walk.d.ts
publish	Verify installed tarballs	2026-09-12T18:10:42.2389444Z npm notice 1.1kB dist/safe-bash/commands/search/walk.d.ts.map
publish	Verify installed tarballs	2026-09-12T18:10:42.2389762Z npm notice 11.8kB dist/safe-bash/commands/search/walk.js
publish	Verify installed tarballs	2026-09-12T18:10:42.2390062Z npm notice 12.6kB dist/safe-bash/commands/search/walk.js.map
publish	Verify installed tarballs	2026-09-12T18:10:42.2390346Z npm notice 156B dist/safe-bash/commands/shuf.d.ts
publish	Verify installed tarballs	2026-09-12T18:10:42.2390625Z npm notice 203B dist/safe-bash/commands/shuf.d.ts.map
publish	Verify installed tarballs	2026-09-12T18:10:42.2390890Z npm notice 43.9kB dist/safe-bash/commands/shuf.js
publish	Verify installed tarballs	2026-09-12T18:10:42.2391158Z npm notice 45.6kB dist/safe-bash/commands/shuf.js.map
publish	Verify installed tarballs	2026-09-12T18:10:42.2391451Z npm notice 222B dist/safe-bash/commands/sort-admission.d.ts
publish	Verify installed tarballs	2026-09-12T18:10:42.2391841Z npm notice 212B dist/safe-bash/commands/sort-admission.d.ts.map
publish	Verify installed tarballs	2026-09-12T18:10:42.2392151Z npm notice 582B dist/safe-bash/commands/sort-admission.js
publish	Verify installed tarballs	2026-09-12T18:10:42.2392305Z npm notice 615B dist/safe-bash/commands/sort-admission.js.map
publish	Verify installed tarballs	2026-09-12T18:10:42.2392450Z npm notice 449B dist/safe-bash/commands/split/index.d.ts
publish	Verify installed tarballs	2026-09-12T18:10:42.2392596Z npm notice 413B dist/safe-bash/commands/split/index.d.ts.map
publish	Verify installed tarballs	2026-09-12T18:10:42.2392736Z npm notice 771B dist/safe-bash/commands/split/index.js
publish	Verify installed tarballs	2026-09-12T18:10:42.2392882Z npm notice 827B dist/safe-bash/commands/split/index.js.map
publish	Verify installed tarballs	2026-09-12T18:10:42.2393009Z npm notice 994B dist/safe-bash/commands/split/io.d.ts
publish	Verify installed tarballs	2026-09-12T18:10:42.2393158Z npm notice 1.1kB dist/safe-bash/commands/split/io.d.ts.map
publish	Verify installed tarballs	2026-09-12T18:10:42.2393294Z npm notice 3.9kB dist/safe-bash/commands/split/io.js
publish	Verify installed tarballs	2026-09-12T18:10:42.2393440Z npm notice 4.5kB dist/safe-bash/commands/split/io.js.map
publish	Verify installed tarballs	2026-09-12T18:10:42.2393575Z npm notice 329B dist/safe-bash/commands/split/names.d.ts
publish	Verify installed tarballs	2026-09-12T18:10:42.2393733Z npm notice 404B dist/safe-bash/commands/split/names.d.ts.map
publish	Verify installed tarballs	2026-09-12T18:10:42.2393875Z npm notice 1.8kB dist/safe-bash/commands/split/names.js
publish	Verify installed tarballs	2026-09-12T18:10:42.2394017Z npm notice 2.1kB dist/safe-bash/commands/split/names.js.map
publish	Verify installed tarballs	2026-09-12T18:10:42.2394164Z npm notice 999B dist/safe-bash/commands/split/options.d.ts
publish	Verify installed tarballs	2026-09-12T18:10:42.2394323Z npm notice 1.1kB dist/safe-bash/commands/split/options.d.ts.map
publish	Verify installed tarballs	2026-09-12T18:10:42.2394470Z npm notice 5.9kB dist/safe-bash/commands/split/options.js
publish	Verify installed tarballs	2026-09-12T18:10:42.2394615Z npm notice 6.0kB dist/safe-bash/commands/split/options.js.map
publish	Verify installed tarballs	2026-09-12T18:10:42.2394764Z npm notice 634B dist/safe-bash/commands/split/outputs.d.ts
publish	Verify installed tarballs	2026-09-12T18:10:42.2394923Z npm notice 718B dist/safe-bash/commands/split/outputs.d.ts.map
publish	Verify installed tarballs	2026-09-12T18:10:42.2395061Z npm notice 5.2kB dist/safe-bash/commands/split/outputs.js
publish	Verify installed tarballs	2026-09-12T18:10:42.2395217Z npm notice 6.0kB dist/safe-bash/commands/split/outputs.js.map
publish	Verify installed tarballs	2026-09-12T18:10:42.2395410Z npm notice 235B dist/safe-bash/commands/split/split.d.ts
publish	Verify installed tarballs	2026-09-12T18:10:42.2395564Z npm notice 280B dist/safe-bash/commands/split/split.d.ts.map
publish	Verify installed tarballs	2026-09-12T18:10:42.2395696Z npm notice 5.9kB dist/safe-bash/commands/split/split.js
publish	Verify installed tarballs	2026-09-12T18:10:42.2395850Z npm notice 6.5kB dist/safe-bash/commands/split/split.js.map
publish	Verify installed tarballs	2026-09-12T18:10:42.2395988Z npm notice 944B dist/safe-bash/commands/standard.d.ts
publish	Verify installed tarballs	2026-09-12T18:10:42.2396125Z npm notice 849B dist/safe-bash/commands/standard.d.ts.map
publish	Verify installed tarballs	2026-09-12T18:10:42.2396261Z npm notice 1.6kB dist/safe-bash/commands/standard.js
publish	Verify installed tarballs	2026-09-12T18:10:42.2396402Z npm notice 1.6kB dist/safe-bash/commands/standard.js.map
publish	Verify installed tarballs	2026-09-12T18:10:42.2396564Z npm notice 496B dist/safe-bash/commands/stream-format/index.d.ts
publish	Verify installed tarballs	2026-09-12T18:10:42.2396729Z npm notice 425B dist/safe-bash/commands/stream-format/index.d.ts.map
publish	Verify installed tarballs	2026-09-12T18:10:42.2396888Z npm notice 1.1kB dist/safe-bash/commands/stream-format/index.js
publish	Verify installed tarballs	2026-09-12T18:10:42.2397057Z npm notice 1.1kB dist/safe-bash/commands/stream-format/index.js.map
publish	Verify installed tarballs	2026-09-12T18:10:42.2397205Z npm notice 242B dist/safe-bash/commands/stream-format/nl.d.ts
publish	Verify installed tarballs	2026-09-12T18:10:42.2397368Z npm notice 284B dist/safe-bash/commands/stream-format/nl.d.ts.map
publish	Verify installed tarballs	2026-09-12T18:10:42.2397518Z npm notice 4.9kB dist/safe-bash/commands/stream-format/nl.js
publish	Verify installed tarballs	2026-09-12T18:10:42.2397682Z npm notice 5.5kB dist/safe-bash/commands/stream-format/nl.js.map
publish	Verify installed tarballs	2026-09-12T18:10:42.2397827Z npm notice 244B dist/safe-bash/commands/stream-format/rev.d.ts
publish	Verify installed tarballs	2026-09-12T18:10:42.2397993Z npm notice 288B dist/safe-bash/commands/stream-format/rev.d.ts.map
publish	Verify installed tarballs	2026-09-12T18:10:42.2398147Z npm notice 3.0kB dist/safe-bash/commands/stream-format/rev.js
publish	Verify installed tarballs	2026-09-12T18:10:42.2398298Z npm notice 3.6kB dist/safe-bash/commands/stream-format/rev.js.map
publish	Verify installed tarballs	2026-09-12T18:10:42.2398453Z npm notice 244B dist/safe-bash/commands/stream-format/seq.d.ts
publish	Verify installed tarballs	2026-09-12T18:10:42.2398618Z npm notice 288B dist/safe-bash/commands/stream-format/seq.d.ts.map
publish	Verify installed tarballs	2026-09-12T18:10:42.2398770Z npm notice 12.4kB dist/safe-bash/commands/stream-format/seq.js
publish	Verify installed tarballs	2026-09-12T18:10:42.2398967Z npm notice 14.6kB dist/safe-bash/commands/stream-format/seq.js.map
publish	Verify installed tarballs	2026-09-12T18:10:42.2399240Z npm notice 2.0kB dist/safe-bash/commands/stream-format/shared.d.ts
publish	Verify installed tarballs	2026-09-12T18:10:42.2399428Z npm notice 2.1kB dist/safe-bash/commands/stream-format/shared.d.ts.map
publish	Verify installed tarballs	2026-09-12T18:10:42.2399581Z npm notice 8.1kB dist/safe-bash/commands/stream-format/shared.js
publish	Verify installed tarballs	2026-09-12T18:10:42.2399751Z npm notice 8.9kB dist/safe-bash/commands/stream-format/shared.js.map
publish	Verify installed tarballs	2026-09-12T18:10:42.2399921Z npm notice 254B dist/safe-bash/commands/stream-format/unexpand.d.ts
publish	Verify installed tarballs	2026-09-12T18:10:42.2400106Z npm notice 298B dist/safe-bash/commands/stream-format/unexpand.d.ts.map
publish	Verify installed tarballs	2026-09-12T18:10:42.2400263Z npm notice 5.4kB dist/safe-bash/commands/stream-format/unexpand.js
publish	Verify installed tarballs	2026-09-12T18:10:42.2400440Z npm notice 5.5kB dist/safe-bash/commands/stream-format/unexpand.js.map
publish	Verify installed tarballs	2026-09-12T18:10:42.2400618Z npm notice 258B dist/safe-bash/commands/stream-inspection/expand.d.ts
publish	Verify installed tarballs	2026-09-12T18:10:42.2400802Z npm notice 298B dist/safe-bash/commands/stream-inspection/expand.d.ts.map
publish	Verify installed tarballs	2026-09-12T18:10:42.2400975Z npm notice 3.9kB dist/safe-bash/commands/stream-inspection/expand.js
publish	Verify installed tarballs	2026-09-12T18:10:42.2401153Z npm notice 4.0kB dist/safe-bash/commands/stream-inspection/expand.js.map
publish	Verify installed tarballs	2026-09-12T18:10:42.2401320Z npm notice 254B dist/safe-bash/commands/stream-inspection/fold.d.ts
publish	Verify installed tarballs	2026-09-12T18:10:42.2401491Z npm notice 293B dist/safe-bash/commands/stream-inspection/fold.d.ts.map
publish	Verify installed tarballs	2026-09-12T18:10:42.2401656Z npm notice 2.5kB dist/safe-bash/commands/stream-inspection/fold.js
publish	Verify installed tarballs	2026-09-12T18:10:42.2401830Z npm notice 2.7kB dist/safe-bash/commands/stream-inspection/fold.js.map
publish	Verify installed tarballs	2026-09-12T18:10:42.2401994Z npm notice 524B dist/safe-bash/commands/stream-inspection/index.d.ts
publish	Verify installed tarballs	2026-09-12T18:10:42.2402175Z npm notice 429B dist/safe-bash/commands/stream-inspection/index.d.ts.map
publish	Verify installed tarballs	2026-09-12T18:10:42.2402341Z npm notice 1.1kB dist/safe-bash/commands/stream-inspection/index.js
publish	Verify installed tarballs	2026-09-12T18:10:42.2402568Z npm notice 1.1kB dist/safe-bash/commands/stream-inspection/index.js.map
publish	Verify installed tarballs	2026-09-12T18:10:42.2402767Z npm notice 288B dist/safe-bash/commands/stream-inspection/numeric-options.d.ts
publish	Verify installed tarballs	2026-09-12T18:10:42.2402976Z npm notice 425B dist/safe-bash/commands/stream-inspection/numeric-options.d.ts.map
publish	Verify installed tarballs	2026-09-12T18:10:42.2403166Z npm notice 2.2kB dist/safe-bash/commands/stream-inspection/numeric-options.js
publish	Verify installed tarballs	2026-09-12T18:10:42.2403359Z npm notice 2.5kB dist/safe-bash/commands/stream-inspection/numeric-options.js.map
publish	Verify installed tarballs	2026-09-12T18:10:42.2403527Z npm notice 2.0kB dist/safe-bash/commands/stream-inspection/shared.d.ts
publish	Verify installed tarballs	2026-09-12T18:10:42.2403709Z npm notice 2.1kB dist/safe-bash/commands/stream-inspection/shared.d.ts.map
publish	Verify installed tarballs	2026-09-12T18:10:42.2403881Z npm notice 7.8kB dist/safe-bash/commands/stream-inspection/shared.js
publish	Verify installed tarballs	2026-09-12T18:10:42.2404053Z npm notice 8.7kB dist/safe-bash/commands/stream-inspection/shared.js.map
publish	Verify installed tarballs	2026-09-12T18:10:42.2404226Z npm notice 260B dist/safe-bash/commands/stream-inspection/strings.d.ts
publish	Verify installed tarballs	2026-09-12T18:10:42.2404414Z npm notice 299B dist/safe-bash/commands/stream-inspection/strings.d.ts.map
publish	Verify installed tarballs	2026-09-12T18:10:42.2404577Z npm notice 2.8kB dist/safe-bash/commands/stream-inspection/strings.js
publish	Verify installed tarballs	2026-09-12T18:10:42.2404759Z npm notice 3.0kB dist/safe-bash/commands/stream-inspection/strings.js.map
publish	Verify installed tarballs	2026-09-12T18:10:42.2404926Z npm notice 252B dist/safe-bash/commands/stream-inspection/tac.d.ts
publish	Verify installed tarballs	2026-09-12T18:10:42.2405102Z npm notice 290B dist/safe-bash/commands/stream-inspection/tac.d.ts.map
publish	Verify installed tarballs	2026-09-12T18:10:42.2405261Z npm notice 2.5kB dist/safe-bash/commands/stream-inspection/tac.js
publish	Verify installed tarballs	2026-09-12T18:10:42.2405434Z npm notice 2.9kB dist/safe-bash/commands/stream-inspection/tac.js.map
publish	Verify installed tarballs	2026-09-12T18:10:42.2405571Z npm notice 217B dist/safe-bash/commands/streams.d.ts
publish	Verify installed tarballs	2026-09-12T18:10:42.2405707Z npm notice 244B dist/safe-bash/commands/streams.d.ts.map
publish	Verify installed tarballs	2026-09-12T18:10:42.2405842Z npm notice 26.3kB dist/safe-bash/commands/streams.js
publish	Verify installed tarballs	2026-09-12T18:10:42.2405983Z npm notice 27.5kB dist/safe-bash/commands/streams.js.map
publish	Verify installed tarballs	2026-09-12T18:10:42.2406185Z npm notice 521B dist/safe-bash/commands/structured/index.d.ts
publish	Verify installed tarballs	2026-09-12T18:10:42.2406335Z npm notice 461B dist/safe-bash/commands/structured/index.d.ts.map
publish	Verify installed tarballs	2026-09-12T18:10:42.2406487Z npm notice 811B dist/safe-bash/commands/structured/index.js
publish	Verify installed tarballs	2026-09-12T18:10:42.2406645Z npm notice 814B dist/safe-bash/commands/structured/index.js.map
publish	Verify installed tarballs	2026-09-12T18:10:42.2406793Z npm notice 1.7kB dist/safe-bash/commands/structured/input.d.ts
publish	Verify installed tarballs	2026-09-12T18:10:42.2406951Z npm notice 1.7kB dist/safe-bash/commands/structured/input.d.ts.map
publish	Verify installed tarballs	2026-09-12T18:10:42.2407093Z npm notice 19.9kB dist/safe-bash/commands/structured/input.js
publish	Verify installed tarballs	2026-09-12T18:10:42.2407248Z npm notice 22.6kB dist/safe-bash/commands/structured/input.js.map
publish	Verify installed tarballs	2026-09-12T18:10:42.2407403Z npm notice 1.2kB dist/safe-bash/commands/structured/interpreter.d.ts
publish	Verify installed tarballs	2026-09-12T18:10:42.2407587Z npm notice 1.6kB dist/safe-bash/commands/structured/interpreter.d.ts.map
publish	Verify installed tarballs	2026-09-12T18:10:42.2407757Z npm notice 34.6kB dist/safe-bash/commands/structured/interpreter.js
publish	Verify installed tarballs	2026-09-12T18:10:42.2407932Z npm notice 34.9kB dist/safe-bash/commands/structured/interpreter.js.map
publish	Verify installed tarballs	2026-09-12T18:10:42.2408100Z npm notice 252B dist/safe-bash/commands/structured/jq.d.ts
publish	Verify installed tarballs	2026-09-12T18:10:42.2408252Z npm notice 281B dist/safe-bash/commands/structured/jq.d.ts.map
publish	Verify installed tarballs	2026-09-12T18:10:42.2408398Z npm notice 13.4kB dist/safe-bash/commands/structured/jq.js
publish	Verify installed tarballs	2026-09-12T18:10:42.2408544Z npm notice 13.7kB dist/safe-bash/commands/structured/jq.js.map
publish	Verify installed tarballs	2026-09-12T18:10:42.2408702Z npm notice 2.6kB dist/safe-bash/commands/structured/limits.d.ts
publish	Verify installed tarballs	2026-09-12T18:10:42.2408865Z npm notice 2.7kB dist/safe-bash/commands/structured/limits.d.ts.map
publish	Verify installed tarballs	2026-09-12T18:10:42.2409007Z npm notice 6.6kB dist/safe-bash/commands/structured/limits.js
publish	Verify installed tarballs	2026-09-12T18:10:42.2409285Z npm notice 7.5kB dist/safe-bash/commands/structured/limits.js.map
publish	Verify installed tarballs	2026-09-12T18:10:42.2409451Z npm notice 854B dist/safe-bash/commands/structured/numbers.d.ts
publish	Verify installed tarballs	2026-09-12T18:10:42.2409620Z npm notice 922B dist/safe-bash/commands/structured/numbers.d.ts.map
publish	Verify installed tarballs	2026-09-12T18:10:42.2409818Z npm notice 6.3kB dist/safe-bash/commands/structured/numbers.js
publish	Verify installed tarballs	2026-09-12T18:10:42.2409984Z npm notice 8.6kB dist/safe-bash/commands/structured/numbers.js.map
publish	Verify installed tarballs	2026-09-12T18:10:42.2410143Z npm notice 1.3kB dist/safe-bash/commands/structured/parser.d.ts
publish	Verify installed tarballs	2026-09-12T18:10:42.2410301Z npm notice 1.8kB dist/safe-bash/commands/structured/parser.d.ts.map
publish	Verify installed tarballs	2026-09-12T18:10:42.2410459Z npm notice 15.7kB dist/safe-bash/commands/structured/parser.js
publish	Verify installed tarballs	2026-09-12T18:10:42.2410626Z npm notice 18.7kB dist/safe-bash/commands/structured/parser.js.map
publish	Verify installed tarballs	2026-09-12T18:10:42.2410794Z npm notice 1.3kB dist/safe-bash/commands/structured/query-core.d.ts
publish	Verify installed tarballs	2026-09-12T18:10:42.2410962Z npm notice 1.4kB dist/safe-bash/commands/structured/query-core.d.ts.map
publish	Verify installed tarballs	2026-09-12T18:10:42.2411125Z npm notice 23.2kB dist/safe-bash/commands/structured/query-core.js
publish	Verify installed tarballs	2026-09-12T18:10:42.2411297Z npm notice 22.1kB dist/safe-bash/commands/structured/query-core.js.map
publish	Verify installed tarballs	2026-09-12T18:10:42.2411445Z npm notice 186B dist/safe-bash/commands/structured/split.d.ts
publish	Verify installed tarballs	2026-09-12T18:10:42.2411613Z npm notice 300B dist/safe-bash/commands/structured/split.d.ts.map
publish	Verify installed tarballs	2026-09-12T18:10:42.2411766Z npm notice 2.6kB dist/safe-bash/commands/structured/split.js
publish	Verify installed tarballs	2026-09-12T18:10:42.2411932Z npm notice 2.9kB dist/safe-bash/commands/structured/split.js.map
publish	Verify installed tarballs	2026-09-12T18:10:42.2412081Z npm notice 1.2kB dist/safe-bash/commands/structured/values.d.ts
publish	Verify installed tarballs	2026-09-12T18:10:42.2412249Z npm notice 1.5kB dist/safe-bash/commands/structured/values.d.ts.map
publish	Verify installed tarballs	2026-09-12T18:10:42.2412404Z npm notice 13.4kB dist/safe-bash/commands/structured/values.js
publish	Verify installed tarballs	2026-09-12T18:10:42.2412559Z npm notice 17.0kB dist/safe-bash/commands/structured/values.js.map
publish	Verify installed tarballs	2026-09-12T18:10:42.2412713Z npm notice 262B dist/safe-bash/commands/table-text/comm.d.ts
publish	Verify installed tarballs	2026-09-12T18:10:42.2412874Z npm notice 286B dist/safe-bash/commands/table-text/comm.d.ts.map
publish	Verify installed tarballs	2026-09-12T18:10:42.2413028Z npm notice 4.7kB dist/safe-bash/commands/table-text/comm.js
publish	Verify installed tarballs	2026-09-12T18:10:42.2413178Z npm notice 5.2kB dist/safe-bash/commands/table-text/comm.js.map
publish	Verify installed tarballs	2026-09-12T18:10:42.2413423Z npm notice 479B dist/safe-bash/commands/table-text/index.d.ts
publish	Verify installed tarballs	2026-09-12T18:10:42.2413584Z npm notice 420B dist/safe-bash/commands/table-text/index.d.ts.map
publish	Verify installed tarballs	2026-09-12T18:10:42.2413723Z npm notice 967B dist/safe-bash/commands/table-text/index.js
publish	Verify installed tarballs	2026-09-12T18:10:42.2413879Z npm notice 990B dist/safe-bash/commands/table-text/index.js.map
publish	Verify installed tarballs	2026-09-12T18:10:42.2414036Z npm notice 2.9kB dist/safe-bash/commands/table-text/internal.d.ts
publish	Verify installed tarballs	2026-09-12T18:10:42.2414205Z npm notice 2.9kB dist/safe-bash/commands/table-text/internal.d.ts.map
publish	Verify installed tarballs	2026-09-12T18:10:42.2414351Z npm notice 8.5kB dist/safe-bash/commands/table-text/internal.js
publish	Verify installed tarballs	2026-09-12T18:10:42.2414520Z npm notice 9.7kB dist/safe-bash/commands/table-text/internal.js.map
publish	Verify installed tarballs	2026-09-12T18:10:42.2414674Z npm notice 262B dist/safe-bash/commands/table-text/join.d.ts
publish	Verify installed tarballs	2026-09-12T18:10:42.2414826Z npm notice 288B dist/safe-bash/commands/table-text/join.d.ts.map
publish	Verify installed tarballs	2026-09-12T18:10:42.2414978Z npm notice 11.1kB dist/safe-bash/commands/table-text/join.js
publish	Verify installed tarballs	2026-09-12T18:10:42.2415141Z npm notice 12.4kB dist/safe-bash/commands/table-text/join.js.map
publish	Verify installed tarballs	2026-09-12T18:10:42.2415296Z npm notice 264B dist/safe-bash/commands/table-text/paste.d.ts
publish	Verify installed tarballs	2026-09-12T18:10:42.2415451Z npm notice 289B dist/safe-bash/commands/table-text/paste.d.ts.map
publish	Verify installed tarballs	2026-09-12T18:10:42.2415604Z npm notice 4.9kB dist/safe-bash/commands/table-text/paste.js
publish	Verify installed tarballs	2026-09-12T18:10:42.2415762Z npm notice 5.0kB dist/safe-bash/commands/table-text/paste.js.map
publish	Verify installed tarballs	2026-09-12T18:10:42.2415900Z npm notice 1.0kB dist/safe-bash/commands/tail-follow.d.ts
publish	Verify installed tarballs	2026-09-12T18:10:42.2416053Z npm notice 1.1kB dist/safe-bash/commands/tail-follow.d.ts.map
publish	Verify installed tarballs	2026-09-12T18:10:42.2416196Z npm notice 20.1kB dist/safe-bash/commands/tail-follow.js
publish	Verify installed tarballs	2026-09-12T18:10:42.2416344Z npm notice 20.5kB dist/safe-bash/commands/tail-follow.js.map
publish	Verify installed tarballs	2026-09-12T18:10:42.2416510Z npm notice 778B dist/safe-bash/commands/text-programs/awk-reader.d.ts
publish	Verify installed tarballs	2026-09-12T18:10:42.2416689Z npm notice 912B dist/safe-bash/commands/text-programs/awk-reader.d.ts.map
publish	Verify installed tarballs	2026-09-12T18:10:42.2416922Z npm notice 6.5kB dist/safe-bash/commands/text-programs/awk-reader.js
publish	Verify installed tarballs	2026-09-12T18:10:42.2417095Z npm notice 7.2kB dist/safe-bash/commands/text-programs/awk-reader.js.map
publish	Verify installed tarballs	2026-09-12T18:10:42.2417281Z npm notice 458B dist/safe-bash/commands/text-programs/awk-retention.d.ts
publish	Verify installed tarballs	2026-09-12T18:10:42.2417476Z npm notice 495B dist/safe-bash/commands/text-programs/awk-retention.d.ts.map
publish	Verify installed tarballs	2026-09-12T18:10:42.2417654Z npm notice 1.3kB dist/safe-bash/commands/text-programs/awk-retention.js
publish	Verify installed tarballs	2026-09-12T18:10:42.2417837Z npm notice 1.2kB dist/safe-bash/commands/text-programs/awk-retention.js.map
publish	Verify installed tarballs	2026-09-12T18:10:42.2418015Z npm notice 1.6kB dist/safe-bash/commands/text-programs/awk-runtime.d.ts
publish	Verify installed tarballs	2026-09-12T18:10:42.2418203Z npm notice 1.6kB dist/safe-bash/commands/text-programs/awk-runtime.d.ts.map
publish	Verify installed tarballs	2026-09-12T18:10:42.2418369Z npm notice 40.4kB dist/safe-bash/commands/text-programs/awk-runtime.js
publish	Verify installed tarballs	2026-09-12T18:10:42.2418556Z npm notice 44.2kB dist/safe-bash/commands/text-programs/awk-runtime.js.map
publish	Verify installed tarballs	2026-09-12T18:10:42.2418739Z npm notice 3.0kB dist/safe-bash/commands/text-programs/awk-syntax.d.ts
publish	Verify installed tarballs	2026-09-12T18:10:42.2418926Z npm notice 3.6kB dist/safe-bash/commands/text-programs/awk-syntax.d.ts.map
publish	Verify installed tarballs	2026-09-12T18:10:42.2419199Z npm notice 23.2kB dist/safe-bash/commands/text-programs/awk-syntax.js
publish	Verify installed tarballs	2026-09-12T18:10:42.2419432Z npm notice 26.5kB dist/safe-bash/commands/text-programs/awk-syntax.js.map
publish	Verify installed tarballs	2026-09-12T18:10:42.2419630Z npm notice 1.2kB dist/safe-bash/commands/text-programs/awk-values.d.ts
publish	Verify installed tarballs	2026-09-12T18:10:42.2419842Z npm notice 1.4kB dist/safe-bash/commands/text-programs/awk-values.d.ts.map
publish	Verify installed tarballs	2026-09-12T18:10:42.2420012Z npm notice 9.3kB dist/safe-bash/commands/text-programs/awk-values.js
publish	Verify installed tarballs	2026-09-12T18:10:42.2420195Z npm notice 11.3kB dist/safe-bash/commands/text-programs/awk-values.js.map
publish	Verify installed tarballs	2026-09-12T18:10:42.2420353Z npm notice 240B dist/safe-bash/commands/text-programs/awk.d.ts
publish	Verify installed tarballs	2026-09-12T18:10:42.2420510Z npm notice 285B dist/safe-bash/commands/text-programs/awk.d.ts.map
publish	Verify installed tarballs	2026-09-12T18:10:42.2420725Z npm notice 2.1kB dist/safe-bash/commands/text-programs/awk.js
publish	Verify installed tarballs	2026-09-12T18:10:42.2420890Z npm notice 2.2kB dist/safe-bash/commands/text-programs/awk.js.map
publish	Verify installed tarballs	2026-09-12T18:10:42.2421041Z npm notice 438B dist/safe-bash/commands/text-programs/index.d.ts
publish	Verify installed tarballs	2026-09-12T18:10:42.2421214Z npm notice 413B dist/safe-bash/commands/text-programs/index.d.ts.map
publish	Verify installed tarballs	2026-09-12T18:10:42.2421369Z npm notice 840B dist/safe-bash/commands/text-programs/index.js
publish	Verify installed tarballs	2026-09-12T18:10:42.2421532Z npm notice 842B dist/safe-bash/commands/text-programs/index.js.map
publish	Verify installed tarballs	2026-09-12T18:10:42.2421683Z npm notice 713B dist/safe-bash/commands/text-programs/regex.d.ts
publish	Verify installed tarballs	2026-09-12T18:10:42.2421856Z npm notice 874B dist/safe-bash/commands/text-programs/regex.d.ts.map
publish	Verify installed tarballs	2026-09-12T18:10:42.2422012Z npm notice 28.4kB dist/safe-bash/commands/text-programs/regex.js
publish	Verify installed tarballs	2026-09-12T18:10:42.2422171Z npm notice 26.4kB dist/safe-bash/commands/text-programs/regex.js.map
publish	Verify installed tarballs	2026-09-12T18:10:42.2422369Z npm notice 390B dist/safe-bash/commands/text-programs/replacement-buffer.d.ts
publish	Verify installed tarballs	2026-09-12T18:10:42.2422580Z npm notice 495B dist/safe-bash/commands/text-programs/replacement-buffer.d.ts.map
publish	Verify installed tarballs	2026-09-12T18:10:42.2422769Z npm notice 2.8kB dist/safe-bash/commands/text-programs/replacement-buffer.js
publish	Verify installed tarballs	2026-09-12T18:10:42.2422965Z npm notice 3.4kB dist/safe-bash/commands/text-programs/replacement-buffer.js.map
publish	Verify installed tarballs	2026-09-12T18:10:42.2423121Z npm notice 240B dist/safe-bash/commands/text-programs/sed.d.ts
publish	Verify installed tarballs	2026-09-12T18:10:42.2423281Z npm notice 287B dist/safe-bash/commands/text-programs/sed.d.ts.map
publish	Verify installed tarballs	2026-09-12T18:10:42.2423435Z npm notice 33.1kB dist/safe-bash/commands/text-programs/sed.js
publish	Verify installed tarballs	2026-09-12T18:10:42.2423586Z npm notice 30.8kB dist/safe-bash/commands/text-programs/sed.js.map
publish	Verify installed tarballs	2026-09-12T18:10:42.2423748Z npm notice 1.7kB dist/safe-bash/commands/text-programs/shared.d.ts
publish	Verify installed tarballs	2026-09-12T18:10:42.2423920Z npm notice 1.6kB dist/safe-bash/commands/text-programs/shared.d.ts.map
publish	Verify installed tarballs	2026-09-12T18:10:42.2424070Z npm notice 4.3kB dist/safe-bash/commands/text-programs/shared.js
publish	Verify installed tarballs	2026-09-12T18:10:42.2424285Z npm notice 4.8kB dist/safe-bash/commands/text-programs/shared.js.map
publish	Verify installed tarballs	2026-09-12T18:10:42.2424413Z npm notice 159B dist/safe-bash/commands/text.d.ts
publish	Verify installed tarballs	2026-09-12T18:10:42.2424546Z npm notice 206B dist/safe-bash/commands/text.d.ts.map
publish	Verify installed tarballs	2026-09-12T18:10:42.2424660Z npm notice 35.3kB dist/safe-bash/commands/text.js
publish	Verify installed tarballs	2026-09-12T18:10:42.2424787Z npm notice 36.6kB dist/safe-bash/commands/text.js.map
publish	Verify installed tarballs	2026-09-12T18:10:42.2424935Z npm notice 1.4kB dist/safe-bash/commands/time-env/calendar.d.ts
publish	Verify installed tarballs	2026-09-12T18:10:42.2425091Z npm notice 1.2kB dist/safe-bash/commands/time-env/calendar.d.ts.map
publish	Verify installed tarballs	2026-09-12T18:10:42.2425245Z npm notice 9.9kB dist/safe-bash/commands/time-env/calendar.js
publish	Verify installed tarballs	2026-09-12T18:10:42.2425407Z npm notice 11.3kB dist/safe-bash/commands/time-env/calendar.js.map
publish	Verify installed tarballs	2026-09-12T18:10:42.2425546Z npm notice 203B dist/safe-bash/commands/time-env/date.d.ts
publish	Verify installed tarballs	2026-09-12T18:10:42.2425698Z npm notice 220B dist/safe-bash/commands/time-env/date.d.ts.map
publish	Verify installed tarballs	2026-09-12T18:10:42.2425845Z npm notice 7.2kB dist/safe-bash/commands/time-env/date.js
publish	Verify installed tarballs	2026-09-12T18:10:42.2426002Z npm notice 6.3kB dist/safe-bash/commands/time-env/date.js.map
publish	Verify installed tarballs	2026-09-12T18:10:42.2426143Z npm notice 244B dist/safe-bash/commands/time-env/format.d.ts
publish	Verify installed tarballs	2026-09-12T18:10:42.2426302Z npm notice 333B dist/safe-bash/commands/time-env/format.d.ts.map
publish	Verify installed tarballs	2026-09-12T18:10:42.2426449Z npm notice 10.4kB dist/safe-bash/commands/time-env/format.js
publish	Verify installed tarballs	2026-09-12T18:10:42.2426598Z npm notice 11.4kB dist/safe-bash/commands/time-env/format.js.map
publish	Verify installed tarballs	2026-09-12T18:10:42.2426744Z npm notice 477B dist/safe-bash/commands/time-env/index.d.ts
publish	Verify installed tarballs	2026-09-12T18:10:42.2426897Z npm notice 426B dist/safe-bash/commands/time-env/index.d.ts.map
publish	Verify installed tarballs	2026-09-12T18:10:42.2427044Z npm notice 1.0kB dist/safe-bash/commands/time-env/index.js
publish	Verify installed tarballs	2026-09-12T18:10:42.2427187Z npm notice 1.0kB dist/safe-bash/commands/time-env/index.js.map
publish	Verify installed tarballs	2026-09-12T18:10:42.2427341Z npm notice 198B dist/safe-bash/commands/time-env/printenv.d.ts
publish	Verify installed tarballs	2026-09-12T18:10:42.2427500Z npm notice 227B dist/safe-bash/commands/time-env/printenv.d.ts.map
publish	Verify installed tarballs	2026-09-12T18:10:42.2427681Z npm notice 2.4kB dist/safe-bash/commands/time-env/printenv.js
publish	Verify installed tarballs	2026-09-12T18:10:42.2427843Z npm notice 2.4kB dist/safe-bash/commands/time-env/printenv.js.map
publish	Verify installed tarballs	2026-09-12T18:10:42.2427995Z npm notice 1.7kB dist/safe-bash/commands/time-env/shared.d.ts
publish	Verify installed tarballs	2026-09-12T18:10:42.2428155Z npm notice 1.6kB dist/safe-bash/commands/time-env/shared.d.ts.map
publish	Verify installed tarballs	2026-09-12T18:10:42.2428294Z npm notice 3.3kB dist/safe-bash/commands/time-env/shared.js
publish	Verify installed tarballs	2026-09-12T18:10:42.2428451Z npm notice 3.3kB dist/safe-bash/commands/time-env/shared.js.map
publish	Verify installed tarballs	2026-09-12T18:10:42.2428599Z npm notice 192B dist/safe-bash/commands/time-env/sleep.d.ts
publish	Verify installed tarballs	2026-09-12T18:10:42.2428750Z npm notice 222B dist/safe-bash/commands/time-env/sleep.d.ts.map
publish	Verify installed tarballs	2026-09-12T18:10:42.2428896Z npm notice 6.1kB dist/safe-bash/commands/time-env/sleep.js
publish	Verify installed tarballs	2026-09-12T18:10:42.2429154Z npm notice 6.1kB dist/safe-bash/commands/time-env/sleep.js.map
publish	Verify installed tarballs	2026-09-12T18:10:42.2429333Z npm notice 278B dist/safe-bash/commands/timeout/duration.d.ts
publish	Verify installed tarballs	2026-09-12T18:10:42.2429494Z npm notice 385B dist/safe-bash/commands/timeout/duration.d.ts.map
publish	Verify installed tarballs	2026-09-12T18:10:42.2429648Z npm notice 2.8kB dist/safe-bash/commands/timeout/duration.js
publish	Verify installed tarballs	2026-09-12T18:10:42.2429807Z npm notice 2.8kB dist/safe-bash/commands/timeout/duration.js.map
publish	Verify installed tarballs	2026-09-12T18:10:42.2429945Z npm notice 941B dist/safe-bash/commands/timeout/index.d.ts
publish	Verify installed tarballs	2026-09-12T18:10:42.2430101Z npm notice 856B dist/safe-bash/commands/timeout/index.d.ts.map
publish	Verify installed tarballs	2026-09-12T18:10:42.2430249Z npm notice 10.4kB dist/safe-bash/commands/timeout/index.js
publish	Verify installed tarballs	2026-09-12T18:10:42.2430403Z npm notice 9.2kB dist/safe-bash/commands/timeout/index.js.map
publish	Verify installed tarballs	2026-09-12T18:10:42.2430547Z npm notice 706B dist/safe-bash/commands/timeout/scheduler.d.ts
publish	Verify installed tarballs	2026-09-12T18:10:42.2430711Z npm notice 757B dist/safe-bash/commands/timeout/scheduler.d.ts.map
publish	Verify installed tarballs	2026-09-12T18:10:42.2430861Z npm notice 3.2kB dist/safe-bash/commands/timeout/scheduler.js
publish	Verify installed tarballs	2026-09-12T18:10:42.2431012Z npm notice 3.2kB dist/safe-bash/commands/timeout/scheduler.js.map
publish	Verify installed tarballs	2026-09-12T18:10:42.2431213Z npm notice 1.4kB dist/safe-bash/commands/tree/arguments.d.ts
publish	Verify installed tarballs	2026-09-12T18:10:42.2431372Z npm notice 850B dist/safe-bash/commands/tree/arguments.d.ts.map
publish	Verify installed tarballs	2026-09-12T18:10:42.2431521Z npm notice 5.3kB dist/safe-bash/commands/tree/arguments.js
publish	Verify installed tarballs	2026-09-12T18:10:42.2431666Z npm notice 4.6kB dist/safe-bash/commands/tree/arguments.js.map
publish	Verify installed tarballs	2026-09-12T18:10:42.2431844Z npm notice 259B dist/safe-bash/commands/tree/charset.d.ts
publish	Verify installed tarballs	2026-09-12T18:10:42.2432013Z npm notice 328B dist/safe-bash/commands/tree/charset.d.ts.map
publish	Verify installed tarballs	2026-09-12T18:10:42.2432150Z npm notice 1.4kB dist/safe-bash/commands/tree/charset.js
publish	Verify installed tarballs	2026-09-12T18:10:42.2432306Z npm notice 1.5kB dist/safe-bash/commands/tree/charset.js.map
publish	Verify installed tarballs	2026-09-12T18:10:42.2432447Z npm notice 489B dist/safe-bash/commands/tree/index.d.ts
publish	Verify installed tarballs	2026-09-12T18:10:42.2432596Z npm notice 455B dist/safe-bash/commands/tree/index.d.ts.map
publish	Verify installed tarballs	2026-09-12T18:10:42.2432723Z npm notice 772B dist/safe-bash/commands/tree/index.js
publish	Verify installed tarballs	2026-09-12T18:10:42.2432873Z npm notice 821B dist/safe-bash/commands/tree/index.js.map
publish	Verify installed tarballs	2026-09-12T18:10:42.2433012Z npm notice 1.1kB dist/safe-bash/commands/tree/io.d.ts
publish	Verify installed tarballs	2026-09-12T18:10:42.2433147Z npm notice 1.2kB dist/safe-bash/commands/tree/io.d.ts.map
publish	Verify installed tarballs	2026-09-12T18:10:42.2433284Z npm notice 3.3kB dist/safe-bash/commands/tree/io.js
publish	Verify installed tarballs	2026-09-12T18:10:42.2433429Z npm notice 3.8kB dist/safe-bash/commands/tree/io.js.map
publish	Verify installed tarballs	2026-09-12T18:10:42.2433575Z npm notice 583B dist/safe-bash/commands/tree/options.d.ts
publish	Verify installed tarballs	2026-09-12T18:10:42.2433719Z npm notice 663B dist/safe-bash/commands/tree/options.d.ts.map
publish	Verify installed tarballs	2026-09-12T18:10:42.2433859Z npm notice 595B dist/safe-bash/commands/tree/options.js
publish	Verify installed tarballs	2026-09-12T18:10:42.2434010Z npm notice 734B dist/safe-bash/commands/tree/options.js.map
publish	Verify installed tarballs	2026-09-12T18:10:42.2434147Z npm notice 451B dist/safe-bash/commands/tree/pattern.d.ts
publish	Verify installed tarballs	2026-09-12T18:10:42.2434299Z npm notice 583B dist/safe-bash/commands/tree/pattern.d.ts.map
publish	Verify installed tarballs	2026-09-12T18:10:42.2434442Z npm notice 3.4kB dist/safe-bash/commands/tree/pattern.js
publish	Verify installed tarballs	2026-09-12T18:10:42.2434649Z npm notice 3.9kB dist/safe-bash/commands/tree/pattern.js.map
publish	Verify installed tarballs	2026-09-12T18:10:42.2434779Z npm notice 251B dist/safe-bash/commands/tree/tree.d.ts
publish	Verify installed tarballs	2026-09-12T18:10:42.2434927Z npm notice 282B dist/safe-bash/commands/tree/tree.d.ts.map
publish	Verify installed tarballs	2026-09-12T18:10:42.2435064Z npm notice 11.7kB dist/safe-bash/commands/tree/tree.js
publish	Verify installed tarballs	2026-09-12T18:10:42.2435202Z npm notice 14.3kB dist/safe-bash/commands/tree/tree.js.map
publish	Verify installed tarballs	2026-09-12T18:10:42.2435336Z npm notice 268B dist/safe-bash/commands/truncate.d.ts
publish	Verify installed tarballs	2026-09-12T18:10:42.2435478Z npm notice 283B dist/safe-bash/commands/truncate.d.ts.map
publish	Verify installed tarballs	2026-09-12T18:10:42.2435609Z npm notice 43.5kB dist/safe-bash/commands/truncate.js
publish	Verify installed tarballs	2026-09-12T18:10:42.2435752Z npm notice 41.7kB dist/safe-bash/commands/truncate.js.map
publish	Verify installed tarballs	2026-09-12T18:10:42.2435897Z npm notice 258B dist/safe-bash/commands/tsort/command.d.ts
publish	Verify installed tarballs	2026-09-12T18:10:42.2436055Z npm notice 287B dist/safe-bash/commands/tsort/command.d.ts.map
publish	Verify installed tarballs	2026-09-12T18:10:42.2436190Z npm notice 3.7kB dist/safe-bash/commands/tsort/command.js
publish	Verify installed tarballs	2026-09-12T18:10:42.2436344Z npm notice 3.2kB dist/safe-bash/commands/tsort/command.js.map
publish	Verify installed tarballs	2026-09-12T18:10:42.2436484Z npm notice 165B dist/safe-bash/commands/tsort/graph.d.ts
publish	Verify installed tarballs	2026-09-12T18:10:42.2436627Z npm notice 264B dist/safe-bash/commands/tsort/graph.d.ts.map
publish	Verify installed tarballs	2026-09-12T18:10:42.2436762Z npm notice 7.1kB dist/safe-bash/commands/tsort/graph.js
publish	Verify installed tarballs	2026-09-12T18:10:42.2436908Z npm notice 7.1kB dist/safe-bash/commands/tsort/graph.js.map
publish	Verify installed tarballs	2026-09-12T18:10:42.2437059Z npm notice 390B dist/safe-bash/commands/tsort/index.browser.js
publish	Verify installed tarballs	2026-09-12T18:10:42.2437211Z npm notice 93B dist/safe-bash/commands/tsort/index.browser.js.map
publish	Verify installed tarballs	2026-09-12T18:10:42.2437345Z npm notice 502B dist/safe-bash/commands/tsort/index.d.ts
publish	Verify installed tarballs	2026-09-12T18:10:42.2437486Z npm notice 456B dist/safe-bash/commands/tsort/index.d.ts.map
publish	Verify installed tarballs	2026-09-12T18:10:42.2437610Z npm notice 526B dist/safe-bash/commands/tsort/index.js
publish	Verify installed tarballs	2026-09-12T18:10:42.2437751Z npm notice 605B dist/safe-bash/commands/tsort/index.js.map
publish	Verify installed tarballs	2026-09-12T18:10:42.2437900Z npm notice 1.9kB dist/safe-bash/commands/tsort/internal.d.ts
publish	Verify installed tarballs	2026-09-12T18:10:42.2438099Z npm notice 1.9kB dist/safe-bash/commands/tsort/internal.d.ts.map
publish	Verify installed tarballs	2026-09-12T18:10:42.2438237Z npm notice 6.9kB dist/safe-bash/commands/tsort/internal.js
publish	Verify installed tarballs	2026-09-12T18:10:42.2438392Z npm notice 7.6kB dist/safe-bash/commands/tsort/internal.js.map
publish	Verify installed tarballs	2026-09-12T18:10:42.2438522Z npm notice 971B dist/safe-bash/commands/tsort/io.d.ts
publish	Verify installed tarballs	2026-09-12T18:10:42.2438658Z npm notice 1.1kB dist/safe-bash/commands/tsort/io.d.ts.map
publish	Verify installed tarballs	2026-09-12T18:10:42.2438791Z npm notice 9.2kB dist/safe-bash/commands/tsort/io.js
publish	Verify installed tarballs	2026-09-12T18:10:42.2438933Z npm notice 8.9kB dist/safe-bash/commands/tsort/io.js.map
publish	Verify installed tarballs	2026-09-12T18:10:42.2439162Z npm notice 498B dist/safe-bash/commands/which/index.d.ts
publish	Verify installed tarballs	2026-09-12T18:10:42.2439321Z npm notice 456B dist/safe-bash/commands/which/index.d.ts.map
publish	Verify installed tarballs	2026-09-12T18:10:42.2439460Z npm notice 817B dist/safe-bash/commands/which/index.js
publish	Verify installed tarballs	2026-09-12T18:10:42.2439602Z npm notice 849B dist/safe-bash/commands/which/index.js.map
publish	Verify installed tarballs	2026-09-12T18:10:42.2439742Z npm notice 522B dist/safe-bash/commands/which/options.d.ts
publish	Verify installed tarballs	2026-09-12T18:10:42.2439902Z npm notice 590B dist/safe-bash/commands/which/options.d.ts.map
publish	Verify installed tarballs	2026-09-12T18:10:42.2440042Z npm notice 864B dist/safe-bash/commands/which/options.js
publish	Verify installed tarballs	2026-09-12T18:10:42.2440198Z npm notice 1.0kB dist/safe-bash/commands/which/options.js.map
publish	Verify installed tarballs	2026-09-12T18:10:42.2440329Z npm notice 255B dist/safe-bash/commands/which/which.d.ts
publish	Verify installed tarballs	2026-09-12T18:10:42.2440479Z npm notice 285B dist/safe-bash/commands/which/which.d.ts.map
publish	Verify installed tarballs	2026-09-12T18:10:42.2440619Z npm notice 10.9kB dist/safe-bash/commands/which/which.js
publish	Verify installed tarballs	2026-09-12T18:10:42.2440761Z npm notice 11.3kB dist/safe-bash/commands/which/which.js.map
publish	Verify installed tarballs	2026-09-12T18:10:42.2440904Z npm notice 587B dist/safe-bash/commands/xargs-bytes.d.ts
publish	Verify installed tarballs	2026-09-12T18:10:42.2441058Z npm notice 605B dist/safe-bash/commands/xargs-bytes.d.ts.map
publish	Verify installed tarballs	2026-09-12T18:10:42.2441189Z npm notice 5.2kB dist/safe-bash/commands/xargs-bytes.js
publish	Verify installed tarballs	2026-09-12T18:10:42.2441343Z npm notice 5.7kB dist/safe-bash/commands/xargs-bytes.js.map
publish	Verify installed tarballs	2026-09-12T18:10:42.2441537Z npm notice 976B dist/safe-bash/commands/xml/evaluate.d.ts
publish	Verify installed tarballs	2026-09-12T18:10:42.2441687Z npm notice 1.1kB dist/safe-bash/commands/xml/evaluate.d.ts.map
publish	Verify installed tarballs	2026-09-12T18:10:42.2441817Z npm notice 7.7kB dist/safe-bash/commands/xml/evaluate.js
publish	Verify installed tarballs	2026-09-12T18:10:42.2441956Z npm notice 8.3kB dist/safe-bash/commands/xml/evaluate.js.map
publish	Verify installed tarballs	2026-09-12T18:10:42.2442095Z npm notice 429B dist/safe-bash/commands/xml/index.browser.js
publish	Verify installed tarballs	2026-09-12T18:10:42.2442242Z npm notice 93B dist/safe-bash/commands/xml/index.browser.js.map
publish	Verify installed tarballs	2026-09-12T18:10:42.2442373Z npm notice 496B dist/safe-bash/commands/xml/index.d.ts
publish	Verify installed tarballs	2026-09-12T18:10:42.2442510Z npm notice 463B dist/safe-bash/commands/xml/index.d.ts.map
publish	Verify installed tarballs	2026-09-12T18:10:42.2442644Z npm notice 8.7kB dist/safe-bash/commands/xml/index.js
publish	Verify installed tarballs	2026-09-12T18:10:42.2442781Z npm notice 9.1kB dist/safe-bash/commands/xml/index.js.map
publish	Verify installed tarballs	2026-09-12T18:10:42.2442926Z npm notice 1.3kB dist/safe-bash/commands/xml/limits.d.ts
publish	Verify installed tarballs	2026-09-12T18:10:42.2443079Z npm notice 1.2kB dist/safe-bash/commands/xml/limits.d.ts.map
publish	Verify installed tarballs	2026-09-12T18:10:42.2443214Z npm notice 1.9kB dist/safe-bash/commands/xml/limits.js
publish	Verify installed tarballs	2026-09-12T18:10:42.2443366Z npm notice 2.0kB dist/safe-bash/commands/xml/limits.js.map
publish	Verify installed tarballs	2026-09-12T18:10:42.2443502Z npm notice 625B dist/safe-bash/commands/xml/query.d.ts
publish	Verify installed tarballs	2026-09-12T18:10:42.2443647Z npm notice 762B dist/safe-bash/commands/xml/query.d.ts.map
publish	Verify installed tarballs	2026-09-12T18:10:42.2443775Z npm notice 4.0kB dist/safe-bash/commands/xml/query.js
publish	Verify installed tarballs	2026-09-12T18:10:42.2443922Z npm notice 4.6kB dist/safe-bash/commands/xml/query.js.map
publish	Verify installed tarballs	2026-09-12T18:10:42.2444071Z npm notice 2.2kB dist/safe-bash/commands/yq/accounting.d.ts
publish	Verify installed tarballs	2026-09-12T18:10:42.2444228Z npm notice 1.5kB dist/safe-bash/commands/yq/accounting.d.ts.map
publish	Verify installed tarballs	2026-09-12T18:10:42.2444372Z npm notice 9.7kB dist/safe-bash/commands/yq/accounting.js
publish	Verify installed tarballs	2026-09-12T18:10:42.2444526Z npm notice 9.9kB dist/safe-bash/commands/yq/accounting.js.map
publish	Verify installed tarballs	2026-09-12T18:10:42.2444668Z npm notice 480B dist/safe-bash/commands/yq/encoder.d.ts
publish	Verify installed tarballs	2026-09-12T18:10:42.2444850Z npm notice 568B dist/safe-bash/commands/yq/encoder.d.ts.map
publish	Verify installed tarballs	2026-09-12T18:10:42.2444986Z npm notice 8.8kB dist/safe-bash/commands/yq/encoder.js
publish	Verify installed tarballs	2026-09-12T18:10:42.2445133Z npm notice 10.0kB dist/safe-bash/commands/yq/encoder.js.map
publish	Verify installed tarballs	2026-09-12T18:10:42.2445263Z npm notice 2.2kB dist/safe-bash/commands/yq/errors.d.ts
publish	Verify installed tarballs	2026-09-12T18:10:42.2445414Z npm notice 1.5kB dist/safe-bash/commands/yq/errors.d.ts.map
publish	Verify installed tarballs	2026-09-12T18:10:42.2445547Z npm notice 1.2kB dist/safe-bash/commands/yq/errors.js
publish	Verify installed tarballs	2026-09-12T18:10:42.2445691Z npm notice 1.2kB dist/safe-bash/commands/yq/errors.js.map
publish	Verify installed tarballs	2026-09-12T18:10:42.2445832Z npm notice 454B dist/safe-bash/commands/yq/index.browser.js
publish	Verify installed tarballs	2026-09-12T18:10:42.2445987Z npm notice 93B dist/safe-bash/commands/yq/index.browser.js.map
publish	Verify installed tarballs	2026-09-12T18:10:42.2446120Z npm notice 517B dist/safe-bash/commands/yq/index.d.ts
publish	Verify installed tarballs	2026-09-12T18:10:42.2446254Z npm notice 495B dist/safe-bash/commands/yq/index.d.ts.map
publish	Verify installed tarballs	2026-09-12T18:10:42.2446388Z npm notice 30.8kB dist/safe-bash/commands/yq/index.js
publish	Verify installed tarballs	2026-09-12T18:10:42.2446537Z npm notice 28.8kB dist/safe-bash/commands/yq/index.js.map
publish	Verify installed tarballs	2026-09-12T18:10:42.2446674Z npm notice 362B dist/safe-bash/commands/yq/parser.d.ts
publish	Verify installed tarballs	2026-09-12T18:10:42.2446811Z npm notice 419B dist/safe-bash/commands/yq/parser.d.ts.map
publish	Verify installed tarballs	2026-09-12T18:10:42.2446946Z npm notice 51.7kB dist/safe-bash/commands/yq/parser.js
publish	Verify installed tarballs	2026-09-12T18:10:42.2447094Z npm notice 56.9kB dist/safe-bash/commands/yq/parser.js.map
publish	Verify installed tarballs	2026-09-12T18:10:42.2447219Z npm notice 322B dist/safe-bash/commands/yq/toml.d.ts
publish	Verify installed tarballs	2026-09-12T18:10:42.2447361Z npm notice 390B dist/safe-bash/commands/yq/toml.d.ts.map
publish	Verify installed tarballs	2026-09-12T18:10:42.2447490Z npm notice 26.4kB dist/safe-bash/commands/yq/toml.js
publish	Verify installed tarballs	2026-09-12T18:10:42.2447618Z npm notice 28.8kB dist/safe-bash/commands/yq/toml.js.map
publish	Verify installed tarballs	2026-09-12T18:10:42.2447788Z npm notice 1.2kB dist/safe-bash/contracts/command-requirements.d.ts
publish	Verify installed tarballs	2026-09-12T18:10:42.2447965Z npm notice 1.2kB dist/safe-bash/contracts/command-requirements.d.ts.map
publish	Verify installed tarballs	2026-09-12T18:10:42.2448131Z npm notice 2.5kB dist/safe-bash/contracts/command-requirements.js
publish	Verify installed tarballs	2026-09-12T18:10:42.2448336Z npm notice 2.9kB dist/safe-bash/contracts/command-requirements.js.map
publish	Verify installed tarballs	2026-09-12T18:10:42.2448475Z npm notice 3.8kB dist/safe-bash/contracts/command.d.ts
publish	Verify installed tarballs	2026-09-12T18:10:42.2448621Z npm notice 3.8kB dist/safe-bash/contracts/command.d.ts.map
publish	Verify installed tarballs	2026-09-12T18:10:42.2448746Z npm notice 8.9kB dist/safe-bash/contracts/command.js
publish	Verify installed tarballs	2026-09-12T18:10:42.2448879Z npm notice 8.3kB dist/safe-bash/contracts/command.js.map
publish	Verify installed tarballs	2026-09-12T18:10:42.2449003Z npm notice 202B dist/safe-bash/contracts/errors.d.ts
publish	Verify installed tarballs	2026-09-12T18:10:42.2449275Z npm notice 243B dist/safe-bash/contracts/errors.d.ts.map
publish	Verify installed tarballs	2026-09-12T18:10:42.2449464Z npm notice 123B dist/safe-bash/contracts/errors.js
publish	Verify installed tarballs	2026-09-12T18:10:42.2449612Z npm notice 188B dist/safe-bash/contracts/errors.js.map
publish	Verify installed tarballs	2026-09-12T18:10:42.2449782Z npm notice 878B dist/safe-bash/contracts/filesystem-output.d.ts
publish	Verify installed tarballs	2026-09-12T18:10:42.2449946Z npm notice 998B dist/safe-bash/contracts/filesystem-output.d.ts.map
publish	Verify installed tarballs	2026-09-12T18:10:42.2450110Z npm notice 7.7kB dist/safe-bash/contracts/filesystem-output.js
publish	Verify installed tarballs	2026-09-12T18:10:42.2450280Z npm notice 7.5kB dist/safe-bash/contracts/filesystem-output.js.map
publish	Verify installed tarballs	2026-09-12T18:10:42.2450423Z npm notice 751B dist/safe-bash/contracts/filesystem.d.ts
publish	Verify installed tarballs	2026-09-12T18:10:42.2450568Z npm notice 559B dist/safe-bash/contracts/filesystem.d.ts.map
publish	Verify installed tarballs	2026-09-12T18:10:42.2450707Z npm notice 97B dist/safe-bash/contracts/filesystem.js
publish	Verify installed tarballs	2026-09-12T18:10:42.2450856Z npm notice 166B dist/safe-bash/contracts/filesystem.js.map
publish	Verify installed tarballs	2026-09-12T18:10:42.2450978Z npm notice 280B dist/safe-bash/contracts/index.d.ts
publish	Verify installed tarballs	2026-09-12T18:10:42.2451119Z npm notice 287B dist/safe-bash/contracts/index.d.ts.map
publish	Verify installed tarballs	2026-09-12T18:10:42.2451245Z npm notice 278B dist/safe-bash/contracts/index.js
publish	Verify installed tarballs	2026-09-12T18:10:42.2451380Z npm notice 285B dist/safe-bash/contracts/index.js.map
publish	Verify installed tarballs	2026-09-12T18:10:42.2451497Z npm notice 1.3kB dist/safe-bash/contracts/io.d.ts
publish	Verify installed tarballs	2026-09-12T18:10:42.2451631Z npm notice 1.4kB dist/safe-bash/contracts/io.d.ts.map
publish	Verify installed tarballs	2026-09-12T18:10:42.2451805Z npm notice 5.3kB dist/safe-bash/contracts/io.js
publish	Verify installed tarballs	2026-09-12T18:10:42.2451930Z npm notice 5.5kB dist/safe-bash/contracts/io.js.map
publish	Verify installed tarballs	2026-09-12T18:10:42.2452071Z npm notice 114B dist/safe-bash/contracts/node-path.d.ts
publish	Verify installed tarballs	2026-09-12T18:10:42.2452223Z npm notice 195B dist/safe-bash/contracts/node-path.d.ts.map
publish	Verify installed tarballs	2026-09-12T18:10:42.2452350Z npm notice 112B dist/safe-bash/contracts/node-path.js
publish	Verify installed tarballs	2026-09-12T18:10:42.2452495Z npm notice 193B dist/safe-bash/contracts/node-path.js.map
publish	Verify installed tarballs	2026-09-12T18:10:42.2452624Z npm notice 110B dist/safe-bash/contracts/node.d.ts
publish	Verify installed tarballs	2026-09-12T18:10:42.2452760Z npm notice 185B dist/safe-bash/contracts/node.d.ts.map
publish	Verify installed tarballs	2026-09-12T18:10:42.2452877Z npm notice 108B dist/safe-bash/contracts/node.js
publish	Verify installed tarballs	2026-09-12T18:10:42.2453008Z npm notice 183B dist/safe-bash/contracts/node.js.map
publish	Verify installed tarballs	2026-09-12T18:10:42.2453137Z npm notice 719B dist/safe-bash/contracts/output.d.ts
publish	Verify installed tarballs	2026-09-12T18:10:42.2453269Z npm notice 821B dist/safe-bash/contracts/output.d.ts.map
publish	Verify installed tarballs	2026-09-12T18:10:42.2453430Z npm notice 5.3kB dist/safe-bash/contracts/output.js
publish	Verify installed tarballs	2026-09-12T18:10:42.2453623Z npm notice 5.3kB dist/safe-bash/contracts/output.js.map
publish	Verify installed tarballs	2026-09-12T18:10:42.2453790Z npm notice 232B dist/safe-bash/contracts/path.d.ts
publish	Verify installed tarballs	2026-09-12T18:10:42.2453965Z npm notice 268B dist/safe-bash/contracts/path.d.ts.map
publish	Verify installed tarballs	2026-09-12T18:10:42.2454136Z npm notice 230B dist/safe-bash/contracts/path.js
publish	Verify installed tarballs	2026-09-12T18:10:42.2454335Z npm notice 266B dist/safe-bash/contracts/path.js.map
publish	Verify installed tarballs	2026-09-12T18:10:42.2454516Z npm notice 836B dist/safe-bash/contracts/plugin.d.ts
publish	Verify installed tarballs	2026-09-12T18:10:42.2454724Z npm notice 880B dist/safe-bash/contracts/plugin.d.ts.map
publish	Verify installed tarballs	2026-09-12T18:10:42.2454894Z npm notice 1.9kB dist/safe-bash/contracts/plugin.js
publish	Verify installed tarballs	2026-09-12T18:10:42.2455092Z npm notice 1.8kB dist/safe-bash/contracts/plugin.js.map
publish	Verify installed tarballs	2026-09-12T18:10:42.2455253Z npm notice 976B dist/safe-bash/contracts/value.d.ts
publish	Verify installed tarballs	2026-09-12T18:10:42.2455448Z npm notice 913B dist/safe-bash/contracts/value.d.ts.map
publish	Verify installed tarballs	2026-09-12T18:10:42.2455632Z npm notice 7.5kB dist/safe-bash/contracts/value.js
publish	Verify installed tarballs	2026-09-12T18:10:42.2455902Z npm notice 8.0kB dist/safe-bash/contracts/value.js.map
publish	Verify installed tarballs	2026-09-12T18:10:42.2456093Z npm notice 638B dist/safe-bash/contracts/yield.d.ts
publish	Verify installed tarballs	2026-09-12T18:10:42.2456294Z npm notice 667B dist/safe-bash/contracts/yield.d.ts.map
publish	Verify installed tarballs	2026-09-12T18:10:42.2456462Z npm notice 1.4kB dist/safe-bash/contracts/yield.js
publish	Verify installed tarballs	2026-09-12T18:10:42.2456656Z npm notice 1.7kB dist/safe-bash/contracts/yield.js.map
publish	Verify installed tarballs	2026-09-12T18:10:42.2456842Z npm notice 69B dist/safe-bash/core.browser.d.ts
publish	Verify installed tarballs	2026-09-12T18:10:42.2457037Z npm notice 137B dist/safe-bash/core.browser.d.ts.map
publish	Verify installed tarballs	2026-09-12T18:10:42.2457202Z npm notice 2.1MB dist/safe-bash/core.browser.js
publish	Verify installed tarballs	2026-09-12T18:10:42.2457394Z npm notice 4.3MB dist/safe-bash/core.browser.js.map
publish	Verify installed tarballs	2026-09-12T18:10:42.2457558Z npm notice 2.7kB dist/safe-bash/core.d.ts
publish	Verify installed tarballs	2026-09-12T18:10:42.2457726Z npm notice 1.5kB dist/safe-bash/core.d.ts.map
publish	Verify installed tarballs	2026-09-12T18:10:42.2457884Z npm notice 2.6kB dist/safe-bash/core.js
publish	Verify installed tarballs	2026-09-12T18:10:42.2458056Z npm notice 1.5kB dist/safe-bash/core.js.map
publish	Verify installed tarballs	2026-09-12T18:10:42.2458248Z npm notice 278B dist/safe-bash/diagnostics.d.ts
publish	Verify installed tarballs	2026-09-12T18:10:42.2458425Z npm notice 282B dist/safe-bash/diagnostics.d.ts.map
publish	Verify installed tarballs	2026-09-12T18:10:42.2458597Z npm notice 892B dist/safe-bash/diagnostics.js
publish	Verify installed tarballs	2026-09-12T18:10:42.2458785Z npm notice 922B dist/safe-bash/diagnostics.js.map
publish	Verify installed tarballs	2026-09-12T18:10:42.2458944Z npm notice 331B dist/safe-bash/escaping.d.ts
publish	Verify installed tarballs	2026-09-12T18:10:42.2459247Z npm notice 404B dist/safe-bash/escaping.d.ts.map
publish	Verify installed tarballs	2026-09-12T18:10:42.2459426Z npm notice 1.7kB dist/safe-bash/escaping.js
publish	Verify installed tarballs	2026-09-12T18:10:42.2459602Z npm notice 2.2kB dist/safe-bash/escaping.js.map
publish	Verify installed tarballs	2026-09-12T18:10:42.2459795Z npm notice 213B dist/safe-bash/fs/memory/index.d.ts
publish	Verify installed tarballs	2026-09-12T18:10:42.2460004Z npm notice 223B dist/safe-bash/fs/memory/index.d.ts.map
publish	Verify installed tarballs	2026-09-12T18:10:42.2460197Z npm notice 152B dist/safe-bash/fs/memory/index.js
publish	Verify installed tarballs	2026-09-12T18:10:42.2460392Z npm notice 186B dist/safe-bash/fs/memory/index.js.map
publish	Verify installed tarballs	2026-09-12T18:10:42.2460583Z npm notice 194B dist/safe-bash/fs/mount/index.d.ts
publish	Verify installed tarballs	2026-09-12T18:10:42.2460867Z npm notice 217B dist/safe-bash/fs/mount/index.d.ts.map
publish	Verify installed tarballs	2026-09-12T18:10:42.2461044Z npm notice 118B dist/safe-bash/fs/mount/index.js
publish	Verify installed tarballs	2026-09-12T18:10:42.2461245Z npm notice 170B dist/safe-bash/fs/mount/index.js.map
publish	Verify installed tarballs	2026-09-12T18:10:42.2461446Z npm notice 200B dist/safe-bash/fs/overlay/index.d.ts
publish	Verify installed tarballs	2026-09-12T18:10:42.2461653Z npm notice 221B dist/safe-bash/fs/overlay/index.d.ts.map
publish	Verify installed tarballs	2026-09-12T18:10:42.2461833Z npm notice 122B dist/safe-bash/fs/overlay/index.js
publish	Verify installed tarballs	2026-09-12T18:10:42.2462033Z npm notice 174B dist/safe-bash/fs/overlay/index.js.map
publish	Verify installed tarballs	2026-09-12T18:10:42.2462237Z npm notice 126B dist/safe-bash/fs/readonly/index.d.ts
publish	Verify installed tarballs	2026-09-12T18:10:42.2462447Z npm notice 177B dist/safe-bash/fs/readonly/index.d.ts.map
publish	Verify installed tarballs	2026-09-12T18:10:42.2462627Z npm notice 124B dist/safe-bash/fs/readonly/index.js
publish	Verify installed tarballs	2026-09-12T18:10:42.2462833Z npm notice 175B dist/safe-bash/fs/readonly/index.js.map
publish	Verify installed tarballs	2026-09-12T18:10:42.2463022Z npm notice 181B dist/safe-bash/fs/real/index.d.ts
publish	Verify installed tarballs	2026-09-12T18:10:42.2463209Z npm notice 216B dist/safe-bash/fs/real/index.d.ts.map
publish	Verify installed tarballs	2026-09-12T18:10:42.2463389Z npm notice 111B dist/safe-bash/fs/real/index.js
publish	Verify installed tarballs	2026-09-12T18:10:42.2463566Z npm notice 169B dist/safe-bash/fs/real/index.js.map
publish	Verify installed tarballs	2026-09-12T18:10:42.2463749Z npm notice 234B dist/safe-bash/fs/s3/http/index.d.ts
publish	Verify installed tarballs	2026-09-12T18:10:42.2463956Z npm notice 248B dist/safe-bash/fs/s3/http/index.d.ts.map
publish	Verify installed tarballs	2026-09-12T18:10:42.2464138Z npm notice 96B dist/safe-bash/fs/s3/http/index.js
publish	Verify installed tarballs	2026-09-12T18:10:42.2464333Z npm notice 165B dist/safe-bash/fs/s3/http/index.js.map
publish	Verify installed tarballs	2026-09-12T18:10:42.2464517Z npm notice 504B dist/safe-bash/fs/s3/index.d.ts
publish	Verify installed tarballs	2026-09-12T18:10:42.2464709Z npm notice 442B dist/safe-bash/fs/s3/index.d.ts.map
publish	Verify installed tarballs	2026-09-12T18:10:42.2464880Z npm notice 169B dist/safe-bash/fs/s3/index.js
publish	Verify installed tarballs	2026-09-12T18:10:42.2465057Z npm notice 209B dist/safe-bash/fs/s3/index.js.map
publish	Verify installed tarballs	2026-09-12T18:10:42.2465252Z npm notice 290B dist/safe-bash/fs/webdav/index.d.ts
publish	Verify installed tarballs	2026-09-12T18:10:42.2465463Z npm notice 254B dist/safe-bash/fs/webdav/index.d.ts.map
publish	Verify installed tarballs	2026-09-12T18:10:42.2465647Z npm notice 96B dist/safe-bash/fs/webdav/index.js
publish	Verify installed tarballs	2026-09-12T18:10:42.2465927Z npm notice 161B dist/safe-bash/fs/webdav/index.js.map
publish	Verify installed tarballs	2026-09-12T18:10:42.2466085Z npm notice 354B dist/safe-bash/index.d.ts
publish	Verify installed tarballs	2026-09-12T18:10:42.2466260Z npm notice 312B dist/safe-bash/index.d.ts.map
publish	Verify installed tarballs	2026-09-12T18:10:42.2466406Z npm notice 352B dist/safe-bash/index.js
publish	Verify installed tarballs	2026-09-12T18:10:42.2466570Z npm notice 310B dist/safe-bash/index.js.map
publish	Verify installed tarballs	2026-09-12T18:10:42.2466837Z npm notice 510B dist/safe-bash/integrations/safejs/filesystem.d.ts
publish	Verify installed tarballs	2026-09-12T18:10:42.2467105Z npm notice 496B dist/safe-bash/integrations/safejs/filesystem.d.ts.map
publish	Verify installed tarballs	2026-09-12T18:10:42.2467360Z npm notice 223B dist/safe-bash/integrations/safejs/filesystem.js
publish	Verify installed tarballs	2026-09-12T18:10:42.2467627Z npm notice 325B dist/safe-bash/integrations/safejs/filesystem.js.map
publish	Verify installed tarballs	2026-09-12T18:10:42.2467868Z npm notice 464B dist/safe-bash/integrations/safejs/index.d.ts
publish	Verify installed tarballs	2026-09-12T18:10:42.2468113Z npm notice 426B dist/safe-bash/integrations/safejs/index.d.ts.map
publish	Verify installed tarballs	2026-09-12T18:10:42.2468346Z npm notice 159B dist/safe-bash/integrations/safejs/index.js
publish	Verify installed tarballs	2026-09-12T18:10:42.2468594Z npm notice 226B dist/safe-bash/integrations/safejs/index.js.map
publish	Verify installed tarballs	2026-09-12T18:10:42.2468829Z npm notice 1.3kB dist/safe-bash/integrations/safejs/shell.d.ts
publish	Verify installed tarballs	2026-09-12T18:10:42.2469210Z npm notice 1.3kB dist/safe-bash/integrations/safejs/shell.d.ts.map
publish	Verify installed tarballs	2026-09-12T18:10:42.2469461Z npm notice 2.6kB dist/safe-bash/integrations/safejs/shell.js
publish	Verify installed tarballs	2026-09-12T18:10:42.2469711Z npm notice 2.9kB dist/safe-bash/integrations/safejs/shell.js.map
publish	Verify installed tarballs	2026-09-12T18:10:42.2469941Z npm notice 627B dist/safe-bash/integrations/safejs/values.d.ts
publish	Verify installed tarballs	2026-09-12T18:10:42.2470209Z npm notice 707B dist/safe-bash/integrations/safejs/values.d.ts.map
publish	Verify installed tarballs	2026-09-12T18:10:42.2470435Z npm notice 2.4kB dist/safe-bash/integrations/safejs/values.js
publish	Verify installed tarballs	2026-09-12T18:10:42.2470672Z npm notice 2.6kB dist/safe-bash/integrations/safejs/values.js.map
publish	Verify installed tarballs	2026-09-12T18:10:42.2470871Z npm notice 57B dist/safe-bash/node-unavailable.d.ts
publish	Verify installed tarballs	2026-09-12T18:10:42.2471091Z npm notice 145B dist/safe-bash/node-unavailable.d.ts.map
publish	Verify installed tarballs	2026-09-12T18:10:42.2471353Z npm notice 55B dist/safe-bash/node-unavailable.js
publish	Verify installed tarballs	2026-09-12T18:10:42.2471570Z npm notice 143B dist/safe-bash/node-unavailable.js.map
publish	Verify installed tarballs	2026-09-12T18:10:42.2471736Z npm notice 142B dist/safe-bash/node.d.ts
publish	Verify installed tarballs	2026-09-12T18:10:42.2471910Z npm notice 166B dist/safe-bash/node.d.ts.map
publish	Verify installed tarballs	2026-09-12T18:10:42.2472060Z npm notice 140B dist/safe-bash/node.js
publish	Verify installed tarballs	2026-09-12T18:10:42.2472234Z npm notice 164B dist/safe-bash/node.js.map
publish	Verify installed tarballs	2026-09-12T18:10:42.2472459Z npm notice 5.5kB dist/safe-bash/plugins/composition.d.ts
publish	Verify installed tarballs	2026-09-12T18:10:42.2472671Z npm notice 4.8kB dist/safe-bash/plugins/composition.d.ts.map
publish	Verify installed tarballs	2026-09-12T18:10:42.2472878Z npm notice 6.7kB dist/safe-bash/plugins/composition.js
publish	Verify installed tarballs	2026-09-12T18:10:42.2473114Z npm notice 6.4kB dist/safe-bash/plugins/composition.js.map
publish	Verify installed tarballs	2026-09-12T18:10:42.2473301Z npm notice 486B dist/safe-bash/plugins/index.d.ts
publish	Verify installed tarballs	2026-09-12T18:10:42.2473497Z npm notice 438B dist/safe-bash/plugins/index.d.ts.map
publish	Verify installed tarballs	2026-09-12T18:10:42.2473692Z npm notice 2.3kB dist/safe-bash/plugins/index.js
publish	Verify installed tarballs	2026-09-12T18:10:42.2473888Z npm notice 2.3kB dist/safe-bash/plugins/index.js.map
publish	Verify installed tarballs	2026-09-12T18:10:42.2474076Z npm notice 791B dist/safe-bash/shell/arithmetic-parameters.d.ts
publish	Verify installed tarballs	2026-09-12T18:10:42.2474256Z npm notice 824B dist/safe-bash/shell/arithmetic-parameters.d.ts.map
publish	Verify installed tarballs	2026-09-12T18:10:42.2474416Z npm notice 5.6kB dist/safe-bash/shell/arithmetic-parameters.js
publish	Verify installed tarballs	2026-09-12T18:10:42.2474584Z npm notice 6.0kB dist/safe-bash/shell/arithmetic-parameters.js.map
publish	Verify installed tarballs	2026-09-12T18:10:42.2474710Z npm notice 1.1kB dist/safe-bash/shell/arithmetic.d.ts
publish	Verify installed tarballs	2026-09-12T18:10:42.2474857Z npm notice 1.2kB dist/safe-bash/shell/arithmetic.d.ts.map
publish	Verify installed tarballs	2026-09-12T18:10:42.2474994Z npm notice 12.9kB dist/safe-bash/shell/arithmetic.js
publish	Verify installed tarballs	2026-09-12T18:10:42.2475131Z npm notice 13.8kB dist/safe-bash/shell/arithmetic.js.map
publish	Verify installed tarballs	2026-09-12T18:10:42.2475287Z npm notice 3.7kB dist/safe-bash/shell/arrays/bindings.d.ts
publish	Verify installed tarballs	2026-09-12T18:10:42.2475443Z npm notice 3.5kB dist/safe-bash/shell/arrays/bindings.d.ts.map
publish	Verify installed tarballs	2026-09-12T18:10:42.2475693Z npm notice 15.1kB dist/safe-bash/shell/arrays/bindings.js
publish	Verify installed tarballs	2026-09-12T18:10:42.2475893Z npm notice 17.2kB dist/safe-bash/shell/arrays/bindings.js.map
publish	Verify installed tarballs	2026-09-12T18:10:42.2476093Z npm notice 2.5kB dist/safe-bash/shell/arrays/ledger.d.ts
publish	Verify installed tarballs	2026-09-12T18:10:42.2476301Z npm notice 2.5kB dist/safe-bash/shell/arrays/ledger.d.ts.map
publish	Verify installed tarballs	2026-09-12T18:10:42.2476488Z npm notice 9.4kB dist/safe-bash/shell/arrays/ledger.js
publish	Verify installed tarballs	2026-09-12T18:10:42.2476710Z npm notice 10.0kB dist/safe-bash/shell/arrays/ledger.js.map
publish	Verify installed tarballs	2026-09-12T18:10:42.2476899Z npm notice 3.5kB dist/safe-bash/shell/arrays/state.d.ts
publish	Verify installed tarballs	2026-09-12T18:10:42.2477083Z npm notice 3.4kB dist/safe-bash/shell/arrays/state.d.ts.map
publish	Verify installed tarballs	2026-09-12T18:10:42.2477272Z npm notice 19.3kB dist/safe-bash/shell/arrays/state.js
publish	Verify installed tarballs	2026-09-12T18:10:42.2477478Z npm notice 20.6kB dist/safe-bash/shell/arrays/state.js.map
publish	Verify installed tarballs	2026-09-12T18:10:42.2477684Z npm notice 2.4kB dist/safe-bash/shell/arrays/syntax.d.ts
publish	Verify installed tarballs	2026-09-12T18:10:42.2477897Z npm notice 2.5kB dist/safe-bash/shell/arrays/syntax.d.ts.map
publish	Verify installed tarballs	2026-09-12T18:10:42.2478087Z npm notice 5.8kB dist/safe-bash/shell/arrays/syntax.js
publish	Verify installed tarballs	2026-09-12T18:10:42.2478290Z npm notice 7.1kB dist/safe-bash/shell/arrays/syntax.js.map
publish	Verify installed tarballs	2026-09-12T18:10:42.2478495Z npm notice 300B dist/safe-bash/shell/brace-expansion.d.ts
publish	Verify installed tarballs	2026-09-12T18:10:42.2478715Z npm notice 367B dist/safe-bash/shell/brace-expansion.d.ts.map
publish	Verify installed tarballs	2026-09-12T18:10:42.2478929Z npm notice 15.4kB dist/safe-bash/shell/brace-expansion.js
publish	Verify installed tarballs	2026-09-12T18:10:42.2479295Z npm notice 15.8kB dist/safe-bash/shell/brace-expansion.js.map
publish	Verify installed tarballs	2026-09-12T18:10:42.2479513Z npm notice 5.2kB dist/safe-bash/shell/cancellation.d.ts
publish	Verify installed tarballs	2026-09-12T18:10:42.2479740Z npm notice 4.6kB dist/safe-bash/shell/cancellation.d.ts.map
publish	Verify installed tarballs	2026-09-12T18:10:42.2479926Z npm notice 27.7kB dist/safe-bash/shell/cancellation.js
publish	Verify installed tarballs	2026-09-12T18:10:42.2480125Z npm notice 28.0kB dist/safe-bash/shell/cancellation.js.map
publish	Verify installed tarballs	2026-09-12T18:10:42.2480309Z npm notice 918B dist/safe-bash/shell/cleanup.d.ts
publish	Verify installed tarballs	2026-09-12T18:10:42.2480508Z npm notice 870B dist/safe-bash/shell/cleanup.d.ts.map
publish	Verify installed tarballs	2026-09-12T18:10:42.2480801Z npm notice 3.4kB dist/safe-bash/shell/cleanup.js
publish	Verify installed tarballs	2026-09-12T18:10:42.2480995Z npm notice 3.6kB dist/safe-bash/shell/cleanup.js.map
publish	Verify installed tarballs	2026-09-12T18:10:42.2481212Z npm notice 1.3kB dist/safe-bash/shell/conditional.d.ts
publish	Verify installed tarballs	2026-09-12T18:10:42.2481429Z npm notice 1.5kB dist/safe-bash/shell/conditional.d.ts.map
publish	Verify installed tarballs	2026-09-12T18:10:42.2481622Z npm notice 9.2kB dist/safe-bash/shell/conditional.js
publish	Verify installed tarballs	2026-09-12T18:10:42.2481849Z npm notice 10.7kB dist/safe-bash/shell/conditional.js.map
publish	Verify installed tarballs	2026-09-12T18:10:42.2482036Z npm notice 159B dist/safe-bash/shell/display.d.ts
publish	Verify installed tarballs	2026-09-12T18:10:42.2482242Z npm notice 237B dist/safe-bash/shell/display.d.ts.map
publish	Verify installed tarballs	2026-09-12T18:10:42.2482409Z npm notice 3.4kB dist/safe-bash/shell/display.js
publish	Verify installed tarballs	2026-09-12T18:10:42.2482594Z npm notice 4.0kB dist/safe-bash/shell/display.js.map
publish	Verify installed tarballs	2026-09-12T18:10:42.2482786Z npm notice 144B dist/safe-bash/shell/env-warning.d.ts
publish	Verify installed tarballs	2026-09-12T18:10:42.2482993Z npm notice 229B dist/safe-bash/shell/env-warning.d.ts.map
publish	Verify installed tarballs	2026-09-12T18:10:42.2483196Z npm notice 669B dist/safe-bash/shell/env-warning.js
publish	Verify installed tarballs	2026-09-12T18:10:42.2483405Z npm notice 469B dist/safe-bash/shell/env-warning.js.map
publish	Verify installed tarballs	2026-09-12T18:10:42.2483585Z npm notice 2.2kB dist/safe-bash/shell/getopts.d.ts
publish	Verify installed tarballs	2026-09-12T18:10:42.2483790Z npm notice 2.1kB dist/safe-bash/shell/getopts.d.ts.map
publish	Verify installed tarballs	2026-09-12T18:10:42.2483979Z npm notice 11.0kB dist/safe-bash/shell/getopts.js
publish	Verify installed tarballs	2026-09-12T18:10:42.2484185Z npm notice 12.1kB dist/safe-bash/shell/getopts.js.map
publish	Verify installed tarballs	2026-09-12T18:10:42.2484347Z npm notice 390B dist/safe-bash/shell/index.d.ts
publish	Verify installed tarballs	2026-09-12T18:10:42.2484540Z npm notice 400B dist/safe-bash/shell/index.d.ts.map
publish	Verify installed tarballs	2026-09-12T18:10:42.2484724Z npm notice 236B dist/safe-bash/shell/index.js
publish	Verify installed tarballs	2026-09-12T18:10:42.2484897Z npm notice 289B dist/safe-bash/shell/index.js.map
publish	Verify installed tarballs	2026-09-12T18:10:42.2485085Z npm notice 2.0kB dist/safe-bash/shell/input.d.ts
publish	Verify installed tarballs	2026-09-12T18:10:42.2485291Z npm notice 2.0kB dist/safe-bash/shell/input.d.ts.map
publish	Verify installed tarballs	2026-09-12T18:10:42.2485474Z npm notice 29.1kB dist/safe-bash/shell/input.js
publish	Verify installed tarballs	2026-09-12T18:10:42.2485737Z npm notice 28.6kB dist/safe-bash/shell/input.js.map
publish	Verify installed tarballs	2026-09-12T18:10:42.2485919Z npm notice 126B dist/safe-bash/shell/locale.d.ts
publish	Verify installed tarballs	2026-09-12T18:10:42.2486123Z npm notice 207B dist/safe-bash/shell/locale.d.ts.map
publish	Verify installed tarballs	2026-09-12T18:10:42.2486290Z npm notice 202B dist/safe-bash/shell/locale.js
publish	Verify installed tarballs	2026-09-12T18:10:42.2486481Z npm notice 286B dist/safe-bash/shell/locale.js.map
publish	Verify installed tarballs	2026-09-12T18:10:42.2486675Z npm notice 1.1kB dist/safe-bash/shell/mapfile.d.ts
publish	Verify installed tarballs	2026-09-12T18:10:42.2486873Z npm notice 1.2kB dist/safe-bash/shell/mapfile.d.ts.map
publish	Verify installed tarballs	2026-09-12T18:10:42.2487057Z npm notice 5.3kB dist/safe-bash/shell/mapfile.js
publish	Verify installed tarballs	2026-09-12T18:10:42.2487261Z npm notice 5.4kB dist/safe-bash/shell/mapfile.js.map
publish	Verify installed tarballs	2026-09-12T18:10:42.2487509Z npm notice 583B dist/safe-bash/shell/parameter-transforms.d.ts
publish	Verify installed tarballs	2026-09-12T18:10:42.2487765Z npm notice 559B dist/safe-bash/shell/parameter-transforms.d.ts.map
publish	Verify installed tarballs	2026-09-12T18:10:42.2488011Z npm notice 7.6kB dist/safe-bash/shell/parameter-transforms.js
publish	Verify installed tarballs	2026-09-12T18:10:42.2488276Z npm notice 8.7kB dist/safe-bash/shell/parameter-transforms.js.map
publish	Verify installed tarballs	2026-09-12T18:10:42.2488483Z npm notice 413B dist/safe-bash/shell/parameter-trim.d.ts
publish	Verify installed tarballs	2026-09-12T18:10:42.2488719Z npm notice 478B dist/safe-bash/shell/parameter-trim.d.ts.map
publish	Verify installed tarballs	2026-09-12T18:10:42.2488932Z npm notice 5.9kB dist/safe-bash/shell/parameter-trim.js
publish	Verify installed tarballs	2026-09-12T18:10:42.2489367Z npm notice 6.9kB dist/safe-bash/shell/parameter-trim.js.map
publish	Verify installed tarballs	2026-09-12T18:10:42.2489582Z npm notice 412B dist/safe-bash/shell/parse-budget.d.ts
publish	Verify installed tarballs	2026-09-12T18:10:42.2489813Z npm notice 435B dist/safe-bash/shell/parse-budget.d.ts.map
publish	Verify installed tarballs	2026-09-12T18:10:42.2490022Z npm notice 1.0kB dist/safe-bash/shell/parse-budget.js
publish	Verify installed tarballs	2026-09-12T18:10:42.2490222Z npm notice 1.0kB dist/safe-bash/shell/parse-budget.js.map
publish	Verify installed tarballs	2026-09-12T18:10:42.2490411Z npm notice 5.1kB dist/safe-bash/shell/parser.d.ts
publish	Verify installed tarballs	2026-09-12T18:10:42.2490616Z npm notice 5.5kB dist/safe-bash/shell/parser.d.ts.map
publish	Verify installed tarballs	2026-09-12T18:10:42.2490804Z npm notice 70.0kB dist/safe-bash/shell/parser.js
publish	Verify installed tarballs	2026-09-12T18:10:42.2491075Z npm notice 73.3kB dist/safe-bash/shell/parser.js.map
publish	Verify installed tarballs	2026-09-12T18:10:42.2491262Z npm notice 601B dist/safe-bash/shell/path-lookup.d.ts
publish	Verify installed tarballs	2026-09-12T18:10:42.2491475Z npm notice 657B dist/safe-bash/shell/path-lookup.d.ts.map
publish	Verify installed tarballs	2026-09-12T18:10:42.2491666Z npm notice 3.1kB dist/safe-bash/shell/path-lookup.js
publish	Verify installed tarballs	2026-09-12T18:10:42.2491882Z npm notice 3.6kB dist/safe-bash/shell/path-lookup.js.map
publish	Verify installed tarballs	2026-09-12T18:10:42.2492066Z npm notice 528B dist/safe-bash/shell/pattern.d.ts
publish	Verify installed tarballs	2026-09-12T18:10:42.2492252Z npm notice 632B dist/safe-bash/shell/pattern.d.ts.map
publish	Verify installed tarballs	2026-09-12T18:10:42.2492399Z npm notice 8.6kB dist/safe-bash/shell/pattern.js
publish	Verify installed tarballs	2026-09-12T18:10:42.2492549Z npm notice 9.0kB dist/safe-bash/shell/pattern.js.map
publish	Verify installed tarballs	2026-09-12T18:10:42.2492685Z npm notice 496B dist/safe-bash/shell/pipestatus.d.ts
publish	Verify installed tarballs	2026-09-12T18:10:42.2492822Z npm notice 510B dist/safe-bash/shell/pipestatus.d.ts.map
publish	Verify installed tarballs	2026-09-12T18:10:42.2492952Z npm notice 3.3kB dist/safe-bash/shell/pipestatus.js
publish	Verify installed tarballs	2026-09-12T18:10:42.2493098Z npm notice 3.6kB dist/safe-bash/shell/pipestatus.js.map
publish	Verify installed tarballs	2026-09-12T18:10:42.2493220Z npm notice 15.1kB dist/safe-bash/shell/runtime.d.ts
publish	Verify installed tarballs	2026-09-12T18:10:42.2493359Z npm notice 14.7kB dist/safe-bash/shell/runtime.d.ts.map
publish	Verify installed tarballs	2026-09-12T18:10:42.2493486Z npm notice 348.5kB dist/safe-bash/shell/runtime.js
publish	Verify installed tarballs	2026-09-12T18:10:42.2493622Z npm notice 337.0kB dist/safe-bash/shell/runtime.js.map
publish	Verify installed tarballs	2026-09-12T18:10:42.2493748Z npm notice 502B dist/safe-bash/shell/select-menu.d.ts
publish	Verify installed tarballs	2026-09-12T18:10:42.2493892Z npm notice 487B dist/safe-bash/shell/select-menu.d.ts.map
publish	Verify installed tarballs	2026-09-12T18:10:42.2494022Z npm notice 4.6kB dist/safe-bash/shell/select-menu.js
publish	Verify installed tarballs	2026-09-12T18:10:42.2494156Z npm notice 4.9kB dist/safe-bash/shell/select-menu.js.map
publish	Verify installed tarballs	2026-09-12T18:10:42.2494282Z npm notice 923B dist/safe-bash/shell/shell.d.ts
publish	Verify installed tarballs	2026-09-12T18:10:42.2494413Z npm notice 879B dist/safe-bash/shell/shell.d.ts.map
publish	Verify installed tarballs	2026-09-12T18:10:42.2494536Z npm notice 16.4kB dist/safe-bash/shell/shell.js
publish	Verify installed tarballs	2026-09-12T18:10:42.2494655Z npm notice 15.9kB dist/safe-bash/shell/shell.js.map
publish	Verify installed tarballs	2026-09-12T18:10:42.2494892Z npm notice 337B dist/safe-bash/shell/source-line-index.d.ts
publish	Verify installed tarballs	2026-09-12T18:10:42.2495057Z npm notice 389B dist/safe-bash/shell/source-line-index.d.ts.map
publish	Verify installed tarballs	2026-09-12T18:10:42.2495198Z npm notice 1.4kB dist/safe-bash/shell/source-line-index.js
publish	Verify installed tarballs	2026-09-12T18:10:42.2495361Z npm notice 1.6kB dist/safe-bash/shell/source-line-index.js.map
publish	Verify installed tarballs	2026-09-12T18:10:42.2495504Z npm notice 430B dist/safe-bash/shell/source-value.d.ts
publish	Verify installed tarballs	2026-09-12T18:10:42.2495657Z npm notice 455B dist/safe-bash/shell/source-value.d.ts.map
publish	Verify installed tarballs	2026-09-12T18:10:42.2495786Z npm notice 1.6kB dist/safe-bash/shell/source-value.js
publish	Verify installed tarballs	2026-09-12T18:10:42.2495932Z npm notice 2.2kB dist/safe-bash/shell/source-value.js.map
publish	Verify installed tarballs	2026-09-12T18:10:42.2496086Z npm notice 728B dist/safe-bash/shell/string-operations.d.ts
publish	Verify installed tarballs	2026-09-12T18:10:42.2496241Z npm notice 803B dist/safe-bash/shell/string-operations.d.ts.map
publish	Verify installed tarballs	2026-09-12T18:10:42.2496389Z npm notice 1.6kB dist/safe-bash/shell/string-operations.js
publish	Verify installed tarballs	2026-09-12T18:10:42.2496547Z npm notice 2.1kB dist/safe-bash/shell/string-operations.js.map
publish	Verify installed tarballs	2026-09-12T18:10:42.2496673Z npm notice 3.3kB dist/safe-bash/shell/types.d.ts
publish	Verify installed tarballs	2026-09-12T18:10:42.2496796Z npm notice 3.2kB dist/safe-bash/shell/types.d.ts.map
publish	Verify installed tarballs	2026-09-12T18:10:42.2496918Z npm notice 738B dist/safe-bash/shell/types.js
publish	Verify installed tarballs	2026-09-12T18:10:42.2497046Z npm notice 656B dist/safe-bash/shell/types.js.map
publish	Verify installed tarballs	2026-09-12T18:10:42.2497175Z npm notice 2.2kB dist/safe-bash/shell/value-state.d.ts
publish	Verify installed tarballs	2026-09-12T18:10:42.2497325Z npm notice 2.1kB dist/safe-bash/shell/value-state.d.ts.map
publish	Verify installed tarballs	2026-09-12T18:10:42.2497457Z npm notice 9.9kB dist/safe-bash/shell/value-state.js
publish	Verify installed tarballs	2026-09-12T18:10:42.2497591Z npm notice 10.7kB dist/safe-bash/shell/value-state.js.map
publish	Verify installed tarballs	2026-09-12T18:10:42.2497731Z npm notice 168B dist/safe-bash/shell/worker-limits.d.ts
publish	Verify installed tarballs	2026-09-12T18:10:42.2497886Z npm notice 243B dist/safe-bash/shell/worker-limits.d.ts.map
publish	Verify installed tarballs	2026-09-12T18:10:42.2498021Z npm notice 583B dist/safe-bash/shell/worker-limits.js
publish	Verify installed tarballs	2026-09-12T18:10:42.2498157Z npm notice 627B dist/safe-bash/shell/worker-limits.js.map
publish	Verify installed tarballs	2026-09-12T18:10:42.2498308Z npm notice 10.3kB package.json
publish	Verify installed tarballs	2026-09-12T18:10:42.2498396Z npm notice Tarball Details
publish	Verify installed tarballs	2026-09-12T18:10:42.2498512Z npm notice name: @poe-platform/safe-bash
publish	Verify installed tarballs	2026-09-12T18:10:42.2498603Z npm notice version: 0.1.562
publish	Verify installed tarballs	2026-09-12T18:10:42.2498753Z npm notice filename: poe-platform-safe-bash-0.1.562.tgz
publish	Verify installed tarballs	2026-09-12T18:10:42.2498857Z npm notice package size: 4.5 MB
publish	Verify installed tarballs	2026-09-12T18:10:42.2498954Z npm notice unpacked size: 26.1 MB
publish	Verify installed tarballs	2026-09-12T18:10:42.2499286Z npm notice shasum: e544ffaa7173711458e2a44a7b50f20b2b921e51
publish	Verify installed tarballs	2026-09-12T18:10:42.2499470Z npm notice integrity: sha512-w/uQDOnIraDT8[...]aIOil+wZ6tHhA==
publish	Verify installed tarballs	2026-09-12T18:10:42.2499554Z npm notice total files: 1645
publish	Verify installed tarballs	2026-09-12T18:10:42.2499628Z npm notice
publish	Verify installed tarballs	2026-09-12T18:10:42.3763948Z Wrote to /tmp/tmp.Bg2VgFYc5B/package.json:
publish	Verify installed tarballs	2026-09-12T18:10:42.3764009Z 
publish	Verify installed tarballs	2026-09-12T18:10:42.3764092Z {
publish	Verify installed tarballs	2026-09-12T18:10:42.3764185Z   "name": "tmp.bg2vgfyc5b",
publish	Verify installed tarballs	2026-09-12T18:10:42.3764259Z   "version": "1.0.0",
publish	Verify installed tarballs	2026-09-12T18:10:42.3764396Z   "description": "",
publish	Verify installed tarballs	2026-09-12T18:10:42.3764472Z   "main": "index.js",
publish	Verify installed tarballs	2026-09-12T18:10:42.3764537Z   "scripts": {
publish	Verify installed tarballs	2026-09-12T18:10:42.3764691Z     "test": "echo \"Error: no test specified\" && exit 1"
publish	Verify installed tarballs	2026-09-12T18:10:42.3764764Z   },
publish	Verify installed tarballs	2026-09-12T18:10:42.3764841Z   "keywords": [],
publish	Verify installed tarballs	2026-09-12T18:10:42.3764905Z   "author": "",
publish	Verify installed tarballs	2026-09-12T18:10:42.3764981Z   "license": "ISC",
publish	Verify installed tarballs	2026-09-12T18:10:42.3765057Z   "type": "commonjs"
publish	Verify installed tarballs	2026-09-12T18:10:42.3765115Z }
publish	Verify installed tarballs	2026-09-12T18:10:42.3765121Z 
publish	Verify installed tarballs	2026-09-12T18:10:42.3765132Z 
publish	Verify installed tarballs	2026-09-12T18:10:46.3036597Z 
publish	Verify installed tarballs	2026-09-12T18:10:46.3037234Z added 18 packages in 4s
publish	Verify installed tarballs	2026-09-12T18:10:47.4547163Z Public retained arguments preserve deferred identity, cycles, closures and live objects
publish	Verify installed tarballs	2026-09-12T18:10:47.5386964Z Public named collections preserve identity, removal, indexed composition and revocation
publish	Verify installed tarballs	2026-09-12T18:10:47.7031668Z Public indexed collections preserve liveness, identity, iteration and revocation
publish	Verify installed tarballs	2026-09-12T18:10:47.7203375Z Public realm DOM-like adapter, callbacks, nested ordering and cleanup passed
publish	Verify installed tarballs	2026-09-12T18:10:47.7741281Z Public root/core named mutation, quotas, identity and revocation passed
publish	Verify installed tarballs	2026-09-12T18:10:47.7743749Z Public Date construction, reported jQuery expressions, realm mutation and clock replay passed
publish	Verify installed tarballs	2026-09-12T18:10:47.9058484Z Public owned console authorization, aliases, isolation and cleanup passed
publish	Verify installed tarballs	2026-09-12T18:10:48.0472625Z Public Object type inspection, jQuery-style lookup, replay and realm isolation passed
publish	Verify installed tarballs	2026-09-12T18:10:49.3482440Z Public realm callback phases, identity, nesting, yields, failures and cleanup passed
publish	Verify installed tarballs	2026-09-12T18:10:49.6626455Z Public curl buffered/mixed output preserves bytes, cancellation and non-replay failures
publish	Verify installed tarballs	2026-09-12T18:10:49.6797545Z Packed curl preserves body intent, HTTP-error omission and conflicting-flag admission
publish	Verify installed tarballs	2026-09-12T18:10:51.3477592Z Scoped SafeJS, shell, canonical filesystem, copy options and input limits passed
publish	Verify installed tarballs	2026-09-12T18:10:52.3836648Z Public retained arguments preserve deferred identity, cycles, closures and live objects
publish	Verify installed tarballs	2026-09-12T18:10:52.4477436Z Public named collections preserve identity, removal, indexed composition and revocation
publish	Verify installed tarballs	2026-09-12T18:10:52.5548192Z Public indexed collections preserve liveness, identity, iteration and revocation
publish	Verify installed tarballs	2026-09-12T18:10:52.5627218Z Public realm DOM-like adapter, callbacks, nested ordering and cleanup passed
publish	Verify installed tarballs	2026-09-12T18:10:52.6169572Z Public Date construction, reported jQuery expressions, realm mutation and clock replay passed
publish	Verify installed tarballs	2026-09-12T18:10:52.6172817Z Public root/core named mutation, quotas, identity and revocation passed
publish	Verify installed tarballs	2026-09-12T18:10:52.7363945Z Public owned console authorization, aliases, isolation and cleanup passed
publish	Verify installed tarballs	2026-09-12T18:10:52.8065988Z Public Object type inspection, jQuery-style lookup, replay and realm isolation passed
publish	Verify installed tarballs	2026-09-12T18:10:53.5591457Z Public realm callback phases, identity, nesting, yields, failures and cleanup passed
publish	Verify installed tarballs	2026-09-12T18:10:53.6365859Z Public curl buffered/mixed output preserves bytes, cancellation and non-replay failures
publish	Verify installed tarballs	2026-09-12T18:10:53.6434428Z Packed curl preserves body intent, HTTP-error omission and conflicting-flag admission
publish	Verify installed tarballs	2026-09-12T18:10:54.5473329Z Scoped SafeJS, shell, canonical filesystem, copy options and input limits passed
publish	Verify installed tarballs	2026-09-12T18:10:57.1471635Z 
publish	Verify installed tarballs	2026-09-12T18:10:57.1472788Z   browser.mjs  6.3mb ⚠️
publish	Verify installed tarballs	2026-09-12T18:10:57.1473051Z 
publish	Verify installed tarballs	2026-09-12T18:10:57.1473191Z ⚡ Done in 239ms
publish	Verify installed tarballs	2026-09-12T18:10:57.3241050Z Packed curl preserves body intent, HTTP-error omission and conflicting-flag admission
publish	Verify installed tarballs	2026-09-12T18:11:06.7386290Z 
publish	Verify installed tarballs	2026-09-12T18:11:06.7386867Z added 171 packages in 9s
publish	Verify installed tarballs	2026-09-12T18:11:06.8113025Z Legacy filesystem errors normalize at the canonical adapter boundary
publish	Verify installed tarballs	2026-09-12T18:11:06.9789688Z Wrote to /tmp/tmp.MoKXHRDebS/package.json:
publish	Verify installed tarballs	2026-09-12T18:11:06.9790577Z 
publish	Verify installed tarballs	2026-09-12T18:11:06.9790913Z {
publish	Verify installed tarballs	2026-09-12T18:11:06.9791150Z   "name": "tmp.mokxhrdebs",
publish	Verify installed tarballs	2026-09-12T18:11:06.9791433Z   "version": "1.0.0",
publish	Verify installed tarballs	2026-09-12T18:11:06.9791682Z   "description": "",
publish	Verify installed tarballs	2026-09-12T18:11:06.9791913Z   "main": "index.js",
publish	Verify installed tarballs	2026-09-12T18:11:06.9792211Z   "scripts": {
publish	Verify installed tarballs	2026-09-12T18:11:06.9792502Z     "test": "echo \"Error: no test specified\" && exit 1"
publish	Verify installed tarballs	2026-09-12T18:11:06.9792857Z   },
publish	Verify installed tarballs	2026-09-12T18:11:06.9793055Z   "keywords": [],
publish	Verify installed tarballs	2026-09-12T18:11:06.9793273Z   "author": "",
publish	Verify installed tarballs	2026-09-12T18:11:06.9793501Z   "license": "ISC",
publish	Verify installed tarballs	2026-09-12T18:11:06.9793722Z   "type": "commonjs"
publish	Verify installed tarballs	2026-09-12T18:11:06.9793939Z }
publish	Verify installed tarballs	2026-09-12T18:11:06.9794055Z 
publish	Verify installed tarballs	2026-09-12T18:11:06.9794067Z 
publish	Verify installed tarballs	2026-09-12T18:11:07.4752456Z 
publish	Verify installed tarballs	2026-09-12T18:11:07.4753128Z added 3 packages in 455ms
publish	Verify installed tarballs	2026-09-12T18:11:07.5470269Z Standalone SafeFS: memory, Node adapter, error identity and no CLI/interpreter dependency passed
publish	Verify installed tarballs	2026-09-12T18:11:07.5819312Z Standalone SafeFS: memory, Node adapter, error identity and no CLI/interpreter dependency passed
publish	Publish SafeFS with provenance	﻿2026-09-12T18:11:07.5854691Z ##[group]Run npm publish "$RUNNER_TEMP/safe-npm/safe-fs" --provenance --access public
publish	Publish SafeFS with provenance	2026-09-12T18:11:07.5855121Z [36;1mnpm publish "$RUNNER_TEMP/safe-npm/safe-fs" --provenance --access public[0m
publish	Publish SafeFS with provenance	2026-09-12T18:11:07.5874331Z shell: /usr/bin/bash -e {0}
publish	Publish SafeFS with provenance	2026-09-12T18:11:07.5874546Z ##[endgroup]
publish	Publish SafeFS with provenance	2026-09-12T18:11:07.9118986Z npm notice
publish	Publish SafeFS with provenance	2026-09-12T18:11:07.9122085Z npm notice 📦  @poe-platform/safe-fs@0.1.562
publish	Publish SafeFS with provenance	2026-09-12T18:11:07.9122430Z npm notice Tarball Contents
publish	Publish SafeFS with provenance	2026-09-12T18:11:07.9138843Z npm notice 1.1kB LICENSE
publish	Publish SafeFS with provenance	2026-09-12T18:11:07.9139227Z npm notice 18.8kB README.md
publish	Publish SafeFS with provenance	2026-09-12T18:11:07.9139565Z npm notice 295B dist/safe-fs/bridge/confinement.d.ts
publish	Publish SafeFS with provenance	2026-09-12T18:11:07.9139947Z npm notice 6.4kB dist/safe-fs/bridge/confinement.js
publish	Publish SafeFS with provenance	2026-09-12T18:11:07.9140308Z npm notice 4.7kB dist/safe-fs/bridge/filesystem.d.ts
publish	Publish SafeFS with provenance	2026-09-12T18:11:07.9140669Z npm notice 20.4kB dist/safe-fs/bridge/filesystem.js
publish	Publish SafeFS with provenance	2026-09-12T18:11:07.9140976Z npm notice 458B dist/safe-fs/bridge/index.d.ts
publish	Publish SafeFS with provenance	2026-09-12T18:11:07.9141292Z npm notice 776B dist/safe-fs/bridge/index.js
publish	Publish SafeFS with provenance	2026-09-12T18:11:07.9141681Z npm notice 345B dist/safe-fs/bridge/stats.d.ts
publish	Publish SafeFS with provenance	2026-09-12T18:11:07.9142016Z npm notice 1.3kB dist/safe-fs/bridge/stats.js
publish	Publish SafeFS with provenance	2026-09-12T18:11:07.9142382Z npm notice 2.3kB dist/safe-fs/bridge/types.d.ts
publish	Publish SafeFS with provenance	2026-09-12T18:11:07.9142729Z npm notice 11B dist/safe-fs/bridge/types.js
publish	Publish SafeFS with provenance	2026-09-12T18:11:07.9143074Z npm notice 516B dist/safe-fs/bridge/values.d.ts
publish	Publish SafeFS with provenance	2026-09-12T18:11:07.9143399Z npm notice 2.2kB dist/safe-fs/bridge/values.js
publish	Publish SafeFS with provenance	2026-09-12T18:11:07.9143749Z npm notice 824B dist/safe-fs/config.d.ts
publish	Publish SafeFS with provenance	2026-09-12T18:11:07.9144052Z npm notice 2.2kB dist/safe-fs/config.js
publish	Publish SafeFS with provenance	2026-09-12T18:11:07.9144358Z npm notice 190B dist/safe-fs/config.node.d.ts
publish	Publish SafeFS with provenance	2026-09-12T18:11:07.9144680Z npm notice 1.0kB dist/safe-fs/config.node.js
publish	Publish SafeFS with provenance	2026-09-12T18:11:07.9145004Z npm notice 245B dist/safe-fs/config/memory.d.ts
publish	Publish SafeFS with provenance	2026-09-12T18:11:07.9145337Z npm notice 225B dist/safe-fs/config/memory.js
publish	Publish SafeFS with provenance	2026-09-12T18:11:07.9145654Z npm notice 300B dist/safe-fs/config/real.d.ts
publish	Publish SafeFS with provenance	2026-09-12T18:11:07.9145974Z npm notice 592B dist/safe-fs/config/real.js
publish	Publish SafeFS with provenance	2026-09-12T18:11:07.9146310Z npm notice 189B dist/safe-fs/contracts/abort.d.ts
publish	Publish SafeFS with provenance	2026-09-12T18:11:07.9146587Z npm notice 1.1kB dist/safe-fs/contracts/abort.js
publish	Publish SafeFS with provenance	2026-09-12T18:11:07.9146869Z npm notice 95B dist/safe-fs/contracts/cleanup.d.ts
publish	Publish SafeFS with provenance	2026-09-12T18:11:07.9147140Z npm notice 170B dist/safe-fs/contracts/cleanup.js
publish	Publish SafeFS with provenance	2026-09-12T18:11:07.9147417Z npm notice 2.2kB dist/safe-fs/contracts/errors.d.ts
publish	Publish SafeFS with provenance	2026-09-12T18:11:07.9147684Z npm notice 3.0kB dist/safe-fs/contracts/errors.js
publish	Publish SafeFS with provenance	2026-09-12T18:11:07.9147969Z npm notice 10.0kB dist/safe-fs/contracts/filesystem.d.ts
publish	Publish SafeFS with provenance	2026-09-12T18:11:07.9148266Z npm notice 83B dist/safe-fs/contracts/filesystem.js
publish	Publish SafeFS with provenance	2026-09-12T18:11:07.9148534Z npm notice 114B dist/safe-fs/contracts/index.d.ts
publish	Publish SafeFS with provenance	2026-09-12T18:11:07.9148796Z npm notice 114B dist/safe-fs/contracts/index.js
publish	Publish SafeFS with provenance	2026-09-12T18:11:07.9149197Z npm notice 441B dist/safe-fs/contracts/io.d.ts
publish	Publish SafeFS with provenance	2026-09-12T18:11:07.9149504Z npm notice 3.2kB dist/safe-fs/contracts/io.js
publish	Publish SafeFS with provenance	2026-09-12T18:11:07.9149817Z npm notice 475B dist/safe-fs/contracts/path.d.ts
publish	Publish SafeFS with provenance	2026-09-12T18:11:07.9150080Z npm notice 391B dist/safe-fs/contracts/path.js
publish	Publish SafeFS with provenance	2026-09-12T18:11:07.9150361Z npm notice 578B dist/safe-fs/contracts/portable-path.d.ts
publish	Publish SafeFS with provenance	2026-09-12T18:11:07.9150680Z npm notice 2.1kB dist/safe-fs/contracts/portable-path.js
publish	Publish SafeFS with provenance	2026-09-12T18:11:07.9150980Z npm notice 491B dist/safe-fs/contracts/virtual-path.d.ts
publish	Publish SafeFS with provenance	2026-09-12T18:11:07.9151273Z npm notice 2.5kB dist/safe-fs/contracts/virtual-path.js
publish	Publish SafeFS with provenance	2026-09-12T18:11:07.9151533Z npm notice 1.1kB dist/safe-fs/core.d.ts
publish	Publish SafeFS with provenance	2026-09-12T18:11:07.9151769Z npm notice 867B dist/safe-fs/core.js
publish	Publish SafeFS with provenance	2026-09-12T18:11:07.9152021Z npm notice 1.4kB dist/safe-fs/fs/capabilities.d.ts
publish	Publish SafeFS with provenance	2026-09-12T18:11:07.9152292Z npm notice 8.1kB dist/safe-fs/fs/capabilities.js
publish	Publish SafeFS with provenance	2026-09-12T18:11:07.9152570Z npm notice 3.8kB dist/safe-fs/fs/devices/index.d.ts
publish	Publish SafeFS with provenance	2026-09-12T18:11:07.9152837Z npm notice 25.9kB dist/safe-fs/fs/devices/index.js
publish	Publish SafeFS with provenance	2026-09-12T18:11:07.9153097Z npm notice 398B dist/safe-fs/fs/devices/path.d.ts
publish	Publish SafeFS with provenance	2026-09-12T18:11:07.9153626Z npm notice 8.6kB dist/safe-fs/fs/devices/path.js
publish	Publish SafeFS with provenance	2026-09-12T18:11:07.9153896Z npm notice 436B dist/safe-fs/fs/devices/stream.d.ts
publish	Publish SafeFS with provenance	2026-09-12T18:11:07.9154165Z npm notice 4.8kB dist/safe-fs/fs/devices/stream.js
publish	Publish SafeFS with provenance	2026-09-12T18:11:07.9154566Z npm notice 291B dist/safe-fs/fs/directory-admission.d.ts
publish	Publish SafeFS with provenance	2026-09-12T18:11:07.9154864Z npm notice 644B dist/safe-fs/fs/directory-admission.js
publish	Publish SafeFS with provenance	2026-09-12T18:11:07.9155152Z npm notice 5.5kB dist/safe-fs/fs/memory/index.d.ts
publish	Publish SafeFS with provenance	2026-09-12T18:11:07.9155438Z npm notice 51.8kB dist/safe-fs/fs/memory/index.js
publish	Publish SafeFS with provenance	2026-09-12T18:11:07.9155712Z npm notice 797B dist/safe-fs/fs/memory/ledger.d.ts
publish	Publish SafeFS with provenance	2026-09-12T18:11:07.9155986Z npm notice 1.7kB dist/safe-fs/fs/memory/ledger.js
publish	Publish SafeFS with provenance	2026-09-12T18:11:07.9156250Z npm notice 423B dist/safe-fs/fs/memory/limits.d.ts
publish	Publish SafeFS with provenance	2026-09-12T18:11:07.9156519Z npm notice 919B dist/safe-fs/fs/memory/limits.js
publish	Publish SafeFS with provenance	2026-09-12T18:11:07.9156808Z npm notice 318B dist/safe-fs/fs/memory/missing-target.d.ts
publish	Publish SafeFS with provenance	2026-09-12T18:11:07.9157118Z npm notice 4.2kB dist/safe-fs/fs/memory/missing-target.js
publish	Publish SafeFS with provenance	2026-09-12T18:11:07.9157423Z npm notice 1.3kB dist/safe-fs/fs/mount/comparison.d.ts
publish	Publish SafeFS with provenance	2026-09-12T18:11:07.9157707Z npm notice 5.1kB dist/safe-fs/fs/mount/comparison.js
publish	Publish SafeFS with provenance	2026-09-12T18:11:07.9157983Z npm notice 194B dist/safe-fs/fs/mount/identity.d.ts
publish	Publish SafeFS with provenance	2026-09-12T18:11:07.9158247Z npm notice 615B dist/safe-fs/fs/mount/identity.js
publish	Publish SafeFS with provenance	2026-09-12T18:11:07.9158559Z npm notice 4.1kB dist/safe-fs/fs/mount/index.d.ts
publish	Publish SafeFS with provenance	2026-09-12T18:11:07.9158820Z npm notice 41.9kB dist/safe-fs/fs/mount/index.js
publish	Publish SafeFS with provenance	2026-09-12T18:11:07.9159206Z npm notice 3.8kB dist/safe-fs/fs/overlay/index.d.ts
publish	Publish SafeFS with provenance	2026-09-12T18:11:07.9159553Z npm notice 49.1kB dist/safe-fs/fs/overlay/index.js
publish	Publish SafeFS with provenance	2026-09-12T18:11:07.9159827Z npm notice 342B dist/safe-fs/fs/path-namespace.d.ts
publish	Publish SafeFS with provenance	2026-09-12T18:11:07.9160109Z npm notice 2.6kB dist/safe-fs/fs/path-namespace.js
publish	Publish SafeFS with provenance	2026-09-12T18:11:07.9160371Z npm notice 446B dist/safe-fs/fs/quota/index.d.ts
publish	Publish SafeFS with provenance	2026-09-12T18:11:07.9160626Z npm notice 18.0kB dist/safe-fs/fs/quota/index.js
publish	Publish SafeFS with provenance	2026-09-12T18:11:07.9160898Z npm notice 2.9kB dist/safe-fs/fs/readonly/index.d.ts
publish	Publish SafeFS with provenance	2026-09-12T18:11:07.9161171Z npm notice 6.6kB dist/safe-fs/fs/readonly/index.js
publish	Publish SafeFS with provenance	2026-09-12T18:11:07.9161438Z npm notice 101B dist/safe-fs/fs/real/allocation.d.ts
publish	Publish SafeFS with provenance	2026-09-12T18:11:07.9161707Z npm notice 341B dist/safe-fs/fs/real/allocation.js
publish	Publish SafeFS with provenance	2026-09-12T18:11:07.9161974Z npm notice 5.3kB dist/safe-fs/fs/real/index.d.ts
publish	Publish SafeFS with provenance	2026-09-12T18:11:07.9162234Z npm notice 39.3kB dist/safe-fs/fs/real/index.js
publish	Publish SafeFS with provenance	2026-09-12T18:11:07.9162495Z npm notice 649B dist/safe-fs/fs/s3/authority.d.ts
publish	Publish SafeFS with provenance	2026-09-12T18:11:07.9162763Z npm notice 1.2kB dist/safe-fs/fs/s3/authority.js
publish	Publish SafeFS with provenance	2026-09-12T18:11:07.9163026Z npm notice 4.9kB dist/safe-fs/fs/s3/filesystem.d.ts
publish	Publish SafeFS with provenance	2026-09-12T18:11:07.9163293Z npm notice 54.8kB dist/safe-fs/fs/s3/filesystem.js
publish	Publish SafeFS with provenance	2026-09-12T18:11:07.9163568Z npm notice 181B dist/safe-fs/fs/s3/http/index.d.ts
publish	Publish SafeFS with provenance	2026-09-12T18:11:07.9163830Z npm notice 56B dist/safe-fs/fs/s3/http/index.js
publish	Publish SafeFS with provenance	2026-09-12T18:11:07.9164099Z npm notice 970B dist/safe-fs/fs/s3/http/request.d.ts
publish	Publish SafeFS with provenance	2026-09-12T18:11:07.9164379Z npm notice 8.0kB dist/safe-fs/fs/s3/http/request.js
publish	Publish SafeFS with provenance	2026-09-12T18:11:07.9164658Z npm notice 859B dist/safe-fs/fs/s3/http/signature.d.ts
publish	Publish SafeFS with provenance	2026-09-12T18:11:07.9164936Z npm notice 4.0kB dist/safe-fs/fs/s3/http/signature.js
publish	Publish SafeFS with provenance	2026-09-12T18:11:07.9165224Z npm notice 203B dist/safe-fs/fs/s3/http/transport.d.ts
publish	Publish SafeFS with provenance	2026-09-12T18:11:07.9165503Z npm notice 24.3kB dist/safe-fs/fs/s3/http/transport.js
publish	Publish SafeFS with provenance	2026-09-12T18:11:07.9165777Z npm notice 1.2kB dist/safe-fs/fs/s3/http/types.d.ts
publish	Publish SafeFS with provenance	2026-09-12T18:11:07.9166038Z npm notice 11B dist/safe-fs/fs/s3/http/types.js
publish	Publish SafeFS with provenance	2026-09-12T18:11:07.9166307Z npm notice 515B dist/safe-fs/fs/s3/http/xml.d.ts
publish	Publish SafeFS with provenance	2026-09-12T18:11:07.9166563Z npm notice 7.2kB dist/safe-fs/fs/s3/http/xml.js
publish	Publish SafeFS with provenance	2026-09-12T18:11:07.9166817Z npm notice 590B dist/safe-fs/fs/s3/index.d.ts
publish	Publish SafeFS with provenance	2026-09-12T18:11:07.9167072Z npm notice 191B dist/safe-fs/fs/s3/index.js
publish	Publish SafeFS with provenance	2026-09-12T18:11:07.9167318Z npm notice 2.2kB dist/safe-fs/fs/s3/mock.d.ts
publish	Publish SafeFS with provenance	2026-09-12T18:11:07.9167564Z npm notice 10.8kB dist/safe-fs/fs/s3/mock.js
publish	Publish SafeFS with provenance	2026-09-12T18:11:07.9167824Z npm notice 833B dist/safe-fs/fs/s3/registry.d.ts
publish	Publish SafeFS with provenance	2026-09-12T18:11:07.9168173Z npm notice 3.3kB dist/safe-fs/fs/s3/registry.js
publish	Publish SafeFS with provenance	2026-09-12T18:11:07.9168435Z npm notice 4.0kB dist/safe-fs/fs/s3/transport.d.ts
publish	Publish SafeFS with provenance	2026-09-12T18:11:07.9168779Z npm notice 1.4kB dist/safe-fs/fs/s3/transport.js
publish	Publish SafeFS with provenance	2026-09-12T18:11:07.9169027Z npm notice 961B dist/safe-fs/fs/scoped.d.ts
publish	Publish SafeFS with provenance	2026-09-12T18:11:07.9169466Z npm notice 14.7kB dist/safe-fs/fs/scoped.js
publish	Publish SafeFS with provenance	2026-09-12T18:11:07.9169741Z npm notice 226B dist/safe-fs/fs/webdav/index.d.ts
publish	Publish SafeFS with provenance	2026-09-12T18:11:07.9170000Z npm notice 48B dist/safe-fs/fs/webdav/index.js
publish	Publish SafeFS with provenance	2026-09-12T18:11:07.9170277Z npm notice 1.2kB dist/safe-fs/fs/webdav/resource-id.d.ts
publish	Publish SafeFS with provenance	2026-09-12T18:11:07.9170572Z npm notice 4.8kB dist/safe-fs/fs/webdav/resource-id.js
publish	Publish SafeFS with provenance	2026-09-12T18:11:07.9170857Z npm notice 5.7kB dist/safe-fs/fs/webdav/webdav.d.ts
publish	Publish SafeFS with provenance	2026-09-12T18:11:07.9171124Z npm notice 64.2kB dist/safe-fs/fs/webdav/webdav.js
publish	Publish SafeFS with provenance	2026-09-12T18:11:07.9171377Z npm notice 668B dist/safe-fs/fs/webdav/xml.d.ts
publish	Publish SafeFS with provenance	2026-09-12T18:11:07.9171637Z npm notice 1.9kB dist/safe-fs/fs/webdav/xml.js
publish	Publish SafeFS with provenance	2026-09-12T18:11:07.9171885Z npm notice 998B dist/safe-fs/index.d.ts
publish	Publish SafeFS with provenance	2026-09-12T18:11:07.9172113Z npm notice 687B dist/safe-fs/index.js
publish	Publish SafeFS with provenance	2026-09-12T18:11:07.9172419Z npm notice 17.1kB dist/safe-fs/native/fs-seek/linux-x64-glibc.node
publish	Publish SafeFS with provenance	2026-09-12T18:11:07.9172734Z npm notice 174B dist/safe-fs/native/fs-seek/loader.d.ts
publish	Publish SafeFS with provenance	2026-09-12T18:11:07.9173023Z npm notice 5.5kB dist/safe-fs/native/fs-seek/loader.mjs
publish	Publish SafeFS with provenance	2026-09-12T18:11:07.9173325Z npm notice 1.7kB dist/safe-fs/native/fs-seek/manifest.json
publish	Publish SafeFS with provenance	2026-09-12T18:11:07.9173599Z npm notice 28B dist/safe-fs/node-host.d.ts
publish	Publish SafeFS with provenance	2026-09-12T18:11:07.9173834Z npm notice 28B dist/safe-fs/node-host.js
publish	Publish SafeFS with provenance	2026-09-12T18:11:07.9174099Z npm notice 11B dist/safe-fs/node-unavailable.d.ts
publish	Publish SafeFS with provenance	2026-09-12T18:11:07.9174364Z npm notice 11B dist/safe-fs/node-unavailable.js
publish	Publish SafeFS with provenance	2026-09-12T18:11:07.9174625Z npm notice 761B dist/safe-fs/node/filesystem.d.ts
publish	Publish SafeFS with provenance	2026-09-12T18:11:07.9174889Z npm notice 1.1kB dist/safe-fs/node/filesystem.js
publish	Publish SafeFS with provenance	2026-09-12T18:11:07.9175149Z npm notice 160B dist/safe-fs/node/index.d.ts
publish	Publish SafeFS with provenance	2026-09-12T18:11:07.9175377Z npm notice 54B dist/safe-fs/node/index.js
publish	Publish SafeFS with provenance	2026-09-12T18:11:07.9175625Z npm notice 304B dist/safe-fs/node/native-seek.d.ts
publish	Publish SafeFS with provenance	2026-09-12T18:11:07.9175906Z npm notice 2.2kB dist/safe-fs/node/native-seek.js
publish	Publish SafeFS with provenance	2026-09-12T18:11:07.9176162Z npm notice 91B dist/safe-fs/node/stats.d.ts
publish	Publish SafeFS with provenance	2026-09-12T18:11:07.9176408Z npm notice 91B dist/safe-fs/node/stats.js
publish	Publish SafeFS with provenance	2026-09-12T18:11:07.9176663Z npm notice 107B dist/safe-fs/node/values.d.ts
publish	Publish SafeFS with provenance	2026-09-12T18:11:07.9176909Z npm notice 107B dist/safe-fs/node/values.js
publish	Publish SafeFS with provenance	2026-09-12T18:11:07.9177162Z npm notice 521B dist/safe-fs/platform/browser.d.ts
publish	Publish SafeFS with provenance	2026-09-12T18:11:07.9177438Z npm notice 1.5kB dist/safe-fs/platform/browser.js
publish	Publish SafeFS with provenance	2026-09-12T18:11:07.9177696Z npm notice 551B dist/safe-fs/platform/node.d.ts
publish	Publish SafeFS with provenance	2026-09-12T18:11:07.9177953Z npm notice 1.1kB dist/safe-fs/platform/node.js
publish	Publish SafeFS with provenance	2026-09-12T18:11:07.9178254Z npm notice 709B dist/safe-fs/testing/atomic-filesystem.d.ts
publish	Publish SafeFS with provenance	2026-09-12T18:11:07.9178568Z npm notice 33.0kB dist/safe-fs/testing/atomic-filesystem.js
publish	Publish SafeFS with provenance	2026-09-12T18:11:07.9178840Z npm notice 1.5kB dist/safe-fs/xml.d.ts
publish	Publish SafeFS with provenance	2026-09-12T18:11:07.9179162Z npm notice 20.2kB dist/safe-fs/xml.js
publish	Publish SafeFS with provenance	2026-09-12T18:11:07.9179416Z npm notice 3.7kB package.json
publish	Publish SafeFS with provenance	2026-09-12T18:11:07.9179626Z npm notice Tarball Details
publish	Publish SafeFS with provenance	2026-09-12T18:11:07.9179854Z npm notice name: @poe-platform/safe-fs
publish	Publish SafeFS with provenance	2026-09-12T18:11:07.9180077Z npm notice version: 0.1.562
publish	Publish SafeFS with provenance	2026-09-12T18:11:07.9180326Z npm notice filename: poe-platform-safe-fs-0.1.562.tgz
publish	Publish SafeFS with provenance	2026-09-12T18:11:07.9180583Z npm notice package size: 141.5 kB
publish	Publish SafeFS with provenance	2026-09-12T18:11:07.9180811Z npm notice unpacked size: 716.9 kB
publish	Publish SafeFS with provenance	2026-09-12T18:11:07.9181090Z npm notice shasum: b09eda0f6335843fec9d60c2b9d0763e271223a1
publish	Publish SafeFS with provenance	2026-09-12T18:11:07.9181417Z npm notice integrity: sha512-y+OmNl17giu0J[...]1E0nX/4oHC7kQ==
publish	Publish SafeFS with provenance	2026-09-12T18:11:07.9181681Z npm notice total files: 141
publish	Publish SafeFS with provenance	2026-09-12T18:11:07.9181852Z npm notice
publish	Publish SafeFS with provenance	2026-09-12T18:11:09.4017222Z npm notice npm tokens that bypass 2FA are being restricted for account changes and direct publishing. Learn how to prepare: https://gh.io/npm-gat-bypass2fa-deprecation
publish	Publish SafeFS with provenance	2026-09-12T18:11:09.7612208Z npm notice Publishing to https://registry.npmjs.org/ with tag latest and public access
publish	Publish SafeFS with provenance	2026-09-12T18:11:10.3695183Z npm notice publish Signed provenance statement with source and build information from GitHub Actions
publish	Publish SafeFS with provenance	2026-09-12T18:11:10.3695929Z npm notice publish Provenance statement published to transparency log: https://search.sigstore.dev/?logIndex=2810341477
publish	Publish SafeFS with provenance	2026-09-12T18:11:12.7896474Z + @poe-platform/safe-fs@0.1.562
publish	Publish SafeJS with provenance	﻿2026-09-12T18:11:12.7978822Z ##[group]Run npm publish "$RUNNER_TEMP/safe-npm/safe-js" --provenance --access public
publish	Publish SafeJS with provenance	2026-09-12T18:11:12.7979483Z [36;1mnpm publish "$RUNNER_TEMP/safe-npm/safe-js" --provenance --access public[0m
publish	Publish SafeJS with provenance	2026-09-12T18:11:12.7998127Z shell: /usr/bin/bash -e {0}
publish	Publish SafeJS with provenance	2026-09-12T18:11:12.7998339Z ##[endgroup]
publish	Publish SafeJS with provenance	2026-09-12T18:11:16.1255864Z npm warn publish npm auto-corrected some errors in your package.json when publishing.  Please run "npm pkg fix" to address these errors.
publish	Publish SafeJS with provenance	2026-09-12T18:11:16.1257963Z npm warn publish errors corrected:
publish	Publish SafeJS with provenance	2026-09-12T18:11:16.1258469Z npm warn publish "bin[poe-safejs]" script name dist/safe-js/cli.js was invalid and removed
publish	Publish SafeJS with provenance	2026-09-12T18:11:16.1259197Z npm warn publish "bin[poe-safe-js]" script name dist/safe-js/cli.js was invalid and removed
publish	Publish SafeJS with provenance	2026-09-12T18:11:16.1294111Z npm notice
publish	Publish SafeJS with provenance	2026-09-12T18:11:16.1296429Z npm notice 📦  @poe-platform/safe-js@0.1.562
publish	Publish SafeJS with provenance	2026-09-12T18:11:16.1296736Z npm notice Tarball Contents
publish	Publish SafeJS with provenance	2026-09-12T18:11:16.1338671Z npm notice 1.1kB LICENSE
publish	Publish SafeJS with provenance	2026-09-12T18:11:16.1339268Z npm notice 100.3kB README.md
publish	Publish SafeJS with provenance	2026-09-12T18:11:16.1339685Z npm notice 107B dist/agent-defs/agents/claude-code.d.ts
publish	Publish SafeJS with provenance	2026-09-12T18:11:16.1340078Z npm notice 110B dist/agent-defs/agents/claude-desktop.d.ts
publish	Publish SafeJS with provenance	2026-09-12T18:11:16.1340438Z npm notice 102B dist/agent-defs/agents/codex.d.ts
publish	Publish SafeJS with provenance	2026-09-12T18:11:16.1340813Z npm notice 103B dist/agent-defs/agents/cursor.d.ts
publish	Publish SafeJS with provenance	2026-09-12T18:11:16.1341179Z npm notice 106B dist/agent-defs/agents/gemini-cli.d.ts
publish	Publish SafeJS with provenance	2026-09-12T18:11:16.1341540Z npm notice 102B dist/agent-defs/agents/goose.d.ts
publish	Publish SafeJS with provenance	2026-09-12T18:11:16.1341915Z npm notice 415B dist/agent-defs/agents/index.d.ts
publish	Publish SafeJS with provenance	2026-09-12T18:11:16.1342306Z npm notice 105B dist/agent-defs/agents/opencode.d.ts
publish	Publish SafeJS with provenance	2026-09-12T18:11:16.1342687Z npm notice 99B dist/agent-defs/agents/pi.d.ts
publish	Publish SafeJS with provenance	2026-09-12T18:11:16.1343048Z npm notice 105B dist/agent-defs/agents/poe-agent.d.ts
publish	Publish SafeJS with provenance	2026-09-12T18:11:16.1343397Z npm notice 656B dist/agent-defs/capabilities.d.ts
publish	Publish SafeJS with provenance	2026-09-12T18:11:16.1343736Z npm notice 590B dist/agent-defs/index.d.ts
publish	Publish SafeJS with provenance	2026-09-12T18:11:16.1344059Z npm notice 186B dist/agent-defs/registry.d.ts
publish	Publish SafeJS with provenance	2026-09-12T18:11:16.1344396Z npm notice 297B dist/agent-defs/specifier.d.ts
publish	Publish SafeJS with provenance	2026-09-12T18:11:16.1344718Z npm notice 1.3kB dist/agent-defs/types.d.ts
publish	Publish SafeJS with provenance	2026-09-12T18:11:16.1345086Z npm notice 329B dist/agent-harness-tools/binary-exists.d.ts
publish	Publish SafeJS with provenance	2026-09-12T18:11:16.1345498Z npm notice 3.4kB dist/agent-harness-tools/execution-env.d.ts
publish	Publish SafeJS with provenance	2026-09-12T18:11:16.1345881Z npm notice 909B dist/agent-harness-tools/hooks.d.ts
publish	Publish SafeJS with provenance	2026-09-12T18:11:16.1346267Z npm notice 1.9kB dist/agent-harness-tools/index.d.ts
publish	Publish SafeJS with provenance	2026-09-12T18:11:16.1346659Z npm notice 896B dist/agent-harness-tools/log-stream.d.ts
publish	Publish SafeJS with provenance	2026-09-12T18:11:16.1347068Z npm notice 411B dist/agent-harness-tools/participant.d.ts
publish	Publish SafeJS with provenance	2026-09-12T18:11:16.1347398Z npm notice 486B dist/agent-harness-tools/paths.d.ts
publish	Publish SafeJS with provenance	2026-09-12T18:11:16.1347708Z npm notice 285B dist/agent-harness-tools/plan-readiness.d.ts
publish	Publish SafeJS with provenance	2026-09-12T18:11:16.1348014Z npm notice 1.1kB dist/agent-harness-tools/plans.d.ts
publish	Publish SafeJS with provenance	2026-09-12T18:11:16.1348354Z npm notice 1.5kB dist/agent-harness-tools/poe-command-execution.d.ts
publish	Publish SafeJS with provenance	2026-09-12T18:11:16.1348690Z npm notice 639B dist/agent-harness-tools/run-logs.d.ts
publish	Publish SafeJS with provenance	2026-09-12T18:11:16.1349006Z npm notice 931B dist/agent-harness-tools/run-poe-command.d.ts
publish	Publish SafeJS with provenance	2026-09-12T18:11:16.1349557Z npm notice 1.1kB dist/agent-harness-tools/runner.d.ts
publish	Publish SafeJS with provenance	2026-09-12T18:11:16.1349906Z npm notice 556B dist/agent-harness-tools/select-agent.d.ts
publish	Publish SafeJS with provenance	2026-09-12T18:11:16.1350203Z npm notice 407B dist/agent-harness-tools/sequence.d.ts
publish	Publish SafeJS with provenance	2026-09-12T18:11:16.1350514Z npm notice 76B dist/agent-harness-tools/skill-config.d.ts
publish	Publish SafeJS with provenance	2026-09-12T18:11:16.1350808Z npm notice 678B dist/agent-harness-tools/stage.d.ts
publish	Publish SafeJS with provenance	2026-09-12T18:11:16.1351129Z npm notice 387B dist/agent-harness-tools/workspace-transfer.d.ts
publish	Publish SafeJS with provenance	2026-09-12T18:11:16.1351697Z npm notice 1.1kB dist/agent-spawn/acp/middleware.d.ts
publish	Publish SafeJS with provenance	2026-09-12T18:11:16.1351989Z npm notice 6.7kB dist/agent-spawn/acp/types.d.ts
publish	Publish SafeJS with provenance	2026-09-12T18:11:16.1352274Z npm notice 202B dist/agent-spawn/adapters/claude.d.ts
publish	Publish SafeJS with provenance	2026-09-12T18:11:16.1352557Z npm notice 141B dist/agent-spawn/adapters/codex.d.ts
publish	Publish SafeJS with provenance	2026-09-12T18:11:16.1352984Z npm notice 142B dist/agent-spawn/adapters/cursor.d.ts
publish	Publish SafeJS with provenance	2026-09-12T18:11:16.1353268Z npm notice 609B dist/agent-spawn/adapters/index.d.ts
publish	Publish SafeJS with provenance	2026-09-12T18:11:16.1353550Z npm notice 170B dist/agent-spawn/adapters/native.d.ts
publish	Publish SafeJS with provenance	2026-09-12T18:11:16.1353847Z npm notice 144B dist/agent-spawn/adapters/opencode.d.ts
publish	Publish SafeJS with provenance	2026-09-12T18:11:16.1354127Z npm notice 138B dist/agent-spawn/adapters/pi.d.ts
publish	Publish SafeJS with provenance	2026-09-12T18:11:16.1354400Z npm notice 207B dist/agent-spawn/environment.d.ts
publish	Publish SafeJS with provenance	2026-09-12T18:11:16.1354680Z npm notice 1.2kB dist/agent-spawn/parallel.d.ts
publish	Publish SafeJS with provenance	2026-09-12T18:11:16.1354938Z npm notice 993B dist/agent-spawn/retry.d.ts
publish	Publish SafeJS with provenance	2026-09-12T18:11:16.1355196Z npm notice 10.4kB dist/agent-spawn/types.d.ts
publish	Publish SafeJS with provenance	2026-09-12T18:11:16.1355489Z npm notice 182B dist/auth-store/create-secret-store.d.ts
publish	Publish SafeJS with provenance	2026-09-12T18:11:16.1355796Z npm notice 1.7kB dist/auth-store/encrypted-file-store.d.ts
publish	Publish SafeJS with provenance	2026-09-12T18:11:16.1356071Z npm notice 608B dist/auth-store/index.d.ts
publish	Publish SafeJS with provenance	2026-09-12T18:11:16.1356331Z npm notice 815B dist/auth-store/keychain-store.d.ts
publish	Publish SafeJS with provenance	2026-09-12T18:11:16.1356617Z npm notice 503B dist/auth-store/provider-store.d.ts
publish	Publish SafeJS with provenance	2026-09-12T18:11:16.1356922Z npm notice 704B dist/auth-store/types.d.ts
publish	Publish SafeJS with provenance	2026-09-12T18:11:16.1357160Z npm notice 44B dist/compat/fs-core.d.ts
publish	Publish SafeJS with provenance	2026-09-12T18:11:16.1357399Z npm notice 44B dist/compat/fs-core.js
publish	Publish SafeJS with provenance	2026-09-12T18:11:16.1357630Z npm notice 44B dist/compat/fs-node.d.ts
publish	Publish SafeJS with provenance	2026-09-12T18:11:16.1357871Z npm notice 44B dist/compat/fs-node.js
publish	Publish SafeJS with provenance	2026-09-12T18:11:16.1358097Z npm notice 39B dist/compat/fs.d.ts
publish	Publish SafeJS with provenance	2026-09-12T18:11:16.1358324Z npm notice 39B dist/compat/fs.js
publish	Publish SafeJS with provenance	2026-09-12T18:11:16.1358618Z npm notice 352B dist/config-mutations/execution/run-mutations.d.ts
publish	Publish SafeJS with provenance	2026-09-12T18:11:16.1358930Z npm notice 633B dist/config-mutations/fs-utils.d.ts
publish	Publish SafeJS with provenance	2026-09-12T18:11:16.1359354Z npm notice 682B dist/config-mutations/index.d.ts
publish	Publish SafeJS with provenance	2026-09-12T18:11:16.1359698Z npm notice 2.0kB dist/config-mutations/mutations/config-mutation.d.ts
publish	Publish SafeJS with provenance	2026-09-12T18:11:16.1360059Z npm notice 2.5kB dist/config-mutations/mutations/file-mutation.d.ts
publish	Publish SafeJS with provenance	2026-09-12T18:11:16.1360422Z npm notice 1.6kB dist/config-mutations/mutations/template-mutation.d.ts
publish	Publish SafeJS with provenance	2026-09-12T18:11:16.1360764Z npm notice 276B dist/config-mutations/template/render.d.ts
publish	Publish SafeJS with provenance	2026-09-12T18:11:16.1361047Z npm notice 6.1kB dist/config-mutations/types.d.ts
publish	Publish SafeJS with provenance	2026-09-12T18:11:16.1361312Z npm notice 152B dist/poe-code-config/config.d.ts
publish	Publish SafeJS with provenance	2026-09-12T18:11:16.1361623Z npm notice 1.1kB dist/poe-code-config/configured-services.d.ts
publish	Publish SafeJS with provenance	2026-09-12T18:11:16.1361916Z npm notice 2.2kB dist/poe-code-config/core.d.ts
publish	Publish SafeJS with provenance	2026-09-12T18:11:16.1362185Z npm notice 737B dist/poe-code-config/inspect.d.ts
publish	Publish SafeJS with provenance	2026-09-12T18:11:16.1362449Z npm notice 900B dist/poe-code-config/memory.d.ts
publish	Publish SafeJS with provenance	2026-09-12T18:11:16.1362746Z npm notice 2.3kB dist/poe-code-config/merge-callbacks.d.ts
publish	Publish SafeJS with provenance	2026-09-12T18:11:16.1363027Z npm notice 158B dist/poe-code-config/merge.d.ts
publish	Publish SafeJS with provenance	2026-09-12T18:11:16.1363301Z npm notice 307B dist/poe-code-config/plan-scope.d.ts
publish	Publish SafeJS with provenance	2026-09-12T18:11:16.1363605Z npm notice 766B dist/poe-code-config/provider-config.d.ts
publish	Publish SafeJS with provenance	2026-09-12T18:11:16.1363894Z npm notice 228B dist/poe-code-config/resolve.d.ts
publish	Publish SafeJS with provenance	2026-09-12T18:11:16.1364168Z npm notice 3.1kB dist/poe-code-config/runtime.d.ts
publish	Publish SafeJS with provenance	2026-09-12T18:11:16.1364444Z npm notice 679B dist/poe-code-config/schema.d.ts
publish	Publish SafeJS with provenance	2026-09-12T18:11:16.1364713Z npm notice 937B dist/poe-code-config/state/fs.d.ts
publish	Publish SafeJS with provenance	2026-09-12T18:11:16.1364994Z npm notice 706B dist/poe-code-config/state/index.d.ts
publish	Publish SafeJS with provenance	2026-09-12T18:11:16.1365288Z npm notice 1.1kB dist/poe-code-config/state/jobs.d.ts
publish	Publish SafeJS with provenance	2026-09-12T18:11:16.1365584Z npm notice 737B dist/poe-code-config/state/templates.d.ts
publish	Publish SafeJS with provenance	2026-09-12T18:11:16.1365864Z npm notice 1.1kB dist/poe-code-config/store.d.ts
publish	Publish SafeJS with provenance	2026-09-12T18:11:16.1366224Z npm notice 3.0kB dist/poe-code-config/types.d.ts
publish	Publish SafeJS with provenance	2026-09-12T18:11:16.1366524Z npm notice 199B dist/process-runner/docker/build-context.d.ts
publish	Publish SafeJS with provenance	2026-09-12T18:11:16.1366839Z npm notice 191B dist/process-runner/docker/context.d.ts
publish	Publish SafeJS with provenance	2026-09-12T18:11:16.1367176Z npm notice 879B dist/process-runner/docker/docker-execution-env.d.ts
publish	Publish SafeJS with provenance	2026-09-12T18:11:16.1367596Z npm notice 146B dist/process-runner/docker/docker-runner.d.ts
publish	Publish SafeJS with provenance	2026-09-12T18:11:16.1367906Z npm notice 159B dist/process-runner/docker/engine.d.ts
publish	Publish SafeJS with provenance	2026-09-12T18:11:16.1368221Z npm notice 123B dist/process-runner/host/host-execution-env.d.ts
publish	Publish SafeJS with provenance	2026-09-12T18:11:16.1368556Z npm notice 176B dist/process-runner/host/host-runner.d.ts
publish	Publish SafeJS with provenance	2026-09-12T18:11:16.1368849Z npm notice 1.3kB dist/process-runner/index.d.ts
publish	Publish SafeJS with provenance	2026-09-12T18:11:16.1369332Z npm notice 132B dist/process-runner/testing/index.d.ts
publish	Publish SafeJS with provenance	2026-09-12T18:11:16.1369663Z npm notice 252B dist/process-runner/testing/mock-runner.d.ts
publish	Publish SafeJS with provenance	2026-09-12T18:11:16.1369955Z npm notice 5.1kB dist/process-runner/types.d.ts
publish	Publish SafeJS with provenance	2026-09-12T18:11:16.1370263Z npm notice 2.1kB dist/process-runner/workspace-transfer.d.ts
publish	Publish SafeJS with provenance	2026-09-12T18:11:16.1370569Z npm notice 184B dist/providers/auth/api-key.d.ts
publish	Publish SafeJS with provenance	2026-09-12T18:11:16.1370829Z npm notice 762B dist/providers/auth/types.d.ts
publish	Publish SafeJS with provenance	2026-09-12T18:11:16.1371098Z npm notice 200B dist/providers/compatibility.d.ts
publish	Publish SafeJS with provenance	2026-09-12T18:11:16.1371366Z npm notice 570B dist/providers/index.d.ts
publish	Publish SafeJS with provenance	2026-09-12T18:11:16.1371642Z npm notice 76B dist/providers/providers/anthropic.d.ts
publish	Publish SafeJS with provenance	2026-09-12T18:11:16.1371941Z npm notice 77B dist/providers/providers/cloudflare.d.ts
publish	Publish SafeJS with provenance	2026-09-12T18:11:16.1372252Z npm notice 206B dist/providers/providers/generated.d.ts
publish	Publish SafeJS with provenance	2026-09-12T18:11:16.1372533Z npm notice 73B dist/providers/providers/openai.d.ts
publish	Publish SafeJS with provenance	2026-09-12T18:11:16.1372807Z npm notice 115B dist/providers/providers/poe.d.ts
publish	Publish SafeJS with provenance	2026-09-12T18:11:16.1373087Z npm notice 1.7kB dist/providers/registry.d.ts
publish	Publish SafeJS with provenance	2026-09-12T18:11:16.1373341Z npm notice 1.5kB dist/providers/types.d.ts
publish	Publish SafeJS with provenance	2026-09-12T18:11:16.1373602Z npm notice 11B dist/safe-fs/node-unavailable.d.ts
publish	Publish SafeJS with provenance	2026-09-12T18:11:16.1373893Z npm notice 8.3MB dist/safe-js/chunks/chunk-2HW3LFPG.js
publish	Publish SafeJS with provenance	2026-09-12T18:11:16.1374207Z npm notice 10.8MB dist/safe-js/chunks/chunk-2HW3LFPG.js.map
publish	Publish SafeJS with provenance	2026-09-12T18:11:16.1374511Z npm notice 8.6kB dist/safe-js/chunks/chunk-3RGYZAZ5.js
publish	Publish SafeJS with provenance	2026-09-12T18:11:16.1374810Z npm notice 16.3kB dist/safe-js/chunks/chunk-3RGYZAZ5.js.map
publish	Publish SafeJS with provenance	2026-09-12T18:11:16.1375118Z npm notice 1.6kB dist/safe-js/chunks/chunk-3XIJZJPY.js
publish	Publish SafeJS with provenance	2026-09-12T18:11:16.1375416Z npm notice 3.3kB dist/safe-js/chunks/chunk-3XIJZJPY.js.map
publish	Publish SafeJS with provenance	2026-09-12T18:11:16.1375706Z npm notice 1.6kB dist/safe-js/chunks/chunk-4YIDX44G.js
publish	Publish SafeJS with provenance	2026-09-12T18:11:16.1376003Z npm notice 93B dist/safe-js/chunks/chunk-4YIDX44G.js.map
publish	Publish SafeJS with provenance	2026-09-12T18:11:16.1376295Z npm notice 804B dist/safe-js/chunks/chunk-BRFJ7BKN.js
publish	Publish SafeJS with provenance	2026-09-12T18:11:16.1376591Z npm notice 1.4kB dist/safe-js/chunks/chunk-BRFJ7BKN.js.map
publish	Publish SafeJS with provenance	2026-09-12T18:11:16.1376905Z npm notice 259.6kB dist/safe-js/chunks/chunk-DKYQRRRK.js
publish	Publish SafeJS with provenance	2026-09-12T18:11:16.1377213Z npm notice 491.8kB dist/safe-js/chunks/chunk-DKYQRRRK.js.map
publish	Publish SafeJS with provenance	2026-09-12T18:11:16.1377512Z npm notice 1.2kB dist/safe-js/chunks/chunk-E6CG7XFT.js
publish	Publish SafeJS with provenance	2026-09-12T18:11:16.1377806Z npm notice 2.5kB dist/safe-js/chunks/chunk-E6CG7XFT.js.map
publish	Publish SafeJS with provenance	2026-09-12T18:11:16.1378089Z npm notice 6.6kB dist/safe-js/chunks/chunk-ENMNPYS7.js
publish	Publish SafeJS with provenance	2026-09-12T18:11:16.1378378Z npm notice 12.1kB dist/safe-js/chunks/chunk-ENMNPYS7.js.map
publish	Publish SafeJS with provenance	2026-09-12T18:11:16.1378690Z npm notice 6.1kB dist/safe-js/chunks/chunk-FWG2C3KX.js
publish	Publish SafeJS with provenance	2026-09-12T18:11:16.1378988Z npm notice 11.8kB dist/safe-js/chunks/chunk-FWG2C3KX.js.map
publish	Publish SafeJS with provenance	2026-09-12T18:11:16.1379454Z npm notice 137.9kB dist/safe-js/chunks/chunk-HMJGGU6F.js
publish	Publish SafeJS with provenance	2026-09-12T18:11:16.1379859Z npm notice 324.2kB dist/safe-js/chunks/chunk-HMJGGU6F.js.map
publish	Publish SafeJS with provenance	2026-09-12T18:11:16.1380173Z npm notice 337.3kB dist/safe-js/chunks/chunk-KK76B7ZI.js
publish	Publish SafeJS with provenance	2026-09-12T18:11:16.1380474Z npm notice 657.4kB dist/safe-js/chunks/chunk-KK76B7ZI.js.map
publish	Publish SafeJS with provenance	2026-09-12T18:11:16.1380778Z npm notice 78.3kB dist/safe-js/chunks/chunk-KP7VL6BE.js
publish	Publish SafeJS with provenance	2026-09-12T18:11:16.1381088Z npm notice 185.0kB dist/safe-js/chunks/chunk-KP7VL6BE.js.map
publish	Publish SafeJS with provenance	2026-09-12T18:11:16.1381473Z npm notice 4.3kB dist/safe-js/chunks/chunk-KVOI2OHU.js
publish	Publish SafeJS with provenance	2026-09-12T18:11:16.1381771Z npm notice 8.4kB dist/safe-js/chunks/chunk-KVOI2OHU.js.map
publish	Publish SafeJS with provenance	2026-09-12T18:11:16.1382081Z npm notice 87.2kB dist/safe-js/chunks/chunk-LYHLJFLA.js
publish	Publish SafeJS with provenance	2026-09-12T18:11:16.1382384Z npm notice 192.5kB dist/safe-js/chunks/chunk-LYHLJFLA.js.map
publish	Publish SafeJS with provenance	2026-09-12T18:11:16.1382751Z npm notice 1.3kB dist/safe-js/chunks/chunk-OZLTLIHX.js
publish	Publish SafeJS with provenance	2026-09-12T18:11:16.1383058Z npm notice 2.7kB dist/safe-js/chunks/chunk-OZLTLIHX.js.map
publish	Publish SafeJS with provenance	2026-09-12T18:11:16.1383356Z npm notice 13.8kB dist/safe-js/chunks/chunk-RTSSA5EK.js
publish	Publish SafeJS with provenance	2026-09-12T18:11:16.1383654Z npm notice 27.8kB dist/safe-js/chunks/chunk-RTSSA5EK.js.map
publish	Publish SafeJS with provenance	2026-09-12T18:11:16.1383963Z npm notice 462B dist/safe-js/chunks/chunk-SJZWSPWD.js
publish	Publish SafeJS with provenance	2026-09-12T18:11:16.1384258Z npm notice 856B dist/safe-js/chunks/chunk-SJZWSPWD.js.map
publish	Publish SafeJS with provenance	2026-09-12T18:11:16.1384553Z npm notice 23.8kB dist/safe-js/chunks/chunk-U2XMXEYO.js
publish	Publish SafeJS with provenance	2026-09-12T18:11:16.1384860Z npm notice 62.0kB dist/safe-js/chunks/chunk-U2XMXEYO.js.map
publish	Publish SafeJS with provenance	2026-09-12T18:11:16.1385181Z npm notice 22.0kB dist/safe-js/chunks/cli-runtime-I5Q2ENJ7.js
publish	Publish SafeJS with provenance	2026-09-12T18:11:16.1385513Z npm notice 42.3kB dist/safe-js/chunks/cli-runtime-I5Q2ENJ7.js.map
publish	Publish SafeJS with provenance	2026-09-12T18:11:16.1385830Z npm notice 371B dist/safe-js/chunks/dump-Z7B545HQ.js
publish	Publish SafeJS with provenance	2026-09-12T18:11:16.1386120Z npm notice 93B dist/safe-js/chunks/dump-Z7B545HQ.js.map
publish	Publish SafeJS with provenance	2026-09-12T18:11:16.1386404Z npm notice 313B dist/safe-js/chunks/fs-KPS66DMF.js
publish	Publish SafeJS with provenance	2026-09-12T18:11:16.1386690Z npm notice 93B dist/safe-js/chunks/fs-KPS66DMF.js.map
publish	Publish SafeJS with provenance	2026-09-12T18:11:16.1386978Z npm notice 226B dist/safe-js/chunks/harness-WSRSPAAJ.js
publish	Publish SafeJS with provenance	2026-09-12T18:11:16.1387278Z npm notice 93B dist/safe-js/chunks/harness-WSRSPAAJ.js.map
publish	Publish SafeJS with provenance	2026-09-12T18:11:16.1387572Z npm notice 244B dist/safe-js/chunks/mcp-GE5EY3HJ.js
publish	Publish SafeJS with provenance	2026-09-12T18:11:16.1387862Z npm notice 93B dist/safe-js/chunks/mcp-GE5EY3HJ.js.map
publish	Publish SafeJS with provenance	2026-09-12T18:11:16.1388176Z npm notice 297B dist/safe-js/chunks/migration-file-34XPZWEP.js
publish	Publish SafeJS with provenance	2026-09-12T18:11:16.1388521Z npm notice 93B dist/safe-js/chunks/migration-file-34XPZWEP.js.map
publish	Publish SafeJS with provenance	2026-09-12T18:11:16.1388853Z npm notice 286B dist/safe-js/chunks/restore-DMHT34HO.js
publish	Publish SafeJS with provenance	2026-09-12T18:11:16.1389307Z npm notice 93B dist/safe-js/chunks/restore-DMHT34HO.js.map
publish	Publish SafeJS with provenance	2026-09-12T18:11:16.1389684Z npm notice 398B dist/safe-js/chunks/run-EZY4RGR4.js
publish	Publish SafeJS with provenance	2026-09-12T18:11:16.1389965Z npm notice 93B dist/safe-js/chunks/run-EZY4RGR4.js.map
publish	Publish SafeJS with provenance	2026-09-12T18:11:16.1390296Z npm notice 272B dist/safe-js/chunks/runtime-modules-2EKMDOAP.js
publish	Publish SafeJS with provenance	2026-09-12T18:11:16.1390643Z npm notice 93B dist/safe-js/chunks/runtime-modules-2EKMDOAP.js.map
publish	Publish SafeJS with provenance	2026-09-12T18:11:16.1390945Z npm notice 1.3kB dist/safe-js/cli-runtime.d.ts
publish	Publish SafeJS with provenance	2026-09-12T18:11:16.1391207Z npm notice 266B dist/safe-js/cli.d.ts
publish	Publish SafeJS with provenance	2026-09-12T18:11:16.1391439Z npm notice 3.5kB dist/safe-js/cli.js
publish	Publish SafeJS with provenance	2026-09-12T18:11:16.1391680Z npm notice 5.4kB dist/safe-js/cli.js.map
publish	Publish SafeJS with provenance	2026-09-12T18:11:16.1391921Z npm notice 988B dist/safe-js/core.d.ts
publish	Publish SafeJS with provenance	2026-09-12T18:11:16.1392161Z npm notice 616B dist/safe-js/core.js
publish	Publish SafeJS with provenance	2026-09-12T18:11:16.1392394Z npm notice 93B dist/safe-js/core.js.map
publish	Publish SafeJS with provenance	2026-09-12T18:11:16.1392630Z npm notice 164B dist/safe-js/dump.d.ts
publish	Publish SafeJS with provenance	2026-09-12T18:11:16.1392882Z npm notice 484B dist/safe-js/error/format.d.ts
publish	Publish SafeJS with provenance	2026-09-12T18:11:16.1393142Z npm notice 1.8kB dist/safe-js/error/shape.d.ts
publish	Publish SafeJS with provenance	2026-09-12T18:11:16.1393402Z npm notice 2.2kB dist/safe-js/extensions.d.ts
publish	Publish SafeJS with provenance	2026-09-12T18:11:16.1393664Z npm notice 5.0kB dist/safe-js/index.d.ts
publish	Publish SafeJS with provenance	2026-09-12T18:11:16.1393893Z npm notice 14.2kB dist/safe-js/index.js
publish	Publish SafeJS with provenance	2026-09-12T18:11:16.1394123Z npm notice 30.3kB dist/safe-js/index.js.map
publish	Publish SafeJS with provenance	2026-09-12T18:11:16.1394390Z npm notice 1.1kB dist/safe-js/interp/arguments.d.ts
publish	Publish SafeJS with provenance	2026-09-12T18:11:16.1394702Z npm notice 1.5kB dist/safe-js/interp/async-disposable-stack.d.ts
publish	Publish SafeJS with provenance	2026-09-12T18:11:16.1394997Z npm notice 5.9kB dist/safe-js/interp/async.d.ts
publish	Publish SafeJS with provenance	2026-09-12T18:11:16.1395257Z npm notice 3.3kB dist/safe-js/interp/budget.d.ts
publish	Publish SafeJS with provenance	2026-09-12T18:11:16.1395544Z npm notice 315B dist/safe-js/interp/collection-brands.d.ts
publish	Publish SafeJS with provenance	2026-09-12T18:11:16.1395871Z npm notice 1.6kB dist/safe-js/interp/collection-iterator.d.ts
publish	Publish SafeJS with provenance	2026-09-12T18:11:16.1396352Z npm notice 431B dist/safe-js/interp/collection-properties.d.ts
publish	Publish SafeJS with provenance	2026-09-12T18:11:16.1396675Z npm notice 4.6kB dist/safe-js/interp/exceptions.d.ts
publish	Publish SafeJS with provenance	2026-09-12T18:11:16.1397004Z npm notice 3.0kB dist/safe-js/interp/generator-expression-state.d.ts
publish	Publish SafeJS with provenance	2026-09-12T18:11:16.1397320Z npm notice 974B dist/safe-js/interp/generator.d.ts
publish	Publish SafeJS with provenance	2026-09-12T18:11:16.1397692Z npm notice 560B dist/safe-js/interp/globals/console-json.d.ts
publish	Publish SafeJS with provenance	2026-09-12T18:11:16.1397989Z npm notice 2.6kB dist/safe-js/interp/host-bridge.d.ts
publish	Publish SafeJS with provenance	2026-09-12T18:11:16.1398265Z npm notice 7.0kB dist/safe-js/interp/host-call.d.ts
publish	Publish SafeJS with provenance	2026-09-12T18:11:16.1398578Z npm notice 164B dist/safe-js/interp/host-callback-context.d.ts
publish	Publish SafeJS with provenance	2026-09-12T18:11:16.1398902Z npm notice 3.7kB dist/safe-js/interp/host-capabilities.d.ts
publish	Publish SafeJS with provenance	2026-09-12T18:11:16.1399334Z npm notice 3.4kB dist/safe-js/interp/interpreter.d.ts
publish	Publish SafeJS with provenance	2026-09-12T18:11:16.1399642Z npm notice 1.1kB dist/safe-js/interp/intl-collator.d.ts
publish	Publish SafeJS with provenance	2026-09-12T18:11:16.1399951Z npm notice 1.2kB dist/safe-js/interp/intl-datetimeformat.d.ts
publish	Publish SafeJS with provenance	2026-09-12T18:11:16.1400274Z npm notice 762B dist/safe-js/interp/intl-displaynames.d.ts
publish	Publish SafeJS with provenance	2026-09-12T18:11:16.1400601Z npm notice 690B dist/safe-js/interp/intl-duration-options.d.ts
publish	Publish SafeJS with provenance	2026-09-12T18:11:16.1400924Z npm notice 605B dist/safe-js/interp/intl-durationformat.d.ts
publish	Publish SafeJS with provenance	2026-09-12T18:11:16.1401245Z npm notice 691B dist/safe-js/interp/intl-listformat.d.ts
publish	Publish SafeJS with provenance	2026-09-12T18:11:16.1401557Z npm notice 1.0kB dist/safe-js/interp/intl-numberformat.d.ts
publish	Publish SafeJS with provenance	2026-09-12T18:11:16.1401861Z npm notice 604B dist/safe-js/interp/intl-pluralrules.d.ts
publish	Publish SafeJS with provenance	2026-09-12T18:11:16.1402182Z npm notice 796B dist/safe-js/interp/intl-relativetimeformat.d.ts
publish	Publish SafeJS with provenance	2026-09-12T18:11:16.1402495Z npm notice 1.1kB dist/safe-js/interp/intl-segmenter.d.ts
publish	Publish SafeJS with provenance	2026-09-12T18:11:16.1402786Z npm notice 3.0kB dist/safe-js/interp/iteration.d.ts
publish	Publish SafeJS with provenance	2026-09-12T18:11:16.1403071Z npm notice 864B dist/safe-js/interp/iterator-helper.d.ts
publish	Publish SafeJS with provenance	2026-09-12T18:11:16.1403382Z npm notice 224B dist/safe-js/interp/iterator-wrapper.d.ts
publish	Publish SafeJS with provenance	2026-09-12T18:11:16.1403668Z npm notice 1.8kB dist/safe-js/interp/jobs.d.ts
publish	Publish SafeJS with provenance	2026-09-12T18:11:16.1403965Z npm notice 231B dist/safe-js/interp/module-function-origin.d.ts
publish	Publish SafeJS with provenance	2026-09-12T18:11:16.1404288Z npm notice 576B dist/safe-js/interp/numberformat-backend.d.ts
publish	Publish SafeJS with provenance	2026-09-12T18:11:16.1404616Z npm notice 723B dist/safe-js/interp/numberformat-portable.d.ts
publish	Publish SafeJS with provenance	2026-09-12T18:11:16.1404911Z npm notice 2.2kB dist/safe-js/interp/patterns.d.ts
publish	Publish SafeJS with provenance	2026-09-12T18:11:16.1405192Z npm notice 662B dist/safe-js/interp/private-state.d.ts
publish	Publish SafeJS with provenance	2026-09-12T18:11:16.1405549Z npm notice 3.3kB dist/safe-js/interp/promise-continuations.d.ts
publish	Publish SafeJS with provenance	2026-09-12T18:11:16.1405871Z npm notice 2.6kB dist/safe-js/interp/promise-replay.d.ts
publish	Publish SafeJS with provenance	2026-09-12T18:11:16.1406174Z npm notice 1.2kB dist/safe-js/interp/regex/compile-guard.d.ts
publish	Publish SafeJS with provenance	2026-09-12T18:11:16.1406482Z npm notice 2.2kB dist/safe-js/interp/regex/parse.d.ts
publish	Publish SafeJS with provenance	2026-09-12T18:11:16.1406773Z npm notice 843B dist/safe-js/interp/regexp-iterator.d.ts
publish	Publish SafeJS with provenance	2026-09-12T18:11:16.1407072Z npm notice 219B dist/safe-js/interp/regexp-properties.d.ts
publish	Publish SafeJS with provenance	2026-09-12T18:11:16.1407401Z npm notice 1.5kB dist/safe-js/interp/resource-management.d.ts
publish	Publish SafeJS with provenance	2026-09-12T18:11:16.1407685Z npm notice 5.1kB dist/safe-js/interp/scope.d.ts
publish	Publish SafeJS with provenance	2026-09-12T18:11:16.1407976Z npm notice 1.0kB dist/safe-js/interp/temporal-duration.d.ts
publish	Publish SafeJS with provenance	2026-09-12T18:11:16.1408315Z npm notice 1.2kB dist/safe-js/interp/temporal-plain-date-time.d.ts
publish	Publish SafeJS with provenance	2026-09-12T18:11:16.1408650Z npm notice 1.0kB dist/safe-js/interp/temporal-plain-date.d.ts
publish	Publish SafeJS with provenance	2026-09-12T18:11:16.1408980Z npm notice 1.0kB dist/safe-js/interp/temporal-plain-month-day.d.ts
publish	Publish SafeJS with provenance	2026-09-12T18:11:16.1409391Z npm notice 1.2kB dist/safe-js/interp/temporal-plain-time.d.ts
publish	Publish SafeJS with provenance	2026-09-12T18:11:16.1409729Z npm notice 1.0kB dist/safe-js/interp/temporal-plain-year-month.d.ts
publish	Publish SafeJS with provenance	2026-09-12T18:11:16.1410064Z npm notice 979B dist/safe-js/interp/typed-array-constructors.d.ts
publish	Publish SafeJS with provenance	2026-09-12T18:11:16.1410373Z npm notice 1.7kB dist/safe-js/interp/typed-array.d.ts
publish	Publish SafeJS with provenance	2026-09-12T18:11:16.1410653Z npm notice 10.0kB dist/safe-js/interp/values.d.ts
publish	Publish SafeJS with provenance	2026-09-12T18:11:16.1411033Z npm notice 60B dist/safe-js/intl-data/dist/numberformat-engine.d.ts
publish	Publish SafeJS with provenance	2026-09-12T18:11:16.1411315Z npm notice 105B dist/safe-js/lint.d.ts
publish	Publish SafeJS with provenance	2026-09-12T18:11:16.1411564Z npm notice 1.1kB dist/safe-js/lint/index.d.ts
publish	Publish SafeJS with provenance	2026-09-12T18:11:16.1411867Z npm notice 782B dist/safe-js/lint/rules/AS-export-import-meta.d.ts
publish	Publish SafeJS with provenance	2026-09-12T18:11:16.1412248Z npm notice 1.7kB dist/safe-js/lint/rules/module-registry.d.ts
publish	Publish SafeJS with provenance	2026-09-12T18:11:16.1412555Z npm notice 437B dist/safe-js/loader/extract-block.d.ts
publish	Publish SafeJS with provenance	2026-09-12T18:11:16.1412841Z npm notice 250B dist/safe-js/loader/find-exported.d.ts
publish	Publish SafeJS with provenance	2026-09-12T18:11:16.1413125Z npm notice 188B dist/safe-js/loader/frontmatter.d.ts
publish	Publish SafeJS with provenance	2026-09-12T18:11:16.1413391Z npm notice 1.5kB dist/safe-js/migrate.d.ts
publish	Publish SafeJS with provenance	2026-09-12T18:11:16.1413647Z npm notice 2.3kB dist/safe-js/migration-file.d.ts
publish	Publish SafeJS with provenance	2026-09-12T18:11:16.1413910Z npm notice 4.0kB dist/safe-js/modules/agent.d.ts
publish	Publish SafeJS with provenance	2026-09-12T18:11:16.1414174Z npm notice 525B dist/safe-js/modules/env.d.ts
publish	Publish SafeJS with provenance	2026-09-12T18:11:16.1414423Z npm notice 176B dist/safe-js/modules/fail.d.ts
publish	Publish SafeJS with provenance	2026-09-12T18:11:16.1414687Z npm notice 608B dist/safe-js/modules/fs-config.d.ts
publish	Publish SafeJS with provenance	2026-09-12T18:11:16.1414951Z npm notice 4.0kB dist/safe-js/modules/fs.d.ts
publish	Publish SafeJS with provenance	2026-09-12T18:11:16.1415206Z npm notice 600B dist/safe-js/modules/harness.d.ts
publish	Publish SafeJS with provenance	2026-09-12T18:11:16.1415465Z npm notice 441B dist/safe-js/modules/log.d.ts
publish	Publish SafeJS with provenance	2026-09-12T18:11:16.1415747Z npm notice 972B dist/safe-js/modules/mcp-transport.d.ts
publish	Publish SafeJS with provenance	2026-09-12T18:11:16.1416025Z npm notice 1.9kB dist/safe-js/modules/mcp.d.ts
publish	Publish SafeJS with provenance	2026-09-12T18:11:16.1416290Z npm notice 174B dist/safe-js/modules/metric.d.ts
publish	Publish SafeJS with provenance	2026-09-12T18:11:16.1416561Z npm notice 2.0kB dist/safe-js/modules/registry.d.ts
publish	Publish SafeJS with provenance	2026-09-12T18:11:16.1416853Z npm notice 322B dist/safe-js/modules/time.d.ts
publish	Publish SafeJS with provenance	2026-09-12T18:11:16.1417109Z npm notice 11B dist/safe-js/node-unavailable.d.ts
publish	Publish SafeJS with provenance	2026-09-12T18:11:16.1417385Z npm notice 1.3kB dist/safe-js/observability/otel.d.ts
publish	Publish SafeJS with provenance	2026-09-12T18:11:16.1417662Z npm notice 713B dist/safe-js/output-stream.d.ts
publish	Publish SafeJS with provenance	2026-09-12T18:11:16.1417908Z npm notice 1.6kB dist/safe-js/parse.d.ts
publish	Publish SafeJS with provenance	2026-09-12T18:11:16.1418175Z npm notice 1.3kB dist/safe-js/parse/dynamic-source.d.ts
publish	Publish SafeJS with provenance	2026-09-12T18:11:16.1418474Z npm notice 1.3kB dist/safe-js/parse/function-source.d.ts
publish	Publish SafeJS with provenance	2026-09-12T18:11:16.1418761Z npm notice 1.6kB dist/safe-js/parse/parse-export.d.ts
publish	Publish SafeJS with provenance	2026-09-12T18:11:16.1419029Z npm notice 13.7kB dist/safe-js/parse/parser.d.ts
publish	Publish SafeJS with provenance	2026-09-12T18:11:16.1419398Z npm notice 1.1kB dist/safe-js/parse/tokenizer.d.ts
publish	Publish SafeJS with provenance	2026-09-12T18:11:16.1419642Z npm notice 312B dist/safe-js/random.d.ts
publish	Publish SafeJS with provenance	2026-09-12T18:11:16.1419866Z npm notice 2.1kB dist/safe-js/realm.d.ts
publish	Publish SafeJS with provenance	2026-09-12T18:11:16.1420092Z npm notice 824B dist/safe-js/restore.d.ts
publish	Publish SafeJS with provenance	2026-09-12T18:11:16.1420334Z npm notice 3.2kB dist/safe-js/run.d.ts
publish	Publish SafeJS with provenance	2026-09-12T18:11:16.1420590Z npm notice 1.3kB dist/safe-js/runner/run-harness.d.ts
publish	Publish SafeJS with provenance	2026-09-12T18:11:16.1420870Z npm notice 593B dist/safe-js/snapshot/arguments.d.ts
publish	Publish SafeJS with provenance	2026-09-12T18:11:16.1421162Z npm notice 874B dist/safe-js/snapshot/array-buffer.d.ts
publish	Publish SafeJS with provenance	2026-09-12T18:11:16.1421435Z npm notice 656B dist/safe-js/snapshot/backend.d.ts
publish	Publish SafeJS with provenance	2026-09-12T18:11:16.1421710Z npm notice 727B dist/safe-js/snapshot/data-view.d.ts
publish	Publish SafeJS with provenance	2026-09-12T18:11:16.1421994Z npm notice 333B dist/safe-js/snapshot/dump-format.d.ts
publish	Publish SafeJS with provenance	2026-09-12T18:11:16.1422259Z npm notice 1.3kB dist/safe-js/snapshot/dump.d.ts
publish	Publish SafeJS with provenance	2026-09-12T18:11:16.1422524Z npm notice 15.0kB dist/safe-js/snapshot/guest-heap.d.ts
publish	Publish SafeJS with provenance	2026-09-12T18:11:16.1422809Z npm notice 1.4kB dist/safe-js/snapshot/migration.d.ts
publish	Publish SafeJS with provenance	2026-09-12T18:11:16.1423074Z npm notice 2.1kB dist/safe-js/snapshot/policy.d.ts
publish	Publish SafeJS with provenance	2026-09-12T18:11:16.1423371Z npm notice 570B dist/safe-js/snapshot/property-descriptors.d.ts
publish	Publish SafeJS with provenance	2026-09-12T18:11:16.1423700Z npm notice 852B dist/safe-js/snapshot/regexp-properties.d.ts
publish	Publish SafeJS with provenance	2026-09-12T18:11:16.1424003Z npm notice 8.8kB dist/safe-js/snapshot/replay-data.d.ts
publish	Publish SafeJS with provenance	2026-09-12T18:11:16.1424313Z npm notice 712B dist/safe-js/snapshot/shared-array-buffer.d.ts
publish	Publish SafeJS with provenance	2026-09-12T18:11:16.1424589Z npm notice 854B dist/safe-js/snapshot/symbols.d.ts
publish	Publish SafeJS with provenance	2026-09-12T18:11:16.1424859Z npm notice 1.5kB dist/safe-js/snapshot/typed-array.d.ts
publish	Publish SafeJS with provenance	2026-09-12T18:11:16.1425208Z npm notice 1.3kB dist/safe-js/snapshot/validation.d.ts
publish	Publish SafeJS with provenance	2026-09-12T18:11:16.1425470Z npm notice 222B dist/safe-js/workerd.d.ts
publish	Publish SafeJS with provenance	2026-09-12T18:11:16.1425715Z npm notice 8.7MB dist/safe-js/workerd.js
publish	Publish SafeJS with provenance	2026-09-12T18:11:16.1425962Z npm notice 11.5MB dist/safe-js/workerd.js.map
publish	Publish SafeJS with provenance	2026-09-12T18:11:16.1426269Z npm notice 696B dist/task-list/backends/gh-issues-client.d.ts
publish	Publish SafeJS with provenance	2026-09-12T18:11:16.1426642Z npm notice 1.4kB dist/task-list/backends/gh-issues-sync.d.ts
publish	Publish SafeJS with provenance	2026-09-12T18:11:16.1426938Z npm notice 1.7kB dist/task-list/backends/gh-issues.d.ts
publish	Publish SafeJS with provenance	2026-09-12T18:11:16.1427191Z npm notice 1.3kB dist/task-list/index.d.ts
publish	Publish SafeJS with provenance	2026-09-12T18:11:16.1427437Z npm notice 147B dist/task-list/move.d.ts
publish	Publish SafeJS with provenance	2026-09-12T18:11:16.1427665Z npm notice 387B dist/task-list/open.d.ts
publish	Publish SafeJS with provenance	2026-09-12T18:11:16.1427912Z npm notice 1.0kB dist/task-list/state-machine.d.ts
publish	Publish SafeJS with provenance	2026-09-12T18:11:16.1428173Z npm notice 1.4kB dist/task-list/state.d.ts
publish	Publish SafeJS with provenance	2026-09-12T18:11:16.1428408Z npm notice 5.8kB dist/task-list/types.d.ts
publish	Publish SafeJS with provenance	2026-09-12T18:11:16.1428666Z npm notice 21.6kB dist/tiny-mcp-client/index.d.ts
publish	Publish SafeJS with provenance	2026-09-12T18:11:16.1428959Z npm notice 505B dist/tiny-stdio-mcp-server/content/audio.d.ts
publish	Publish SafeJS with provenance	2026-09-12T18:11:16.1429372Z npm notice 783B dist/tiny-stdio-mcp-server/content/convert.d.ts
publish	Publish SafeJS with provenance	2026-09-12T18:11:16.1429712Z npm notice 464B dist/tiny-stdio-mcp-server/content/file-type.d.ts
publish	Publish SafeJS with provenance	2026-09-12T18:11:16.1430036Z npm notice 871B dist/tiny-stdio-mcp-server/content/file.d.ts
publish	Publish SafeJS with provenance	2026-09-12T18:11:16.1430356Z npm notice 505B dist/tiny-stdio-mcp-server/content/image.d.ts
publish	Publish SafeJS with provenance	2026-09-12T18:11:16.1430669Z npm notice 503B dist/tiny-stdio-mcp-server/content/index.d.ts
publish	Publish SafeJS with provenance	2026-09-12T18:11:16.1430980Z npm notice 309B dist/tiny-stdio-mcp-server/content/mime.d.ts
publish	Publish SafeJS with provenance	2026-09-12T18:11:16.1431309Z npm notice 251B dist/tiny-stdio-mcp-server/content/remote.d.ts
publish	Publish SafeJS with provenance	2026-09-12T18:11:16.1431609Z npm notice 1.3kB dist/tiny-stdio-mcp-server/index.d.ts
publish	Publish SafeJS with provenance	2026-09-12T18:11:16.1431893Z npm notice 1.0kB dist/tiny-stdio-mcp-server/schema.d.ts
publish	Publish SafeJS with provenance	2026-09-12T18:11:16.1432180Z npm notice 2.2kB dist/tiny-stdio-mcp-server/server.d.ts
publish	Publish SafeJS with provenance	2026-09-12T18:11:16.1432462Z npm notice 7.1kB dist/tiny-stdio-mcp-server/types.d.ts
publish	Publish SafeJS with provenance	2026-09-12T18:11:16.1432751Z npm notice 863B dist/toolcraft-design/acp/components.d.ts
publish	Publish SafeJS with provenance	2026-09-12T18:11:16.1433047Z npm notice 324B dist/toolcraft-design/acp/index.d.ts
publish	Publish SafeJS with provenance	2026-09-12T18:11:16.1433324Z npm notice 595B dist/toolcraft-design/acp/writer.d.ts
publish	Publish SafeJS with provenance	2026-09-12T18:11:16.1433624Z npm notice 574B dist/toolcraft-design/components/browser.d.ts
publish	Publish SafeJS with provenance	2026-09-12T18:11:16.1433947Z npm notice 719B dist/toolcraft-design/components/catalog.d.ts
publish	Publish SafeJS with provenance	2026-09-12T18:11:16.1434257Z npm notice 735B dist/toolcraft-design/components/color.d.ts
publish	Publish SafeJS with provenance	2026-09-12T18:11:16.1434588Z npm notice 428B dist/toolcraft-design/components/command-errors.d.ts
publish	Publish SafeJS with provenance	2026-09-12T18:11:16.1434943Z npm notice 566B dist/toolcraft-design/components/detail-card.d.ts
publish	Publish SafeJS with provenance	2026-09-12T18:11:16.1435282Z npm notice 600B dist/toolcraft-design/components/file-changes.d.ts
publish	Publish SafeJS with provenance	2026-09-12T18:11:16.1435645Z npm notice 372B dist/toolcraft-design/components/help-formatter-plain.d.ts
publish	Publish SafeJS with provenance	2026-09-12T18:11:16.1436012Z npm notice 2.1kB dist/toolcraft-design/components/help-formatter.d.ts
publish	Publish SafeJS with provenance	2026-09-12T18:11:16.1436351Z npm notice 581B dist/toolcraft-design/components/inspector-card.d.ts
publish	Publish SafeJS with provenance	2026-09-12T18:11:16.1436669Z npm notice 460B dist/toolcraft-design/components/logger.d.ts
publish	Publish SafeJS with provenance	2026-09-12T18:11:16.1437012Z npm notice 593B dist/toolcraft-design/components/resource-browser.d.ts
publish	Publish SafeJS with provenance	2026-09-12T18:11:16.1437464Z npm notice 350B dist/toolcraft-design/components/symbols.d.ts
publish	Publish SafeJS with provenance	2026-09-12T18:11:16.1437840Z npm notice 504B dist/toolcraft-design/components/table.d.ts
publish	Publish SafeJS with provenance	2026-09-12T18:11:16.1438240Z npm notice 768B dist/toolcraft-design/components/template.d.ts
publish	Publish SafeJS with provenance	2026-09-12T18:11:16.1438638Z npm notice 765B dist/toolcraft-design/components/text.d.ts
publish	Publish SafeJS with provenance	2026-09-12T18:11:16.1439196Z npm notice 855B dist/toolcraft-design/dashboard/buffer.d.ts
publish	Publish SafeJS with provenance	2026-09-12T18:11:16.1439645Z npm notice 305B dist/toolcraft-design/dashboard/components/footer.d.ts
publish	Publish SafeJS with provenance	2026-09-12T18:11:16.1440069Z npm notice 693B dist/toolcraft-design/dashboard/dashboard.d.ts
publish	Publish SafeJS with provenance	2026-09-12T18:11:16.1440561Z npm notice 519B dist/toolcraft-design/dashboard/index.d.ts
publish	Publish SafeJS with provenance	2026-09-12T18:11:16.1440950Z npm notice 262B dist/toolcraft-design/dashboard/should-use-dashboard.d.ts
publish	Publish SafeJS with provenance	2026-09-12T18:11:16.1441303Z npm notice 318B dist/toolcraft-design/dashboard/snapshot.d.ts
publish	Publish SafeJS with provenance	2026-09-12T18:11:16.1441614Z npm notice 1.0kB dist/toolcraft-design/dashboard/terminal.d.ts
publish	Publish SafeJS with provenance	2026-09-12T18:11:16.1441984Z npm notice 893B dist/toolcraft-design/dashboard/types.d.ts
publish	Publish SafeJS with provenance	2026-09-12T18:11:16.1442296Z npm notice 1.6kB dist/toolcraft-design/explorer/events.d.ts
publish	Publish SafeJS with provenance	2026-09-12T18:11:16.1442599Z npm notice 783B dist/toolcraft-design/explorer/index.d.ts
publish	Publish SafeJS with provenance	2026-09-12T18:11:16.1442899Z npm notice 1.5kB dist/toolcraft-design/explorer/keymap.d.ts
publish	Publish SafeJS with provenance	2026-09-12T18:11:16.1443275Z npm notice 143B dist/toolcraft-design/explorer/runtime.d.ts
publish	Publish SafeJS with provenance	2026-09-12T18:11:16.1443627Z npm notice 6.5kB dist/toolcraft-design/explorer/state.d.ts
publish	Publish SafeJS with provenance	2026-09-12T18:11:16.1443914Z npm notice 5.2kB dist/toolcraft-design/index.d.ts
publish	Publish SafeJS with provenance	2026-09-12T18:11:16.1444229Z npm notice 298B dist/toolcraft-design/internal/output-format.d.ts
publish	Publish SafeJS with provenance	2026-09-12T18:11:16.1444555Z npm notice 58B dist/toolcraft-design/internal/strip-ansi.d.ts
publish	Publish SafeJS with provenance	2026-09-12T18:11:16.1444991Z npm notice 460B dist/toolcraft-design/internal/theme-detect.d.ts
publish	Publish SafeJS with provenance	2026-09-12T18:11:16.1445335Z npm notice 379B dist/toolcraft-design/internal/theme-state.d.ts
publish	Publish SafeJS with provenance	2026-09-12T18:11:16.1445648Z npm notice 3.3kB dist/toolcraft-design/prompts/index.d.ts
publish	Publish SafeJS with provenance	2026-09-12T18:11:16.1446000Z npm notice 118B dist/toolcraft-design/prompts/interactive/cancel-symbol.d.ts
publish	Publish SafeJS with provenance	2026-09-12T18:11:16.1446384Z npm notice 648B dist/toolcraft-design/prompts/interactive/select.d.ts
publish	Publish SafeJS with provenance	2026-09-12T18:11:16.1446736Z npm notice 112B dist/toolcraft-design/prompts/primitives/cancel.d.ts
publish	Publish SafeJS with provenance	2026-09-12T18:11:16.1447079Z npm notice 52B dist/toolcraft-design/prompts/primitives/intro.d.ts
publish	Publish SafeJS with provenance	2026-09-12T18:11:16.1447416Z npm notice 578B dist/toolcraft-design/prompts/primitives/log.d.ts
publish	Publish SafeJS with provenance	2026-09-12T18:11:16.1447746Z npm notice 69B dist/toolcraft-design/prompts/primitives/note.d.ts
publish	Publish SafeJS with provenance	2026-09-12T18:11:16.1448079Z npm notice 54B dist/toolcraft-design/prompts/primitives/outro.d.ts
publish	Publish SafeJS with provenance	2026-09-12T18:11:16.1448432Z npm notice 220B dist/toolcraft-design/prompts/primitives/spinner.d.ts
publish	Publish SafeJS with provenance	2026-09-12T18:11:16.1448753Z npm notice 269B dist/toolcraft-design/prompts/theme.d.ts
publish	Publish SafeJS with provenance	2026-09-12T18:11:16.1449266Z npm notice 1.2kB dist/toolcraft-design/screen/screen.d.ts
publish	Publish SafeJS with provenance	2026-09-12T18:11:16.1449701Z npm notice 623B dist/toolcraft-design/screen/style.d.ts
publish	Publish SafeJS with provenance	2026-09-12T18:11:16.1450050Z npm notice 273B dist/toolcraft-design/static/index.d.ts
publish	Publish SafeJS with provenance	2026-09-12T18:11:16.1450391Z npm notice 273B dist/toolcraft-design/static/menu.d.ts
publish	Publish SafeJS with provenance	2026-09-12T18:11:16.1450747Z npm notice 471B dist/toolcraft-design/static/spinner.d.ts
publish	Publish SafeJS with provenance	2026-09-12T18:11:16.1451138Z npm notice 2.2kB dist/toolcraft-design/terminal-markdown/ast.d.ts
publish	Publish SafeJS with provenance	2026-09-12T18:11:16.1451506Z npm notice 255B dist/toolcraft-design/terminal-markdown/html-renderer.d.ts
publish	Publish SafeJS with provenance	2026-09-12T18:11:16.1451890Z npm notice 763B dist/toolcraft-design/terminal-markdown/index.d.ts
publish	Publish SafeJS with provenance	2026-09-12T18:11:16.1452238Z npm notice 154B dist/toolcraft-design/terminal-markdown/parser.d.ts
publish	Publish SafeJS with provenance	2026-09-12T18:11:16.1452619Z npm notice 465B dist/toolcraft-design/terminal-markdown/plaintext-renderer.d.ts
publish	Publish SafeJS with provenance	2026-09-12T18:11:16.1452998Z npm notice 235B dist/toolcraft-design/terminal-markdown/renderer.d.ts
publish	Publish SafeJS with provenance	2026-09-12T18:11:16.1453332Z npm notice 1.1kB dist/toolcraft-design/terminal/driver.d.ts
publish	Publish SafeJS with provenance	2026-09-12T18:11:16.1453632Z npm notice 560B dist/toolcraft-design/terminal/input.d.ts
publish	Publish SafeJS with provenance	2026-09-12T18:11:16.1453924Z npm notice 118B dist/toolcraft-design/tokens/brand.d.ts
publish	Publish SafeJS with provenance	2026-09-12T18:11:16.1454220Z npm notice 1.2kB dist/toolcraft-design/tokens/colors.d.ts
publish	Publish SafeJS with provenance	2026-09-12T18:11:16.1454504Z npm notice 231B dist/toolcraft-design/tokens/index.d.ts
publish	Publish SafeJS with provenance	2026-09-12T18:11:16.1454787Z npm notice 115B dist/toolcraft-design/tokens/spacing.d.ts
publish	Publish SafeJS with provenance	2026-09-12T18:11:16.1455097Z npm notice 278B dist/toolcraft-design/tokens/typography.d.ts
publish	Publish SafeJS with provenance	2026-09-12T18:11:16.1455397Z npm notice 114B dist/toolcraft-design/tokens/widths.d.ts
publish	Publish SafeJS with provenance	2026-09-12T18:11:16.1455634Z npm notice 2.3kB package.json
publish	Publish SafeJS with provenance	2026-09-12T18:11:16.1456013Z npm notice Tarball Details
publish	Publish SafeJS with provenance	2026-09-12T18:11:16.1456242Z npm notice name: @poe-platform/safe-js
publish	Publish SafeJS with provenance	2026-09-12T18:11:16.1456451Z npm notice version: 0.1.562
publish	Publish SafeJS with provenance	2026-09-12T18:11:16.1456700Z npm notice filename: poe-platform-safe-js-0.1.562.tgz
publish	Publish SafeJS with provenance	2026-09-12T18:11:16.1456958Z npm notice package size: 8.5 MB
publish	Publish SafeJS with provenance	2026-09-12T18:11:16.1457244Z npm notice unpacked size: 42.9 MB
publish	Publish SafeJS with provenance	2026-09-12T18:11:16.1457504Z npm notice shasum: 424dbade918c6b8477ec7216fe966fe6acbd9729
publish	Publish SafeJS with provenance	2026-09-12T18:11:16.1457819Z npm notice integrity: sha512-h78Oylq8fY7Na[...]7C1F43uh282Iw==
publish	Publish SafeJS with provenance	2026-09-12T18:11:16.1458068Z npm notice total files: 373
publish	Publish SafeJS with provenance	2026-09-12T18:11:16.1458239Z npm notice
publish	Publish SafeJS with provenance	2026-09-12T18:11:17.3855319Z npm notice npm tokens that bypass 2FA are being restricted for account changes and direct publishing. Learn how to prepare: https://gh.io/npm-gat-bypass2fa-deprecation
publish	Publish SafeJS with provenance	2026-09-12T18:11:17.7210994Z npm notice Publishing to https://registry.npmjs.org/ with tag latest and public access
publish	Publish SafeJS with provenance	2026-09-12T18:11:18.4155800Z npm notice publish Signed provenance statement with source and build information from GitHub Actions
publish	Publish SafeJS with provenance	2026-09-12T18:11:21.4461323Z npm notice publish Provenance statement published to transparency log: https://search.sigstore.dev/?logIndex=2810342370
publish	Publish SafeJS with provenance	2026-09-12T18:11:21.4462159Z npm notice Your package is being processed and may take a few minutes to become available.
publish	Publish SafeJS with provenance	2026-09-12T18:11:21.4464392Z + @poe-platform/safe-js@0.1.562
publish	Publish Safe Bash with provenance	﻿2026-09-12T18:11:21.4584646Z ##[group]Run npm publish "$RUNNER_TEMP/safe-npm/safe-bash" --provenance --access public
publish	Publish Safe Bash with provenance	2026-09-12T18:11:21.4585107Z [36;1mnpm publish "$RUNNER_TEMP/safe-npm/safe-bash" --provenance --access public[0m
publish	Publish Safe Bash with provenance	2026-09-12T18:11:21.4605747Z shell: /usr/bin/bash -e {0}
publish	Publish Safe Bash with provenance	2026-09-12T18:11:21.4606009Z ##[endgroup]
publish	Publish Safe Bash with provenance	2026-09-12T18:11:24.5640320Z npm notice
publish	Publish Safe Bash with provenance	2026-09-12T18:11:24.5643299Z npm notice 📦  @poe-platform/safe-bash@0.1.562
publish	Publish Safe Bash with provenance	2026-09-12T18:11:24.5643583Z npm notice Tarball Contents
publish	Publish Safe Bash with provenance	2026-09-12T18:11:24.5850403Z npm notice 1.1kB LICENSE
publish	Publish Safe Bash with provenance	2026-09-12T18:11:24.5852916Z npm notice 15.4kB README.md
publish	Publish Safe Bash with provenance	2026-09-12T18:11:24.5853816Z npm notice 405.3kB dist/safe-bash/chunks/bz2-B2RXT4EX.js
publish	Publish Safe Bash with provenance	2026-09-12T18:11:24.5854492Z npm notice 481.5kB dist/safe-bash/chunks/bz2-B2RXT4EX.js.map
publish	Publish Safe Bash with provenance	2026-09-12T18:11:24.5855077Z npm notice 65.7kB dist/safe-bash/chunks/chunk-2KL6W6NB.js
publish	Publish Safe Bash with provenance	2026-09-12T18:11:24.5855652Z npm notice 112.0kB dist/safe-bash/chunks/chunk-2KL6W6NB.js.map
publish	Publish Safe Bash with provenance	2026-09-12T18:11:24.5856249Z npm notice 21.6kB dist/safe-bash/chunks/chunk-2PQ3XOCQ.js
publish	Publish Safe Bash with provenance	2026-09-12T18:11:24.5856906Z npm notice 42.6kB dist/safe-bash/chunks/chunk-2PQ3XOCQ.js.map
publish	Publish Safe Bash with provenance	2026-09-12T18:11:24.5857456Z npm notice 18.8kB dist/safe-bash/chunks/chunk-3Y5PKSHX.js
publish	Publish Safe Bash with provenance	2026-09-12T18:11:24.5858021Z npm notice 35.4kB dist/safe-bash/chunks/chunk-3Y5PKSHX.js.map
publish	Publish Safe Bash with provenance	2026-09-12T18:11:24.5858594Z npm notice 57.0kB dist/safe-bash/chunks/chunk-BXVGCJXW.js
publish	Publish Safe Bash with provenance	2026-09-12T18:11:24.5859315Z npm notice 104.0kB dist/safe-bash/chunks/chunk-BXVGCJXW.js.map
publish	Publish Safe Bash with provenance	2026-09-12T18:11:24.5859917Z npm notice 332B dist/safe-bash/chunks/chunk-C7QNJ3D4.js
publish	Publish Safe Bash with provenance	2026-09-12T18:11:24.5860470Z npm notice 761B dist/safe-bash/chunks/chunk-C7QNJ3D4.js.map
publish	Publish Safe Bash with provenance	2026-09-12T18:11:24.5861035Z npm notice 544B dist/safe-bash/chunks/chunk-DPJWEGIX.js
publish	Publish Safe Bash with provenance	2026-09-12T18:11:24.5861611Z npm notice 423B dist/safe-bash/chunks/chunk-DPJWEGIX.js.map
publish	Publish Safe Bash with provenance	2026-09-12T18:11:24.5862178Z npm notice 40.1kB dist/safe-bash/chunks/chunk-E3NZKSTA.js
publish	Publish Safe Bash with provenance	2026-09-12T18:11:24.5862752Z npm notice 70.2kB dist/safe-bash/chunks/chunk-E3NZKSTA.js.map
publish	Publish Safe Bash with provenance	2026-09-12T18:11:24.5863328Z npm notice 6.5kB dist/safe-bash/chunks/chunk-FMTBJ7SG.js
publish	Publish Safe Bash with provenance	2026-09-12T18:11:24.5863955Z npm notice 11.9kB dist/safe-bash/chunks/chunk-FMTBJ7SG.js.map
publish	Publish Safe Bash with provenance	2026-09-12T18:11:24.5864520Z npm notice 45.4kB dist/safe-bash/chunks/chunk-H6E6F5KJ.js
publish	Publish Safe Bash with provenance	2026-09-12T18:11:24.5865092Z npm notice 81.1kB dist/safe-bash/chunks/chunk-H6E6F5KJ.js.map
publish	Publish Safe Bash with provenance	2026-09-12T18:11:24.5865621Z npm notice 24.8kB dist/safe-bash/chunks/chunk-HQCBEAFK.js
publish	Publish Safe Bash with provenance	2026-09-12T18:11:24.5866134Z npm notice 44.9kB dist/safe-bash/chunks/chunk-HQCBEAFK.js.map
publish	Publish Safe Bash with provenance	2026-09-12T18:11:24.5866679Z npm notice 17.8kB dist/safe-bash/chunks/chunk-IYFB6VED.js
publish	Publish Safe Bash with provenance	2026-09-12T18:11:24.5867521Z npm notice 32.5kB dist/safe-bash/chunks/chunk-IYFB6VED.js.map
publish	Publish Safe Bash with provenance	2026-09-12T18:11:24.5868090Z npm notice 19.1kB dist/safe-bash/chunks/chunk-LHKAA57T.js
publish	Publish Safe Bash with provenance	2026-09-12T18:11:24.5868617Z npm notice 36.2kB dist/safe-bash/chunks/chunk-LHKAA57T.js.map
publish	Publish Safe Bash with provenance	2026-09-12T18:11:24.5869346Z npm notice 4.6kB dist/safe-bash/chunks/chunk-OECKXHVJ.js
publish	Publish Safe Bash with provenance	2026-09-12T18:11:24.5869976Z npm notice 8.7kB dist/safe-bash/chunks/chunk-OECKXHVJ.js.map
publish	Publish Safe Bash with provenance	2026-09-12T18:11:24.5870554Z npm notice 22.5kB dist/safe-bash/chunks/chunk-PE5NZIA2.js
publish	Publish Safe Bash with provenance	2026-09-12T18:11:24.5871116Z npm notice 40.2kB dist/safe-bash/chunks/chunk-PE5NZIA2.js.map
publish	Publish Safe Bash with provenance	2026-09-12T18:11:24.5871685Z npm notice 242.1kB dist/safe-bash/chunks/chunk-PMBBUNNN.js
publish	Publish Safe Bash with provenance	2026-09-12T18:11:24.5872238Z npm notice 450.9kB dist/safe-bash/chunks/chunk-PMBBUNNN.js.map
publish	Publish Safe Bash with provenance	2026-09-12T18:11:24.5872731Z npm notice 43.3kB dist/safe-bash/chunks/chunk-PVJJFCGA.js
publish	Publish Safe Bash with provenance	2026-09-12T18:11:24.5873201Z npm notice 80.7kB dist/safe-bash/chunks/chunk-PVJJFCGA.js.map
publish	Publish Safe Bash with provenance	2026-09-12T18:11:24.5873581Z npm notice 11.7kB dist/safe-bash/chunks/chunk-QAZN7SAN.js
publish	Publish Safe Bash with provenance	2026-09-12T18:11:24.5874000Z npm notice 21.3kB dist/safe-bash/chunks/chunk-QAZN7SAN.js.map
publish	Publish Safe Bash with provenance	2026-09-12T18:11:24.5874391Z npm notice 22.5kB dist/safe-bash/chunks/chunk-TJVKGNKA.js
publish	Publish Safe Bash with provenance	2026-09-12T18:11:24.5874766Z npm notice 40.8kB dist/safe-bash/chunks/chunk-TJVKGNKA.js.map
publish	Publish Safe Bash with provenance	2026-09-12T18:11:24.5875141Z npm notice 198.5kB dist/safe-bash/chunks/chunk-W3TLNFDB.js
publish	Publish Safe Bash with provenance	2026-09-12T18:11:24.5875528Z npm notice 363.5kB dist/safe-bash/chunks/chunk-W3TLNFDB.js.map
publish	Publish Safe Bash with provenance	2026-09-12T18:11:24.5876136Z npm notice 12.3kB dist/safe-bash/chunks/chunk-XBLVOMEJ.js
publish	Publish Safe Bash with provenance	2026-09-12T18:11:24.5876512Z npm notice 22.7kB dist/safe-bash/chunks/chunk-XBLVOMEJ.js.map
publish	Publish Safe Bash with provenance	2026-09-12T18:11:24.5876903Z npm notice 54.9kB dist/safe-bash/chunks/chunk-XYVCXUGM.js
publish	Publish Safe Bash with provenance	2026-09-12T18:11:24.5877276Z npm notice 110.7kB dist/safe-bash/chunks/chunk-XYVCXUGM.js.map
publish	Publish Safe Bash with provenance	2026-09-12T18:11:24.5877654Z npm notice 423.2kB dist/safe-bash/chunks/xz-AVXFDXW4.js
publish	Publish Safe Bash with provenance	2026-09-12T18:11:24.5878021Z npm notice 557.1kB dist/safe-bash/chunks/xz-AVXFDXW4.js.map
publish	Publish Safe Bash with provenance	2026-09-12T18:11:24.5878392Z npm notice 2.3MB dist/safe-bash/chunks/zstd-R6RPHJYO.js
publish	Publish Safe Bash with provenance	2026-09-12T18:11:24.5878770Z npm notice 3.7MB dist/safe-bash/chunks/zstd-R6RPHJYO.js.map
publish	Publish Safe Bash with provenance	2026-09-12T18:11:24.5879325Z npm notice 273B dist/safe-bash/commands/apply-patch/apply.d.ts
publish	Publish Safe Bash with provenance	2026-09-12T18:11:24.5880087Z npm notice 343B dist/safe-bash/commands/apply-patch/apply.d.ts.map
publish	Publish Safe Bash with provenance	2026-09-12T18:11:24.5880611Z npm notice 13.0kB dist/safe-bash/commands/apply-patch/apply.js
publish	Publish Safe Bash with provenance	2026-09-12T18:11:24.5881143Z npm notice 14.5kB dist/safe-bash/commands/apply-patch/apply.js.map
publish	Publish Safe Bash with provenance	2026-09-12T18:11:24.5881583Z npm notice 589B dist/safe-bash/commands/apply-patch/index.d.ts
publish	Publish Safe Bash with provenance	2026-09-12T18:11:24.5881997Z npm notice 483B dist/safe-bash/commands/apply-patch/index.d.ts.map
publish	Publish Safe Bash with provenance	2026-09-12T18:11:24.5882398Z npm notice 1.0kB dist/safe-bash/commands/apply-patch/index.js
publish	Publish Safe Bash with provenance	2026-09-12T18:11:24.5882805Z npm notice 1.0kB dist/safe-bash/commands/apply-patch/index.js.map
publish	Publish Safe Bash with provenance	2026-09-12T18:11:24.5883183Z npm notice 249B dist/safe-bash/commands/apply-patch/matcher.d.ts
publish	Publish Safe Bash with provenance	2026-09-12T18:11:24.5883578Z npm notice 351B dist/safe-bash/commands/apply-patch/matcher.d.ts.map
publish	Publish Safe Bash with provenance	2026-09-12T18:11:24.5883983Z npm notice 5.7kB dist/safe-bash/commands/apply-patch/matcher.js
publish	Publish Safe Bash with provenance	2026-09-12T18:11:24.5884449Z npm notice 7.1kB dist/safe-bash/commands/apply-patch/matcher.js.map
publish	Publish Safe Bash with provenance	2026-09-12T18:11:24.5884951Z npm notice 780B dist/safe-bash/commands/apply-patch/options.d.ts
publish	Publish Safe Bash with provenance	2026-09-12T18:11:24.5885335Z npm notice 855B dist/safe-bash/commands/apply-patch/options.d.ts.map
publish	Publish Safe Bash with provenance	2026-09-12T18:11:24.5885747Z npm notice 1.3kB dist/safe-bash/commands/apply-patch/options.js
publish	Publish Safe Bash with provenance	2026-09-12T18:11:24.5886165Z npm notice 1.5kB dist/safe-bash/commands/apply-patch/options.js.map
publish	Publish Safe Bash with provenance	2026-09-12T18:11:24.5886604Z npm notice 703B dist/safe-bash/commands/apply-patch/parser.d.ts
publish	Publish Safe Bash with provenance	2026-09-12T18:11:24.5887237Z npm notice 924B dist/safe-bash/commands/apply-patch/parser.d.ts.map
publish	Publish Safe Bash with provenance	2026-09-12T18:11:24.5887687Z npm notice 7.0kB dist/safe-bash/commands/apply-patch/parser.js
publish	Publish Safe Bash with provenance	2026-09-12T18:11:24.5888078Z npm notice 7.7kB dist/safe-bash/commands/apply-patch/parser.js.map
publish	Publish Safe Bash with provenance	2026-09-12T18:11:24.5888750Z npm notice 1.8kB dist/safe-bash/commands/apply-patch/shared.d.ts
publish	Publish Safe Bash with provenance	2026-09-12T18:11:24.5889347Z npm notice 2.0kB dist/safe-bash/commands/apply-patch/shared.d.ts.map
publish	Publish Safe Bash with provenance	2026-09-12T18:11:24.5889781Z npm notice 9.1kB dist/safe-bash/commands/apply-patch/shared.js
publish	Publish Safe Bash with provenance	2026-09-12T18:11:24.5890194Z npm notice 10.1kB dist/safe-bash/commands/apply-patch/shared.js.map
publish	Publish Safe Bash with provenance	2026-09-12T18:11:24.5890589Z npm notice 714B dist/safe-bash/commands/archive/create.d.ts
publish	Publish Safe Bash with provenance	2026-09-12T18:11:24.5890995Z npm notice 790B dist/safe-bash/commands/archive/create.d.ts.map
publish	Publish Safe Bash with provenance	2026-09-12T18:11:24.5891358Z npm notice 9.2kB dist/safe-bash/commands/archive/create.js
publish	Publish Safe Bash with provenance	2026-09-12T18:11:24.5891721Z npm notice 10.1kB dist/safe-bash/commands/archive/create.js.map
publish	Publish Safe Bash with provenance	2026-09-12T18:11:24.5892094Z npm notice 340B dist/safe-bash/commands/archive/extract.d.ts
publish	Publish Safe Bash with provenance	2026-09-12T18:11:24.5892495Z npm notice 413B dist/safe-bash/commands/archive/extract.d.ts.map
publish	Publish Safe Bash with provenance	2026-09-12T18:11:24.5892947Z npm notice 17.9kB dist/safe-bash/commands/archive/extract.js
publish	Publish Safe Bash with provenance	2026-09-12T18:11:24.5893363Z npm notice 19.2kB dist/safe-bash/commands/archive/extract.js.map
publish	Publish Safe Bash with provenance	2026-09-12T18:11:24.5893776Z npm notice 1.3kB dist/safe-bash/commands/archive/format.d.ts
publish	Publish Safe Bash with provenance	2026-09-12T18:11:24.5894203Z npm notice 1.5kB dist/safe-bash/commands/archive/format.d.ts.map
publish	Publish Safe Bash with provenance	2026-09-12T18:11:24.5894648Z npm notice 10.0kB dist/safe-bash/commands/archive/format.js
publish	Publish Safe Bash with provenance	2026-09-12T18:11:24.5895061Z npm notice 12.9kB dist/safe-bash/commands/archive/format.js.map
publish	Publish Safe Bash with provenance	2026-09-12T18:11:24.5895667Z npm notice 715B dist/safe-bash/commands/archive/index.d.ts
publish	Publish Safe Bash with provenance	2026-09-12T18:11:24.5896072Z npm notice 611B dist/safe-bash/commands/archive/index.d.ts.map
publish	Publish Safe Bash with provenance	2026-09-12T18:11:24.5896468Z npm notice 4.5kB dist/safe-bash/commands/archive/index.js
publish	Publish Safe Bash with provenance	2026-09-12T18:11:24.5896861Z npm notice 4.2kB dist/safe-bash/commands/archive/index.js.map
publish	Publish Safe Bash with provenance	2026-09-12T18:11:24.5897275Z npm notice 2.6kB dist/safe-bash/commands/archive/internal.d.ts
publish	Publish Safe Bash with provenance	2026-09-12T18:11:24.5897699Z npm notice 2.5kB dist/safe-bash/commands/archive/internal.d.ts.map
publish	Publish Safe Bash with provenance	2026-09-12T18:11:24.5898118Z npm notice 8.2kB dist/safe-bash/commands/archive/internal.js
publish	Publish Safe Bash with provenance	2026-09-12T18:11:24.5898537Z npm notice 9.3kB dist/safe-bash/commands/archive/internal.js.map
publish	Publish Safe Bash with provenance	2026-09-12T18:11:24.5898952Z npm notice 792B dist/safe-bash/commands/archive/options.d.ts
publish	Publish Safe Bash with provenance	2026-09-12T18:11:24.5899526Z npm notice 902B dist/safe-bash/commands/archive/options.d.ts.map
publish	Publish Safe Bash with provenance	2026-09-12T18:11:24.5899963Z npm notice 11.5kB dist/safe-bash/commands/archive/options.js
publish	Publish Safe Bash with provenance	2026-09-12T18:11:24.5900347Z npm notice 11.8kB dist/safe-bash/commands/archive/options.js.map
publish	Publish Safe Bash with provenance	2026-09-12T18:11:24.5900662Z npm notice 773B dist/safe-bash/commands/archive/stream.d.ts
publish	Publish Safe Bash with provenance	2026-09-12T18:11:24.5900984Z npm notice 881B dist/safe-bash/commands/archive/stream.d.ts.map
publish	Publish Safe Bash with provenance	2026-09-12T18:11:24.5901289Z npm notice 3.5kB dist/safe-bash/commands/archive/stream.js
publish	Publish Safe Bash with provenance	2026-09-12T18:11:24.5901596Z npm notice 3.8kB dist/safe-bash/commands/archive/stream.js.map
publish	Publish Safe Bash with provenance	2026-09-12T18:11:24.5901904Z npm notice 260B dist/safe-bash/commands/archive/unzip.d.ts
publish	Publish Safe Bash with provenance	2026-09-12T18:11:24.5902209Z npm notice 288B dist/safe-bash/commands/archive/unzip.d.ts.map
publish	Publish Safe Bash with provenance	2026-09-12T18:11:24.5902518Z npm notice 16.6kB dist/safe-bash/commands/archive/unzip.js
publish	Publish Safe Bash with provenance	2026-09-12T18:11:24.5902825Z npm notice 15.3kB dist/safe-bash/commands/archive/unzip.js.map
publish	Publish Safe Bash with provenance	2026-09-12T18:11:24.5903155Z npm notice 1.2kB dist/safe-bash/commands/archive/unzip/arguments.d.ts
publish	Publish Safe Bash with provenance	2026-09-12T18:11:24.5903511Z npm notice 1.1kB dist/safe-bash/commands/archive/unzip/arguments.d.ts.map
publish	Publish Safe Bash with provenance	2026-09-12T18:11:24.5903870Z npm notice 8.5kB dist/safe-bash/commands/archive/unzip/arguments.js
publish	Publish Safe Bash with provenance	2026-09-12T18:11:24.5904213Z npm notice 8.6kB dist/safe-bash/commands/archive/unzip/arguments.js.map
publish	Publish Safe Bash with provenance	2026-09-12T18:11:24.5904549Z npm notice 1.6kB dist/safe-bash/commands/archive/unzip/safety.d.ts
publish	Publish Safe Bash with provenance	2026-09-12T18:11:24.5904887Z npm notice 1.8kB dist/safe-bash/commands/archive/unzip/safety.d.ts.map
publish	Publish Safe Bash with provenance	2026-09-12T18:11:24.5905222Z npm notice 13.1kB dist/safe-bash/commands/archive/unzip/safety.js
publish	Publish Safe Bash with provenance	2026-09-12T18:11:24.5905552Z npm notice 13.3kB dist/safe-bash/commands/archive/unzip/safety.js.map
publish	Publish Safe Bash with provenance	2026-09-12T18:11:24.5906000Z npm notice 1.4kB dist/safe-bash/commands/archive/zip-format.d.ts
publish	Publish Safe Bash with provenance	2026-09-12T18:11:24.5906335Z npm notice 1.5kB dist/safe-bash/commands/archive/zip-format.d.ts.map
publish	Publish Safe Bash with provenance	2026-09-12T18:11:24.5906662Z npm notice 27.4kB dist/safe-bash/commands/archive/zip-format.js
publish	Publish Safe Bash with provenance	2026-09-12T18:11:24.5906989Z npm notice 30.9kB dist/safe-bash/commands/archive/zip-format.js.map
publish	Publish Safe Bash with provenance	2026-09-12T18:11:24.5907309Z npm notice 256B dist/safe-bash/commands/archive/zip.d.ts
publish	Publish Safe Bash with provenance	2026-09-12T18:11:24.5907610Z npm notice 285B dist/safe-bash/commands/archive/zip.d.ts.map
publish	Publish Safe Bash with provenance	2026-09-12T18:11:24.5907904Z npm notice 14.7kB dist/safe-bash/commands/archive/zip.js
publish	Publish Safe Bash with provenance	2026-09-12T18:11:24.5908208Z npm notice 15.2kB dist/safe-bash/commands/archive/zip.js.map
publish	Publish Safe Bash with provenance	2026-09-12T18:11:24.5908517Z npm notice 1.1kB dist/safe-bash/commands/archive/zip/safety.d.ts
publish	Publish Safe Bash with provenance	2026-09-12T18:11:24.5908843Z npm notice 1.2kB dist/safe-bash/commands/archive/zip/safety.d.ts.map
publish	Publish Safe Bash with provenance	2026-09-12T18:11:24.5909487Z npm notice 6.8kB dist/safe-bash/commands/archive/zip/safety.js
publish	Publish Safe Bash with provenance	2026-09-12T18:11:24.5909847Z npm notice 7.3kB dist/safe-bash/commands/archive/zip/safety.js.map
publish	Publish Safe Bash with provenance	2026-09-12T18:11:24.5910151Z npm notice 344B dist/safe-bash/commands/basic.d.ts
publish	Publish Safe Bash with provenance	2026-09-12T18:11:24.5910445Z npm notice 338B dist/safe-bash/commands/basic.d.ts.map
publish	Publish Safe Bash with provenance	2026-09-12T18:11:24.5910718Z npm notice 12.0kB dist/safe-bash/commands/basic.js
publish	Publish Safe Bash with provenance	2026-09-12T18:11:24.5910989Z npm notice 13.2kB dist/safe-bash/commands/basic.js.map
publish	Publish Safe Bash with provenance	2026-09-12T18:11:24.5911407Z npm notice 271B dist/safe-bash/commands/bytes/checksums/index.d.ts
publish	Publish Safe Bash with provenance	2026-09-12T18:11:24.5911754Z npm notice 309B dist/safe-bash/commands/bytes/checksums/index.d.ts.map
publish	Publish Safe Bash with provenance	2026-09-12T18:11:24.5912094Z npm notice 15.5kB dist/safe-bash/commands/bytes/checksums/index.js
publish	Publish Safe Bash with provenance	2026-09-12T18:11:24.5912444Z npm notice 16.4kB dist/safe-bash/commands/bytes/checksums/index.js.map
publish	Publish Safe Bash with provenance	2026-09-12T18:11:24.5912811Z npm notice 927B dist/safe-bash/commands/bytes/compression/bounded-codec.d.ts
publish	Publish Safe Bash with provenance	2026-09-12T18:11:24.5913209Z npm notice 972B dist/safe-bash/commands/bytes/compression/bounded-codec.d.ts.map
publish	Publish Safe Bash with provenance	2026-09-12T18:11:24.5913608Z npm notice 4.3kB dist/safe-bash/commands/bytes/compression/bounded-codec.js
publish	Publish Safe Bash with provenance	2026-09-12T18:11:24.5913995Z npm notice 4.1kB dist/safe-bash/commands/bytes/compression/bounded-codec.js.map
publish	Publish Safe Bash with provenance	2026-09-12T18:11:24.5914375Z npm notice 407B dist/safe-bash/commands/bytes/compression/codec-loader.d.ts
publish	Publish Safe Bash with provenance	2026-09-12T18:11:24.5914766Z npm notice 395B dist/safe-bash/commands/bytes/compression/codec-loader.d.ts.map
publish	Publish Safe Bash with provenance	2026-09-12T18:11:24.5915147Z npm notice 3.9kB dist/safe-bash/commands/bytes/compression/codec-loader.js
publish	Publish Safe Bash with provenance	2026-09-12T18:11:24.5915525Z npm notice 3.5kB dist/safe-bash/commands/bytes/compression/codec-loader.js.map
publish	Publish Safe Bash with provenance	2026-09-12T18:11:24.5915894Z npm notice 891B dist/safe-bash/commands/bytes/compression/codec.d.ts
publish	Publish Safe Bash with provenance	2026-09-12T18:11:24.5916245Z npm notice 984B dist/safe-bash/commands/bytes/compression/codec.d.ts.map
publish	Publish Safe Bash with provenance	2026-09-12T18:11:24.5916589Z npm notice 6.9kB dist/safe-bash/commands/bytes/compression/codec.js
publish	Publish Safe Bash with provenance	2026-09-12T18:11:24.5916928Z npm notice 6.7kB dist/safe-bash/commands/bytes/compression/codec.js.map
publish	Publish Safe Bash with provenance	2026-09-12T18:11:24.5917276Z npm notice 108B dist/safe-bash/commands/bytes/compression/errors.d.ts
publish	Publish Safe Bash with provenance	2026-09-12T18:11:24.5917634Z npm notice 196B dist/safe-bash/commands/bytes/compression/errors.d.ts.map
publish	Publish Safe Bash with provenance	2026-09-12T18:11:24.5917989Z npm notice 1.1kB dist/safe-bash/commands/bytes/compression/errors.js
publish	Publish Safe Bash with provenance	2026-09-12T18:11:24.5918329Z npm notice 910B dist/safe-bash/commands/bytes/compression/errors.js.map
publish	Publish Safe Bash with provenance	2026-09-12T18:11:24.5918690Z npm notice 597B dist/safe-bash/commands/bytes/compression/file-operation.d.ts
publish	Publish Safe Bash with provenance	2026-09-12T18:11:24.5919208Z npm notice 745B dist/safe-bash/commands/bytes/compression/file-operation.d.ts.map
publish	Publish Safe Bash with provenance	2026-09-12T18:11:24.5919619Z npm notice 5.2kB dist/safe-bash/commands/bytes/compression/file-operation.js
publish	Publish Safe Bash with provenance	2026-09-12T18:11:24.5920009Z npm notice 5.3kB dist/safe-bash/commands/bytes/compression/file-operation.js.map
publish	Publish Safe Bash with provenance	2026-09-12T18:11:24.5920383Z npm notice 714B dist/safe-bash/commands/bytes/compression/files.d.ts
publish	Publish Safe Bash with provenance	2026-09-12T18:11:24.5920730Z npm notice 775B dist/safe-bash/commands/bytes/compression/files.d.ts.map
publish	Publish Safe Bash with provenance	2026-09-12T18:11:24.5921147Z npm notice 15.1kB dist/safe-bash/commands/bytes/compression/files.js
publish	Publish Safe Bash with provenance	2026-09-12T18:11:24.5921497Z npm notice 15.7kB dist/safe-bash/commands/bytes/compression/files.js.map
publish	Publish Safe Bash with provenance	2026-09-12T18:11:24.5921846Z npm notice 231B dist/safe-bash/commands/bytes/compression/gunzip.d.ts
publish	Publish Safe Bash with provenance	2026-09-12T18:11:24.5922198Z npm notice 309B dist/safe-bash/commands/bytes/compression/gunzip.d.ts.map
publish	Publish Safe Bash with provenance	2026-09-12T18:11:24.5922557Z npm notice 5.6kB dist/safe-bash/commands/bytes/compression/gunzip.js
publish	Publish Safe Bash with provenance	2026-09-12T18:11:24.5922897Z npm notice 6.1kB dist/safe-bash/commands/bytes/compression/gunzip.js.map
publish	Publish Safe Bash with provenance	2026-09-12T18:11:24.5923239Z npm notice 188B dist/safe-bash/commands/bytes/compression/index.d.ts
publish	Publish Safe Bash with provenance	2026-09-12T18:11:24.5923590Z npm notice 238B dist/safe-bash/commands/bytes/compression/index.d.ts.map
publish	Publish Safe Bash with provenance	2026-09-12T18:11:24.5923931Z npm notice 2.7kB dist/safe-bash/commands/bytes/compression/index.js
publish	Publish Safe Bash with provenance	2026-09-12T18:11:24.5924263Z npm notice 2.4kB dist/safe-bash/commands/bytes/compression/index.js.map
publish	Publish Safe Bash with provenance	2026-09-12T18:11:24.5924636Z npm notice 114B dist/safe-bash/commands/bytes/compression/native/generated/bz2.d.mts
publish	Publish Safe Bash with provenance	2026-09-12T18:11:24.5925051Z npm notice 162.4kB dist/safe-bash/commands/bytes/compression/native/generated/bz2.mjs
publish	Publish Safe Bash with provenance	2026-09-12T18:11:24.5925456Z npm notice 114B dist/safe-bash/commands/bytes/compression/native/generated/xz.d.mts
publish	Publish Safe Bash with provenance	2026-09-12T18:11:24.5925865Z npm notice 203.5kB dist/safe-bash/commands/bytes/compression/native/generated/xz.mjs
publish	Publish Safe Bash with provenance	2026-09-12T18:11:24.5926357Z npm notice 114B dist/safe-bash/commands/bytes/compression/native/generated/zstd.d.mts
publish	Publish Safe Bash with provenance	2026-09-12T18:11:24.5926764Z npm notice 1.2MB dist/safe-bash/commands/bytes/compression/native/generated/zstd.mjs
publish	Publish Safe Bash with provenance	2026-09-12T18:11:24.5927163Z npm notice 37.0kB dist/safe-bash/commands/bytes/compression/native/LICENSES.txt
publish	Publish Safe Bash with provenance	2026-09-12T18:11:24.5927544Z npm notice 8.3kB dist/safe-bash/commands/bytes/compression/native/sources.json
publish	Publish Safe Bash with provenance	2026-09-12T18:11:24.5927921Z npm notice 702B dist/safe-bash/commands/bytes/compression/native/types.d.ts
publish	Publish Safe Bash with provenance	2026-09-12T18:11:24.5928311Z npm notice 826B dist/safe-bash/commands/bytes/compression/native/types.d.ts.map
publish	Publish Safe Bash with provenance	2026-09-12T18:11:24.5928679Z npm notice 44B dist/safe-bash/commands/bytes/compression/native/types.js
publish	Publish Safe Bash with provenance	2026-09-12T18:11:24.5929119Z npm notice 148B dist/safe-bash/commands/bytes/compression/native/types.js.map
publish	Publish Safe Bash with provenance	2026-09-12T18:11:24.5929512Z npm notice 1.2kB dist/safe-bash/commands/bytes/compression/options.d.ts
publish	Publish Safe Bash with provenance	2026-09-12T18:11:24.5929878Z npm notice 619B dist/safe-bash/commands/bytes/compression/options.d.ts.map
publish	Publish Safe Bash with provenance	2026-09-12T18:11:24.5930240Z npm notice 2.8kB dist/safe-bash/commands/bytes/compression/options.js
publish	Publish Safe Bash with provenance	2026-09-12T18:11:24.5930601Z npm notice 3.1kB dist/safe-bash/commands/bytes/compression/options.js.map
publish	Publish Safe Bash with provenance	2026-09-12T18:11:24.5930955Z npm notice 497B dist/safe-bash/commands/bytes/compression/stream.d.ts
publish	Publish Safe Bash with provenance	2026-09-12T18:11:24.5931313Z npm notice 559B dist/safe-bash/commands/bytes/compression/stream.d.ts.map
publish	Publish Safe Bash with provenance	2026-09-12T18:11:24.5931667Z npm notice 4.8kB dist/safe-bash/commands/bytes/compression/stream.js
publish	Publish Safe Bash with provenance	2026-09-12T18:11:24.5932015Z npm notice 5.1kB dist/safe-bash/commands/bytes/compression/stream.js.map
publish	Publish Safe Bash with provenance	2026-09-12T18:11:24.5932353Z npm notice 216B dist/safe-bash/commands/bytes/encoding/base.d.ts
publish	Publish Safe Bash with provenance	2026-09-12T18:11:24.5932675Z npm notice 273B dist/safe-bash/commands/bytes/encoding/base.d.ts.map
publish	Publish Safe Bash with provenance	2026-09-12T18:11:24.5933000Z npm notice 4.6kB dist/safe-bash/commands/bytes/encoding/base.js
publish	Publish Safe Bash with provenance	2026-09-12T18:11:24.5933330Z npm notice 5.4kB dist/safe-bash/commands/bytes/encoding/base.js.map
publish	Publish Safe Bash with provenance	2026-09-12T18:11:24.5933663Z npm notice 271B dist/safe-bash/commands/bytes/encoding/index.d.ts
publish	Publish Safe Bash with provenance	2026-09-12T18:11:24.5934001Z npm notice 306B dist/safe-bash/commands/bytes/encoding/index.d.ts.map
publish	Publish Safe Bash with provenance	2026-09-12T18:11:24.5934329Z npm notice 501B dist/safe-bash/commands/bytes/encoding/index.js
publish	Publish Safe Bash with provenance	2026-09-12T18:11:24.5934646Z npm notice 551B dist/safe-bash/commands/bytes/encoding/index.js.map
publish	Publish Safe Bash with provenance	2026-09-12T18:11:24.5934964Z npm notice 185B dist/safe-bash/commands/bytes/encoding/od.d.ts
publish	Publish Safe Bash with provenance	2026-09-12T18:11:24.5935287Z npm notice 237B dist/safe-bash/commands/bytes/encoding/od.d.ts.map
publish	Publish Safe Bash with provenance	2026-09-12T18:11:24.5935661Z npm notice 6.8kB dist/safe-bash/commands/bytes/encoding/od.js
publish	Publish Safe Bash with provenance	2026-09-12T18:11:24.5935989Z npm notice 8.0kB dist/safe-bash/commands/bytes/encoding/od.js.map
publish	Publish Safe Bash with provenance	2026-09-12T18:11:24.5936315Z npm notice 796B dist/safe-bash/commands/bytes/encoding/shared.d.ts
publish	Publish Safe Bash with provenance	2026-09-12T18:11:24.5936654Z npm notice 841B dist/safe-bash/commands/bytes/encoding/shared.d.ts.map
publish	Publish Safe Bash with provenance	2026-09-12T18:11:24.5936999Z npm notice 4.2kB dist/safe-bash/commands/bytes/encoding/shared.js
publish	Publish Safe Bash with provenance	2026-09-12T18:11:24.5937337Z npm notice 4.7kB dist/safe-bash/commands/bytes/encoding/shared.js.map
publish	Publish Safe Bash with provenance	2026-09-12T18:11:24.5937664Z npm notice 187B dist/safe-bash/commands/bytes/encoding/xxd.d.ts
publish	Publish Safe Bash with provenance	2026-09-12T18:11:24.5937998Z npm notice 242B dist/safe-bash/commands/bytes/encoding/xxd.d.ts.map
publish	Publish Safe Bash with provenance	2026-09-12T18:11:24.5938318Z npm notice 6.8kB dist/safe-bash/commands/bytes/encoding/xxd.js
publish	Publish Safe Bash with provenance	2026-09-12T18:11:24.5938635Z npm notice 7.3kB dist/safe-bash/commands/bytes/encoding/xxd.js.map
publish	Publish Safe Bash with provenance	2026-09-12T18:11:24.5938946Z npm notice 828B dist/safe-bash/commands/bytes/index.d.ts
publish	Publish Safe Bash with provenance	2026-09-12T18:11:24.5939359Z npm notice 623B dist/safe-bash/commands/bytes/index.d.ts.map
publish	Publish Safe Bash with provenance	2026-09-12T18:11:24.5939667Z npm notice 1.0kB dist/safe-bash/commands/bytes/index.js
publish	Publish Safe Bash with provenance	2026-09-12T18:11:24.5939981Z npm notice 939B dist/safe-bash/commands/bytes/index.js.map
publish	Publish Safe Bash with provenance	2026-09-12T18:11:24.5940305Z npm notice 776B dist/safe-bash/commands/bytes/input-budget.d.ts
publish	Publish Safe Bash with provenance	2026-09-12T18:11:24.5940648Z npm notice 593B dist/safe-bash/commands/bytes/input-budget.d.ts.map
publish	Publish Safe Bash with provenance	2026-09-12T18:11:24.5941056Z npm notice 1.2kB dist/safe-bash/commands/bytes/input-budget.js
publish	Publish Safe Bash with provenance	2026-09-12T18:11:24.5941380Z npm notice 1.3kB dist/safe-bash/commands/bytes/input-budget.js.map
publish	Publish Safe Bash with provenance	2026-09-12T18:11:24.5941678Z npm notice 154B dist/safe-bash/commands/cmp.d.ts
publish	Publish Safe Bash with provenance	2026-09-12T18:11:24.5941962Z npm notice 200B dist/safe-bash/commands/cmp.d.ts.map
publish	Publish Safe Bash with provenance	2026-09-12T18:11:24.5942231Z npm notice 27.2kB dist/safe-bash/commands/cmp.js
publish	Publish Safe Bash with provenance	2026-09-12T18:11:24.5942501Z npm notice 29.5kB dist/safe-bash/commands/cmp.js.map
publish	Publish Safe Bash with provenance	2026-09-12T18:11:24.5942783Z npm notice 259B dist/safe-bash/commands/column/column.d.ts
publish	Publish Safe Bash with provenance	2026-09-12T18:11:24.5943101Z npm notice 289B dist/safe-bash/commands/column/column.d.ts.map
publish	Publish Safe Bash with provenance	2026-09-12T18:11:24.5943406Z npm notice 6.7kB dist/safe-bash/commands/column/column.js
publish	Publish Safe Bash with provenance	2026-09-12T18:11:24.5943714Z npm notice 5.7kB dist/safe-bash/commands/column/column.js.map
publish	Publish Safe Bash with provenance	2026-09-12T18:11:24.5944025Z npm notice 605B dist/safe-bash/commands/column/display.d.ts
publish	Publish Safe Bash with provenance	2026-09-12T18:11:24.5944334Z npm notice 694B dist/safe-bash/commands/column/display.d.ts.map
publish	Publish Safe Bash with provenance	2026-09-12T18:11:24.5944636Z npm notice 3.4kB dist/safe-bash/commands/column/display.js
publish	Publish Safe Bash with provenance	2026-09-12T18:11:24.5944947Z npm notice 4.1kB dist/safe-bash/commands/column/display.js.map
publish	Publish Safe Bash with provenance	2026-09-12T18:11:24.5945252Z npm notice 507B dist/safe-bash/commands/column/index.d.ts
publish	Publish Safe Bash with provenance	2026-09-12T18:11:24.5945552Z npm notice 457B dist/safe-bash/commands/column/index.d.ts.map
publish	Publish Safe Bash with provenance	2026-09-12T18:11:24.5945856Z npm notice 780B dist/safe-bash/commands/column/index.js
publish	Publish Safe Bash with provenance	2026-09-12T18:11:24.5946148Z npm notice 814B dist/safe-bash/commands/column/index.js.map
publish	Publish Safe Bash with provenance	2026-09-12T18:11:24.5946458Z npm notice 1.4kB dist/safe-bash/commands/column/internal.d.ts
publish	Publish Safe Bash with provenance	2026-09-12T18:11:24.5946821Z npm notice 1.5kB dist/safe-bash/commands/column/internal.d.ts.map
publish	Publish Safe Bash with provenance	2026-09-12T18:11:24.5947131Z npm notice 8.0kB dist/safe-bash/commands/column/internal.js
publish	Publish Safe Bash with provenance	2026-09-12T18:11:24.5947437Z npm notice 8.9kB dist/safe-bash/commands/column/internal.js.map
publish	Publish Safe Bash with provenance	2026-09-12T18:11:24.5947751Z npm notice 2.1kB dist/safe-bash/commands/column/options.d.ts
publish	Publish Safe Bash with provenance	2026-09-12T18:11:24.5948072Z npm notice 1.4kB dist/safe-bash/commands/column/options.d.ts.map
publish	Publish Safe Bash with provenance	2026-09-12T18:11:24.5948385Z npm notice 6.2kB dist/safe-bash/commands/column/options.js
publish	Publish Safe Bash with provenance	2026-09-12T18:11:24.5948791Z npm notice 5.4kB dist/safe-bash/commands/column/options.js.map
publish	Publish Safe Bash with provenance	2026-09-12T18:11:24.5949335Z npm notice 268B dist/safe-bash/commands/column/table.d.ts
publish	Publish Safe Bash with provenance	2026-09-12T18:11:24.5949717Z npm notice 366B dist/safe-bash/commands/column/table.d.ts.map
publish	Publish Safe Bash with provenance	2026-09-12T18:11:24.5950109Z npm notice 3.3kB dist/safe-bash/commands/column/table.js
publish	Publish Safe Bash with provenance	2026-09-12T18:11:24.5950600Z npm notice 4.0kB dist/safe-bash/commands/column/table.js.map
publish	Publish Safe Bash with provenance	2026-09-12T18:11:24.5951000Z npm notice 485B dist/safe-bash/commands/copy-identity.d.ts
publish	Publish Safe Bash with provenance	2026-09-12T18:11:24.5951325Z npm notice 534B dist/safe-bash/commands/copy-identity.d.ts.map
publish	Publish Safe Bash with provenance	2026-09-12T18:11:24.5951689Z npm notice 2.0kB dist/safe-bash/commands/copy-identity.js
publish	Publish Safe Bash with provenance	2026-09-12T18:11:24.5952023Z npm notice 2.3kB dist/safe-bash/commands/copy-identity.js.map
publish	Publish Safe Bash with provenance	2026-09-12T18:11:24.5952338Z npm notice 436B dist/safe-bash/commands/csplit/command.d.ts
publish	Publish Safe Bash with provenance	2026-09-12T18:11:24.5952663Z npm notice 405B dist/safe-bash/commands/csplit/command.d.ts.map
publish	Publish Safe Bash with provenance	2026-09-12T18:11:24.5952979Z npm notice 4.6kB dist/safe-bash/commands/csplit/command.js
publish	Publish Safe Bash with provenance	2026-09-12T18:11:24.5953284Z npm notice 3.7kB dist/safe-bash/commands/csplit/command.js.map
publish	Publish Safe Bash with provenance	2026-09-12T18:11:24.5953622Z npm notice 437B dist/safe-bash/commands/csplit/index.browser.js
publish	Publish Safe Bash with provenance	2026-09-12T18:11:24.5953956Z npm notice 93B dist/safe-bash/commands/csplit/index.browser.js.map
publish	Publish Safe Bash with provenance	2026-09-12T18:11:24.5954270Z npm notice 555B dist/safe-bash/commands/csplit/index.d.ts
publish	Publish Safe Bash with provenance	2026-09-12T18:11:24.5954581Z npm notice 473B dist/safe-bash/commands/csplit/index.d.ts.map
publish	Publish Safe Bash with provenance	2026-09-12T18:11:24.5954881Z npm notice 1.2kB dist/safe-bash/commands/csplit/index.js
publish	Publish Safe Bash with provenance	2026-09-12T18:11:24.5955179Z npm notice 1.2kB dist/safe-bash/commands/csplit/index.js.map
publish	Publish Safe Bash with provenance	2026-09-12T18:11:24.5955494Z npm notice 2.5kB dist/safe-bash/commands/csplit/internal.d.ts
publish	Publish Safe Bash with provenance	2026-09-12T18:11:24.5955887Z npm notice 2.4kB dist/safe-bash/commands/csplit/internal.d.ts.map
publish	Publish Safe Bash with provenance	2026-09-12T18:11:24.5956273Z npm notice 6.8kB dist/safe-bash/commands/csplit/internal.js
publish	Publish Safe Bash with provenance	2026-09-12T18:11:24.5956673Z npm notice 6.8kB dist/safe-bash/commands/csplit/internal.js.map
publish	Publish Safe Bash with provenance	2026-09-12T18:11:24.5957287Z npm notice 1.8kB dist/safe-bash/commands/csplit/io.d.ts
publish	Publish Safe Bash with provenance	2026-09-12T18:11:24.5958398Z npm notice 1.9kB dist/safe-bash/commands/csplit/io.d.ts.map
publish	Publish Safe Bash with provenance	2026-09-12T18:11:24.5958777Z npm notice 15.9kB dist/safe-bash/commands/csplit/io.js
publish	Publish Safe Bash with provenance	2026-09-12T18:11:24.5959264Z npm notice 16.9kB dist/safe-bash/commands/csplit/io.js.map
publish	Publish Safe Bash with provenance	2026-09-12T18:11:24.5959674Z npm notice 587B dist/safe-bash/commands/csplit/options.d.ts
publish	Publish Safe Bash with provenance	2026-09-12T18:11:24.5960090Z npm notice 713B dist/safe-bash/commands/csplit/options.d.ts.map
publish	Publish Safe Bash with provenance	2026-09-12T18:11:24.5960455Z npm notice 8.4kB dist/safe-bash/commands/csplit/options.js
publish	Publish Safe Bash with provenance	2026-09-12T18:11:24.5960764Z npm notice 9.5kB dist/safe-bash/commands/csplit/options.js.map
publish	Publish Safe Bash with provenance	2026-09-12T18:11:24.5961086Z npm notice 712B dist/safe-bash/commands/csplit/patterns.d.ts
publish	Publish Safe Bash with provenance	2026-09-12T18:11:24.5961410Z npm notice 798B dist/safe-bash/commands/csplit/patterns.d.ts.map
publish	Publish Safe Bash with provenance	2026-09-12T18:11:24.5961727Z npm notice 4.7kB dist/safe-bash/commands/csplit/patterns.js
publish	Publish Safe Bash with provenance	2026-09-12T18:11:24.5962051Z npm notice 4.7kB dist/safe-bash/commands/csplit/patterns.js.map
publish	Publish Safe Bash with provenance	2026-09-12T18:11:24.5962365Z npm notice 113B dist/safe-bash/commands/csplit/quoting.d.ts
publish	Publish Safe Bash with provenance	2026-09-12T18:11:24.5962678Z npm notice 204B dist/safe-bash/commands/csplit/quoting.d.ts.map
publish	Publish Safe Bash with provenance	2026-09-12T18:11:24.5962990Z npm notice 13.0kB dist/safe-bash/commands/csplit/quoting.js
publish	Publish Safe Bash with provenance	2026-09-12T18:11:24.5963315Z npm notice 15.4kB dist/safe-bash/commands/csplit/quoting.js.map
publish	Publish Safe Bash with provenance	2026-09-12T18:11:24.5963622Z npm notice 529B dist/safe-bash/commands/csplit/split.d.ts
publish	Publish Safe Bash with provenance	2026-09-12T18:11:24.5963924Z npm notice 595B dist/safe-bash/commands/csplit/split.d.ts.map
publish	Publish Safe Bash with provenance	2026-09-12T18:11:24.5964237Z npm notice 4.7kB dist/safe-bash/commands/csplit/split.js
publish	Publish Safe Bash with provenance	2026-09-12T18:11:24.5964542Z npm notice 5.3kB dist/safe-bash/commands/csplit/split.js.map
publish	Publish Safe Bash with provenance	2026-09-12T18:11:24.5964880Z npm notice 534B dist/safe-bash/commands/diff-patch/diff-format.d.ts
publish	Publish Safe Bash with provenance	2026-09-12T18:11:24.5965249Z npm notice 722B dist/safe-bash/commands/diff-patch/diff-format.d.ts.map
publish	Publish Safe Bash with provenance	2026-09-12T18:11:24.5965603Z npm notice 5.6kB dist/safe-bash/commands/diff-patch/diff-format.js
publish	Publish Safe Bash with provenance	2026-09-12T18:11:24.5965950Z npm notice 6.5kB dist/safe-bash/commands/diff-patch/diff-format.js.map
publish	Publish Safe Bash with provenance	2026-09-12T18:11:24.5966281Z npm notice 207B dist/safe-bash/commands/diff-patch/diff.d.ts
publish	Publish Safe Bash with provenance	2026-09-12T18:11:24.5966595Z npm notice 223B dist/safe-bash/commands/diff-patch/diff.d.ts.map
publish	Publish Safe Bash with provenance	2026-09-12T18:11:24.5967005Z npm notice 13.7kB dist/safe-bash/commands/diff-patch/diff.js
publish	Publish Safe Bash with provenance	2026-09-12T18:11:24.5967330Z npm notice 14.9kB dist/safe-bash/commands/diff-patch/diff.js.map
publish	Publish Safe Bash with provenance	2026-09-12T18:11:24.5967648Z npm notice 426B dist/safe-bash/commands/diff-patch/index.d.ts
publish	Publish Safe Bash with provenance	2026-09-12T18:11:24.5967968Z npm notice 410B dist/safe-bash/commands/diff-patch/index.d.ts.map
publish	Publish Safe Bash with provenance	2026-09-12T18:11:24.5968285Z npm notice 826B dist/safe-bash/commands/diff-patch/index.js
publish	Publish Safe Bash with provenance	2026-09-12T18:11:24.5968604Z npm notice 839B dist/safe-bash/commands/diff-patch/index.js.map
publish	Publish Safe Bash with provenance	2026-09-12T18:11:24.5968944Z npm notice 166B dist/safe-bash/commands/diff-patch/patch-envelope.d.ts
publish	Publish Safe Bash with provenance	2026-09-12T18:11:24.5969726Z npm notice 278B dist/safe-bash/commands/diff-patch/patch-envelope.d.ts.map
publish	Publish Safe Bash with provenance	2026-09-12T18:11:24.5970129Z npm notice 2.6kB dist/safe-bash/commands/diff-patch/patch-envelope.js
publish	Publish Safe Bash with provenance	2026-09-12T18:11:24.5970489Z npm notice 2.5kB dist/safe-bash/commands/diff-patch/patch-envelope.js.map
publish	Publish Safe Bash with provenance	2026-09-12T18:11:24.5970854Z npm notice 419B dist/safe-bash/commands/diff-patch/patch-formats.d.ts
publish	Publish Safe Bash with provenance	2026-09-12T18:11:24.5971215Z npm notice 527B dist/safe-bash/commands/diff-patch/patch-formats.d.ts.map
publish	Publish Safe Bash with provenance	2026-09-12T18:11:24.5971566Z npm notice 11.6kB dist/safe-bash/commands/diff-patch/patch-formats.js
publish	Publish Safe Bash with provenance	2026-09-12T18:11:24.5971924Z npm notice 12.5kB dist/safe-bash/commands/diff-patch/patch-formats.js.map
publish	Publish Safe Bash with provenance	2026-09-12T18:11:24.5972316Z npm notice 1.9kB dist/safe-bash/commands/diff-patch/patch-gnu-paths.d.ts
publish	Publish Safe Bash with provenance	2026-09-12T18:11:24.5972772Z npm notice 2.1kB dist/safe-bash/commands/diff-patch/patch-gnu-paths.d.ts.map
publish	Publish Safe Bash with provenance	2026-09-12T18:11:24.5973148Z npm notice 9.4kB dist/safe-bash/commands/diff-patch/patch-gnu-paths.js
publish	Publish Safe Bash with provenance	2026-09-12T18:11:24.5973514Z npm notice 10.7kB dist/safe-bash/commands/diff-patch/patch-gnu-paths.js.map
publish	Publish Safe Bash with provenance	2026-09-12T18:11:24.5973881Z npm notice 377B dist/safe-bash/commands/diff-patch/patch-gnu-reject.d.ts
publish	Publish Safe Bash with provenance	2026-09-12T18:11:24.5974265Z npm notice 484B dist/safe-bash/commands/diff-patch/patch-gnu-reject.d.ts.map
publish	Publish Safe Bash with provenance	2026-09-12T18:11:24.5974634Z npm notice 3.7kB dist/safe-bash/commands/diff-patch/patch-gnu-reject.js
publish	Publish Safe Bash with provenance	2026-09-12T18:11:24.5975004Z npm notice 4.5kB dist/safe-bash/commands/diff-patch/patch-gnu-reject.js.map
publish	Publish Safe Bash with provenance	2026-09-12T18:11:24.5975367Z npm notice 277B dist/safe-bash/commands/diff-patch/patch-path.d.ts
publish	Publish Safe Bash with provenance	2026-09-12T18:11:24.5975714Z npm notice 347B dist/safe-bash/commands/diff-patch/patch-path.d.ts.map
publish	Publish Safe Bash with provenance	2026-09-12T18:11:24.5976060Z npm notice 4.6kB dist/safe-bash/commands/diff-patch/patch-path.js
publish	Publish Safe Bash with provenance	2026-09-12T18:11:24.5976410Z npm notice 5.4kB dist/safe-bash/commands/diff-patch/patch-path.js.map
publish	Publish Safe Bash with provenance	2026-09-12T18:11:24.5976741Z npm notice 209B dist/safe-bash/commands/diff-patch/patch.d.ts
publish	Publish Safe Bash with provenance	2026-09-12T18:11:24.5977064Z npm notice 225B dist/safe-bash/commands/diff-patch/patch.d.ts.map
publish	Publish Safe Bash with provenance	2026-09-12T18:11:24.5977397Z npm notice 20.5kB dist/safe-bash/commands/diff-patch/patch.js
publish	Publish Safe Bash with provenance	2026-09-12T18:11:24.5977712Z npm notice 21.8kB dist/safe-bash/commands/diff-patch/patch.js.map
publish	Publish Safe Bash with provenance	2026-09-12T18:11:24.5978034Z npm notice 1.8kB dist/safe-bash/commands/diff-patch/shared.d.ts
publish	Publish Safe Bash with provenance	2026-09-12T18:11:24.5978361Z npm notice 1.9kB dist/safe-bash/commands/diff-patch/shared.d.ts.map
publish	Publish Safe Bash with provenance	2026-09-12T18:11:24.5978716Z npm notice 7.2kB dist/safe-bash/commands/diff-patch/shared.js
publish	Publish Safe Bash with provenance	2026-09-12T18:11:24.5979113Z npm notice 8.0kB dist/safe-bash/commands/diff-patch/shared.js.map
publish	Publish Safe Bash with provenance	2026-09-12T18:11:24.5979459Z npm notice 1.8kB dist/safe-bash/commands/diff-patch/unified.d.ts
publish	Publish Safe Bash with provenance	2026-09-12T18:11:24.5979803Z npm notice 2.0kB dist/safe-bash/commands/diff-patch/unified.d.ts.map
publish	Publish Safe Bash with provenance	2026-09-12T18:11:24.5980141Z npm notice 11.9kB dist/safe-bash/commands/diff-patch/unified.js
publish	Publish Safe Bash with provenance	2026-09-12T18:11:24.5980469Z npm notice 12.2kB dist/safe-bash/commands/diff-patch/unified.js.map
publish	Publish Safe Bash with provenance	2026-09-12T18:11:24.5980816Z npm notice 360B dist/safe-bash/commands/directory-admission.d.ts
publish	Publish Safe Bash with provenance	2026-09-12T18:11:24.5981160Z npm notice 376B dist/safe-bash/commands/directory-admission.d.ts.map
publish	Publish Safe Bash with provenance	2026-09-12T18:11:24.5981495Z npm notice 1.3kB dist/safe-bash/commands/directory-admission.js
publish	Publish Safe Bash with provenance	2026-09-12T18:11:24.5981836Z npm notice 1.5kB dist/safe-bash/commands/directory-admission.js.map
publish	Publish Safe Bash with provenance	2026-09-12T18:11:24.5982211Z npm notice 1.6kB dist/safe-bash/commands/du/arguments.d.ts
publish	Publish Safe Bash with provenance	2026-09-12T18:11:24.5982507Z npm notice 706B dist/safe-bash/commands/du/arguments.d.ts.map
publish	Publish Safe Bash with provenance	2026-09-12T18:11:24.5982808Z npm notice 6.7kB dist/safe-bash/commands/du/arguments.js
publish	Publish Safe Bash with provenance	2026-09-12T18:11:24.5983105Z npm notice 5.6kB dist/safe-bash/commands/du/arguments.js.map
publish	Publish Safe Bash with provenance	2026-09-12T18:11:24.5983394Z npm notice 1.4kB dist/safe-bash/commands/du/budget.d.ts
publish	Publish Safe Bash with provenance	2026-09-12T18:11:24.5983699Z npm notice 1.5kB dist/safe-bash/commands/du/budget.d.ts.map
publish	Publish Safe Bash with provenance	2026-09-12T18:11:24.5983982Z npm notice 5.4kB dist/safe-bash/commands/du/budget.js
publish	Publish Safe Bash with provenance	2026-09-12T18:11:24.5984269Z npm notice 6.7kB dist/safe-bash/commands/du/budget.js.map
publish	Publish Safe Bash with provenance	2026-09-12T18:11:24.5984558Z npm notice 243B dist/safe-bash/commands/du/du.d.ts
publish	Publish Safe Bash with provenance	2026-09-12T18:11:24.5984828Z npm notice 274B dist/safe-bash/commands/du/du.d.ts.map
publish	Publish Safe Bash with provenance	2026-09-12T18:11:24.5985092Z npm notice 9.1kB dist/safe-bash/commands/du/du.js
publish	Publish Safe Bash with provenance	2026-09-12T18:11:24.5985372Z npm notice 10.3kB dist/safe-bash/commands/du/du.js.map
publish	Publish Safe Bash with provenance	2026-09-12T18:11:24.5985646Z npm notice 405B dist/safe-bash/commands/du/format.d.ts
publish	Publish Safe Bash with provenance	2026-09-12T18:11:24.5985929Z npm notice 478B dist/safe-bash/commands/du/format.d.ts.map
publish	Publish Safe Bash with provenance	2026-09-12T18:11:24.5986220Z npm notice 2.2kB dist/safe-bash/commands/du/format.js
publish	Publish Safe Bash with provenance	2026-09-12T18:11:24.5986503Z npm notice 2.9kB dist/safe-bash/commands/du/format.js.map
publish	Publish Safe Bash with provenance	2026-09-12T18:11:24.5986782Z npm notice 471B dist/safe-bash/commands/du/index.d.ts
publish	Publish Safe Bash with provenance	2026-09-12T18:11:24.5987063Z npm notice 451B dist/safe-bash/commands/du/index.d.ts.map
publish	Publish Safe Bash with provenance	2026-09-12T18:11:24.5987413Z npm notice 754B dist/safe-bash/commands/du/index.js
publish	Publish Safe Bash with provenance	2026-09-12T18:11:24.5987694Z npm notice 813B dist/safe-bash/commands/du/index.js.map
publish	Publish Safe Bash with provenance	2026-09-12T18:11:24.5987982Z npm notice 573B dist/safe-bash/commands/du/options.d.ts
publish	Publish Safe Bash with provenance	2026-09-12T18:11:24.5988283Z npm notice 661B dist/safe-bash/commands/du/options.d.ts.map
publish	Publish Safe Bash with provenance	2026-09-12T18:11:24.5988573Z npm notice 593B dist/safe-bash/commands/du/options.js
publish	Publish Safe Bash with provenance	2026-09-12T18:11:24.5988856Z npm notice 732B dist/safe-bash/commands/du/options.js.map
publish	Publish Safe Bash with provenance	2026-09-12T18:11:24.5989236Z npm notice 455B dist/safe-bash/commands/env-split.d.ts
publish	Publish Safe Bash with provenance	2026-09-12T18:11:24.5989534Z npm notice 494B dist/safe-bash/commands/env-split.d.ts.map
publish	Publish Safe Bash with provenance	2026-09-12T18:11:24.5989821Z npm notice 13.5kB dist/safe-bash/commands/env-split.js
publish	Publish Safe Bash with provenance	2026-09-12T18:11:24.5990120Z npm notice 14.4kB dist/safe-bash/commands/env-split.js.map
publish	Publish Safe Bash with provenance	2026-09-12T18:11:24.5990411Z npm notice 427B dist/safe-bash/commands/execution.d.ts
publish	Publish Safe Bash with provenance	2026-09-12T18:11:24.5990704Z npm notice 399B dist/safe-bash/commands/execution.d.ts.map
publish	Publish Safe Bash with provenance	2026-09-12T18:11:24.5991020Z npm notice 17.7kB dist/safe-bash/commands/execution.js
publish	Publish Safe Bash with provenance	2026-09-12T18:11:24.5991313Z npm notice 16.7kB dist/safe-bash/commands/execution.js.map
publish	Publish Safe Bash with provenance	2026-09-12T18:11:24.5991620Z npm notice 573B dist/safe-bash/commands/expr/bre-engine.d.ts
publish	Publish Safe Bash with provenance	2026-09-12T18:11:24.5991944Z npm notice 597B dist/safe-bash/commands/expr/bre-engine.d.ts.map
publish	Publish Safe Bash with provenance	2026-09-12T18:11:24.5992257Z npm notice 98.4kB dist/safe-bash/commands/expr/bre-engine.js
publish	Publish Safe Bash with provenance	2026-09-12T18:11:24.5992576Z npm notice 114.2kB dist/safe-bash/commands/expr/bre-engine.js.map
publish	Publish Safe Bash with provenance	2026-09-12T18:11:24.5992906Z npm notice 382B dist/safe-bash/commands/expr/bre-worker.d.ts
publish	Publish Safe Bash with provenance	2026-09-12T18:11:24.5993223Z npm notice 365B dist/safe-bash/commands/expr/bre-worker.d.ts.map
publish	Publish Safe Bash with provenance	2026-09-12T18:11:24.5993537Z npm notice 809B dist/safe-bash/commands/expr/bre-worker.js
publish	Publish Safe Bash with provenance	2026-09-12T18:11:24.5993850Z npm notice 857B dist/safe-bash/commands/expr/bre-worker.js.map
publish	Publish Safe Bash with provenance	2026-09-12T18:11:24.5994166Z npm notice 426B dist/safe-bash/commands/expr/command.d.ts
publish	Publish Safe Bash with provenance	2026-09-12T18:11:24.5994475Z npm notice 403B dist/safe-bash/commands/expr/command.d.ts.map
publish	Publish Safe Bash with provenance	2026-09-12T18:11:24.5994777Z npm notice 5.6kB dist/safe-bash/commands/expr/command.js
publish	Publish Safe Bash with provenance	2026-09-12T18:11:24.5995083Z npm notice 4.7kB dist/safe-bash/commands/expr/command.js.map
publish	Publish Safe Bash with provenance	2026-09-12T18:11:24.5995388Z npm notice 953B dist/safe-bash/commands/expr/evaluate.d.ts
publish	Publish Safe Bash with provenance	2026-09-12T18:11:24.5995702Z npm notice 1.1kB dist/safe-bash/commands/expr/evaluate.d.ts.map
publish	Publish Safe Bash with provenance	2026-09-12T18:11:24.5996021Z npm notice 6.8kB dist/safe-bash/commands/expr/evaluate.js
publish	Publish Safe Bash with provenance	2026-09-12T18:11:24.5996386Z npm notice 8.5kB dist/safe-bash/commands/expr/evaluate.js.map
publish	Publish Safe Bash with provenance	2026-09-12T18:11:24.5996681Z npm notice 537B dist/safe-bash/commands/expr/index.d.ts
publish	Publish Safe Bash with provenance	2026-09-12T18:11:24.5996975Z npm notice 471B dist/safe-bash/commands/expr/index.d.ts.map
publish	Publish Safe Bash with provenance	2026-09-12T18:11:24.5997258Z npm notice 1.0kB dist/safe-bash/commands/expr/index.js
publish	Publish Safe Bash with provenance	2026-09-12T18:11:24.5997540Z npm notice 1.0kB dist/safe-bash/commands/expr/index.js.map
publish	Publish Safe Bash with provenance	2026-09-12T18:11:24.5997848Z npm notice 1.9kB dist/safe-bash/commands/expr/internal.d.ts
publish	Publish Safe Bash with provenance	2026-09-12T18:11:24.5998159Z npm notice 1.9kB dist/safe-bash/commands/expr/internal.d.ts.map
publish	Publish Safe Bash with provenance	2026-09-12T18:11:24.5998463Z npm notice 6.2kB dist/safe-bash/commands/expr/internal.js
publish	Publish Safe Bash with provenance	2026-09-12T18:11:24.5998770Z npm notice 6.2kB dist/safe-bash/commands/expr/internal.js.map
publish	Publish Safe Bash with provenance	2026-09-12T18:11:24.5999227Z npm notice 267B dist/safe-bash/commands/expr/syntax.d.ts
publish	Publish Safe Bash with provenance	2026-09-12T18:11:24.5999586Z npm notice 364B dist/safe-bash/commands/expr/syntax.d.ts.map
publish	Publish Safe Bash with provenance	2026-09-12T18:11:24.5999890Z npm notice 5.7kB dist/safe-bash/commands/expr/syntax.js
publish	Publish Safe Bash with provenance	2026-09-12T18:11:24.6000190Z npm notice 6.9kB dist/safe-bash/commands/expr/syntax.js.map
publish	Publish Safe Bash with provenance	2026-09-12T18:11:24.6000493Z npm notice 261B dist/safe-bash/commands/factor/command.d.ts
publish	Publish Safe Bash with provenance	2026-09-12T18:11:24.6000814Z npm notice 288B dist/safe-bash/commands/factor/command.d.ts.map
publish	Publish Safe Bash with provenance	2026-09-12T18:11:24.6001125Z npm notice 6.2kB dist/safe-bash/commands/factor/command.js
publish	Publish Safe Bash with provenance	2026-09-12T18:11:24.6001429Z npm notice 4.9kB dist/safe-bash/commands/factor/command.js.map
publish	Publish Safe Bash with provenance	2026-09-12T18:11:24.6001794Z npm notice 269B dist/safe-bash/commands/factor/factor.d.ts
publish	Publish Safe Bash with provenance	2026-09-12T18:11:24.6002106Z npm notice 366B dist/safe-bash/commands/factor/factor.d.ts.map
publish	Publish Safe Bash with provenance	2026-09-12T18:11:24.6002411Z npm notice 1.7kB dist/safe-bash/commands/factor/factor.js
publish	Publish Safe Bash with provenance	2026-09-12T18:11:24.6002720Z npm notice 2.1kB dist/safe-bash/commands/factor/factor.js.map
publish	Publish Safe Bash with provenance	2026-09-12T18:11:24.6003044Z npm notice 355B dist/safe-bash/commands/factor/index.browser.js
publish	Publish Safe Bash with provenance	2026-09-12T18:11:24.6003378Z npm notice 93B dist/safe-bash/commands/factor/index.browser.js.map
publish	Publish Safe Bash with provenance	2026-09-12T18:11:24.6003692Z npm notice 510B dist/safe-bash/commands/factor/index.d.ts
publish	Publish Safe Bash with provenance	2026-09-12T18:11:24.6003999Z npm notice 457B dist/safe-bash/commands/factor/index.d.ts.map
publish	Publish Safe Bash with provenance	2026-09-12T18:11:24.6004298Z npm notice 533B dist/safe-bash/commands/factor/index.js
publish	Publish Safe Bash with provenance	2026-09-12T18:11:24.6004591Z npm notice 606B dist/safe-bash/commands/factor/index.js.map
publish	Publish Safe Bash with provenance	2026-09-12T18:11:24.6004907Z npm notice 1.9kB dist/safe-bash/commands/factor/internal.d.ts
publish	Publish Safe Bash with provenance	2026-09-12T18:11:24.6005232Z npm notice 1.9kB dist/safe-bash/commands/factor/internal.d.ts.map
publish	Publish Safe Bash with provenance	2026-09-12T18:11:24.6005545Z npm notice 5.6kB dist/safe-bash/commands/factor/internal.js
publish	Publish Safe Bash with provenance	2026-09-12T18:11:24.6005863Z npm notice 6.2kB dist/safe-bash/commands/factor/internal.js.map
publish	Publish Safe Bash with provenance	2026-09-12T18:11:24.6006164Z npm notice 1.1kB dist/safe-bash/commands/factor/io.d.ts
publish	Publish Safe Bash with provenance	2026-09-12T18:11:24.6006457Z npm notice 1.3kB dist/safe-bash/commands/factor/io.d.ts.map
publish	Publish Safe Bash with provenance	2026-09-12T18:11:24.6006759Z npm notice 7.5kB dist/safe-bash/commands/factor/io.js
publish	Publish Safe Bash with provenance	2026-09-12T18:11:24.6007046Z npm notice 8.1kB dist/safe-bash/commands/factor/io.js.map
publish	Publish Safe Bash with provenance	2026-09-12T18:11:24.6007350Z npm notice 299B dist/safe-bash/commands/file/classify.d.ts
publish	Publish Safe Bash with provenance	2026-09-12T18:11:24.6007662Z npm notice 375B dist/safe-bash/commands/file/classify.d.ts.map
publish	Publish Safe Bash with provenance	2026-09-12T18:11:24.6007953Z npm notice 7.5kB dist/safe-bash/commands/file/classify.js
publish	Publish Safe Bash with provenance	2026-09-12T18:11:24.6008253Z npm notice 10.4kB dist/safe-bash/commands/file/classify.js.map
publish	Publish Safe Bash with provenance	2026-09-12T18:11:24.6008543Z npm notice 538B dist/safe-bash/commands/file/index.d.ts
publish	Publish Safe Bash with provenance	2026-09-12T18:11:24.6008827Z npm notice 481B dist/safe-bash/commands/file/index.d.ts.map
publish	Publish Safe Bash with provenance	2026-09-12T18:11:24.6009192Z npm notice 12.3kB dist/safe-bash/commands/file/index.js
publish	Publish Safe Bash with provenance	2026-09-12T18:11:24.6009491Z npm notice 12.0kB dist/safe-bash/commands/file/index.js.map
publish	Publish Safe Bash with provenance	2026-09-12T18:11:24.6009794Z npm notice 1.8kB dist/safe-bash/commands/file/shared.d.ts
publish	Publish Safe Bash with provenance	2026-09-12T18:11:24.6010092Z npm notice 1.8kB dist/safe-bash/commands/file/shared.d.ts.map
publish	Publish Safe Bash with provenance	2026-09-12T18:11:24.6010385Z npm notice 6.8kB dist/safe-bash/commands/file/shared.js
publish	Publish Safe Bash with provenance	2026-09-12T18:11:24.6010682Z npm notice 7.6kB dist/safe-bash/commands/file/shared.js.map
publish	Publish Safe Bash with provenance	2026-09-12T18:11:24.6011070Z npm notice 1.7kB dist/safe-bash/commands/filesystem-requirements.d.ts
publish	Publish Safe Bash with provenance	2026-09-12T18:11:24.6011430Z npm notice 461B dist/safe-bash/commands/filesystem-requirements.d.ts.map
publish	Publish Safe Bash with provenance	2026-09-12T18:11:24.6011789Z npm notice 6.0kB dist/safe-bash/commands/filesystem-requirements.js
publish	Publish Safe Bash with provenance	2026-09-12T18:11:24.6012145Z npm notice 5.3kB dist/safe-bash/commands/filesystem-requirements.js.map
publish	Publish Safe Bash with provenance	2026-09-12T18:11:24.6012470Z npm notice 199B dist/safe-bash/commands/filesystem.d.ts
publish	Publish Safe Bash with provenance	2026-09-12T18:11:24.6012776Z npm notice 248B dist/safe-bash/commands/filesystem.d.ts.map
publish	Publish Safe Bash with provenance	2026-09-12T18:11:24.6013070Z npm notice 41.4kB dist/safe-bash/commands/filesystem.js
publish	Publish Safe Bash with provenance	2026-09-12T18:11:24.6013369Z npm notice 44.1kB dist/safe-bash/commands/filesystem.js.map
publish	Publish Safe Bash with provenance	2026-09-12T18:11:24.6013675Z npm notice 1.1kB dist/safe-bash/commands/find-format.d.ts
publish	Publish Safe Bash with provenance	2026-09-12T18:11:24.6013986Z npm notice 1.1kB dist/safe-bash/commands/find-format.d.ts.map
publish	Publish Safe Bash with provenance	2026-09-12T18:11:24.6014287Z npm notice 6.2kB dist/safe-bash/commands/find-format.js
publish	Publish Safe Bash with provenance	2026-09-12T18:11:24.6014601Z npm notice 7.1kB dist/safe-bash/commands/find-format.js.map
publish	Publish Safe Bash with provenance	2026-09-12T18:11:24.6014882Z npm notice 233B dist/safe-bash/commands/find.d.ts
publish	Publish Safe Bash with provenance	2026-09-12T18:11:24.6015151Z npm notice 268B dist/safe-bash/commands/find.d.ts.map
publish	Publish Safe Bash with provenance	2026-09-12T18:11:24.6015430Z npm notice 17.9kB dist/safe-bash/commands/find.js
publish	Publish Safe Bash with provenance	2026-09-12T18:11:24.6015695Z npm notice 16.7kB dist/safe-bash/commands/find.js.map
publish	Publish Safe Bash with provenance	2026-09-12T18:11:24.6016012Z npm notice 154B dist/safe-bash/commands/fmt.d.ts
publish	Publish Safe Bash with provenance	2026-09-12T18:11:24.6016287Z npm notice 201B dist/safe-bash/commands/fmt.d.ts.map
publish	Publish Safe Bash with provenance	2026-09-12T18:11:24.6016548Z npm notice 43.9kB dist/safe-bash/commands/fmt.js
publish	Publish Safe Bash with provenance	2026-09-12T18:11:24.6016816Z npm notice 47.4kB dist/safe-bash/commands/fmt.js.map
publish	Publish Safe Bash with provenance	2026-09-12T18:11:24.6017107Z npm notice 261B dist/safe-bash/commands/getopt/command.d.ts
publish	Publish Safe Bash with provenance	2026-09-12T18:11:24.6017429Z npm notice 288B dist/safe-bash/commands/getopt/command.d.ts.map
publish	Publish Safe Bash with provenance	2026-09-12T18:11:24.6017747Z npm notice 9.7kB dist/safe-bash/commands/getopt/command.js
publish	Publish Safe Bash with provenance	2026-09-12T18:11:24.6018055Z npm notice 7.6kB dist/safe-bash/commands/getopt/command.js.map
publish	Publish Safe Bash with provenance	2026-09-12T18:11:24.6018383Z npm notice 355B dist/safe-bash/commands/getopt/index.browser.js
publish	Publish Safe Bash with provenance	2026-09-12T18:11:24.6018717Z npm notice 93B dist/safe-bash/commands/getopt/index.browser.js.map
publish	Publish Safe Bash with provenance	2026-09-12T18:11:24.6019103Z npm notice 510B dist/safe-bash/commands/getopt/index.d.ts
publish	Publish Safe Bash with provenance	2026-09-12T18:11:24.6019878Z npm notice 457B dist/safe-bash/commands/getopt/index.d.ts.map
publish	Publish Safe Bash with provenance	2026-09-12T18:11:24.6020254Z npm notice 533B dist/safe-bash/commands/getopt/index.js
publish	Publish Safe Bash with provenance	2026-09-12T18:11:24.6020629Z npm notice 606B dist/safe-bash/commands/getopt/index.js.map
publish	Publish Safe Bash with provenance	2026-09-12T18:11:24.6020975Z npm notice 1.7kB dist/safe-bash/commands/getopt/internal.d.ts
publish	Publish Safe Bash with provenance	2026-09-12T18:11:24.6021374Z npm notice 1.6kB dist/safe-bash/commands/getopt/internal.d.ts.map
publish	Publish Safe Bash with provenance	2026-09-12T18:11:24.6021754Z npm notice 5.4kB dist/safe-bash/commands/getopt/internal.js
publish	Publish Safe Bash with provenance	2026-09-12T18:11:24.6022076Z npm notice 5.6kB dist/safe-bash/commands/getopt/internal.js.map
publish	Publish Safe Bash with provenance	2026-09-12T18:11:24.6022378Z npm notice 531B dist/safe-bash/commands/getopt/io.d.ts
publish	Publish Safe Bash with provenance	2026-09-12T18:11:24.6022665Z npm notice 611B dist/safe-bash/commands/getopt/io.d.ts.map
publish	Publish Safe Bash with provenance	2026-09-12T18:11:24.6022962Z npm notice 3.8kB dist/safe-bash/commands/getopt/io.js
publish	Publish Safe Bash with provenance	2026-09-12T18:11:24.6023248Z npm notice 4.5kB dist/safe-bash/commands/getopt/io.js.map
publish	Publish Safe Bash with provenance	2026-09-12T18:11:24.6023548Z npm notice 1.5kB dist/safe-bash/commands/getopt/parser.d.ts
publish	Publish Safe Bash with provenance	2026-09-12T18:11:24.6023869Z npm notice 1.8kB dist/safe-bash/commands/getopt/parser.d.ts.map
publish	Publish Safe Bash with provenance	2026-09-12T18:11:24.6024175Z npm notice 8.4kB dist/safe-bash/commands/getopt/parser.js
publish	Publish Safe Bash with provenance	2026-09-12T18:11:24.6024476Z npm notice 9.2kB dist/safe-bash/commands/getopt/parser.js.map
publish	Publish Safe Bash with provenance	2026-09-12T18:11:24.6024807Z npm notice 302B dist/safe-bash/commands/grep-aliases/aliases.d.ts
publish	Publish Safe Bash with provenance	2026-09-12T18:11:24.6025151Z npm notice 342B dist/safe-bash/commands/grep-aliases/aliases.d.ts.map
publish	Publish Safe Bash with provenance	2026-09-12T18:11:24.6025492Z npm notice 1.1kB dist/safe-bash/commands/grep-aliases/aliases.js
publish	Publish Safe Bash with provenance	2026-09-12T18:11:24.6025823Z npm notice 1.3kB dist/safe-bash/commands/grep-aliases/aliases.js.map
publish	Publish Safe Bash with provenance	2026-09-12T18:11:24.6026303Z npm notice 808B dist/safe-bash/commands/grep-aliases/index.d.ts
publish	Publish Safe Bash with provenance	2026-09-12T18:11:24.6026639Z npm notice 690B dist/safe-bash/commands/grep-aliases/index.d.ts.map
publish	Publish Safe Bash with provenance	2026-09-12T18:11:24.6026968Z npm notice 1.4kB dist/safe-bash/commands/grep-aliases/index.js
publish	Publish Safe Bash with provenance	2026-09-12T18:11:24.6027310Z npm notice 1.5kB dist/safe-bash/commands/grep-aliases/index.js.map
publish	Publish Safe Bash with provenance	2026-09-12T18:11:24.6027634Z npm notice 461B dist/safe-bash/commands/grep.d.ts
publish	Publish Safe Bash with provenance	2026-09-12T18:11:24.6027911Z npm notice 409B dist/safe-bash/commands/grep.d.ts.map
publish	Publish Safe Bash with provenance	2026-09-12T18:11:24.6028194Z npm notice 494B dist/safe-bash/commands/grep.js
publish	Publish Safe Bash with provenance	2026-09-12T18:11:24.6028468Z npm notice 504B dist/safe-bash/commands/grep.js.map
publish	Publish Safe Bash with provenance	2026-09-12T18:11:24.6028767Z npm notice 358B dist/safe-bash/commands/hexdump/command.d.ts
publish	Publish Safe Bash with provenance	2026-09-12T18:11:24.6029171Z npm notice 348B dist/safe-bash/commands/hexdump/command.d.ts.map
publish	Publish Safe Bash with provenance	2026-09-12T18:11:24.6029497Z npm notice 6.5kB dist/safe-bash/commands/hexdump/command.js
publish	Publish Safe Bash with provenance	2026-09-12T18:11:24.6029818Z npm notice 7.0kB dist/safe-bash/commands/hexdump/command.js.map
publish	Publish Safe Bash with provenance	2026-09-12T18:11:24.6030136Z npm notice 151B dist/safe-bash/commands/hexdump/format.d.ts
publish	Publish Safe Bash with provenance	2026-09-12T18:11:24.6030447Z npm notice 242B dist/safe-bash/commands/hexdump/format.d.ts.map
publish	Publish Safe Bash with provenance	2026-09-12T18:11:24.6030755Z npm notice 1.0kB dist/safe-bash/commands/hexdump/format.js
publish	Publish Safe Bash with provenance	2026-09-12T18:11:24.6031070Z npm notice 1.5kB dist/safe-bash/commands/hexdump/format.js.map
publish	Publish Safe Bash with provenance	2026-09-12T18:11:24.6031453Z npm notice 440B dist/safe-bash/commands/hexdump/index.browser.js
publish	Publish Safe Bash with provenance	2026-09-12T18:11:24.6031792Z npm notice 93B dist/safe-bash/commands/hexdump/index.browser.js.map
publish	Publish Safe Bash with provenance	2026-09-12T18:11:24.6032116Z npm notice 535B dist/safe-bash/commands/hexdump/index.d.ts
publish	Publish Safe Bash with provenance	2026-09-12T18:11:24.6032426Z npm notice 468B dist/safe-bash/commands/hexdump/index.d.ts.map
publish	Publish Safe Bash with provenance	2026-09-12T18:11:24.6032731Z npm notice 827B dist/safe-bash/commands/hexdump/index.js
publish	Publish Safe Bash with provenance	2026-09-12T18:11:24.6033042Z npm notice 838B dist/safe-bash/commands/hexdump/index.js.map
publish	Publish Safe Bash with provenance	2026-09-12T18:11:24.6033356Z npm notice 1.9kB dist/safe-bash/commands/hexdump/internal.d.ts
publish	Publish Safe Bash with provenance	2026-09-12T18:11:24.6033679Z npm notice 1.9kB dist/safe-bash/commands/hexdump/internal.d.ts.map
publish	Publish Safe Bash with provenance	2026-09-12T18:11:24.6033999Z npm notice 5.7kB dist/safe-bash/commands/hexdump/internal.js
publish	Publish Safe Bash with provenance	2026-09-12T18:11:24.6034310Z npm notice 5.9kB dist/safe-bash/commands/hexdump/internal.js.map
publish	Publish Safe Bash with provenance	2026-09-12T18:11:24.6034605Z npm notice 1.5kB dist/safe-bash/commands/hexdump/io.d.ts
publish	Publish Safe Bash with provenance	2026-09-12T18:11:24.6034902Z npm notice 1.6kB dist/safe-bash/commands/hexdump/io.d.ts.map
publish	Publish Safe Bash with provenance	2026-09-12T18:11:24.6035194Z npm notice 11.7kB dist/safe-bash/commands/hexdump/io.js
publish	Publish Safe Bash with provenance	2026-09-12T18:11:24.6035484Z npm notice 11.3kB dist/safe-bash/commands/hexdump/io.js.map
publish	Publish Safe Bash with provenance	2026-09-12T18:11:24.6035787Z npm notice 331B dist/safe-bash/commands/hexdump/options.d.ts
publish	Publish Safe Bash with provenance	2026-09-12T18:11:24.6036114Z npm notice 463B dist/safe-bash/commands/hexdump/options.d.ts.map
publish	Publish Safe Bash with provenance	2026-09-12T18:11:24.6036419Z npm notice 3.4kB dist/safe-bash/commands/hexdump/options.js
publish	Publish Safe Bash with provenance	2026-09-12T18:11:24.6036721Z npm notice 3.6kB dist/safe-bash/commands/hexdump/options.js.map
publish	Publish Safe Bash with provenance	2026-09-12T18:11:24.6037065Z npm notice 1.1kB dist/safe-bash/commands/html-to-markdown/budget.d.ts
publish	Publish Safe Bash with provenance	2026-09-12T18:11:24.6037424Z npm notice 1.2kB dist/safe-bash/commands/html-to-markdown/budget.d.ts.map
publish	Publish Safe Bash with provenance	2026-09-12T18:11:24.6037769Z npm notice 3.4kB dist/safe-bash/commands/html-to-markdown/budget.js
publish	Publish Safe Bash with provenance	2026-09-12T18:11:24.6038107Z npm notice 4.3kB dist/safe-bash/commands/html-to-markdown/budget.js.map
publish	Publish Safe Bash with provenance	2026-09-12T18:11:24.6038468Z npm notice 451B dist/safe-bash/commands/html-to-markdown/entities.d.ts
publish	Publish Safe Bash with provenance	2026-09-12T18:11:24.6038832Z npm notice 579B dist/safe-bash/commands/html-to-markdown/entities.d.ts.map
publish	Publish Safe Bash with provenance	2026-09-12T18:11:24.6039317Z npm notice 5.5kB dist/safe-bash/commands/html-to-markdown/entities.js
publish	Publish Safe Bash with provenance	2026-09-12T18:11:24.6039719Z npm notice 6.7kB dist/safe-bash/commands/html-to-markdown/entities.js.map
publish	Publish Safe Bash with provenance	2026-09-12T18:11:24.6040074Z npm notice 630B dist/safe-bash/commands/html-to-markdown/index.d.ts
publish	Publish Safe Bash with provenance	2026-09-12T18:11:24.6040438Z npm notice 496B dist/safe-bash/commands/html-to-markdown/index.d.ts.map
publish	Publish Safe Bash with provenance	2026-09-12T18:11:24.6040871Z npm notice 4.4kB dist/safe-bash/commands/html-to-markdown/index.js
publish	Publish Safe Bash with provenance	2026-09-12T18:11:24.6041214Z npm notice 3.9kB dist/safe-bash/commands/html-to-markdown/index.js.map
publish	Publish Safe Bash with provenance	2026-09-12T18:11:24.6041569Z npm notice 607B dist/safe-bash/commands/html-to-markdown/input.d.ts
publish	Publish Safe Bash with provenance	2026-09-12T18:11:24.6041914Z npm notice 696B dist/safe-bash/commands/html-to-markdown/input.d.ts.map
publish	Publish Safe Bash with provenance	2026-09-12T18:11:24.6042262Z npm notice 4.3kB dist/safe-bash/commands/html-to-markdown/input.js
publish	Publish Safe Bash with provenance	2026-09-12T18:11:24.6042609Z npm notice 4.8kB dist/safe-bash/commands/html-to-markdown/input.js.map
publish	Publish Safe Bash with provenance	2026-09-12T18:11:24.6042952Z npm notice 1.4kB dist/safe-bash/commands/html-to-markdown/options.d.ts
publish	Publish Safe Bash with provenance	2026-09-12T18:11:24.6043309Z npm notice 1.0kB dist/safe-bash/commands/html-to-markdown/options.d.ts.map
publish	Publish Safe Bash with provenance	2026-09-12T18:11:24.6043670Z npm notice 2.7kB dist/safe-bash/commands/html-to-markdown/options.js
publish	Publish Safe Bash with provenance	2026-09-12T18:11:24.6044015Z npm notice 2.4kB dist/safe-bash/commands/html-to-markdown/options.js.map
publish	Publish Safe Bash with provenance	2026-09-12T18:11:24.6044362Z npm notice 832B dist/safe-bash/commands/html-to-markdown/parser.d.ts
publish	Publish Safe Bash with provenance	2026-09-12T18:11:24.6044714Z npm notice 946B dist/safe-bash/commands/html-to-markdown/parser.d.ts.map
publish	Publish Safe Bash with provenance	2026-09-12T18:11:24.6045057Z npm notice 11.9kB dist/safe-bash/commands/html-to-markdown/parser.js
publish	Publish Safe Bash with provenance	2026-09-12T18:11:24.6045402Z npm notice 13.2kB dist/safe-bash/commands/html-to-markdown/parser.js.map
publish	Publish Safe Bash with provenance	2026-09-12T18:11:24.6045751Z npm notice 721B dist/safe-bash/commands/html-to-markdown/render.d.ts
publish	Publish Safe Bash with provenance	2026-09-12T18:11:24.6046164Z npm notice 703B dist/safe-bash/commands/html-to-markdown/render.d.ts.map
publish	Publish Safe Bash with provenance	2026-09-12T18:11:24.6046505Z npm notice 19.3kB dist/safe-bash/commands/html-to-markdown/render.js
publish	Publish Safe Bash with provenance	2026-09-12T18:11:24.6046853Z npm notice 22.2kB dist/safe-bash/commands/html-to-markdown/render.js.map
publish	Publish Safe Bash with provenance	2026-09-12T18:11:24.6047187Z npm notice 374B dist/safe-bash/commands/html-to-markdown/text.d.ts
publish	Publish Safe Bash with provenance	2026-09-12T18:11:24.6047525Z npm notice 483B dist/safe-bash/commands/html-to-markdown/text.d.ts.map
publish	Publish Safe Bash with provenance	2026-09-12T18:11:24.6047876Z npm notice 1.8kB dist/safe-bash/commands/html-to-markdown/text.js
publish	Publish Safe Bash with provenance	2026-09-12T18:11:24.6048211Z npm notice 2.2kB dist/safe-bash/commands/html-to-markdown/text.js.map
publish	Publish Safe Bash with provenance	2026-09-12T18:11:24.6048524Z npm notice 348B dist/safe-bash/commands/iconv/codec.d.ts
publish	Publish Safe Bash with provenance	2026-09-12T18:11:24.6048831Z npm notice 444B dist/safe-bash/commands/iconv/codec.d.ts.map
publish	Publish Safe Bash with provenance	2026-09-12T18:11:24.6049213Z npm notice 7.7kB dist/safe-bash/commands/iconv/codec.js
publish	Publish Safe Bash with provenance	2026-09-12T18:11:24.6049522Z npm notice 8.7kB dist/safe-bash/commands/iconv/codec.js.map
publish	Publish Safe Bash with provenance	2026-09-12T18:11:24.6049832Z npm notice 258B dist/safe-bash/commands/iconv/command.d.ts
publish	Publish Safe Bash with provenance	2026-09-12T18:11:24.6050141Z npm notice 289B dist/safe-bash/commands/iconv/command.d.ts.map
publish	Publish Safe Bash with provenance	2026-09-12T18:11:24.6050446Z npm notice 4.6kB dist/safe-bash/commands/iconv/command.js
publish	Publish Safe Bash with provenance	2026-09-12T18:11:24.6050749Z npm notice 4.8kB dist/safe-bash/commands/iconv/command.js.map
publish	Publish Safe Bash with provenance	2026-09-12T18:11:24.6051073Z npm notice 390B dist/safe-bash/commands/iconv/index.browser.js
publish	Publish Safe Bash with provenance	2026-09-12T18:11:24.6051399Z npm notice 93B dist/safe-bash/commands/iconv/index.browser.js.map
publish	Publish Safe Bash with provenance	2026-09-12T18:11:24.6051714Z npm notice 502B dist/safe-bash/commands/iconv/index.d.ts
publish	Publish Safe Bash with provenance	2026-09-12T18:11:24.6052020Z npm notice 457B dist/safe-bash/commands/iconv/index.d.ts.map
publish	Publish Safe Bash with provenance	2026-09-12T18:11:24.6052315Z npm notice 522B dist/safe-bash/commands/iconv/index.js
publish	Publish Safe Bash with provenance	2026-09-12T18:11:24.6052608Z npm notice 605B dist/safe-bash/commands/iconv/index.js.map
publish	Publish Safe Bash with provenance	2026-09-12T18:11:24.6052925Z npm notice 1.9kB dist/safe-bash/commands/iconv/internal.d.ts
publish	Publish Safe Bash with provenance	2026-09-12T18:11:24.6053246Z npm notice 1.9kB dist/safe-bash/commands/iconv/internal.d.ts.map
publish	Publish Safe Bash with provenance	2026-09-12T18:11:24.6053555Z npm notice 6.0kB dist/safe-bash/commands/iconv/internal.js
publish	Publish Safe Bash with provenance	2026-09-12T18:11:24.6053874Z npm notice 6.4kB dist/safe-bash/commands/iconv/internal.js.map
publish	Publish Safe Bash with provenance	2026-09-12T18:11:24.6054182Z npm notice 954B dist/safe-bash/commands/iconv/lifecycle.d.ts
publish	Publish Safe Bash with provenance	2026-09-12T18:11:24.6054500Z npm notice 1.1kB dist/safe-bash/commands/iconv/lifecycle.d.ts.map
publish	Publish Safe Bash with provenance	2026-09-12T18:11:24.6054822Z npm notice 3.9kB dist/safe-bash/commands/iconv/lifecycle.js
publish	Publish Safe Bash with provenance	2026-09-12T18:11:24.6055203Z npm notice 3.8kB dist/safe-bash/commands/iconv/lifecycle.js.map
publish	Publish Safe Bash with provenance	2026-09-12T18:11:24.6055519Z npm notice 409B dist/safe-bash/commands/iconv/options.d.ts
publish	Publish Safe Bash with provenance	2026-09-12T18:11:24.6055838Z npm notice 526B dist/safe-bash/commands/iconv/options.d.ts.map
publish	Publish Safe Bash with provenance	2026-09-12T18:11:24.6056143Z npm notice 3.4kB dist/safe-bash/commands/iconv/options.js
publish	Publish Safe Bash with provenance	2026-09-12T18:11:24.6056447Z npm notice 3.5kB dist/safe-bash/commands/iconv/options.js.map
publish	Publish Safe Bash with provenance	2026-09-12T18:11:24.6056766Z npm notice 639B dist/safe-bash/commands/iconv/reader.d.ts
publish	Publish Safe Bash with provenance	2026-09-12T18:11:24.6057073Z npm notice 768B dist/safe-bash/commands/iconv/reader.d.ts.map
publish	Publish Safe Bash with provenance	2026-09-12T18:11:24.6057372Z npm notice 8.0kB dist/safe-bash/commands/iconv/reader.js
publish	Publish Safe Bash with provenance	2026-09-12T18:11:24.6057684Z npm notice 7.9kB dist/safe-bash/commands/iconv/reader.js.map
publish	Publish Safe Bash with provenance	2026-09-12T18:11:24.6058007Z npm notice 129B dist/safe-bash/commands/iconv/transliterations.d.ts
publish	Publish Safe Bash with provenance	2026-09-12T18:11:24.6058352Z npm notice 241B dist/safe-bash/commands/iconv/transliterations.d.ts.map
publish	Publish Safe Bash with provenance	2026-09-12T18:11:24.6058708Z npm notice 29.4kB dist/safe-bash/commands/iconv/transliterations.js
publish	Publish Safe Bash with provenance	2026-09-12T18:11:24.6059140Z npm notice 35.9kB dist/safe-bash/commands/iconv/transliterations.js.map
publish	Publish Safe Bash with provenance	2026-09-12T18:11:24.6059462Z npm notice 479B dist/safe-bash/commands/index.d.ts
publish	Publish Safe Bash with provenance	2026-09-12T18:11:24.6059739Z npm notice 410B dist/safe-bash/commands/index.d.ts.map
publish	Publish Safe Bash with provenance	2026-09-12T18:11:24.6060017Z npm notice 1.4kB dist/safe-bash/commands/index.js
publish	Publish Safe Bash with provenance	2026-09-12T18:11:24.6060359Z npm notice 1.4kB dist/safe-bash/commands/index.js.map
publish	Publish Safe Bash with provenance	2026-09-12T18:11:24.6060640Z npm notice 2.7kB dist/safe-bash/commands/internal.d.ts
publish	Publish Safe Bash with provenance	2026-09-12T18:11:24.6060937Z npm notice 2.6kB dist/safe-bash/commands/internal.d.ts.map
publish	Publish Safe Bash with provenance	2026-09-12T18:11:24.6061225Z npm notice 14.1kB dist/safe-bash/commands/internal.js
publish	Publish Safe Bash with provenance	2026-09-12T18:11:24.6061510Z npm notice 16.2kB dist/safe-bash/commands/internal.js.map
publish	Publish Safe Bash with provenance	2026-09-12T18:11:24.6061835Z npm notice 374B dist/safe-bash/commands/line-endings/command.d.ts
publish	Publish Safe Bash with provenance	2026-09-12T18:11:24.6062179Z npm notice 355B dist/safe-bash/commands/line-endings/command.d.ts.map
publish	Publish Safe Bash with provenance	2026-09-12T18:11:24.6062515Z npm notice 16.9kB dist/safe-bash/commands/line-endings/command.js
publish	Publish Safe Bash with provenance	2026-09-12T18:11:24.6062854Z npm notice 12.6kB dist/safe-bash/commands/line-endings/command.js.map
publish	Publish Safe Bash with provenance	2026-09-12T18:11:24.6063175Z npm notice 550B dist/safe-bash/commands/line-endings/convert.d.ts
publish	Publish Safe Bash with provenance	2026-09-12T18:11:24.6063500Z npm notice 646B dist/safe-bash/commands/line-endings/convert.d.ts.map
publish	Publish Safe Bash with provenance	2026-09-12T18:11:24.6063820Z npm notice 7.6kB dist/safe-bash/commands/line-endings/convert.js
publish	Publish Safe Bash with provenance	2026-09-12T18:11:24.6064140Z npm notice 8.1kB dist/safe-bash/commands/line-endings/convert.js.map
publish	Publish Safe Bash with provenance	2026-09-12T18:11:24.6064480Z npm notice 507B dist/safe-bash/commands/line-endings/index.browser.js
publish	Publish Safe Bash with provenance	2026-09-12T18:11:24.6064838Z npm notice 93B dist/safe-bash/commands/line-endings/index.browser.js.map
publish	Publish Safe Bash with provenance	2026-09-12T18:11:24.6065183Z npm notice 563B dist/safe-bash/commands/line-endings/index.d.ts
publish	Publish Safe Bash with provenance	2026-09-12T18:11:24.6065514Z npm notice 480B dist/safe-bash/commands/line-endings/index.d.ts.map
publish	Publish Safe Bash with provenance	2026-09-12T18:11:24.6065843Z npm notice 606B dist/safe-bash/commands/line-endings/index.js
publish	Publish Safe Bash with provenance	2026-09-12T18:11:24.6066165Z npm notice 663B dist/safe-bash/commands/line-endings/index.js.map
publish	Publish Safe Bash with provenance	2026-09-12T18:11:24.6066494Z npm notice 2.3kB dist/safe-bash/commands/line-endings/internal.d.ts
publish	Publish Safe Bash with provenance	2026-09-12T18:11:24.6066846Z npm notice 2.3kB dist/safe-bash/commands/line-endings/internal.d.ts.map
publish	Publish Safe Bash with provenance	2026-09-12T18:11:24.6067185Z npm notice 6.1kB dist/safe-bash/commands/line-endings/internal.js
publish	Publish Safe Bash with provenance	2026-09-12T18:11:24.6067516Z npm notice 6.4kB dist/safe-bash/commands/line-endings/internal.js.map
publish	Publish Safe Bash with provenance	2026-09-12T18:11:24.6067850Z npm notice 1.7kB dist/safe-bash/commands/line-endings/io.d.ts
publish	Publish Safe Bash with provenance	2026-09-12T18:11:24.6068168Z npm notice 1.9kB dist/safe-bash/commands/line-endings/io.d.ts.map
publish	Publish Safe Bash with provenance	2026-09-12T18:11:24.6068485Z npm notice 10.6kB dist/safe-bash/commands/line-endings/io.js
publish	Publish Safe Bash with provenance	2026-09-12T18:11:24.6068813Z npm notice 11.0kB dist/safe-bash/commands/line-endings/io.js.map
publish	Publish Safe Bash with provenance	2026-09-12T18:11:24.6069213Z npm notice 1.1kB dist/safe-bash/commands/line-endings/stage.d.ts
publish	Publish Safe Bash with provenance	2026-09-12T18:11:24.6069618Z npm notice 1.3kB dist/safe-bash/commands/line-endings/stage.d.ts.map
publish	Publish Safe Bash with provenance	2026-09-12T18:11:24.6069941Z npm notice 7.7kB dist/safe-bash/commands/line-endings/stage.js
publish	Publish Safe Bash with provenance	2026-09-12T18:11:24.6070270Z npm notice 8.6kB dist/safe-bash/commands/line-endings/stage.js.map
publish	Publish Safe Bash with provenance	2026-09-12T18:11:24.6070576Z npm notice 371B dist/safe-bash/commands/llm/command.d.ts
publish	Publish Safe Bash with provenance	2026-09-12T18:11:24.6070872Z npm notice 370B dist/safe-bash/commands/llm/command.d.ts.map
publish	Publish Safe Bash with provenance	2026-09-12T18:11:24.6071180Z npm notice 12.8kB dist/safe-bash/commands/llm/command.js
publish	Publish Safe Bash with provenance	2026-09-12T18:11:24.6071474Z npm notice 13.8kB dist/safe-bash/commands/llm/command.js.map
publish	Publish Safe Bash with provenance	2026-09-12T18:11:24.6071845Z npm notice 252B dist/safe-bash/commands/llm/elevenlabs-stream.d.ts
publish	Publish Safe Bash with provenance	2026-09-12T18:11:24.6072201Z npm notice 313B dist/safe-bash/commands/llm/elevenlabs-stream.d.ts.map
publish	Publish Safe Bash with provenance	2026-09-12T18:11:24.6072543Z npm notice 4.0kB dist/safe-bash/commands/llm/elevenlabs-stream.js
publish	Publish Safe Bash with provenance	2026-09-12T18:11:24.6072876Z npm notice 4.5kB dist/safe-bash/commands/llm/elevenlabs-stream.js.map
publish	Publish Safe Bash with provenance	2026-09-12T18:11:24.6073209Z npm notice 695B dist/safe-bash/commands/llm/elevenlabs.d.ts
publish	Publish Safe Bash with provenance	2026-09-12T18:11:24.6073524Z npm notice 715B dist/safe-bash/commands/llm/elevenlabs.d.ts.map
publish	Publish Safe Bash with provenance	2026-09-12T18:11:24.6073833Z npm notice 6.0kB dist/safe-bash/commands/llm/elevenlabs.js
publish	Publish Safe Bash with provenance	2026-09-12T18:11:24.6074154Z npm notice 6.0kB dist/safe-bash/commands/llm/elevenlabs.js.map
publish	Publish Safe Bash with provenance	2026-09-12T18:11:24.6074462Z npm notice 532B dist/safe-bash/commands/llm/index.browser.js
publish	Publish Safe Bash with provenance	2026-09-12T18:11:24.6074834Z npm notice 93B dist/safe-bash/commands/llm/index.browser.js.map
publish	Publish Safe Bash with provenance	2026-09-12T18:11:24.6075145Z npm notice 463B dist/safe-bash/commands/llm/index.d.ts
publish	Publish Safe Bash with provenance	2026-09-12T18:11:24.6075471Z npm notice 444B dist/safe-bash/commands/llm/index.d.ts.map
publish	Publish Safe Bash with provenance	2026-09-12T18:11:24.6075773Z npm notice 208B dist/safe-bash/commands/llm/index.js
publish	Publish Safe Bash with provenance	2026-09-12T18:11:24.6076067Z npm notice 262B dist/safe-bash/commands/llm/index.js.map
publish	Publish Safe Bash with provenance	2026-09-12T18:11:24.6076346Z npm notice 208B dist/safe-bash/commands/llm/mime.d.ts
publish	Publish Safe Bash with provenance	2026-09-12T18:11:24.6076635Z npm notice 278B dist/safe-bash/commands/llm/mime.d.ts.map
publish	Publish Safe Bash with provenance	2026-09-12T18:11:24.6076939Z npm notice 6.2kB dist/safe-bash/commands/llm/mime.js
publish	Publish Safe Bash with provenance	2026-09-12T18:11:24.6077254Z npm notice 7.7kB dist/safe-bash/commands/llm/mime.js.map
publish	Publish Safe Bash with provenance	2026-09-12T18:11:24.6077596Z npm notice 842B dist/safe-bash/commands/llm/openai-http.d.ts
publish	Publish Safe Bash with provenance	2026-09-12T18:11:24.6077988Z npm notice 845B dist/safe-bash/commands/llm/openai-http.d.ts.map
publish	Publish Safe Bash with provenance	2026-09-12T18:11:24.6152371Z npm notice 5.4kB dist/safe-bash/commands/llm/openai-http.js
publish	Publish Safe Bash with provenance	2026-09-12T18:11:24.6152801Z npm notice 6.2kB dist/safe-bash/commands/llm/openai-http.js.map
publish	Publish Safe Bash with provenance	2026-09-12T18:11:24.6153140Z npm notice 240B dist/safe-bash/commands/llm/openai-sse.d.ts
publish	Publish Safe Bash with provenance	2026-09-12T18:11:24.6153471Z npm notice 301B dist/safe-bash/commands/llm/openai-sse.d.ts.map
publish	Publish Safe Bash with provenance	2026-09-12T18:11:24.6153833Z npm notice 2.9kB dist/safe-bash/commands/llm/openai-sse.js
publish	Publish Safe Bash with provenance	2026-09-12T18:11:24.6154194Z npm notice 3.0kB dist/safe-bash/commands/llm/openai-sse.js.map
publish	Publish Safe Bash with provenance	2026-09-12T18:11:24.6154591Z npm notice 646B dist/safe-bash/commands/llm/openai.d.ts
publish	Publish Safe Bash with provenance	2026-09-12T18:11:24.6154967Z npm notice 675B dist/safe-bash/commands/llm/openai.d.ts.map
publish	Publish Safe Bash with provenance	2026-09-12T18:11:24.6155287Z npm notice 12.4kB dist/safe-bash/commands/llm/openai.js
publish	Publish Safe Bash with provenance	2026-09-12T18:11:24.6155586Z npm notice 12.5kB dist/safe-bash/commands/llm/openai.js.map
publish	Publish Safe Bash with provenance	2026-09-12T18:11:24.6155938Z npm notice 155B dist/safe-bash/commands/llm/providers/elevenlabs.d.ts
publish	Publish Safe Bash with provenance	2026-09-12T18:11:24.6156312Z npm notice 221B dist/safe-bash/commands/llm/providers/elevenlabs.d.ts.map
publish	Publish Safe Bash with provenance	2026-09-12T18:11:24.6156673Z npm notice 99B dist/safe-bash/commands/llm/providers/elevenlabs.js
publish	Publish Safe Bash with provenance	2026-09-12T18:11:24.6157036Z npm notice 188B dist/safe-bash/commands/llm/providers/elevenlabs.js.map
publish	Publish Safe Bash with provenance	2026-09-12T18:11:24.6157398Z npm notice 297B dist/safe-bash/commands/llm/providers/index.browser.js
publish	Publish Safe Bash with provenance	2026-09-12T18:11:24.6157759Z npm notice 93B dist/safe-bash/commands/llm/providers/index.browser.js.map
publish	Publish Safe Bash with provenance	2026-09-12T18:11:24.6158131Z npm notice 301B dist/safe-bash/commands/llm/providers/index.d.ts
publish	Publish Safe Bash with provenance	2026-09-12T18:11:24.6158488Z npm notice 329B dist/safe-bash/commands/llm/providers/index.d.ts.map
publish	Publish Safe Bash with provenance	2026-09-12T18:11:24.6159169Z npm notice 145B dist/safe-bash/commands/llm/providers/index.js
publish	Publish Safe Bash with provenance	2026-09-12T18:11:24.6159532Z npm notice 222B dist/safe-bash/commands/llm/providers/index.js.map
publish	Publish Safe Bash with provenance	2026-09-12T18:11:24.6159872Z npm notice 135B dist/safe-bash/commands/llm/providers/openai.d.ts
publish	Publish Safe Bash with provenance	2026-09-12T18:11:24.6160216Z npm notice 211B dist/safe-bash/commands/llm/providers/openai.d.ts.map
publish	Publish Safe Bash with provenance	2026-09-12T18:11:24.6160563Z npm notice 87B dist/safe-bash/commands/llm/providers/openai.js
publish	Publish Safe Bash with provenance	2026-09-12T18:11:24.6160898Z npm notice 178B dist/safe-bash/commands/llm/providers/openai.js.map
publish	Publish Safe Bash with provenance	2026-09-12T18:11:24.6161239Z npm notice 871B dist/safe-bash/commands/llm/providers/shared.d.ts
publish	Publish Safe Bash with provenance	2026-09-12T18:11:24.6161591Z npm notice 945B dist/safe-bash/commands/llm/providers/shared.d.ts.map
publish	Publish Safe Bash with provenance	2026-09-12T18:11:24.6161930Z npm notice 3.7kB dist/safe-bash/commands/llm/providers/shared.js
publish	Publish Safe Bash with provenance	2026-09-12T18:11:24.6162263Z npm notice 4.2kB dist/safe-bash/commands/llm/providers/shared.js.map
publish	Publish Safe Bash with provenance	2026-09-12T18:11:24.6162570Z npm notice 799B dist/safe-bash/commands/llm/types.d.ts
publish	Publish Safe Bash with provenance	2026-09-12T18:11:24.6162879Z npm notice 947B dist/safe-bash/commands/llm/types.d.ts.map
publish	Publish Safe Bash with provenance	2026-09-12T18:11:24.6163168Z npm notice 44B dist/safe-bash/commands/llm/types.js
publish	Publish Safe Bash with provenance	2026-09-12T18:11:24.6163460Z npm notice 121B dist/safe-bash/commands/llm/types.js.map
publish	Publish Safe Bash with provenance	2026-09-12T18:11:24.6163767Z npm notice 238B dist/safe-bash/commands/metadata/chmod.d.ts
publish	Publish Safe Bash with provenance	2026-09-12T18:11:24.6164089Z npm notice 226B dist/safe-bash/commands/metadata/chmod.d.ts.map
publish	Publish Safe Bash with provenance	2026-09-12T18:11:24.6164473Z npm notice 8.1kB dist/safe-bash/commands/metadata/chmod.js
publish	Publish Safe Bash with provenance	2026-09-12T18:11:24.6164799Z npm notice 9.0kB dist/safe-bash/commands/metadata/chmod.js.map
publish	Publish Safe Bash with provenance	2026-09-12T18:11:24.6165113Z npm notice 472B dist/safe-bash/commands/metadata/index.d.ts
publish	Publish Safe Bash with provenance	2026-09-12T18:11:24.6165425Z npm notice 418B dist/safe-bash/commands/metadata/index.d.ts.map
publish	Publish Safe Bash with provenance	2026-09-12T18:11:24.6165745Z npm notice 1.0kB dist/safe-bash/commands/metadata/index.js
publish	Publish Safe Bash with provenance	2026-09-12T18:11:24.6166053Z npm notice 1.0kB dist/safe-bash/commands/metadata/index.js.map
publish	Publish Safe Bash with provenance	2026-09-12T18:11:24.6166379Z npm notice 1.1kB dist/safe-bash/commands/metadata/internal.d.ts
publish	Publish Safe Bash with provenance	2026-09-12T18:11:24.6166724Z npm notice 1.1kB dist/safe-bash/commands/metadata/internal.d.ts.map
publish	Publish Safe Bash with provenance	2026-09-12T18:11:24.6167047Z npm notice 3.0kB dist/safe-bash/commands/metadata/internal.js
publish	Publish Safe Bash with provenance	2026-09-12T18:11:24.6167365Z npm notice 3.6kB dist/safe-bash/commands/metadata/internal.js.map
publish	Publish Safe Bash with provenance	2026-09-12T18:11:24.6167696Z npm notice 240B dist/safe-bash/commands/metadata/mktemp.d.ts
publish	Publish Safe Bash with provenance	2026-09-12T18:11:24.6168012Z npm notice 228B dist/safe-bash/commands/metadata/mktemp.d.ts.map
publish	Publish Safe Bash with provenance	2026-09-12T18:11:24.6168321Z npm notice 7.0kB dist/safe-bash/commands/metadata/mktemp.js
publish	Publish Safe Bash with provenance	2026-09-12T18:11:24.6168647Z npm notice 6.7kB dist/safe-bash/commands/metadata/mktemp.js.map
publish	Publish Safe Bash with provenance	2026-09-12T18:11:24.6168955Z npm notice 236B dist/safe-bash/commands/metadata/stat.d.ts
publish	Publish Safe Bash with provenance	2026-09-12T18:11:24.6169512Z npm notice 224B dist/safe-bash/commands/metadata/stat.d.ts.map
publish	Publish Safe Bash with provenance	2026-09-12T18:11:24.6169856Z npm notice 13.9kB dist/safe-bash/commands/metadata/stat.js
publish	Publish Safe Bash with provenance	2026-09-12T18:11:24.6170174Z npm notice 16.4kB dist/safe-bash/commands/metadata/stat.js.map
publish	Publish Safe Bash with provenance	2026-09-12T18:11:24.6170477Z npm notice 436B dist/safe-bash/commands/move.d.ts
publish	Publish Safe Bash with provenance	2026-09-12T18:11:24.6170763Z npm notice 482B dist/safe-bash/commands/move.d.ts.map
publish	Publish Safe Bash with provenance	2026-09-12T18:11:24.6171080Z npm notice 9.7kB dist/safe-bash/commands/move.js
publish	Publish Safe Bash with provenance	2026-09-12T18:11:24.6171376Z npm notice 10.5kB dist/safe-bash/commands/move.js.map
publish	Publish Safe Bash with provenance	2026-09-12T18:11:24.6171680Z npm notice 431B dist/safe-bash/commands/network/aggregate.d.ts
publish	Publish Safe Bash with provenance	2026-09-12T18:11:24.6172024Z npm notice 459B dist/safe-bash/commands/network/aggregate.d.ts.map
publish	Publish Safe Bash with provenance	2026-09-12T18:11:24.6172350Z npm notice 1.1kB dist/safe-bash/commands/network/aggregate.js
publish	Publish Safe Bash with provenance	2026-09-12T18:11:24.6172669Z npm notice 1.3kB dist/safe-bash/commands/network/aggregate.js.map
publish	Publish Safe Bash with provenance	2026-09-12T18:11:24.6172988Z npm notice 1.1kB dist/safe-bash/commands/network/args.d.ts
publish	Publish Safe Bash with provenance	2026-09-12T18:11:24.6173295Z npm notice 1.3kB dist/safe-bash/commands/network/args.d.ts.map
publish	Publish Safe Bash with provenance	2026-09-12T18:11:24.6173595Z npm notice 9.6kB dist/safe-bash/commands/network/args.js
publish	Publish Safe Bash with provenance	2026-09-12T18:11:24.6173989Z npm notice 9.6kB dist/safe-bash/commands/network/args.js.map
publish	Publish Safe Bash with provenance	2026-09-12T18:11:24.6174332Z npm notice 368B dist/safe-bash/commands/network/authorizer.d.ts
publish	Publish Safe Bash with provenance	2026-09-12T18:11:24.6174665Z npm notice 392B dist/safe-bash/commands/network/authorizer.d.ts.map
publish	Publish Safe Bash with provenance	2026-09-12T18:11:24.6175006Z npm notice 1.5kB dist/safe-bash/commands/network/authorizer.js
publish	Publish Safe Bash with provenance	2026-09-12T18:11:24.6175340Z npm notice 1.6kB dist/safe-bash/commands/network/authorizer.js.map
publish	Publish Safe Bash with provenance	2026-09-12T18:11:24.6175657Z npm notice 568B dist/safe-bash/commands/network/body.d.ts
publish	Publish Safe Bash with provenance	2026-09-12T18:11:24.6175974Z npm notice 607B dist/safe-bash/commands/network/body.d.ts.map
publish	Publish Safe Bash with provenance	2026-09-12T18:11:24.6176272Z npm notice 8.3kB dist/safe-bash/commands/network/body.js
publish	Publish Safe Bash with provenance	2026-09-12T18:11:24.6176574Z npm notice 8.9kB dist/safe-bash/commands/network/body.js.map
publish	Publish Safe Bash with provenance	2026-09-12T18:11:24.6176879Z npm notice 726B dist/safe-bash/commands/network/curl.d.ts
publish	Publish Safe Bash with provenance	2026-09-12T18:11:24.6177183Z npm notice 707B dist/safe-bash/commands/network/curl.d.ts.map
publish	Publish Safe Bash with provenance	2026-09-12T18:11:24.6177485Z npm notice 23.8kB dist/safe-bash/commands/network/curl.js
publish	Publish Safe Bash with provenance	2026-09-12T18:11:24.6177794Z npm notice 23.3kB dist/safe-bash/commands/network/curl.js.map
publish	Publish Safe Bash with provenance	2026-09-12T18:11:24.6178126Z npm notice 277B dist/safe-bash/commands/network/fetch-transport.d.ts
publish	Publish Safe Bash with provenance	2026-09-12T18:11:24.6178488Z npm notice 335B dist/safe-bash/commands/network/fetch-transport.d.ts.map
publish	Publish Safe Bash with provenance	2026-09-12T18:11:24.6178852Z npm notice 3.1kB dist/safe-bash/commands/network/fetch-transport.js
publish	Publish Safe Bash with provenance	2026-09-12T18:11:24.6179499Z npm notice 3.0kB dist/safe-bash/commands/network/fetch-transport.js.map
publish	Publish Safe Bash with provenance	2026-09-12T18:11:24.6179859Z npm notice 836B dist/safe-bash/commands/network/index.browser.js
publish	Publish Safe Bash with provenance	2026-09-12T18:11:24.6180214Z npm notice 93B dist/safe-bash/commands/network/index.browser.js.map
publish	Publish Safe Bash with provenance	2026-09-12T18:11:24.6180534Z npm notice 153B dist/safe-bash/commands/network/index.d.ts
publish	Publish Safe Bash with provenance	2026-09-12T18:11:24.6180846Z npm notice 208B dist/safe-bash/commands/network/index.d.ts.map
publish	Publish Safe Bash with provenance	2026-09-12T18:11:24.6181151Z npm notice 120B dist/safe-bash/commands/network/index.js
publish	Publish Safe Bash with provenance	2026-09-12T18:11:24.6181466Z npm notice 190B dist/safe-bash/commands/network/index.js.map
publish	Publish Safe Bash with provenance	2026-09-12T18:11:24.6181773Z npm notice 662B dist/safe-bash/commands/network/output.d.ts
publish	Publish Safe Bash with provenance	2026-09-12T18:11:24.6182085Z npm notice 712B dist/safe-bash/commands/network/output.d.ts.map
publish	Publish Safe Bash with provenance	2026-09-12T18:11:24.6182399Z npm notice 4.3kB dist/safe-bash/commands/network/output.js
publish	Publish Safe Bash with provenance	2026-09-12T18:11:24.6182707Z npm notice 4.6kB dist/safe-bash/commands/network/output.js.map
publish	Publish Safe Bash with provenance	2026-09-12T18:11:24.6183017Z npm notice 238B dist/safe-bash/commands/network/platform.d.ts
publish	Publish Safe Bash with provenance	2026-09-12T18:11:24.6183344Z npm notice 284B dist/safe-bash/commands/network/platform.d.ts.map
publish	Publish Safe Bash with provenance	2026-09-12T18:11:24.6183655Z npm notice 236B dist/safe-bash/commands/network/platform.js
publish	Publish Safe Bash with provenance	2026-09-12T18:11:24.6183972Z npm notice 282B dist/safe-bash/commands/network/platform.js.map
publish	Publish Safe Bash with provenance	2026-09-12T18:11:24.6184321Z npm notice 110B dist/safe-bash/commands/network/private-address.d.ts
publish	Publish Safe Bash with provenance	2026-09-12T18:11:24.6184676Z npm notice 200B dist/safe-bash/commands/network/private-address.d.ts.map
publish	Publish Safe Bash with provenance	2026-09-12T18:11:24.6185029Z npm notice 2.6kB dist/safe-bash/commands/network/private-address.js
publish	Publish Safe Bash with provenance	2026-09-12T18:11:24.6185383Z npm notice 3.5kB dist/safe-bash/commands/network/private-address.js.map
publish	Publish Safe Bash with provenance	2026-09-12T18:11:24.6185708Z npm notice 836B dist/safe-bash/commands/network/public.d.ts
publish	Publish Safe Bash with provenance	2026-09-12T18:11:24.6186021Z npm notice 677B dist/safe-bash/commands/network/public.d.ts.map
publish	Publish Safe Bash with provenance	2026-09-12T18:11:24.6186339Z npm notice 1.2kB dist/safe-bash/commands/network/public.js
publish	Publish Safe Bash with provenance	2026-09-12T18:11:24.6186649Z npm notice 1.1kB dist/safe-bash/commands/network/public.js.map
publish	Publish Safe Bash with provenance	2026-09-12T18:11:24.6186962Z npm notice 784B dist/safe-bash/commands/network/shared.d.ts
publish	Publish Safe Bash with provenance	2026-09-12T18:11:24.6187271Z npm notice 808B dist/safe-bash/commands/network/shared.d.ts.map
publish	Publish Safe Bash with provenance	2026-09-12T18:11:24.6187578Z npm notice 2.4kB dist/safe-bash/commands/network/shared.js
publish	Publish Safe Bash with provenance	2026-09-12T18:11:24.6187889Z npm notice 2.9kB dist/safe-bash/commands/network/shared.js.map
publish	Publish Safe Bash with provenance	2026-09-12T18:11:24.6188203Z npm notice 477B dist/safe-bash/commands/network/transport.d.ts
publish	Publish Safe Bash with provenance	2026-09-12T18:11:24.6188526Z npm notice 559B dist/safe-bash/commands/network/transport.d.ts.map
publish	Publish Safe Bash with provenance	2026-09-12T18:11:24.6188926Z npm notice 6.5kB dist/safe-bash/commands/network/transport.js
publish	Publish Safe Bash with provenance	2026-09-12T18:11:24.6189331Z npm notice 6.6kB dist/safe-bash/commands/network/transport.js.map
publish	Publish Safe Bash with provenance	2026-09-12T18:11:24.6189648Z npm notice 2.3kB dist/safe-bash/commands/network/types.d.ts
publish	Publish Safe Bash with provenance	2026-09-12T18:11:24.6189971Z npm notice 2.2kB dist/safe-bash/commands/network/types.d.ts.map
publish	Publish Safe Bash with provenance	2026-09-12T18:11:24.6190278Z npm notice 847B dist/safe-bash/commands/network/types.js
publish	Publish Safe Bash with provenance	2026-09-12T18:11:24.6190570Z npm notice 941B dist/safe-bash/commands/network/types.js.map
publish	Publish Safe Bash with provenance	2026-09-12T18:11:24.6190876Z npm notice 254B dist/safe-bash/commands/network/wget.d.ts
publish	Publish Safe Bash with provenance	2026-09-12T18:11:24.6191181Z npm notice 284B dist/safe-bash/commands/network/wget.d.ts.map
publish	Publish Safe Bash with provenance	2026-09-12T18:11:24.6191476Z npm notice 7.3kB dist/safe-bash/commands/network/wget.js
publish	Publish Safe Bash with provenance	2026-09-12T18:11:24.6191776Z npm notice 7.2kB dist/safe-bash/commands/network/wget.js.map
publish	Publish Safe Bash with provenance	2026-09-12T18:11:24.6192078Z npm notice 315B dist/safe-bash/commands/node/admission.d.ts
publish	Publish Safe Bash with provenance	2026-09-12T18:11:24.6192389Z npm notice 417B dist/safe-bash/commands/node/admission.d.ts.map
publish	Publish Safe Bash with provenance	2026-09-12T18:11:24.6192704Z npm notice 21.4kB dist/safe-bash/commands/node/admission.js
publish	Publish Safe Bash with provenance	2026-09-12T18:11:24.6193014Z npm notice 22.7kB dist/safe-bash/commands/node/admission.js.map
publish	Publish Safe Bash with provenance	2026-09-12T18:11:24.6193319Z npm notice 1.1kB dist/safe-bash/commands/node/channel.d.ts
publish	Publish Safe Bash with provenance	2026-09-12T18:11:24.6193629Z npm notice 1.1kB dist/safe-bash/commands/node/channel.d.ts.map
publish	Publish Safe Bash with provenance	2026-09-12T18:11:24.6193972Z npm notice 3.6kB dist/safe-bash/commands/node/channel.js
publish	Publish Safe Bash with provenance	2026-09-12T18:11:24.6194266Z npm notice 4.4kB dist/safe-bash/commands/node/channel.js.map
publish	Publish Safe Bash with provenance	2026-09-12T18:11:24.6194559Z npm notice 351B dist/safe-bash/commands/node/cli.d.ts
publish	Publish Safe Bash with provenance	2026-09-12T18:11:24.6194843Z npm notice 436B dist/safe-bash/commands/node/cli.d.ts.map
publish	Publish Safe Bash with provenance	2026-09-12T18:11:24.6195120Z npm notice 2.9kB dist/safe-bash/commands/node/cli.js
publish	Publish Safe Bash with provenance	2026-09-12T18:11:24.6195401Z npm notice 3.1kB dist/safe-bash/commands/node/cli.js.map
publish	Publish Safe Bash with provenance	2026-09-12T18:11:24.6195706Z npm notice 498B dist/safe-bash/commands/node/diagnostics.d.ts
publish	Publish Safe Bash with provenance	2026-09-12T18:11:24.6196028Z npm notice 504B dist/safe-bash/commands/node/diagnostics.d.ts.map
publish	Publish Safe Bash with provenance	2026-09-12T18:11:24.6196336Z npm notice 2.0kB dist/safe-bash/commands/node/diagnostics.js
publish	Publish Safe Bash with provenance	2026-09-12T18:11:24.6196662Z npm notice 2.1kB dist/safe-bash/commands/node/diagnostics.js.map
publish	Publish Safe Bash with provenance	2026-09-12T18:11:24.6196963Z npm notice 1.4kB dist/safe-bash/commands/node/host.d.ts
publish	Publish Safe Bash with provenance	2026-09-12T18:11:24.6197255Z npm notice 1.5kB dist/safe-bash/commands/node/host.d.ts.map
publish	Publish Safe Bash with provenance	2026-09-12T18:11:24.6197551Z npm notice 19.1kB dist/safe-bash/commands/node/host.js
publish	Publish Safe Bash with provenance	2026-09-12T18:11:24.6197839Z npm notice 20.2kB dist/safe-bash/commands/node/host.js.map
publish	Publish Safe Bash with provenance	2026-09-12T18:11:24.6198127Z npm notice 1.3kB dist/safe-bash/commands/node/index.d.ts
publish	Publish Safe Bash with provenance	2026-09-12T18:11:24.6198431Z npm notice 1.1kB dist/safe-bash/commands/node/index.d.ts.map
publish	Publish Safe Bash with provenance	2026-09-12T18:11:24.6198718Z npm notice 10.5kB dist/safe-bash/commands/node/index.js
publish	Publish Safe Bash with provenance	2026-09-12T18:11:24.6199008Z npm notice 9.6kB dist/safe-bash/commands/node/index.js.map
publish	Publish Safe Bash with provenance	2026-09-12T18:11:24.6199420Z npm notice 1.2kB dist/safe-bash/commands/node/lifecycle.d.ts
publish	Publish Safe Bash with provenance	2026-09-12T18:11:24.6199742Z npm notice 1.2kB dist/safe-bash/commands/node/lifecycle.d.ts.map
publish	Publish Safe Bash with provenance	2026-09-12T18:11:24.6200048Z npm notice 8.5kB dist/safe-bash/commands/node/lifecycle.js
publish	Publish Safe Bash with provenance	2026-09-12T18:11:24.6200360Z npm notice 9.1kB dist/safe-bash/commands/node/lifecycle.js.map
publish	Publish Safe Bash with provenance	2026-09-12T18:11:24.6200657Z npm notice 172B dist/safe-bash/commands/node/lower.d.ts
publish	Publish Safe Bash with provenance	2026-09-12T18:11:24.6200959Z npm notice 244B dist/safe-bash/commands/node/lower.d.ts.map
publish	Publish Safe Bash with provenance	2026-09-12T18:11:24.6201258Z npm notice 18.4kB dist/safe-bash/commands/node/lower.js
publish	Publish Safe Bash with provenance	2026-09-12T18:11:24.6201546Z npm notice 22.9kB dist/safe-bash/commands/node/lower.js.map
publish	Publish Safe Bash with provenance	2026-09-12T18:11:24.6201839Z npm notice 175B dist/safe-bash/commands/node/program.d.ts
publish	Publish Safe Bash with provenance	2026-09-12T18:11:24.6202141Z npm notice 249B dist/safe-bash/commands/node/program.d.ts.map
publish	Publish Safe Bash with provenance	2026-09-12T18:11:24.6202444Z npm notice 13.2kB dist/safe-bash/commands/node/program.js
publish	Publish Safe Bash with provenance	2026-09-12T18:11:24.6202743Z npm notice 1.1kB dist/safe-bash/commands/node/program.js.map
publish	Publish Safe Bash with provenance	2026-09-12T18:11:24.6203096Z npm notice 80B dist/safe-bash/commands/node/rules.d.ts
publish	Publish Safe Bash with provenance	2026-09-12T18:11:24.6203393Z npm notice 155B dist/safe-bash/commands/node/rules.d.ts.map
publish	Publish Safe Bash with provenance	2026-09-12T18:11:24.6203680Z npm notice 10.0kB dist/safe-bash/commands/node/rules.js
publish	Publish Safe Bash with provenance	2026-09-12T18:11:24.6203967Z npm notice 314B dist/safe-bash/commands/node/rules.js.map
publish	Publish Safe Bash with provenance	2026-09-12T18:11:24.6204265Z npm notice 284B dist/safe-bash/commands/node/safejs.d.ts
publish	Publish Safe Bash with provenance	2026-09-12T18:11:24.6204568Z npm notice 309B dist/safe-bash/commands/node/safejs.d.ts.map
publish	Publish Safe Bash with provenance	2026-09-12T18:11:24.6204865Z npm notice 4.3kB dist/safe-bash/commands/node/safejs.js
publish	Publish Safe Bash with provenance	2026-09-12T18:11:24.6205166Z npm notice 3.9kB dist/safe-bash/commands/node/safejs.js.map
publish	Publish Safe Bash with provenance	2026-09-12T18:11:24.6205461Z npm notice 5.0kB dist/safe-bash/commands/node/types.d.ts
publish	Publish Safe Bash with provenance	2026-09-12T18:11:24.6205755Z npm notice 4.7kB dist/safe-bash/commands/node/types.d.ts.map
publish	Publish Safe Bash with provenance	2026-09-12T18:11:24.6206048Z npm notice 1.0kB dist/safe-bash/commands/node/types.js
publish	Publish Safe Bash with provenance	2026-09-12T18:11:24.6206346Z npm notice 1.1kB dist/safe-bash/commands/node/types.js.map
publish	Publish Safe Bash with provenance	2026-09-12T18:11:24.6206637Z npm notice 762B dist/safe-bash/commands/node/values.d.ts
publish	Publish Safe Bash with provenance	2026-09-12T18:11:24.6206941Z npm notice 878B dist/safe-bash/commands/node/values.d.ts.map
publish	Publish Safe Bash with provenance	2026-09-12T18:11:24.6207234Z npm notice 5.8kB dist/safe-bash/commands/node/values.js
publish	Publish Safe Bash with provenance	2026-09-12T18:11:24.6207526Z npm notice 6.4kB dist/safe-bash/commands/node/values.js.map
publish	Publish Safe Bash with provenance	2026-09-12T18:11:24.6207952Z npm notice 52B dist/safe-bash/commands/node/worker-main.d.ts
publish	Publish Safe Bash with provenance	2026-09-12T18:11:24.6208289Z npm notice 136B dist/safe-bash/commands/node/worker-main.d.ts.map
publish	Publish Safe Bash with provenance	2026-09-12T18:11:24.6208615Z npm notice 8.7kB dist/safe-bash/commands/node/worker-main.js
publish	Publish Safe Bash with provenance	2026-09-12T18:11:24.6208951Z npm notice 9.8kB dist/safe-bash/commands/node/worker-main.js.map
publish	Publish Safe Bash with provenance	2026-09-12T18:11:24.6209448Z npm notice 275B dist/safe-bash/commands/node/worker-provider.d.ts
publish	Publish Safe Bash with provenance	2026-09-12T18:11:24.6209822Z npm notice 304B dist/safe-bash/commands/node/worker-provider.d.ts.map
publish	Publish Safe Bash with provenance	2026-09-12T18:11:24.6210176Z npm notice 18.3kB dist/safe-bash/commands/node/worker-provider.js
publish	Publish Safe Bash with provenance	2026-09-12T18:11:24.6210538Z npm notice 20.3kB dist/safe-bash/commands/node/worker-provider.js.map
publish	Publish Safe Bash with provenance	2026-09-12T18:11:24.6210883Z npm notice 1.3kB dist/safe-bash/commands/node/worker-types.d.ts
publish	Publish Safe Bash with provenance	2026-09-12T18:11:24.6211222Z npm notice 1.4kB dist/safe-bash/commands/node/worker-types.d.ts.map
publish	Publish Safe Bash with provenance	2026-09-12T18:11:24.6211557Z npm notice 99B dist/safe-bash/commands/node/worker-types.js
publish	Publish Safe Bash with provenance	2026-09-12T18:11:24.6211882Z npm notice 177B dist/safe-bash/commands/node/worker-types.js.map
publish	Publish Safe Bash with provenance	2026-09-12T18:11:24.6212177Z npm notice 160B dist/safe-bash/commands/numfmt.d.ts
publish	Publish Safe Bash with provenance	2026-09-12T18:11:24.6212470Z npm notice 206B dist/safe-bash/commands/numfmt.d.ts.map
publish	Publish Safe Bash with provenance	2026-09-12T18:11:24.6212747Z npm notice 65.0kB dist/safe-bash/commands/numfmt.js
publish	Publish Safe Bash with provenance	2026-09-12T18:11:24.6213024Z npm notice 65.6kB dist/safe-bash/commands/numfmt.js.map
publish	Publish Safe Bash with provenance	2026-09-12T18:11:24.6213330Z npm notice 109B dist/safe-bash/commands/portable-random.d.ts
publish	Publish Safe Bash with provenance	2026-09-12T18:11:24.6213651Z npm notice 188B dist/safe-bash/commands/portable-random.d.ts.map
publish	Publish Safe Bash with provenance	2026-09-12T18:11:24.6213970Z npm notice 513B dist/safe-bash/commands/portable-random.js
publish	Publish Safe Bash with provenance	2026-09-12T18:11:24.6214292Z npm notice 643B dist/safe-bash/commands/portable-random.js.map
publish	Publish Safe Bash with provenance	2026-09-12T18:11:24.6214627Z npm notice 472B dist/safe-bash/commands/portable-requirements.d.ts
publish	Publish Safe Bash with provenance	2026-09-12T18:11:24.6214984Z npm notice 395B dist/safe-bash/commands/portable-requirements.d.ts.map
publish	Publish Safe Bash with provenance	2026-09-12T18:11:24.6215346Z npm notice 1.0kB dist/safe-bash/commands/portable-requirements.js
publish	Publish Safe Bash with provenance	2026-09-12T18:11:24.6215696Z npm notice 1.1kB dist/safe-bash/commands/portable-requirements.js.map
publish	Publish Safe Bash with provenance	2026-09-12T18:11:24.6216014Z npm notice 249B dist/safe-bash/commands/pr/command.d.ts
publish	Publish Safe Bash with provenance	2026-09-12T18:11:24.6216323Z npm notice 282B dist/safe-bash/commands/pr/command.d.ts.map
publish	Publish Safe Bash with provenance	2026-09-12T18:11:24.6216622Z npm notice 6.5kB dist/safe-bash/commands/pr/command.js
publish	Publish Safe Bash with provenance	2026-09-12T18:11:24.6216916Z npm notice 5.9kB dist/safe-bash/commands/pr/command.js.map
publish	Publish Safe Bash with provenance	2026-09-12T18:11:24.6217214Z npm notice 1.3kB dist/safe-bash/commands/pr/format.d.ts
publish	Publish Safe Bash with provenance	2026-09-12T18:11:24.6217575Z npm notice 1.5kB dist/safe-bash/commands/pr/format.d.ts.map
publish	Publish Safe Bash with provenance	2026-09-12T18:11:24.6217860Z npm notice 20.2kB dist/safe-bash/commands/pr/format.js
publish	Publish Safe Bash with provenance	2026-09-12T18:11:24.6218160Z npm notice 22.2kB dist/safe-bash/commands/pr/format.js.map
publish	Publish Safe Bash with provenance	2026-09-12T18:11:24.6218465Z npm notice 372B dist/safe-bash/commands/pr/index.browser.js
publish	Publish Safe Bash with provenance	2026-09-12T18:11:24.6218779Z npm notice 93B dist/safe-bash/commands/pr/index.browser.js.map
publish	Publish Safe Bash with provenance	2026-09-12T18:11:24.6219184Z npm notice 478B dist/safe-bash/commands/pr/index.d.ts
publish	Publish Safe Bash with provenance	2026-09-12T18:11:24.6219498Z npm notice 451B dist/safe-bash/commands/pr/index.d.ts.map
publish	Publish Safe Bash with provenance	2026-09-12T18:11:24.6219777Z npm notice 505B dist/safe-bash/commands/pr/index.js
publish	Publish Safe Bash with provenance	2026-09-12T18:11:24.6220057Z npm notice 594B dist/safe-bash/commands/pr/index.js.map
publish	Publish Safe Bash with provenance	2026-09-12T18:11:24.6220353Z npm notice 2.2kB dist/safe-bash/commands/pr/internal.d.ts
publish	Publish Safe Bash with provenance	2026-09-12T18:11:24.6220660Z npm notice 2.2kB dist/safe-bash/commands/pr/internal.d.ts.map
publish	Publish Safe Bash with provenance	2026-09-12T18:11:24.6220957Z npm notice 6.8kB dist/safe-bash/commands/pr/internal.js
publish	Publish Safe Bash with provenance	2026-09-12T18:11:24.6221257Z npm notice 7.5kB dist/safe-bash/commands/pr/internal.js.map
publish	Publish Safe Bash with provenance	2026-09-12T18:11:24.6221540Z npm notice 1.2kB dist/safe-bash/commands/pr/io.d.ts
publish	Publish Safe Bash with provenance	2026-09-12T18:11:24.6221819Z npm notice 1.4kB dist/safe-bash/commands/pr/io.d.ts.map
publish	Publish Safe Bash with provenance	2026-09-12T18:11:24.6222104Z npm notice 9.6kB dist/safe-bash/commands/pr/io.js
publish	Publish Safe Bash with provenance	2026-09-12T18:11:24.6222385Z npm notice 9.8kB dist/safe-bash/commands/pr/io.js.map
publish	Publish Safe Bash with provenance	2026-09-12T18:11:24.6222730Z npm notice 927B dist/safe-bash/commands/pr/options.d.ts
publish	Publish Safe Bash with provenance	2026-09-12T18:11:24.6223040Z npm notice 1.1kB dist/safe-bash/commands/pr/options.d.ts.map
publish	Publish Safe Bash with provenance	2026-09-12T18:11:24.6223342Z npm notice 11.3kB dist/safe-bash/commands/pr/options.js
publish	Publish Safe Bash with provenance	2026-09-12T18:11:24.6223636Z npm notice 10.3kB dist/safe-bash/commands/pr/options.js.map
publish	Publish Safe Bash with provenance	2026-09-12T18:11:24.6223943Z npm notice 170B dist/safe-bash/commands/predicates.d.ts
publish	Publish Safe Bash with provenance	2026-09-12T18:11:24.6224243Z npm notice 221B dist/safe-bash/commands/predicates.d.ts.map
publish	Publish Safe Bash with provenance	2026-09-12T18:11:24.6224538Z npm notice 8.4kB dist/safe-bash/commands/predicates.js
publish	Publish Safe Bash with provenance	2026-09-12T18:11:24.6224847Z npm notice 7.8kB dist/safe-bash/commands/predicates.js.map
publish	Publish Safe Bash with provenance	2026-09-12T18:11:24.6225147Z npm notice 451B dist/safe-bash/commands/record-buffer.d.ts
publish	Publish Safe Bash with provenance	2026-09-12T18:11:24.6225460Z npm notice 497B dist/safe-bash/commands/record-buffer.d.ts.map
publish	Publish Safe Bash with provenance	2026-09-12T18:11:24.6225768Z npm notice 2.2kB dist/safe-bash/commands/record-buffer.js
publish	Publish Safe Bash with provenance	2026-09-12T18:11:24.6226091Z npm notice 2.6kB dist/safe-bash/commands/record-buffer.js.map
publish	Publish Safe Bash with provenance	2026-09-12T18:11:24.6226415Z npm notice 172B dist/safe-bash/commands/regex-execution/ascii.d.ts
publish	Publish Safe Bash with provenance	2026-09-12T18:11:24.6226759Z npm notice 200B dist/safe-bash/commands/regex-execution/ascii.d.ts.map
publish	Publish Safe Bash with provenance	2026-09-12T18:11:24.6227102Z npm notice 205B dist/safe-bash/commands/regex-execution/ascii.js
publish	Publish Safe Bash with provenance	2026-09-12T18:11:24.6227428Z npm notice 287B dist/safe-bash/commands/regex-execution/ascii.js.map
publish	Publish Safe Bash with provenance	2026-09-12T18:11:24.6227795Z npm notice 789B dist/safe-bash/commands/regex-execution/bounded-provider.d.ts
publish	Publish Safe Bash with provenance	2026-09-12T18:11:24.6228199Z npm notice 762B dist/safe-bash/commands/regex-execution/bounded-provider.d.ts.map
publish	Publish Safe Bash with provenance	2026-09-12T18:11:24.6228594Z npm notice 29.5kB dist/safe-bash/commands/regex-execution/bounded-provider.js
publish	Publish Safe Bash with provenance	2026-09-12T18:11:24.6228983Z npm notice 31.5kB dist/safe-bash/commands/regex-execution/bounded-provider.js.map
publish	Publish Safe Bash with provenance	2026-09-12T18:11:24.6229437Z npm notice 582B dist/safe-bash/commands/regex-execution/client.d.ts
publish	Publish Safe Bash with provenance	2026-09-12T18:11:24.6229786Z npm notice 505B dist/safe-bash/commands/regex-execution/client.d.ts.map
publish	Publish Safe Bash with provenance	2026-09-12T18:11:24.6230128Z npm notice 917B dist/safe-bash/commands/regex-execution/client.js
publish	Publish Safe Bash with provenance	2026-09-12T18:11:24.6230472Z npm notice 840B dist/safe-bash/commands/regex-execution/client.js.map
publish	Publish Safe Bash with provenance	2026-09-12T18:11:24.6230818Z npm notice 727B dist/safe-bash/commands/regex-execution/ere/errors.d.ts
publish	Publish Safe Bash with provenance	2026-09-12T18:11:24.6231182Z npm notice 692B dist/safe-bash/commands/regex-execution/ere/errors.d.ts.map
publish	Publish Safe Bash with provenance	2026-09-12T18:11:24.6231569Z npm notice 1.1kB dist/safe-bash/commands/regex-execution/ere/errors.js
publish	Publish Safe Bash with provenance	2026-09-12T18:11:24.6231936Z npm notice 1.0kB dist/safe-bash/commands/regex-execution/ere/errors.js.map
publish	Publish Safe Bash with provenance	2026-09-12T18:11:24.6232354Z npm notice 707B dist/safe-bash/commands/regex-execution/ere/limits.d.ts
publish	Publish Safe Bash with provenance	2026-09-12T18:11:24.6232714Z npm notice 758B dist/safe-bash/commands/regex-execution/ere/limits.d.ts.map
publish	Publish Safe Bash with provenance	2026-09-12T18:11:24.6233065Z npm notice 3.3kB dist/safe-bash/commands/regex-execution/ere/limits.js
publish	Publish Safe Bash with provenance	2026-09-12T18:11:24.6233435Z npm notice 3.7kB dist/safe-bash/commands/regex-execution/ere/limits.js.map
publish	Publish Safe Bash with provenance	2026-09-12T18:11:24.6233822Z npm notice 824B dist/safe-bash/commands/regex-execution/ere/matcher.d.ts
publish	Publish Safe Bash with provenance	2026-09-12T18:11:24.6234203Z npm notice 788B dist/safe-bash/commands/regex-execution/ere/matcher.d.ts.map
publish	Publish Safe Bash with provenance	2026-09-12T18:11:24.6234584Z npm notice 14.5kB dist/safe-bash/commands/regex-execution/ere/matcher.js
publish	Publish Safe Bash with provenance	2026-09-12T18:11:24.6234968Z npm notice 16.4kB dist/safe-bash/commands/regex-execution/ere/matcher.js.map
publish	Publish Safe Bash with provenance	2026-09-12T18:11:24.6235338Z npm notice 509B dist/safe-bash/commands/regex-execution/ere/syntax.d.ts
publish	Publish Safe Bash with provenance	2026-09-12T18:11:24.6235704Z npm notice 590B dist/safe-bash/commands/regex-execution/ere/syntax.d.ts.map
publish	Publish Safe Bash with provenance	2026-09-12T18:11:24.6236077Z npm notice 15.0kB dist/safe-bash/commands/regex-execution/ere/syntax.js
publish	Publish Safe Bash with provenance	2026-09-12T18:11:24.6236438Z npm notice 17.2kB dist/safe-bash/commands/regex-execution/ere/syntax.js.map
publish	Publish Safe Bash with provenance	2026-09-12T18:11:24.6236844Z npm notice 2.0kB dist/safe-bash/commands/regex-execution/ere/transport/accounting.d.ts
publish	Publish Safe Bash with provenance	2026-09-12T18:11:24.6237299Z npm notice 1.8kB dist/safe-bash/commands/regex-execution/ere/transport/accounting.d.ts.map
publish	Publish Safe Bash with provenance	2026-09-12T18:11:24.6237786Z npm notice 7.0kB dist/safe-bash/commands/regex-execution/ere/transport/accounting.js
publish	Publish Safe Bash with provenance	2026-09-12T18:11:24.6238219Z npm notice 7.7kB dist/safe-bash/commands/regex-execution/ere/transport/accounting.js.map
publish	Publish Safe Bash with provenance	2026-09-12T18:11:24.6238647Z npm notice 693B dist/safe-bash/commands/regex-execution/ere/transport/owner.d.ts
publish	Publish Safe Bash with provenance	2026-09-12T18:11:24.6239133Z npm notice 721B dist/safe-bash/commands/regex-execution/ere/transport/owner.d.ts.map
publish	Publish Safe Bash with provenance	2026-09-12T18:11:24.6239561Z npm notice 9.9kB dist/safe-bash/commands/regex-execution/ere/transport/owner.js
publish	Publish Safe Bash with provenance	2026-09-12T18:11:24.6239966Z npm notice 9.4kB dist/safe-bash/commands/regex-execution/ere/transport/owner.js.map
publish	Publish Safe Bash with provenance	2026-09-12T18:11:24.6240388Z npm notice 2.7kB dist/safe-bash/commands/regex-execution/ere/transport/protocol.d.ts
publish	Publish Safe Bash with provenance	2026-09-12T18:11:24.6240814Z npm notice 2.7kB dist/safe-bash/commands/regex-execution/ere/transport/protocol.d.ts.map
publish	Publish Safe Bash with provenance	2026-09-12T18:11:24.6241252Z npm notice 1.2kB dist/safe-bash/commands/regex-execution/ere/transport/protocol.js
publish	Publish Safe Bash with provenance	2026-09-12T18:11:24.6241674Z npm notice 1.2kB dist/safe-bash/commands/regex-execution/ere/transport/protocol.js.map
publish	Publish Safe Bash with provenance	2026-09-12T18:11:24.6242085Z npm notice 679B dist/safe-bash/commands/regex-execution/ere/transport/root.d.ts
publish	Publish Safe Bash with provenance	2026-09-12T18:11:24.6242494Z npm notice 648B dist/safe-bash/commands/regex-execution/ere/transport/root.d.ts.map
publish	Publish Safe Bash with provenance	2026-09-12T18:11:24.6242890Z npm notice 14.7kB dist/safe-bash/commands/regex-execution/ere/transport/root.js
publish	Publish Safe Bash with provenance	2026-09-12T18:11:24.6243290Z npm notice 14.7kB dist/safe-bash/commands/regex-execution/ere/transport/root.js.map
publish	Publish Safe Bash with provenance	2026-09-12T18:11:24.6243710Z npm notice 1.5kB dist/safe-bash/commands/regex-execution/ere/transport/validation.d.ts
publish	Publish Safe Bash with provenance	2026-09-12T18:11:24.6244146Z npm notice 1.5kB dist/safe-bash/commands/regex-execution/ere/transport/validation.d.ts.map
publish	Publish Safe Bash with provenance	2026-09-12T18:11:24.6244582Z npm notice 12.9kB dist/safe-bash/commands/regex-execution/ere/transport/validation.js
publish	Publish Safe Bash with provenance	2026-09-12T18:11:24.6245013Z npm notice 15.0kB dist/safe-bash/commands/regex-execution/ere/transport/validation.js.map
publish	Publish Safe Bash with provenance	2026-09-12T18:11:24.6245447Z npm notice 205B dist/safe-bash/commands/regex-execution/ere/transport/wire-engine.d.ts
publish	Publish Safe Bash with provenance	2026-09-12T18:11:24.6245895Z npm notice 302B dist/safe-bash/commands/regex-execution/ere/transport/wire-engine.d.ts.map
publish	Publish Safe Bash with provenance	2026-09-12T18:11:24.6246333Z npm notice 2.6kB dist/safe-bash/commands/regex-execution/ere/transport/wire-engine.js
publish	Publish Safe Bash with provenance	2026-09-12T18:11:24.6246762Z npm notice 2.8kB dist/safe-bash/commands/regex-execution/ere/transport/wire-engine.js.map
publish	Publish Safe Bash with provenance	2026-09-12T18:11:24.6247208Z npm notice 53B dist/safe-bash/commands/regex-execution/ere/transport/worker-entry.d.ts
publish	Publish Safe Bash with provenance	2026-09-12T18:11:24.6247708Z npm notice 169B dist/safe-bash/commands/regex-execution/ere/transport/worker-entry.d.ts.map
publish	Publish Safe Bash with provenance	2026-09-12T18:11:24.6248147Z npm notice 1.5kB dist/safe-bash/commands/regex-execution/ere/transport/worker-entry.js
publish	Publish Safe Bash with provenance	2026-09-12T18:11:24.6248584Z npm notice 1.9kB dist/safe-bash/commands/regex-execution/ere/transport/worker-entry.js.map
publish	Publish Safe Bash with provenance	2026-09-12T18:11:24.6248981Z npm notice 1.7kB dist/safe-bash/commands/regex-execution/ere/types.d.ts
publish	Publish Safe Bash with provenance	2026-09-12T18:11:24.6249500Z npm notice 2.0kB dist/safe-bash/commands/regex-execution/ere/types.d.ts.map
publish	Publish Safe Bash with provenance	2026-09-12T18:11:24.6249885Z npm notice 44B dist/safe-bash/commands/regex-execution/ere/types.js
publish	Publish Safe Bash with provenance	2026-09-12T18:11:24.6250288Z npm notice 140B dist/safe-bash/commands/regex-execution/ere/types.js.map
publish	Publish Safe Bash with provenance	2026-09-12T18:11:24.6250681Z npm notice 204B dist/safe-bash/commands/regex-execution/matching.d.ts
publish	Publish Safe Bash with provenance	2026-09-12T18:11:24.6251092Z npm notice 322B dist/safe-bash/commands/regex-execution/matching.d.ts.map
publish	Publish Safe Bash with provenance	2026-09-12T18:11:24.6251486Z npm notice 13.8kB dist/safe-bash/commands/regex-execution/matching.js
publish	Publish Safe Bash with provenance	2026-09-12T18:11:24.6251869Z npm notice 14.7kB dist/safe-bash/commands/regex-execution/matching.js.map
publish	Publish Safe Bash with provenance	2026-09-12T18:11:24.6252279Z npm notice 3.4kB dist/safe-bash/commands/regex-execution/portable.d.ts
publish	Publish Safe Bash with provenance	2026-09-12T18:11:24.6252674Z npm notice 3.5kB dist/safe-bash/commands/regex-execution/portable.d.ts.map
publish	Publish Safe Bash with provenance	2026-09-12T18:11:24.6253063Z npm notice 16.0kB dist/safe-bash/commands/regex-execution/portable.js
publish	Publish Safe Bash with provenance	2026-09-12T18:11:24.6253530Z npm notice 17.5kB dist/safe-bash/commands/regex-execution/portable.js.map
publish	Publish Safe Bash with provenance	2026-09-12T18:11:24.6253918Z npm notice 5.7kB dist/safe-bash/commands/regex-execution/protocol.d.ts
publish	Publish Safe Bash with provenance	2026-09-12T18:11:24.6254310Z npm notice 5.6kB dist/safe-bash/commands/regex-execution/protocol.d.ts.map
publish	Publish Safe Bash with provenance	2026-09-12T18:11:24.6254715Z npm notice 13.5kB dist/safe-bash/commands/regex-execution/protocol.js
publish	Publish Safe Bash with provenance	2026-09-12T18:11:24.6255096Z npm notice 14.9kB dist/safe-bash/commands/regex-execution/protocol.js.map
publish	Publish Safe Bash with provenance	2026-09-12T18:11:24.6255482Z npm notice 1.2kB dist/safe-bash/commands/regex-execution/provider.d.ts
publish	Publish Safe Bash with provenance	2026-09-12T18:11:24.6255885Z npm notice 1.4kB dist/safe-bash/commands/regex-execution/provider.d.ts.map
publish	Publish Safe Bash with provenance	2026-09-12T18:11:24.6256268Z npm notice 47B dist/safe-bash/commands/regex-execution/provider.js
publish	Publish Safe Bash with provenance	2026-09-12T18:11:24.6256649Z npm notice 139B dist/safe-bash/commands/regex-execution/provider.js.map
publish	Publish Safe Bash with provenance	2026-09-12T18:11:24.6257044Z npm notice 897B dist/safe-bash/commands/regex-execution/public.d.ts
publish	Publish Safe Bash with provenance	2026-09-12T18:11:24.6257427Z npm notice 806B dist/safe-bash/commands/regex-execution/public.d.ts.map
publish	Publish Safe Bash with provenance	2026-09-12T18:11:24.6257821Z npm notice 406B dist/safe-bash/commands/regex-execution/public.js
publish	Publish Safe Bash with provenance	2026-09-12T18:11:24.6258195Z npm notice 430B dist/safe-bash/commands/regex-execution/public.js.map
publish	Publish Safe Bash with provenance	2026-09-12T18:11:24.6258557Z npm notice 201B dist/safe-bash/commands/regex-execution/utf8.d.ts
publish	Publish Safe Bash with provenance	2026-09-12T18:11:24.6258925Z npm notice 299B dist/safe-bash/commands/regex-execution/utf8.d.ts.map
publish	Publish Safe Bash with provenance	2026-09-12T18:11:24.6259360Z npm notice 1.3kB dist/safe-bash/commands/regex-execution/utf8.js
publish	Publish Safe Bash with provenance	2026-09-12T18:11:24.6259729Z npm notice 1.6kB dist/safe-bash/commands/regex-execution/utf8.js.map
publish	Publish Safe Bash with provenance	2026-09-12T18:11:24.6260114Z npm notice 47B dist/safe-bash/commands/regex-execution/worker.d.ts
publish	Publish Safe Bash with provenance	2026-09-12T18:11:24.6260493Z npm notice 137B dist/safe-bash/commands/regex-execution/worker.d.ts.map
publish	Publish Safe Bash with provenance	2026-09-12T18:11:24.6260894Z npm notice 3.1kB dist/safe-bash/commands/regex-execution/worker.js
publish	Publish Safe Bash with provenance	2026-09-12T18:11:24.6261253Z npm notice 3.3kB dist/safe-bash/commands/regex-execution/worker.js.map
publish	Publish Safe Bash with provenance	2026-09-12T18:11:24.6261581Z npm notice 1.2kB dist/safe-bash/commands/safejs/index.d.ts
publish	Publish Safe Bash with provenance	2026-09-12T18:11:24.6261899Z npm notice 1.1kB dist/safe-bash/commands/safejs/index.d.ts.map
publish	Publish Safe Bash with provenance	2026-09-12T18:11:24.6262220Z npm notice 11.8kB dist/safe-bash/commands/safejs/index.js
publish	Publish Safe Bash with provenance	2026-09-12T18:11:24.6262534Z npm notice 10.6kB dist/safe-bash/commands/safejs/index.js.map
publish	Publish Safe Bash with provenance	2026-09-12T18:11:24.6262838Z npm notice 1.3kB dist/safe-bash/commands/safejs/io.d.ts
publish	Publish Safe Bash with provenance	2026-09-12T18:11:24.6263145Z npm notice 1.5kB dist/safe-bash/commands/safejs/io.d.ts.map
publish	Publish Safe Bash with provenance	2026-09-12T18:11:24.6263483Z npm notice 4.8kB dist/safe-bash/commands/safejs/io.js
publish	Publish Safe Bash with provenance	2026-09-12T18:11:24.6263765Z npm notice 5.4kB dist/safe-bash/commands/safejs/io.js.map
publish	Publish Safe Bash with provenance	2026-09-12T18:11:24.6264066Z npm notice 522B dist/safe-bash/commands/safejs/options.d.ts
publish	Publish Safe Bash with provenance	2026-09-12T18:11:24.6264389Z npm notice 584B dist/safe-bash/commands/safejs/options.d.ts.map
publish	Publish Safe Bash with provenance	2026-09-12T18:11:24.6264702Z npm notice 2.4kB dist/safe-bash/commands/safejs/options.js
publish	Publish Safe Bash with provenance	2026-09-12T18:11:24.6265015Z npm notice 2.8kB dist/safe-bash/commands/safejs/options.js.map
publish	Publish Safe Bash with provenance	2026-09-12T18:11:24.6265332Z npm notice 157B dist/safe-bash/commands/safejs/render.d.ts
publish	Publish Safe Bash with provenance	2026-09-12T18:11:24.6265642Z npm notice 256B dist/safe-bash/commands/safejs/render.d.ts.map
publish	Publish Safe Bash with provenance	2026-09-12T18:11:24.6265945Z npm notice 3.4kB dist/safe-bash/commands/safejs/render.js
publish	Publish Safe Bash with provenance	2026-09-12T18:11:24.6266256Z npm notice 3.6kB dist/safe-bash/commands/safejs/render.js.map
publish	Publish Safe Bash with provenance	2026-09-12T18:11:24.6266563Z npm notice 2.4kB dist/safe-bash/commands/safejs/types.d.ts
publish	Publish Safe Bash with provenance	2026-09-12T18:11:24.6266876Z npm notice 2.5kB dist/safe-bash/commands/safejs/types.d.ts.map
publish	Publish Safe Bash with provenance	2026-09-12T18:11:24.6267189Z npm notice 305B dist/safe-bash/commands/safejs/types.js
publish	Publish Safe Bash with provenance	2026-09-12T18:11:24.6267492Z npm notice 329B dist/safe-bash/commands/safejs/types.js.map
publish	Publish Safe Bash with provenance	2026-09-12T18:11:24.6267803Z npm notice 124B dist/safe-bash/commands/search/file-types.d.ts
publish	Publish Safe Bash with provenance	2026-09-12T18:11:24.6268135Z npm notice 224B dist/safe-bash/commands/search/file-types.d.ts.map
publish	Publish Safe Bash with provenance	2026-09-12T18:11:24.6268503Z npm notice 9.9kB dist/safe-bash/commands/search/file-types.js
publish	Publish Safe Bash with provenance	2026-09-12T18:11:24.6268832Z npm notice 11.1kB dist/safe-bash/commands/search/file-types.js.map
publish	Publish Safe Bash with provenance	2026-09-12T18:11:24.6269226Z npm notice 941B dist/safe-bash/commands/search/glob.d.ts
publish	Publish Safe Bash with provenance	2026-09-12T18:11:24.6269540Z npm notice 975B dist/safe-bash/commands/search/glob.d.ts.map
publish	Publish Safe Bash with provenance	2026-09-12T18:11:24.6269838Z npm notice 3.2kB dist/safe-bash/commands/search/glob.js
publish	Publish Safe Bash with provenance	2026-09-12T18:11:24.6270143Z npm notice 3.5kB dist/safe-bash/commands/search/glob.js.map
publish	Publish Safe Bash with provenance	2026-09-12T18:11:24.6270442Z npm notice 255B dist/safe-bash/commands/search/grep.d.ts
publish	Publish Safe Bash with provenance	2026-09-12T18:11:24.6270796Z npm notice 282B dist/safe-bash/commands/search/grep.d.ts.map
publish	Publish Safe Bash with provenance	2026-09-12T18:11:24.6271110Z npm notice 10.5kB dist/safe-bash/commands/search/grep.js
publish	Publish Safe Bash with provenance	2026-09-12T18:11:24.6271446Z npm notice 9.2kB dist/safe-bash/commands/search/grep.js.map
publish	Publish Safe Bash with provenance	2026-09-12T18:11:24.6271759Z npm notice 410B dist/safe-bash/commands/search/index.d.ts
publish	Publish Safe Bash with provenance	2026-09-12T18:11:24.6272068Z npm notice 398B dist/safe-bash/commands/search/index.d.ts.map
publish	Publish Safe Bash with provenance	2026-09-12T18:11:24.6272378Z npm notice 756B dist/safe-bash/commands/search/index.js
publish	Publish Safe Bash with provenance	2026-09-12T18:11:24.6272673Z npm notice 767B dist/safe-bash/commands/search/index.js.map
publish	Publish Safe Bash with provenance	2026-09-12T18:11:24.6272978Z npm notice 601B dist/safe-bash/commands/search/matcher.d.ts
publish	Publish Safe Bash with provenance	2026-09-12T18:11:24.6273303Z npm notice 656B dist/safe-bash/commands/search/matcher.d.ts.map
publish	Publish Safe Bash with provenance	2026-09-12T18:11:24.6273614Z npm notice 893B dist/safe-bash/commands/search/matcher.js
publish	Publish Safe Bash with provenance	2026-09-12T18:11:24.6273919Z npm notice 1.1kB dist/safe-bash/commands/search/matcher.js.map
publish	Publish Safe Bash with provenance	2026-09-12T18:11:24.6274240Z npm notice 1.9kB dist/safe-bash/commands/search/options.d.ts
publish	Publish Safe Bash with provenance	2026-09-12T18:11:24.6274561Z npm notice 2.0kB dist/safe-bash/commands/search/options.d.ts.map
publish	Publish Safe Bash with provenance	2026-09-12T18:11:24.6274882Z npm notice 12.4kB dist/safe-bash/commands/search/options.js
publish	Publish Safe Bash with provenance	2026-09-12T18:11:24.6275203Z npm notice 9.8kB dist/safe-bash/commands/search/options.js.map
publish	Publish Safe Bash with provenance	2026-09-12T18:11:24.6275510Z npm notice 1.2kB dist/safe-bash/commands/search/output.d.ts
publish	Publish Safe Bash with provenance	2026-09-12T18:11:24.6275822Z npm notice 1.3kB dist/safe-bash/commands/search/output.d.ts.map
publish	Publish Safe Bash with provenance	2026-09-12T18:11:24.6276135Z npm notice 3.7kB dist/safe-bash/commands/search/output.js
publish	Publish Safe Bash with provenance	2026-09-12T18:11:24.6276440Z npm notice 5.2kB dist/safe-bash/commands/search/output.js.map
publish	Publish Safe Bash with provenance	2026-09-12T18:11:24.6276748Z npm notice 764B dist/safe-bash/commands/search/portable.d.ts
publish	Publish Safe Bash with provenance	2026-09-12T18:11:24.6277077Z npm notice 730B dist/safe-bash/commands/search/portable.d.ts.map
publish	Publish Safe Bash with provenance	2026-09-12T18:11:24.6277391Z npm notice 1.0kB dist/safe-bash/commands/search/portable.js
publish	Publish Safe Bash with provenance	2026-09-12T18:11:24.6277755Z npm notice 1.0kB dist/safe-bash/commands/search/portable.js.map
publish	Publish Safe Bash with provenance	2026-09-12T18:11:24.6278088Z npm notice 875B dist/safe-bash/commands/search/requirements.d.ts
publish	Publish Safe Bash with provenance	2026-09-12T18:11:24.6278423Z npm notice 746B dist/safe-bash/commands/search/requirements.d.ts.map
publish	Publish Safe Bash with provenance	2026-09-12T18:11:24.6278752Z npm notice 3.9kB dist/safe-bash/commands/search/requirements.js
publish	Publish Safe Bash with provenance	2026-09-12T18:11:24.6279261Z npm notice 3.8kB dist/safe-bash/commands/search/requirements.js.map
publish	Publish Safe Bash with provenance	2026-09-12T18:11:24.6279634Z npm notice 332B dist/safe-bash/commands/search/rg-command.d.ts
publish	Publish Safe Bash with provenance	2026-09-12T18:11:24.6279970Z npm notice 356B dist/safe-bash/commands/search/rg-command.d.ts.map
publish	Publish Safe Bash with provenance	2026-09-12T18:11:24.6280311Z npm notice 12.7kB dist/safe-bash/commands/search/rg-command.js
publish	Publish Safe Bash with provenance	2026-09-12T18:11:24.6280645Z npm notice 13.1kB dist/safe-bash/commands/search/rg-command.js.map
publish	Publish Safe Bash with provenance	2026-09-12T18:11:24.6280959Z npm notice 229B dist/safe-bash/commands/search/rg.d.ts
publish	Publish Safe Bash with provenance	2026-09-12T18:11:24.6281269Z npm notice 271B dist/safe-bash/commands/search/rg.d.ts.map
publish	Publish Safe Bash with provenance	2026-09-12T18:11:24.6281563Z npm notice 468B dist/safe-bash/commands/search/rg.js
publish	Publish Safe Bash with provenance	2026-09-12T18:11:24.6281849Z npm notice 489B dist/safe-bash/commands/search/rg.js.map
publish	Publish Safe Bash with provenance	2026-09-12T18:11:24.6282153Z npm notice 1.5kB dist/safe-bash/commands/search/shared.d.ts
publish	Publish Safe Bash with provenance	2026-09-12T18:11:24.6282477Z npm notice 1.5kB dist/safe-bash/commands/search/shared.d.ts.map
publish	Publish Safe Bash with provenance	2026-09-12T18:11:24.6282784Z npm notice 4.9kB dist/safe-bash/commands/search/shared.js
publish	Publish Safe Bash with provenance	2026-09-12T18:11:24.6283142Z npm notice 5.5kB dist/safe-bash/commands/search/shared.js.map
publish	Publish Safe Bash with provenance	2026-09-12T18:11:24.6283455Z npm notice 1.1kB dist/safe-bash/commands/search/walk.d.ts
publish	Publish Safe Bash with provenance	2026-09-12T18:11:24.6283758Z npm notice 1.1kB dist/safe-bash/commands/search/walk.d.ts.map
publish	Publish Safe Bash with provenance	2026-09-12T18:11:24.6284061Z npm notice 11.8kB dist/safe-bash/commands/search/walk.js
publish	Publish Safe Bash with provenance	2026-09-12T18:11:24.6284373Z npm notice 12.6kB dist/safe-bash/commands/search/walk.js.map
publish	Publish Safe Bash with provenance	2026-09-12T18:11:24.6284658Z npm notice 156B dist/safe-bash/commands/shuf.d.ts
publish	Publish Safe Bash with provenance	2026-09-12T18:11:24.6284934Z npm notice 203B dist/safe-bash/commands/shuf.d.ts.map
publish	Publish Safe Bash with provenance	2026-09-12T18:11:24.6285218Z npm notice 43.9kB dist/safe-bash/commands/shuf.js
publish	Publish Safe Bash with provenance	2026-09-12T18:11:24.6285492Z npm notice 45.6kB dist/safe-bash/commands/shuf.js.map
publish	Publish Safe Bash with provenance	2026-09-12T18:11:24.6285789Z npm notice 222B dist/safe-bash/commands/sort-admission.d.ts
publish	Publish Safe Bash with provenance	2026-09-12T18:11:24.6286114Z npm notice 212B dist/safe-bash/commands/sort-admission.d.ts.map
publish	Publish Safe Bash with provenance	2026-09-12T18:11:24.6286426Z npm notice 582B dist/safe-bash/commands/sort-admission.js
publish	Publish Safe Bash with provenance	2026-09-12T18:11:24.6286730Z npm notice 615B dist/safe-bash/commands/sort-admission.js.map
publish	Publish Safe Bash with provenance	2026-09-12T18:11:24.6286876Z npm notice 449B dist/safe-bash/commands/split/index.d.ts
publish	Publish Safe Bash with provenance	2026-09-12T18:11:24.6287031Z npm notice 413B dist/safe-bash/commands/split/index.d.ts.map
publish	Publish Safe Bash with provenance	2026-09-12T18:11:24.6287163Z npm notice 771B dist/safe-bash/commands/split/index.js
publish	Publish Safe Bash with provenance	2026-09-12T18:11:24.6287314Z npm notice 827B dist/safe-bash/commands/split/index.js.map
publish	Publish Safe Bash with provenance	2026-09-12T18:11:24.6287448Z npm notice 994B dist/safe-bash/commands/split/io.d.ts
publish	Publish Safe Bash with provenance	2026-09-12T18:11:24.6287733Z npm notice 1.1kB dist/safe-bash/commands/split/io.d.ts.map
publish	Publish Safe Bash with provenance	2026-09-12T18:11:24.6287864Z npm notice 3.9kB dist/safe-bash/commands/split/io.js
publish	Publish Safe Bash with provenance	2026-09-12T18:11:24.6288021Z npm notice 4.5kB dist/safe-bash/commands/split/io.js.map
publish	Publish Safe Bash with provenance	2026-09-12T18:11:24.6288159Z npm notice 329B dist/safe-bash/commands/split/names.d.ts
publish	Publish Safe Bash with provenance	2026-09-12T18:11:24.6288304Z npm notice 404B dist/safe-bash/commands/split/names.d.ts.map
publish	Publish Safe Bash with provenance	2026-09-12T18:11:24.6288445Z npm notice 1.8kB dist/safe-bash/commands/split/names.js
publish	Publish Safe Bash with provenance	2026-09-12T18:11:24.6288599Z npm notice 2.1kB dist/safe-bash/commands/split/names.js.map
publish	Publish Safe Bash with provenance	2026-09-12T18:11:24.6288744Z npm notice 999B dist/safe-bash/commands/split/options.d.ts
publish	Publish Safe Bash with provenance	2026-09-12T18:11:24.6288897Z npm notice 1.1kB dist/safe-bash/commands/split/options.d.ts.map
publish	Publish Safe Bash with provenance	2026-09-12T18:11:24.6289125Z npm notice 5.9kB dist/safe-bash/commands/split/options.js
publish	Publish Safe Bash with provenance	2026-09-12T18:11:24.6289342Z npm notice 6.0kB dist/safe-bash/commands/split/options.js.map
publish	Publish Safe Bash with provenance	2026-09-12T18:11:24.6289493Z npm notice 634B dist/safe-bash/commands/split/outputs.d.ts
publish	Publish Safe Bash with provenance	2026-09-12T18:11:24.6289655Z npm notice 718B dist/safe-bash/commands/split/outputs.d.ts.map
publish	Publish Safe Bash with provenance	2026-09-12T18:11:24.6289856Z npm notice 5.2kB dist/safe-bash/commands/split/outputs.js
publish	Publish Safe Bash with provenance	2026-09-12T18:11:24.6290015Z npm notice 6.0kB dist/safe-bash/commands/split/outputs.js.map
publish	Publish Safe Bash with provenance	2026-09-12T18:11:24.6290150Z npm notice 235B dist/safe-bash/commands/split/split.d.ts
publish	Publish Safe Bash with provenance	2026-09-12T18:11:24.6290304Z npm notice 280B dist/safe-bash/commands/split/split.d.ts.map
publish	Publish Safe Bash with provenance	2026-09-12T18:11:24.6290447Z npm notice 5.9kB dist/safe-bash/commands/split/split.js
publish	Publish Safe Bash with provenance	2026-09-12T18:11:24.6290591Z npm notice 6.5kB dist/safe-bash/commands/split/split.js.map
publish	Publish Safe Bash with provenance	2026-09-12T18:11:24.6290728Z npm notice 944B dist/safe-bash/commands/standard.d.ts
publish	Publish Safe Bash with provenance	2026-09-12T18:11:24.6290871Z npm notice 849B dist/safe-bash/commands/standard.d.ts.map
publish	Publish Safe Bash with provenance	2026-09-12T18:11:24.6290997Z npm notice 1.6kB dist/safe-bash/commands/standard.js
publish	Publish Safe Bash with provenance	2026-09-12T18:11:24.6291140Z npm notice 1.6kB dist/safe-bash/commands/standard.js.map
publish	Publish Safe Bash with provenance	2026-09-12T18:11:24.6291304Z npm notice 496B dist/safe-bash/commands/stream-format/index.d.ts
publish	Publish Safe Bash with provenance	2026-09-12T18:11:24.6291485Z npm notice 425B dist/safe-bash/commands/stream-format/index.d.ts.map
publish	Publish Safe Bash with provenance	2026-09-12T18:11:24.6291638Z npm notice 1.1kB dist/safe-bash/commands/stream-format/index.js
publish	Publish Safe Bash with provenance	2026-09-12T18:11:24.6291810Z npm notice 1.1kB dist/safe-bash/commands/stream-format/index.js.map
publish	Publish Safe Bash with provenance	2026-09-12T18:11:24.6291962Z npm notice 242B dist/safe-bash/commands/stream-format/nl.d.ts
publish	Publish Safe Bash with provenance	2026-09-12T18:11:24.6292120Z npm notice 284B dist/safe-bash/commands/stream-format/nl.d.ts.map
publish	Publish Safe Bash with provenance	2026-09-12T18:11:24.6292320Z npm notice 4.9kB dist/safe-bash/commands/stream-format/nl.js
publish	Publish Safe Bash with provenance	2026-09-12T18:11:24.6292483Z npm notice 5.5kB dist/safe-bash/commands/stream-format/nl.js.map
publish	Publish Safe Bash with provenance	2026-09-12T18:11:24.6292641Z npm notice 244B dist/safe-bash/commands/stream-format/rev.d.ts
publish	Publish Safe Bash with provenance	2026-09-12T18:11:24.6292801Z npm notice 288B dist/safe-bash/commands/stream-format/rev.d.ts.map
publish	Publish Safe Bash with provenance	2026-09-12T18:11:24.6292955Z npm notice 3.0kB dist/safe-bash/commands/stream-format/rev.js
publish	Publish Safe Bash with provenance	2026-09-12T18:11:24.6293117Z npm notice 3.6kB dist/safe-bash/commands/stream-format/rev.js.map
publish	Publish Safe Bash with provenance	2026-09-12T18:11:24.6293264Z npm notice 244B dist/safe-bash/commands/stream-format/seq.d.ts
publish	Publish Safe Bash with provenance	2026-09-12T18:11:24.6293418Z npm notice 288B dist/safe-bash/commands/stream-format/seq.d.ts.map
publish	Publish Safe Bash with provenance	2026-09-12T18:11:24.6293566Z npm notice 12.4kB dist/safe-bash/commands/stream-format/seq.js
publish	Publish Safe Bash with provenance	2026-09-12T18:11:24.6293735Z npm notice 14.6kB dist/safe-bash/commands/stream-format/seq.js.map
publish	Publish Safe Bash with provenance	2026-09-12T18:11:24.6293895Z npm notice 2.0kB dist/safe-bash/commands/stream-format/shared.d.ts
publish	Publish Safe Bash with provenance	2026-09-12T18:11:24.6294076Z npm notice 2.1kB dist/safe-bash/commands/stream-format/shared.d.ts.map
publish	Publish Safe Bash with provenance	2026-09-12T18:11:24.6294240Z npm notice 8.1kB dist/safe-bash/commands/stream-format/shared.js
publish	Publish Safe Bash with provenance	2026-09-12T18:11:24.6294407Z npm notice 8.9kB dist/safe-bash/commands/stream-format/shared.js.map
publish	Publish Safe Bash with provenance	2026-09-12T18:11:24.6294578Z npm notice 254B dist/safe-bash/commands/stream-format/unexpand.d.ts
publish	Publish Safe Bash with provenance	2026-09-12T18:11:24.6294760Z npm notice 298B dist/safe-bash/commands/stream-format/unexpand.d.ts.map
publish	Publish Safe Bash with provenance	2026-09-12T18:11:24.6294925Z npm notice 5.4kB dist/safe-bash/commands/stream-format/unexpand.js
publish	Publish Safe Bash with provenance	2026-09-12T18:11:24.6295090Z npm notice 5.5kB dist/safe-bash/commands/stream-format/unexpand.js.map
publish	Publish Safe Bash with provenance	2026-09-12T18:11:24.6295261Z npm notice 258B dist/safe-bash/commands/stream-inspection/expand.d.ts
publish	Publish Safe Bash with provenance	2026-09-12T18:11:24.6295442Z npm notice 298B dist/safe-bash/commands/stream-inspection/expand.d.ts.map
publish	Publish Safe Bash with provenance	2026-09-12T18:11:24.6295603Z npm notice 3.9kB dist/safe-bash/commands/stream-inspection/expand.js
publish	Publish Safe Bash with provenance	2026-09-12T18:11:24.6295779Z npm notice 4.0kB dist/safe-bash/commands/stream-inspection/expand.js.map
publish	Publish Safe Bash with provenance	2026-09-12T18:11:24.6295949Z npm notice 254B dist/safe-bash/commands/stream-inspection/fold.d.ts
publish	Publish Safe Bash with provenance	2026-09-12T18:11:24.6296127Z npm notice 293B dist/safe-bash/commands/stream-inspection/fold.d.ts.map
publish	Publish Safe Bash with provenance	2026-09-12T18:11:24.6296283Z npm notice 2.5kB dist/safe-bash/commands/stream-inspection/fold.js
publish	Publish Safe Bash with provenance	2026-09-12T18:11:24.6296459Z npm notice 2.7kB dist/safe-bash/commands/stream-inspection/fold.js.map
publish	Publish Safe Bash with provenance	2026-09-12T18:11:24.6296624Z npm notice 524B dist/safe-bash/commands/stream-inspection/index.d.ts
publish	Publish Safe Bash with provenance	2026-09-12T18:11:24.6296830Z npm notice 429B dist/safe-bash/commands/stream-inspection/index.d.ts.map
publish	Publish Safe Bash with provenance	2026-09-12T18:11:24.6296994Z npm notice 1.1kB dist/safe-bash/commands/stream-inspection/index.js
publish	Publish Safe Bash with provenance	2026-09-12T18:11:24.6297171Z npm notice 1.1kB dist/safe-bash/commands/stream-inspection/index.js.map
publish	Publish Safe Bash with provenance	2026-09-12T18:11:24.6297369Z npm notice 288B dist/safe-bash/commands/stream-inspection/numeric-options.d.ts
publish	Publish Safe Bash with provenance	2026-09-12T18:11:24.6297574Z npm notice 425B dist/safe-bash/commands/stream-inspection/numeric-options.d.ts.map
publish	Publish Safe Bash with provenance	2026-09-12T18:11:24.6297772Z npm notice 2.2kB dist/safe-bash/commands/stream-inspection/numeric-options.js
publish	Publish Safe Bash with provenance	2026-09-12T18:11:24.6297976Z npm notice 2.5kB dist/safe-bash/commands/stream-inspection/numeric-options.js.map
publish	Publish Safe Bash with provenance	2026-09-12T18:11:24.6298150Z npm notice 2.0kB dist/safe-bash/commands/stream-inspection/shared.d.ts
publish	Publish Safe Bash with provenance	2026-09-12T18:11:24.6298326Z npm notice 2.1kB dist/safe-bash/commands/stream-inspection/shared.d.ts.map
publish	Publish Safe Bash with provenance	2026-09-12T18:11:24.6298496Z npm notice 7.8kB dist/safe-bash/commands/stream-inspection/shared.js
publish	Publish Safe Bash with provenance	2026-09-12T18:11:24.6298675Z npm notice 8.7kB dist/safe-bash/commands/stream-inspection/shared.js.map
publish	Publish Safe Bash with provenance	2026-09-12T18:11:24.6298840Z npm notice 260B dist/safe-bash/commands/stream-inspection/strings.d.ts
publish	Publish Safe Bash with provenance	2026-09-12T18:11:24.6299028Z npm notice 299B dist/safe-bash/commands/stream-inspection/strings.d.ts.map
publish	Publish Safe Bash with provenance	2026-09-12T18:11:24.6299626Z npm notice 2.8kB dist/safe-bash/commands/stream-inspection/strings.js
publish	Publish Safe Bash with provenance	2026-09-12T18:11:24.6299870Z npm notice 3.0kB dist/safe-bash/commands/stream-inspection/strings.js.map
publish	Publish Safe Bash with provenance	2026-09-12T18:11:24.6300030Z npm notice 252B dist/safe-bash/commands/stream-inspection/tac.d.ts
publish	Publish Safe Bash with provenance	2026-09-12T18:11:24.6300205Z npm notice 290B dist/safe-bash/commands/stream-inspection/tac.d.ts.map
publish	Publish Safe Bash with provenance	2026-09-12T18:11:24.6300368Z npm notice 2.5kB dist/safe-bash/commands/stream-inspection/tac.js
publish	Publish Safe Bash with provenance	2026-09-12T18:11:24.6300530Z npm notice 2.9kB dist/safe-bash/commands/stream-inspection/tac.js.map
publish	Publish Safe Bash with provenance	2026-09-12T18:11:24.6300666Z npm notice 217B dist/safe-bash/commands/streams.d.ts
publish	Publish Safe Bash with provenance	2026-09-12T18:11:24.6300812Z npm notice 244B dist/safe-bash/commands/streams.d.ts.map
publish	Publish Safe Bash with provenance	2026-09-12T18:11:24.6300948Z npm notice 26.3kB dist/safe-bash/commands/streams.js
publish	Publish Safe Bash with provenance	2026-09-12T18:11:24.6301080Z npm notice 27.5kB dist/safe-bash/commands/streams.js.map
publish	Publish Safe Bash with provenance	2026-09-12T18:11:24.6301234Z npm notice 521B dist/safe-bash/commands/structured/index.d.ts
publish	Publish Safe Bash with provenance	2026-09-12T18:11:24.6301393Z npm notice 461B dist/safe-bash/commands/structured/index.d.ts.map
publish	Publish Safe Bash with provenance	2026-09-12T18:11:24.6301535Z npm notice 811B dist/safe-bash/commands/structured/index.js
publish	Publish Safe Bash with provenance	2026-09-12T18:11:24.6301696Z npm notice 814B dist/safe-bash/commands/structured/index.js.map
publish	Publish Safe Bash with provenance	2026-09-12T18:11:24.6301852Z npm notice 1.7kB dist/safe-bash/commands/structured/input.d.ts
publish	Publish Safe Bash with provenance	2026-09-12T18:11:24.6302015Z npm notice 1.7kB dist/safe-bash/commands/structured/input.d.ts.map
publish	Publish Safe Bash with provenance	2026-09-12T18:11:24.6302159Z npm notice 19.9kB dist/safe-bash/commands/structured/input.js
publish	Publish Safe Bash with provenance	2026-09-12T18:11:24.6302317Z npm notice 22.6kB dist/safe-bash/commands/structured/input.js.map
publish	Publish Safe Bash with provenance	2026-09-12T18:11:24.6302486Z npm notice 1.2kB dist/safe-bash/commands/structured/interpreter.d.ts
publish	Publish Safe Bash with provenance	2026-09-12T18:11:24.6302663Z npm notice 1.6kB dist/safe-bash/commands/structured/interpreter.d.ts.map
publish	Publish Safe Bash with provenance	2026-09-12T18:11:24.6302831Z npm notice 34.6kB dist/safe-bash/commands/structured/interpreter.js
publish	Publish Safe Bash with provenance	2026-09-12T18:11:24.6303011Z npm notice 34.9kB dist/safe-bash/commands/structured/interpreter.js.map
publish	Publish Safe Bash with provenance	2026-09-12T18:11:24.6303159Z npm notice 252B dist/safe-bash/commands/structured/jq.d.ts
publish	Publish Safe Bash with provenance	2026-09-12T18:11:24.6303314Z npm notice 281B dist/safe-bash/commands/structured/jq.d.ts.map
publish	Publish Safe Bash with provenance	2026-09-12T18:11:24.6303464Z npm notice 13.4kB dist/safe-bash/commands/structured/jq.js
publish	Publish Safe Bash with provenance	2026-09-12T18:11:24.6303622Z npm notice 13.7kB dist/safe-bash/commands/structured/jq.js.map
publish	Publish Safe Bash with provenance	2026-09-12T18:11:24.6303775Z npm notice 2.6kB dist/safe-bash/commands/structured/limits.d.ts
publish	Publish Safe Bash with provenance	2026-09-12T18:11:24.6303943Z npm notice 2.7kB dist/safe-bash/commands/structured/limits.d.ts.map
publish	Publish Safe Bash with provenance	2026-09-12T18:11:24.6304097Z npm notice 6.6kB dist/safe-bash/commands/structured/limits.js
publish	Publish Safe Bash with provenance	2026-09-12T18:11:24.6304263Z npm notice 7.5kB dist/safe-bash/commands/structured/limits.js.map
publish	Publish Safe Bash with provenance	2026-09-12T18:11:24.6304500Z npm notice 854B dist/safe-bash/commands/structured/numbers.d.ts
publish	Publish Safe Bash with provenance	2026-09-12T18:11:24.6304672Z npm notice 922B dist/safe-bash/commands/structured/numbers.d.ts.map
publish	Publish Safe Bash with provenance	2026-09-12T18:11:24.6304828Z npm notice 6.3kB dist/safe-bash/commands/structured/numbers.js
publish	Publish Safe Bash with provenance	2026-09-12T18:11:24.6304998Z npm notice 8.6kB dist/safe-bash/commands/structured/numbers.js.map
publish	Publish Safe Bash with provenance	2026-09-12T18:11:24.6305158Z npm notice 1.3kB dist/safe-bash/commands/structured/parser.d.ts
publish	Publish Safe Bash with provenance	2026-09-12T18:11:24.6305329Z npm notice 1.8kB dist/safe-bash/commands/structured/parser.d.ts.map
publish	Publish Safe Bash with provenance	2026-09-12T18:11:24.6305483Z npm notice 15.7kB dist/safe-bash/commands/structured/parser.js
publish	Publish Safe Bash with provenance	2026-09-12T18:11:24.6305640Z npm notice 18.7kB dist/safe-bash/commands/structured/parser.js.map
publish	Publish Safe Bash with provenance	2026-09-12T18:11:24.6305804Z npm notice 1.3kB dist/safe-bash/commands/structured/query-core.d.ts
publish	Publish Safe Bash with provenance	2026-09-12T18:11:24.6305982Z npm notice 1.4kB dist/safe-bash/commands/structured/query-core.d.ts.map
publish	Publish Safe Bash with provenance	2026-09-12T18:11:24.6306139Z npm notice 23.2kB dist/safe-bash/commands/structured/query-core.js
publish	Publish Safe Bash with provenance	2026-09-12T18:11:24.6306313Z npm notice 22.1kB dist/safe-bash/commands/structured/query-core.js.map
publish	Publish Safe Bash with provenance	2026-09-12T18:11:24.6306466Z npm notice 186B dist/safe-bash/commands/structured/split.d.ts
publish	Publish Safe Bash with provenance	2026-09-12T18:11:24.6306629Z npm notice 300B dist/safe-bash/commands/structured/split.d.ts.map
publish	Publish Safe Bash with provenance	2026-09-12T18:11:24.6306776Z npm notice 2.6kB dist/safe-bash/commands/structured/split.js
publish	Publish Safe Bash with provenance	2026-09-12T18:11:24.6306972Z npm notice 2.9kB dist/safe-bash/commands/structured/split.js.map
publish	Publish Safe Bash with provenance	2026-09-12T18:11:24.6307128Z npm notice 1.2kB dist/safe-bash/commands/structured/values.d.ts
publish	Publish Safe Bash with provenance	2026-09-12T18:11:24.6307284Z npm notice 1.5kB dist/safe-bash/commands/structured/values.d.ts.map
publish	Publish Safe Bash with provenance	2026-09-12T18:11:24.6307439Z npm notice 13.4kB dist/safe-bash/commands/structured/values.js
publish	Publish Safe Bash with provenance	2026-09-12T18:11:24.6307606Z npm notice 17.0kB dist/safe-bash/commands/structured/values.js.map
publish	Publish Safe Bash with provenance	2026-09-12T18:11:24.6307755Z npm notice 262B dist/safe-bash/commands/table-text/comm.d.ts
publish	Publish Safe Bash with provenance	2026-09-12T18:11:24.6307908Z npm notice 286B dist/safe-bash/commands/table-text/comm.d.ts.map
publish	Publish Safe Bash with provenance	2026-09-12T18:11:24.6308056Z npm notice 4.7kB dist/safe-bash/commands/table-text/comm.js
publish	Publish Safe Bash with provenance	2026-09-12T18:11:24.6308212Z npm notice 5.2kB dist/safe-bash/commands/table-text/comm.js.map
publish	Publish Safe Bash with provenance	2026-09-12T18:11:24.6308355Z npm notice 479B dist/safe-bash/commands/table-text/index.d.ts
publish	Publish Safe Bash with provenance	2026-09-12T18:11:24.6308517Z npm notice 420B dist/safe-bash/commands/table-text/index.d.ts.map
publish	Publish Safe Bash with provenance	2026-09-12T18:11:24.6308665Z npm notice 967B dist/safe-bash/commands/table-text/index.js
publish	Publish Safe Bash with provenance	2026-09-12T18:11:24.6308820Z npm notice 990B dist/safe-bash/commands/table-text/index.js.map
publish	Publish Safe Bash with provenance	2026-09-12T18:11:24.6308972Z npm notice 2.9kB dist/safe-bash/commands/table-text/internal.d.ts
publish	Publish Safe Bash with provenance	2026-09-12T18:11:24.6309212Z npm notice 2.9kB dist/safe-bash/commands/table-text/internal.d.ts.map
publish	Publish Safe Bash with provenance	2026-09-12T18:11:24.6309377Z npm notice 8.5kB dist/safe-bash/commands/table-text/internal.js
publish	Publish Safe Bash with provenance	2026-09-12T18:11:24.6309534Z npm notice 9.7kB dist/safe-bash/commands/table-text/internal.js.map
publish	Publish Safe Bash with provenance	2026-09-12T18:11:24.6309691Z npm notice 262B dist/safe-bash/commands/table-text/join.d.ts
publish	Publish Safe Bash with provenance	2026-09-12T18:11:24.6309849Z npm notice 288B dist/safe-bash/commands/table-text/join.d.ts.map
publish	Publish Safe Bash with provenance	2026-09-12T18:11:24.6309997Z npm notice 11.1kB dist/safe-bash/commands/table-text/join.js
publish	Publish Safe Bash with provenance	2026-09-12T18:11:24.6310147Z npm notice 12.4kB dist/safe-bash/commands/table-text/join.js.map
publish	Publish Safe Bash with provenance	2026-09-12T18:11:24.6310300Z npm notice 264B dist/safe-bash/commands/table-text/paste.d.ts
publish	Publish Safe Bash with provenance	2026-09-12T18:11:24.6310464Z npm notice 289B dist/safe-bash/commands/table-text/paste.d.ts.map
publish	Publish Safe Bash with provenance	2026-09-12T18:11:24.6310606Z npm notice 4.9kB dist/safe-bash/commands/table-text/paste.js
publish	Publish Safe Bash with provenance	2026-09-12T18:11:24.6310769Z npm notice 5.0kB dist/safe-bash/commands/table-text/paste.js.map
publish	Publish Safe Bash with provenance	2026-09-12T18:11:24.6310919Z npm notice 1.0kB dist/safe-bash/commands/tail-follow.d.ts
publish	Publish Safe Bash with provenance	2026-09-12T18:11:24.6311073Z npm notice 1.1kB dist/safe-bash/commands/tail-follow.d.ts.map
publish	Publish Safe Bash with provenance	2026-09-12T18:11:24.6311209Z npm notice 20.1kB dist/safe-bash/commands/tail-follow.js
publish	Publish Safe Bash with provenance	2026-09-12T18:11:24.6311358Z npm notice 20.5kB dist/safe-bash/commands/tail-follow.js.map
publish	Publish Safe Bash with provenance	2026-09-12T18:11:24.6311582Z npm notice 778B dist/safe-bash/commands/text-programs/awk-reader.d.ts
publish	Publish Safe Bash with provenance	2026-09-12T18:11:24.6311760Z npm notice 912B dist/safe-bash/commands/text-programs/awk-reader.d.ts.map
publish	Publish Safe Bash with provenance	2026-09-12T18:11:24.6311937Z npm notice 6.5kB dist/safe-bash/commands/text-programs/awk-reader.js
publish	Publish Safe Bash with provenance	2026-09-12T18:11:24.6312115Z npm notice 7.2kB dist/safe-bash/commands/text-programs/awk-reader.js.map
publish	Publish Safe Bash with provenance	2026-09-12T18:11:24.6312295Z npm notice 458B dist/safe-bash/commands/text-programs/awk-retention.d.ts
publish	Publish Safe Bash with provenance	2026-09-12T18:11:24.6312479Z npm notice 495B dist/safe-bash/commands/text-programs/awk-retention.d.ts.map
publish	Publish Safe Bash with provenance	2026-09-12T18:11:24.6312651Z npm notice 1.3kB dist/safe-bash/commands/text-programs/awk-retention.js
publish	Publish Safe Bash with provenance	2026-09-12T18:11:24.6312836Z npm notice 1.2kB dist/safe-bash/commands/text-programs/awk-retention.js.map
publish	Publish Safe Bash with provenance	2026-09-12T18:11:24.6313004Z npm notice 1.6kB dist/safe-bash/commands/text-programs/awk-runtime.d.ts
publish	Publish Safe Bash with provenance	2026-09-12T18:11:24.6313190Z npm notice 1.6kB dist/safe-bash/commands/text-programs/awk-runtime.d.ts.map
publish	Publish Safe Bash with provenance	2026-09-12T18:11:24.6313365Z npm notice 40.4kB dist/safe-bash/commands/text-programs/awk-runtime.js
publish	Publish Safe Bash with provenance	2026-09-12T18:11:24.6313549Z npm notice 44.2kB dist/safe-bash/commands/text-programs/awk-runtime.js.map
publish	Publish Safe Bash with provenance	2026-09-12T18:11:24.6313712Z npm notice 3.0kB dist/safe-bash/commands/text-programs/awk-syntax.d.ts
publish	Publish Safe Bash with provenance	2026-09-12T18:11:24.6313893Z npm notice 3.6kB dist/safe-bash/commands/text-programs/awk-syntax.d.ts.map
publish	Publish Safe Bash with provenance	2026-09-12T18:11:24.6314102Z npm notice 23.2kB dist/safe-bash/commands/text-programs/awk-syntax.js
publish	Publish Safe Bash with provenance	2026-09-12T18:11:24.6314273Z npm notice 26.5kB dist/safe-bash/commands/text-programs/awk-syntax.js.map
publish	Publish Safe Bash with provenance	2026-09-12T18:11:24.6314446Z npm notice 1.2kB dist/safe-bash/commands/text-programs/awk-values.d.ts
publish	Publish Safe Bash with provenance	2026-09-12T18:11:24.6314628Z npm notice 1.4kB dist/safe-bash/commands/text-programs/awk-values.d.ts.map
publish	Publish Safe Bash with provenance	2026-09-12T18:11:24.6314796Z npm notice 9.3kB dist/safe-bash/commands/text-programs/awk-values.js
publish	Publish Safe Bash with provenance	2026-09-12T18:11:24.6314965Z npm notice 11.3kB dist/safe-bash/commands/text-programs/awk-values.js.map
publish	Publish Safe Bash with provenance	2026-09-12T18:11:24.6315126Z npm notice 240B dist/safe-bash/commands/text-programs/awk.d.ts
publish	Publish Safe Bash with provenance	2026-09-12T18:11:24.6315289Z npm notice 285B dist/safe-bash/commands/text-programs/awk.d.ts.map
publish	Publish Safe Bash with provenance	2026-09-12T18:11:24.6315435Z npm notice 2.1kB dist/safe-bash/commands/text-programs/awk.js
publish	Publish Safe Bash with provenance	2026-09-12T18:11:24.6315597Z npm notice 2.2kB dist/safe-bash/commands/text-programs/awk.js.map
publish	Publish Safe Bash with provenance	2026-09-12T18:11:24.6315762Z npm notice 438B dist/safe-bash/commands/text-programs/index.d.ts
publish	Publish Safe Bash with provenance	2026-09-12T18:11:24.6315931Z npm notice 413B dist/safe-bash/commands/text-programs/index.d.ts.map
publish	Publish Safe Bash with provenance	2026-09-12T18:11:24.6316078Z npm notice 840B dist/safe-bash/commands/text-programs/index.js
publish	Publish Safe Bash with provenance	2026-09-12T18:11:24.6316244Z npm notice 842B dist/safe-bash/commands/text-programs/index.js.map
publish	Publish Safe Bash with provenance	2026-09-12T18:11:24.6316404Z npm notice 713B dist/safe-bash/commands/text-programs/regex.d.ts
publish	Publish Safe Bash with provenance	2026-09-12T18:11:24.6316565Z npm notice 874B dist/safe-bash/commands/text-programs/regex.d.ts.map
publish	Publish Safe Bash with provenance	2026-09-12T18:11:24.6316725Z npm notice 28.4kB dist/safe-bash/commands/text-programs/regex.js
publish	Publish Safe Bash with provenance	2026-09-12T18:11:24.6316893Z npm notice 26.4kB dist/safe-bash/commands/text-programs/regex.js.map
publish	Publish Safe Bash with provenance	2026-09-12T18:11:24.6317089Z npm notice 390B dist/safe-bash/commands/text-programs/replacement-buffer.d.ts
publish	Publish Safe Bash with provenance	2026-09-12T18:11:24.6317288Z npm notice 495B dist/safe-bash/commands/text-programs/replacement-buffer.d.ts.map
publish	Publish Safe Bash with provenance	2026-09-12T18:11:24.6317479Z npm notice 2.8kB dist/safe-bash/commands/text-programs/replacement-buffer.js
publish	Publish Safe Bash with provenance	2026-09-12T18:11:24.6317684Z npm notice 3.4kB dist/safe-bash/commands/text-programs/replacement-buffer.js.map
publish	Publish Safe Bash with provenance	2026-09-12T18:11:24.6317831Z npm notice 240B dist/safe-bash/commands/text-programs/sed.d.ts
publish	Publish Safe Bash with provenance	2026-09-12T18:11:24.6317997Z npm notice 287B dist/safe-bash/commands/text-programs/sed.d.ts.map
publish	Publish Safe Bash with provenance	2026-09-12T18:11:24.6318152Z npm notice 33.1kB dist/safe-bash/commands/text-programs/sed.js
publish	Publish Safe Bash with provenance	2026-09-12T18:11:24.6318318Z npm notice 30.8kB dist/safe-bash/commands/text-programs/sed.js.map
publish	Publish Safe Bash with provenance	2026-09-12T18:11:24.6318473Z npm notice 1.7kB dist/safe-bash/commands/text-programs/shared.d.ts
publish	Publish Safe Bash with provenance	2026-09-12T18:11:24.6318679Z npm notice 1.6kB dist/safe-bash/commands/text-programs/shared.d.ts.map
publish	Publish Safe Bash with provenance	2026-09-12T18:11:24.6318836Z npm notice 4.3kB dist/safe-bash/commands/text-programs/shared.js
publish	Publish Safe Bash with provenance	2026-09-12T18:11:24.6318997Z npm notice 4.8kB dist/safe-bash/commands/text-programs/shared.js.map
publish	Publish Safe Bash with provenance	2026-09-12T18:11:24.6319267Z npm notice 159B dist/safe-bash/commands/text.d.ts
publish	Publish Safe Bash with provenance	2026-09-12T18:11:24.6319425Z npm notice 206B dist/safe-bash/commands/text.d.ts.map
publish	Publish Safe Bash with provenance	2026-09-12T18:11:24.6319557Z npm notice 35.3kB dist/safe-bash/commands/text.js
publish	Publish Safe Bash with provenance	2026-09-12T18:11:24.6319690Z npm notice 36.6kB dist/safe-bash/commands/text.js.map
publish	Publish Safe Bash with provenance	2026-09-12T18:11:24.6319855Z npm notice 1.4kB dist/safe-bash/commands/time-env/calendar.d.ts
publish	Publish Safe Bash with provenance	2026-09-12T18:11:24.6320030Z npm notice 1.2kB dist/safe-bash/commands/time-env/calendar.d.ts.map
publish	Publish Safe Bash with provenance	2026-09-12T18:11:24.6320182Z npm notice 9.9kB dist/safe-bash/commands/time-env/calendar.js
publish	Publish Safe Bash with provenance	2026-09-12T18:11:24.6320352Z npm notice 11.3kB dist/safe-bash/commands/time-env/calendar.js.map
publish	Publish Safe Bash with provenance	2026-09-12T18:11:24.6320501Z npm notice 203B dist/safe-bash/commands/time-env/date.d.ts
publish	Publish Safe Bash with provenance	2026-09-12T18:11:24.6320658Z npm notice 220B dist/safe-bash/commands/time-env/date.d.ts.map
publish	Publish Safe Bash with provenance	2026-09-12T18:11:24.6320795Z npm notice 7.2kB dist/safe-bash/commands/time-env/date.js
publish	Publish Safe Bash with provenance	2026-09-12T18:11:24.6320953Z npm notice 6.3kB dist/safe-bash/commands/time-env/date.js.map
publish	Publish Safe Bash with provenance	2026-09-12T18:11:24.6321107Z npm notice 244B dist/safe-bash/commands/time-env/format.d.ts
publish	Publish Safe Bash with provenance	2026-09-12T18:11:24.6321313Z npm notice 333B dist/safe-bash/commands/time-env/format.d.ts.map
publish	Publish Safe Bash with provenance	2026-09-12T18:11:24.6321465Z npm notice 10.4kB dist/safe-bash/commands/time-env/format.js
publish	Publish Safe Bash with provenance	2026-09-12T18:11:24.6321621Z npm notice 11.4kB dist/safe-bash/commands/time-env/format.js.map
publish	Publish Safe Bash with provenance	2026-09-12T18:11:24.6321769Z npm notice 477B dist/safe-bash/commands/time-env/index.d.ts
publish	Publish Safe Bash with provenance	2026-09-12T18:11:24.6321921Z npm notice 426B dist/safe-bash/commands/time-env/index.d.ts.map
publish	Publish Safe Bash with provenance	2026-09-12T18:11:24.6322071Z npm notice 1.0kB dist/safe-bash/commands/time-env/index.js
publish	Publish Safe Bash with provenance	2026-09-12T18:11:24.6322228Z npm notice 1.0kB dist/safe-bash/commands/time-env/index.js.map
publish	Publish Safe Bash with provenance	2026-09-12T18:11:24.6322373Z npm notice 198B dist/safe-bash/commands/time-env/printenv.d.ts
publish	Publish Safe Bash with provenance	2026-09-12T18:11:24.6322538Z npm notice 227B dist/safe-bash/commands/time-env/printenv.d.ts.map
publish	Publish Safe Bash with provenance	2026-09-12T18:11:24.6322692Z npm notice 2.4kB dist/safe-bash/commands/time-env/printenv.js
publish	Publish Safe Bash with provenance	2026-09-12T18:11:24.6322856Z npm notice 2.4kB dist/safe-bash/commands/time-env/printenv.js.map
publish	Publish Safe Bash with provenance	2026-09-12T18:11:24.6323003Z npm notice 1.7kB dist/safe-bash/commands/time-env/shared.d.ts
publish	Publish Safe Bash with provenance	2026-09-12T18:11:24.6323164Z npm notice 1.6kB dist/safe-bash/commands/time-env/shared.d.ts.map
publish	Publish Safe Bash with provenance	2026-09-12T18:11:24.6323312Z npm notice 3.3kB dist/safe-bash/commands/time-env/shared.js
publish	Publish Safe Bash with provenance	2026-09-12T18:11:24.6323461Z npm notice 3.3kB dist/safe-bash/commands/time-env/shared.js.map
publish	Publish Safe Bash with provenance	2026-09-12T18:11:24.6323613Z npm notice 192B dist/safe-bash/commands/time-env/sleep.d.ts
publish	Publish Safe Bash with provenance	2026-09-12T18:11:24.6323774Z npm notice 222B dist/safe-bash/commands/time-env/sleep.d.ts.map
publish	Publish Safe Bash with provenance	2026-09-12T18:11:24.6323923Z npm notice 6.1kB dist/safe-bash/commands/time-env/sleep.js
publish	Publish Safe Bash with provenance	2026-09-12T18:11:24.6324069Z npm notice 6.1kB dist/safe-bash/commands/time-env/sleep.js.map
publish	Publish Safe Bash with provenance	2026-09-12T18:11:24.6324220Z npm notice 278B dist/safe-bash/commands/timeout/duration.d.ts
publish	Publish Safe Bash with provenance	2026-09-12T18:11:24.6324380Z npm notice 385B dist/safe-bash/commands/timeout/duration.d.ts.map
publish	Publish Safe Bash with provenance	2026-09-12T18:11:24.6324522Z npm notice 2.8kB dist/safe-bash/commands/timeout/duration.js
publish	Publish Safe Bash with provenance	2026-09-12T18:11:24.6324679Z npm notice 2.8kB dist/safe-bash/commands/timeout/duration.js.map
publish	Publish Safe Bash with provenance	2026-09-12T18:11:24.6324824Z npm notice 941B dist/safe-bash/commands/timeout/index.d.ts
publish	Publish Safe Bash with provenance	2026-09-12T18:11:24.6324981Z npm notice 856B dist/safe-bash/commands/timeout/index.d.ts.map
publish	Publish Safe Bash with provenance	2026-09-12T18:11:24.6325119Z npm notice 10.4kB dist/safe-bash/commands/timeout/index.js
publish	Publish Safe Bash with provenance	2026-09-12T18:11:24.6325271Z npm notice 9.2kB dist/safe-bash/commands/timeout/index.js.map
publish	Publish Safe Bash with provenance	2026-09-12T18:11:24.6325420Z npm notice 706B dist/safe-bash/commands/timeout/scheduler.d.ts
publish	Publish Safe Bash with provenance	2026-09-12T18:11:24.6325572Z npm notice 757B dist/safe-bash/commands/timeout/scheduler.d.ts.map
publish	Publish Safe Bash with provenance	2026-09-12T18:11:24.6325770Z npm notice 3.2kB dist/safe-bash/commands/timeout/scheduler.js
publish	Publish Safe Bash with provenance	2026-09-12T18:11:24.6325931Z npm notice 3.2kB dist/safe-bash/commands/timeout/scheduler.js.map
publish	Publish Safe Bash with provenance	2026-09-12T18:11:24.6326081Z npm notice 1.4kB dist/safe-bash/commands/tree/arguments.d.ts
publish	Publish Safe Bash with provenance	2026-09-12T18:11:24.6326232Z npm notice 850B dist/safe-bash/commands/tree/arguments.d.ts.map
publish	Publish Safe Bash with provenance	2026-09-12T18:11:24.6326378Z npm notice 5.3kB dist/safe-bash/commands/tree/arguments.js
publish	Publish Safe Bash with provenance	2026-09-12T18:11:24.6326528Z npm notice 4.6kB dist/safe-bash/commands/tree/arguments.js.map
publish	Publish Safe Bash with provenance	2026-09-12T18:11:24.6326663Z npm notice 259B dist/safe-bash/commands/tree/charset.d.ts
publish	Publish Safe Bash with provenance	2026-09-12T18:11:24.6326812Z npm notice 328B dist/safe-bash/commands/tree/charset.d.ts.map
publish	Publish Safe Bash with provenance	2026-09-12T18:11:24.6326953Z npm notice 1.4kB dist/safe-bash/commands/tree/charset.js
publish	Publish Safe Bash with provenance	2026-09-12T18:11:24.6327103Z npm notice 1.5kB dist/safe-bash/commands/tree/charset.js.map
publish	Publish Safe Bash with provenance	2026-09-12T18:11:24.6327236Z npm notice 489B dist/safe-bash/commands/tree/index.d.ts
publish	Publish Safe Bash with provenance	2026-09-12T18:11:24.6327387Z npm notice 455B dist/safe-bash/commands/tree/index.d.ts.map
publish	Publish Safe Bash with provenance	2026-09-12T18:11:24.6327523Z npm notice 772B dist/safe-bash/commands/tree/index.js
publish	Publish Safe Bash with provenance	2026-09-12T18:11:24.6327662Z npm notice 821B dist/safe-bash/commands/tree/index.js.map
publish	Publish Safe Bash with provenance	2026-09-12T18:11:24.6327799Z npm notice 1.1kB dist/safe-bash/commands/tree/io.d.ts
publish	Publish Safe Bash with provenance	2026-09-12T18:11:24.6327944Z npm notice 1.2kB dist/safe-bash/commands/tree/io.d.ts.map
publish	Publish Safe Bash with provenance	2026-09-12T18:11:24.6328106Z npm notice 3.3kB dist/safe-bash/commands/tree/io.js
publish	Publish Safe Bash with provenance	2026-09-12T18:11:24.6328243Z npm notice 3.8kB dist/safe-bash/commands/tree/io.js.map
publish	Publish Safe Bash with provenance	2026-09-12T18:11:24.6328381Z npm notice 583B dist/safe-bash/commands/tree/options.d.ts
publish	Publish Safe Bash with provenance	2026-09-12T18:11:24.6328534Z npm notice 663B dist/safe-bash/commands/tree/options.d.ts.map
publish	Publish Safe Bash with provenance	2026-09-12T18:11:24.6328662Z npm notice 595B dist/safe-bash/commands/tree/options.js
publish	Publish Safe Bash with provenance	2026-09-12T18:11:24.6328815Z npm notice 734B dist/safe-bash/commands/tree/options.js.map
publish	Publish Safe Bash with provenance	2026-09-12T18:11:24.6328959Z npm notice 451B dist/safe-bash/commands/tree/pattern.d.ts
publish	Publish Safe Bash with provenance	2026-09-12T18:11:24.6329213Z npm notice 583B dist/safe-bash/commands/tree/pattern.d.ts.map
publish	Publish Safe Bash with provenance	2026-09-12T18:11:24.6329389Z npm notice 3.4kB dist/safe-bash/commands/tree/pattern.js
publish	Publish Safe Bash with provenance	2026-09-12T18:11:24.6329543Z npm notice 3.9kB dist/safe-bash/commands/tree/pattern.js.map
publish	Publish Safe Bash with provenance	2026-09-12T18:11:24.6329680Z npm notice 251B dist/safe-bash/commands/tree/tree.d.ts
publish	Publish Safe Bash with provenance	2026-09-12T18:11:24.6329818Z npm notice 282B dist/safe-bash/commands/tree/tree.d.ts.map
publish	Publish Safe Bash with provenance	2026-09-12T18:11:24.6329963Z npm notice 11.7kB dist/safe-bash/commands/tree/tree.js
publish	Publish Safe Bash with provenance	2026-09-12T18:11:24.6330112Z npm notice 14.3kB dist/safe-bash/commands/tree/tree.js.map
publish	Publish Safe Bash with provenance	2026-09-12T18:11:24.6330239Z npm notice 268B dist/safe-bash/commands/truncate.d.ts
publish	Publish Safe Bash with provenance	2026-09-12T18:11:24.6330381Z npm notice 283B dist/safe-bash/commands/truncate.d.ts.map
publish	Publish Safe Bash with provenance	2026-09-12T18:11:24.6330513Z npm notice 43.5kB dist/safe-bash/commands/truncate.js
publish	Publish Safe Bash with provenance	2026-09-12T18:11:24.6330659Z npm notice 41.7kB dist/safe-bash/commands/truncate.js.map
publish	Publish Safe Bash with provenance	2026-09-12T18:11:24.6330794Z npm notice 258B dist/safe-bash/commands/tsort/command.d.ts
publish	Publish Safe Bash with provenance	2026-09-12T18:11:24.6330956Z npm notice 287B dist/safe-bash/commands/tsort/command.d.ts.map
publish	Publish Safe Bash with provenance	2026-09-12T18:11:24.6331102Z npm notice 3.7kB dist/safe-bash/commands/tsort/command.js
publish	Publish Safe Bash with provenance	2026-09-12T18:11:24.6331247Z npm notice 3.2kB dist/safe-bash/commands/tsort/command.js.map
publish	Publish Safe Bash with provenance	2026-09-12T18:11:24.6331390Z npm notice 165B dist/safe-bash/commands/tsort/graph.d.ts
publish	Publish Safe Bash with provenance	2026-09-12T18:11:24.6331541Z npm notice 264B dist/safe-bash/commands/tsort/graph.d.ts.map
publish	Publish Safe Bash with provenance	2026-09-12T18:11:24.6331683Z npm notice 7.1kB dist/safe-bash/commands/tsort/graph.js
publish	Publish Safe Bash with provenance	2026-09-12T18:11:24.6331827Z npm notice 7.1kB dist/safe-bash/commands/tsort/graph.js.map
publish	Publish Safe Bash with provenance	2026-09-12T18:11:24.6331984Z npm notice 390B dist/safe-bash/commands/tsort/index.browser.js
publish	Publish Safe Bash with provenance	2026-09-12T18:11:24.6332148Z npm notice 93B dist/safe-bash/commands/tsort/index.browser.js.map
publish	Publish Safe Bash with provenance	2026-09-12T18:11:24.6332279Z npm notice 502B dist/safe-bash/commands/tsort/index.d.ts
publish	Publish Safe Bash with provenance	2026-09-12T18:11:24.6332429Z npm notice 456B dist/safe-bash/commands/tsort/index.d.ts.map
publish	Publish Safe Bash with provenance	2026-09-12T18:11:24.6332616Z npm notice 526B dist/safe-bash/commands/tsort/index.js
publish	Publish Safe Bash with provenance	2026-09-12T18:11:24.6332756Z npm notice 605B dist/safe-bash/commands/tsort/index.js.map
publish	Publish Safe Bash with provenance	2026-09-12T18:11:24.6332895Z npm notice 1.9kB dist/safe-bash/commands/tsort/internal.d.ts
publish	Publish Safe Bash with provenance	2026-09-12T18:11:24.6333055Z npm notice 1.9kB dist/safe-bash/commands/tsort/internal.d.ts.map
publish	Publish Safe Bash with provenance	2026-09-12T18:11:24.6333195Z npm notice 6.9kB dist/safe-bash/commands/tsort/internal.js
publish	Publish Safe Bash with provenance	2026-09-12T18:11:24.6333342Z npm notice 7.6kB dist/safe-bash/commands/tsort/internal.js.map
publish	Publish Safe Bash with provenance	2026-09-12T18:11:24.6333478Z npm notice 971B dist/safe-bash/commands/tsort/io.d.ts
publish	Publish Safe Bash with provenance	2026-09-12T18:11:24.6333620Z npm notice 1.1kB dist/safe-bash/commands/tsort/io.d.ts.map
publish	Publish Safe Bash with provenance	2026-09-12T18:11:24.6333748Z npm notice 9.2kB dist/safe-bash/commands/tsort/io.js
publish	Publish Safe Bash with provenance	2026-09-12T18:11:24.6333890Z npm notice 8.9kB dist/safe-bash/commands/tsort/io.js.map
publish	Publish Safe Bash with provenance	2026-09-12T18:11:24.6334026Z npm notice 498B dist/safe-bash/commands/which/index.d.ts
publish	Publish Safe Bash with provenance	2026-09-12T18:11:24.6334173Z npm notice 456B dist/safe-bash/commands/which/index.d.ts.map
publish	Publish Safe Bash with provenance	2026-09-12T18:11:24.6334298Z npm notice 817B dist/safe-bash/commands/which/index.js
publish	Publish Safe Bash with provenance	2026-09-12T18:11:24.6334441Z npm notice 849B dist/safe-bash/commands/which/index.js.map
publish	Publish Safe Bash with provenance	2026-09-12T18:11:24.6334581Z npm notice 522B dist/safe-bash/commands/which/options.d.ts
publish	Publish Safe Bash with provenance	2026-09-12T18:11:24.6334727Z npm notice 590B dist/safe-bash/commands/which/options.d.ts.map
publish	Publish Safe Bash with provenance	2026-09-12T18:11:24.6334863Z npm notice 864B dist/safe-bash/commands/which/options.js
publish	Publish Safe Bash with provenance	2026-09-12T18:11:24.6335054Z npm notice 1.0kB dist/safe-bash/commands/which/options.js.map
publish	Publish Safe Bash with provenance	2026-09-12T18:11:24.6335190Z npm notice 255B dist/safe-bash/commands/which/which.d.ts
publish	Publish Safe Bash with provenance	2026-09-12T18:11:24.6335330Z npm notice 285B dist/safe-bash/commands/which/which.d.ts.map
publish	Publish Safe Bash with provenance	2026-09-12T18:11:24.6335466Z npm notice 10.9kB dist/safe-bash/commands/which/which.js
publish	Publish Safe Bash with provenance	2026-09-12T18:11:24.6335608Z npm notice 11.3kB dist/safe-bash/commands/which/which.js.map
publish	Publish Safe Bash with provenance	2026-09-12T18:11:24.6335743Z npm notice 587B dist/safe-bash/commands/xargs-bytes.d.ts
publish	Publish Safe Bash with provenance	2026-09-12T18:11:24.6335893Z npm notice 605B dist/safe-bash/commands/xargs-bytes.d.ts.map
publish	Publish Safe Bash with provenance	2026-09-12T18:11:24.6336034Z npm notice 5.2kB dist/safe-bash/commands/xargs-bytes.js
publish	Publish Safe Bash with provenance	2026-09-12T18:11:24.6336182Z npm notice 5.7kB dist/safe-bash/commands/xargs-bytes.js.map
publish	Publish Safe Bash with provenance	2026-09-12T18:11:24.6336314Z npm notice 976B dist/safe-bash/commands/xml/evaluate.d.ts
publish	Publish Safe Bash with provenance	2026-09-12T18:11:24.6336463Z npm notice 1.1kB dist/safe-bash/commands/xml/evaluate.d.ts.map
publish	Publish Safe Bash with provenance	2026-09-12T18:11:24.6336600Z npm notice 7.7kB dist/safe-bash/commands/xml/evaluate.js
publish	Publish Safe Bash with provenance	2026-09-12T18:11:24.6336738Z npm notice 8.3kB dist/safe-bash/commands/xml/evaluate.js.map
publish	Publish Safe Bash with provenance	2026-09-12T18:11:24.6336887Z npm notice 429B dist/safe-bash/commands/xml/index.browser.js
publish	Publish Safe Bash with provenance	2026-09-12T18:11:24.6337048Z npm notice 93B dist/safe-bash/commands/xml/index.browser.js.map
publish	Publish Safe Bash with provenance	2026-09-12T18:11:24.6337184Z npm notice 496B dist/safe-bash/commands/xml/index.d.ts
publish	Publish Safe Bash with provenance	2026-09-12T18:11:24.6337321Z npm notice 463B dist/safe-bash/commands/xml/index.d.ts.map
publish	Publish Safe Bash with provenance	2026-09-12T18:11:24.6337455Z npm notice 8.7kB dist/safe-bash/commands/xml/index.js
publish	Publish Safe Bash with provenance	2026-09-12T18:11:24.6337600Z npm notice 9.1kB dist/safe-bash/commands/xml/index.js.map
publish	Publish Safe Bash with provenance	2026-09-12T18:11:24.6337733Z npm notice 1.3kB dist/safe-bash/commands/xml/limits.d.ts
publish	Publish Safe Bash with provenance	2026-09-12T18:11:24.6337883Z npm notice 1.2kB dist/safe-bash/commands/xml/limits.d.ts.map
publish	Publish Safe Bash with provenance	2026-09-12T18:11:24.6338018Z npm notice 1.9kB dist/safe-bash/commands/xml/limits.js
publish	Publish Safe Bash with provenance	2026-09-12T18:11:24.6338164Z npm notice 2.0kB dist/safe-bash/commands/xml/limits.js.map
publish	Publish Safe Bash with provenance	2026-09-12T18:11:24.6338293Z npm notice 625B dist/safe-bash/commands/xml/query.d.ts
publish	Publish Safe Bash with provenance	2026-09-12T18:11:24.6338437Z npm notice 762B dist/safe-bash/commands/xml/query.d.ts.map
publish	Publish Safe Bash with provenance	2026-09-12T18:11:24.6338570Z npm notice 4.0kB dist/safe-bash/commands/xml/query.js
publish	Publish Safe Bash with provenance	2026-09-12T18:11:24.6338707Z npm notice 4.6kB dist/safe-bash/commands/xml/query.js.map
publish	Publish Safe Bash with provenance	2026-09-12T18:11:24.6338855Z npm notice 2.2kB dist/safe-bash/commands/yq/accounting.d.ts
publish	Publish Safe Bash with provenance	2026-09-12T18:11:24.6339011Z npm notice 1.5kB dist/safe-bash/commands/yq/accounting.d.ts.map
publish	Publish Safe Bash with provenance	2026-09-12T18:11:24.6339228Z npm notice 9.7kB dist/safe-bash/commands/yq/accounting.js
publish	Publish Safe Bash with provenance	2026-09-12T18:11:24.6339439Z npm notice 9.9kB dist/safe-bash/commands/yq/accounting.js.map
publish	Publish Safe Bash with provenance	2026-09-12T18:11:24.6339580Z npm notice 480B dist/safe-bash/commands/yq/encoder.d.ts
publish	Publish Safe Bash with provenance	2026-09-12T18:11:24.6339729Z npm notice 568B dist/safe-bash/commands/yq/encoder.d.ts.map
publish	Publish Safe Bash with provenance	2026-09-12T18:11:24.6339857Z npm notice 8.8kB dist/safe-bash/commands/yq/encoder.js
publish	Publish Safe Bash with provenance	2026-09-12T18:11:24.6340005Z npm notice 10.0kB dist/safe-bash/commands/yq/encoder.js.map
publish	Publish Safe Bash with provenance	2026-09-12T18:11:24.6340143Z npm notice 2.2kB dist/safe-bash/commands/yq/errors.d.ts
publish	Publish Safe Bash with provenance	2026-09-12T18:11:24.6340280Z npm notice 1.5kB dist/safe-bash/commands/yq/errors.d.ts.map
publish	Publish Safe Bash with provenance	2026-09-12T18:11:24.6340414Z npm notice 1.2kB dist/safe-bash/commands/yq/errors.js
publish	Publish Safe Bash with provenance	2026-09-12T18:11:24.6340556Z npm notice 1.2kB dist/safe-bash/commands/yq/errors.js.map
publish	Publish Safe Bash with provenance	2026-09-12T18:11:24.6340706Z npm notice 454B dist/safe-bash/commands/yq/index.browser.js
publish	Publish Safe Bash with provenance	2026-09-12T18:11:24.6340856Z npm notice 93B dist/safe-bash/commands/yq/index.browser.js.map
publish	Publish Safe Bash with provenance	2026-09-12T18:11:24.6340992Z npm notice 517B dist/safe-bash/commands/yq/index.d.ts
publish	Publish Safe Bash with provenance	2026-09-12T18:11:24.6341138Z npm notice 495B dist/safe-bash/commands/yq/index.d.ts.map
publish	Publish Safe Bash with provenance	2026-09-12T18:11:24.6341262Z npm notice 30.8kB dist/safe-bash/commands/yq/index.js
publish	Publish Safe Bash with provenance	2026-09-12T18:11:24.6341404Z npm notice 28.8kB dist/safe-bash/commands/yq/index.js.map
publish	Publish Safe Bash with provenance	2026-09-12T18:11:24.6341535Z npm notice 362B dist/safe-bash/commands/yq/parser.d.ts
publish	Publish Safe Bash with provenance	2026-09-12T18:11:24.6341681Z npm notice 419B dist/safe-bash/commands/yq/parser.d.ts.map
publish	Publish Safe Bash with provenance	2026-09-12T18:11:24.6341852Z npm notice 51.7kB dist/safe-bash/commands/yq/parser.js
publish	Publish Safe Bash with provenance	2026-09-12T18:11:24.6342003Z npm notice 56.9kB dist/safe-bash/commands/yq/parser.js.map
publish	Publish Safe Bash with provenance	2026-09-12T18:11:24.6342137Z npm notice 322B dist/safe-bash/commands/yq/toml.d.ts
publish	Publish Safe Bash with provenance	2026-09-12T18:11:24.6342269Z npm notice 390B dist/safe-bash/commands/yq/toml.d.ts.map
publish	Publish Safe Bash with provenance	2026-09-12T18:11:24.6342403Z npm notice 26.4kB dist/safe-bash/commands/yq/toml.js
publish	Publish Safe Bash with provenance	2026-09-12T18:11:24.6342547Z npm notice 28.8kB dist/safe-bash/commands/yq/toml.js.map
publish	Publish Safe Bash with provenance	2026-09-12T18:11:24.6342720Z npm notice 1.2kB dist/safe-bash/contracts/command-requirements.d.ts
publish	Publish Safe Bash with provenance	2026-09-12T18:11:24.6342898Z npm notice 1.2kB dist/safe-bash/contracts/command-requirements.d.ts.map
publish	Publish Safe Bash with provenance	2026-09-12T18:11:24.6343065Z npm notice 2.5kB dist/safe-bash/contracts/command-requirements.js
publish	Publish Safe Bash with provenance	2026-09-12T18:11:24.6343241Z npm notice 2.9kB dist/safe-bash/contracts/command-requirements.js.map
publish	Publish Safe Bash with provenance	2026-09-12T18:11:24.6343368Z npm notice 3.8kB dist/safe-bash/contracts/command.d.ts
publish	Publish Safe Bash with provenance	2026-09-12T18:11:24.6343517Z npm notice 3.8kB dist/safe-bash/contracts/command.d.ts.map
publish	Publish Safe Bash with provenance	2026-09-12T18:11:24.6343648Z npm notice 8.9kB dist/safe-bash/contracts/command.js
publish	Publish Safe Bash with provenance	2026-09-12T18:11:24.6343792Z npm notice 8.3kB dist/safe-bash/contracts/command.js.map
publish	Publish Safe Bash with provenance	2026-09-12T18:11:24.6343914Z npm notice 202B dist/safe-bash/contracts/errors.d.ts
publish	Publish Safe Bash with provenance	2026-09-12T18:11:24.6344057Z npm notice 243B dist/safe-bash/contracts/errors.d.ts.map
publish	Publish Safe Bash with provenance	2026-09-12T18:11:24.6344181Z npm notice 123B dist/safe-bash/contracts/errors.js
publish	Publish Safe Bash with provenance	2026-09-12T18:11:24.6344306Z npm notice 188B dist/safe-bash/contracts/errors.js.map
publish	Publish Safe Bash with provenance	2026-09-12T18:11:24.6344468Z npm notice 878B dist/safe-bash/contracts/filesystem-output.d.ts
publish	Publish Safe Bash with provenance	2026-09-12T18:11:24.6344636Z npm notice 998B dist/safe-bash/contracts/filesystem-output.d.ts.map
publish	Publish Safe Bash with provenance	2026-09-12T18:11:24.6344799Z npm notice 7.7kB dist/safe-bash/contracts/filesystem-output.js
publish	Publish Safe Bash with provenance	2026-09-12T18:11:24.6344964Z npm notice 7.5kB dist/safe-bash/contracts/filesystem-output.js.map
publish	Publish Safe Bash with provenance	2026-09-12T18:11:24.6345105Z npm notice 751B dist/safe-bash/contracts/filesystem.d.ts
publish	Publish Safe Bash with provenance	2026-09-12T18:11:24.6345260Z npm notice 559B dist/safe-bash/contracts/filesystem.d.ts.map
publish	Publish Safe Bash with provenance	2026-09-12T18:11:24.6345385Z npm notice 97B dist/safe-bash/contracts/filesystem.js
publish	Publish Safe Bash with provenance	2026-09-12T18:11:24.6345529Z npm notice 166B dist/safe-bash/contracts/filesystem.js.map
publish	Publish Safe Bash with provenance	2026-09-12T18:11:24.6345660Z npm notice 280B dist/safe-bash/contracts/index.d.ts
publish	Publish Safe Bash with provenance	2026-09-12T18:11:24.6345791Z npm notice 287B dist/safe-bash/contracts/index.d.ts.map
publish	Publish Safe Bash with provenance	2026-09-12T18:11:24.6345920Z npm notice 278B dist/safe-bash/contracts/index.js
publish	Publish Safe Bash with provenance	2026-09-12T18:11:24.6346052Z npm notice 285B dist/safe-bash/contracts/index.js.map
publish	Publish Safe Bash with provenance	2026-09-12T18:11:24.6346217Z npm notice 1.3kB dist/safe-bash/contracts/io.d.ts
publish	Publish Safe Bash with provenance	2026-09-12T18:11:24.6346342Z npm notice 1.4kB dist/safe-bash/contracts/io.d.ts.map
publish	Publish Safe Bash with provenance	2026-09-12T18:11:24.6346467Z npm notice 5.3kB dist/safe-bash/contracts/io.js
publish	Publish Safe Bash with provenance	2026-09-12T18:11:24.6346594Z npm notice 5.5kB dist/safe-bash/contracts/io.js.map
publish	Publish Safe Bash with provenance	2026-09-12T18:11:24.6346723Z npm notice 114B dist/safe-bash/contracts/node-path.d.ts
publish	Publish Safe Bash with provenance	2026-09-12T18:11:24.6346866Z npm notice 195B dist/safe-bash/contracts/node-path.d.ts.map
publish	Publish Safe Bash with provenance	2026-09-12T18:11:24.6346995Z npm notice 112B dist/safe-bash/contracts/node-path.js
publish	Publish Safe Bash with provenance	2026-09-12T18:11:24.6347136Z npm notice 193B dist/safe-bash/contracts/node-path.js.map
publish	Publish Safe Bash with provenance	2026-09-12T18:11:24.6347253Z npm notice 110B dist/safe-bash/contracts/node.d.ts
publish	Publish Safe Bash with provenance	2026-09-12T18:11:24.6347382Z npm notice 185B dist/safe-bash/contracts/node.d.ts.map
publish	Publish Safe Bash with provenance	2026-09-12T18:11:24.6347500Z npm notice 108B dist/safe-bash/contracts/node.js
publish	Publish Safe Bash with provenance	2026-09-12T18:11:24.6347624Z npm notice 183B dist/safe-bash/contracts/node.js.map
publish	Publish Safe Bash with provenance	2026-09-12T18:11:24.6347757Z npm notice 719B dist/safe-bash/contracts/output.d.ts
publish	Publish Safe Bash with provenance	2026-09-12T18:11:24.6347896Z npm notice 821B dist/safe-bash/contracts/output.d.ts.map
publish	Publish Safe Bash with provenance	2026-09-12T18:11:24.6348028Z npm notice 5.3kB dist/safe-bash/contracts/output.js
publish	Publish Safe Bash with provenance	2026-09-12T18:11:24.6348157Z npm notice 5.3kB dist/safe-bash/contracts/output.js.map
publish	Publish Safe Bash with provenance	2026-09-12T18:11:24.6348280Z npm notice 232B dist/safe-bash/contracts/path.d.ts
publish	Publish Safe Bash with provenance	2026-09-12T18:11:24.6348413Z npm notice 268B dist/safe-bash/contracts/path.d.ts.map
publish	Publish Safe Bash with provenance	2026-09-12T18:11:24.6348584Z npm notice 230B dist/safe-bash/contracts/path.js
publish	Publish Safe Bash with provenance	2026-09-12T18:11:24.6348716Z npm notice 266B dist/safe-bash/contracts/path.js.map
publish	Publish Safe Bash with provenance	2026-09-12T18:11:24.6348846Z npm notice 836B dist/safe-bash/contracts/plugin.d.ts
publish	Publish Safe Bash with provenance	2026-09-12T18:11:24.6348978Z npm notice 880B dist/safe-bash/contracts/plugin.d.ts.map
publish	Publish Safe Bash with provenance	2026-09-12T18:11:24.6349210Z npm notice 1.9kB dist/safe-bash/contracts/plugin.js
publish	Publish Safe Bash with provenance	2026-09-12T18:11:24.6349360Z npm notice 1.8kB dist/safe-bash/contracts/plugin.js.map
publish	Publish Safe Bash with provenance	2026-09-12T18:11:24.6349490Z npm notice 976B dist/safe-bash/contracts/value.d.ts
publish	Publish Safe Bash with provenance	2026-09-12T18:11:24.6349622Z npm notice 913B dist/safe-bash/contracts/value.d.ts.map
publish	Publish Safe Bash with provenance	2026-09-12T18:11:24.6349752Z npm notice 7.5kB dist/safe-bash/contracts/value.js
publish	Publish Safe Bash with provenance	2026-09-12T18:11:24.6349888Z npm notice 8.0kB dist/safe-bash/contracts/value.js.map
publish	Publish Safe Bash with provenance	2026-09-12T18:11:24.6350010Z npm notice 638B dist/safe-bash/contracts/yield.d.ts
publish	Publish Safe Bash with provenance	2026-09-12T18:11:24.6350149Z npm notice 667B dist/safe-bash/contracts/yield.d.ts.map
publish	Publish Safe Bash with provenance	2026-09-12T18:11:24.6350280Z npm notice 1.4kB dist/safe-bash/contracts/yield.js
publish	Publish Safe Bash with provenance	2026-09-12T18:11:24.6350417Z npm notice 1.7kB dist/safe-bash/contracts/yield.js.map
publish	Publish Safe Bash with provenance	2026-09-12T18:11:24.6350534Z npm notice 69B dist/safe-bash/core.browser.d.ts
publish	Publish Safe Bash with provenance	2026-09-12T18:11:24.6350668Z npm notice 137B dist/safe-bash/core.browser.d.ts.map
publish	Publish Safe Bash with provenance	2026-09-12T18:11:24.6350792Z npm notice 2.1MB dist/safe-bash/core.browser.js
publish	Publish Safe Bash with provenance	2026-09-12T18:11:24.6350913Z npm notice 4.3MB dist/safe-bash/core.browser.js.map
publish	Publish Safe Bash with provenance	2026-09-12T18:11:24.6351027Z npm notice 2.7kB dist/safe-bash/core.d.ts
publish	Publish Safe Bash with provenance	2026-09-12T18:11:24.6351149Z npm notice 1.5kB dist/safe-bash/core.d.ts.map
publish	Publish Safe Bash with provenance	2026-09-12T18:11:24.6351259Z npm notice 2.6kB dist/safe-bash/core.js
publish	Publish Safe Bash with provenance	2026-09-12T18:11:24.6351368Z npm notice 1.5kB dist/safe-bash/core.js.map
publish	Publish Safe Bash with provenance	2026-09-12T18:11:24.6351482Z npm notice 278B dist/safe-bash/diagnostics.d.ts
publish	Publish Safe Bash with provenance	2026-09-12T18:11:24.6351599Z npm notice 282B dist/safe-bash/diagnostics.d.ts.map
publish	Publish Safe Bash with provenance	2026-09-12T18:11:24.6351705Z npm notice 892B dist/safe-bash/diagnostics.js
publish	Publish Safe Bash with provenance	2026-09-12T18:11:24.6351823Z npm notice 922B dist/safe-bash/diagnostics.js.map
publish	Publish Safe Bash with provenance	2026-09-12T18:11:24.6351942Z npm notice 331B dist/safe-bash/escaping.d.ts
publish	Publish Safe Bash with provenance	2026-09-12T18:11:24.6352062Z npm notice 404B dist/safe-bash/escaping.d.ts.map
publish	Publish Safe Bash with provenance	2026-09-12T18:11:24.6352182Z npm notice 1.7kB dist/safe-bash/escaping.js
publish	Publish Safe Bash with provenance	2026-09-12T18:11:24.6352308Z npm notice 2.2kB dist/safe-bash/escaping.js.map
publish	Publish Safe Bash with provenance	2026-09-12T18:11:24.6352432Z npm notice 213B dist/safe-bash/fs/memory/index.d.ts
publish	Publish Safe Bash with provenance	2026-09-12T18:11:24.6352559Z npm notice 223B dist/safe-bash/fs/memory/index.d.ts.map
publish	Publish Safe Bash with provenance	2026-09-12T18:11:24.6352679Z npm notice 152B dist/safe-bash/fs/memory/index.js
publish	Publish Safe Bash with provenance	2026-09-12T18:11:24.6352867Z npm notice 186B dist/safe-bash/fs/memory/index.js.map
publish	Publish Safe Bash with provenance	2026-09-12T18:11:24.6352985Z npm notice 194B dist/safe-bash/fs/mount/index.d.ts
publish	Publish Safe Bash with provenance	2026-09-12T18:11:24.6353121Z npm notice 217B dist/safe-bash/fs/mount/index.d.ts.map
publish	Publish Safe Bash with provenance	2026-09-12T18:11:24.6353247Z npm notice 118B dist/safe-bash/fs/mount/index.js
publish	Publish Safe Bash with provenance	2026-09-12T18:11:24.6353377Z npm notice 170B dist/safe-bash/fs/mount/index.js.map
publish	Publish Safe Bash with provenance	2026-09-12T18:11:24.6353504Z npm notice 200B dist/safe-bash/fs/overlay/index.d.ts
publish	Publish Safe Bash with provenance	2026-09-12T18:11:24.6353643Z npm notice 221B dist/safe-bash/fs/overlay/index.d.ts.map
publish	Publish Safe Bash with provenance	2026-09-12T18:11:24.6353769Z npm notice 122B dist/safe-bash/fs/overlay/index.js
publish	Publish Safe Bash with provenance	2026-09-12T18:11:24.6353897Z npm notice 174B dist/safe-bash/fs/overlay/index.js.map
publish	Publish Safe Bash with provenance	2026-09-12T18:11:24.6354033Z npm notice 126B dist/safe-bash/fs/readonly/index.d.ts
publish	Publish Safe Bash with provenance	2026-09-12T18:11:24.6354181Z npm notice 177B dist/safe-bash/fs/readonly/index.d.ts.map
publish	Publish Safe Bash with provenance	2026-09-12T18:11:24.6354301Z npm notice 124B dist/safe-bash/fs/readonly/index.js
publish	Publish Safe Bash with provenance	2026-09-12T18:11:24.6354444Z npm notice 175B dist/safe-bash/fs/readonly/index.js.map
publish	Publish Safe Bash with provenance	2026-09-12T18:11:24.6354570Z npm notice 181B dist/safe-bash/fs/real/index.d.ts
publish	Publish Safe Bash with provenance	2026-09-12T18:11:24.6354703Z npm notice 216B dist/safe-bash/fs/real/index.d.ts.map
publish	Publish Safe Bash with provenance	2026-09-12T18:11:24.6354816Z npm notice 111B dist/safe-bash/fs/real/index.js
publish	Publish Safe Bash with provenance	2026-09-12T18:11:24.6354947Z npm notice 169B dist/safe-bash/fs/real/index.js.map
publish	Publish Safe Bash with provenance	2026-09-12T18:11:24.6355080Z npm notice 234B dist/safe-bash/fs/s3/http/index.d.ts
publish	Publish Safe Bash with provenance	2026-09-12T18:11:24.6355256Z npm notice 248B dist/safe-bash/fs/s3/http/index.d.ts.map
publish	Publish Safe Bash with provenance	2026-09-12T18:11:24.6355383Z npm notice 96B dist/safe-bash/fs/s3/http/index.js
publish	Publish Safe Bash with provenance	2026-09-12T18:11:24.6355515Z npm notice 165B dist/safe-bash/fs/s3/http/index.js.map
publish	Publish Safe Bash with provenance	2026-09-12T18:11:24.6355639Z npm notice 504B dist/safe-bash/fs/s3/index.d.ts
publish	Publish Safe Bash with provenance	2026-09-12T18:11:24.6355758Z npm notice 442B dist/safe-bash/fs/s3/index.d.ts.map
publish	Publish Safe Bash with provenance	2026-09-12T18:11:24.6355872Z npm notice 169B dist/safe-bash/fs/s3/index.js
publish	Publish Safe Bash with provenance	2026-09-12T18:11:24.6355989Z npm notice 209B dist/safe-bash/fs/s3/index.js.map
publish	Publish Safe Bash with provenance	2026-09-12T18:11:24.6356106Z npm notice 290B dist/safe-bash/fs/webdav/index.d.ts
publish	Publish Safe Bash with provenance	2026-09-12T18:11:24.6356236Z npm notice 254B dist/safe-bash/fs/webdav/index.d.ts.map
publish	Publish Safe Bash with provenance	2026-09-12T18:11:24.6356354Z npm notice 96B dist/safe-bash/fs/webdav/index.js
publish	Publish Safe Bash with provenance	2026-09-12T18:11:24.6356481Z npm notice 161B dist/safe-bash/fs/webdav/index.js.map
publish	Publish Safe Bash with provenance	2026-09-12T18:11:24.6356594Z npm notice 354B dist/safe-bash/index.d.ts
publish	Publish Safe Bash with provenance	2026-09-12T18:11:24.6356713Z npm notice 312B dist/safe-bash/index.d.ts.map
publish	Publish Safe Bash with provenance	2026-09-12T18:11:24.6356819Z npm notice 352B dist/safe-bash/index.js
publish	Publish Safe Bash with provenance	2026-09-12T18:11:24.6356925Z npm notice 310B dist/safe-bash/index.js.map
publish	Publish Safe Bash with provenance	2026-09-12T18:11:24.6357093Z npm notice 510B dist/safe-bash/integrations/safejs/filesystem.d.ts
publish	Publish Safe Bash with provenance	2026-09-12T18:11:24.6357270Z npm notice 496B dist/safe-bash/integrations/safejs/filesystem.d.ts.map
publish	Publish Safe Bash with provenance	2026-09-12T18:11:24.6357421Z npm notice 223B dist/safe-bash/integrations/safejs/filesystem.js
publish	Publish Safe Bash with provenance	2026-09-12T18:11:24.6357593Z npm notice 325B dist/safe-bash/integrations/safejs/filesystem.js.map
publish	Publish Safe Bash with provenance	2026-09-12T18:11:24.6357746Z npm notice 464B dist/safe-bash/integrations/safejs/index.d.ts
publish	Publish Safe Bash with provenance	2026-09-12T18:11:24.6357908Z npm notice 426B dist/safe-bash/integrations/safejs/index.d.ts.map
publish	Publish Safe Bash with provenance	2026-09-12T18:11:24.6358047Z npm notice 159B dist/safe-bash/integrations/safejs/index.js
publish	Publish Safe Bash with provenance	2026-09-12T18:11:24.6358199Z npm notice 226B dist/safe-bash/integrations/safejs/index.js.map
publish	Publish Safe Bash with provenance	2026-09-12T18:11:24.6358347Z npm notice 1.3kB dist/safe-bash/integrations/safejs/shell.d.ts
publish	Publish Safe Bash with provenance	2026-09-12T18:11:24.6358502Z npm notice 1.3kB dist/safe-bash/integrations/safejs/shell.d.ts.map
publish	Publish Safe Bash with provenance	2026-09-12T18:11:24.6358651Z npm notice 2.6kB dist/safe-bash/integrations/safejs/shell.js
publish	Publish Safe Bash with provenance	2026-09-12T18:11:24.6358811Z npm notice 2.9kB dist/safe-bash/integrations/safejs/shell.js.map
publish	Publish Safe Bash with provenance	2026-09-12T18:11:24.6358966Z npm notice 627B dist/safe-bash/integrations/safejs/values.d.ts
publish	Publish Safe Bash with provenance	2026-09-12T18:11:24.6359190Z npm notice 707B dist/safe-bash/integrations/safejs/values.d.ts.map
publish	Publish Safe Bash with provenance	2026-09-12T18:11:24.6359354Z npm notice 2.4kB dist/safe-bash/integrations/safejs/values.js
publish	Publish Safe Bash with provenance	2026-09-12T18:11:24.6359609Z npm notice 2.6kB dist/safe-bash/integrations/safejs/values.js.map
publish	Publish Safe Bash with provenance	2026-09-12T18:11:24.6359735Z npm notice 57B dist/safe-bash/node-unavailable.d.ts
publish	Publish Safe Bash with provenance	2026-09-12T18:11:24.6359882Z npm notice 145B dist/safe-bash/node-unavailable.d.ts.map
publish	Publish Safe Bash with provenance	2026-09-12T18:11:24.6360011Z npm notice 55B dist/safe-bash/node-unavailable.js
publish	Publish Safe Bash with provenance	2026-09-12T18:11:24.6360153Z npm notice 143B dist/safe-bash/node-unavailable.js.map
publish	Publish Safe Bash with provenance	2026-09-12T18:11:24.6360257Z npm notice 142B dist/safe-bash/node.d.ts
publish	Publish Safe Bash with provenance	2026-09-12T18:11:24.6360378Z npm notice 166B dist/safe-bash/node.d.ts.map
publish	Publish Safe Bash with provenance	2026-09-12T18:11:24.6360490Z npm notice 140B dist/safe-bash/node.js
publish	Publish Safe Bash with provenance	2026-09-12T18:11:24.6360595Z npm notice 164B dist/safe-bash/node.js.map
publish	Publish Safe Bash with provenance	2026-09-12T18:11:24.6360740Z npm notice 5.5kB dist/safe-bash/plugins/composition.d.ts
publish	Publish Safe Bash with provenance	2026-09-12T18:11:24.6360897Z npm notice 4.8kB dist/safe-bash/plugins/composition.d.ts.map
publish	Publish Safe Bash with provenance	2026-09-12T18:11:24.6361034Z npm notice 6.7kB dist/safe-bash/plugins/composition.js
publish	Publish Safe Bash with provenance	2026-09-12T18:11:24.6361177Z npm notice 6.4kB dist/safe-bash/plugins/composition.js.map
publish	Publish Safe Bash with provenance	2026-09-12T18:11:24.6361306Z npm notice 486B dist/safe-bash/plugins/index.d.ts
publish	Publish Safe Bash with provenance	2026-09-12T18:11:24.6361444Z npm notice 438B dist/safe-bash/plugins/index.d.ts.map
publish	Publish Safe Bash with provenance	2026-09-12T18:11:24.6361561Z npm notice 2.3kB dist/safe-bash/plugins/index.js
publish	Publish Safe Bash with provenance	2026-09-12T18:11:24.6361684Z npm notice 2.3kB dist/safe-bash/plugins/index.js.map
publish	Publish Safe Bash with provenance	2026-09-12T18:11:24.6361838Z npm notice 791B dist/safe-bash/shell/arithmetic-parameters.d.ts
publish	Publish Safe Bash with provenance	2026-09-12T18:11:24.6362048Z npm notice 824B dist/safe-bash/shell/arithmetic-parameters.d.ts.map
publish	Publish Safe Bash with provenance	2026-09-12T18:11:24.6362209Z npm notice 5.6kB dist/safe-bash/shell/arithmetic-parameters.js
publish	Publish Safe Bash with provenance	2026-09-12T18:11:24.6362381Z npm notice 6.0kB dist/safe-bash/shell/arithmetic-parameters.js.map
publish	Publish Safe Bash with provenance	2026-09-12T18:11:24.6362520Z npm notice 1.1kB dist/safe-bash/shell/arithmetic.d.ts
publish	Publish Safe Bash with provenance	2026-09-12T18:11:24.6362660Z npm notice 1.2kB dist/safe-bash/shell/arithmetic.d.ts.map
publish	Publish Safe Bash with provenance	2026-09-12T18:11:24.6362796Z npm notice 12.9kB dist/safe-bash/shell/arithmetic.js
publish	Publish Safe Bash with provenance	2026-09-12T18:11:24.6362936Z npm notice 13.8kB dist/safe-bash/shell/arithmetic.js.map
publish	Publish Safe Bash with provenance	2026-09-12T18:11:24.6363075Z npm notice 3.7kB dist/safe-bash/shell/arrays/bindings.d.ts
publish	Publish Safe Bash with provenance	2026-09-12T18:11:24.6363266Z npm notice 3.5kB dist/safe-bash/shell/arrays/bindings.d.ts.map
publish	Publish Safe Bash with provenance	2026-09-12T18:11:24.6363409Z npm notice 15.1kB dist/safe-bash/shell/arrays/bindings.js
publish	Publish Safe Bash with provenance	2026-09-12T18:11:24.6363560Z npm notice 17.2kB dist/safe-bash/shell/arrays/bindings.js.map
publish	Publish Safe Bash with provenance	2026-09-12T18:11:24.6363693Z npm notice 2.5kB dist/safe-bash/shell/arrays/ledger.d.ts
publish	Publish Safe Bash with provenance	2026-09-12T18:11:24.6363847Z npm notice 2.5kB dist/safe-bash/shell/arrays/ledger.d.ts.map
publish	Publish Safe Bash with provenance	2026-09-12T18:11:24.6363982Z npm notice 9.4kB dist/safe-bash/shell/arrays/ledger.js
publish	Publish Safe Bash with provenance	2026-09-12T18:11:24.6364124Z npm notice 10.0kB dist/safe-bash/shell/arrays/ledger.js.map
publish	Publish Safe Bash with provenance	2026-09-12T18:11:24.6364262Z npm notice 3.5kB dist/safe-bash/shell/arrays/state.d.ts
publish	Publish Safe Bash with provenance	2026-09-12T18:11:24.6364409Z npm notice 3.4kB dist/safe-bash/shell/arrays/state.d.ts.map
publish	Publish Safe Bash with provenance	2026-09-12T18:11:24.6364545Z npm notice 19.3kB dist/safe-bash/shell/arrays/state.js
publish	Publish Safe Bash with provenance	2026-09-12T18:11:24.6364682Z npm notice 20.6kB dist/safe-bash/shell/arrays/state.js.map
publish	Publish Safe Bash with provenance	2026-09-12T18:11:24.6364822Z npm notice 2.4kB dist/safe-bash/shell/arrays/syntax.d.ts
publish	Publish Safe Bash with provenance	2026-09-12T18:11:24.6364970Z npm notice 2.5kB dist/safe-bash/shell/arrays/syntax.d.ts.map
publish	Publish Safe Bash with provenance	2026-09-12T18:11:24.6365093Z npm notice 5.8kB dist/safe-bash/shell/arrays/syntax.js
publish	Publish Safe Bash with provenance	2026-09-12T18:11:24.6365232Z npm notice 7.1kB dist/safe-bash/shell/arrays/syntax.js.map
publish	Publish Safe Bash with provenance	2026-09-12T18:11:24.6365381Z npm notice 300B dist/safe-bash/shell/brace-expansion.d.ts
publish	Publish Safe Bash with provenance	2026-09-12T18:11:24.6365536Z npm notice 367B dist/safe-bash/shell/brace-expansion.d.ts.map
publish	Publish Safe Bash with provenance	2026-09-12T18:11:24.6365670Z npm notice 15.4kB dist/safe-bash/shell/brace-expansion.js
publish	Publish Safe Bash with provenance	2026-09-12T18:11:24.6365823Z npm notice 15.8kB dist/safe-bash/shell/brace-expansion.js.map
publish	Publish Safe Bash with provenance	2026-09-12T18:11:24.6365959Z npm notice 5.2kB dist/safe-bash/shell/cancellation.d.ts
publish	Publish Safe Bash with provenance	2026-09-12T18:11:24.6366098Z npm notice 4.6kB dist/safe-bash/shell/cancellation.d.ts.map
publish	Publish Safe Bash with provenance	2026-09-12T18:11:24.6366235Z npm notice 27.7kB dist/safe-bash/shell/cancellation.js
publish	Publish Safe Bash with provenance	2026-09-12T18:11:24.6366422Z npm notice 28.0kB dist/safe-bash/shell/cancellation.js.map
publish	Publish Safe Bash with provenance	2026-09-12T18:11:24.6366549Z npm notice 918B dist/safe-bash/shell/cleanup.d.ts
publish	Publish Safe Bash with provenance	2026-09-12T18:11:24.6366678Z npm notice 870B dist/safe-bash/shell/cleanup.d.ts.map
publish	Publish Safe Bash with provenance	2026-09-12T18:11:24.6366801Z npm notice 3.4kB dist/safe-bash/shell/cleanup.js
publish	Publish Safe Bash with provenance	2026-09-12T18:11:24.6366937Z npm notice 3.6kB dist/safe-bash/shell/cleanup.js.map
publish	Publish Safe Bash with provenance	2026-09-12T18:11:24.6367072Z npm notice 1.3kB dist/safe-bash/shell/conditional.d.ts
publish	Publish Safe Bash with provenance	2026-09-12T18:11:24.6367223Z npm notice 1.5kB dist/safe-bash/shell/conditional.d.ts.map
publish	Publish Safe Bash with provenance	2026-09-12T18:11:24.6367358Z npm notice 9.2kB dist/safe-bash/shell/conditional.js
publish	Publish Safe Bash with provenance	2026-09-12T18:11:24.6367497Z npm notice 10.7kB dist/safe-bash/shell/conditional.js.map
publish	Publish Safe Bash with provenance	2026-09-12T18:11:24.6367625Z npm notice 159B dist/safe-bash/shell/display.d.ts
publish	Publish Safe Bash with provenance	2026-09-12T18:11:24.6367763Z npm notice 237B dist/safe-bash/shell/display.d.ts.map
publish	Publish Safe Bash with provenance	2026-09-12T18:11:24.6367891Z npm notice 3.4kB dist/safe-bash/shell/display.js
publish	Publish Safe Bash with provenance	2026-09-12T18:11:24.6368020Z npm notice 4.0kB dist/safe-bash/shell/display.js.map
publish	Publish Safe Bash with provenance	2026-09-12T18:11:24.6368156Z npm notice 144B dist/safe-bash/shell/env-warning.d.ts
publish	Publish Safe Bash with provenance	2026-09-12T18:11:24.6368303Z npm notice 229B dist/safe-bash/shell/env-warning.d.ts.map
publish	Publish Safe Bash with provenance	2026-09-12T18:11:24.6368428Z npm notice 669B dist/safe-bash/shell/env-warning.js
publish	Publish Safe Bash with provenance	2026-09-12T18:11:24.6368573Z npm notice 469B dist/safe-bash/shell/env-warning.js.map
publish	Publish Safe Bash with provenance	2026-09-12T18:11:24.6368701Z npm notice 2.2kB dist/safe-bash/shell/getopts.d.ts
publish	Publish Safe Bash with provenance	2026-09-12T18:11:24.6368874Z npm notice 2.1kB dist/safe-bash/shell/getopts.d.ts.map
publish	Publish Safe Bash with provenance	2026-09-12T18:11:24.6368992Z npm notice 11.0kB dist/safe-bash/shell/getopts.js
publish	Publish Safe Bash with provenance	2026-09-12T18:11:24.6369191Z npm notice 12.1kB dist/safe-bash/shell/getopts.js.map
publish	Publish Safe Bash with provenance	2026-09-12T18:11:24.6369326Z npm notice 390B dist/safe-bash/shell/index.d.ts
publish	Publish Safe Bash with provenance	2026-09-12T18:11:24.6369450Z npm notice 400B dist/safe-bash/shell/index.d.ts.map
publish	Publish Safe Bash with provenance	2026-09-12T18:11:24.6369571Z npm notice 236B dist/safe-bash/shell/index.js
publish	Publish Safe Bash with provenance	2026-09-12T18:11:24.6369700Z npm notice 289B dist/safe-bash/shell/index.js.map
publish	Publish Safe Bash with provenance	2026-09-12T18:11:24.6369831Z npm notice 2.0kB dist/safe-bash/shell/input.d.ts
publish	Publish Safe Bash with provenance	2026-09-12T18:11:24.6369957Z npm notice 2.0kB dist/safe-bash/shell/input.d.ts.map
publish	Publish Safe Bash with provenance	2026-09-12T18:11:24.6370083Z npm notice 29.1kB dist/safe-bash/shell/input.js
publish	Publish Safe Bash with provenance	2026-09-12T18:11:24.6370214Z npm notice 28.6kB dist/safe-bash/shell/input.js.map
publish	Publish Safe Bash with provenance	2026-09-12T18:11:24.6370330Z npm notice 126B dist/safe-bash/shell/locale.d.ts
publish	Publish Safe Bash with provenance	2026-09-12T18:11:24.6370465Z npm notice 207B dist/safe-bash/shell/locale.d.ts.map
publish	Publish Safe Bash with provenance	2026-09-12T18:11:24.6370640Z npm notice 202B dist/safe-bash/shell/locale.js
publish	Publish Safe Bash with provenance	2026-09-12T18:11:24.6370767Z npm notice 286B dist/safe-bash/shell/locale.js.map
publish	Publish Safe Bash with provenance	2026-09-12T18:11:24.6370903Z npm notice 1.1kB dist/safe-bash/shell/mapfile.d.ts
publish	Publish Safe Bash with provenance	2026-09-12T18:11:24.6371044Z npm notice 1.2kB dist/safe-bash/shell/mapfile.d.ts.map
publish	Publish Safe Bash with provenance	2026-09-12T18:11:24.6371170Z npm notice 5.3kB dist/safe-bash/shell/mapfile.js
publish	Publish Safe Bash with provenance	2026-09-12T18:11:24.6371298Z npm notice 5.4kB dist/safe-bash/shell/mapfile.js.map
publish	Publish Safe Bash with provenance	2026-09-12T18:11:24.6371462Z npm notice 583B dist/safe-bash/shell/parameter-transforms.d.ts
publish	Publish Safe Bash with provenance	2026-09-12T18:11:24.6371640Z npm notice 559B dist/safe-bash/shell/parameter-transforms.d.ts.map
publish	Publish Safe Bash with provenance	2026-09-12T18:11:24.6371792Z npm notice 7.6kB dist/safe-bash/shell/parameter-transforms.js
publish	Publish Safe Bash with provenance	2026-09-12T18:11:24.6371963Z npm notice 8.7kB dist/safe-bash/shell/parameter-transforms.js.map
publish	Publish Safe Bash with provenance	2026-09-12T18:11:24.6372112Z npm notice 413B dist/safe-bash/shell/parameter-trim.d.ts
publish	Publish Safe Bash with provenance	2026-09-12T18:11:24.6372270Z npm notice 478B dist/safe-bash/shell/parameter-trim.d.ts.map
publish	Publish Safe Bash with provenance	2026-09-12T18:11:24.6372410Z npm notice 5.9kB dist/safe-bash/shell/parameter-trim.js
publish	Publish Safe Bash with provenance	2026-09-12T18:11:24.6372569Z npm notice 6.9kB dist/safe-bash/shell/parameter-trim.js.map
publish	Publish Safe Bash with provenance	2026-09-12T18:11:24.6372710Z npm notice 412B dist/safe-bash/shell/parse-budget.d.ts
publish	Publish Safe Bash with provenance	2026-09-12T18:11:24.6372856Z npm notice 435B dist/safe-bash/shell/parse-budget.d.ts.map
publish	Publish Safe Bash with provenance	2026-09-12T18:11:24.6372997Z npm notice 1.0kB dist/safe-bash/shell/parse-budget.js
publish	Publish Safe Bash with provenance	2026-09-12T18:11:24.6373146Z npm notice 1.0kB dist/safe-bash/shell/parse-budget.js.map
publish	Publish Safe Bash with provenance	2026-09-12T18:11:24.6373327Z npm notice 5.1kB dist/safe-bash/shell/parser.d.ts
publish	Publish Safe Bash with provenance	2026-09-12T18:11:24.6373459Z npm notice 5.5kB dist/safe-bash/shell/parser.d.ts.map
publish	Publish Safe Bash with provenance	2026-09-12T18:11:24.6373582Z npm notice 70.0kB dist/safe-bash/shell/parser.js
publish	Publish Safe Bash with provenance	2026-09-12T18:11:24.6373713Z npm notice 73.3kB dist/safe-bash/shell/parser.js.map
publish	Publish Safe Bash with provenance	2026-09-12T18:11:24.6373840Z npm notice 601B dist/safe-bash/shell/path-lookup.d.ts
publish	Publish Safe Bash with provenance	2026-09-12T18:11:24.6373982Z npm notice 657B dist/safe-bash/shell/path-lookup.d.ts.map
publish	Publish Safe Bash with provenance	2026-09-12T18:11:24.6374119Z npm notice 3.1kB dist/safe-bash/shell/path-lookup.js
publish	Publish Safe Bash with provenance	2026-09-12T18:11:24.6374258Z npm notice 3.6kB dist/safe-bash/shell/path-lookup.js.map
publish	Publish Safe Bash with provenance	2026-09-12T18:11:24.6374386Z npm notice 528B dist/safe-bash/shell/pattern.d.ts
publish	Publish Safe Bash with provenance	2026-09-12T18:11:24.6374523Z npm notice 632B dist/safe-bash/shell/pattern.d.ts.map
publish	Publish Safe Bash with provenance	2026-09-12T18:11:24.6374647Z npm notice 8.6kB dist/safe-bash/shell/pattern.js
publish	Publish Safe Bash with provenance	2026-09-12T18:11:24.6374773Z npm notice 9.0kB dist/safe-bash/shell/pattern.js.map
publish	Publish Safe Bash with provenance	2026-09-12T18:11:24.6374908Z npm notice 496B dist/safe-bash/shell/pipestatus.d.ts
publish	Publish Safe Bash with provenance	2026-09-12T18:11:24.6375058Z npm notice 510B dist/safe-bash/shell/pipestatus.d.ts.map
publish	Publish Safe Bash with provenance	2026-09-12T18:11:24.6375184Z npm notice 3.3kB dist/safe-bash/shell/pipestatus.js
publish	Publish Safe Bash with provenance	2026-09-12T18:11:24.6375329Z npm notice 3.6kB dist/safe-bash/shell/pipestatus.js.map
publish	Publish Safe Bash with provenance	2026-09-12T18:11:24.6375461Z npm notice 15.1kB dist/safe-bash/shell/runtime.d.ts
publish	Publish Safe Bash with provenance	2026-09-12T18:11:24.6375603Z npm notice 14.7kB dist/safe-bash/shell/runtime.d.ts.map
publish	Publish Safe Bash with provenance	2026-09-12T18:11:24.6375771Z npm notice 348.5kB dist/safe-bash/shell/runtime.js
publish	Publish Safe Bash with provenance	2026-09-12T18:11:24.6375910Z npm notice 337.0kB dist/safe-bash/shell/runtime.js.map
publish	Publish Safe Bash with provenance	2026-09-12T18:11:24.6376047Z npm notice 502B dist/safe-bash/shell/select-menu.d.ts
publish	Publish Safe Bash with provenance	2026-09-12T18:11:24.6376185Z npm notice 487B dist/safe-bash/shell/select-menu.d.ts.map
publish	Publish Safe Bash with provenance	2026-09-12T18:11:24.6376320Z npm notice 4.6kB dist/safe-bash/shell/select-menu.js
publish	Publish Safe Bash with provenance	2026-09-12T18:11:24.6376465Z npm notice 4.9kB dist/safe-bash/shell/select-menu.js.map
publish	Publish Safe Bash with provenance	2026-09-12T18:11:24.6376591Z npm notice 923B dist/safe-bash/shell/shell.d.ts
publish	Publish Safe Bash with provenance	2026-09-12T18:11:24.6376712Z npm notice 879B dist/safe-bash/shell/shell.d.ts.map
publish	Publish Safe Bash with provenance	2026-09-12T18:11:24.6376831Z npm notice 16.4kB dist/safe-bash/shell/shell.js
publish	Publish Safe Bash with provenance	2026-09-12T18:11:24.6376962Z npm notice 15.9kB dist/safe-bash/shell/shell.js.map
publish	Publish Safe Bash with provenance	2026-09-12T18:11:24.6377108Z npm notice 337B dist/safe-bash/shell/source-line-index.d.ts
publish	Publish Safe Bash with provenance	2026-09-12T18:11:24.6377268Z npm notice 389B dist/safe-bash/shell/source-line-index.d.ts.map
publish	Publish Safe Bash with provenance	2026-09-12T18:11:24.6377413Z npm notice 1.4kB dist/safe-bash/shell/source-line-index.js
publish	Publish Safe Bash with provenance	2026-09-12T18:11:24.6377563Z npm notice 1.6kB dist/safe-bash/shell/source-line-index.js.map
publish	Publish Safe Bash with provenance	2026-09-12T18:11:24.6377694Z npm notice 430B dist/safe-bash/shell/source-value.d.ts
publish	Publish Safe Bash with provenance	2026-09-12T18:11:24.6377837Z npm notice 455B dist/safe-bash/shell/source-value.d.ts.map
publish	Publish Safe Bash with provenance	2026-09-12T18:11:24.6377971Z npm notice 1.6kB dist/safe-bash/shell/source-value.js
publish	Publish Safe Bash with provenance	2026-09-12T18:11:24.6378107Z npm notice 2.2kB dist/safe-bash/shell/source-value.js.map
publish	Publish Safe Bash with provenance	2026-09-12T18:11:24.6378254Z npm notice 728B dist/safe-bash/shell/string-operations.d.ts
publish	Publish Safe Bash with provenance	2026-09-12T18:11:24.6378417Z npm notice 803B dist/safe-bash/shell/string-operations.d.ts.map
publish	Publish Safe Bash with provenance	2026-09-12T18:11:24.6378555Z npm notice 1.6kB dist/safe-bash/shell/string-operations.js
publish	Publish Safe Bash with provenance	2026-09-12T18:11:24.6378710Z npm notice 2.1kB dist/safe-bash/shell/string-operations.js.map
publish	Publish Safe Bash with provenance	2026-09-12T18:11:24.6378829Z npm notice 3.3kB dist/safe-bash/shell/types.d.ts
publish	Publish Safe Bash with provenance	2026-09-12T18:11:24.6378954Z npm notice 3.2kB dist/safe-bash/shell/types.d.ts.map
publish	Publish Safe Bash with provenance	2026-09-12T18:11:24.6379122Z npm notice 738B dist/safe-bash/shell/types.js
publish	Publish Safe Bash with provenance	2026-09-12T18:11:24.6379258Z npm notice 656B dist/safe-bash/shell/types.js.map
publish	Publish Safe Bash with provenance	2026-09-12T18:11:24.6379394Z npm notice 2.2kB dist/safe-bash/shell/value-state.d.ts
publish	Publish Safe Bash with provenance	2026-09-12T18:11:24.6379536Z npm notice 2.1kB dist/safe-bash/shell/value-state.d.ts.map
publish	Publish Safe Bash with provenance	2026-09-12T18:11:24.6379668Z npm notice 9.9kB dist/safe-bash/shell/value-state.js
publish	Publish Safe Bash with provenance	2026-09-12T18:11:24.6379814Z npm notice 10.7kB dist/safe-bash/shell/value-state.js.map
publish	Publish Safe Bash with provenance	2026-09-12T18:11:24.6379952Z npm notice 168B dist/safe-bash/shell/worker-limits.d.ts
publish	Publish Safe Bash with provenance	2026-09-12T18:11:24.6380146Z npm notice 243B dist/safe-bash/shell/worker-limits.d.ts.map
publish	Publish Safe Bash with provenance	2026-09-12T18:11:24.6380279Z npm notice 583B dist/safe-bash/shell/worker-limits.js
publish	Publish Safe Bash with provenance	2026-09-12T18:11:24.6380431Z npm notice 627B dist/safe-bash/shell/worker-limits.js.map
publish	Publish Safe Bash with provenance	2026-09-12T18:11:24.6380532Z npm notice 10.3kB package.json
publish	Publish Safe Bash with provenance	2026-09-12T18:11:24.6380622Z npm notice Tarball Details
publish	Publish Safe Bash with provenance	2026-09-12T18:11:24.6380756Z npm notice name: @poe-platform/safe-bash
publish	Publish Safe Bash with provenance	2026-09-12T18:11:24.6380844Z npm notice version: 0.1.562
publish	Publish Safe Bash with provenance	2026-09-12T18:11:24.6380997Z npm notice filename: poe-platform-safe-bash-0.1.562.tgz
publish	Publish Safe Bash with provenance	2026-09-12T18:11:24.6381103Z npm notice package size: 4.5 MB
publish	Publish Safe Bash with provenance	2026-09-12T18:11:24.6381211Z npm notice unpacked size: 26.1 MB
publish	Publish Safe Bash with provenance	2026-09-12T18:11:24.6381354Z npm notice shasum: e544ffaa7173711458e2a44a7b50f20b2b921e51
publish	Publish Safe Bash with provenance	2026-09-12T18:11:24.6381518Z npm notice integrity: sha512-w/uQDOnIraDT8[...]aIOil+wZ6tHhA==
publish	Publish Safe Bash with provenance	2026-09-12T18:11:24.6381615Z npm notice total files: 1645
publish	Publish Safe Bash with provenance	2026-09-12T18:11:24.6381679Z npm notice
publish	Publish Safe Bash with provenance	2026-09-12T18:11:25.9326127Z npm notice npm tokens that bypass 2FA are being restricted for account changes and direct publishing. Learn how to prepare: https://gh.io/npm-gat-bypass2fa-deprecation
publish	Publish Safe Bash with provenance	2026-09-12T18:11:26.2515784Z npm notice Publishing to https://registry.npmjs.org/ with tag latest and public access
publish	Publish Safe Bash with provenance	2026-09-12T18:11:26.9897436Z npm notice publish Signed provenance statement with source and build information from GitHub Actions
publish	Publish Safe Bash with provenance	2026-09-12T18:11:26.9898178Z npm notice publish Provenance statement published to transparency log: https://search.sigstore.dev/?logIndex=2810343860
publish	Publish Safe Bash with provenance	2026-09-12T18:11:30.1873199Z + @poe-platform/safe-bash@0.1.562
publish	Post Run oven-sh/setup-bun@v2	﻿2026-09-12T18:11:30.2050336Z Post job cleanup.
publish	Post Run actions/setup-node@v4	﻿2026-09-12T18:11:30.3217060Z Node 20 is being deprecated. This workflow is running with Node 24 by default. If you need to temporarily use Node 20, you can set the ACTIONS_ALLOW_USE_UNSECURE_NODE_VERSION=true environment variable. For more information see: https://github.blog/changelog/2025-09-19-deprecation-of-node-20-on-github-actions-runners/
publish	Post Run actions/setup-node@v4	2026-09-12T18:11:30.3217972Z Post job cleanup.
publish	Post Run actions/setup-node@v4	2026-09-12T18:11:30.4095543Z (node:5343) [DEP0040] DeprecationWarning: The `punycode` module is deprecated. Please use a userland alternative instead.
publish	Post Run actions/setup-node@v4	2026-09-12T18:11:30.4096495Z (Use `node --trace-deprecation ...` to show where the warning was created)
publish	Post Run actions/setup-node@v4	2026-09-12T18:11:30.4097617Z Cache hit occurred on the primary key node-cache-Linux-x64-npm-0206e5b370dc6ac49a1c87d603547db991eccdbfaf49beb24fdb274bba359bdf, not saving cache.
publish	Post Run actions/checkout@v4	﻿2026-09-12T18:11:30.4186917Z Node 20 is being deprecated. This workflow is running with Node 24 by default. If you need to temporarily use Node 20, you can set the ACTIONS_ALLOW_USE_UNSECURE_NODE_VERSION=true environment variable. For more information see: https://github.blog/changelog/2025-09-19-deprecation-of-node-20-on-github-actions-runners/
publish	Post Run actions/checkout@v4	2026-09-12T18:11:30.4187768Z Post job cleanup.
publish	Post Run actions/checkout@v4	2026-09-12T18:11:30.4784783Z [command]/usr/bin/git version
publish	Post Run actions/checkout@v4	2026-09-12T18:11:30.4814298Z git version 2.55.0
publish	Post Run actions/checkout@v4	2026-09-12T18:11:30.4840115Z Temporarily overriding HOME='/home/runner/work/_temp/ecf24c96-b351-4d1c-b907-2f9dacec6bd3' before making global git config changes
publish	Post Run actions/checkout@v4	2026-09-12T18:11:30.4841026Z Adding repository directory to the temporary git global config as a safe directory
publish	Post Run actions/checkout@v4	2026-09-12T18:11:30.4844251Z [command]/usr/bin/git config --global --add safe.directory /home/runner/work/poe-code/poe-code
publish	Post Run actions/checkout@v4	2026-09-12T18:11:30.4871792Z [command]/usr/bin/git config --local --name-only --get-regexp core\.sshCommand
publish	Post Run actions/checkout@v4	2026-09-12T18:11:30.4895709Z [command]/usr/bin/git submodule foreach --recursive sh -c "git config --local --name-only --get-regexp 'core\.sshCommand' && git config --local --unset-all 'core.sshCommand' || :"
publish	Post Run actions/checkout@v4	2026-09-12T18:11:30.5098154Z [command]/usr/bin/git config --local --name-only --get-regexp http\.https\:\/\/github\.com\/\.extraheader
publish	Post Run actions/checkout@v4	2026-09-12T18:11:30.5120697Z [command]/usr/bin/git submodule foreach --recursive sh -c "git config --local --name-only --get-regexp 'http\.https\:\/\/github\.com\/\.extraheader' && git config --local --unset-all 'http.https://github.com/.extraheader' || :"
publish	Post Run actions/checkout@v4	2026-09-12T18:11:30.5313731Z [command]/usr/bin/git config --local --name-only --get-regexp ^includeIf\.gitdir:
publish	Post Run actions/checkout@v4	2026-09-12T18:11:30.5334097Z [command]/usr/bin/git submodule foreach --recursive git config --local --show-origin --name-only --get-regexp remote.origin.url
publish	Complete job	﻿2026-09-12T18:11:30.5625089Z Cleaning up orphan processes
publish	Complete job	2026-09-12T18:11:30.5832353Z ##[warning]Node.js 20 is deprecated. The following actions target Node.js 20 but are being forced to run on Node.js 24: actions/checkout@v4, actions/setup-node@v4. For more information see: https://github.blog/changelog/2025-09-19-deprecation-of-node-20-on-github-actions-runners/
