
> poe-code@0.0.0-dev test
> node scripts/build-workspaces.mjs --test-unit --concurrency=4 --exclude-workspace=virtual-bash


> @poe-code/agent-defs@0.0.1 build
> node ../../scripts/guard-package-dist.mjs && tsc


> @poe-code/agent-human-in-loop@0.0.1 build
> node ../../scripts/guard-package-dist.mjs && tsc


> @poe-code/frontmatter@0.0.1 build
> node ../../scripts/guard-package-dist.mjs && tsc


> @poe-code/process-runner@0.0.1 build
> node ../../scripts/guard-package-dist.mjs && tsc


> @poe-code/user-error@0.0.1 build
> node ../../scripts/guard-package-dist.mjs && tsc


> auth-store@0.0.1 build
> node ../../scripts/guard-package-dist.mjs && tsc


> tiny-oauth-test-server@0.1.0 build
> node ../../scripts/guard-package-dist.mjs && tsc


> toolcraft-schema@0.0.1 build
> rm -rf dist && tsc


> @poe-code/task-list@0.0.1 build
> node ../../scripts/guard-package-dist.mjs && tsc


> mcp-oauth@0.0.1 build
> tsc


> tiny-stdio-mcp-server@0.1.0 build
> node ../../scripts/guard-package-dist.mjs && tsc


> toolcraft-design@0.0.2 build
> node ../../scripts/guard-package-dist.mjs && tsc


> toolcraft-design@0.0.2 postbuild
> node scripts/smoke-built-exports.mjs


> @poe-code/config-mutations@0.0.1 build
> node ../../scripts/guard-package-dist.mjs && tsc


> mcp-oauth-server@0.1.0 build
> node ../../scripts/guard-package-dist.mjs && tsc


> tiny-mcp-client@0.1.0 build
> node scripts/build.mjs


> tiny-stdio-mcp-test-server@0.1.0 build
> node ../../scripts/guard-package-dist.mjs && tsc


> @poe-code/agent-mcp-config@0.0.1 build
> node ../../scripts/guard-package-dist.mjs && tsc


> tiny-http-mcp-server@0.1.0 build
> node ../../scripts/guard-package-dist.mjs && tsc


> poe-code@0.0.0-dev test:unit:shared
> node scripts/test-vitest-workspaces.mjs . packages/acp-telemetry packages/agent-child-process packages/agent-code-review packages/agent-gaslight packages/agent-harness packages/agent-harness-tools packages/agent-hook-config packages/agent-spawn packages/agent-stash packages/agent-trace-viewer packages/agent-traces packages/braintrust packages/experiment-loop packages/frontmatter packages/github-review packages/github-workflows packages/maestro packages/maestro-tui packages/markdown-reader packages/mcp-oauth-server packages/memory packages/opencode-poe-auth packages/package-lint packages/process-launcher packages/process-runner packages/ralph packages/safe-bash-playground packages/superintendent packages/task-list packages/toolcraft packages/toolcraft-codemode packages/toolcraft-landing-page packages/toolcraft-openapi packages/toolcraft-schema packages/workspace-resolver


> @poe-code/py-poe-spawn@0.0.1 test:unit
> python3 -m unittest discover -s tests -t .


> @poe-code/safe-js@0.0.1 pretest:unit
> node scripts/numberformat-data.mjs && npm run typecheck:fs


> @poe-platform/op@0.0.1 test:unit
> node --import tsx --test src/*.test.ts

TAP version 13
.............................
----------------------------------------------------------------------
Ran 29 tests in 0.172s

OK

> @poe-code/safe-python@0.0.0-dev test:unit
> vitest run --config vitest.config.ts


 RUN  v4.1.11 /private/tmp/poe-resource-delivery

Unit workspace poe-code: running 1719 files
Unit workspace @poe-code/acp-telemetry: running 6 files
Unit workspace @poe-code/agent-child-process: running 1 files
Unit workspace agent-code-review: running 12 files
Unit workspace @poe-code/agent-gaslight: running 4 files
Unit workspace @poe-code/agent-harness: running 13 files
Unit workspace @poe-code/agent-harness-tools: running 17 files
Unit workspace @poe-code/agent-hook-config: running 8 files
Unit workspace @poe-code/agent-spawn: running 23 files
Unit workspace agent-stash: running 13 files
Unit workspace @poe-code/agent-trace-viewer: running 8 files
Unit workspace @poe-code/agent-traces: running 9 files
Unit workspace @poe-code/braintrust: running 9 files
Unit workspace @poe-code/experiment-loop: running 3 files
Unit workspace @poe-code/frontmatter: running 1 files
Unit workspace github-review: running 6 files
Unit workspace @poe-code/github-workflows: running 10 files
Unit workspace @poe-code/maestro: running 27 files
Unit workspace @poe-code/maestro-tui: running 3 files
Unit workspace @poe-code/markdown-reader: running 7 files
Unit workspace mcp-oauth-server: running 2 files
Unit workspace @poe-code/memory: running 29 files
Unit workspace opencode-poe-auth: running 1 files
Unit workspace @poe-code/package-lint: running 13 files
Unit workspace @poe-code/process-launcher: running 11 files
Unit workspace @poe-code/process-runner: running 9 files
Unit workspace @poe-code/ralph: running 2 files
Unit workspace safe-bash-playground: running 8 files
Unit workspace @poe-code/superintendent: running 34 files
Unit workspace @poe-code/task-list: running 19 files
Unit workspace toolcraft: running 108 files
Unit workspace toolcraft-codemode: running 12 files
Unit workspace toolcraft-landing-page: running 3 files
Unit workspace toolcraft-openapi: running 36 files
Unit workspace toolcraft-schema: running 14 files
Unit workspace @poe-code/workspace-resolver: running 2 files

 RUN  v4.1.11 /private/tmp/poe-resource-delivery/packages/safe-python

# Subtest: audit group lists and deletes honor account targeting and preserve other resources
ok 1 - audit group lists and deletes honor account targeting and preserve other resources
  ---
  duration_ms: 6.007875
  type: 'test'
  ...
# Subtest: public read and delete reject foreign IDs and resolve duplicate vault names locally
ok 2 - public read and delete reject foreign IDs and resolve duplicate vault names locally
  ---
  duration_ms: 6.213
  type: 'test'
  ...
# Subtest: account aliases scope direct and indirect objects and default vault creation
ok 3 - account aliases scope direct and indirect objects and default vault creation
  ---
  duration_ms: 5.610792
  type: 'test'
  ...
# Subtest: foreign vault flags, account patches, moves and relation principals cannot cross accounts
ok 4 - foreign vault flags, account patches, moves and relation principals cannot cross accounts
  ---
  duration_ms: 1.768083
  type: 'test'
  ...
# Subtest: direct admin dispatcher uses the same account boundary
ok 5 - direct admin dispatcher uses the same account boundary
  ---
  duration_ms: 0.353958
  type: 'test'
  ...
# Subtest: hooks receive only selected state and cannot publish foreign resources or values
ok 6 - hooks receive only selected state and cannot publish foreign resources or values
  ---
  duration_ms: 1.436709
  type: 'test'
  ...
# Subtest: account-scoped admin IDs remain globally unique
ok 7 - account-scoped admin IDs remain globally unique
  ---
  duration_ms: 0.538875
  type: 'test'
  ...
# Subtest: concurrent scoped hooks preserve other-account and untouched same-account updates
ok 8 - concurrent scoped hooks preserve other-account and untouched same-account updates
  ---
  duration_ms: 1.60725
  type: 'test'
  ...
# Subtest: unknown ownership is explicit and invalid account aliases cannot access data
ok 9 - unknown ownership is explicit and invalid account aliases cannot access data
  ---
  duration_ms: 1.177666
  type: 'test'
  ...
# Subtest: arbitrary nested account and ID data is not interpreted as domain ownership
ok 10 - arbitrary nested account and ID data is not interpreted as domain ownership
  ---
  duration_ms: 1.236417
  type: 'test'
  ...
# Subtest: repeatable vault permission flags preserve metadata and reject foreign vaults before hooks
ok 11 - repeatable vault permission flags preserve metadata and reject foreign vaults before hooks
  ---
  duration_ms: 6.932042
  type: 'test'
  ...
# Subtest: group get - treats singleton and array JSON as selectors, not mutation bodies
ok 12 - group get - treats singleton and array JSON as selectors, not mutation bodies
  ---
  duration_ms: 8.401417
  type: 'test'
  ...
# Subtest: group get - rejects every missing, foreign, or malformed selector before hooks or local publication
ok 13 - group get - rejects every missing, foreign, or malformed selector before hooks or local publication
  ---
  duration_ms: 5.045084
  type: 'test'
  ...
# Subtest: group edit - treats singleton and array JSON as selectors, not mutation bodies
ok 14 - group edit - treats singleton and array JSON as selectors, not mutation bodies
  ---
  duration_ms: 1.632458
  type: 'test'
  ...
# Subtest: group edit - rejects every missing, foreign, or malformed selector before hooks or local publication
ok 15 - group edit - rejects every missing, foreign, or malformed selector before hooks or local publication
  ---
  duration_ms: 1.777125
  type: 'test'
  ...
# Subtest: group delete - treats singleton and array JSON as selectors, not mutation bodies
ok 16 - group delete - treats singleton and array JSON as selectors, not mutation bodies
  ---
  duration_ms: 2.272792
  type: 'test'
  ...
# Subtest: group delete - rejects every missing, foreign, or malformed selector before hooks or local publication
ok 17 - group delete - rejects every missing, foreign, or malformed selector before hooks or local publication
  ---
  duration_ms: 1.578958
  type: 'test'
  ...
# Subtest: user get - treats singleton and array JSON as selectors, not mutation bodies
ok 18 - user get - treats singleton and array JSON as selectors, not mutation bodies
  ---
  duration_ms: 1.883583
  type: 'test'
  ...
# Subtest: user get - rejects every missing, foreign, or malformed selector before hooks or local publication
ok 19 - user get - rejects every missing, foreign, or malformed selector before hooks or local publication
  ---
  duration_ms: 1.518875
  type: 'test'
  ...
# Subtest: user edit - treats singleton and array JSON as selectors, not mutation bodies
ok 20 - user edit - treats singleton and array JSON as selectors, not mutation bodies
  ---
  duration_ms: 1.861333
  type: 'test'
  ...
# Subtest: user edit - rejects every missing, foreign, or malformed selector before hooks or local publication
ok 21 - user edit - rejects every missing, foreign, or malformed selector before hooks or local publication
  ---
  duration_ms: 2.544666
  type: 'test'
  ...
# Subtest: user delete - treats singleton and array JSON as selectors, not mutation bodies
ok 22 - user delete - treats singleton and array JSON as selectors, not mutation bodies
  ---
  duration_ms: 1.493666
  type: 'test'
  ...
# Subtest: user delete - rejects every missing, foreign, or malformed selector before hooks or local publication
ok 23 - user delete - rejects every missing, foreign, or malformed selector before hooks or local publication
  ---
  duration_ms: 1.502541
  type: 'test'
  ...
# Subtest: user confirm - treats singleton and array JSON as selectors, not mutation bodies
ok 24 - user confirm - treats singleton and array JSON as selectors, not mutation bodies
  ---
  duration_ms: 0.821084
  type: 'test'
  ...
# Subtest: user confirm - rejects every missing, foreign, or malformed selector before hooks or local publication
ok 25 - user confirm - rejects every missing, foreign, or malformed selector before hooks or local publication
  ---
  duration_ms: 1.594459
  type: 'test'
  ...
# Subtest: user reactivate - treats singleton and array JSON as selectors, not mutation bodies
ok 26 - user reactivate - treats singleton and array JSON as selectors, not mutation bodies
  ---
  duration_ms: 1.3525
  type: 'test'
  ...
# Subtest: user reactivate - rejects every missing, foreign, or malformed selector before hooks or local publication
ok 27 - user reactivate - rejects every missing, foreign, or malformed selector before hooks or local publication
  ---
  duration_ms: 4.331708
  type: 'test'
  ...
# Subtest: user suspend - treats singleton and array JSON as selectors, not mutation bodies
ok 28 - user suspend - treats singleton and array JSON as selectors, not mutation bodies
  ---
  duration_ms: 1.002834
  type: 'test'
  ...
# Subtest: user suspend - rejects every missing, foreign, or malformed selector before hooks or local publication
ok 29 - user suspend - rejects every missing, foreign, or malformed selector before hooks or local publication
  ---
  duration_ms: 1.703375
  type: 'test'
  ...
# Subtest: unrelated requests fall through and unsupported admin actions fail safely
ok 30 - unrelated requests fall through and unsupported admin actions fail safely
  ---
  duration_ms: 2.853125
  type: 'test'
  ...
# Subtest: generated admin IDs have native length and avoid case-insensitive cross-resource collisions
ok 31 - generated admin IDs have native length and avoid case-insensitive cross-resource collisions
  ---
  duration_ms: 3.17775
  type: 'test'
  ...
# Subtest: group lifecycle accepts CLI flags, batches stdin, clones metadata and preserves IDs
ok 32 - group lifecycle accepts CLI flags, batches stdin, clones metadata and preserves IDs
  ---
  duration_ms: 3.67175
  type: 'test'
  ...
# Subtest: membership resolves email, updates roles, filters lists and cascades deletion
ok 33 - membership resolves email, updates roles, filters lists and cascades deletion
  ---
  duration_ms: 2.375375
  type: 'test'
  ...
# Subtest: group roles accept case-insensitive values, store lowercase, and leave request flags unchanged
ok 34 - group roles accept case-insensitive values, store lowercase, and leave request flags unchanged
  ---
  duration_ms: 2.159875
  type: 'test'
  ...
# Subtest: vault grants union permissions, partially revoke, filter and remove empty access
ok 35 - vault grants union permissions, partially revoke, filter and remove empty access
  ---
  duration_ms: 2.690583
  type: 'test'
  ...
# Subtest: user lifecycle validates transitions and atomically resolves batches
ok 36 - user lifecycle validates transitions and atomically resolves batches
  ---
  duration_ms: 1.184333
  type: 'test'
  ...
# Subtest: accounts select shorthand, require real authentication, sign out and forget locally
ok 37 - accounts select shorthand, require real authentication, sign out and forget locally
  ---
  duration_ms: 1.623125
  type: 'test'
  ...
# Subtest: external effects require hooks, sanitize errors and commit only after success
ok 38 - external effects require hooks, sanitize errors and commit only after success
  ---
  duration_ms: 2.077792
  type: 'test'
  ...
# Subtest: connect relationships cover managers, all future servers, vaults and token scoping
ok 39 - connect relationships cover managers, all future servers, vaults and token scoping
  ---
  duration_ms: 1.595333
  type: 'test'
  ...
# Subtest: environment reads stored secrets and plugin clearing preserves catalog metadata
ok 40 - environment reads stored secrets and plugin clearing preserves catalog metadata
  ---
  duration_ms: 1.636917
  type: 'test'
  ...
# Subtest: Connect token lists do not require a server and retain revoked token metadata
ok 41 - Connect token lists do not require a server and retain revoked token metadata
  ---
  duration_ms: 0.620625
  type: 'test'
  ...
# Subtest: plugin clear --all clears the selected plugin only
ok 42 - plugin clear --all clears the selected plugin only
  ---
  duration_ms: 0.269916
  type: 'test'
  ...
# Subtest: vault permission filters exclude grants without every requested permission
ok 43 - vault permission filters exclude grants without every requested permission
  ---
  duration_ms: 0.587959
  type: 'test'
  ...
# Subtest: provider results persist metadata and tokens without sharing mutable references
ok 44 - provider results persist metadata and tokens without sharing mutable references
  ---
  duration_ms: 1.829375
  type: 'test'
  ...
# Subtest: invalid provider snapshots and ambiguous selectors fail without exposing secrets
ok 45 - invalid provider snapshots and ambiguous selectors fail without exposing secrets
  ---
  duration_ms: 0.423209
  type: 'test'
  ...
# Subtest: direct allow does not enter metadata discovery or either approval callback
ok 46 - direct allow does not enter metadata discovery or either approval callback
  ---
  duration_ms: 7.957709
  type: 'test'
  ...
# Subtest: direct deny does not enter metadata discovery or either approval callback
ok 47 - direct deny does not enter metadata discovery or either approval callback
  ---
  duration_ms: 0.79075
  type: 'test'
  ...
# Subtest: explicit literal ask retains legacy approval without discovery
ok 48 - explicit literal ask retains legacy approval without discovery
  ---
  duration_ms: 1.605541
  type: 'test'
  ...
# Subtest: default ask fails closed without resolution callback and never falls back to literal approval
ok 49 - default ask fails closed without resolution callback and never falls back to literal approval
  ---
  duration_ms: 1.086792
  type: 'test'
  ...
# Subtest: default ask fails closed without resolved callback and never falls back to literal approval
ok 50 - default ask fails closed without resolved callback and never falls back to literal approval
  ---
  duration_ms: 0.613042
  type: 'test'
  ...
# Subtest: default ask fails closed without backend capabilities and never falls back to literal approval
ok 51 - default ask fails closed without backend capabilities and never falls back to literal approval
  ---
  duration_ms: 0.470708
  type: 'test'
  ...
# Subtest: default ask fails closed without resolution permission and never falls back to literal approval
ok 52 - default ask fails closed without resolution permission and never falls back to literal approval
  ---
  duration_ms: 0.485458
  type: 'test'
  ...
# Subtest: resolved denial follows explicit metadata permission without executing or exposing field values
ok 53 - resolved denial follows explicit metadata permission without executing or exposing field values
  ---
  duration_ms: 2.681708
  type: 'test'
  ...
# Subtest: resolved run manifest exposes no handle or raw argv and keeps all argument positions redacted
ok 54 - resolved run manifest exposes no handle or raw argv and keeps all argument positions redacted
  ---
  duration_ms: 1.949084
  type: 'test'
  ...
# Subtest: abort during discovery permission settles and late approval cannot execute
ok 55 - abort during discovery permission settles and late approval cannot execute
  ---
  duration_ms: 1.034917
  type: 'test'
  ...
# Subtest: abort during resolved permission settles and late approval cannot execute
ok 56 - abort during resolved permission settles and late approval cannot execute
  ---
  duration_ms: 0.735083
  type: 'test'
  ...
# Subtest: preparation is metadata-only and cloned or foreign handles cannot authorize a read
ok 57 - preparation is metadata-only and cloned or foreign handles cannot authorize a read
  ---
  duration_ms: 1.79625
  type: 'test'
  ...
# Subtest: cancelled binding cannot be validated or replayed to execute a read
ok 58 - cancelled binding cannot be validated or replayed to execute a read
  ---
  duration_ms: 0.355625
  type: 'test'
  ...
# Subtest: binding cannot execute an unprepared nested request
ok 59 - binding cannot execute an unprepared nested request
  ---
  duration_ms: 0.296459
  type: 'test'
  ...
# Subtest: same-ID content update invalidates a prepared generation without undoing the other actor
ok 60 - same-ID content update invalidates a prepared generation without undoing the other actor
  ---
  duration_ms: 0.604375
  type: 'test'
  ...
# Subtest: unchanged approved item selection completes through the public API
ok 61 - unchanged approved item selection completes through the public API
  ---
  duration_ms: 7.364583
  type: 'test'
  ...
# Subtest: approval invalidates when the approved item name is reassigned while permission is pending
ok 62 - approval invalidates when the approved item name is reassigned while permission is pending
  ---
  duration_ms: 3.974833
  type: 'test'
  ...
# Subtest: read: literal deny prevents backend, file and spawn effects
ok 63 - read: literal deny prevents backend, file and spawn effects
  ---
  duration_ms: 4.879583
  type: 'test'
  ...
# Subtest: read: literal ask-denied prevents backend, file and spawn effects
ok 64 - read: literal ask-denied prevents backend, file and spawn effects
  ---
  duration_ms: 0.642458
  type: 'test'
  ...
# Subtest: read: literal ask-missing prevents backend, file and spawn effects
ok 65 - read: literal ask-missing prevents backend, file and spawn effects
  ---
  duration_ms: 0.417959
  type: 'test'
  ...
# Subtest: read: literal approval sees the actual command and precedes effects
ok 66 - read: literal approval sees the actual command and precedes effects
  ---
  duration_ms: 1.113041
  type: 'test'
  ...
# Subtest: inject: literal deny prevents backend, file and spawn effects
ok 67 - inject: literal deny prevents backend, file and spawn effects
  ---
  duration_ms: 0.62275
  type: 'test'
  ...
# Subtest: inject: literal ask-denied prevents backend, file and spawn effects
ok 68 - inject: literal ask-denied prevents backend, file and spawn effects
  ---
  duration_ms: 0.464125
  type: 'test'
  ...
# Subtest: inject: literal ask-missing prevents backend, file and spawn effects
ok 69 - inject: literal ask-missing prevents backend, file and spawn effects
  ---
  duration_ms: 1.035708
  type: 'test'
  ...
# Subtest: inject: literal approval sees the actual command and precedes effects
ok 70 - inject: literal approval sees the actual command and precedes effects
  ---
  duration_ms: 1.948209
  type: 'test'
  ...
# Subtest: run: literal deny prevents backend, file and spawn effects
ok 71 - run: literal deny prevents backend, file and spawn effects
  ---
  duration_ms: 1.3665
  type: 'test'
  ...
# Subtest: run: literal ask-denied prevents backend, file and spawn effects
ok 72 - run: literal ask-denied prevents backend, file and spawn effects
  ---
  duration_ms: 1.897209
  type: 'test'
  ...
# Subtest: run: literal ask-missing prevents backend, file and spawn effects
ok 73 - run: literal ask-missing prevents backend, file and spawn effects
  ---
  duration_ms: 0.335167
  type: 'test'
  ...
# Subtest: run: literal approval sees the actual command and precedes effects
ok 74 - run: literal approval sees the actual command and precedes effects
  ---
  duration_ms: 0.862333
  type: 'test'
  ...
# Subtest: admin: literal deny prevents backend, file and spawn effects
ok 75 - admin: literal deny prevents backend, file and spawn effects
  ---
  duration_ms: 0.25575
  type: 'test'
  ...
# Subtest: admin: literal ask-denied prevents backend, file and spawn effects
ok 76 - admin: literal ask-denied prevents backend, file and spawn effects
  ---
  duration_ms: 0.399542
  type: 'test'
  ...
# Subtest: admin: literal ask-missing prevents backend, file and spawn effects
ok 77 - admin: literal ask-missing prevents backend, file and spawn effects
  ---
  duration_ms: 0.348209
  type: 'test'
  ...
# Subtest: admin: literal approval sees the actual command and precedes effects
ok 78 - admin: literal approval sees the actual command and precedes effects
  ---
  duration_ms: 0.677209
  type: 'test'
  ...
# Subtest: read: cancellation settles while authorize is pending and late permission has no effects
ok 79 - read: cancellation settles while authorize is pending and late permission has no effects
  ---
  duration_ms: 0.511333
  type: 'test'
  ...
# Subtest: read: cancellation settles while approve is pending and late permission has no effects
ok 80 - read: cancellation settles while approve is pending and late permission has no effects
  ---
  duration_ms: 0.266792
  type: 'test'
  ...
# Subtest: inject: cancellation settles while authorize is pending and late permission has no effects
ok 81 - inject: cancellation settles while authorize is pending and late permission has no effects
  ---
  duration_ms: 0.257625
  type: 'test'
  ...
# Subtest: inject: cancellation settles while approve is pending and late permission has no effects
ok 82 - inject: cancellation settles while approve is pending and late permission has no effects
  ---
  duration_ms: 0.214542
  type: 'test'
  ...
# Subtest: run: cancellation settles while authorize is pending and late permission has no effects
ok 83 - run: cancellation settles while authorize is pending and late permission has no effects
  ---
  duration_ms: 0.342583
  type: 'test'
  ...
# Subtest: run: cancellation settles while approve is pending and late permission has no effects
ok 84 - run: cancellation settles while approve is pending and late permission has no effects
  ---
  duration_ms: 0.503833
  type: 'test'
  ...
# Subtest: admin: cancellation settles while authorize is pending and late permission has no effects
ok 85 - admin: cancellation settles while authorize is pending and late permission has no effects
  ---
  duration_ms: 0.4695
  type: 'test'
  ...
# Subtest: admin: cancellation settles while approve is pending and late permission has no effects
ok 86 - admin: cancellation settles while approve is pending and late permission has no effects
  ---
  duration_ms: 0.239125
  type: 'test'
  ...
# Subtest: literal approval freezes arguments and flags without acquiring input
ok 87 - literal approval freezes arguments and flags without acquiring input
  ---
  duration_ms: 0.393459
  type: 'test'
  ...
# Subtest: resolved approval keeps nested JSON input private and freezes its prepared mutation
ok 88 - resolved approval keeps nested JSON input private and freezes its prepared mutation
  ---
  duration_ms: 10.041833
  type: 'test'
  ...
# Subtest: run: caller environment mutation during approval cannot change the approved execution
ok 89 - run: caller environment mutation during approval cannot change the approved execution
  ---
  duration_ms: 17.458792
  type: 'test'
  ...
# Subtest: inject: caller environment mutation during approval cannot change the approved execution
ok 90 - inject: caller environment mutation during approval cannot change the approved execution
  ---
  duration_ms: 3.325167
  type: 'test'
  ...
# Subtest: denied public object-backed admin operation leaves the complete snapshot unchanged
ok 91 - denied public object-backed admin operation leaves the complete snapshot unchanged
  ---
  duration_ms: 1.845875
  type: 'test'
  ...
# Subtest: one approved execution does not silently approve the next execution
ok 92 - one approved execution does not silently approve the next execution
  ---
  duration_ms: 2.182417
  type: 'test'
  ...
# Subtest: authorize callback failures do not expose private error text
ok 93 - authorize callback failures do not expose private error text
  ---
  duration_ms: 0.281583
  type: 'test'
  ...
# Subtest: approve callback failures do not expose private error text
ok 94 - approve callback failures do not expose private error text
  ---
  duration_ms: 0.282834
  type: 'test'
  ...
# Subtest: environment snapshot create dev --vars TOKEN: denied approval blocks storage, retrieval and restoration
ok 95 - environment snapshot create dev --vars TOKEN: denied approval blocks storage, retrieval and restoration
  ---
  duration_ms: 0.458792
  type: 'test'
  ...
# Subtest: environment snapshot get dev: denied approval blocks storage, retrieval and restoration
ok 96 - environment snapshot get dev: denied approval blocks storage, retrieval and restoration
  ---
  duration_ms: 0.156542
  type: 'test'
  ...
# Subtest: environment snapshot list: denied approval blocks storage, retrieval and restoration
ok 97 - environment snapshot list: denied approval blocks storage, retrieval and restoration
  ---
  duration_ms: 0.107959
  type: 'test'
  ...
# Subtest: environment snapshot delete dev: denied approval blocks storage, retrieval and restoration
ok 98 - environment snapshot delete dev: denied approval blocks storage, retrieval and restoration
  ---
  duration_ms: 0.139417
  type: 'test'
  ...
# Subtest: environment snapshot restore dev: denied approval blocks storage, retrieval and restoration
ok 99 - environment snapshot restore dev: denied approval blocks storage, retrieval and restoration
  ---
  duration_ms: 0.113208
  type: 'test'
  ...
# Subtest: environment snapshot restore dev --shell bash: denied approval blocks storage, retrieval and restoration
ok 100 - environment snapshot restore dev --shell bash: denied approval blocks storage, retrieval and restoration
  ---
  duration_ms: 0.1465
  type: 'test'
  ...
# Subtest: environment snapshot restore dev -- worker: denied approval blocks storage, retrieval and restoration
ok 101 - environment snapshot restore dev -- worker: denied approval blocks storage, retrieval and restoration
  ---
  duration_ms: 0.144791
  type: 'test'
  ...
# Subtest: snapshot capture binds variable values at execution start while approval contains only selection metadata
ok 102 - snapshot capture binds variable values at execution start while approval contains only selection metadata
  ---
  duration_ms: 1.432833
  type: 'test'
  ...
# Subtest: selected snapshot child restoration preserves unrelated variables appropriately across approval
ok 103 - selected snapshot child restoration preserves unrelated variables appropriately across approval
  ---
  duration_ms: 0.837417
  type: 'test'
  ...
# Subtest: selected snapshot shell restoration preserves unrelated variables appropriately across approval
ok 104 - selected snapshot shell restoration preserves unrelated variables appropriately across approval
  ---
  duration_ms: 3.751417
  type: 'test'
  ...
# Subtest: approved snapshot restoration retains host capabilities without requiring context object identity
ok 105 - approved snapshot restoration retains host capabilities without requiring context object identity
  ---
  duration_ms: 4.247333
  type: 'test'
  ...
# Subtest: app preference follows successful signin across terminals, including reuse, but not reads
ok 106 - app preference follows successful signin across terminals, including reuse, but not reads
  ---
  duration_ms: 4.92575
  type: 'test'
  ...
# Subtest: stored app authorization never enables integration implicitly and invalid modes fail closed
ok 107 - stored app authorization never enables integration implicitly and invalid modes fail closed
  ---
  duration_ms: 0.642
  type: 'test'
  ...
# Subtest: global account preference does not grant authorization in another terminal or guess an initial account
ok 108 - global account preference does not grant authorization in another terminal or guess an initial account
  ---
  duration_ms: 1.460291
  type: 'test'
  ...
# Subtest: app signin without a preference requires explicit selection even for one account
ok 109 - app signin without a preference requires explicit selection even for one account
  ---
  duration_ms: 0.965833
  type: 'test'
  ...
# Subtest: manual defaults remain terminal local and require bearer possession
ok 110 - manual defaults remain terminal local and require bearer possession
  ---
  duration_ms: 0.628166
  type: 'test'
  ...
# Subtest: expiry and signout retain app preference while account forgetting removes it
ok 111 - expiry and signout retain app preference while account forgetting removes it
  ---
  duration_ms: 20.359
  type: 'test'
  ...
# Subtest: conflicting concurrent app signins fail atomically without overwriting the winner
ok 112 - conflicting concurrent app signins fail atomically without overwriting the winner
  ---
  duration_ms: 0.793041
  type: 'test'
  ...
# Subtest: signin hooks may issue authorization after admission but cannot publish an expired grant
ok 113 - signin hooks may issue authorization after admission but cannot publish an expired grant
  ---
  duration_ms: 0.491791
  type: 'test'
  ...
# Subtest: wrong explicit tokens reject generic reads and mutations without changing state
ok 114 - wrong explicit tokens reject generic reads and mutations without changing state
  ---
  duration_ms: 2.134083
  type: 'test'
  ...
# Subtest: manual activity expires exactly at thirty minutes and successful reads persist activity
ok 115 - manual activity expires exactly at thirty minutes and successful reads persist activity
  ---
  duration_ms: 3.498625
  type: 'test'
  ...
# Subtest: manual tokens transfer terminals but terminal defaults and account conflicts do not
ok 116 - manual tokens transfer terminals but terminal defaults and account conflicts do not
  ---
  duration_ms: 2.612
  type: 'test'
  ...
# Subtest: legacy and malformed session metadata require explicit migration
ok 117 - legacy and malformed session metadata require explicit migration
  ---
  duration_ms: 10.967083
  type: 'test'
  ...
# Subtest: failed operations and aborted calls never refresh sessions
ok 118 - failed operations and aborted calls never refresh sessions
  ---
  duration_ms: 0.597833
  type: 'test'
  ...
# Subtest: app authorization is terminal bound, idle limited, hard limited and revocable
ok 119 - app authorization is terminal bound, idle limited, hard limited and revocable
  ---
  duration_ms: 4.723959
  type: 'test'
  ...
# Subtest: signin hooks populate canonical managed sessions and terminal defaults, signout retains policy
ok 120 - signin hooks populate canonical managed sessions and terminal defaults, signout retains policy
  ---
  duration_ms: 3.370958
  type: 'test'
  ...
# Subtest: invalid authentication hook updates never partially publish resources
ok 121 - invalid authentication hook updates never partially publish resources
  ---
  duration_ms: 0.71275
  type: 'test'
  ...
# Subtest: direct admin admission enforces expiry and retains user identity lookup
ok 122 - direct admin admission enforces expiry and retains user identity lookup
  ---
  duration_ms: 0.974
  type: 'test'
  ...
# Subtest: successful concurrent refresh merges and signout cannot resurrect sessions
ok 123 - successful concurrent refresh merges and signout cannot resurrect sessions
  ---
  duration_ms: 0.787667
  type: 'test'
  ...
# Subtest: multi-account terminal defaults choose account before scope and signout is isolated
ok 124 - multi-account terminal defaults choose account before scope and signout is isolated
  ---
  duration_ms: 0.326958
  type: 'test'
  ...
# Subtest: signin reuses valid authorization, renews expired authorization through hooks, and changes only terminal default
ok 125 - signin reuses valid authorization, renews expired authorization through hooks, and changes only terminal default
  ---
  duration_ms: 0.376292
  type: 'test'
  ...
# Subtest: account forgetting without arguments uses current terminal selection rather than last global session
ok 126 - account forgetting without arguments uses current terminal selection rather than last global session
  ---
  duration_ms: 0.182333
  type: 'test'
  ...
# Subtest: managed credential-free reads stay protected and service-account bearers are not manual tokens
ok 127 - managed credential-free reads stay protected and service-account bearers are not manual tokens
  ---
  duration_ms: 2.749833
  type: 'test'
  ...
# Subtest: expired batch admissions and hook aborts cannot mutate or refresh
ok 128 - expired batch admissions and hook aborts cannot mutate or refresh
  ---
  duration_ms: 1.799459
  type: 'test'
  ...
# Subtest: signin switches a terminal default across accounts without replacing other terminal selections
ok 129 - signin switches a terminal default across accounts without replacing other terminal selections
  ---
  duration_ms: 0.28825
  type: 'test'
  ...
# Subtest: app revocation during an admitted operation preserves revocation without refreshing
ok 130 - app revocation during an admitted operation preserves revocation without refreshing
  ---
  duration_ms: 44.756416
  type: 'test'
  ...
# Subtest: managed local account-scoped commands never use a different terminal's last session
ok 131 - managed local account-scoped commands never use a different terminal's last session
  ---
  duration_ms: 0.16375
  type: 'test'
  ...
# Subtest: manual defaults never substitute for bearer possession or reveal stored tokens through signin
ok 132 - manual defaults never substitute for bearer possession or reveal stored tokens through signin
  ---
  duration_ms: 0.493125
  type: 'test'
  ...
# Subtest: manual credential reissue during a pending operation rejects its result and writes
ok 133 - manual credential reissue during a pending operation rejects its result and writes
  ---
  duration_ms: 0.44975
  type: 'test'
  ...
# Subtest: suspension removes all member sessions, denies secret reads, and reactivation cannot restore old tokens
ok 134 - suspension removes all member sessions, denies secret reads, and reactivation cannot restore old tokens
  ---
  duration_ms: 0.998209
  type: 'test'
  ...
# Subtest: suspension rejects a member's pending operation without publishing its result or writes
ok 135 - suspension rejects a member's pending operation without publishing its result or writes
  ---
  duration_ms: 0.519584
  type: 'test'
  ...
# Subtest: invalid suspension batches leave users and their sessions unchanged
ok 136 - invalid suspension batches leave users and their sessions unchanged
  ---
  duration_ms: 0.66825
  type: 'test'
  ...
# Subtest: persisted suspended users cannot authenticate and reactivation discards stale seed sessions
ok 137 - persisted suspended users cannot authenticate and reactivation discards stale seed sessions
  ---
  duration_ms: 6.076292
  type: 'test'
  ...
# Subtest: hook-updated suspension invalidates sessions and cannot issue new credentials to a suspended user
ok 138 - hook-updated suspension invalidates sessions and cannot issue new credentials to a suspended user
  ---
  duration_ms: 0.616875
  type: 'test'
  ...
# Subtest: generated IDs avoid existing identifiers case-insensitively
ok 139 - generated IDs avoid existing identifiers case-insensitively
  ---
  duration_ms: 5.302625
  type: 'test'
  ...
# Subtest: copy edit and move discard supplied derived references while get derives current references and preserves values
ok 140 - copy edit and move discard supplied derived references while get derives current references and preserves values
  ---
  duration_ms: 4.137958
  type: 'test'
  ...
# Subtest: explicit destination account and vault override copied associations for single and bulk templates across stores
ok 141 - explicit destination account and vault override copied associations for single and bulk templates across stores
  ---
  duration_ms: 3.826292
  type: 'test'
  ...
# Subtest: cross-account copies require both explicit destination selectors and cannot override account admission
ok 142 - cross-account copies require both explicit destination selectors and cannot override account admission
  ---
  duration_ms: 1.086916
  type: 'test'
  ...
# Subtest: copy hooks receive only destination associations and cannot publish foreign writes
ok 143 - copy hooks receive only destination associations and cannot publish foreign writes
  ---
  duration_ms: 0.297542
  type: 'test'
  ...
# Subtest: item get without positional selectors consumes provided stdin through the validated batch path only
ok 144 - item get without positional selectors consumes provided stdin through the validated batch path only
  ---
  duration_ms: 1.524084
  type: 'test'
  ...
# Subtest: item get derives fresh field references before single, batch and field projections without persisting them
ok 145 - item get derives fresh field references before single, batch and field projections without persisting them
  ---
  duration_ms: 0.7965
  type: 'test'
  ...
# Subtest: bulk creation validates every account boundary before invoking hooks
ok 146 - bulk creation validates every account boundary before invoking hooks
  ---
  duration_ms: 0.3095
  type: 'test'
  ...
# Subtest: bulk generation cancellation publishes no items and does not alias caller input
ok 147 - bulk generation cancellation publishes no items and does not alias caller input
  ---
  duration_ms: 0.447916
  type: 'test'
  ...
# Subtest: duplicating a single item removes source lifecycle metadata without changing the source
ok 148 - duplicating a single item removes source lifecycle metadata without changing the source
  ---
  duration_ms: 0.331583
  type: 'test'
  ...
# Subtest: copy assignments resolve source custom field IDs before fresh identity allocation
ok 149 - copy assignments resolve source custom field IDs before fresh identity allocation
  ---
  duration_ms: 0.562125
  type: 'test'
  ...
# Subtest: generated IDs skip uppercase field, section and file identifiers
ok 150 - generated IDs skip uppercase field, section and file identifiers
  ---
  duration_ms: 0.205834
  type: 'test'
  ...
# Subtest: attachments get IDs and canonical sections shared with fields on create and edit
ok 151 - attachments get IDs and canonical sections shared with fields on create and edit
  ---
  duration_ms: 0.483167
  type: 'test'
  ...
# Subtest: password generation accepts native case and positive-sign recipes without changing request flags
ok 152 - password generation accepts native case and positive-sign recipes without changing request flags
  ---
  duration_ms: 35.430583
  type: 'test'
  ...
# Subtest: SSH hooks generate keys and transform reference formats without retained aliases
ok 153 - SSH hooks generate keys and transform reference formats without retained aliases
  ---
  duration_ms: 0.6105
  type: 'test'
  ...
# Subtest: SSH generation cancellation prevents publication and formatting observes cancellation
ok 154 - SSH generation cancellation prevents publication and formatting observes cancellation
  ---
  duration_ms: 0.381417
  type: 'test'
  ...
# Subtest: SSH creation normalizes native case and RSA separator aliases only for the generation hook
ok 155 - SSH creation normalizes native case and RSA separator aliases only for the generation hook
  ---
  duration_ms: 1.556958
  type: 'test'
  ...
# Subtest: pending SSH generation does not overwrite concurrent item creation
ok 156 - pending SSH generation does not overwrite concurrent item creation
  ---
  duration_ms: 0.366834
  type: 'test'
  ...
# Subtest: template dispatch and creation merge verified defaults before inputs and assignments
ok 157 - template dispatch and creation merge verified defaults before inputs and assignments
  ---
  duration_ms: 0.65625
  type: 'test'
  ...
# Subtest: explicit input templates supply unverified categories without inventing defaults
ok 158 - explicit input templates supply unverified categories without inventing defaults
  ---
  duration_ms: 0.302291
  type: 'test'
  ...
# Subtest: document handler inputs normalize vaults and preserve binary ownership through edits
ok 159 - document handler inputs normalize vaults and preserve binary ownership through edits
  ---
  duration_ms: 0.446375
  type: 'test'
  ...
# Subtest: seeded documents normalize vault names and preserve archive and deleted states
ok 160 - seeded documents normalize vault names and preserve archive and deleted states
  ---
  duration_ms: 0.570333
  type: 'test'
  ...
# Subtest: per-call admin hooks override factory hooks before generic CRUD
ok 161 - per-call admin hooks override factory hooks before generic CRUD
  ---
  duration_ms: 0.19775
  type: 'test'
  ...
# Subtest: credential-producing commands reject missing hooks without mutating snapshots
ok 162 - credential-producing commands reject missing hooks without mutating snapshots
  ---
  duration_ms: 0.633708
  type: 'test'
  ...
# Subtest: item OTP and secret metadata use the primary OTP field and RFC6238 clock
ok 163 - item OTP and secret metadata use the primary OTP field and RFC6238 clock
  ---
  duration_ms: 64.591
  type: 'test'
  ...
# Subtest: item OTP rejects missing and malformed OTP values
ok 164 - item OTP rejects missing and malformed OTP values
  ---
  duration_ms: 2.102125
  type: 'test'
  ...
# Subtest: OTP reads observe cancellation after asynchronous generation
ok 165 - OTP reads observe cancellation after asynchronous generation
  ---
  duration_ms: 1.495625
  type: 'test'
  ...
# Subtest: admin dispatch shares backend state with vault CRUD and persistent snapshots
ok 166 - admin dispatch shares backend state with vault CRUD and persistent snapshots
  ---
  duration_ms: 1.906708
  type: 'test'
  ...
# Subtest: injected admin hooks publish detached state and respect cancellation
ok 167 - injected admin hooks publish detached state and respect cancellation
  ---
  duration_ms: 2.852208
  type: 'test'
  ...
# Subtest: vault and item CRUD resolves scoped names and preserves structured metadata
ok 168 - vault and item CRUD resolves scoped names and preserves structured metadata
  ---
  duration_ms: 0.804542
  type: 'test'
  ...
# Subtest: generic resource CRUD covers accounts, documents and extension resources
ok 169 - generic resource CRUD covers accounts, documents and extension resources
  ---
  duration_ms: 1.768125
  type: 'test'
  ...
# Subtest: state is isolated from seed, requests and returned values
ok 170 - state is isolated from seed, requests and returned values
  ---
  duration_ms: 0.160708
  type: 'test'
  ...
# Subtest: snapshot exports independent state that can seed another backend
ok 171 - snapshot exports independent state that can seed another backend
  ---
  duration_ms: 0.343416
  type: 'test'
  ...
# Subtest: restoring snapshots preserves binary isolation and avoids nested ID collisions
ok 172 - restoring snapshots preserves binary isolation and avoids nested ID collisions
  ---
  duration_ms: 1.612417
  type: 'test'
  ...
# Subtest: failed assignments are atomic and archived references do not expose secrets
ok 173 - failed assignments are atomic and archived references do not expose secrets
  ---
  duration_ms: 0.452625
  type: 'test'
  ...
# Subtest: item flags set metadata
ok 174 - item flags set metadata
  ---
  duration_ms: 1.03875
  type: 'test'
  ...
# Subtest: password recipes generate secure fields and field selectors return only requested fields
ok 175 - password recipes generate secure fields and field selectors return only requested fields
  ---
  duration_ms: 0.7995
  type: 'test'
  ...
# Subtest: CLI vault flags and item escaped assignments override templates
ok 176 - CLI vault flags and item escaped assignments override templates
  ---
  duration_ms: 0.756542
  type: 'test'
  ...
# Subtest: archive, deleted retention, dry runs and move preserve lifecycle
ok 177 - archive, deleted retention, dry runs and move preserve lifecycle
  ---
  duration_ms: 3.500167
  type: 'test'
  ...
# Subtest: duplicates, ambiguous names, invalid requests and cancellation cannot mutate state
ok 178 - duplicates, ambiguous names, invalid requests and cancellation cannot mutate state
  ---
  duration_ms: 1.460667
  type: 'test'
  ...
# Subtest: public vault get batches use parsed stdin and approve the canonical request once
ok 179 - public vault get batches use parsed stdin and approve the canonical request once
  ---
  duration_ms: 12.744625
  type: 'test'
  ...
# Subtest: document delete stdin batches archive or delete with one approval and preserve other accounts
ok 180 - document delete stdin batches archive or delete with one approval and preserve other accounts
  ---
  duration_ms: 7.459708
  type: 'test'
  ...
# Subtest: document batches validate all selectors and approval before publishing changes
ok 181 - document batches validate all selectors and approval before publishing changes
  ---
  duration_ms: 11.424042
  type: 'test'
  ...
# Subtest: vault edit batches use only selectors from stdin and apply flags atomically
ok 182 - vault edit batches use only selectors from stdin and apply flags atomically
  ---
  duration_ms: 4.41625
  type: 'test'
  ...
# Subtest: public item get preserves batch order without leaking another account
ok 183 - public item get preserves batch order without leaking another account
  ---
  duration_ms: 1.5865
  type: 'test'
  ...
# Subtest: public item get accepts documented stdin without an explicit dash selector
ok 184 - public item get accepts documented stdin without an explicit dash selector
  ---
  duration_ms: 1.956042
  type: 'test'
  ...
# Subtest: public single and bulk item pipelines copy into an explicit destination without altering either account's existing items
ok 185 - public single and bulk item pipelines copy into an explicit destination without altering either account's existing items
  ---
  duration_ms: 10.345209
  type: 'test'
  ...
# Subtest: vault and item batch deletion validate every target before changing state
ok 186 - vault and item batch deletion validate every target before changing state
  ---
  duration_ms: 9.616709
  type: 'test'
  ...
# Subtest: public batch moves publish new IDs only after all source targets validate
ok 187 - public batch moves publish new IDs only after all source targets validate
  ---
  duration_ms: 2.294042
  type: 'test'
  ...
# Subtest: documented vault-group relation list batches include every vault
ok 188 - documented vault-group relation list batches include every vault
  ---
  duration_ms: 2.753125
  type: 'test'
  ...
# Subtest: denied batch approval preserves state and template stdin remains a template
ok 189 - denied batch approval preserves state and template stdin remains a template
  ---
  duration_ms: 2.966375
  type: 'test'
  ...
# Subtest: batch field projections retain JSON values and conceal human output
ok 190 - batch field projections retain JSON values and conceal human output
  ---
  duration_ms: 5.032625
  type: 'test'
  ...
# Subtest: batch OTP projection composes with public output
ok 191 - batch OTP projection composes with public output
  ---
  duration_ms: 40.750875
  type: 'test'
  ...
# Subtest: batch OTP rendering rejects empty or partially invalid results
ok 192 - batch OTP rendering rejects empty or partially invalid results
  ---
  duration_ms: 2.014042
  type: 'test'
  ...
# Subtest: batch validation is atomic without accounts and rejects malformed trailing JSON
ok 193 - batch validation is atomic without accounts and rejects malformed trailing JSON
  ---
  duration_ms: 2.239334
  type: 'test'
  ...
# Subtest: batch hooks receive one canonical invocation and never receive foreign or missing selectors
ok 194 - batch hooks receive one canonical invocation and never receive foreign or missing selectors
  ---
  duration_ms: 7.000209
  type: 'test'
  ...
# Subtest: batch archived selectors retain ID-only access and validate vault filters
ok 195 - batch archived selectors retain ID-only access and validate vault filters
  ---
  duration_ms: 1.84975
  type: 'test'
  ...
# Subtest: binding preparation exposes resolved metadata without executing or changing state
ok 196 - binding preparation exposes resolved metadata without executing or changing state
  ---
  duration_ms: 2.864542
  type: 'test'
  ...
# Subtest: binding rejects renamed targets, content changes and foreign or forged handles
ok 197 - binding rejects renamed targets, content changes and foreign or forged handles
  ---
  duration_ms: 2.547208
  type: 'test'
  ...
# Subtest: nested binding stages mutations until the last planned request and rejects replay
ok 198 - nested binding stages mutations until the last planned request and rejects replay
  ---
  duration_ms: 1.43075
  type: 'test'
  ...
# Subtest: cancellation and external changes discard staged mutations
ok 199 - cancellation and external changes discard staged mutations
  ---
  duration_ms: 0.980208
  type: 'test'
  ...
# Subtest: secret bindings resolve field and section IDs without cloning field values or arbitrary section payloads
ok 200 - secret bindings resolve field and section IDs without cloning field values or arbitrary section payloads
  ---
  duration_ms: 0.81575
  type: 'test'
  ...
# Subtest: field projection manifests disclose only selected field identities
ok 201 - field projection manifests disclose only selected field identities
  ---
  duration_ms: 0.220458
  type: 'test'
  ...
# Subtest: bound nested reads tolerate their own staged auth refresh and reject revocation and expiry
ok 202 - bound nested reads tolerate their own staged auth refresh and reject revocation and expiry
  ---
  duration_ms: 2.136167
  type: 'test'
  ...
# Subtest: binding timeout, abort, changed context and ordinary external hooks fail closed
ok 203 - binding timeout, abort, changed context and ordinary external hooks fail closed
  ---
  duration_ms: 52.215375
  type: 'test'
  ...
# Subtest: same-ID deletion and recreation invalidate bindings even with identical data
ok 204 - same-ID deletion and recreation invalidate bindings even with identical data
  ---
  duration_ms: 0.369084
  type: 'test'
  ...
# Subtest: concurrent planned reads serialize safely and list bindings detect phantoms
ok 205 - concurrent planned reads serialize safely and list bindings detect phantoms
  ---
  duration_ms: 0.867625
  type: 'test'
  ...
# Subtest: ordered environment and snapshot metadata comes from indexed keys without preparation value reads
ok 206 - ordered environment and snapshot metadata comes from indexed keys without preparation value reads
  ---
  duration_ms: 0.48925
  type: 'test'
  ...
# Subtest: a staged mutation cannot add unapproved members to a later bound collection read
ok 207 - a staged mutation cannot add unapproved members to a later bound collection read
  ---
  duration_ms: 0.319666
  type: 'test'
  ...
# Subtest: list manifests exclude archived and filtered-out item identities
ok 208 - list manifests exclude archived and filtered-out item identities
  ---
  duration_ms: 0.199416
  type: 'test'
  ...
# Subtest: revocation during asynchronous bound work prevents staged mutation and result publication
ok 209 - revocation during asynchronous bound work prevents staged mutation and result publication
  ---
  duration_ms: 7.11525
  type: 'test'
  ...
# Subtest: direct admin execution cannot accept a binding it cannot validate
ok 210 - direct admin execution cannot accept a binding it cannot validate
  ---
  duration_ms: 0.179333
  type: 'test'
  ...
# Subtest: empty SSH generation options cannot invoke unbound generation hooks
ok 211 - empty SSH generation options cannot invoke unbound generation hooks
  ---
  duration_ms: 0.2265
  type: 'test'
  ...
# Subtest: completing a read-only binding does not invalidate another unchanged binding
ok 212 - completing a read-only binding does not invalidate another unchanged binding
  ---
  duration_ms: 0.421083
  type: 'test'
  ...
# Subtest: backend-free handler plans receive an empty binding and cannot execute an unplanned request
ok 213 - backend-free handler plans receive an empty binding and cannot execute an unplanned request
  ---
  duration_ms: 0.123209
  type: 'test'
  ...
# Subtest: binding request normalization does not turn non-object templates into valid item inputs
ok 214 - binding request normalization does not turn non-object templates into valid item inputs
  ---
  duration_ms: 0.260083
  type: 'test'
  ...
# Subtest: all pinned native nodes share catalog metadata without adding dispatch leaves
ok 215 - all pinned native nodes share catalog metadata without adding dispatch leaves
  ---
  duration_ms: 1.632
  type: 'test'
  ...
# Subtest: item help presents native synopsis, selectors and local flags rather than generic placeholders
ok 216 - item help presents native synopsis, selectors and local flags rather than generic placeholders
  ---
  duration_ms: 6.377625
  type: 'test'
  ...
# Subtest: native summaries and per-command force descriptions are shared with completion
ok 217 - native summaries and per-command force descriptions are shared with completion
  ---
  duration_ms: 1.549584
  type: 'test'
  ...
# Subtest: display defaults and metavars do not alter parser kinds or default request values
ok 218 - display defaults and metavars do not alter parser kinds or default request values
  ---
  duration_ms: 0.22775
  type: 'test'
  ...
# Subtest: verified argument bounds distinguish stdin alternatives from unknown constraints
ok 219 - verified argument bounds distinguish stdin alternatives from unknown constraints
  ---
  duration_ms: 0.177417
  type: 'test'
  ...
# Subtest: help uses native sections and ordering while completion stays alphabetical
ok 220 - help uses native sections and ordering while completion stays alphabetical
  ---
  duration_ms: 0.503125
  type: 'test'
  ...
# Subtest: dispatches nested commands with interspersed global and repeated array flags
ok 221 - dispatches nested commands with interspersed global and repeated array flags
  ---
  duration_ms: 4.828875
  type: 'test'
  ...
# Subtest: parses optional values, boolean false and comma-separated flags
ok 222 - parses optional values, boolean false and comma-separated flags
  ---
  duration_ms: 1.237458
  type: 'test'
  ...
# Subtest: help traverses groups without invoking backend or authorization
ok 223 - help traverses groups without invoking backend or authorization
  ---
  duration_ms: 0.673916
  type: 'test'
  ...
# Subtest: CLI help renders shared metadata for roots, groups, leaves and channels
ok 224 - CLI help renders shared metadata for roots, groups, leaves and channels
  ---
  duration_ms: 10.137417
  type: 'test'
  ...
# Subtest: rejects invalid commands and flags before execution
ok 225 - rejects invalid commands and flags before execution
  ---
  duration_ms: 0.479583
  type: 'test'
  ...
# Subtest: plugin selection callback identity is captured before policy and forwarded in frozen backend context
ok 226 - plugin selection callback identity is captured before policy and forwarded in frozen backend context
  ---
  duration_ms: 0.354625
  type: 'test'
  ...
# Subtest: plugin selection denial does not acquire input, candidates or invoke the chooser
ok 227 - plugin selection denial does not acquire input, candidates or invoke the chooser
  ---
  duration_ms: 0.215167
  type: 'test'
  ...
# Subtest: denial and unapproved ask fail closed including delegated handlers
ok 228 - denial and unapproved ask fail closed including delegated handlers
  ---
  duration_ms: 0.316542
  type: 'test'
  ...
# Subtest: literal authorization denial happens before stdin acquisition or backend execution
ok 229 - literal authorization denial happens before stdin acquisition or backend execution
  ---
  duration_ms: 0.321583
  type: 'test'
  ...
# Subtest: ask never falls back implicitly to legacy literal approval
ok 230 - ask never falls back implicitly to legacy literal approval
  ---
  duration_ms: 0.401042
  type: 'test'
  ...
# Subtest: resolved manifests project an immutable allowlist without handles or provider extras
ok 231 - resolved manifests project an immutable allowlist without handles or provider extras
  ---
  duration_ms: 28.181042
  type: 'test'
  ...
# Subtest: resolved completion receives ordered backend metadata before approval and fails closed
ok 232 - resolved completion receives ordered backend metadata before approval and fails closed
  ---
  duration_ms: 2.244667
  type: 'test'
  ...
# Subtest: resolved inject uses the prepared file once and keeps its values out of approval
ok 233 - resolved inject uses the prepared file once and keeps its values out of approval
  ---
  duration_ms: 14.701
  type: 'test'
  ...
# Subtest: synchronous binding validation hands off output before queued invalidation with the bound context
ok 234 - synchronous binding validation hands off output before queued invalidation with the bound context
  ---
  duration_ms: 19.308125
  type: 'test'
  ...
# Subtest: resolved validation rejects a changed backend before an output handoff
ok 235 - resolved validation rejects a changed backend before an output handoff
  ---
  duration_ms: 5.23075
  type: 'test'
  ...
# Subtest: approval sees a frozen snapshot and delegates literal child argv
ok 236 - approval sees a frozen snapshot and delegates literal child argv
  ---
  duration_ms: 6.205375
  type: 'test'
  ...
# Subtest: timestamp environment compatibility chooses omission for unrecognized labels without claiming native toggle values
ok 237 - timestamp environment compatibility chooses omission for unrecognized labels without claiming native toggle values
  ---
  duration_ms: 1.685625
  type: 'test'
  ...
# Subtest: timestamp boolean spellings and strict explicit precedence remain unchanged
ok 238 - timestamp boolean spellings and strict explicit precedence remain unchanged
  ---
  duration_ms: 14.914125
  type: 'test'
  ...
# Subtest: timestamp invalid-environment policy does not relax other boolean environment variables
ok 239 - timestamp invalid-environment policy does not relax other boolean environment variables
  ---
  duration_ms: 0.685125
  type: 'test'
  ...
# Subtest: formats JSON and forwards environment defaults with explicit flag precedence
ok 240 - formats JSON and forwards environment defaults with explicit flag precedence
  ---
  duration_ms: 2.765875
  type: 'test'
  ...
# Subtest: backend errors cannot manufacture successful output
ok 241 - backend errors cannot manufacture successful output
  ---
  duration_ms: 7.134208
  type: 'test'
  ...
# Subtest: an aborted invocation never reaches backend
ok 242 - an aborted invocation never reaches backend
  ---
  duration_ms: 0.200291
  type: 'test'
  ...
# Subtest: biometric environment overrides trusted integration before policy binding
ok 243 - biometric environment overrides trusted integration before policy binding
  ---
  duration_ms: 4.043291
  type: 'test'
  ...
# Subtest: integration defaults to manual without inferring a terminal identity
ok 244 - integration defaults to manual without inferring a terminal identity
  ---
  duration_ms: 0.258375
  type: 'test'
  ...
# Subtest: invalid biometric environment values fail before policy and handlers
ok 245 - invalid biometric environment values fail before policy and handlers
  ---
  duration_ms: 0.487
  type: 'test'
  ...
# Subtest: authentication metadata is bound and frozen before both policy callbacks
ok 246 - authentication metadata is bound and frozen before both policy callbacks
  ---
  duration_ms: 0.304417
  type: 'test'
  ...
# Subtest: all built-in backend paths preserve approved authentication metadata
ok 247 - all built-in backend paths preserve approved authentication metadata
  ---
  duration_ms: 41.783375
  type: 'test'
  ...
# Subtest: plugin scope and clear confirmation bind before asynchronous authorization
ok 248 - plugin scope and clear confirmation bind before asynchronous authorization
  ---
  duration_ms: 2.834125
  type: 'test'
  ...
# Subtest: force cannot bypass centralized authorization for plugin clear
ok 249 - force cannot bypass centralized authorization for plugin clear
  ---
  duration_ms: 0.662083
  type: 'test'
  ...
# Subtest: delegated plugin handlers receive the frozen invocation scope after approval
ok 250 - delegated plugin handlers receive the frozen invocation scope after approval
  ---
  duration_ms: 1.018584
  type: 'test'
  ...
# Subtest: catalog inventories all documented terminal commands and snapshot extensions
ok 251 - catalog inventories all documented terminal commands and snapshot extensions
  ---
  duration_ms: 0.244125
  type: 'test'
  ...
# Subtest: rejects prototype names as flags
ok 252 - rejects prototype names as flags
  ---
  duration_ms: 0.413
  type: 'test'
  ...
# Subtest: short options accept attached values and combined booleans
ok 253 - short options accept attached values and combined booleans
  ---
  duration_ms: 0.885541
  type: 'test'
  ...
# Subtest: freezes JSON stdin after literal allowance and owns reused chunks
ok 254 - freezes JSON stdin after literal allowance and owns reused chunks
  ---
  duration_ms: 0.83675
  type: 'test'
  ...
# Subtest: cancellation while authorizing prevents dispatch
ok 255 - cancellation while authorizing prevents dispatch
  ---
  duration_ms: 2.278625
  type: 'test'
  ...
# Subtest: preserves binary backend output without text conversion
ok 256 - preserves binary backend output without text conversion
  ---
  duration_ms: 3.053416
  type: 'test'
  ...
# Subtest: human item output conceals secret fields without mutating backend data
ok 257 - human item output conceals secret fields without mutating backend data
  ---
  duration_ms: 1.921333
  type: 'test'
  ...
# Subtest: JSON and explicit reveal preserve full item values
ok 258 - JSON and explicit reveal preserve full item values
  ---
  duration_ms: 5.124584
  type: 'test'
  ...
# Subtest: human field selection emits CSV values, JSON emits field objects
ok 259 - human field selection emits CSV values, JSON emits field objects
  ---
  duration_ms: 2.629875
  type: 'test'
  ...
# Subtest: OTP emits backend generated code and refuses to print an OTP seed as a code
ok 260 - OTP emits backend generated code and refuses to print an OTP seed as a code
  ---
  duration_ms: 1.125208
  type: 'test'
  ...
# Subtest: document get emits content bytes without metadata or an extra newline
ok 261 - document get emits content bytes without metadata or an extra newline
  ---
  duration_ms: 0.181291
  type: 'test'
  ...
# Subtest: version emits the package semver in native scalar format without authorization
ok 262 - version emits the package semver in native scalar format without authorization
  ---
  duration_ms: 0.955875
  type: 'test'
  ...
# Subtest: root help separates native command groups and presents global flags
ok 263 - root help separates native command groups and presents global flags
  ---
  duration_ms: 9.017334
  type: 'test'
  ...
# Subtest: generic output validates file mode and capability before executing backend
ok 264 - generic output validates file mode and capability before executing backend
  ---
  duration_ms: 0.864833
  type: 'test'
  ...
# Subtest: generic file output forwards octal mode and force to host
ok 265 - generic file output forwards octal mode and force to host
  ---
  duration_ms: 2.123333
  type: 'test'
  ...
# Subtest: native stable command aliases resolve before authorization
ok 266 - native stable command aliases resolve before authorization
  ---
  duration_ms: 0.720833
  type: 'test'
  ...
# Subtest: native hidden long flag aliases normalize to canonical names
ok 267 - native hidden long flag aliases normalize to canonical names
  ---
  duration_ms: 1.035083
  type: 'test'
  ...
# Subtest: native document force has no short alias and SSH generation requires a value
ok 268 - native document force has no short alias and SSH generation requires a value
  ---
  duration_ms: 1.397958
  type: 'test'
  ...
# Subtest: beta environment additions are separate from the native stable inventory
ok 269 - beta environment additions are separate from the native stable inventory
  ---
  duration_ms: 1.005666
  type: 'test'
  ...
# Subtest: run no masking reads the documented environment toggle
ok 270 - run no masking reads the documented environment toggle
  ---
  duration_ms: 0.286208
  type: 'test'
  ...
# Subtest: required string values consume flag-looking tokens before parsing the next flag
ok 271 - required string values consume flag-looking tokens before parsing the next flag
  ---
  duration_ms: 0.951708
  type: 'test'
  ...
# Subtest: required short values consume flag-looking tokens and attached values stay literal
ok 272 - required short values consume flag-looking tokens and attached values stay literal
  ---
  duration_ms: 0.730917
  type: 'test'
  ...
# Subtest: native shorthand help clusters and attached output options remain accepted
ok 273 - native shorthand help clusters and attached output options remain accepted
  ---
  duration_ms: 0.515291
  type: 'test'
  ...
# Subtest: explicit help false preserves native parent usage while leaf flags use the last value
ok 274 - explicit help false preserves native parent usage while leaf flags use the last value
  ---
  duration_ms: 1.8145
  type: 'test'
  ...
# Subtest: snapshot restore no-masking is explicit and remains subject to approval
ok 275 - snapshot restore no-masking is explicit and remains subject to approval
  ---
  duration_ms: 0.209417
  type: 'test'
  ...
# Subtest: snapshot restore does not inherit the run-only masking environment toggle
ok 276 - snapshot restore does not inherit the run-only masking environment toggle
  ---
  duration_ms: 0.091292
  type: 'test'
  ...
# Subtest: all item metadata output strips attachment bodies while preserving field values and file metadata
ok 277 - all item metadata output strips attachment bodies while preserving field values and file metadata
  ---
  duration_ms: 2.323208
  type: 'test'
  ...
# Subtest: document metadata omits content but document get preserves the exact body
ok 278 - document metadata omits content but document get preserves the exact body
  ---
  duration_ms: 0.291708
  type: 'test'
  ...
# Subtest: native completion prioritizes missing required flags for item move
ok 279 - native completion prioritizes missing required flags for item move
  ---
  duration_ms: 14.988417
  type: 'test'
  ...
# Subtest: native completion prioritizes missing required flags for user provision
ok 280 - native completion prioritizes missing required flags for user provision
  ---
  duration_ms: 4.291459
  type: 'test'
  ...
# Subtest: native completion prioritizes missing required flags for connect group grant
ok 281 - native completion prioritizes missing required flags for connect group grant
  ---
  duration_ms: 0.998959
  type: 'test'
  ...
# Subtest: native completion prioritizes missing required flags for connect group revoke
ok 282 - native completion prioritizes missing required flags for connect group revoke
  ---
  duration_ms: 1.062208
  type: 'test'
  ...
# Subtest: native completion prioritizes missing required flags for connect token create
ok 283 - native completion prioritizes missing required flags for connect token create
  ---
  duration_ms: 0.844916
  type: 'test'
  ...
# Subtest: native completion prioritizes missing required flags for connect vault grant
ok 284 - native completion prioritizes missing required flags for connect vault grant
  ---
  duration_ms: 2.223542
  type: 'test'
  ...
# Subtest: native completion prioritizes missing required flags for connect vault revoke
ok 285 - native completion prioritizes missing required flags for connect vault revoke
  ---
  duration_ms: 3.326791
  type: 'test'
  ...
# Subtest: native completion prioritizes missing required flags for group user grant
ok 286 - native completion prioritizes missing required flags for group user grant
  ---
  duration_ms: 1.912667
  type: 'test'
  ...
# Subtest: native completion prioritizes missing required flags for group user revoke
ok 287 - native completion prioritizes missing required flags for group user revoke
  ---
  duration_ms: 1.8935
  type: 'test'
  ...
# Subtest: native completion prioritizes missing required flags for vault group grant
ok 288 - native completion prioritizes missing required flags for vault group grant
  ---
  duration_ms: 4.047834
  type: 'test'
  ...
# Subtest: native completion prioritizes missing required flags for vault group revoke
ok 289 - native completion prioritizes missing required flags for vault group revoke
  ---
  duration_ms: 3.73
  type: 'test'
  ...
# Subtest: native completion prioritizes missing required flags for vault user grant
ok 290 - native completion prioritizes missing required flags for vault user grant
  ---
  duration_ms: 3.640666
  type: 'test'
  ...
# Subtest: native completion prioritizes missing required flags for vault user revoke
ok 291 - native completion prioritizes missing required flags for vault user revoke
  ---
  duration_ms: 2.268792
  type: 'test'
  ...
# Subtest: required completion filters by prefix before falling back to ordinary flags
ok 292 - required completion filters by prefix before falling back to ordinary flags
  ---
  duration_ms: 0.439375
  type: 'test'
  ...
# Subtest: global cache/config suggestions remain visible unless already supplied
ok 293 - global cache/config suggestions remain visible unless already supplied
  ---
  duration_ms: 0.444875
  type: 'test'
  ...
# Subtest: public required-flag metadata callbacks require no policy, backend, or input
ok 294 - public required-flag metadata callbacks require no policy, backend, or input
  ---
  duration_ms: 0.995
  type: 'test'
  ...
# Subtest: native command completion survives interspersed globals and command-looking flag values
ok 295 - native command completion survives interspersed globals and command-looking flag values
  ---
  duration_ms: 3.384958
  type: 'test'
  ...
# Subtest: native flag completion retains the leaf after operands and suppresses used and hidden flags
ok 296 - native flag completion retains the leaf after operands and suppresses used and hidden flags
  ---
  duration_ms: 0.665584
  type: 'test'
  ...
# Subtest: aliases parse without being advertised, and shorthand attached values preserve context
ok 297 - aliases parse without being advertised, and shorthand attached values preserve context
  ---
  duration_ms: 0.356917
  type: 'test'
  ...
# Subtest: native value slots, invalid input and child argv use fallback without reflecting user input
ok 298 - native value slots, invalid input and child argv use fallback without reflecting user input
  ---
  duration_ms: 0.599875
  type: 'test'
  ...
# Subtest: help presence suppresses completion even false or clustered; root version is root-only
ok 299 - help presence suppresses completion even false or clustered; root version is root-only
  ---
  duration_ms: 0.326667
  type: 'test'
  ...
# Subtest: channel metadata controls beta suggestions while retaining local snapshot extension
ok 300 - channel metadata controls beta suggestions while retaining local snapshot extension
  ---
  duration_ms: 0.40275
  type: 'test'
  ...
# Subtest: four thin adapters use metadata callbacks rather than literal path tables or eval
ok 301 - four thin adapters use metadata callbacks rather than literal path tables or eval
  ---
  duration_ms: 1.343
  type: 'test'
  ...
# Subtest: rejects unsupported shells and extra arguments
ok 302 - rejects unsupported shells and extra arguments
  ---
  duration_ms: 0.495625
  type: 'test'
  ...
# Subtest: script generation rejects untyped channel input rather than embedding shell syntax
ok 303 - script generation rejects untyped channel input rather than embedding shell syntax
  ---
  duration_ms: 0.088875
  type: 'test'
  ...
# Subtest: hidden callbacks emit native line/tab/directive framing with optional descriptions
ok 304 - hidden callbacks emit native line/tab/directive framing with optional descriptions
  ---
  duration_ms: 0.86275
  type: 'test'
  ...
# Subtest: public callbacks bypass only execution, not policy for actual operations
ok 305 - public callbacks bypass only execution, not policy for actual operations
  ---
  duration_ms: 13.254875
  type: 'test'
  ...
# Subtest: callback channel and cancellation are preserved without backend discovery
ok 306 - callback channel and cancellation are preserved without backend discovery
  ---
  duration_ms: 0.971084
  type: 'test'
  ...
# Subtest: Bash uses bash-completion word reconstruction for equals and colon word breaks
ok 307 - Bash uses bash-completion word reconstruction for equals and colon word breaks
  ---
  duration_ms: 18.680875
  type: 'test'
  ...
# Subtest: bash generated channel applies only to its callback process
ok 308 - bash generated channel applies only to its callback process
  ---
  duration_ms: 22.293584
  type: 'test'
  ...
# Subtest: bash executes catalog completion and forwards literal words without disk fixtures
ok 309 - bash executes catalog completion and forwards literal words without disk fixtures
  ---
  duration_ms: 264.909917
  type: 'test'
  ...
# Subtest: zsh generated channel applies only to its callback process
ok 310 - zsh generated channel applies only to its callback process
  ---
  duration_ms: 22.300958
  type: 'test'
  ...
# Subtest: zsh executes catalog completion and forwards literal words without disk fixtures
ok 311 - zsh executes catalog completion and forwards literal words without disk fixtures
  ---
  duration_ms: 293.660667
  type: 'test'
  ...
# Subtest: Node backend construction and distinct binding identities do not require global crypto
ok 312 - Node backend construction and distinct binding identities do not require global crypto
  ---
  duration_ms: 2.770375
  type: 'test'
  ...
# Subtest: Node password generation uses native secure randomness without global crypto
ok 313 - Node password generation uses native secure randomness without global crypto
  ---
  duration_ms: 3.389958
  type: 'test'
  ...
# Subtest: Node OTP matches RFC 6238 without global crypto
ok 314 - Node OTP matches RFC 6238 without global crypto
  ---
  duration_ms: 3.5095
  type: 'test'
  ...
# Subtest: browser crypto exports the host native provider and fails closed when absent
ok 315 - browser crypto exports the host native provider and fails closed when absent
  ---
  duration_ms: 7.285958
  type: 'test'
  ...
# Subtest: public codec declarations compile for ES-only consumers without codec internals
ok 316 - public codec declarations compile for ES-only consumers without codec internals
  ---
  duration_ms: 2859.521541
  type: 'test'
  ...
# Subtest: generic object seeds use the sole visible vault without native naming conventions
ok 317 - generic object seeds use the sole visible vault without native naming conventions
  ---
  duration_ms: 6.520875
  type: 'test'
  ...
# Subtest: defaultVault is an explicit immutable seed ID that survives snapshots and respects explicit overrides
ok 318 - defaultVault is an explicit immutable seed ID that survives snapshots and respects explicit overrides
  ---
  duration_ms: 3.18025
  type: 'test'
  ...
# Subtest: missing or ambiguous default selection never guesses Private or publishes objects
ok 319 - missing or ambiguous default selection never guesses Private or publishes objects
  ---
  duration_ms: 1.643583
  type: 'test'
  ...
# Subtest: defaultVault accepts existing IDs only
ok 320 - defaultVault accepts existing IDs only
  ---
  duration_ms: 0.52125
  type: 'test'
  ...
# Subtest: default selection stays account-scoped and cannot leak a foreign seed default
ok 321 - default selection stays account-scoped and cannot leak a foreign seed default
  ---
  duration_ms: 1.910042
  type: 'test'
  ...
# Subtest: default-backed bindings pin vault identity and default references cannot become dangling
ok 322 - default-backed bindings pin vault identity and default references cannot become dangling
  ---
  duration_ms: 1.354542
  type: 'test'
  ...
# Subtest: documents and bulk item creation use the same bound default selection
ok 323 - documents and bulk item creation use the same bound default selection
  ---
  duration_ms: 2.251125
  type: 'test'
  ...
# Subtest: document create preserves binary stdin and creates metadata with explicit names
ok 324 - document create preserves binary stdin and creates metadata with explicit names
  ---
  duration_ms: 2.949667
  type: 'test'
  ...
# Subtest: file uploads derive filename and title, leave vault selection to backend and never consume stdin
ok 325 - file uploads derive filename and title, leave vault selection to backend and never consume stdin
  ---
  duration_ms: 2.753542
  type: 'test'
  ...
# Subtest: document creation delegates default and explicit vault selection (allow)
ok 326 - document creation delegates default and explicit vault selection (allow)
  ---
  duration_ms: 5.217375
  type: 'test'
  ...
# Subtest: document creation preserves sole-vault and ambiguous-vault policy (allow)
ok 327 - document creation preserves sole-vault and ambiguous-vault policy (allow)
  ---
  duration_ms: 1.402333
  type: 'test'
  ...
# Subtest: document creation delegates default and explicit vault selection (resolved)
ok 328 - document creation delegates default and explicit vault selection (resolved)
  ---
  duration_ms: 8.776167
  type: 'test'
  ...
# Subtest: document creation preserves sole-vault and ambiguous-vault policy (resolved)
ok 329 - document creation preserves sole-vault and ambiguous-vault policy (resolved)
  ---
  duration_ms: 3.146083
  type: 'test'
  ...
# Subtest: edit replaces bytes and only explicitly supplied metadata
ok 330 - edit replaces bytes and only explicitly supplied metadata
  ---
  duration_ms: 0.585292
  type: 'test'
  ...
# Subtest: get emits exact binary bytes even with JSON format
ok 331 - get emits exact binary bytes even with JSON format
  ---
  duration_ms: 0.374334
  type: 'test'
  ...
# Subtest: get enforces file mode and overwrite policy through host
ok 332 - get enforces file mode and overwrite policy through host
  ---
  duration_ms: 1.661541
  type: 'test'
  ...
# Subtest: get creates a new destination with private permissions by default
ok 333 - get creates a new destination with private permissions by default
  ---
  duration_ms: 0.7465
  type: 'test'
  ...
# Subtest: invalid modes and absent file capability fail before backend access
ok 334 - invalid modes and absent file capability fail before backend access
  ---
  duration_ms: 2.423416
  type: 'test'
  ...
# Subtest: binary terminal output requires force, redirected output does not
ok 335 - binary terminal output requires force, redirected output does not
  ---
  duration_ms: 0.365958
  type: 'test'
  ...
# Subtest: byte limits cover stdin, file uploads and downloads
ok 336 - byte limits cover stdin, file uploads and downloads
  ---
  duration_ms: 0.857042
  type: 'test'
  ...
# Subtest: reused stdin chunks are copied and empty documents remain valid
ok 337 - reused stdin chunks are copied and empty documents remain valid
  ---
  duration_ms: 0.2595
  type: 'test'
  ...
# Subtest: authorization denial precedes document IO and backend calls
ok 338 - authorization denial precedes document IO and backend calls
  ---
  duration_ms: 0.168292
  type: 'test'
  ...
# Subtest: object backend round-trips create, edit and get without decoding bytes
ok 339 - object backend round-trips create, edit and get without decoding bytes
  ---
  duration_ms: 1.145416
  type: 'test'
  ...
# Subtest: aborting file read prevents upload to backend
ok 340 - aborting file read prevents upload to backend
  ---
  duration_ms: 0.213709
  type: 'test'
  ...
# Subtest: public document output refuses an existing file unless force is explicit
ok 341 - public document output refuses an existing file unless force is explicit
  ---
  duration_ms: 1.153541
  type: 'test'
  ...
# Subtest: duration acceptance preserves the native unsigned accumulator wrap boundary
ok 342 - duration acceptance preserves the native unsigned accumulator wrap boundary
  ---
  duration_ms: 1.606792
  type: 'test'
  ...
# Subtest: nearby nonwrapping duration overflows remain rejected
ok 343 - nearby nonwrapping duration overflows remain rejected
  ---
  duration_ms: 0.11325
  type: 'test'
  ...
# Subtest: unsigned duration accumulation does not bypass individual component or intermediate bounds
ok 344 - unsigned duration accumulation does not bypass individual component or intermediate bounds
  ---
  duration_ms: 4.328917
  type: 'test'
  ...
# Subtest: item share rejects malformed and overflowing durations before policy or acquisition
ok 345 - item share rejects malformed and overflowing durations before policy or acquisition
  ---
  duration_ms: 9.140375
  type: 'test'
  ...
# Subtest: item share completion rejects invalid consumed durations
ok 346 - item share completion rejects invalid consumed durations
  ---
  duration_ms: 37.26575
  type: 'test'
  ...
# Subtest: item share preserves valid duration strings and omission through authorization and backend
ok 347 - item share preserves valid duration strings and omission through authorization and backend
  ---
  duration_ms: 20.811083
  type: 'test'
  ...
# Subtest: events-api create rejects malformed and overflowing durations before policy or acquisition
ok 348 - events-api create rejects malformed and overflowing durations before policy or acquisition
  ---
  duration_ms: 9.044792
  type: 'test'
  ...
# Subtest: events-api create completion rejects invalid consumed durations
ok 349 - events-api create completion rejects invalid consumed durations
  ---
  duration_ms: 5.386416
  type: 'test'
  ...
# Subtest: events-api create preserves valid duration strings and omission through authorization and backend
ok 350 - events-api create preserves valid duration strings and omission through authorization and backend
  ---
  duration_ms: 5.135583
  type: 'test'
  ...
# Subtest: service-account create rejects malformed and overflowing durations before policy or acquisition
ok 351 - service-account create rejects malformed and overflowing durations before policy or acquisition
  ---
  duration_ms: 4.784584
  type: 'test'
  ...
# Subtest: service-account create completion rejects invalid consumed durations
ok 352 - service-account create completion rejects invalid consumed durations
  ---
  duration_ms: 6.069959
  type: 'test'
  ...
# Subtest: service-account create preserves valid duration strings and omission through authorization and backend
ok 353 - service-account create preserves valid duration strings and omission through authorization and backend
  ---
  duration_ms: 4.891167
  type: 'test'
  ...
# Subtest: connect token create rejects malformed and overflowing durations before policy or acquisition
ok 354 - connect token create rejects malformed and overflowing durations before policy or acquisition
  ---
  duration_ms: 5.912084
  type: 'test'
  ...
# Subtest: connect token create completion rejects invalid consumed durations
ok 355 - connect token create completion rejects invalid consumed durations
  ---
  duration_ms: 4.9045
  type: 'test'
  ...
# Subtest: connect token create preserves valid duration strings and omission through authorization and backend
ok 356 - connect token create preserves valid duration strings and omission through authorization and backend
  ---
  duration_ms: 41.652708
  type: 'test'
  ...
# Subtest: item share expiry alias has the same validation and retains the original spelling of values
ok 357 - item share expiry alias has the same validation and retains the original spelling of values
  ---
  duration_ms: 3.056917
  type: 'test'
  ...
# Subtest: resolved approval and bound backend requests retain raw duration strings and omission
ok 358 - resolved approval and bound backend requests retain raw duration strings and omission
  ---
  duration_ms: 9.658
  type: 'test'
  ...
# Subtest: portable codecs encode known Shift_JIS and GBK bytes and decode split multibyte input
ok 359 - portable codecs encode known Shift_JIS and GBK bytes and decode split multibyte input
  ---
  duration_ms: 2.053916
  type: 'test'
  ...
# Subtest: codec accepts only native verified aliases, including empty default
ok 360 - codec accepts only native verified aliases, including empty default
  ---
  duration_ms: 0.608125
  type: 'test'
  ...
# Subtest: global encoding transcodes generic JSON stdin and metadata output
ok 361 - global encoding transcodes generic JSON stdin and metadata output
  ---
  duration_ms: 3.723958
  type: 'test'
  ...
# Subtest: item templates decode selected encoding from files and produce selected metadata bytes
ok 362 - item templates decode selected encoding from files and produce selected metadata bytes
  ---
  duration_ms: 2.180542
  type: 'test'
  ...
# Subtest: read and inject transcode their text output and inject decodes selected template encoding
ok 363 - read and inject transcode their text output and inject decodes selected template encoding
  ---
  duration_ms: 2.187792
  type: 'test'
  ...
# Subtest: document upload and download ignore text transcoding
ok 364 - document upload and download ignore text transcoding
  ---
  duration_ms: 3.781084
  type: 'test'
  ...
# Subtest: dotenv stays UTF8 and child output bytes are not transcoded
ok 365 - dotenv stays UTF8 and child output bytes are not transcoded
  ---
  duration_ms: 1.276625
  type: 'test'
  ...
# Subtest: unsupported encoding fails before backend effects
ok 366 - unsupported encoding fails before backend effects
  ---
  duration_ms: 0.74375
  type: 'test'
  ...
# Subtest: native help and version flags bypass encoding validation, but help command does not
ok 367 - native help and version flags bypass encoding validation, but help command does not
  ---
  duration_ms: 81.070625
  type: 'test'
  ...
# Subtest: selected encoding decodes UTF8 argv before approval and keeps diagnostics UTF8
ok 368 - selected encoding decodes UTF8 argv before approval and keeps diagnostics UTF8
  ---
  duration_ms: 1.838459
  type: 'test'
  ...
# Subtest: public renderer encodes human fields while concealing passwords
ok 369 - public renderer encodes human fields while concealing passwords
  ---
  duration_ms: 0.302334
  type: 'test'
  ...
# Subtest: generic text out-file uses selected encoding and preserves file write policy
ok 370 - generic text out-file uses selected encoding and preserves file write policy
  ---
  duration_ms: 0.927084
  type: 'test'
  ...
# Subtest: capture stores values but returns only metadata, and retrieve returns exact snapshot
ok 371 - capture stores values but returns only metadata, and retrieve returns exact snapshot
  ---
  duration_ms: 6.721
  type: 'test'
  ...
# Subtest: restore requires an explicit host capability and never pretends to change a parent shell
ok 372 - restore requires an explicit host capability and never pretends to change a parent shell
  ---
  duration_ms: 1.659042
  type: 'test'
  ...
# Subtest: restored child gets exact snapshot while caller environment is untouched
ok 373 - restored child gets exact snapshot while caller environment is untouched
  ---
  duration_ms: 0.611167
  type: 'test'
  ...
# Subtest: restored child output masks captured values across chunks
ok 374 - restored child output masks captured values across chunks
  ---
  duration_ms: 1.317125
  type: 'test'
  ...
# Subtest: restored child can explicitly disable output masking
ok 375 - restored child can explicitly disable output masking
  ---
  duration_ms: 0.359875
  type: 'test'
  ...
# Subtest: restoration observes cancellation even when an unmasked child returns success
ok 376 - restoration observes cancellation even when an unmasked child returns success
  ---
  duration_ms: 0.206417
  type: 'test'
  ...
# Subtest: shell restoration quotes literal values and removes newly introduced variables
ok 377 - shell restoration quotes literal values and removes newly introduced variables
  ---
  duration_ms: 0.289292
  type: 'test'
  ...
# Subtest: bash selected restoration emits only snapshot variables
ok 378 - bash selected restoration emits only snapshot variables
  ---
  duration_ms: 0.344292
  type: 'test'
  ...
# Subtest: bash selected restoration explicitly unsets absent snapshot keys
ok 379 - bash selected restoration explicitly unsets absent snapshot keys
  ---
  duration_ms: 0.384625
  type: 'test'
  ...
# Subtest: zsh selected restoration emits only snapshot variables
ok 380 - zsh selected restoration emits only snapshot variables
  ---
  duration_ms: 1.021417
  type: 'test'
  ...
# Subtest: zsh selected restoration explicitly unsets absent snapshot keys
ok 381 - zsh selected restoration explicitly unsets absent snapshot keys
  ---
  duration_ms: 0.392833
  type: 'test'
  ...
# Subtest: sh selected restoration emits only snapshot variables
ok 382 - sh selected restoration emits only snapshot variables
  ---
  duration_ms: 0.295917
  type: 'test'
  ...
# Subtest: sh selected restoration explicitly unsets absent snapshot keys
ok 383 - sh selected restoration explicitly unsets absent snapshot keys
  ---
  duration_ms: 1.379292
  type: 'test'
  ...
# Subtest: fish selected restoration emits only snapshot variables
ok 384 - fish selected restoration emits only snapshot variables
  ---
  duration_ms: 0.306959
  type: 'test'
  ...
# Subtest: fish selected restoration explicitly unsets absent snapshot keys
ok 385 - fish selected restoration explicitly unsets absent snapshot keys
  ---
  duration_ms: 0.319208
  type: 'test'
  ...
# Subtest: powershell selected restoration emits only snapshot variables
ok 386 - powershell selected restoration emits only snapshot variables
  ---
  duration_ms: 1.413792
  type: 'test'
  ...
# Subtest: powershell selected restoration explicitly unsets absent snapshot keys
ok 387 - powershell selected restoration explicitly unsets absent snapshot keys
  ---
  duration_ms: 0.418375
  type: 'test'
  ...
# Subtest: empty selected shell restoration ignores unrelated non-shell variable names
ok 388 - empty selected shell restoration ignores unrelated non-shell variable names
  ---
  duration_ms: 0.581292
  type: 'test'
  ...
# Subtest: approval denial prevents environment capture and restoration
ok 389 - approval denial prevents environment capture and restoration
  ---
  duration_ms: 3.896459
  type: 'test'
  ...
# Subtest: public CLI and SDK route capture, retrieval, listing and restoration
ok 390 - public CLI and SDK route capture, retrieval, listing and restoration
  ---
  duration_ms: 2.74825
  type: 'test'
  ...
# Subtest: public beta run composes with object environment read and preserves exact string values
ok 391 - public beta run composes with object environment read and preserves exact string values
  ---
  duration_ms: 5.471084
  type: 'test'
  ...
# Subtest: public beta run applies later environments over later dotenv files and shell values
ok 392 - public beta run applies later environments over later dotenv files and shell values
  ---
  duration_ms: 25.00425
  type: 'test'
  ...
# Subtest: public beta run masks object environment values across byte chunks on both streams
ok 393 - public beta run masks object environment values across byte chunks on both streams
  ---
  duration_ms: 4.711625
  type: 'test'
  ...
# Subtest: public beta run honors explicit no-masking for object environment values
ok 394 - public beta run honors explicit no-masking for object environment values
  ---
  duration_ms: 0.942334
  type: 'test'
  ...
# Subtest: public beta run validates every record value before invoking a child
ok 395 - public beta run validates every record value before invoking a child
  ---
  duration_ms: 27.431166
  type: 'test'
  ...
# Subtest: public beta run rejects non-record non-dotenv backend results
ok 396 - public beta run rejects non-record non-dotenv backend results
  ---
  duration_ms: 5.568667
  type: 'test'
  ...
# Subtest: public beta run accepts empty and null-prototype string records
ok 397 - public beta run accepts empty and null-prototype string records
  ---
  duration_ms: 0.654167
  type: 'test'
  ...
# Subtest: public beta run preserves custom backend dotenv text compatibility and masking
ok 398 - public beta run preserves custom backend dotenv text compatibility and masking
  ---
  duration_ms: 0.455083
  type: 'test'
  ...
# Subtest: public beta run literal approval denial prevents environment reads, dotenv IO, and child invocation
ok 399 - public beta run literal approval denial prevents environment reads, dotenv IO, and child invocation
  ---
  duration_ms: 1.998666
  type: 'test'
  ...
# Subtest: complete snapshots restore exact variables including empty values
ok 400 - complete snapshots restore exact variables including empty values
  ---
  duration_ms: 0.838125
  type: 'test'
  ...
# Subtest: selected snapshots distinguish unset variables and preserve unrelated values
ok 401 - selected snapshots distinguish unset variables and preserve unrelated values
  ---
  duration_ms: 0.144209
  type: 'test'
  ...
# Subtest: snapshots and restored values are detached and serialize losslessly
ok 402 - snapshots and restored values are detached and serialize losslessly
  ---
  duration_ms: 0.110375
  type: 'test'
  ...
# Subtest: invalid snapshots fail without changing current state
ok 403 - invalid snapshots fail without changing current state
  ---
  duration_ms: 0.209875
  type: 'test'
  ...
# Subtest: prototype-like variable names remain ordinary data
ok 404 - prototype-like variable names remain ordinary data
  ---
  duration_ms: 0.057792
  type: 'test'
  ...
# Subtest: capture rejects invalid names and NUL values without leaking values
ok 405 - capture rejects invalid names and NUL values without leaking values
  ---
  duration_ms: 0.166542
  type: 'test'
  ...
# Subtest: independent: run captures env argv and host callbacks before asynchronous acquisition
ok 406 - independent: run captures env argv and host callbacks before asynchronous acquisition
  ---
  duration_ms: 4.479583
  type: 'test'
  ...
# Subtest: independent: stdin snapshot owns Buffer views before requesting another chunk
ok 407 - independent: stdin snapshot owns Buffer views before requesting another chunk
  ---
  duration_ms: 0.616042
  type: 'test'
  ...
# Subtest: independent: execution cannot acquire uncached files or mutate cached binary input
ok 408 - independent: execution cannot acquire uncached files or mutate cached binary input
  ---
  duration_ms: 0.76625
  type: 'test'
  ...
# Subtest: independent: binary document output preserves exact bytes and approved file options
ok 409 - independent: binary document output preserves exact bytes and approved file options
  ---
  duration_ms: 0.911209
  type: 'test'
  ...
# Subtest: independent: prepared item templates and attachment sources replay without fresh acquisition
ok 410 - independent: prepared item templates and attachment sources replay without fresh acquisition
  ---
  duration_ms: 2.022416
  type: 'test'
  ...
# Subtest: independent: literal inject templates preserve quotes newlines and Unicode through replay
ok 411 - independent: literal inject templates preserve quotes newlines and Unicode through replay
  ---
  duration_ms: 0.589459
  type: 'test'
  ...
# Subtest: independent: complete snapshot restoration manifests only final set and unset names
ok 412 - independent: complete snapshot restoration manifests only final set and unset names
  ---
  duration_ms: 0.949584
  type: 'test'
  ...
# Subtest: independent: aborted acquisition never starts a later source or backend operation
ok 413 - independent: aborted acquisition never starts a later source or backend operation
  ---
  duration_ms: 0.365042
  type: 'test'
  ...
# Subtest: prepared sources detach caller bytes and replay without reading the host twice
ok 414 - prepared sources detach caller bytes and replay without reading the host twice
  ---
  duration_ms: 2.163416
  type: 'test'
  ...
# Subtest: preparation copies env and observes cancellation before source acquisition
ok 415 - preparation copies env and observes cancellation before source acquisition
  ---
  duration_ms: 0.173916
  type: 'test'
  ...
# Subtest: read and inject prepare every reference without executing the backend
ok 416 - read and inject prepare every reference without executing the backend
  ---
  duration_ms: 1.863625
  type: 'test'
  ...
# Subtest: item and document preparation pin the exact binary mutation input
ok 417 - item and document preparation pin the exact binary mutation input
  ---
  duration_ms: 0.954791
  type: 'test'
  ...
# Subtest: run snapshots dotenv and nested references, requiring metadata for Environment dependencies
ok 418 - run snapshots dotenv and nested references, requiring metadata for Environment dependencies
  ---
  duration_ms: 0.465209
  type: 'test'
  ...
# Subtest: snapshot create privately pins values and restore requires value-free key metadata
ok 419 - snapshot create privately pins values and restore requires value-free key metadata
  ---
  duration_ms: 0.529625
  type: 'test'
  ...
# Subtest: prepared execution guards destinations and child intent and captures sink methods
ok 420 - prepared execution guards destinations and child intent and captures sink methods
  ---
  duration_ms: 0.6855
  type: 'test'
  ...
# Subtest: prepared handler execution uses owned sources and the same planned mutation
ok 421 - prepared handler execution uses owned sources and the same planned mutation
  ---
  duration_ms: 0.673333
  type: 'test'
  ...
# Subtest: approval effects omit child argument values and deeply freeze display intent
ok 422 - approval effects omit child argument values and deeply freeze display intent
  ---
  duration_ms: 0.504708
  type: 'test'
  ...
# Subtest: inject reuses captured template after approval and plans duplicate references in order
ok 423 - inject reuses captured template after approval and plans duplicate references in order
  ---
  duration_ms: 1.201
  type: 'test'
  ...
# Subtest: run pins file contents, inherited env and invocation arguments across approval
ok 424 - run pins file contents, inherited env and invocation arguments across approval
  ---
  duration_ms: 0.944583
  type: 'test'
  ...
# Subtest: secret-dependent environment selectors fail before execution rather than guessing
ok 425 - secret-dependent environment selectors fail before execution rather than guessing
  ---
  duration_ms: 0.317875
  type: 'test'
  ...
# Subtest: aborted pending preparation settles and never starts a second acquisition
ok 426 - aborted pending preparation settles and never starts a second acquisition
  ---
  duration_ms: 0.203416
  type: 'test'
  ...
# Subtest: Environment overlays cannot silently discard planned secret dependencies
ok 427 - Environment overlays cannot silently discard planned secret dependencies
  ---
  duration_ms: 0.126625
  type: 'test'
  ...
# Subtest: document stdin is consumed once and remains binary through prepared execution
ok 428 - document stdin is consumed once and remains binary through prepared execution
  ---
  duration_ms: 0.362667
  type: 'test'
  ...
# Subtest: root entry point exposes the plugin selection capability contract
ok 429 - root entry point exposes the plugin selection capability contract
  ---
  duration_ms: 0.696375
  type: 'test'
  ...
# Subtest: root and Node entry points expose the same overwrite confirmation contract
ok 430 - root and Node entry points expose the same overwrite confirmation contract
  ---
  duration_ms: 0.204625
  type: 'test'
  ...
# Subtest: public plugin inspection selects scoped metadata before approving the bound target
ok 431 - public plugin inspection selects scoped metadata before approving the bound target
  ---
  duration_ms: 16.293375
  type: 'test'
  ...
# Subtest: public plugin selection cannot run before either permission gate
ok 432 - public plugin selection cannot run before either permission gate
  ---
  duration_ms: 3.747667
  type: 'test'
  ...
# Subtest: public plugin selection rejects display labels and foreign IDs before final approval
ok 433 - public plugin selection rejects display labels and foreign IDs before final approval
  ---
  duration_ms: 8.110667
  type: 'test'
  ...
# Subtest: object backend routes external capabilities only after host approval
ok 434 - object backend routes external capabilities only after host approval
  ---
  duration_ms: 11.566333
  type: 'test'
  ...
# Subtest: public factory resolves object-backed references through approval
ok 435 - public factory resolves object-backed references through approval
  ---
  duration_ms: 2.671375
  type: 'test'
  ...
# Subtest: public factory denies secret resolution without calling a custom backend
ok 436 - public factory denies secret resolution without calling a custom backend
  ---
  duration_ms: 6.09325
  type: 'test'
  ...
# Subtest: public factory routes ordinary commands to an arbitrary backend
ok 437 - public factory routes ordinary commands to an arbitrary backend
  ---
  duration_ms: 2.121792
  type: 'test'
  ...
# Subtest: item metadata commands do not reveal attachment bodies
ok 438 - item metadata commands do not reveal attachment bodies
  ---
  duration_ms: 10.654625
  type: 'test'
  ...
# Subtest: bulk create forwards one ordered array after literal approval of the original request once
ok 439 - bulk create forwards one ordered array after literal approval of the original request once
  ---
  duration_ms: 4.784209
  type: 'test'
  ...
# Subtest: public bulk create applies assignments to every item and preserves result order
ok 440 - public bulk create applies assignments to every item and preserves result order
  ---
  duration_ms: 4.475584
  type: 'test'
  ...
# Subtest: bulk dry run previews every item without mutating the store
ok 441 - bulk dry run previews every item without mutating the store
  ---
  duration_ms: 1.974083
  type: 'test'
  ...
# Subtest: late malformed templates produce no output or partial mutations
ok 442 - late malformed templates produce no output or partial mutations
  ---
  duration_ms: 3.336416
  type: 'test'
  ...
# Subtest: bulk authorization denial does not consume input or invoke backend
ok 443 - bulk authorization denial does not consume input or invoke backend
  ---
  duration_ms: 0.656917
  type: 'test'
  ...
# Subtest: bulk attachments are read once and copied separately into each template
ok 444 - bulk attachments are read once and copied separately into each template
  ---
  duration_ms: 1.79025
  type: 'test'
  ...
# Subtest: late attachment failure and cancellation never invoke the bulk backend
ok 445 - late attachment failure and cancellation never invoke the bulk backend
  ---
  duration_ms: 7.682458
  type: 'test'
  ...
# Subtest: duplicated item templates receive fresh IDs with consistent section links
ok 446 - duplicated item templates receive fresh IDs with consistent section links
  ---
  duration_ms: 13.26625
  type: 'test'
  ...
# Subtest: bulk parsing rejects empty, nested, scalar, and malformed arrays before backend execution
ok 447 - bulk parsing rejects empty, nested, scalar, and malformed arrays before backend execution
  ---
  duration_ms: 4.090833
  type: 'test'
  ...
# Subtest: bulk arrays are not silently accepted by item edit or template file input
ok 448 - bulk arrays are not silently accepted by item edit or template file input
  ---
  duration_ms: 3.54075
  type: 'test'
  ...
# Subtest: public cross-account list get create pipeline remaps references to the explicit destination
ok 449 - public cross-account list get create pipeline remaps references to the explicit destination
  ---
  duration_ms: 29.653208
  type: 'test'
  ...
# Subtest: bulk duplication never publishes stale source references on remapped fields
ok 450 - bulk duplication never publishes stale source references on remapped fields
  ---
  duration_ms: 1.499792
  type: 'test'
  ...
# Subtest: public createOp loads item create templates and assignments override template fields
ok 451 - public createOp loads item create templates and assignments override template fields
  ---
  duration_ms: 43.029417
  type: 'test'
  ...
# Subtest: public createOp loads edit templates and preserves unmodified metadata
ok 452 - public createOp loads edit templates and preserves unmodified metadata
  ---
  duration_ms: 1.007417
  type: 'test'
  ...
# Subtest: public createOp reads file attachments as bytes with escaped section and file names
ok 453 - public createOp reads file attachments as bytes with escaped section and file names
  ---
  duration_ms: 0.852916
  type: 'test'
  ...
# Subtest: stdin JSON templates support create marker and edit with assignment precedence
ok 454 - stdin JSON templates support create marker and edit with assignment precedence
  ---
  duration_ms: 6.388167
  type: 'test'
  ...
# Subtest: template and stdin collisions and invalid JSON fail without backend calls
ok 455 - template and stdin collisions and invalid JSON fail without backend calls
  ---
  duration_ms: 7.096917
  type: 'test'
  ...
# Subtest: file assignments are consumed and passed as isolated bytes while other arguments stay literal
ok 456 - file assignments are consumed and passed as isolated bytes while other arguments stay literal
  ---
  duration_ms: 1.989083
  type: 'test'
  ...
# Subtest: dry-run previews item templates and attachments without changing backend state
ok 457 - dry-run previews item templates and attachments without changing backend state
  ---
  duration_ms: 0.781958
  type: 'test'
  ...
# Subtest: item output omits attachment content and uses shared field masking and reveal behavior
ok 458 - item output omits attachment content and uses shared field masking and reveal behavior
  ---
  duration_ms: 0.567333
  type: 'test'
  ...
# Subtest: missing file capability and attachment failures do not execute or emit partial items
ok 459 - missing file capability and attachment failures do not execute or emit partial items
  ---
  duration_ms: 0.501834
  type: 'test'
  ...
# Subtest: attachment parsing validates assignments before reading files
ok 460 - attachment parsing validates assignments before reading files
  ---
  duration_ms: 3.733541
  type: 'test'
  ...
# Subtest: cancellation stops a pending file read before backend execution
ok 461 - cancellation stops a pending file read before backend execution
  ---
  duration_ms: 0.541709
  type: 'test'
  ...
# Subtest: handler awaits output and propagates sink failures
ok 462 - handler awaits output and propagates sink failures
  ---
  duration_ms: 4.197709
  type: 'test'
  ...
# Subtest: authorization denial happens before template and attachment IO
ok 463 - authorization denial happens before template and attachment IO
  ---
  duration_ms: 0.709834
  type: 'test'
  ...
# Subtest: a later attachment failure does not persist or output a partially loaded item
ok 464 - a later attachment failure does not persist or output a partially loaded item
  ---
  duration_ms: 0.308167
  type: 'test'
  ...
# Subtest: run: abort waits for the owned child close event
ok 465 - run: abort waits for the owned child close event
  ---
  duration_ms: 8.16125
  type: 'test'
  ...
# Subtest: run: error waits for the owned child close event
ok 466 - run: error waits for the owned child close event
  ---
  duration_ms: 1.707042
  type: 'test'
  ...
# Subtest: run: child output cannot be forwarded after the CLI settles on error
ok 467 - run: child output cannot be forwarded after the CLI settles on error
  ---
  duration_ms: 2.675041
  type: 'test'
  ...
# Subtest: unmasked run: abort waits for the owned child close event
ok 468 - unmasked run: abort waits for the owned child close event
  ---
  duration_ms: 1.51575
  type: 'test'
  ...
# Subtest: unmasked run: error waits for the owned child close event
ok 469 - unmasked run: error waits for the owned child close event
  ---
  duration_ms: 1.529833
  type: 'test'
  ...
# Subtest: unmasked run: child output cannot be forwarded after the CLI settles on error
ok 470 - unmasked run: child output cannot be forwarded after the CLI settles on error
  ---
  duration_ms: 1.776208
  type: 'test'
  ...
# Subtest: snapshot restore: abort waits for the owned child close event
ok 471 - snapshot restore: abort waits for the owned child close event
  ---
  duration_ms: 2.386125
  type: 'test'
  ...
# Subtest: snapshot restore: error waits for the owned child close event
ok 472 - snapshot restore: error waits for the owned child close event
  ---
  duration_ms: 2.275083
  type: 'test'
  ...
# Subtest: snapshot restore: child output cannot be forwarded after the CLI settles on error
ok 473 - snapshot restore: child output cannot be forwarded after the CLI settles on error
  ---
  duration_ms: 3.15525
  type: 'test'
  ...
# Subtest: Node child output write errors still await child close
ok 474 - Node child output write errors still await child close
  ---
  duration_ms: 40.908666
  type: 'test'
  ...
# Subtest: normal child close waits for outstanding output callbacks before returning
ok 475 - normal child close waits for outstanding output callbacks before returning
  ---
  duration_ms: 15.72925
  type: 'test'
  ...
# Subtest: snapshot masking takes ownership of Uint8Array writes before asynchronous processing
ok 476 - snapshot masking takes ownership of Uint8Array writes before asynchronous processing
  ---
  duration_ms: 20.650125
  type: 'test'
  ...
# Subtest: snapshot masking takes ownership of Buffer writes before asynchronous processing
ok 477 - snapshot masking takes ownership of Buffer writes before asynchronous processing
  ---
  duration_ms: 19.182125
  type: 'test'
  ...
# Subtest: snapshot masking handles split UTF-8, overlapping secrets and independent output streams
ok 478 - snapshot masking handles split UTF-8, overlapping secrets and independent output streams
  ---
  duration_ms: 9.997208
  type: 'test'
  ...
# Subtest: aborted persistence waits for temporary cleanup and never renames staged state
ok 479 - aborted persistence waits for temporary cleanup and never renames staged state
  ---
  duration_ms: 17.383125
  type: 'test'
  ...
# Subtest: persisted snapshots preserve binary views and environment metadata across independent CLI runs
ok 480 - persisted snapshots preserve binary views and environment metadata across independent CLI runs
  ---
  duration_ms: 4.513
  type: 'test'
  ...
# Subtest: native 2.39.0 canonical stable leaf manifest matches exactly
ok 481 - native 2.39.0 canonical stable leaf manifest matches exactly
  ---
  duration_ms: 1.20275
  type: 'test'
  ...
# Subtest: native inherited flags exclude root-only version
ok 482 - native inherited flags exclude root-only version
  ---
  duration_ms: 0.329041
  type: 'test'
  ...
# Subtest: native local flag kinds and short/hidden aliases match the pinned fixture
ok 483 - native local flag kinds and short/hidden aliases match the pinned fixture
  ---
  duration_ms: 1.471125
  type: 'test'
  ...
# Subtest: every pinned native leaf and command alias accepts its local and inherited flags
ok 484 - every pinned native leaf and command alias accepts its local and inherited flags
  ---
  duration_ms: 303.334208
  type: 'test'
  ...
# Subtest: native root version emits a scalar and is rejected on every child leaf
ok 485 - native root version emits a scalar and is rejected on every child leaf
  ---
  duration_ms: 6.952084
  type: 'test'
  ...
# Subtest: help works without configured backend and describes extension environment
ok 486 - help works without configured backend and describes extension environment
  ---
  duration_ms: 46.971041
  type: 'test'
  ...
# Subtest: node plugin chooser is captured before module loading and forwarded without wrapping
ok 487 - node plugin chooser is captured before module loading and forwarded without wrapping
  ---
  duration_ms: 5.996875
  type: 'test'
  ...
# Subtest: node plugin denial performs no module or candidate loading and no selection
ok 488 - node plugin denial performs no module or candidate loading and no selection
  ---
  duration_ms: 1.938875
  type: 'test'
  ...
# Subtest: node object plugin inspect offers only metadata and accepts an explicit sync or async choice
ok 489 - node object plugin inspect offers only metadata and accepts an explicit sync or async choice
  ---
  duration_ms: 10.665167
  type: 'test'
  ...
# Subtest: node plugin inspection never defaults a missing, cancelled or unoffered choice
ok 490 - node plugin inspection never defaults a missing, cancelled or unoffered choice
  ---
  duration_ms: 49.66225
  type: 'test'
  ...
# Subtest: node explicit plugin inspection bypasses the chooser
ok 491 - node explicit plugin inspection bypasses the chooser
  ---
  duration_ms: 12.051125
  type: 'test'
  ...
# Subtest: missing or conflicting explicit backend configuration fails
ok 492 - missing or conflicting explicit backend configuration fails
  ---
  duration_ms: 1.632584
  type: 'test'
  ...
# Subtest: hidden completion callbacks retain their final directive when completing help flags
ok 493 - hidden completion callbacks retain their final directive when completing help flags
  ---
  duration_ms: 6.554584
  type: 'test'
  ...
# Subtest: completion callback names elsewhere do not suppress ordinary help
ok 494 - completion callback names elsewhere do not suppress ordinary help
  ---
  duration_ms: 49.279
  type: 'test'
  ...
# Subtest: loads a default backend object using a cwd-relative module URL
ok 495 - loads a default backend object using a cwd-relative module URL
  ---
  duration_ms: 2.428667
  type: 'test'
  ...
# Subtest: rejects backend factories rather than executing arbitrary export shapes
ok 496 - rejects backend factories rather than executing arbitrary export shapes
  ---
  duration_ms: 0.517708
  type: 'test'
  ...
# Subtest: module resolved policy exports approve sanitized bindings and refuse changed selections
ok 497 - module resolved policy exports approve sanitized bindings and refuse changed selections
  ---
  duration_ms: 26.528833
  type: 'test'
  ...
# Subtest: Node literal approval compatibility requires explicit host configuration
ok 498 - Node literal approval compatibility requires explicit host configuration
  ---
  duration_ms: 1.149833
  type: 'test'
  ...
# Subtest: resolved file backend approval fails closed without cross-process revision support
ok 499 - resolved file backend approval fails closed without cross-process revision support
  ---
  duration_ms: 1.260667
  type: 'test'
  ...
# Subtest: reads and injects secrets through the root SDK helpers
ok 500 - reads and injects secrets through the root SDK helpers
  ---
  duration_ms: 13.124875
  type: 'test'
  ...
# Subtest: run spawns literal argv with resolved environment and awaits output
ok 501 - run spawns literal argv with resolved environment and awaits output
  ---
  duration_ms: 6.802459
  type: 'test'
  ...
# Subtest: already cancelled invocations do not load backends
ok 502 - already cancelled invocations do not load backends
  ---
  duration_ms: 0.939666
  type: 'test'
  ...
# Subtest: object mutations persist atomically with private temporary permissions
ok 503 - object mutations persist atomically with private temporary permissions
  ---
  duration_ms: 6.092334
  type: 'test'
  ...
# Subtest: read-only commands do not rewrite the seed
ok 504 - read-only commands do not rewrite the seed
  ---
  duration_ms: 1.019792
  type: 'test'
  ...
# Subtest: failed atomic persistence preserves the seed and removes its temporary file
ok 505 - failed atomic persistence preserves the seed and removes its temporary file
  ---
  duration_ms: 1.569709
  type: 'test'
  ...
# Subtest: partial temporary writes are removed after failure
ok 506 - partial temporary writes are removed after failure
  ---
  duration_ms: 1.473667
  type: 'test'
  ...
# Subtest: host awaits asynchronous stream write callbacks
ok 507 - host awaits asynchronous stream write callbacks
  ---
  duration_ms: 1.158834
  type: 'test'
  ...
# Subtest: spawn cancellation forwards the signal and terminates child work
ok 508 - spawn cancellation forwards the signal and terminates child work
  ---
  duration_ms: 0.925084
  type: 'test'
  ...
# Subtest: module authorization denies helper execution before spawning
ok 509 - module authorization denies helper execution before spawning
  ---
  duration_ms: 0.732209
  type: 'test'
  ...
# Subtest: module approval callback receives authorized request and controls execution
ok 510 - module approval callback receives authorized request and controls execution
  ---
  duration_ms: 1.46525
  type: 'test'
  ...
# Subtest: completion works without backend configuration
ok 511 - completion works without backend configuration
  ---
  duration_ms: 0.585375
  type: 'test'
  ...
# Subtest: version reads the runtime package version without loading a backend
ok 512 - version reads the runtime package version without loading a backend
  ---
  duration_ms: 44.354459
  type: 'test'
  ...
# Subtest: short version flag uses the injected package version
ok 513 - short version flag uses the injected package version
  ---
  duration_ms: 1.408542
  type: 'test'
  ...
# Subtest: output files use private permissions by default
ok 514 - output files use private permissions by default
  ---
  duration_ms: 1.369583
  type: 'test'
  ...
# Subtest: output cancellation after opening preserves content and permissions and closes the handle
ok 515 - output cancellation after opening preserves content and permissions and closes the handle
  ---
  duration_ms: 3.438542
  type: 'test'
  ...
# Subtest: empty output symlinks are refused without force
ok 516 - empty output symlinks are refused without force
  ---
  duration_ms: 1.20025
  type: 'test'
  ...
# Subtest: force overwrites output and enforces the requested mode on existing files
ok 517 - force overwrites output and enforces the requested mode on existing files
  ---
  duration_ms: 1.2245
  type: 'test'
  ...
# Subtest: exclusive output creation preserves an existing file without force
ok 518 - exclusive output creation preserves an existing file without force
  ---
  duration_ms: 1.816833
  type: 'test'
  ...
# Subtest: interactive commands do not wait for terminal stdin
ok 519 - interactive commands do not wait for terminal stdin
  ---
  duration_ms: 0.984334
  type: 'test'
  ...
# Subtest: backend module file paths without dot prefix resolve from cwd
ok 520 - backend module file paths without dot prefix resolve from cwd
  ---
  duration_ms: 0.74025
  type: 'test'
  ...
# Subtest: cancellation interrupts pending piped stdin
ok 521 - cancellation interrupts pending piped stdin
  ---
  duration_ms: 0.989708
  type: 'test'
  ...
# Subtest: borrowed input errors and premature closure settle the command
ok 522 - borrowed input errors and premature closure settle the command
  ---
  duration_ms: 5.887458
  type: 'test'
  ...
# Subtest: binary documents survive persistence and a separate CLI invocation
ok 523 - binary documents survive persistence and a separate CLI invocation
  ---
  duration_ms: 64.139875
  type: 'test'
  ...
# Subtest: compatibility channel defaults to stable and enables beta command help explicitly
ok 524 - compatibility channel defaults to stable and enables beta command help explicitly
  ---
  duration_ms: 3.875
  type: 'test'
  ...
# Subtest: invalid compatibility channels fail without loading a backend
ok 525 - invalid compatibility channels fail without loading a backend
  ---
  duration_ms: 0.872292
  type: 'test'
  ...
# Subtest: binary document output respects the terminal capability
ok 526 - binary document output respects the terminal capability
  ---
  duration_ms: 1.522
  type: 'test'
  ...
# Subtest: environment restore emits shell output or invokes a child without changing the parent environment
ok 527 - environment restore emits shell output or invokes a child without changing the parent environment
  ---
  duration_ms: 5.046292
  type: 'test'
  ...
# Subtest: object backend generates and transforms an Ed25519 key across CLI invocations
ok 528 - object backend generates and transforms an Ed25519 key across CLI invocations
  ---
  duration_ms: 103.287125
  type: 'test'
  ...
# Subtest: plugin scope supplies normalized absolute paths without deriving terminal identity
ok 529 - plugin scope supplies normalized absolute paths without deriving terminal identity
  ---
  duration_ms: 1.130416
  type: 'test'
  ...
# Subtest: plugin scope defaults are absolute and explicit terminal identity has injected precedence
ok 530 - plugin scope defaults are absolute and explicit terminal identity has injected precedence
  ---
  duration_ms: 1.4035
  type: 'test'
  ...
# Subtest: native scope separators become portable without changing the spawned cwd
ok 531 - native scope separators become portable without changing the spawned cwd
  ---
  duration_ms: 0.714167
  type: 'test'
  ...
# Subtest: win32 UNC share roots normalize canonically while drive and POSIX roots retain their slash
ok 532 - win32 UNC share roots normalize canonically while drive and POSIX roots retain their slash
  ---
  duration_ms: 0.09525
  type: 'test'
  ...
# Subtest: plugin clear confirmation is an optional host capability and central authorization still applies
ok 533 - plugin clear confirmation is an optional host capability and central authorization still applies
  ---
  duration_ms: 0.9665
  type: 'test'
  ...
# Subtest: object plugin clearing requires confirmation unless force is explicit
ok 534 - object plugin clearing requires confirmation unless force is explicit
  ---
  duration_ms: 104.27
  type: 'test'
  ...
# Subtest: authentication context is explicitly injected and bound before authorization
ok 535 - authentication context is explicitly injected and bound before authorization
  ---
  duration_ms: 0.841209
  type: 'test'
  ...
# Subtest: authentication identity is never inferred from plugin or session environment metadata
ok 536 - authentication identity is never inferred from plugin or session environment metadata
  ---
  duration_ms: 0.639
  type: 'test'
  ...
# Subtest: managed app authentication survives restart but requires explicit trusted terminal context
ok 537 - managed app authentication survives restart but requires explicit trusted terminal context
  ---
  duration_ms: 18.91875
  type: 'test'
  ...
# Subtest: managed snapshot integration overrides are temporary and never inferred from app sessions
ok 538 - managed snapshot integration overrides are temporary and never inferred from app sessions
  ---
  duration_ms: 5.1975
  type: 'test'
  ...
# Subtest: persisted app defaults remain below OP_ACCOUNT and explicit account flags across invocations
ok 539 - persisted app defaults remain below OP_ACCOUNT and explicit account flags across invocations
  ---
  duration_ms: 7.8755
  type: 'test'
  ...
# Subtest: explicit manual tokens work without terminal context across CLI invocations
ok 540 - explicit manual tokens work without terminal context across CLI invocations
  ---
  duration_ms: 2.825083
  type: 'test'
  ...
# Subtest: document get document-id confirms nonempty output before changing bytes or mode
ok 541 - document get document-id confirms nonempty output before changing bytes or mode
  ---
  duration_ms: 69.880125
  type: 'test'
  ...
# Subtest: read op://Private/Service/file.bin confirms nonempty output before changing bytes or mode
ok 542 - read op://Private/Service/file.bin confirms nonempty output before changing bytes or mode
  ---
  duration_ms: 1.732458
  type: 'test'
  ...
# Subtest: inject --in-file input.tpl confirms nonempty output before changing bytes or mode
ok 543 - inject --in-file input.tpl confirms nonempty output before changing bytes or mode
  ---
  duration_ms: 1.689375
  type: 'test'
  ...
# Subtest: item template get Login --format=json confirms nonempty output before changing bytes or mode
ok 544 - item template get Login --format=json confirms nonempty output before changing bytes or mode
  ---
  duration_ms: 4.081875
  type: 'test'
  ...
# Subtest: overwrite confirmation false preserves existing bytes and mode
ok 545 - overwrite confirmation false preserves existing bytes and mode
  ---
  duration_ms: 1.469292
  type: 'test'
  ...
# Subtest: overwrite confirmation EOF preserves existing bytes and mode
ok 546 - overwrite confirmation EOF preserves existing bytes and mode
  ---
  duration_ms: 0.909208
  type: 'test'
  ...
# Subtest: overwrite confirmation truthy preserves existing bytes and mode
ok 547 - overwrite confirmation truthy preserves existing bytes and mode
  ---
  duration_ms: 0.993375
  type: 'test'
  ...
# Subtest: overwrite confirmation throw preserves existing bytes and mode
ok 548 - overwrite confirmation throw preserves existing bytes and mode
  ---
  duration_ms: 1.476416
  type: 'test'
  ...
# Subtest: overwrite confirmation reject preserves existing bytes and mode
ok 549 - overwrite confirmation reject preserves existing bytes and mode
  ---
  duration_ms: 2.073375
  type: 'test'
  ...
# Subtest: force and empty or absent outputs bypass confirmation but force never bypasses operation policy
ok 550 - force and empty or absent outputs bypass confirmation but force never bypasses operation policy
  ---
  duration_ms: 62.225375
  type: 'test'
  ...
# Subtest: aborting pending overwrite confirmation settles and late consent has no effects
ok 551 - aborting pending overwrite confirmation settles and late consent has no effects
  ---
  duration_ms: 19.362208
  type: 'test'
  ...
# Subtest: confirmation retains the opened file handle across path replacement and truncates shorter output
ok 552 - confirmation retains the opened file handle across path replacement and truncates shorter output
  ---
  duration_ms: 5.632958
  type: 'test'
  ...
# Subtest: document file host fills an existing empty output without force
ok 553 - document file host fills an existing empty output without force
  ---
  duration_ms: 3.401292
  type: 'test'
  ...
# Subtest: document file host retains nonempty content and mode without force
ok 554 - document file host retains nonempty content and mode without force
  ---
  duration_ms: 1.453625
  type: 'test'
  ...
# Subtest: document file host still creates missing outputs and honors force
ok 555 - document file host still creates missing outputs and honors force
  ---
  duration_ms: 1.205667
  type: 'test'
  ...
# Subtest: read file host fills an existing empty output without force
ok 556 - read file host fills an existing empty output without force
  ---
  duration_ms: 0.424834
  type: 'test'
  ...
# Subtest: read file host retains nonempty content and mode without force
ok 557 - read file host retains nonempty content and mode without force
  ---
  duration_ms: 0.648583
  type: 'test'
  ...
# Subtest: read file host still creates missing outputs and honors force
ok 558 - read file host still creates missing outputs and honors force
  ---
  duration_ms: 0.734834
  type: 'test'
  ...
# Subtest: matches RFC 6238 SHA-1 vectors
ok 559 - matches RFC 6238 SHA-1 vectors
  ---
  duration_ms: 34.793208
  type: 'test'
  ...
# Subtest: supports SHA-256 and SHA-512 with explicit period
ok 560 - supports SHA-256 and SHA-512 with explicit period
  ---
  duration_ms: 2.058083
  type: 'test'
  ...
# Subtest: rejects malformed OTP settings without including the input
ok 561 - rejects malformed OTP settings without including the input
  ---
  duration_ms: 1.990292
  type: 'test'
  ...
# Subtest: leaf flags are accepted before and between command words with their values
ok 562 - leaf flags are accepted before and between command words with their values
  ---
  duration_ms: 4.615958
  type: 'test'
  ...
# Subtest: final leaf definitions govern repeatable, optional, shorthand and alias flags
ok 563 - final leaf definitions govern repeatable, optional, shorthand and alias flags
  ---
  duration_ms: 12.418917
  type: 'test'
  ...
# Subtest: early flags not belonging to the resolved leaf are rejected before effects
ok 564 - early flags not belonging to the resolved leaf are rejected before effects
  ---
  duration_ms: 6.947625
  type: 'test'
  ...
# Subtest: leaf resolution preserves command aliases, literal argv and stable beta boundaries
ok 565 - leaf resolution preserves command aliases, literal argv and stable beta boundaries
  ---
  duration_ms: 3.609208
  type: 'test'
  ...
# Subtest: native invalid operand counts fail before stdin, authorization or custom backends
ok 566 - native invalid operand counts fail before stdin, authorization or custom backends
  ---
  duration_ms: 15.909125
  type: 'test'
  ...
# Subtest: invalid operands never reach handler overrides and help remains available
ok 567 - invalid operands never reach handler overrides and help remains available
  ---
  duration_ms: 6.308875
  type: 'test'
  ...
# Subtest: every available leaf flag with an inline value resolves before its command in help probes
ok 568 - every available leaf flag with an inline value resolves before its command in help probes
  ---
  duration_ms: 308.136625
  type: 'test'
  ...
# Subtest: native discovery rejects bare leaf booleans and optional flags before the leaf
ok 569 - native discovery rejects bare leaf booleans and optional flags before the leaf
  ---
  duration_ms: 0.998125
  type: 'test'
  ...
# Subtest: inline leaf values and bare global booleans preserve command discovery
ok 570 - inline leaf values and bare global booleans preserve command discovery
  ---
  duration_ms: 4.462333
  type: 'test'
  ...
# Subtest: implicit item get validates piped input after literal allowance but before a custom backend
ok 571 - implicit item get validates piped input after literal allowance but before a custom backend
  ---
  duration_ms: 0.597375
  type: 'test'
  ...
# Subtest: conditional stdin validation replays original bytes to overridden item get handlers
ok 572 - conditional stdin validation replays original bytes to overridden item get handlers
  ---
  duration_ms: 1.508792
  type: 'test'
  ...
# Subtest: user: create_items requires every cumulative prerequisite without implicit grants
ok 573 - user: create_items requires every cumulative prerequisite without implicit grants
  ---
  duration_ms: 7.694667
  type: 'test'
  ...
# Subtest: user: revoking a prerequisite also requires revoking granted create_items
ok 574 - user: revoking a prerequisite also requires revoking granted create_items
  ---
  duration_ms: 1.123334
  type: 'test'
  ...
# Subtest: user: view_and_copy_passwords requires every cumulative prerequisite without implicit grants
ok 575 - user: view_and_copy_passwords requires every cumulative prerequisite without implicit grants
  ---
  duration_ms: 2.091334
  type: 'test'
  ...
# Subtest: user: revoking a prerequisite also requires revoking granted view_and_copy_passwords
ok 576 - user: revoking a prerequisite also requires revoking granted view_and_copy_passwords
  ---
  duration_ms: 0.883292
  type: 'test'
  ...
# Subtest: user: edit_items requires every cumulative prerequisite without implicit grants
ok 577 - user: edit_items requires every cumulative prerequisite without implicit grants
  ---
  duration_ms: 0.796417
  type: 'test'
  ...
# Subtest: user: revoking a prerequisite also requires revoking granted edit_items
ok 578 - user: revoking a prerequisite also requires revoking granted edit_items
  ---
  duration_ms: 0.816792
  type: 'test'
  ...
# Subtest: user: archive_items requires every cumulative prerequisite without implicit grants
ok 579 - user: archive_items requires every cumulative prerequisite without implicit grants
  ---
  duration_ms: 8.289583
  type: 'test'
  ...
# Subtest: user: revoking a prerequisite also requires revoking granted archive_items
ok 580 - user: revoking a prerequisite also requires revoking granted archive_items
  ---
  duration_ms: 1.248209
  type: 'test'
  ...
# Subtest: user: delete_items requires every cumulative prerequisite without implicit grants
ok 581 - user: delete_items requires every cumulative prerequisite without implicit grants
  ---
  duration_ms: 1.896791
  type: 'test'
  ...
# Subtest: user: revoking a prerequisite also requires revoking granted delete_items
ok 582 - user: revoking a prerequisite also requires revoking granted delete_items
  ---
  duration_ms: 5.900209
  type: 'test'
  ...
# Subtest: user: view_item_history requires every cumulative prerequisite without implicit grants
ok 583 - user: view_item_history requires every cumulative prerequisite without implicit grants
  ---
  duration_ms: 2.922167
  type: 'test'
  ...
# Subtest: user: revoking a prerequisite also requires revoking granted view_item_history
ok 584 - user: revoking a prerequisite also requires revoking granted view_item_history
  ---
  duration_ms: 0.839208
  type: 'test'
  ...
# Subtest: user: import_items requires every cumulative prerequisite without implicit grants
ok 585 - user: import_items requires every cumulative prerequisite without implicit grants
  ---
  duration_ms: 0.476125
  type: 'test'
  ...
# Subtest: user: revoking a prerequisite also requires revoking granted import_items
ok 586 - user: revoking a prerequisite also requires revoking granted import_items
  ---
  duration_ms: 0.681959
  type: 'test'
  ...
# Subtest: user: export_items requires every cumulative prerequisite without implicit grants
ok 587 - user: export_items requires every cumulative prerequisite without implicit grants
  ---
  duration_ms: 2.009708
  type: 'test'
  ...
# Subtest: user: revoking a prerequisite also requires revoking granted export_items
ok 588 - user: revoking a prerequisite also requires revoking granted export_items
  ---
  duration_ms: 1.080459
  type: 'test'
  ...
# Subtest: user: copy_and_share_items requires every cumulative prerequisite without implicit grants
ok 589 - user: copy_and_share_items requires every cumulative prerequisite without implicit grants
  ---
  duration_ms: 0.62025
  type: 'test'
  ...
# Subtest: user: revoking a prerequisite also requires revoking granted copy_and_share_items
ok 590 - user: revoking a prerequisite also requires revoking granted copy_and_share_items
  ---
  duration_ms: 4.600625
  type: 'test'
  ...
# Subtest: user: print_items requires every cumulative prerequisite without implicit grants
ok 591 - user: print_items requires every cumulative prerequisite without implicit grants
  ---
  duration_ms: 0.905125
  type: 'test'
  ...
# Subtest: user: revoking a prerequisite also requires revoking granted print_items
ok 592 - user: revoking a prerequisite also requires revoking granted print_items
  ---
  duration_ms: 1.4595
  type: 'test'
  ...
# Subtest: group: create_items requires every cumulative prerequisite without implicit grants
ok 593 - group: create_items requires every cumulative prerequisite without implicit grants
  ---
  duration_ms: 0.65775
  type: 'test'
  ...
# Subtest: group: revoking a prerequisite also requires revoking granted create_items
ok 594 - group: revoking a prerequisite also requires revoking granted create_items
  ---
  duration_ms: 0.3545
  type: 'test'
  ...
# Subtest: group: view_and_copy_passwords requires every cumulative prerequisite without implicit grants
ok 595 - group: view_and_copy_passwords requires every cumulative prerequisite without implicit grants
  ---
  duration_ms: 0.36825
  type: 'test'
  ...
# Subtest: group: revoking a prerequisite also requires revoking granted view_and_copy_passwords
ok 596 - group: revoking a prerequisite also requires revoking granted view_and_copy_passwords
  ---
  duration_ms: 0.262541
  type: 'test'
  ...
# Subtest: group: edit_items requires every cumulative prerequisite without implicit grants
ok 597 - group: edit_items requires every cumulative prerequisite without implicit grants
  ---
  duration_ms: 0.368
  type: 'test'
  ...
# Subtest: group: revoking a prerequisite also requires revoking granted edit_items
ok 598 - group: revoking a prerequisite also requires revoking granted edit_items
  ---
  duration_ms: 0.416292
  type: 'test'
  ...
# Subtest: group: archive_items requires every cumulative prerequisite without implicit grants
ok 599 - group: archive_items requires every cumulative prerequisite without implicit grants
  ---
  duration_ms: 0.441959
  type: 'test'
  ...
# Subtest: group: revoking a prerequisite also requires revoking granted archive_items
ok 600 - group: revoking a prerequisite also requires revoking granted archive_items
  ---
  duration_ms: 0.512333
  type: 'test'
  ...
# Subtest: group: delete_items requires every cumulative prerequisite without implicit grants
ok 601 - group: delete_items requires every cumulative prerequisite without implicit grants
  ---
  duration_ms: 0.451333
  type: 'test'
  ...
# Subtest: group: revoking a prerequisite also requires revoking granted delete_items
ok 602 - group: revoking a prerequisite also requires revoking granted delete_items
  ---
  duration_ms: 0.518333
  type: 'test'
  ...
# Subtest: group: view_item_history requires every cumulative prerequisite without implicit grants
ok 603 - group: view_item_history requires every cumulative prerequisite without implicit grants
  ---
  duration_ms: 0.373875
  type: 'test'
  ...
# Subtest: group: revoking a prerequisite also requires revoking granted view_item_history
ok 604 - group: revoking a prerequisite also requires revoking granted view_item_history
  ---
  duration_ms: 0.374125
  type: 'test'
  ...
# Subtest: group: import_items requires every cumulative prerequisite without implicit grants
ok 605 - group: import_items requires every cumulative prerequisite without implicit grants
  ---
  duration_ms: 0.45525
  type: 'test'
  ...
# Subtest: group: revoking a prerequisite also requires revoking granted import_items
ok 606 - group: revoking a prerequisite also requires revoking granted import_items
  ---
  duration_ms: 0.377291
  type: 'test'
  ...
# Subtest: group: export_items requires every cumulative prerequisite without implicit grants
ok 607 - group: export_items requires every cumulative prerequisite without implicit grants
  ---
  duration_ms: 0.440125
  type: 'test'
  ...
# Subtest: group: revoking a prerequisite also requires revoking granted export_items
ok 608 - group: revoking a prerequisite also requires revoking granted export_items
  ---
  duration_ms: 0.525
  type: 'test'
  ...
# Subtest: group: copy_and_share_items requires every cumulative prerequisite without implicit grants
ok 609 - group: copy_and_share_items requires every cumulative prerequisite without implicit grants
  ---
  duration_ms: 0.438333
  type: 'test'
  ...
# Subtest: group: revoking a prerequisite also requires revoking granted copy_and_share_items
ok 610 - group: revoking a prerequisite also requires revoking granted copy_and_share_items
  ---
  duration_ms: 28.946291
  type: 'test'
  ...
# Subtest: group: print_items requires every cumulative prerequisite without implicit grants
ok 611 - group: print_items requires every cumulative prerequisite without implicit grants
  ---
  duration_ms: 6.019833
  type: 'test'
  ...
# Subtest: group: revoking a prerequisite also requires revoking granted print_items
ok 612 - group: revoking a prerequisite also requires revoking granted print_items
  ---
  duration_ms: 0.613333
  type: 'test'
  ...
# Subtest: existing prerequisites satisfy an incremental grant and revoking a leaf preserves its parents
ok 613 - existing prerequisites satisfy an incremental grant and revoking a leaf preserves its parents
  ---
  duration_ms: 0.325209
  type: 'test'
  ...
# Subtest: umbrella permissions expand only their documented scope and still require prerequisites
ok 614 - umbrella permissions expand only their documented scope and still require prerequisites
  ---
  duration_ms: 0.600916
  type: 'test'
  ...
# Subtest: manage_vault and allow_managing require no viewing or editing rights
ok 615 - manage_vault and allow_managing require no viewing or editing rights
  ---
  duration_ms: 0.223417
  type: 'test'
  ...
# Subtest: granular revokes from seeded umbrellas preserve other scope without stale umbrella grants
ok 616 - granular revokes from seeded umbrellas preserve other scope without stale umbrella grants
  ---
  duration_ms: 0.315333
  type: 'test'
  ...
# Subtest: move_items is derived only while all six documented prerequisites remain
ok 617 - move_items is derived only while all six documented prerequisites remain
  ---
  duration_ms: 0.510542
  type: 'test'
  ...
# Subtest: vault permission filters understand umbrella grants and requirements
ok 618 - vault permission filters understand umbrella grants and requirements
  ---
  duration_ms: 1.317292
  type: 'test'
  ...
# Subtest: no-input never authorizes missing dependencies and plain object seeds do not invent account plans
ok 619 - no-input never authorizes missing dependencies and plain object seeds do not invent account plans
  ---
  duration_ms: 22.60375
  type: 'test'
  ...
# Subtest: unknown permissions and missing grant permissions cannot change stored access
ok 620 - unknown permissions and missing grant permissions cannot change stored access
  ---
  duration_ms: 32.10225
  type: 'test'
  ...
# Subtest: scoped grants preserve foreign account rows and IDs
ok 621 - scoped grants preserve foreign account rows and IDs
  ---
  duration_ms: 0.479292
  type: 'test'
  ...
# Subtest: vault user grant rejects invalid permission values before authorization and acquisition
ok 622 - vault user grant rejects invalid permission values before authorization and acquisition
  ---
  duration_ms: 11.383
  type: 'test'
  ...
# Subtest: vault user grant accepts documented permissions and native lexical variants without account discovery
ok 623 - vault user grant accepts documented permissions and native lexical variants without account discovery
  ---
  duration_ms: 6.85075
  type: 'test'
  ...
# Subtest: vault user revoke rejects invalid permission values before authorization and acquisition
ok 624 - vault user revoke rejects invalid permission values before authorization and acquisition
  ---
  duration_ms: 34.469125
  type: 'test'
  ...
# Subtest: vault user revoke accepts documented permissions and native lexical variants without account discovery
ok 625 - vault user revoke accepts documented permissions and native lexical variants without account discovery
  ---
  duration_ms: 45.506875
  type: 'test'
  ...
# Subtest: vault group grant rejects invalid permission values before authorization and acquisition
ok 626 - vault group grant rejects invalid permission values before authorization and acquisition
  ---
  duration_ms: 5.907875
  type: 'test'
  ...
# Subtest: vault group grant accepts documented permissions and native lexical variants without account discovery
ok 627 - vault group grant accepts documented permissions and native lexical variants without account discovery
  ---
  duration_ms: 44.573292
  type: 'test'
  ...
# Subtest: vault group revoke rejects invalid permission values before authorization and acquisition
ok 628 - vault group revoke rejects invalid permission values before authorization and acquisition
  ---
  duration_ms: 8.930292
  type: 'test'
  ...
# Subtest: vault group revoke accepts documented permissions and native lexical variants without account discovery
ok 629 - vault group revoke accepts documented permissions and native lexical variants without account discovery
  ---
  duration_ms: 3.24075
  type: 'test'
  ...
# Subtest: vault list rejects invalid permission values before authorization and acquisition
ok 630 - vault list rejects invalid permission values before authorization and acquisition
  ---
  duration_ms: 25.423833
  type: 'test'
  ...
# Subtest: vault list accepts documented permissions and native lexical variants without account discovery
ok 631 - vault list accepts documented permissions and native lexical variants without account discovery
  ---
  duration_ms: 2.698584
  type: 'test'
  ...
# Subtest: permission-value validation does not turn completion-required metadata into execution requirements
ok 632 - permission-value validation does not turn completion-required metadata into execution requirements
  ---
  duration_ms: 0.295583
  type: 'test'
  ...
# Subtest: unrelated CSV flags retain quoted-string parsing
ok 633 - unrelated CSV flags retain quoted-string parsing
  ---
  duration_ms: 0.265667
  type: 'test'
  ...
# Subtest: native executable metadata wins configured label collisions without moving registry rows
ok 634 - native executable metadata wins configured label collisions without moving registry rows
  ---
  duration_ms: 1.023959
  type: 'test'
  ...
# Subtest: managed local availability preserves account isolation and resolves a native executable to its configured ID
ok 635 - managed local availability preserves account isolation and resolves a native executable to its configured ID
  ---
  duration_ms: 6.084042
  type: 'test'
  ...
# Subtest: native human required-field labels remain separate from JSON availability and credential schemas
ok 636 - native human required-field labels remain separate from JSON availability and credential schemas
  ---
  duration_ms: 1.80625
  type: 'test'
  ...
# Subtest: empty object backends list the pinned available plugins without fabricating configurations
ok 637 - empty object backends list the pinned available plugins without fabricating configurations
  ---
  duration_ms: 0.883791
  type: 'test'
  ...
# Subtest: available catalog entries merge scoped custom identities but never credentials or defaults
ok 638 - available catalog entries merge scoped custom identities but never credentials or defaults
  ---
  duration_ms: 1.540209
  type: 'test'
  ...
# Subtest: metadata-only selection offers available executables but does not invent unconfigured inspect results
ok 639 - metadata-only selection offers available executables but does not invent unconfigured inspect results
  ---
  duration_ms: 1.103792
  type: 'test'
  ...
# Subtest: plugin list human output matches every row and column of the pinned native no-auth capture
ok 640 - plugin list human output matches every row and column of the pinned native no-auth capture
  ---
  duration_ms: 2.720875
  type: 'test'
  ...
# Subtest: plugin list JSON retains its exact availability projection without display-only fields
ok 641 - plugin list JSON retains its exact availability projection without display-only fields
  ---
  duration_ms: 4.069166
  type: 'test'
  ...
# Subtest: custom plugin display does not infer required fields from a matching registry executable
ok 642 - custom plugin display does not infer required fields from a matching registry executable
  ---
  duration_ms: 0.115917
  type: 'test'
  ...
# Subtest: configured plugin display uses its supplied identity without guessing credential fields
ok 643 - configured plugin display uses its supplied identity without guessing credential fields
  ---
  duration_ms: 0.083042
  type: 'test'
  ...
# Subtest: clear removes terminal then cwd then ancestors through HOME then global
ok 644 - clear removes terminal then cwd then ancestors through HOME then global
  ---
  duration_ms: 4.085458
  type: 'test'
  ...
# Subtest: --all preserves unrelated scopes, other plugins and catalog metadata
ok 645 - --all preserves unrelated scopes, other plugins and catalog metadata
  ---
  duration_ms: 0.47975
  type: 'test'
  ...
# Subtest: missing terminal identity never matches terminal defaults
ok 646 - missing terminal identity never matches terminal defaults
  ---
  duration_ms: 0.37875
  type: 'test'
  ...
# Subtest: normalized portable scope ancestry: C:/Users/User/app
ok 647 - normalized portable scope ancestry: C:/Users/User/app
  ---
  duration_ms: 1.15625
  type: 'test'
  ...
# Subtest: normalized portable scope ancestry: //server/share/user/app
ok 648 - normalized portable scope ancestry: //server/share/user/app
  ---
  duration_ms: 0.404583
  type: 'test'
  ...
# Subtest: normalized portable scope ancestry: /work/app
ok 649 - normalized portable scope ancestry: /work/app
  ---
  duration_ms: 0.198959
  type: 'test'
  ...
# Subtest: rejects noncanonical scope path "relative" atomically
ok 650 - rejects noncanonical scope path "relative" atomically
  ---
  duration_ms: 1.084
  type: 'test'
  ...
# Subtest: rejects noncanonical scope path "C:relative" atomically
ok 651 - rejects noncanonical scope path "C:relative" atomically
  ---
  duration_ms: 0.263792
  type: 'test'
  ...
# Subtest: rejects noncanonical scope path "C:\\\\Users\\\\User" atomically
ok 652 - rejects noncanonical scope path "C:\\\\Users\\\\User" atomically
  ---
  duration_ms: 0.400417
  type: 'test'
  ...
# Subtest: rejects noncanonical scope path "/home/../user" atomically
ok 653 - rejects noncanonical scope path "/home/../user" atomically
  ---
  duration_ms: 0.496
  type: 'test'
  ...
# Subtest: rejects noncanonical scope path "/home//user" atomically
ok 654 - rejects noncanonical scope path "/home//user" atomically
  ---
  duration_ms: 0.23525
  type: 'test'
  ...
# Subtest: rejects noncanonical scope path "/home/user/" atomically
ok 655 - rejects noncanonical scope path "/home/user/" atomically
  ---
  duration_ms: 0.190875
  type: 'test'
  ...
# Subtest: rejects noncanonical scope path "//server" atomically
ok 656 - rejects noncanonical scope path "//server" atomically
  ---
  duration_ms: 0.176834
  type: 'test'
  ...
# Subtest: rejects noncanonical scope path "/home/./user" atomically
ok 657 - rejects noncanonical scope path "/home/./user" atomically
  ---
  duration_ms: 0.175875
  type: 'test'
  ...
# Subtest: rejects noncanonical scope path "/home/\\u0000user" atomically
ok 658 - rejects noncanonical scope path "/home/\\u0000user" atomically
  ---
  duration_ms: 0.28025
  type: 'test'
  ...
# Subtest: legacy configuration remains readable but clear requires explicit migration
ok 659 - legacy configuration remains readable but clear requires explicit migration
  ---
  duration_ms: 0.410791
  type: 'test'
  ...
# Subtest: clear requires trusted scope even when forced; inspect omission requires selector capability
ok 660 - clear requires trusted scope even when forced; inspect omission requires selector capability
  ---
  duration_ms: 0.299042
  type: 'test'
  ...
# Subtest: confirmation is required unless forced and denial is atomic
ok 661 - confirmation is required unless forced and denial is atomic
  ---
  duration_ms: 18.874583
  type: 'test'
  ...
# Subtest: confirmation contains only selected immutable metadata and callback errors stay private
ok 662 - confirmation contains only selected immutable metadata and callback errors stay private
  ---
  duration_ms: 0.367
  type: 'test'
  ...
# Subtest: pending confirmation binds scope, preserves concurrent unrelated writes and aborts promptly
ok 663 - pending confirmation binds scope, preserves concurrent unrelated writes and aborts promptly
  ---
  duration_ms: 9.355583
  type: 'test'
  ...
# Subtest: duplicate defaults and concurrent selected-plugin mutations fail atomically
ok 664 - duplicate defaults and concurrent selected-plugin mutations fail atomically
  ---
  duration_ms: 0.553625
  type: 'test'
  ...
# Subtest: --force never bypasses central authorization
ok 665 - --force never bypasses central authorization
  ---
  duration_ms: 9.146542
  type: 'test'
  ...
# Subtest: account-scoped clear preserves other-account plugin defaults
ok 666 - account-scoped clear preserves other-account plugin defaults
  ---
  duration_ms: 0.913083
  type: 'test'
  ...
# Subtest: plugin init hooks receive detached frozen scope without confirmation capability
ok 667 - plugin init hooks receive detached frozen scope without confirmation capability
  ---
  duration_ms: 0.34725
  type: 'test'
  ...
# Subtest: plugin run hooks receive detached frozen scope without confirmation capability
ok 668 - plugin run hooks receive detached frozen scope without confirmation capability
  ---
  duration_ms: 0.165292
  type: 'test'
  ...
# Subtest: plugin clear hooks receive detached frozen scope without confirmation capability
ok 669 - plugin clear hooks receive detached frozen scope without confirmation capability
  ---
  duration_ms: 0.136917
  type: 'test'
  ...
# Subtest: malformed persisted defaults fail atomically
ok 670 - malformed persisted defaults fail atomically
  ---
  duration_ms: 0.225458
  type: 'test'
  ...
# Subtest: malformed persisted defaults fail atomically
ok 671 - malformed persisted defaults fail atomically
  ---
  duration_ms: 0.170041
  type: 'test'
  ...
# Subtest: malformed persisted defaults fail atomically
ok 672 - malformed persisted defaults fail atomically
  ---
  duration_ms: 0.17175
  type: 'test'
  ...
# Subtest: malformed persisted defaults fail atomically
ok 673 - malformed persisted defaults fail atomically
  ---
  duration_ms: 0.331542
  type: 'test'
  ...
# Subtest: malformed persisted defaults fail atomically
ok 674 - malformed persisted defaults fail atomically
  ---
  duration_ms: 0.189541
  type: 'test'
  ...
# Subtest: omitted plugin inspection offers only frozen scoped identities and uses the exact selected ID
ok 675 - omitted plugin inspection offers only frozen scoped identities and uses the exact selected ID
  ---
  duration_ms: 9.880583
  type: 'test'
  ...
# Subtest: plugin binding preparation neither clones configuration nor reads it and execution does not prompt again
ok 676 - plugin binding preparation neither clones configuration nor reads it and execution does not prompt again
  ---
  duration_ms: 1.394458
  type: 'test'
  ...
# Subtest: explicit plugin operands bypass selection in direct and bound inspection
ok 677 - explicit plugin operands bypass selection in direct and bound inspection
  ---
  duration_ms: 2.02175
  type: 'test'
  ...
# Subtest: plugin selection never defaults and rejects cancelled, foreign, name-only or nonexact IDs
ok 678 - plugin selection never defaults and rejects cancelled, foreign, name-only or nonexact IDs
  ---
  duration_ms: 6.804375
  type: 'test'
  ...
# Subtest: pending plugin choice rejects cancellation without waiting for the host
ok 679 - pending plugin choice rejects cancellation without waiting for the host
  ---
  duration_ms: 1.572167
  type: 'test'
  ...
# Subtest: changes during plugin choice or after preparation invalidate the captured generation
ok 680 - changes during plugin choice or after preparation invalidate the captured generation
  ---
  duration_ms: 1.146958
  type: 'test'
  ...
# Subtest: plugin selection sanitizes host errors and never enables other plugin commands or bound hooks
ok 681 - plugin selection sanitizes host errors and never enables other plugin commands or bound hooks
  ---
  duration_ms: 0.590667
  type: 'test'
  ...
# Subtest: renaming or replacing a selected plugin cannot retarget a prepared inspection
ok 682 - renaming or replacing a selected plugin cannot retarget a prepared inspection
  ---
  duration_ms: 3.022334
  type: 'test'
  ...
# Subtest: plugin choice does not refresh managed activity and rejects revocation or expiry while pending
ok 683 - plugin choice does not refresh managed activity and rejects revocation or expiry while pending
  ---
  duration_ms: 3.790834
  type: 'test'
  ...
# Subtest: an unconfigured backend still requires an explicit host selection capability
ok 684 - an unconfigured backend still requires an explicit host selection capability
  ---
  duration_ms: 0.790708
  type: 'test'
  ...
# Subtest: public resolved inspection chooses only after resolution permission and reads only after approval
ok 685 - public resolved inspection chooses only after resolution permission and reads only after approval
  ---
  duration_ms: 8.769292
  type: 'test'
  ...
# Subtest: public read writes exact attachment content bytes without text encoding or a file newline
ok 686 - public read writes exact attachment content bytes without text encoding or a file newline
  ---
  duration_ms: 146.534792
  type: 'test'
  ...
# Subtest: public read writes empty binary attachments as empty files
ok 687 - public read writes empty binary attachments as empty files
  ---
  duration_ms: 0.8745
  type: 'test'
  ...
# Subtest: public read sends binary stdout unchanged when no-newline is explicit
ok 688 - public read sends binary stdout unchanged when no-newline is explicit
  ---
  duration_ms: 0.552791
  type: 'test'
  ...
# Subtest: public read renders numeric attachment size as decimal text with text newline options
ok 689 - public read renders numeric attachment size as decimal text with text newline options
  ---
  duration_ms: 39.165542
  type: 'test'
  ...
# Subtest: public read writes numeric size without a file newline and still encodes text values
ok 690 - public read writes numeric size without a file newline and still encodes text values
  ---
  duration_ms: 20.250625
  type: 'test'
  ...
# Subtest: public read rejects arbitrary objects and invalid numeric metadata without coercion or disclosure
ok 691 - public read rejects arbitrary objects and invalid numeric metadata without coercion or disclosure
  ---
  duration_ms: 22.919333
  type: 'test'
  ...
# Subtest: inject and run explicitly reject binary and numeric backend values as non-text
ok 692 - inject and run explicitly reject binary and numeric backend values as non-text
  ---
  duration_ms: 44.377125
  type: 'test'
  ...
# Subtest: denied binary read blocks execution and files before or after permitted metadata resolution
ok 693 - denied binary read blocks execution and files before or after permitted metadata resolution
  ---
  duration_ms: 10.603333
  type: 'test'
  ...
# Subtest: binary read observes cancellation after resolution before writing
ok 694 - binary read observes cancellation after resolution before writing
  ---
  duration_ms: 0.656625
  type: 'test'
  ...
# Subtest: binary read awaits host output and propagates its failure without stdout fallback
ok 695 - binary read awaits host output and propagates its failure without stdout fallback
  ---
  duration_ms: 4.574417
  type: 'test'
  ...
# Subtest: derives current raw-ID references including section and valueless fields, replacing stale references
ok 696 - derives current raw-ID references including section and valueless fields, replacing stale references
  ---
  duration_ms: 34.63725
  type: 'test'
  ...
# Subtest: derived output is deeply detached and accepts frozen input without altering metadata or bytes
ok 697 - derived output is deeply detached and accepts frozen input without altering metadata or bytes
  ---
  duration_ms: 3.197417
  type: 'test'
  ...
# Subtest: items without fields remain detached and do not acquire fabricated fields
ok 698 - items without fields remain detached and do not acquire fabricated fields
  ---
  duration_ms: 6.972917
  type: 'test'
  ...
# Subtest: supported ID segments round trip literally without URL normalization or encoding
ok 699 - supported ID segments round trip literally without URL normalization or encoding
  ---
  duration_ms: 0.257833
  type: 'test'
  ...
# Subtest: rejects invalid vault ID undefined without fabrication or plaintext error leaks
ok 700 - rejects invalid vault ID undefined without fabrication or plaintext error leaks
  ---
  duration_ms: 0.450625
  type: 'test'
  ...
# Subtest: rejects invalid vault ID null without fabrication or plaintext error leaks
ok 701 - rejects invalid vault ID null without fabrication or plaintext error leaks
  ---
  duration_ms: 0.284625
  type: 'test'
  ...
# Subtest: rejects invalid vault ID 42 without fabrication or plaintext error leaks
ok 702 - rejects invalid vault ID 42 without fabrication or plaintext error leaks
  ---
  duration_ms: 0.445041
  type: 'test'
  ...
# Subtest: rejects invalid vault ID "" without fabrication or plaintext error leaks
ok 703 - rejects invalid vault ID "" without fabrication or plaintext error leaks
  ---
  duration_ms: 20.58275
  type: 'test'
  ...
# Subtest: rejects invalid vault ID "synthetic/private" without fabrication or plaintext error leaks
ok 704 - rejects invalid vault ID "synthetic/private" without fabrication or plaintext error leaks
  ---
  duration_ms: 7.282917
  type: 'test'
  ...
# Subtest: rejects invalid vault ID "synthetic%2Fprivate" without fabrication or plaintext error leaks
ok 705 - rejects invalid vault ID "synthetic%2Fprivate" without fabrication or plaintext error leaks
  ---
  duration_ms: 1.998292
  type: 'test'
  ...
# Subtest: rejects invalid vault ID "synthetic?attr=value" without fabrication or plaintext error leaks
ok 706 - rejects invalid vault ID "synthetic?attr=value" without fabrication or plaintext error leaks
  ---
  duration_ms: 5.361625
  type: 'test'
  ...
# Subtest: rejects invalid vault ID "synthetic\#private" without fabrication or plaintext error leaks
ok 707 - rejects invalid vault ID "synthetic\#private" without fabrication or plaintext error leaks
  ---
  duration_ms: 0.152292
  type: 'test'
  ...
# Subtest: rejects invalid vault ID "syntheticü" without fabrication or plaintext error leaks
ok 708 - rejects invalid vault ID "syntheticü" without fabrication or plaintext error leaks
  ---
  duration_ms: 1.002958
  type: 'test'
  ...
# Subtest: rejects invalid vault ID "synthetic\\u0000private" without fabrication or plaintext error leaks
ok 709 - rejects invalid vault ID "synthetic\\u0000private" without fabrication or plaintext error leaks
  ---
  duration_ms: 0.147291
  type: 'test'
  ...
# Subtest: rejects invalid item ID undefined without fabrication or plaintext error leaks
ok 710 - rejects invalid item ID undefined without fabrication or plaintext error leaks
  ---
  duration_ms: 0.065958
  type: 'test'
  ...
# Subtest: rejects invalid item ID null without fabrication or plaintext error leaks
ok 711 - rejects invalid item ID null without fabrication or plaintext error leaks
  ---
  duration_ms: 0.0505
  type: 'test'
  ...
# Subtest: rejects invalid item ID 42 without fabrication or plaintext error leaks
ok 712 - rejects invalid item ID 42 without fabrication or plaintext error leaks
  ---
  duration_ms: 0.1455
  type: 'test'
  ...
# Subtest: rejects invalid item ID "" without fabrication or plaintext error leaks
ok 713 - rejects invalid item ID "" without fabrication or plaintext error leaks
  ---
  duration_ms: 0.0505
  type: 'test'
  ...
# Subtest: rejects invalid item ID "synthetic/private" without fabrication or plaintext error leaks
ok 714 - rejects invalid item ID "synthetic/private" without fabrication or plaintext error leaks
  ---
  duration_ms: 0.050459
  type: 'test'
  ...
# Subtest: rejects invalid item ID "synthetic%2Fprivate" without fabrication or plaintext error leaks
ok 715 - rejects invalid item ID "synthetic%2Fprivate" without fabrication or plaintext error leaks
  ---
  duration_ms: 0.044166
  type: 'test'
  ...
# Subtest: rejects invalid item ID "synthetic?attr=value" without fabrication or plaintext error leaks
ok 716 - rejects invalid item ID "synthetic?attr=value" without fabrication or plaintext error leaks
  ---
  duration_ms: 0.041959
  type: 'test'
  ...
# Subtest: rejects invalid item ID "synthetic\#private" without fabrication or plaintext error leaks
ok 717 - rejects invalid item ID "synthetic\#private" without fabrication or plaintext error leaks
  ---
  duration_ms: 0.050583
  type: 'test'
  ...
# Subtest: rejects invalid item ID "syntheticü" without fabrication or plaintext error leaks
ok 718 - rejects invalid item ID "syntheticü" without fabrication or plaintext error leaks
  ---
  duration_ms: 0.0665
  type: 'test'
  ...
# Subtest: rejects invalid item ID "synthetic\\u0000private" without fabrication or plaintext error leaks
ok 719 - rejects invalid item ID "synthetic\\u0000private" without fabrication or plaintext error leaks
  ---
  duration_ms: 0.623917
  type: 'test'
  ...
# Subtest: rejects invalid section ID undefined without fabrication or plaintext error leaks
ok 720 - rejects invalid section ID undefined without fabrication or plaintext error leaks
  ---
  duration_ms: 0.283833
  type: 'test'
  ...
# Subtest: rejects invalid section ID null without fabrication or plaintext error leaks
ok 721 - rejects invalid section ID null without fabrication or plaintext error leaks
  ---
  duration_ms: 0.092166
  type: 'test'
  ...
# Subtest: rejects invalid section ID 42 without fabrication or plaintext error leaks
ok 722 - rejects invalid section ID 42 without fabrication or plaintext error leaks
  ---
  duration_ms: 0.071584
  type: 'test'
  ...
# Subtest: rejects invalid section ID "" without fabrication or plaintext error leaks
ok 723 - rejects invalid section ID "" without fabrication or plaintext error leaks
  ---
  duration_ms: 0.046166
  type: 'test'
  ...
# Subtest: rejects invalid section ID "synthetic/private" without fabrication or plaintext error leaks
ok 724 - rejects invalid section ID "synthetic/private" without fabrication or plaintext error leaks
  ---
  duration_ms: 0.046875
  type: 'test'
  ...
# Subtest: rejects invalid section ID "synthetic%2Fprivate" without fabrication or plaintext error leaks
ok 725 - rejects invalid section ID "synthetic%2Fprivate" without fabrication or plaintext error leaks
  ---
  duration_ms: 0.048541
  type: 'test'
  ...
# Subtest: rejects invalid section ID "synthetic?attr=value" without fabrication or plaintext error leaks
ok 726 - rejects invalid section ID "synthetic?attr=value" without fabrication or plaintext error leaks
  ---
  duration_ms: 1.415375
  type: 'test'
  ...
# Subtest: rejects invalid section ID "synthetic\#private" without fabrication or plaintext error leaks
ok 727 - rejects invalid section ID "synthetic\#private" without fabrication or plaintext error leaks
  ---
  duration_ms: 0.094625
  type: 'test'
  ...
# Subtest: rejects invalid section ID "syntheticü" without fabrication or plaintext error leaks
ok 728 - rejects invalid section ID "syntheticü" without fabrication or plaintext error leaks
  ---
  duration_ms: 0.054708
  type: 'test'
  ...
# Subtest: rejects invalid section ID "synthetic\\u0000private" without fabrication or plaintext error leaks
ok 729 - rejects invalid section ID "synthetic\\u0000private" without fabrication or plaintext error leaks
  ---
  duration_ms: 0.051541
  type: 'test'
  ...
# Subtest: rejects invalid field ID undefined without fabrication or plaintext error leaks
ok 730 - rejects invalid field ID undefined without fabrication or plaintext error leaks
  ---
  duration_ms: 0.048042
  type: 'test'
  ...
# Subtest: rejects invalid field ID null without fabrication or plaintext error leaks
ok 731 - rejects invalid field ID null without fabrication or plaintext error leaks
  ---
  duration_ms: 1.907542
  type: 'test'
  ...
# Subtest: rejects invalid field ID 42 without fabrication or plaintext error leaks
ok 732 - rejects invalid field ID 42 without fabrication or plaintext error leaks
  ---
  duration_ms: 3.811167
  type: 'test'
  ...
# Subtest: rejects invalid field ID "" without fabrication or plaintext error leaks
ok 733 - rejects invalid field ID "" without fabrication or plaintext error leaks
  ---
  duration_ms: 0.093833
  type: 'test'
  ...
# Subtest: rejects invalid field ID "synthetic/private" without fabrication or plaintext error leaks
ok 734 - rejects invalid field ID "synthetic/private" without fabrication or plaintext error leaks
  ---
  duration_ms: 0.118208
  type: 'test'
  ...
# Subtest: rejects invalid field ID "synthetic%2Fprivate" without fabrication or plaintext error leaks
ok 735 - rejects invalid field ID "synthetic%2Fprivate" without fabrication or plaintext error leaks
  ---
  duration_ms: 0.9405
  type: 'test'
  ...
# Subtest: rejects invalid field ID "synthetic?attr=value" without fabrication or plaintext error leaks
ok 736 - rejects invalid field ID "synthetic?attr=value" without fabrication or plaintext error leaks
  ---
  duration_ms: 2.97825
  type: 'test'
  ...
# Subtest: rejects invalid field ID "synthetic\#private" without fabrication or plaintext error leaks
ok 737 - rejects invalid field ID "synthetic\#private" without fabrication or plaintext error leaks
  ---
  duration_ms: 0.76625
  type: 'test'
  ...
# Subtest: rejects invalid field ID "syntheticü" without fabrication or plaintext error leaks
ok 738 - rejects invalid field ID "syntheticü" without fabrication or plaintext error leaks
  ---
  duration_ms: 0.086375
  type: 'test'
  ...
# Subtest: rejects invalid field ID "synthetic\\u0000private" without fabrication or plaintext error leaks
ok 739 - rejects invalid field ID "synthetic\\u0000private" without fabrication or plaintext error leaks
  ---
  duration_ms: 0.062917
  type: 'test'
  ...
# Subtest: parses official names, IDs, sections and metadata queries without URL normalization
ok 740 - parses official names, IDs, sections and metadata queries without URL normalization
  ---
  duration_ms: 0.082875
  type: 'test'
  ...
# Subtest: rejects malformed references and unsupported name characters
ok 741 - rejects malformed references and unsupported name characters
  ---
  duration_ms: 0.126959
  type: 'test'
  ...
# Subtest: resolver delegates exact reference and cancellation to a pluggable backend
ok 742 - resolver delegates exact reference and cancellation to a pluggable backend
  ---
  duration_ms: 0.115667
  type: 'test'
  ...
# Subtest: object reference reads are case insensitive, section aware and preserve file bytes
ok 743 - object reference reads are case insensitive, section aware and preserve file bytes
  ---
  duration_ms: 11.144959
  type: 'test'
  ...
# Subtest: independent resolved rejected-prepare errors do not disclose adapter secrets before approval
ok 744 - independent resolved rejected-prepare errors do not disclose adapter secrets before approval
  ---
  duration_ms: 3.077458
  type: 'test'
  ...
# Subtest: independent resolved synchronous-prepare errors do not disclose adapter secrets before approval
ok 745 - independent resolved synchronous-prepare errors do not disclose adapter secrets before approval
  ---
  duration_ms: 0.631208
  type: 'test'
  ...
# Subtest: independent resolved malformed-metadata errors do not disclose adapter secrets before approval
ok 746 - independent resolved malformed-metadata errors do not disclose adapter secrets before approval
  ---
  duration_ms: 4.456625
  type: 'test'
  ...
# Subtest: independent synchronous binding handoff validates exact context before later invalidation
ok 747 - independent synchronous binding handoff validates exact context before later invalidation
  ---
  duration_ms: 13.26225
  type: 'test'
  ...
# Subtest: independent synchronous binding handoff validates omitted-authentication context before later invalidation
ok 748 - independent synchronous binding handoff validates omitted-authentication context before later invalidation
  ---
  duration_ms: 1.6025
  type: 'test'
  ...
# Subtest: independent resolved read: preparation has no execution effects; approved execution uses captured sources
ok 749 - independent resolved read: preparation has no execution effects; approved execution uses captured sources
  ---
  duration_ms: 13.22825
  type: 'test'
  ...
# Subtest: independent resolved inject: preparation has no execution effects; approved execution uses captured sources
ok 750 - independent resolved inject: preparation has no execution effects; approved execution uses captured sources
  ---
  duration_ms: 5.261959
  type: 'test'
  ...
# Subtest: independent resolved run: preparation has no execution effects; approved execution uses captured sources
ok 751 - independent resolved run: preparation has no execution effects; approved execution uses captured sources
  ---
  duration_ms: 3.934375
  type: 'test'
  ...
# Subtest: independent resolved item: preparation has no execution effects; approved execution uses captured sources
ok 752 - independent resolved item: preparation has no execution effects; approved execution uses captured sources
  ---
  duration_ms: 5.938792
  type: 'test'
  ...
# Subtest: independent resolved document: preparation has no execution effects; approved execution uses captured sources
ok 753 - independent resolved document: preparation has no execution effects; approved execution uses captured sources
  ---
  duration_ms: 1.77375
  type: 'test'
  ...
# Subtest: independent resolved snapshot-create: preparation has no execution effects; approved execution uses captured sources
ok 754 - independent resolved snapshot-create: preparation has no execution effects; approved execution uses captured sources
  ---
  duration_ms: 1.754625
  type: 'test'
  ...
# Subtest: independent resolved snapshot-restore: preparation has no execution effects; approved execution uses captured sources
ok 755 - independent resolved snapshot-restore: preparation has no execution effects; approved execution uses captured sources
  ---
  duration_ms: 3.693333
  type: 'test'
  ...
# Subtest: independent resolved initial denial never fetches secrets or writes output
ok 756 - independent resolved initial denial never fetches secrets or writes output
  ---
  duration_ms: 1.602584
  type: 'test'
  ...
# Subtest: independent resolved resolution denial never fetches secrets or writes output
ok 757 - independent resolved resolution denial never fetches secrets or writes output
  ---
  duration_ms: 2.0395
  type: 'test'
  ...
# Subtest: independent resolved final denial never fetches secrets or writes output
ok 758 - independent resolved final denial never fetches secrets or writes output
  ---
  duration_ms: 1.907875
  type: 'test'
  ...
# Subtest: independent resolved execution rejects a changed field after approval metadata preparation
ok 759 - independent resolved execution rejects a changed field after approval metadata preparation
  ---
  duration_ms: 51.186375
  type: 'test'
  ...
# Subtest: independent execute-only backends fail resolved ask before input or fallback execution
ok 760 - independent execute-only backends fail resolved ask before input or fallback execution
  ---
  duration_ms: 6.51575
  type: 'test'
  ...
# Subtest: independent nested inject reads never release mixed-version output
ok 761 - independent nested inject reads never release mixed-version output
  ---
  duration_ms: 3.985417
  type: 'test'
  ...
# Subtest: independent managed session revocation during approval blocks secret execution
ok 762 - independent managed session revocation during approval blocks secret execution
  ---
  duration_ms: 2.438208
  type: 'test'
  ...
# Subtest: independent initial denial precedes implicit and explicit stdin acquisition
ok 763 - independent initial denial precedes implicit and explicit stdin acquisition
  ---
  duration_ms: 0.746209
  type: 'test'
  ...
# Subtest: invalid roles fail before authorization, input and backend on every occurrence
ok 764 - invalid roles fail before authorization, input and backend on every occurrence
  ---
  duration_ms: 16.427625
  type: 'test'
  ...
# Subtest: role completion rejects invalid consumed values without suggesting flags
ok 765 - role completion rejects invalid consumed values without suggesting flags
  ---
  duration_ms: 20.686084
  type: 'test'
  ...
# Subtest: roles accept native case variants and remain optional
ok 766 - roles accept native case variants and remain optional
  ---
  duration_ms: 26.605125
  type: 'test'
  ...
# Subtest: secret handlers
    # Subtest: owns Buffer bytes before a queued masking write starts
    ok 1 - owns Buffer bytes before a queued masking write starts
      ---
      duration_ms: 1.162834
      type: 'test'
      ...
    # Subtest: exposes the shared masking sink for captured environment values
    ok 2 - exposes the shared masking sink for captured environment values
      ---
      duration_ms: 0.354667
      type: 'test'
      ...
    # Subtest: awaits shared masking flush and preserves cancellation
    ok 3 - awaits shared masking flush and preserves cancellation
      ---
      duration_ms: 0.411667
      type: 'test'
      ...
    # Subtest: preserves ordinary shell environment text while expanding variables in secret references
    ok 4 - preserves ordinary shell environment text while expanding variables in secret references
      ---
      duration_ms: 1.231875
      type: 'test'
      ...
    # Subtest: does not expand single-quoted or escaped dotenv references a second time
    ok 5 - does not expand single-quoted or escaped dotenv references a second time
      ---
      duration_ms: 0.5175
      type: 'test'
      ...
    # Subtest: environment sources override unresolved lower-precedence references
    ok 6 - environment sources override unresolved lower-precedence references
      ---
      duration_ms: 0.337834
      type: 'test'
      ...
    # Subtest: cancels a blocked stdin iterator without waiting for input
    ok 7 - cancels a blocked stdin iterator without waiting for input
      ---
      duration_ms: 0.366208
      type: 'test'
      ...
    # Subtest: masks longest overlapping secrets and flushes partial non-secret tails
    ok 8 - masks longest overlapping secrets and flushes partial non-secret tails
      ---
      duration_ms: 0.397708
      type: 'test'
      ...
    # Subtest: rejects malformed dotenv input before invoking a child
    ok 9 - rejects malformed dotenv input before invoking a child
      ---
      duration_ms: 0.368458
      type: 'test'
      ...
    # Subtest: reads text with a newline and forwards global flags and cancellation
    ok 10 - reads text with a newline and forwards global flags and cancellation
      ---
      duration_ms: 0.476792
      type: 'test'
      ...
    # Subtest: supports no-newline and preserves reference query parameters
    ok 11 - supports no-newline and preserves reference query parameters
      ---
      duration_ms: 0.179416
      type: 'test'
      ...
    # Subtest: writes raw file content and awaits the writer
    ok 12 - writes raw file content and awaits the writer
      ---
      duration_ms: 0.202541
      type: 'test'
      ...
    # Subtest: refuses to overwrite an existing file without force
    ok 13 - refuses to overwrite an existing file without force
      ---
      duration_ms: 0.182875
      type: 'test'
      ...
    # Subtest: passes default and explicit octal modes and force to the host for read and inject
    ok 14 - passes default and explicit octal modes and force to the host for read and inject
      ---
      duration_ms: 4.95225
      type: 'test'
      ...
    # Subtest: rejects malformed file modes before resolving or writing secrets
    ok 15 - rejects malformed file modes before resolving or writing secrets
      ---
      duration_ms: 0.542834
      type: 'test'
      ...
    # Subtest: ignores file modes without an output file
    ok 16 - ignores file modes without an output file
      ---
      duration_ms: 0.138834
      type: 'test'
      ...
    # Subtest: does not emit partial secrets when a later template reference fails
    ok 17 - does not emit partial secrets when a later template reference fails
      ---
      duration_ms: 1.287125
      type: 'test'
      ...
    # Subtest: propagates file write failures without falling back to stdout
    ok 18 - propagates file write failures without falling back to stdout
      ---
      duration_ms: 0.501083
      type: 'test'
      ...
    # Subtest: validates read arity
    ok 19 - validates read arity
      ---
      duration_ms: 0.09275
      type: 'test'
      ...
    # Subtest: rejects non-text backend values
    ok 20 - rejects non-text backend values
      ---
      duration_ms: 0.121083
      type: 'test'
      ...
    # Subtest: injects enclosed and bare references, defaults and case-insensitive variables
    ok 21 - injects enclosed and bare references, defaults and case-insensitive variables
      ---
      duration_ms: 0.185667
      type: 'test'
      ...
    # Subtest: preserves escaped template literals and ignores embedded URI schemes
    ok 22 - preserves escaped template literals and ignores embedded URI schemes
      ---
      duration_ms: 0.383042
      type: 'test'
      ...
    # Subtest: reads a UTF-8 template file and writes the exact rendered content
    ok 23 - reads a UTF-8 template file and writes the exact rendered content
      ---
      duration_ms: 0.272333
      type: 'test'
      ...
    # Subtest: fails on malformed templates before writing
    ok 24 - fails on malformed templates before writing
      ---
      duration_ms: 0.243375
      type: 'test'
      ...
    # Subtest: parses dotenv quoting, multiline, escapes, comments, interpolation and precedence
    ok 25 - parses dotenv quoting, multiline, escapes, comments, interpolation and precedence
      ---
      duration_ms: 0.448084
      type: 'test'
      ...
    # Subtest: masks UTF-8 secrets across chunks on both streams and preserves exit status
    ok 26 - masks UTF-8 secrets across chunks on both streams and preserves exit status
      ---
      duration_ms: 0.670792
      type: 'test'
      ...
    # Subtest: honors no-masking and passes literal child arguments
    ok 27 - honors no-masking and passes literal child arguments
      ---
      duration_ms: 0.194625
      type: 'test'
      ...
    # Subtest: does not invoke a child when resolution fails
    ok 28 - does not invoke a child when resolution fails
      ---
      duration_ms: 0.209625
      type: 'test'
      ...
    # Subtest: preserves abort reasons before and after backend calls
    ok 29 - preserves abort reasons before and after backend calls
      ---
      duration_ms: 0.209167
      type: 'test'
      ...
    # Subtest: propagates sink failures
    ok 30 - propagates sink failures
      ---
      duration_ms: 0.14275
      type: 'test'
      ...
    # Subtest: requires host capabilities and a child command
    ok 31 - requires host capabilities and a child command
      ---
      duration_ms: 0.141083
      type: 'test'
      ...
    1..31
ok 767 - secret handlers
  ---
  duration_ms: 18.353084
  type: 'suite'
  ...
# Subtest: batch selectors accept plain lines and parsed JSON objects or arrays
ok 768 - batch selectors accept plain lines and parsed JSON objects or arrays
  ---
  duration_ms: 0.998542
  type: 'test'
  ...
# Subtest: batch JSON streams ignore line breaks but respect strings and nested metadata
ok 769 - batch JSON streams ignore line breaks but respect strings and nested metadata
  ---
  duration_ms: 0.281291
  type: 'test'
  ...
# Subtest: invalid batch input fails without returning partial selectors or exposing its contents
ok 770 - invalid batch input fails without returning partial selectors or exposing its contents
  ---
  duration_ms: 0.88025
  type: 'test'
  ...
# Subtest: batch parsing does not invoke selector accessors or mutate its input
ok 771 - batch parsing does not invoke selector accessors or mutate its input
  ---
  duration_ms: 0.193458
  type: 'test'
  ...
# Subtest: roundtrips binary leaves and user objects without interpreting their tags
ok 772 - roundtrips binary leaves and user objects without interpreting their tags
  ---
  duration_ms: 2.285042
  type: 'test'
  ...
# Subtest: plain JSON seeds remain compatible and tag-shaped data stays ordinary
ok 773 - plain JSON seeds remain compatible and tag-shaped data stays ordinary
  ---
  duration_ms: 0.134834
  type: 'test'
  ...
# Subtest: rejects malformed envelopes and byte data instead of silently decoding
ok 774 - rejects malformed envelopes and byte data instead of silently decoding
  ---
  duration_ms: 0.174083
  type: 'test'
  ...
# Subtest: refuses unsupported state and cycles without emitting a corrupt snapshot
ok 775 - refuses unsupported state and cycles without emitting a corrupt snapshot
  ---
  duration_ms: 0.349583
  type: 'test'
  ...
# Subtest: preserves envelope-shaped metadata, undefined, negative zero and null prototypes
ok 776 - preserves envelope-shaped metadata, undefined, negative zero and null prototypes
  ---
  duration_ms: 0.125166
  type: 'test'
  ...
# Subtest: rejects extended and accessor arrays rather than dropping their properties
ok 777 - rejects extended and accessor arrays rather than dropping their properties
  ---
  duration_ms: 0.42825
  type: 'test'
  ...
# Subtest: Ed25519 generation returns SSH fields, verifiable keys, and SHA256 fingerprint
ok 778 - Ed25519 generation returns SSH fields, verifiable keys, and SHA256 fingerprint
  ---
  duration_ms: 8.389958
  type: 'test'
  ...
# Subtest: RSA generation selects each supported size without slow key generation
ok 779 - RSA generation selects each supported size without slow key generation
  ---
  duration_ms: 7.161417
  type: 'test'
  ...
# Subtest: RSA transforms preserve key material across PKCS1, PKCS8, and OpenSSH
ok 780 - RSA transforms preserve key material across PKCS1, PKCS8, and OpenSSH
  ---
  duration_ms: 3.619666
  type: 'test'
  ...
# Subtest: Ed25519 PKCS8 inputs roundtrip through OpenSSH and reject RSA-only PKCS1
ok 781 - Ed25519 PKCS8 inputs roundtrip through OpenSSH and reject RSA-only PKCS1
  ---
  duration_ms: 0.667583
  type: 'test'
  ...
# Subtest: invalid selectors, unsupported keys, and crypto failures do not leak key material
ok 782 - invalid selectors, unsupported keys, and crypto failures do not leak key material
  ---
  duration_ms: 0.958
  type: 'test'
  ...
# Subtest: OpenSSH decoding rejects corrupt framing, checkints, public keys, and padding
ok 783 - OpenSSH decoding rejects corrupt framing, checkints, public keys, and padding
  ---
  duration_ms: 0.658
  type: 'test'
  ...
# Subtest: user suspend validates --deauthorize-devices-after before authorization or acquisition
ok 784 - user suspend validates --deauthorize-devices-after before authorization or acquisition
  ---
  duration_ms: 7.081917
  type: 'test'
  ...
# Subtest: user suspend completion rejects consumed invalid --deauthorize-devices-after values
ok 785 - user suspend completion rejects consumed invalid --deauthorize-devices-after values
  ---
  duration_ms: 18.389583
  type: 'test'
  ...
# Subtest: user suspend preserves accepted --deauthorize-devices-after labels and omission
ok 786 - user suspend preserves accepted --deauthorize-devices-after labels and omission
  ---
  duration_ms: 7.855833
  type: 'test'
  ...
# Subtest: user edit validates --travel-mode before authorization or acquisition
ok 787 - user edit validates --travel-mode before authorization or acquisition
  ---
  duration_ms: 1.207083
  type: 'test'
  ...
# Subtest: user edit completion rejects consumed invalid --travel-mode values
ok 788 - user edit completion rejects consumed invalid --travel-mode values
  ---
  duration_ms: 0.736625
  type: 'test'
  ...
# Subtest: user edit preserves accepted --travel-mode labels and omission
ok 789 - user edit preserves accepted --travel-mode labels and omission
  ---
  duration_ms: 3.39975
  type: 'test'
  ...
# Subtest: vault edit validates --travel-mode before authorization or acquisition
ok 790 - vault edit validates --travel-mode before authorization or acquisition
  ---
  duration_ms: 1.110583
  type: 'test'
  ...
# Subtest: vault edit completion rejects consumed invalid --travel-mode values
ok 791 - vault edit completion rejects consumed invalid --travel-mode values
  ---
  duration_ms: 0.645875
  type: 'test'
  ...
# Subtest: vault edit preserves accepted --travel-mode labels and omission
ok 792 - vault edit preserves accepted --travel-mode labels and omission
  ---
  duration_ms: 0.63725
  type: 'test'
  ...
# Subtest: vault create validates --allow-admins-to-manage before authorization or acquisition
ok 793 - vault create validates --allow-admins-to-manage before authorization or acquisition
  ---
  duration_ms: 3.061959
  type: 'test'
  ...
# Subtest: vault create completion rejects consumed invalid --allow-admins-to-manage values
ok 794 - vault create completion rejects consumed invalid --allow-admins-to-manage values
  ---
  duration_ms: 3.498083
  type: 'test'
  ...
# Subtest: vault create preserves accepted --allow-admins-to-manage labels and omission
ok 795 - vault create preserves accepted --allow-admins-to-manage labels and omission
  ---
  duration_ms: 1.762
  type: 'test'
  ...
# Subtest: item create validates --ssh-generate-key before authorization or acquisition
ok 796 - item create validates --ssh-generate-key before authorization or acquisition
  ---
  duration_ms: 1.57575
  type: 'test'
  ...
# Subtest: item create completion rejects consumed invalid --ssh-generate-key values
ok 797 - item create completion rejects consumed invalid --ssh-generate-key values
  ---
  duration_ms: 0.887334
  type: 'test'
  ...
# Subtest: item create preserves accepted --ssh-generate-key labels and omission
ok 798 - item create preserves accepted --ssh-generate-key labels and omission
  ---
  duration_ms: 17.512542
  type: 'test'
  ...
# Subtest: read validates --file-mode before authorization or acquisition
ok 799 - read validates --file-mode before authorization or acquisition
  ---
  duration_ms: 1.671
  type: 'test'
  ...
# Subtest: read completion rejects consumed invalid --file-mode values
ok 800 - read completion rejects consumed invalid --file-mode values
  ---
  duration_ms: 0.657541
  type: 'test'
  ...
# Subtest: read preserves accepted --file-mode labels and omission
ok 801 - read preserves accepted --file-mode labels and omission
  ---
  duration_ms: 0.751625
  type: 'test'
  ...
# Subtest: inject validates --file-mode before authorization or acquisition
ok 802 - inject validates --file-mode before authorization or acquisition
  ---
  duration_ms: 1.672833
  type: 'test'
  ...
# Subtest: inject completion rejects consumed invalid --file-mode values
ok 803 - inject completion rejects consumed invalid --file-mode values
  ---
  duration_ms: 4.107042
  type: 'test'
  ...
# Subtest: inject preserves accepted --file-mode labels and omission
ok 804 - inject preserves accepted --file-mode labels and omission
  ---
  duration_ms: 0.874375
  type: 'test'
  ...
# Subtest: document get validates --file-mode before authorization or acquisition
ok 805 - document get validates --file-mode before authorization or acquisition
  ---
  duration_ms: 14.670583
  type: 'test'
  ...
# Subtest: document get completion rejects consumed invalid --file-mode values
ok 806 - document get completion rejects consumed invalid --file-mode values
  ---
  duration_ms: 7.419334
  type: 'test'
  ...
# Subtest: document get preserves accepted --file-mode labels and omission
ok 807 - document get preserves accepted --file-mode labels and omission
  ---
  duration_ms: 4.033209
  type: 'test'
  ...
# Subtest: item template get validates --file-mode before authorization or acquisition
ok 808 - item template get validates --file-mode before authorization or acquisition
  ---
  duration_ms: 3.042167
  type: 'test'
  ...
# Subtest: item template get completion rejects consumed invalid --file-mode values
ok 809 - item template get completion rejects consumed invalid --file-mode values
  ---
  duration_ms: 1.378208
  type: 'test'
  ...
# Subtest: item template get preserves accepted --file-mode labels and omission
ok 810 - item template get preserves accepted --file-mode labels and omission
  ---
  duration_ms: 1.117708
  type: 'test'
  ...
# Subtest: file mode helper accepts native octal uint32 range and minimum width
ok 811 - file mode helper accepts native octal uint32 range and minimum width
  ---
  duration_ms: 0.188625
  type: 'test'
  ...
# Subtest: public read forwards parsed file modes to its host without changing backend flags
ok 812 - public read forwards parsed file modes to its host without changing backend flags
  ---
  duration_ms: 5.842625
  type: 'test'
  ...
# Subtest: Login matches the official published JSON schema
ok 813 - Login matches the official published JSON schema
  ---
  duration_ms: 1.0105
  type: 'test'
  ...
# Subtest: supplied schemas resolve names, IDs and categories with independent results
ok 814 - supplied schemas resolve names, IDs and categories with independent results
  ---
  duration_ms: 0.205417
  type: 'test'
  ...
# Subtest: password recipes reject invalid classes and lengths before authorization
ok 815 - password recipes reject invalid classes and lengths before authorization
  ---
  duration_ms: 5.019458
  type: 'test'
  ...
# Subtest: password recipe labels remain raw and bare generation retains its default marker
ok 816 - password recipe labels remain raw and bare generation retains its default marker
  ---
  duration_ms: 7.382042
  type: 'test'
  ...
# Subtest: CSV flags reject malformed quoting before authorization and completion
ok 817 - CSV flags reject malformed quoting before authorization and completion
  ---
  duration_ms: 3.432708
  type: 'test'
  ...
# Subtest: CSV flags decode one record with quoted commas, escaped quotes and normalized line endings
ok 818 - CSV flags decode one record with quoted commas, escaped quotes and normalized line endings
  ---
  duration_ms: 2.670375
  type: 'test'
  ...
# Subtest: native string-slice flags stay repeatable completion candidates
ok 819 - native string-slice flags stay repeatable completion candidates
  ---
  duration_ms: 0.807334
  type: 'test'
  ...
# Subtest: invalid vault icon and travel mode values fail without changing state
ok 820 - invalid vault icon and travel mode values fail without changing state
  ---
  duration_ms: 3.83025
  type: 'test'
  ...
# Subtest: documented vault options persist on create and edit
ok 821 - documented vault options persist on create and edit
  ---
  duration_ms: 0.97125
  type: 'test'
  ...
1..821
# tests 851
# suites 1
# pass 851
# fail 0
# cancelled 0
# skipped 0
# todo 0
# duration_ms 8179.248541

> terminal-pilot@0.0.1 pretest:unit
> npm run build


> terminal-pilot@0.0.1 build
> rm -rf dist && tsc --emitDeclarationOnly && node scripts/build.mjs

 ❯ scripts/bundle-safe-bash.test.ts (0 test)
FAIL scripts/bundle-safe-bash.test.ts
Error: Cannot find module '../packages/package-lint/dist/bundle-policy.js' imported from /private/tmp/poe-resource-delivery/scripts/bundle-fs.mjs
 ❯ scripts/bundle-fs.mjs:2:1
      1| import path from "node:path";
      2| import {
       | ^
      3|   canonicalFsProfiles,
      4|   canonicalFsRoutes
 ❯ scripts/package-safe.mjs:11:1

⎯⎯⎯⎯⎯⎯⎯⎯⎯⎯⎯⎯⎯⎯⎯⎯⎯⎯⎯⎯⎯⎯⎯⎯⎯⎯⎯⎯⎯⎯
Serialized Error: { code: 'ERR_MODULE_NOT_FOUND' }
src/cli.ts(5,24): error TS2307: Cannot find module 'toolcraft/cli' or its corresponding type declarations.
src/cli.ts(6,32): error TS2307: Cannot find module 'toolcraft/design' or its corresponding type declarations.
src/commands/close-session.ts(1,34): error TS2307: Cannot find module 'toolcraft' or its corresponding type declarations.
src/commands/close-session.ts(22,21): error TS7031: Binding element 'params' implicitly has an 'any' type.
src/commands/close-session.ts(22,29): error TS7031: Binding element 'env' implicitly has an 'any' type.
src/commands/close-session.ts(22,34): error TS7031: Binding element 'terminalPilotRuntime' implicitly has an 'any' type.
src/commands/create-session.ts(1,34): error TS2307: Cannot find module 'toolcraft' or its corresponding type declarations.
src/commands/create-session.ts(33,21): error TS7031: Binding element 'params' implicitly has an 'any' type.
src/commands/create-session.ts(33,29): error TS7031: Binding element 'env' implicitly has an 'any' type.
src/commands/create-session.ts(33,34): error TS7031: Binding element 'terminalPilotRuntime' implicitly has an 'any' type.
src/commands/daemon-runtime.ts(7,27): error TS2307: Cannot find module 'toolcraft' or its corresponding type declarations.
src/commands/fill.ts(1,34): error TS2307: Cannot find module 'toolcraft' or its corresponding type declarations.
src/commands/fill.ts(24,21): error TS7031: Binding element 'params' implicitly has an 'any' type.
src/commands/fill.ts(24,29): error TS7031: Binding element 'env' implicitly has an 'any' type.
src/commands/fill.ts(24,34): error TS7031: Binding element 'terminalPilotRuntime' implicitly has an 'any' type.
src/commands/get-session.ts(1,34): error TS2307: Cannot find module 'toolcraft' or its corresponding type declarations.
src/commands/get-session.ts(22,21): error TS7031: Binding element 'params' implicitly has an 'any' type.
src/commands/get-session.ts(22,29): error TS7031: Binding element 'env' implicitly has an 'any' type.
src/commands/get-session.ts(22,34): error TS7031: Binding element 'terminalPilotRuntime' implicitly has an 'any' type.
src/commands/index.ts(1,29): error TS2307: Cannot find module 'toolcraft' or its corresponding type declarations.
src/commands/install.ts(1,30): error TS2307: Cannot find module '@poe-code/agent-skill-config' or its corresponding type declarations.
src/commands/install.ts(2,34): error TS2307: Cannot find module 'toolcraft' or its corresponding type declarations.
src/commands/install.ts(40,21): error TS7031: Binding element 'params' implicitly has an 'any' type.
src/commands/install.ts(40,29): error TS7031: Binding element 'terminalPilotInstaller' implicitly has an 'any' type.
src/commands/installer.ts(4,27): error TS2307: Cannot find module 'toolcraft' or its corresponding type declarations.
src/commands/installer.ts(9,8): error TS2307: Cannot find module '@poe-code/agent-skill-config' or its corresponding type declarations.
src/commands/list-sessions.ts(1,34): error TS2307: Cannot find module 'toolcraft' or its corresponding type declarations.
src/commands/list-sessions.ts(18,21): error TS7031: Binding element 'terminalPilotRuntime' implicitly has an 'any' type.
src/commands/press-key.ts(1,45): error TS2307: Cannot find module 'toolcraft' or its corresponding type declarations.
src/commands/press-key.ts(25,21): error TS7031: Binding element 'params' implicitly has an 'any' type.
src/commands/press-key.ts(25,29): error TS7031: Binding element 'env' implicitly has an 'any' type.
src/commands/press-key.ts(25,34): error TS7031: Binding element 'terminalPilotRuntime' implicitly has an 'any' type.
src/commands/read-history.ts(1,34): error TS2307: Cannot find module 'toolcraft' or its corresponding type declarations.
src/commands/read-history.ts(30,21): error TS7031: Binding element 'params' implicitly has an 'any' type.
src/commands/read-history.ts(30,29): error TS7031: Binding element 'env' implicitly has an 'any' type.
src/commands/read-history.ts(30,34): error TS7031: Binding element 'terminalPilotRuntime' implicitly has an 'any' type.
src/commands/read-screen.ts(1,34): error TS2307: Cannot find module 'toolcraft' or its corresponding type declarations.
src/commands/read-screen.ts(29,21): error TS7031: Binding element 'params' implicitly has an 'any' type.
src/commands/read-screen.ts(29,29): error TS7031: Binding element 'env' implicitly has an 'any' type.
src/commands/read-screen.ts(29,34): error TS7031: Binding element 'terminalPilotRuntime' implicitly has an 'any' type.
src/commands/resize.ts(1,34): error TS2307: Cannot find module 'toolcraft' or its corresponding type declarations.
src/commands/resize.ts(24,21): error TS7031: Binding element 'params' implicitly has an 'any' type.
src/commands/resize.ts(24,29): error TS7031: Binding element 'env' implicitly has an 'any' type.
src/commands/resize.ts(24,34): error TS7031: Binding element 'terminalPilotRuntime' implicitly has an 'any' type.
src/commands/runtime.ts(1,27): error TS2307: Cannot find module 'toolcraft' or its corresponding type declarations.
src/commands/runtime.ts(2,33): error TS2307: Cannot find module 'toolcraft' or its corresponding type declarations.
src/commands/screenshot.ts(1,34): error TS2307: Cannot find module 'toolcraft' or its corresponding type declarations.
src/commands/screenshot.ts(2,35): error TS2307: Cannot find module 'terminal-png' or its corresponding type declarations.
src/commands/screenshot.ts(33,21): error TS7031: Binding element 'params' implicitly has an 'any' type.
src/commands/screenshot.ts(33,29): error TS7031: Binding element 'env' implicitly has an 'any' type.
src/commands/screenshot.ts(33,34): error TS7031: Binding element 'terminalPilotRuntime' implicitly has an 'any' type.
src/commands/send-signal.ts(1,34): error TS2307: Cannot find module 'toolcraft' or its corresponding type declarations.
src/commands/send-signal.ts(24,21): error TS7031: Binding element 'params' implicitly has an 'any' type.
src/commands/send-signal.ts(24,29): error TS7031: Binding element 'env' implicitly has an 'any' type.
src/commands/send-signal.ts(24,34): error TS7031: Binding element 'terminalPilotRuntime' implicitly has an 'any' type.
src/commands/type.ts(1,34): error TS2307: Cannot find module 'toolcraft' or its corresponding type declarations.
src/commands/type.ts(24,21): error TS7031: Binding element 'params' implicitly has an 'any' type.
src/commands/type.ts(24,29): error TS7031: Binding element 'env' implicitly has an 'any' type.
src/commands/type.ts(24,34): error TS7031: Binding element 'terminalPilotRuntime' implicitly has an 'any' type.
src/commands/uninstall.ts(2,34): error TS2307: Cannot find module 'toolcraft' or its corresponding type declarations.
src/commands/uninstall.ts(37,21): error TS7031: Binding element 'params' implicitly has an 'any' type.
src/commands/uninstall.ts(37,29): error TS7031: Binding element 'terminalPilotInstaller' implicitly has an 'any' type.
src/commands/wait-for-exit.ts(1,45): error TS2307: Cannot find module 'toolcraft' or its corresponding type declarations.
src/commands/wait-for-exit.ts(25,21): error TS7031: Binding element 'params' implicitly has an 'any' type.
src/commands/wait-for-exit.ts(25,29): error TS7031: Binding element 'env' implicitly has an 'any' type.
src/commands/wait-for-exit.ts(25,34): error TS7031: Binding element 'terminalPilotRuntime' implicitly has an 'any' type.
src/commands/wait-for.ts(1,45): error TS2307: Cannot find module 'toolcraft' or its corresponding type declarations.
src/commands/wait-for.ts(42,21): error TS7031: Binding element 'params' implicitly has an 'any' type.
src/commands/wait-for.ts(42,29): error TS7031: Binding element 'env' implicitly has an 'any' type.
src/commands/wait-for.ts(42,34): error TS7031: Binding element 'terminalPilotRuntime' implicitly has an 'any' type.
npm error Lifecycle script `build` failed with error:
npm error code 2
npm error path /private/tmp/poe-resource-delivery/packages/terminal-pilot
npm error workspace terminal-pilot@0.0.1
npm error location /private/tmp/poe-resource-delivery/packages/terminal-pilot
npm error command failed
npm error command sh -c rm -rf dist && tsc --emitDeclarationOnly && node scripts/build.mjs
npm error Lifecycle script `test:unit` failed with error:
npm error code 2
npm error path /private/tmp/poe-resource-delivery/packages/terminal-pilot
npm error workspace terminal-pilot@0.0.1
npm error location /private/tmp/poe-resource-delivery/packages/terminal-pilot
npm error command failed
npm error command sh -c npm run build
npm error Lifecycle script `test:unit` failed with error:
npm error code 143
npm error path /private/tmp/poe-resource-delivery/packages/safe-python
npm error workspace @poe-code/safe-python@0.0.0-dev
npm error location /private/tmp/poe-resource-delivery/packages/safe-python
npm error command failed
npm error command sh -c vitest run --config vitest.config.ts
Error: Workspace test:unit failed: terminal-pilot (2)
    at taskError (file:///private/tmp/poe-resource-delivery/scripts/build-workspaces.mjs:174:17)
    at ChildProcess.onClose (file:///private/tmp/poe-resource-delivery/scripts/build-workspaces.mjs:319:27)
    at Object.onceWrapper (node:events:634:26)
    at ChildProcess.emit (node:events:519:28)
    at maybeClose (node:internal/child_process:1101:16)
    at ChildProcess._handle.onexit (node:internal/child_process:304:5) {
  exitCode: 2
}
