
> poe-code@0.0.0-dev test
> node scripts/build-workspaces.mjs --test-unit --concurrency=4 --exclude-workspace=virtual-bash


> @poe-code/agent-defs@0.0.1 build
> node ../../scripts/guard-package-dist.mjs && tsc


> @poe-code/agent-human-in-loop@0.0.1 build
> node ../../scripts/guard-package-dist.mjs && tsc


> @poe-code/frontmatter@0.0.1 build
> node ../../scripts/guard-package-dist.mjs && tsc


> @poe-code/process-runner@0.0.1 build
> node ../../scripts/guard-package-dist.mjs && tsc


> @poe-code/user-error@0.0.1 build
> node ../../scripts/guard-package-dist.mjs && tsc


> auth-store@0.0.1 build
> node ../../scripts/guard-package-dist.mjs && tsc


> tiny-oauth-test-server@0.1.0 build
> node ../../scripts/guard-package-dist.mjs && tsc


> toolcraft-schema@0.0.1 build
> rm -rf dist && tsc


> @poe-code/task-list@0.0.1 build
> node ../../scripts/guard-package-dist.mjs && tsc


> mcp-oauth@0.0.1 build
> tsc


> tiny-stdio-mcp-server@0.1.0 build
> node ../../scripts/guard-package-dist.mjs && tsc


> toolcraft-design@0.0.2 build
> node ../../scripts/guard-package-dist.mjs && tsc


> toolcraft-design@0.0.2 postbuild
> node scripts/smoke-built-exports.mjs


> @poe-code/config-mutations@0.0.1 build
> node ../../scripts/guard-package-dist.mjs && tsc


> mcp-oauth-server@0.1.0 build
> node ../../scripts/guard-package-dist.mjs && tsc


> tiny-mcp-client@0.1.0 build
> node scripts/build.mjs


> tiny-stdio-mcp-test-server@0.1.0 build
> node ../../scripts/guard-package-dist.mjs && tsc


> @poe-code/agent-mcp-config@0.0.1 build
> node ../../scripts/guard-package-dist.mjs && tsc


> tiny-http-mcp-server@0.1.0 build
> node ../../scripts/guard-package-dist.mjs && tsc


> poe-code@0.0.0-dev test:unit:shared
> node scripts/test-vitest-workspaces.mjs . packages/acp-telemetry packages/agent-child-process packages/agent-code-review packages/agent-gaslight packages/agent-harness packages/agent-harness-tools packages/agent-hook-config packages/agent-spawn packages/agent-stash packages/agent-trace-viewer packages/agent-traces packages/braintrust packages/experiment-loop packages/frontmatter packages/github-review packages/github-workflows packages/maestro packages/maestro-tui packages/markdown-reader packages/mcp-oauth-server packages/memory packages/opencode-poe-auth packages/package-lint packages/process-launcher packages/process-runner packages/ralph packages/safe-bash-playground packages/superintendent packages/task-list packages/toolcraft packages/toolcraft-codemode packages/toolcraft-landing-page packages/toolcraft-openapi packages/toolcraft-schema packages/workspace-resolver


> @poe-platform/op@0.0.1 test:unit
> node --import tsx --test src/*.test.ts


> @poe-code/py-poe-spawn@0.0.1 test:unit
> python3 -m unittest discover -s tests -t .


> @poe-code/safe-js@0.0.1 pretest:unit
> node scripts/numberformat-data.mjs && npm run typecheck:fs

TAP version 13
.............................
----------------------------------------------------------------------
Ran 29 tests in 0.178s

OK

> @poe-code/safe-python@0.0.0-dev test:unit
> vitest run --config vitest.config.ts


 RUN  v4.1.11 /private/tmp/poe-resource-delivery/packages/safe-python


 RUN  v4.1.11 /private/tmp/poe-resource-delivery

Unit workspace poe-code: running 1719 files
Unit workspace @poe-code/acp-telemetry: running 6 files
Unit workspace @poe-code/agent-child-process: running 1 files
Unit workspace agent-code-review: running 12 files
Unit workspace @poe-code/agent-gaslight: running 4 files
Unit workspace @poe-code/agent-harness: running 13 files
Unit workspace @poe-code/agent-harness-tools: running 17 files
Unit workspace @poe-code/agent-hook-config: running 8 files
Unit workspace @poe-code/agent-spawn: running 23 files
Unit workspace agent-stash: running 13 files
Unit workspace @poe-code/agent-trace-viewer: running 8 files
Unit workspace @poe-code/agent-traces: running 9 files
Unit workspace @poe-code/braintrust: running 9 files
Unit workspace @poe-code/experiment-loop: running 3 files
Unit workspace @poe-code/frontmatter: running 1 files
Unit workspace github-review: running 6 files
Unit workspace @poe-code/github-workflows: running 10 files
Unit workspace @poe-code/maestro: running 27 files
Unit workspace @poe-code/maestro-tui: running 3 files
Unit workspace @poe-code/markdown-reader: running 7 files
Unit workspace mcp-oauth-server: running 2 files
Unit workspace @poe-code/memory: running 29 files
Unit workspace opencode-poe-auth: running 1 files
Unit workspace @poe-code/package-lint: running 13 files
Unit workspace @poe-code/process-launcher: running 11 files
Unit workspace @poe-code/process-runner: running 9 files
Unit workspace @poe-code/ralph: running 2 files
Unit workspace safe-bash-playground: running 8 files
Unit workspace @poe-code/superintendent: running 34 files
Unit workspace @poe-code/task-list: running 19 files
Unit workspace toolcraft: running 108 files
Unit workspace toolcraft-codemode: running 12 files
Unit workspace toolcraft-landing-page: running 3 files
Unit workspace toolcraft-openapi: running 36 files
Unit workspace toolcraft-schema: running 14 files
Unit workspace @poe-code/workspace-resolver: running 2 files
# Subtest: audit group lists and deletes honor account targeting and preserve other resources
ok 1 - audit group lists and deletes honor account targeting and preserve other resources
  ---
  duration_ms: 3.848667
  type: 'test'
  ...
# Subtest: public read and delete reject foreign IDs and resolve duplicate vault names locally
ok 2 - public read and delete reject foreign IDs and resolve duplicate vault names locally
  ---
  duration_ms: 3.236792
  type: 'test'
  ...
# Subtest: account aliases scope direct and indirect objects and default vault creation
ok 3 - account aliases scope direct and indirect objects and default vault creation
  ---
  duration_ms: 3.484084
  type: 'test'
  ...
# Subtest: foreign vault flags, account patches, moves and relation principals cannot cross accounts
ok 4 - foreign vault flags, account patches, moves and relation principals cannot cross accounts
  ---
  duration_ms: 1.103833
  type: 'test'
  ...
# Subtest: direct admin dispatcher uses the same account boundary
ok 5 - direct admin dispatcher uses the same account boundary
  ---
  duration_ms: 0.24025
  type: 'test'
  ...
# Subtest: hooks receive only selected state and cannot publish foreign resources or values
ok 6 - hooks receive only selected state and cannot publish foreign resources or values
  ---
  duration_ms: 0.890084
  type: 'test'
  ...
# Subtest: account-scoped admin IDs remain globally unique
ok 7 - account-scoped admin IDs remain globally unique
  ---
  duration_ms: 0.242208
  type: 'test'
  ...
# Subtest: concurrent scoped hooks preserve other-account and untouched same-account updates
ok 8 - concurrent scoped hooks preserve other-account and untouched same-account updates
  ---
  duration_ms: 0.807084
  type: 'test'
  ...
# Subtest: unknown ownership is explicit and invalid account aliases cannot access data
ok 9 - unknown ownership is explicit and invalid account aliases cannot access data
  ---
  duration_ms: 0.511458
  type: 'test'
  ...
# Subtest: arbitrary nested account and ID data is not interpreted as domain ownership
ok 10 - arbitrary nested account and ID data is not interpreted as domain ownership
  ---
  duration_ms: 0.908875
  type: 'test'
  ...
# Subtest: repeatable vault permission flags preserve metadata and reject foreign vaults before hooks
ok 11 - repeatable vault permission flags preserve metadata and reject foreign vaults before hooks
  ---
  duration_ms: 2.127208
  type: 'test'
  ...
# Subtest: group get - treats singleton and array JSON as selectors, not mutation bodies
ok 12 - group get - treats singleton and array JSON as selectors, not mutation bodies
  ---
  duration_ms: 5.042917
  type: 'test'
  ...
# Subtest: group get - rejects every missing, foreign, or malformed selector before hooks or local publication
ok 13 - group get - rejects every missing, foreign, or malformed selector before hooks or local publication
  ---
  duration_ms: 2.819958
  type: 'test'
  ...
# Subtest: group edit - treats singleton and array JSON as selectors, not mutation bodies
ok 14 - group edit - treats singleton and array JSON as selectors, not mutation bodies
  ---
  duration_ms: 1.22575
  type: 'test'
  ...
# Subtest: group edit - rejects every missing, foreign, or malformed selector before hooks or local publication
ok 15 - group edit - rejects every missing, foreign, or malformed selector before hooks or local publication
  ---
  duration_ms: 1.114583
  type: 'test'
  ...
# Subtest: group delete - treats singleton and array JSON as selectors, not mutation bodies
ok 16 - group delete - treats singleton and array JSON as selectors, not mutation bodies
  ---
  duration_ms: 0.84675
  type: 'test'
  ...
# Subtest: group delete - rejects every missing, foreign, or malformed selector before hooks or local publication
ok 17 - group delete - rejects every missing, foreign, or malformed selector before hooks or local publication
  ---
  duration_ms: 6.732792
  type: 'test'
  ...
# Subtest: user get - treats singleton and array JSON as selectors, not mutation bodies
ok 18 - user get - treats singleton and array JSON as selectors, not mutation bodies
  ---
  duration_ms: 15.856041
  type: 'test'
  ...
# Subtest: user get - rejects every missing, foreign, or malformed selector before hooks or local publication
ok 19 - user get - rejects every missing, foreign, or malformed selector before hooks or local publication
  ---
  duration_ms: 2.360541
  type: 'test'
  ...
# Subtest: user edit - treats singleton and array JSON as selectors, not mutation bodies
ok 20 - user edit - treats singleton and array JSON as selectors, not mutation bodies
  ---
  duration_ms: 1.07075
  type: 'test'
  ...
# Subtest: user edit - rejects every missing, foreign, or malformed selector before hooks or local publication
ok 21 - user edit - rejects every missing, foreign, or malformed selector before hooks or local publication
  ---
  duration_ms: 1.965667
  type: 'test'
  ...
# Subtest: user delete - treats singleton and array JSON as selectors, not mutation bodies
ok 22 - user delete - treats singleton and array JSON as selectors, not mutation bodies
  ---
  duration_ms: 0.83175
  type: 'test'
  ...
# Subtest: user delete - rejects every missing, foreign, or malformed selector before hooks or local publication
ok 23 - user delete - rejects every missing, foreign, or malformed selector before hooks or local publication
  ---
  duration_ms: 1.005125
  type: 'test'
  ...
# Subtest: user confirm - treats singleton and array JSON as selectors, not mutation bodies
ok 24 - user confirm - treats singleton and array JSON as selectors, not mutation bodies
  ---
  duration_ms: 0.665833
  type: 'test'
  ...
# Subtest: user confirm - rejects every missing, foreign, or malformed selector before hooks or local publication
ok 25 - user confirm - rejects every missing, foreign, or malformed selector before hooks or local publication
  ---
  duration_ms: 0.965917
  type: 'test'
  ...
# Subtest: user reactivate - treats singleton and array JSON as selectors, not mutation bodies
ok 26 - user reactivate - treats singleton and array JSON as selectors, not mutation bodies
  ---
  duration_ms: 11.290583
  type: 'test'
  ...
# Subtest: user reactivate - rejects every missing, foreign, or malformed selector before hooks or local publication
ok 27 - user reactivate - rejects every missing, foreign, or malformed selector before hooks or local publication
  ---
  duration_ms: 0.975542
  type: 'test'
  ...
# Subtest: user suspend - treats singleton and array JSON as selectors, not mutation bodies
ok 28 - user suspend - treats singleton and array JSON as selectors, not mutation bodies
  ---
  duration_ms: 0.695292
  type: 'test'
  ...
# Subtest: user suspend - rejects every missing, foreign, or malformed selector before hooks or local publication
ok 29 - user suspend - rejects every missing, foreign, or malformed selector before hooks or local publication
  ---
  duration_ms: 2.1195
  type: 'test'
  ...
# Subtest: unrelated requests fall through and unsupported admin actions fail safely
ok 30 - unrelated requests fall through and unsupported admin actions fail safely
  ---
  duration_ms: 1.940291
  type: 'test'
  ...
# Subtest: generated admin IDs have native length and avoid case-insensitive cross-resource collisions
ok 31 - generated admin IDs have native length and avoid case-insensitive cross-resource collisions
  ---
  duration_ms: 1.116
  type: 'test'
  ...
# Subtest: group lifecycle accepts CLI flags, batches stdin, clones metadata and preserves IDs
ok 32 - group lifecycle accepts CLI flags, batches stdin, clones metadata and preserves IDs
  ---
  duration_ms: 1.952167
  type: 'test'
  ...
# Subtest: membership resolves email, updates roles, filters lists and cascades deletion
ok 33 - membership resolves email, updates roles, filters lists and cascades deletion
  ---
  duration_ms: 0.938
  type: 'test'
  ...
# Subtest: group roles accept case-insensitive values, store lowercase, and leave request flags unchanged
ok 34 - group roles accept case-insensitive values, store lowercase, and leave request flags unchanged
  ---
  duration_ms: 1.08675
  type: 'test'
  ...
# Subtest: vault grants union permissions, partially revoke, filter and remove empty access
ok 35 - vault grants union permissions, partially revoke, filter and remove empty access
  ---
  duration_ms: 1.251542
  type: 'test'
  ...
# Subtest: user lifecycle validates transitions and atomically resolves batches
ok 36 - user lifecycle validates transitions and atomically resolves batches
  ---
  duration_ms: 0.614209
  type: 'test'
  ...
# Subtest: accounts select shorthand, require real authentication, sign out and forget locally
ok 37 - accounts select shorthand, require real authentication, sign out and forget locally
  ---
  duration_ms: 0.872292
  type: 'test'
  ...
# Subtest: external effects require hooks, sanitize errors and commit only after success
ok 38 - external effects require hooks, sanitize errors and commit only after success
  ---
  duration_ms: 0.951375
  type: 'test'
  ...
# Subtest: connect relationships cover managers, all future servers, vaults and token scoping
ok 39 - connect relationships cover managers, all future servers, vaults and token scoping
  ---
  duration_ms: 0.800959
  type: 'test'
  ...
# Subtest: environment reads stored secrets and plugin clearing preserves catalog metadata
ok 40 - environment reads stored secrets and plugin clearing preserves catalog metadata
  ---
  duration_ms: 1.263291
  type: 'test'
  ...
# Subtest: Connect token lists do not require a server and retain revoked token metadata
ok 41 - Connect token lists do not require a server and retain revoked token metadata
  ---
  duration_ms: 0.276417
  type: 'test'
  ...
# Subtest: plugin clear --all clears the selected plugin only
ok 42 - plugin clear --all clears the selected plugin only
  ---
  duration_ms: 0.175958
  type: 'test'
  ...
# Subtest: vault permission filters exclude grants without every requested permission
ok 43 - vault permission filters exclude grants without every requested permission
  ---
  duration_ms: 0.586208
  type: 'test'
  ...
# Subtest: provider results persist metadata and tokens without sharing mutable references
ok 44 - provider results persist metadata and tokens without sharing mutable references
  ---
  duration_ms: 1.5895
  type: 'test'
  ...
# Subtest: invalid provider snapshots and ambiguous selectors fail without exposing secrets
ok 45 - invalid provider snapshots and ambiguous selectors fail without exposing secrets
  ---
  duration_ms: 0.471875
  type: 'test'
  ...
# Subtest: direct allow does not enter metadata discovery or either approval callback
ok 46 - direct allow does not enter metadata discovery or either approval callback
  ---
  duration_ms: 3.985959
  type: 'test'
  ...
# Subtest: direct deny does not enter metadata discovery or either approval callback
ok 47 - direct deny does not enter metadata discovery or either approval callback
  ---
  duration_ms: 0.351
  type: 'test'
  ...
# Subtest: explicit literal ask retains legacy approval without discovery
ok 48 - explicit literal ask retains legacy approval without discovery
  ---
  duration_ms: 0.641166
  type: 'test'
  ...
# Subtest: default ask fails closed without resolution callback and never falls back to literal approval
ok 49 - default ask fails closed without resolution callback and never falls back to literal approval
  ---
  duration_ms: 0.541
  type: 'test'
  ...
# Subtest: default ask fails closed without resolved callback and never falls back to literal approval
ok 50 - default ask fails closed without resolved callback and never falls back to literal approval
  ---
  duration_ms: 0.328792
  type: 'test'
  ...
# Subtest: default ask fails closed without backend capabilities and never falls back to literal approval
ok 51 - default ask fails closed without backend capabilities and never falls back to literal approval
  ---
  duration_ms: 0.181208
  type: 'test'
  ...
# Subtest: default ask fails closed without resolution permission and never falls back to literal approval
ok 52 - default ask fails closed without resolution permission and never falls back to literal approval
  ---
  duration_ms: 0.327417
  type: 'test'
  ...
# Subtest: resolved denial follows explicit metadata permission without executing or exposing field values
ok 53 - resolved denial follows explicit metadata permission without executing or exposing field values
  ---
  duration_ms: 1.431875
  type: 'test'
  ...
# Subtest: resolved run manifest exposes no handle or raw argv and keeps all argument positions redacted
ok 54 - resolved run manifest exposes no handle or raw argv and keeps all argument positions redacted
  ---
  duration_ms: 1.217375
  type: 'test'
  ...
# Subtest: abort during discovery permission settles and late approval cannot execute
ok 55 - abort during discovery permission settles and late approval cannot execute
  ---
  duration_ms: 0.584583
  type: 'test'
  ...
# Subtest: abort during resolved permission settles and late approval cannot execute
ok 56 - abort during resolved permission settles and late approval cannot execute
  ---
  duration_ms: 0.376416
  type: 'test'
  ...
# Subtest: preparation is metadata-only and cloned or foreign handles cannot authorize a read
ok 57 - preparation is metadata-only and cloned or foreign handles cannot authorize a read
  ---
  duration_ms: 0.705666
  type: 'test'
  ...
# Subtest: cancelled binding cannot be validated or replayed to execute a read
ok 58 - cancelled binding cannot be validated or replayed to execute a read
  ---
  duration_ms: 0.206958
  type: 'test'
  ...
# Subtest: binding cannot execute an unprepared nested request
ok 59 - binding cannot execute an unprepared nested request
  ---
  duration_ms: 0.209875
  type: 'test'
  ...
# Subtest: same-ID content update invalidates a prepared generation without undoing the other actor
ok 60 - same-ID content update invalidates a prepared generation without undoing the other actor
  ---
  duration_ms: 0.516333
  type: 'test'
  ...
# Subtest: unchanged approved item selection completes through the public API
ok 61 - unchanged approved item selection completes through the public API
  ---
  duration_ms: 5.26825
  type: 'test'
  ...
# Subtest: approval invalidates when the approved item name is reassigned while permission is pending
ok 62 - approval invalidates when the approved item name is reassigned while permission is pending
  ---
  duration_ms: 1.236709
  type: 'test'
  ...
# Subtest: read: literal deny prevents backend, file and spawn effects
ok 63 - read: literal deny prevents backend, file and spawn effects
  ---
  duration_ms: 3.480875
  type: 'test'
  ...
# Subtest: read: literal ask-denied prevents backend, file and spawn effects
ok 64 - read: literal ask-denied prevents backend, file and spawn effects
  ---
  duration_ms: 0.47025
  type: 'test'
  ...
# Subtest: read: literal ask-missing prevents backend, file and spawn effects
ok 65 - read: literal ask-missing prevents backend, file and spawn effects
  ---
  duration_ms: 0.466958
  type: 'test'
  ...
# Subtest: read: literal approval sees the actual command and precedes effects
ok 66 - read: literal approval sees the actual command and precedes effects
  ---
  duration_ms: 0.737834
  type: 'test'
  ...
# Subtest: inject: literal deny prevents backend, file and spawn effects
ok 67 - inject: literal deny prevents backend, file and spawn effects
  ---
  duration_ms: 0.510791
  type: 'test'
  ...
# Subtest: inject: literal ask-denied prevents backend, file and spawn effects
ok 68 - inject: literal ask-denied prevents backend, file and spawn effects
  ---
  duration_ms: 0.617875
  type: 'test'
  ...
# Subtest: inject: literal ask-missing prevents backend, file and spawn effects
ok 69 - inject: literal ask-missing prevents backend, file and spawn effects
  ---
  duration_ms: 0.523375
  type: 'test'
  ...
# Subtest: inject: literal approval sees the actual command and precedes effects
ok 70 - inject: literal approval sees the actual command and precedes effects
  ---
  duration_ms: 0.602625
  type: 'test'
  ...
# Subtest: run: literal deny prevents backend, file and spawn effects
ok 71 - run: literal deny prevents backend, file and spawn effects
  ---
  duration_ms: 0.385041
  type: 'test'
  ...
# Subtest: run: literal ask-denied prevents backend, file and spawn effects
ok 72 - run: literal ask-denied prevents backend, file and spawn effects
  ---
  duration_ms: 0.351541
  type: 'test'
  ...
# Subtest: run: literal ask-missing prevents backend, file and spawn effects
ok 73 - run: literal ask-missing prevents backend, file and spawn effects
  ---
  duration_ms: 0.147875
  type: 'test'
  ...
# Subtest: run: literal approval sees the actual command and precedes effects
ok 74 - run: literal approval sees the actual command and precedes effects
  ---
  duration_ms: 0.660792
  type: 'test'
  ...
# Subtest: admin: literal deny prevents backend, file and spawn effects
ok 75 - admin: literal deny prevents backend, file and spawn effects
  ---
  duration_ms: 0.214834
  type: 'test'
  ...
# Subtest: admin: literal ask-denied prevents backend, file and spawn effects
ok 76 - admin: literal ask-denied prevents backend, file and spawn effects
  ---
  duration_ms: 0.14075
  type: 'test'
  ...
# Subtest: admin: literal ask-missing prevents backend, file and spawn effects
ok 77 - admin: literal ask-missing prevents backend, file and spawn effects
  ---
  duration_ms: 0.124458
  type: 'test'
  ...
# Subtest: admin: literal approval sees the actual command and precedes effects
ok 78 - admin: literal approval sees the actual command and precedes effects
  ---
  duration_ms: 0.334292
  type: 'test'
  ...
# Subtest: read: cancellation settles while authorize is pending and late permission has no effects
ok 79 - read: cancellation settles while authorize is pending and late permission has no effects
  ---
  duration_ms: 0.343417
  type: 'test'
  ...
# Subtest: read: cancellation settles while approve is pending and late permission has no effects
ok 80 - read: cancellation settles while approve is pending and late permission has no effects
  ---
  duration_ms: 0.292709
  type: 'test'
  ...
# Subtest: inject: cancellation settles while authorize is pending and late permission has no effects
ok 81 - inject: cancellation settles while authorize is pending and late permission has no effects
  ---
  duration_ms: 0.23975
  type: 'test'
  ...
# Subtest: inject: cancellation settles while approve is pending and late permission has no effects
ok 82 - inject: cancellation settles while approve is pending and late permission has no effects
  ---
  duration_ms: 0.182416
  type: 'test'
  ...
# Subtest: run: cancellation settles while authorize is pending and late permission has no effects
ok 83 - run: cancellation settles while authorize is pending and late permission has no effects
  ---
  duration_ms: 0.294
  type: 'test'
  ...
# Subtest: run: cancellation settles while approve is pending and late permission has no effects
ok 84 - run: cancellation settles while approve is pending and late permission has no effects
  ---
  duration_ms: 0.198875
  type: 'test'
  ...
# Subtest: admin: cancellation settles while authorize is pending and late permission has no effects
ok 85 - admin: cancellation settles while authorize is pending and late permission has no effects
  ---
  duration_ms: 0.21925
  type: 'test'
  ...
# Subtest: admin: cancellation settles while approve is pending and late permission has no effects
ok 86 - admin: cancellation settles while approve is pending and late permission has no effects
  ---
  duration_ms: 0.17875
  type: 'test'
  ...
# Subtest: literal approval freezes arguments and flags without acquiring input
ok 87 - literal approval freezes arguments and flags without acquiring input
  ---
  duration_ms: 0.329417
  type: 'test'
  ...
# Subtest: resolved approval keeps nested JSON input private and freezes its prepared mutation
ok 88 - resolved approval keeps nested JSON input private and freezes its prepared mutation
  ---
  duration_ms: 4.497667
  type: 'test'
  ...
# Subtest: run: caller environment mutation during approval cannot change the approved execution
ok 89 - run: caller environment mutation during approval cannot change the approved execution
  ---
  duration_ms: 1.237292
  type: 'test'
  ...
# Subtest: inject: caller environment mutation during approval cannot change the approved execution
ok 90 - inject: caller environment mutation during approval cannot change the approved execution
  ---
  duration_ms: 0.687583
  type: 'test'
  ...
# Subtest: denied public object-backed admin operation leaves the complete snapshot unchanged
ok 91 - denied public object-backed admin operation leaves the complete snapshot unchanged
  ---
  duration_ms: 45.332875
  type: 'test'
  ...
# Subtest: one approved execution does not silently approve the next execution
ok 92 - one approved execution does not silently approve the next execution
  ---
  duration_ms: 20.598125
  type: 'test'
  ...
# Subtest: authorize callback failures do not expose private error text
ok 93 - authorize callback failures do not expose private error text
  ---
  duration_ms: 0.268042
  type: 'test'
  ...
# Subtest: approve callback failures do not expose private error text
ok 94 - approve callback failures do not expose private error text
  ---
  duration_ms: 0.140917
  type: 'test'
  ...
# Subtest: environment snapshot create dev --vars TOKEN: denied approval blocks storage, retrieval and restoration
ok 95 - environment snapshot create dev --vars TOKEN: denied approval blocks storage, retrieval and restoration
  ---
  duration_ms: 0.293209
  type: 'test'
  ...
# Subtest: environment snapshot get dev: denied approval blocks storage, retrieval and restoration
ok 96 - environment snapshot get dev: denied approval blocks storage, retrieval and restoration
  ---
  duration_ms: 0.105083
  type: 'test'
  ...
# Subtest: environment snapshot list: denied approval blocks storage, retrieval and restoration
ok 97 - environment snapshot list: denied approval blocks storage, retrieval and restoration
  ---
  duration_ms: 0.109917
  type: 'test'
  ...
# Subtest: environment snapshot delete dev: denied approval blocks storage, retrieval and restoration
ok 98 - environment snapshot delete dev: denied approval blocks storage, retrieval and restoration
  ---
  duration_ms: 0.098375
  type: 'test'
  ...
# Subtest: environment snapshot restore dev: denied approval blocks storage, retrieval and restoration
ok 99 - environment snapshot restore dev: denied approval blocks storage, retrieval and restoration
  ---
  duration_ms: 0.09475
  type: 'test'
  ...
# Subtest: environment snapshot restore dev --shell bash: denied approval blocks storage, retrieval and restoration
ok 100 - environment snapshot restore dev --shell bash: denied approval blocks storage, retrieval and restoration
  ---
  duration_ms: 0.117334
  type: 'test'
  ...
# Subtest: environment snapshot restore dev -- worker: denied approval blocks storage, retrieval and restoration
ok 101 - environment snapshot restore dev -- worker: denied approval blocks storage, retrieval and restoration
  ---
  duration_ms: 0.122541
  type: 'test'
  ...
# Subtest: snapshot capture binds variable values at execution start while approval contains only selection metadata
ok 102 - snapshot capture binds variable values at execution start while approval contains only selection metadata
  ---
  duration_ms: 1.18625
  type: 'test'
  ...
# Subtest: selected snapshot child restoration preserves unrelated variables appropriately across approval
ok 103 - selected snapshot child restoration preserves unrelated variables appropriately across approval
  ---
  duration_ms: 0.716209
  type: 'test'
  ...
# Subtest: selected snapshot shell restoration preserves unrelated variables appropriately across approval
ok 104 - selected snapshot shell restoration preserves unrelated variables appropriately across approval
  ---
  duration_ms: 0.803583
  type: 'test'
  ...
# Subtest: approved snapshot restoration retains host capabilities without requiring context object identity
ok 105 - approved snapshot restoration retains host capabilities without requiring context object identity
  ---
  duration_ms: 20.700042
  type: 'test'
  ...
# Subtest: app preference follows successful signin across terminals, including reuse, but not reads
ok 106 - app preference follows successful signin across terminals, including reuse, but not reads
  ---
  duration_ms: 4.945375
  type: 'test'
  ...
# Subtest: stored app authorization never enables integration implicitly and invalid modes fail closed
ok 107 - stored app authorization never enables integration implicitly and invalid modes fail closed
  ---
  duration_ms: 0.590833
  type: 'test'
  ...
# Subtest: global account preference does not grant authorization in another terminal or guess an initial account
ok 108 - global account preference does not grant authorization in another terminal or guess an initial account
  ---
  duration_ms: 0.486042
  type: 'test'
  ...
# Subtest: app signin without a preference requires explicit selection even for one account
ok 109 - app signin without a preference requires explicit selection even for one account
  ---
  duration_ms: 0.69075
  type: 'test'
  ...
# Subtest: manual defaults remain terminal local and require bearer possession
ok 110 - manual defaults remain terminal local and require bearer possession
  ---
  duration_ms: 0.581
  type: 'test'
  ...
# Subtest: expiry and signout retain app preference while account forgetting removes it
ok 111 - expiry and signout retain app preference while account forgetting removes it
  ---
  duration_ms: 0.959334
  type: 'test'
  ...
# Subtest: conflicting concurrent app signins fail atomically without overwriting the winner
ok 112 - conflicting concurrent app signins fail atomically without overwriting the winner
  ---
  duration_ms: 0.638416
  type: 'test'
  ...
# Subtest: signin hooks may issue authorization after admission but cannot publish an expired grant
ok 113 - signin hooks may issue authorization after admission but cannot publish an expired grant
  ---
  duration_ms: 0.432125
  type: 'test'
  ...
# Subtest: wrong explicit tokens reject generic reads and mutations without changing state
ok 114 - wrong explicit tokens reject generic reads and mutations without changing state
  ---
  duration_ms: 1.742625
  type: 'test'
  ...
# Subtest: manual activity expires exactly at thirty minutes and successful reads persist activity
ok 115 - manual activity expires exactly at thirty minutes and successful reads persist activity
  ---
  duration_ms: 1.878125
  type: 'test'
  ...
# Subtest: manual tokens transfer terminals but terminal defaults and account conflicts do not
ok 116 - manual tokens transfer terminals but terminal defaults and account conflicts do not
  ---
  duration_ms: 0.972583
  type: 'test'
  ...
# Subtest: legacy and malformed session metadata require explicit migration
ok 117 - legacy and malformed session metadata require explicit migration
  ---
  duration_ms: 0.1705
  type: 'test'
  ...
# Subtest: failed operations and aborted calls never refresh sessions
ok 118 - failed operations and aborted calls never refresh sessions
  ---
  duration_ms: 0.385416
  type: 'test'
  ...
# Subtest: app authorization is terminal bound, idle limited, hard limited and revocable
ok 119 - app authorization is terminal bound, idle limited, hard limited and revocable
  ---
  duration_ms: 0.474708
  type: 'test'
  ...
# Subtest: signin hooks populate canonical managed sessions and terminal defaults, signout retains policy
ok 120 - signin hooks populate canonical managed sessions and terminal defaults, signout retains policy
  ---
  duration_ms: 1.021541
  type: 'test'
  ...
# Subtest: invalid authentication hook updates never partially publish resources
ok 121 - invalid authentication hook updates never partially publish resources
  ---
  duration_ms: 0.432
  type: 'test'
  ...
# Subtest: direct admin admission enforces expiry and retains user identity lookup
ok 122 - direct admin admission enforces expiry and retains user identity lookup
  ---
  duration_ms: 0.783125
  type: 'test'
  ...
# Subtest: successful concurrent refresh merges and signout cannot resurrect sessions
ok 123 - successful concurrent refresh merges and signout cannot resurrect sessions
  ---
  duration_ms: 0.706417
  type: 'test'
  ...
# Subtest: multi-account terminal defaults choose account before scope and signout is isolated
ok 124 - multi-account terminal defaults choose account before scope and signout is isolated
  ---
  duration_ms: 0.30875
  type: 'test'
  ...
# Subtest: signin reuses valid authorization, renews expired authorization through hooks, and changes only terminal default
ok 125 - signin reuses valid authorization, renews expired authorization through hooks, and changes only terminal default
  ---
  duration_ms: 0.412083
  type: 'test'
  ...
# Subtest: account forgetting without arguments uses current terminal selection rather than last global session
ok 126 - account forgetting without arguments uses current terminal selection rather than last global session
  ---
  duration_ms: 0.197125
  type: 'test'
  ...
# Subtest: managed credential-free reads stay protected and service-account bearers are not manual tokens
ok 127 - managed credential-free reads stay protected and service-account bearers are not manual tokens
  ---
  duration_ms: 0.586375
  type: 'test'
  ...
# Subtest: expired batch admissions and hook aborts cannot mutate or refresh
ok 128 - expired batch admissions and hook aborts cannot mutate or refresh
  ---
  duration_ms: 0.303
  type: 'test'
  ...
# Subtest: signin switches a terminal default across accounts without replacing other terminal selections
ok 129 - signin switches a terminal default across accounts without replacing other terminal selections
  ---
  duration_ms: 0.192875
  type: 'test'
  ...
# Subtest: app revocation during an admitted operation preserves revocation without refreshing
ok 130 - app revocation during an admitted operation preserves revocation without refreshing
  ---
  duration_ms: 35.020584
  type: 'test'
  ...
# Subtest: managed local account-scoped commands never use a different terminal's last session
ok 131 - managed local account-scoped commands never use a different terminal's last session
  ---
  duration_ms: 0.170333
  type: 'test'
  ...
# Subtest: manual defaults never substitute for bearer possession or reveal stored tokens through signin
ok 132 - manual defaults never substitute for bearer possession or reveal stored tokens through signin
  ---
  duration_ms: 0.46925
  type: 'test'
  ...
# Subtest: manual credential reissue during a pending operation rejects its result and writes
ok 133 - manual credential reissue during a pending operation rejects its result and writes
  ---
  duration_ms: 0.423792
  type: 'test'
  ...
# Subtest: suspension removes all member sessions, denies secret reads, and reactivation cannot restore old tokens
ok 134 - suspension removes all member sessions, denies secret reads, and reactivation cannot restore old tokens
  ---
  duration_ms: 0.931792
  type: 'test'
  ...
# Subtest: suspension rejects a member's pending operation without publishing its result or writes
ok 135 - suspension rejects a member's pending operation without publishing its result or writes
  ---
  duration_ms: 0.420292
  type: 'test'
  ...
# Subtest: invalid suspension batches leave users and their sessions unchanged
ok 136 - invalid suspension batches leave users and their sessions unchanged
  ---
  duration_ms: 0.602583
  type: 'test'
  ...
# Subtest: persisted suspended users cannot authenticate and reactivation discards stale seed sessions
ok 137 - persisted suspended users cannot authenticate and reactivation discards stale seed sessions
  ---
  duration_ms: 0.40725
  type: 'test'
  ...
# Subtest: hook-updated suspension invalidates sessions and cannot issue new credentials to a suspended user
ok 138 - hook-updated suspension invalidates sessions and cannot issue new credentials to a suspended user
  ---
  duration_ms: 0.637459
  type: 'test'
  ...
# Subtest: generated IDs avoid existing identifiers case-insensitively
ok 139 - generated IDs avoid existing identifiers case-insensitively
  ---
  duration_ms: 2.191708
  type: 'test'
  ...
# Subtest: copy edit and move discard supplied derived references while get derives current references and preserves values
ok 140 - copy edit and move discard supplied derived references while get derives current references and preserves values
  ---
  duration_ms: 3.88475
  type: 'test'
  ...
# Subtest: explicit destination account and vault override copied associations for single and bulk templates across stores
ok 141 - explicit destination account and vault override copied associations for single and bulk templates across stores
  ---
  duration_ms: 31.877709
  type: 'test'
  ...
# Subtest: cross-account copies require both explicit destination selectors and cannot override account admission
ok 142 - cross-account copies require both explicit destination selectors and cannot override account admission
  ---
  duration_ms: 1.118375
  type: 'test'
  ...
# Subtest: copy hooks receive only destination associations and cannot publish foreign writes
ok 143 - copy hooks receive only destination associations and cannot publish foreign writes
  ---
  duration_ms: 0.278417
  type: 'test'
  ...
# Subtest: item get without positional selectors consumes provided stdin through the validated batch path only
ok 144 - item get without positional selectors consumes provided stdin through the validated batch path only
  ---
  duration_ms: 1.427
  type: 'test'
  ...
# Subtest: item get derives fresh field references before single, batch and field projections without persisting them
ok 145 - item get derives fresh field references before single, batch and field projections without persisting them
  ---
  duration_ms: 0.770458
  type: 'test'
  ...
# Subtest: bulk creation validates every account boundary before invoking hooks
ok 146 - bulk creation validates every account boundary before invoking hooks
  ---
  duration_ms: 0.2755
  type: 'test'
  ...
# Subtest: bulk generation cancellation publishes no items and does not alias caller input
ok 147 - bulk generation cancellation publishes no items and does not alias caller input
  ---
  duration_ms: 0.406917
  type: 'test'
  ...
# Subtest: duplicating a single item removes source lifecycle metadata without changing the source
ok 148 - duplicating a single item removes source lifecycle metadata without changing the source
  ---
  duration_ms: 0.293833
  type: 'test'
  ...
# Subtest: copy assignments resolve source custom field IDs before fresh identity allocation
ok 149 - copy assignments resolve source custom field IDs before fresh identity allocation
  ---
  duration_ms: 0.486125
  type: 'test'
  ...
# Subtest: generated IDs skip uppercase field, section and file identifiers
ok 150 - generated IDs skip uppercase field, section and file identifiers
  ---
  duration_ms: 0.181958
  type: 'test'
  ...
# Subtest: attachments get IDs and canonical sections shared with fields on create and edit
ok 151 - attachments get IDs and canonical sections shared with fields on create and edit
  ---
  duration_ms: 0.440167
  type: 'test'
  ...
# Subtest: password generation accepts native case and positive-sign recipes without changing request flags
ok 152 - password generation accepts native case and positive-sign recipes without changing request flags
  ---
  duration_ms: 3.6325
  type: 'test'
  ...
# Subtest: SSH hooks generate keys and transform reference formats without retained aliases
ok 153 - SSH hooks generate keys and transform reference formats without retained aliases
  ---
  duration_ms: 0.538083
  type: 'test'
  ...
# Subtest: SSH generation cancellation prevents publication and formatting observes cancellation
ok 154 - SSH generation cancellation prevents publication and formatting observes cancellation
  ---
  duration_ms: 0.344
  type: 'test'
  ...
# Subtest: SSH creation normalizes native case and RSA separator aliases only for the generation hook
ok 155 - SSH creation normalizes native case and RSA separator aliases only for the generation hook
  ---
  duration_ms: 33.278541
  type: 'test'
  ...
# Subtest: pending SSH generation does not overwrite concurrent item creation
ok 156 - pending SSH generation does not overwrite concurrent item creation
  ---
  duration_ms: 0.393791
  type: 'test'
  ...
# Subtest: template dispatch and creation merge verified defaults before inputs and assignments
ok 157 - template dispatch and creation merge verified defaults before inputs and assignments
  ---
  duration_ms: 0.67475
  type: 'test'
  ...
# Subtest: explicit input templates supply unverified categories without inventing defaults
ok 158 - explicit input templates supply unverified categories without inventing defaults
  ---
  duration_ms: 0.313875
  type: 'test'
  ...
# Subtest: document handler inputs normalize vaults and preserve binary ownership through edits
ok 159 - document handler inputs normalize vaults and preserve binary ownership through edits
  ---
  duration_ms: 2.222542
  type: 'test'
  ...
# Subtest: seeded documents normalize vault names and preserve archive and deleted states
ok 160 - seeded documents normalize vault names and preserve archive and deleted states
  ---
  duration_ms: 0.535833
  type: 'test'
  ...
# Subtest: per-call admin hooks override factory hooks before generic CRUD
ok 161 - per-call admin hooks override factory hooks before generic CRUD
  ---
  duration_ms: 1.7645
  type: 'test'
  ...
# Subtest: credential-producing commands reject missing hooks without mutating snapshots
ok 162 - credential-producing commands reject missing hooks without mutating snapshots
  ---
  duration_ms: 0.594791
  type: 'test'
  ...
# Subtest: item OTP and secret metadata use the primary OTP field and RFC6238 clock
ok 163 - item OTP and secret metadata use the primary OTP field and RFC6238 clock
  ---
  duration_ms: 48.774584
  type: 'test'
  ...
# Subtest: item OTP rejects missing and malformed OTP values
ok 164 - item OTP rejects missing and malformed OTP values
  ---
  duration_ms: 0.372125
  type: 'test'
  ...
# Subtest: OTP reads observe cancellation after asynchronous generation
ok 165 - OTP reads observe cancellation after asynchronous generation
  ---
  duration_ms: 20.41275
  type: 'test'
  ...
# Subtest: admin dispatch shares backend state with vault CRUD and persistent snapshots
ok 166 - admin dispatch shares backend state with vault CRUD and persistent snapshots
  ---
  duration_ms: 5.849417
  type: 'test'
  ...
# Subtest: injected admin hooks publish detached state and respect cancellation
ok 167 - injected admin hooks publish detached state and respect cancellation
  ---
  duration_ms: 0.636417
  type: 'test'
  ...
# Subtest: vault and item CRUD resolves scoped names and preserves structured metadata
ok 168 - vault and item CRUD resolves scoped names and preserves structured metadata
  ---
  duration_ms: 0.527458
  type: 'test'
  ...
# Subtest: generic resource CRUD covers accounts, documents and extension resources
ok 169 - generic resource CRUD covers accounts, documents and extension resources
  ---
  duration_ms: 1.445625
  type: 'test'
  ...
# Subtest: state is isolated from seed, requests and returned values
ok 170 - state is isolated from seed, requests and returned values
  ---
  duration_ms: 0.129083
  type: 'test'
  ...
# Subtest: snapshot exports independent state that can seed another backend
ok 171 - snapshot exports independent state that can seed another backend
  ---
  duration_ms: 0.291833
  type: 'test'
  ...
# Subtest: restoring snapshots preserves binary isolation and avoids nested ID collisions
ok 172 - restoring snapshots preserves binary isolation and avoids nested ID collisions
  ---
  duration_ms: 0.289834
  type: 'test'
  ...
# Subtest: failed assignments are atomic and archived references do not expose secrets
ok 173 - failed assignments are atomic and archived references do not expose secrets
  ---
  duration_ms: 0.285708
  type: 'test'
  ...
# Subtest: item flags set metadata
ok 174 - item flags set metadata
  ---
  duration_ms: 0.183625
  type: 'test'
  ...
# Subtest: password recipes generate secure fields and field selectors return only requested fields
ok 175 - password recipes generate secure fields and field selectors return only requested fields
  ---
  duration_ms: 0.518375
  type: 'test'
  ...
# Subtest: CLI vault flags and item escaped assignments override templates
ok 176 - CLI vault flags and item escaped assignments override templates
  ---
  duration_ms: 0.529625
  type: 'test'
  ...
# Subtest: archive, deleted retention, dry runs and move preserve lifecycle
ok 177 - archive, deleted retention, dry runs and move preserve lifecycle
  ---
  duration_ms: 0.691209
  type: 'test'
  ...
# Subtest: duplicates, ambiguous names, invalid requests and cancellation cannot mutate state
ok 178 - duplicates, ambiguous names, invalid requests and cancellation cannot mutate state
  ---
  duration_ms: 1.153
  type: 'test'
  ...
# Subtest: public vault get batches use parsed stdin and approve the canonical request once
ok 179 - public vault get batches use parsed stdin and approve the canonical request once
  ---
  duration_ms: 6.792125
  type: 'test'
  ...
# Subtest: document delete stdin batches archive or delete with one approval and preserve other accounts
ok 180 - document delete stdin batches archive or delete with one approval and preserve other accounts
  ---
  duration_ms: 3.118166
  type: 'test'
  ...
# Subtest: document batches validate all selectors and approval before publishing changes
ok 181 - document batches validate all selectors and approval before publishing changes
  ---
  duration_ms: 18.184458
  type: 'test'
  ...
# Subtest: vault edit batches use only selectors from stdin and apply flags atomically
ok 182 - vault edit batches use only selectors from stdin and apply flags atomically
  ---
  duration_ms: 3.327333
  type: 'test'
  ...
# Subtest: public item get preserves batch order without leaking another account
ok 183 - public item get preserves batch order without leaking another account
  ---
  duration_ms: 1.629334
  type: 'test'
  ...
# Subtest: public item get accepts documented stdin without an explicit dash selector
ok 184 - public item get accepts documented stdin without an explicit dash selector
  ---
  duration_ms: 2.869208
  type: 'test'
  ...
# Subtest: public single and bulk item pipelines copy into an explicit destination without altering either account's existing items
ok 185 - public single and bulk item pipelines copy into an explicit destination without altering either account's existing items
  ---
  duration_ms: 21.334709
  type: 'test'
  ...
# Subtest: vault and item batch deletion validate every target before changing state
ok 186 - vault and item batch deletion validate every target before changing state
  ---
  duration_ms: 6.973
  type: 'test'
  ...
# Subtest: public batch moves publish new IDs only after all source targets validate
ok 187 - public batch moves publish new IDs only after all source targets validate
  ---
  duration_ms: 1.965292
  type: 'test'
  ...
# Subtest: documented vault-group relation list batches include every vault
ok 188 - documented vault-group relation list batches include every vault
  ---
  duration_ms: 0.799041
  type: 'test'
  ...
# Subtest: denied batch approval preserves state and template stdin remains a template
ok 189 - denied batch approval preserves state and template stdin remains a template
  ---
  duration_ms: 1.3575
  type: 'test'
  ...
# Subtest: batch field projections retain JSON values and conceal human output
ok 190 - batch field projections retain JSON values and conceal human output
  ---
  duration_ms: 1.387792
  type: 'test'
  ...
# Subtest: batch OTP projection composes with public output
ok 191 - batch OTP projection composes with public output
  ---
  duration_ms: 47.818792
  type: 'test'
  ...
# Subtest: batch OTP rendering rejects empty or partially invalid results
ok 192 - batch OTP rendering rejects empty or partially invalid results
  ---
  duration_ms: 0.51425
  type: 'test'
  ...
# Subtest: batch validation is atomic without accounts and rejects malformed trailing JSON
ok 193 - batch validation is atomic without accounts and rejects malformed trailing JSON
  ---
  duration_ms: 2.56325
  type: 'test'
  ...
# Subtest: batch hooks receive one canonical invocation and never receive foreign or missing selectors
ok 194 - batch hooks receive one canonical invocation and never receive foreign or missing selectors
  ---
  duration_ms: 1.512875
  type: 'test'
  ...
# Subtest: batch archived selectors retain ID-only access and validate vault filters
ok 195 - batch archived selectors retain ID-only access and validate vault filters
  ---
  duration_ms: 5.306583
  type: 'test'
  ...
# Subtest: binding preparation exposes resolved metadata without executing or changing state
ok 196 - binding preparation exposes resolved metadata without executing or changing state
  ---
  duration_ms: 3.396584
  type: 'test'
  ...
# Subtest: binding rejects renamed targets, content changes and foreign or forged handles
ok 197 - binding rejects renamed targets, content changes and foreign or forged handles
  ---
  duration_ms: 10.3505
  type: 'test'
  ...
# Subtest: nested binding stages mutations until the last planned request and rejects replay
ok 198 - nested binding stages mutations until the last planned request and rejects replay
  ---
  duration_ms: 1.640167
  type: 'test'
  ...
# Subtest: cancellation and external changes discard staged mutations
ok 199 - cancellation and external changes discard staged mutations
  ---
  duration_ms: 0.950917
  type: 'test'
  ...
# Subtest: secret bindings resolve field and section IDs without cloning field values or arbitrary section payloads
ok 200 - secret bindings resolve field and section IDs without cloning field values or arbitrary section payloads
  ---
  duration_ms: 0.835208
  type: 'test'
  ...
# Subtest: field projection manifests disclose only selected field identities
ok 201 - field projection manifests disclose only selected field identities
  ---
  duration_ms: 0.223083
  type: 'test'
  ...
# Subtest: bound nested reads tolerate their own staged auth refresh and reject revocation and expiry
ok 202 - bound nested reads tolerate their own staged auth refresh and reject revocation and expiry
  ---
  duration_ms: 2.912333
  type: 'test'
  ...
# Subtest: binding timeout, abort, changed context and ordinary external hooks fail closed
ok 203 - binding timeout, abort, changed context and ordinary external hooks fail closed
  ---
  duration_ms: 0.522042
  type: 'test'
  ...
# Subtest: same-ID deletion and recreation invalidate bindings even with identical data
ok 204 - same-ID deletion and recreation invalidate bindings even with identical data
  ---
  duration_ms: 0.279583
  type: 'test'
  ...
# Subtest: concurrent planned reads serialize safely and list bindings detect phantoms
ok 205 - concurrent planned reads serialize safely and list bindings detect phantoms
  ---
  duration_ms: 0.759916
  type: 'test'
  ...
# Subtest: ordered environment and snapshot metadata comes from indexed keys without preparation value reads
ok 206 - ordered environment and snapshot metadata comes from indexed keys without preparation value reads
  ---
  duration_ms: 0.453792
  type: 'test'
  ...
# Subtest: a staged mutation cannot add unapproved members to a later bound collection read
ok 207 - a staged mutation cannot add unapproved members to a later bound collection read
  ---
  duration_ms: 0.299875
  type: 'test'
  ...
# Subtest: list manifests exclude archived and filtered-out item identities
ok 208 - list manifests exclude archived and filtered-out item identities
  ---
  duration_ms: 0.170584
  type: 'test'
  ...
# Subtest: revocation during asynchronous bound work prevents staged mutation and result publication
ok 209 - revocation during asynchronous bound work prevents staged mutation and result publication
  ---
  duration_ms: 6.254458
  type: 'test'
  ...
# Subtest: direct admin execution cannot accept a binding it cannot validate
ok 210 - direct admin execution cannot accept a binding it cannot validate
  ---
  duration_ms: 0.2
  type: 'test'
  ...
# Subtest: empty SSH generation options cannot invoke unbound generation hooks
ok 211 - empty SSH generation options cannot invoke unbound generation hooks
  ---
  duration_ms: 0.244375
  type: 'test'
  ...
# Subtest: completing a read-only binding does not invalidate another unchanged binding
ok 212 - completing a read-only binding does not invalidate another unchanged binding
  ---
  duration_ms: 0.445042
  type: 'test'
  ...
# Subtest: backend-free handler plans receive an empty binding and cannot execute an unplanned request
ok 213 - backend-free handler plans receive an empty binding and cannot execute an unplanned request
  ---
  duration_ms: 0.133334
  type: 'test'
  ...
# Subtest: binding request normalization does not turn non-object templates into valid item inputs
ok 214 - binding request normalization does not turn non-object templates into valid item inputs
  ---
  duration_ms: 0.268375
  type: 'test'
  ...
# Subtest: all pinned native nodes share catalog metadata without adding dispatch leaves
ok 215 - all pinned native nodes share catalog metadata without adding dispatch leaves
  ---
  duration_ms: 0.757666
  type: 'test'
  ...
# Subtest: item help presents native synopsis, selectors and local flags rather than generic placeholders
ok 216 - item help presents native synopsis, selectors and local flags rather than generic placeholders
  ---
  duration_ms: 5.610375
  type: 'test'
  ...
# Subtest: native summaries and per-command force descriptions are shared with completion
ok 217 - native summaries and per-command force descriptions are shared with completion
  ---
  duration_ms: 47.643
  type: 'test'
  ...
# Subtest: display defaults and metavars do not alter parser kinds or default request values
ok 218 - display defaults and metavars do not alter parser kinds or default request values
  ---
  duration_ms: 0.314
  type: 'test'
  ...
# Subtest: verified argument bounds distinguish stdin alternatives from unknown constraints
ok 219 - verified argument bounds distinguish stdin alternatives from unknown constraints
  ---
  duration_ms: 0.180584
  type: 'test'
  ...
# Subtest: help uses native sections and ordering while completion stays alphabetical
ok 220 - help uses native sections and ordering while completion stays alphabetical
  ---
  duration_ms: 0.443667
  type: 'test'
  ...
# Subtest: dispatches nested commands with interspersed global and repeated array flags
ok 221 - dispatches nested commands with interspersed global and repeated array flags
  ---
  duration_ms: 3.086208
  type: 'test'
  ...
# Subtest: parses optional values, boolean false and comma-separated flags
ok 222 - parses optional values, boolean false and comma-separated flags
  ---
  duration_ms: 6.7625
  type: 'test'
  ...
# Subtest: help traverses groups without invoking backend or authorization
ok 223 - help traverses groups without invoking backend or authorization
  ---
  duration_ms: 1.748375
  type: 'test'
  ...
# Subtest: CLI help renders shared metadata for roots, groups, leaves and channels
ok 224 - CLI help renders shared metadata for roots, groups, leaves and channels
  ---
  duration_ms: 33.127792
  type: 'test'
  ...
# Subtest: rejects invalid commands and flags before execution
ok 225 - rejects invalid commands and flags before execution
  ---
  duration_ms: 0.512166
  type: 'test'
  ...
# Subtest: plugin selection callback identity is captured before policy and forwarded in frozen backend context
ok 226 - plugin selection callback identity is captured before policy and forwarded in frozen backend context
  ---
  duration_ms: 0.336042
  type: 'test'
  ...
# Subtest: plugin selection denial does not acquire input, candidates or invoke the chooser
ok 227 - plugin selection denial does not acquire input, candidates or invoke the chooser
  ---
  duration_ms: 0.209667
  type: 'test'
  ...
# Subtest: denial and unapproved ask fail closed including delegated handlers
ok 228 - denial and unapproved ask fail closed including delegated handlers
  ---
  duration_ms: 0.306916
  type: 'test'
  ...
# Subtest: literal authorization denial happens before stdin acquisition or backend execution
ok 229 - literal authorization denial happens before stdin acquisition or backend execution
  ---
  duration_ms: 0.305875
  type: 'test'
  ...
# Subtest: ask never falls back implicitly to legacy literal approval
ok 230 - ask never falls back implicitly to legacy literal approval
  ---
  duration_ms: 0.341833
  type: 'test'
  ...
# Subtest: resolved manifests project an immutable allowlist without handles or provider extras
ok 231 - resolved manifests project an immutable allowlist without handles or provider extras
  ---
  duration_ms: 1.935959
  type: 'test'
  ...
# Subtest: resolved completion receives ordered backend metadata before approval and fails closed
ok 232 - resolved completion receives ordered backend metadata before approval and fails closed
  ---
  duration_ms: 1.461333
  type: 'test'
  ...
# Subtest: resolved inject uses the prepared file once and keeps its values out of approval
ok 233 - resolved inject uses the prepared file once and keeps its values out of approval
  ---
  duration_ms: 7.41475
  type: 'test'
  ...
# Subtest: synchronous binding validation hands off output before queued invalidation with the bound context
ok 234 - synchronous binding validation hands off output before queued invalidation with the bound context
  ---
  duration_ms: 2.742791
  type: 'test'
  ...
# Subtest: resolved validation rejects a changed backend before an output handoff
ok 235 - resolved validation rejects a changed backend before an output handoff
  ---
  duration_ms: 25.512125
  type: 'test'
  ...
# Subtest: approval sees a frozen snapshot and delegates literal child argv
ok 236 - approval sees a frozen snapshot and delegates literal child argv
  ---
  duration_ms: 0.341375
  type: 'test'
  ...
# Subtest: timestamp environment compatibility chooses omission for unrecognized labels without claiming native toggle values
ok 237 - timestamp environment compatibility chooses omission for unrecognized labels without claiming native toggle values
  ---
  duration_ms: 0.817333
  type: 'test'
  ...
# Subtest: timestamp boolean spellings and strict explicit precedence remain unchanged
ok 238 - timestamp boolean spellings and strict explicit precedence remain unchanged
  ---
  duration_ms: 8.357
  type: 'test'
  ...
# Subtest: timestamp invalid-environment policy does not relax other boolean environment variables
ok 239 - timestamp invalid-environment policy does not relax other boolean environment variables
  ---
  duration_ms: 0.312084
  type: 'test'
  ...
# Subtest: formats JSON and forwards environment defaults with explicit flag precedence
ok 240 - formats JSON and forwards environment defaults with explicit flag precedence
  ---
  duration_ms: 0.225834
  type: 'test'
  ...
# Subtest: backend errors cannot manufacture successful output
ok 241 - backend errors cannot manufacture successful output
  ---
  duration_ms: 0.1625
  type: 'test'
  ...
# Subtest: an aborted invocation never reaches backend
ok 242 - an aborted invocation never reaches backend
  ---
  duration_ms: 0.086667
  type: 'test'
  ...
# Subtest: biometric environment overrides trusted integration before policy binding
ok 243 - biometric environment overrides trusted integration before policy binding
  ---
  duration_ms: 2.13775
  type: 'test'
  ...
# Subtest: integration defaults to manual without inferring a terminal identity
ok 244 - integration defaults to manual without inferring a terminal identity
  ---
  duration_ms: 5.611833
  type: 'test'
  ...
# Subtest: invalid biometric environment values fail before policy and handlers
ok 245 - invalid biometric environment values fail before policy and handlers
  ---
  duration_ms: 0.34375
  type: 'test'
  ...
# Subtest: authentication metadata is bound and frozen before both policy callbacks
ok 246 - authentication metadata is bound and frozen before both policy callbacks
  ---
  duration_ms: 2.97925
  type: 'test'
  ...
# Subtest: all built-in backend paths preserve approved authentication metadata
ok 247 - all built-in backend paths preserve approved authentication metadata
  ---
  duration_ms: 112.816875
  type: 'test'
  ...
# Subtest: plugin scope and clear confirmation bind before asynchronous authorization
ok 248 - plugin scope and clear confirmation bind before asynchronous authorization
  ---
  duration_ms: 0.406625
  type: 'test'
  ...
# Subtest: force cannot bypass centralized authorization for plugin clear
ok 249 - force cannot bypass centralized authorization for plugin clear
  ---
  duration_ms: 0.677
  type: 'test'
  ...
# Subtest: delegated plugin handlers receive the frozen invocation scope after approval
ok 250 - delegated plugin handlers receive the frozen invocation scope after approval
  ---
  duration_ms: 1.268
  type: 'test'
  ...
# Subtest: catalog inventories all documented terminal commands and snapshot extensions
ok 251 - catalog inventories all documented terminal commands and snapshot extensions
  ---
  duration_ms: 0.232542
  type: 'test'
  ...
# Subtest: rejects prototype names as flags
ok 252 - rejects prototype names as flags
  ---
  duration_ms: 1.040666
  type: 'test'
  ...
# Subtest: short options accept attached values and combined booleans
ok 253 - short options accept attached values and combined booleans
  ---
  duration_ms: 0.317083
  type: 'test'
  ...
# Subtest: freezes JSON stdin after literal allowance and owns reused chunks
ok 254 - freezes JSON stdin after literal allowance and owns reused chunks
  ---
  duration_ms: 0.210083
  type: 'test'
  ...
# Subtest: cancellation while authorizing prevents dispatch
ok 255 - cancellation while authorizing prevents dispatch
  ---
  duration_ms: 0.142458
  type: 'test'
  ...
# Subtest: preserves binary backend output without text conversion
ok 256 - preserves binary backend output without text conversion
  ---
  duration_ms: 0.134292
  type: 'test'
  ...
# Subtest: human item output conceals secret fields without mutating backend data
ok 257 - human item output conceals secret fields without mutating backend data
  ---
  duration_ms: 2.35025
  type: 'test'
  ...
# Subtest: JSON and explicit reveal preserve full item values
ok 258 - JSON and explicit reveal preserve full item values
  ---
  duration_ms: 0.3345
  type: 'test'
  ...
# Subtest: human field selection emits CSV values, JSON emits field objects
ok 259 - human field selection emits CSV values, JSON emits field objects
  ---
  duration_ms: 1.043917
  type: 'test'
  ...
# Subtest: OTP emits backend generated code and refuses to print an OTP seed as a code
ok 260 - OTP emits backend generated code and refuses to print an OTP seed as a code
  ---
  duration_ms: 0.265708
  type: 'test'
  ...
# Subtest: document get emits content bytes without metadata or an extra newline
ok 261 - document get emits content bytes without metadata or an extra newline
  ---
  duration_ms: 1.480459
  type: 'test'
  ...
# Subtest: version emits the package semver in native scalar format without authorization
ok 262 - version emits the package semver in native scalar format without authorization
  ---
  duration_ms: 1.972334
  type: 'test'
  ...
# Subtest: root help separates native command groups and presents global flags
ok 263 - root help separates native command groups and presents global flags
  ---
  duration_ms: 1.480709
  type: 'test'
  ...
# Subtest: generic output validates file mode and capability before executing backend
ok 264 - generic output validates file mode and capability before executing backend
  ---
  duration_ms: 1.158583
  type: 'test'
  ...
# Subtest: generic file output forwards octal mode and force to host
ok 265 - generic file output forwards octal mode and force to host
  ---
  duration_ms: 0.964042
  type: 'test'
  ...
# Subtest: native stable command aliases resolve before authorization
ok 266 - native stable command aliases resolve before authorization
  ---
  duration_ms: 0.342041
  type: 'test'
  ...
# Subtest: native hidden long flag aliases normalize to canonical names
ok 267 - native hidden long flag aliases normalize to canonical names
  ---
  duration_ms: 0.353583
  type: 'test'
  ...
# Subtest: native document force has no short alias and SSH generation requires a value
ok 268 - native document force has no short alias and SSH generation requires a value
  ---
  duration_ms: 0.218875
  type: 'test'
  ...
# Subtest: beta environment additions are separate from the native stable inventory
ok 269 - beta environment additions are separate from the native stable inventory
  ---
  duration_ms: 0.260458
  type: 'test'
  ...
# Subtest: run no masking reads the documented environment toggle
ok 270 - run no masking reads the documented environment toggle
  ---
  duration_ms: 0.07975
  type: 'test'
  ...
# Subtest: required string values consume flag-looking tokens before parsing the next flag
ok 271 - required string values consume flag-looking tokens before parsing the next flag
  ---
  duration_ms: 0.597375
  type: 'test'
  ...
# Subtest: required short values consume flag-looking tokens and attached values stay literal
ok 272 - required short values consume flag-looking tokens and attached values stay literal
  ---
  duration_ms: 0.291833
  type: 'test'
  ...
# Subtest: native shorthand help clusters and attached output options remain accepted
ok 273 - native shorthand help clusters and attached output options remain accepted
  ---
  duration_ms: 0.554666
  type: 'test'
  ...
# Subtest: explicit help false preserves native parent usage while leaf flags use the last value
ok 274 - explicit help false preserves native parent usage while leaf flags use the last value
  ---
  duration_ms: 2.253834
  type: 'test'
  ...
# Subtest: snapshot restore no-masking is explicit and remains subject to approval
ok 275 - snapshot restore no-masking is explicit and remains subject to approval
  ---
  duration_ms: 0.243
  type: 'test'
  ...
# Subtest: snapshot restore does not inherit the run-only masking environment toggle
ok 276 - snapshot restore does not inherit the run-only masking environment toggle
  ---
  duration_ms: 0.105917
  type: 'test'
  ...
# Subtest: all item metadata output strips attachment bodies while preserving field values and file metadata
ok 277 - all item metadata output strips attachment bodies while preserving field values and file metadata
  ---
  duration_ms: 0.534875
  type: 'test'
  ...
# Subtest: document metadata omits content but document get preserves the exact body
ok 278 - document metadata omits content but document get preserves the exact body
  ---
  duration_ms: 0.093875
  type: 'test'
  ...
# Subtest: native completion prioritizes missing required flags for item move
ok 279 - native completion prioritizes missing required flags for item move
  ---
  duration_ms: 4.391916
  type: 'test'
  ...
# Subtest: native completion prioritizes missing required flags for user provision
ok 280 - native completion prioritizes missing required flags for user provision
  ---
  duration_ms: 1.657667
  type: 'test'
  ...
# Subtest: native completion prioritizes missing required flags for connect group grant
ok 281 - native completion prioritizes missing required flags for connect group grant
  ---
  duration_ms: 2.826208
  type: 'test'
  ...
# Subtest: native completion prioritizes missing required flags for connect group revoke
ok 282 - native completion prioritizes missing required flags for connect group revoke
  ---
  duration_ms: 1.655
  type: 'test'
  ...
# Subtest: native completion prioritizes missing required flags for connect token create
ok 283 - native completion prioritizes missing required flags for connect token create
  ---
  duration_ms: 1.571459
  type: 'test'
  ...
# Subtest: native completion prioritizes missing required flags for connect vault grant
ok 284 - native completion prioritizes missing required flags for connect vault grant
  ---
  duration_ms: 1.277708
  type: 'test'
  ...
# Subtest: native completion prioritizes missing required flags for connect vault revoke
ok 285 - native completion prioritizes missing required flags for connect vault revoke
  ---
  duration_ms: 1.017708
  type: 'test'
  ...
# Subtest: native completion prioritizes missing required flags for group user grant
ok 286 - native completion prioritizes missing required flags for group user grant
  ---
  duration_ms: 1.373166
  type: 'test'
  ...
# Subtest: native completion prioritizes missing required flags for group user revoke
ok 287 - native completion prioritizes missing required flags for group user revoke
  ---
  duration_ms: 1.147917
  type: 'test'
  ...
# Subtest: native completion prioritizes missing required flags for vault group grant
ok 288 - native completion prioritizes missing required flags for vault group grant
  ---
  duration_ms: 2.137875
  type: 'test'
  ...
# Subtest: native completion prioritizes missing required flags for vault group revoke
ok 289 - native completion prioritizes missing required flags for vault group revoke
  ---
  duration_ms: 0.972125
  type: 'test'
  ...
# Subtest: native completion prioritizes missing required flags for vault user grant
ok 290 - native completion prioritizes missing required flags for vault user grant
  ---
  duration_ms: 1.619083
  type: 'test'
  ...
# Subtest: native completion prioritizes missing required flags for vault user revoke
ok 291 - native completion prioritizes missing required flags for vault user revoke
  ---
  duration_ms: 1.968583
  type: 'test'
  ...
# Subtest: required completion filters by prefix before falling back to ordinary flags
ok 292 - required completion filters by prefix before falling back to ordinary flags
  ---
  duration_ms: 0.554375
  type: 'test'
  ...
# Subtest: global cache/config suggestions remain visible unless already supplied
ok 293 - global cache/config suggestions remain visible unless already supplied
  ---
  duration_ms: 0.337
  type: 'test'
  ...
# Subtest: public required-flag metadata callbacks require no policy, backend, or input
ok 294 - public required-flag metadata callbacks require no policy, backend, or input
  ---
  duration_ms: 1.0075
  type: 'test'
  ...
# Subtest: native command completion survives interspersed globals and command-looking flag values
ok 295 - native command completion survives interspersed globals and command-looking flag values
  ---
  duration_ms: 1.9945
  type: 'test'
  ...
# Subtest: native flag completion retains the leaf after operands and suppresses used and hidden flags
ok 296 - native flag completion retains the leaf after operands and suppresses used and hidden flags
  ---
  duration_ms: 0.526667
  type: 'test'
  ...
# Subtest: aliases parse without being advertised, and shorthand attached values preserve context
ok 297 - aliases parse without being advertised, and shorthand attached values preserve context
  ---
  duration_ms: 0.225916
  type: 'test'
  ...
# Subtest: native value slots, invalid input and child argv use fallback without reflecting user input
ok 298 - native value slots, invalid input and child argv use fallback without reflecting user input
  ---
  duration_ms: 0.280334
  type: 'test'
  ...
# Subtest: help presence suppresses completion even false or clustered; root version is root-only
ok 299 - help presence suppresses completion even false or clustered; root version is root-only
  ---
  duration_ms: 0.204916
  type: 'test'
  ...
# Subtest: channel metadata controls beta suggestions while retaining local snapshot extension
ok 300 - channel metadata controls beta suggestions while retaining local snapshot extension
  ---
  duration_ms: 0.2775
  type: 'test'
  ...
# Subtest: four thin adapters use metadata callbacks rather than literal path tables or eval
ok 301 - four thin adapters use metadata callbacks rather than literal path tables or eval
  ---
  duration_ms: 0.728708
  type: 'test'
  ...
# Subtest: rejects unsupported shells and extra arguments
ok 302 - rejects unsupported shells and extra arguments
  ---
  duration_ms: 0.19325
  type: 'test'
  ...
# Subtest: script generation rejects untyped channel input rather than embedding shell syntax
ok 303 - script generation rejects untyped channel input rather than embedding shell syntax
  ---
  duration_ms: 0.054209
  type: 'test'
  ...
# Subtest: hidden callbacks emit native line/tab/directive framing with optional descriptions
ok 304 - hidden callbacks emit native line/tab/directive framing with optional descriptions
  ---
  duration_ms: 0.501666
  type: 'test'
  ...
# Subtest: public callbacks bypass only execution, not policy for actual operations
ok 305 - public callbacks bypass only execution, not policy for actual operations
  ---
  duration_ms: 33.572291
  type: 'test'
  ...
# Subtest: callback channel and cancellation are preserved without backend discovery
ok 306 - callback channel and cancellation are preserved without backend discovery
  ---
  duration_ms: 0.565584
  type: 'test'
  ...
# Subtest: Bash uses bash-completion word reconstruction for equals and colon word breaks
ok 307 - Bash uses bash-completion word reconstruction for equals and colon word breaks
  ---
  duration_ms: 303.229083
  type: 'test'
  ...
# Subtest: bash generated channel applies only to its callback process
ok 308 - bash generated channel applies only to its callback process
  ---
  duration_ms: 30.733625
  type: 'test'
  ...
# Subtest: bash executes catalog completion and forwards literal words without disk fixtures
ok 309 - bash executes catalog completion and forwards literal words without disk fixtures
  ---
  duration_ms: 223.623125
  type: 'test'
  ...
# Subtest: zsh generated channel applies only to its callback process
ok 310 - zsh generated channel applies only to its callback process
  ---
  duration_ms: 15.96125
  type: 'test'
  ...
# Subtest: zsh executes catalog completion and forwards literal words without disk fixtures
ok 311 - zsh executes catalog completion and forwards literal words without disk fixtures
  ---
  duration_ms: 200.365833
  type: 'test'
  ...
# Subtest: Node backend construction and distinct binding identities do not require global crypto
ok 312 - Node backend construction and distinct binding identities do not require global crypto
  ---
  duration_ms: 2.317625
  type: 'test'
  ...
# Subtest: Node password generation uses native secure randomness without global crypto
ok 313 - Node password generation uses native secure randomness without global crypto
  ---
  duration_ms: 1.979416
  type: 'test'
  ...
# Subtest: Node OTP matches RFC 6238 without global crypto
ok 314 - Node OTP matches RFC 6238 without global crypto
  ---
  duration_ms: 2.463125
  type: 'test'
  ...
# Subtest: browser crypto exports the host native provider and fails closed when absent
ok 315 - browser crypto exports the host native provider and fails closed when absent
  ---
  duration_ms: 12.674833
  type: 'test'
  ...
# Subtest: public codec declarations compile for ES-only consumers without codec internals
ok 316 - public codec declarations compile for ES-only consumers without codec internals
  ---
  duration_ms: 2549.852375
  type: 'test'
  ...
# Subtest: generic object seeds use the sole visible vault without native naming conventions
ok 317 - generic object seeds use the sole visible vault without native naming conventions
  ---
  duration_ms: 4.582875
  type: 'test'
  ...
# Subtest: defaultVault is an explicit immutable seed ID that survives snapshots and respects explicit overrides
ok 318 - defaultVault is an explicit immutable seed ID that survives snapshots and respects explicit overrides
  ---
  duration_ms: 1.431458
  type: 'test'
  ...
# Subtest: missing or ambiguous default selection never guesses Private or publishes objects
ok 319 - missing or ambiguous default selection never guesses Private or publishes objects
  ---
  duration_ms: 0.96
  type: 'test'
  ...
# Subtest: defaultVault accepts existing IDs only
ok 320 - defaultVault accepts existing IDs only
  ---
  duration_ms: 0.219875
  type: 'test'
  ...
# Subtest: default selection stays account-scoped and cannot leak a foreign seed default
ok 321 - default selection stays account-scoped and cannot leak a foreign seed default
  ---
  duration_ms: 1.233125
  type: 'test'
  ...
# Subtest: default-backed bindings pin vault identity and default references cannot become dangling
ok 322 - default-backed bindings pin vault identity and default references cannot become dangling
  ---
  duration_ms: 16.259084
  type: 'test'
  ...
# Subtest: documents and bulk item creation use the same bound default selection
ok 323 - documents and bulk item creation use the same bound default selection
  ---
  duration_ms: 14.686334
  type: 'test'
  ...
# Subtest: document create preserves binary stdin and creates metadata with explicit names
ok 324 - document create preserves binary stdin and creates metadata with explicit names
  ---
  duration_ms: 2.499333
  type: 'test'
  ...
# Subtest: file uploads derive filename and title, leave vault selection to backend and never consume stdin
ok 325 - file uploads derive filename and title, leave vault selection to backend and never consume stdin
  ---
  duration_ms: 1.254166
  type: 'test'
  ...
# Subtest: document creation delegates default and explicit vault selection (allow)
ok 326 - document creation delegates default and explicit vault selection (allow)
  ---
  duration_ms: 49.840792
  type: 'test'
  ...
# Subtest: document creation preserves sole-vault and ambiguous-vault policy (allow)
ok 327 - document creation preserves sole-vault and ambiguous-vault policy (allow)
  ---
  duration_ms: 1.405792
  type: 'test'
  ...
# Subtest: document creation delegates default and explicit vault selection (resolved)
ok 328 - document creation delegates default and explicit vault selection (resolved)
  ---
  duration_ms: 6.059167
  type: 'test'
  ...
# Subtest: document creation preserves sole-vault and ambiguous-vault policy (resolved)
ok 329 - document creation preserves sole-vault and ambiguous-vault policy (resolved)
  ---
  duration_ms: 1.657334
  type: 'test'
  ...
# Subtest: edit replaces bytes and only explicitly supplied metadata
ok 330 - edit replaces bytes and only explicitly supplied metadata
  ---
  duration_ms: 0.423583
  type: 'test'
  ...
# Subtest: get emits exact binary bytes even with JSON format
ok 331 - get emits exact binary bytes even with JSON format
  ---
  duration_ms: 0.245833
  type: 'test'
  ...
# Subtest: get enforces file mode and overwrite policy through host
ok 332 - get enforces file mode and overwrite policy through host
  ---
  duration_ms: 9.34475
  type: 'test'
  ...
# Subtest: get creates a new destination with private permissions by default
ok 333 - get creates a new destination with private permissions by default
  ---
  duration_ms: 2.785541
  type: 'test'
  ...
# Subtest: invalid modes and absent file capability fail before backend access
ok 334 - invalid modes and absent file capability fail before backend access
  ---
  duration_ms: 4.137375
  type: 'test'
  ...
# Subtest: binary terminal output requires force, redirected output does not
ok 335 - binary terminal output requires force, redirected output does not
  ---
  duration_ms: 0.303084
  type: 'test'
  ...
# Subtest: byte limits cover stdin, file uploads and downloads
ok 336 - byte limits cover stdin, file uploads and downloads
  ---
  duration_ms: 0.76975
  type: 'test'
  ...
# Subtest: reused stdin chunks are copied and empty documents remain valid
ok 337 - reused stdin chunks are copied and empty documents remain valid
  ---
  duration_ms: 0.252833
  type: 'test'
  ...
# Subtest: authorization denial precedes document IO and backend calls
ok 338 - authorization denial precedes document IO and backend calls
  ---
  duration_ms: 0.162583
  type: 'test'
  ...
# Subtest: object backend round-trips create, edit and get without decoding bytes
ok 339 - object backend round-trips create, edit and get without decoding bytes
  ---
  duration_ms: 1.045958
  type: 'test'
  ...
# Subtest: aborting file read prevents upload to backend
ok 340 - aborting file read prevents upload to backend
  ---
  duration_ms: 0.196042
  type: 'test'
  ...
# Subtest: public document output refuses an existing file unless force is explicit
ok 341 - public document output refuses an existing file unless force is explicit
  ---
  duration_ms: 0.725708
  type: 'test'
  ...
# Subtest: duration acceptance preserves the native unsigned accumulator wrap boundary
ok 342 - duration acceptance preserves the native unsigned accumulator wrap boundary
  ---
  duration_ms: 0.473375
  type: 'test'
  ...
# Subtest: nearby nonwrapping duration overflows remain rejected
ok 343 - nearby nonwrapping duration overflows remain rejected
  ---
  duration_ms: 0.062292
  type: 'test'
  ...
# Subtest: unsigned duration accumulation does not bypass individual component or intermediate bounds
ok 344 - unsigned duration accumulation does not bypass individual component or intermediate bounds
  ---
  duration_ms: 3.110542
  type: 'test'
  ...
# Subtest: item share rejects malformed and overflowing durations before policy or acquisition
ok 345 - item share rejects malformed and overflowing durations before policy or acquisition
  ---
  duration_ms: 6.67025
  type: 'test'
  ...
# Subtest: item share completion rejects invalid consumed durations
ok 346 - item share completion rejects invalid consumed durations
  ---
  duration_ms: 3.43075
  type: 'test'
  ...
# Subtest: item share preserves valid duration strings and omission through authorization and backend
ok 347 - item share preserves valid duration strings and omission through authorization and backend
  ---
  duration_ms: 4.371417
  type: 'test'
  ...
# Subtest: events-api create rejects malformed and overflowing durations before policy or acquisition
ok 348 - events-api create rejects malformed and overflowing durations before policy or acquisition
  ---
  duration_ms: 23.151167
  type: 'test'
  ...
# Subtest: events-api create completion rejects invalid consumed durations
ok 349 - events-api create completion rejects invalid consumed durations
  ---
  duration_ms: 1.561917
  type: 'test'
  ...
# Subtest: events-api create preserves valid duration strings and omission through authorization and backend
ok 350 - events-api create preserves valid duration strings and omission through authorization and backend
  ---
  duration_ms: 6.985125
  type: 'test'
  ...
# Subtest: service-account create rejects malformed and overflowing durations before policy or acquisition
ok 351 - service-account create rejects malformed and overflowing durations before policy or acquisition
  ---
  duration_ms: 4.586334
  type: 'test'
  ...
# Subtest: service-account create completion rejects invalid consumed durations
ok 352 - service-account create completion rejects invalid consumed durations
  ---
  duration_ms: 2.232209
  type: 'test'
  ...
# Subtest: service-account create preserves valid duration strings and omission through authorization and backend
ok 353 - service-account create preserves valid duration strings and omission through authorization and backend
  ---
  duration_ms: 6.0715
  type: 'test'
  ...
# Subtest: connect token create rejects malformed and overflowing durations before policy or acquisition
ok 354 - connect token create rejects malformed and overflowing durations before policy or acquisition
  ---
  duration_ms: 4.075041
  type: 'test'
  ...
# Subtest: connect token create completion rejects invalid consumed durations
ok 355 - connect token create completion rejects invalid consumed durations
  ---
  duration_ms: 2.585291
  type: 'test'
  ...
# Subtest: connect token create preserves valid duration strings and omission through authorization and backend
ok 356 - connect token create preserves valid duration strings and omission through authorization and backend
  ---
  duration_ms: 14.307041
  type: 'test'
  ...
# Subtest: item share expiry alias has the same validation and retains the original spelling of values
ok 357 - item share expiry alias has the same validation and retains the original spelling of values
  ---
  duration_ms: 0.390334
  type: 'test'
  ...
# Subtest: resolved approval and bound backend requests retain raw duration strings and omission
ok 358 - resolved approval and bound backend requests retain raw duration strings and omission
  ---
  duration_ms: 1.364583
  type: 'test'
  ...
# Subtest: portable codecs encode known Shift_JIS and GBK bytes and decode split multibyte input
ok 359 - portable codecs encode known Shift_JIS and GBK bytes and decode split multibyte input
  ---
  duration_ms: 2.165834
  type: 'test'
  ...
# Subtest: codec accepts only native verified aliases, including empty default
ok 360 - codec accepts only native verified aliases, including empty default
  ---
  duration_ms: 0.424459
  type: 'test'
  ...
# Subtest: global encoding transcodes generic JSON stdin and metadata output
ok 361 - global encoding transcodes generic JSON stdin and metadata output
  ---
  duration_ms: 8.04375
  type: 'test'
  ...
# Subtest: item templates decode selected encoding from files and produce selected metadata bytes
ok 362 - item templates decode selected encoding from files and produce selected metadata bytes
  ---
  duration_ms: 2.536292
  type: 'test'
  ...
# Subtest: read and inject transcode their text output and inject decodes selected template encoding
ok 363 - read and inject transcode their text output and inject decodes selected template encoding
  ---
  duration_ms: 2.293583
  type: 'test'
  ...
# Subtest: document upload and download ignore text transcoding
ok 364 - document upload and download ignore text transcoding
  ---
  duration_ms: 3.2325
  type: 'test'
  ...
# Subtest: dotenv stays UTF8 and child output bytes are not transcoded
ok 365 - dotenv stays UTF8 and child output bytes are not transcoded
  ---
  duration_ms: 1.472209
  type: 'test'
  ...
# Subtest: unsupported encoding fails before backend effects
ok 366 - unsupported encoding fails before backend effects
  ---
  duration_ms: 0.611459
  type: 'test'
  ...
# Subtest: native help and version flags bypass encoding validation, but help command does not
ok 367 - native help and version flags bypass encoding validation, but help command does not
  ---
  duration_ms: 17.873834
  type: 'test'
  ...
# Subtest: selected encoding decodes UTF8 argv before approval and keeps diagnostics UTF8
ok 368 - selected encoding decodes UTF8 argv before approval and keeps diagnostics UTF8
  ---
  duration_ms: 0.730666
  type: 'test'
  ...
# Subtest: public renderer encodes human fields while concealing passwords
ok 369 - public renderer encodes human fields while concealing passwords
  ---
  duration_ms: 0.229625
  type: 'test'
  ...
# Subtest: generic text out-file uses selected encoding and preserves file write policy
ok 370 - generic text out-file uses selected encoding and preserves file write policy
  ---
  duration_ms: 0.575125
  type: 'test'
  ...
# Subtest: capture stores values but returns only metadata, and retrieve returns exact snapshot
ok 371 - capture stores values but returns only metadata, and retrieve returns exact snapshot
  ---
  duration_ms: 2.984791
  type: 'test'
  ...
# Subtest: restore requires an explicit host capability and never pretends to change a parent shell
ok 372 - restore requires an explicit host capability and never pretends to change a parent shell
  ---
  duration_ms: 0.807959
  type: 'test'
  ...
# Subtest: restored child gets exact snapshot while caller environment is untouched
ok 373 - restored child gets exact snapshot while caller environment is untouched
  ---
  duration_ms: 0.342625
  type: 'test'
  ...
# Subtest: restored child output masks captured values across chunks
ok 374 - restored child output masks captured values across chunks
  ---
  duration_ms: 1.206292
  type: 'test'
  ...
# Subtest: restored child can explicitly disable output masking
ok 375 - restored child can explicitly disable output masking
  ---
  duration_ms: 0.343417
  type: 'test'
  ...
# Subtest: restoration observes cancellation even when an unmasked child returns success
ok 376 - restoration observes cancellation even when an unmasked child returns success
  ---
  duration_ms: 0.196625
  type: 'test'
  ...
# Subtest: shell restoration quotes literal values and removes newly introduced variables
ok 377 - shell restoration quotes literal values and removes newly introduced variables
  ---
  duration_ms: 0.306083
  type: 'test'
  ...
# Subtest: bash selected restoration emits only snapshot variables
ok 378 - bash selected restoration emits only snapshot variables
  ---
  duration_ms: 0.370666
  type: 'test'
  ...
# Subtest: bash selected restoration explicitly unsets absent snapshot keys
ok 379 - bash selected restoration explicitly unsets absent snapshot keys
  ---
  duration_ms: 0.392792
  type: 'test'
  ...
# Subtest: zsh selected restoration emits only snapshot variables
ok 380 - zsh selected restoration emits only snapshot variables
  ---
  duration_ms: 0.386083
  type: 'test'
  ...
# Subtest: zsh selected restoration explicitly unsets absent snapshot keys
ok 381 - zsh selected restoration explicitly unsets absent snapshot keys
  ---
  duration_ms: 0.184875
  type: 'test'
  ...
# Subtest: sh selected restoration emits only snapshot variables
ok 382 - sh selected restoration emits only snapshot variables
  ---
  duration_ms: 0.176916
  type: 'test'
  ...
# Subtest: sh selected restoration explicitly unsets absent snapshot keys
ok 383 - sh selected restoration explicitly unsets absent snapshot keys
  ---
  duration_ms: 0.506667
  type: 'test'
  ...
# Subtest: fish selected restoration emits only snapshot variables
ok 384 - fish selected restoration emits only snapshot variables
  ---
  duration_ms: 0.131834
  type: 'test'
  ...
# Subtest: fish selected restoration explicitly unsets absent snapshot keys
ok 385 - fish selected restoration explicitly unsets absent snapshot keys
  ---
  duration_ms: 0.107416
  type: 'test'
  ...
# Subtest: powershell selected restoration emits only snapshot variables
ok 386 - powershell selected restoration emits only snapshot variables
  ---
  duration_ms: 0.105959
  type: 'test'
  ...
# Subtest: powershell selected restoration explicitly unsets absent snapshot keys
ok 387 - powershell selected restoration explicitly unsets absent snapshot keys
  ---
  duration_ms: 0.108125
  type: 'test'
  ...
# Subtest: empty selected shell restoration ignores unrelated non-shell variable names
ok 388 - empty selected shell restoration ignores unrelated non-shell variable names
  ---
  duration_ms: 0.133667
  type: 'test'
  ...
# Subtest: approval denial prevents environment capture and restoration
ok 389 - approval denial prevents environment capture and restoration
  ---
  duration_ms: 5.216708
  type: 'test'
  ...
# Subtest: public CLI and SDK route capture, retrieval, listing and restoration
ok 390 - public CLI and SDK route capture, retrieval, listing and restoration
  ---
  duration_ms: 2.405208
  type: 'test'
  ...
# Subtest: public beta run composes with object environment read and preserves exact string values
ok 391 - public beta run composes with object environment read and preserves exact string values
  ---
  duration_ms: 4.738334
  type: 'test'
  ...
# Subtest: public beta run applies later environments over later dotenv files and shell values
ok 392 - public beta run applies later environments over later dotenv files and shell values
  ---
  duration_ms: 2.497542
  type: 'test'
  ...
# Subtest: public beta run masks object environment values across byte chunks on both streams
ok 393 - public beta run masks object environment values across byte chunks on both streams
  ---
  duration_ms: 1.4415
  type: 'test'
  ...
# Subtest: public beta run honors explicit no-masking for object environment values
ok 394 - public beta run honors explicit no-masking for object environment values
  ---
  duration_ms: 0.5725
  type: 'test'
  ...
# Subtest: public beta run validates every record value before invoking a child
ok 395 - public beta run validates every record value before invoking a child
  ---
  duration_ms: 2.032583
  type: 'test'
  ...
# Subtest: public beta run rejects non-record non-dotenv backend results
ok 396 - public beta run rejects non-record non-dotenv backend results
  ---
  duration_ms: 0.830708
  type: 'test'
  ...
# Subtest: public beta run accepts empty and null-prototype string records
ok 397 - public beta run accepts empty and null-prototype string records
  ---
  duration_ms: 0.534666
  type: 'test'
  ...
# Subtest: public beta run preserves custom backend dotenv text compatibility and masking
ok 398 - public beta run preserves custom backend dotenv text compatibility and masking
  ---
  duration_ms: 0.336542
  type: 'test'
  ...
# Subtest: public beta run literal approval denial prevents environment reads, dotenv IO, and child invocation
ok 399 - public beta run literal approval denial prevents environment reads, dotenv IO, and child invocation
  ---
  duration_ms: 0.907584
  type: 'test'
  ...
# Subtest: complete snapshots restore exact variables including empty values
ok 400 - complete snapshots restore exact variables including empty values
  ---
  duration_ms: 0.737167
  type: 'test'
  ...
# Subtest: selected snapshots distinguish unset variables and preserve unrelated values
ok 401 - selected snapshots distinguish unset variables and preserve unrelated values
  ---
  duration_ms: 0.134541
  type: 'test'
  ...
# Subtest: snapshots and restored values are detached and serialize losslessly
ok 402 - snapshots and restored values are detached and serialize losslessly
  ---
  duration_ms: 0.109083
  type: 'test'
  ...
# Subtest: invalid snapshots fail without changing current state
ok 403 - invalid snapshots fail without changing current state
  ---
  duration_ms: 0.222167
  type: 'test'
  ...
# Subtest: prototype-like variable names remain ordinary data
ok 404 - prototype-like variable names remain ordinary data
  ---
  duration_ms: 0.062
  type: 'test'
  ...
# Subtest: capture rejects invalid names and NUL values without leaking values
ok 405 - capture rejects invalid names and NUL values without leaking values
  ---
  duration_ms: 0.182709
  type: 'test'
  ...
# Subtest: independent: run captures env argv and host callbacks before asynchronous acquisition
ok 406 - independent: run captures env argv and host callbacks before asynchronous acquisition
  ---
  duration_ms: 4.004375
  type: 'test'
  ...
# Subtest: independent: stdin snapshot owns Buffer views before requesting another chunk
ok 407 - independent: stdin snapshot owns Buffer views before requesting another chunk
  ---
  duration_ms: 0.379083
  type: 'test'
  ...
# Subtest: independent: execution cannot acquire uncached files or mutate cached binary input
ok 408 - independent: execution cannot acquire uncached files or mutate cached binary input
  ---
  duration_ms: 0.317
  type: 'test'
  ...
# Subtest: independent: binary document output preserves exact bytes and approved file options
ok 409 - independent: binary document output preserves exact bytes and approved file options
  ---
  duration_ms: 0.663
  type: 'test'
  ...
# Subtest: independent: prepared item templates and attachment sources replay without fresh acquisition
ok 410 - independent: prepared item templates and attachment sources replay without fresh acquisition
  ---
  duration_ms: 1.222875
  type: 'test'
  ...
# Subtest: independent: literal inject templates preserve quotes newlines and Unicode through replay
ok 411 - independent: literal inject templates preserve quotes newlines and Unicode through replay
  ---
  duration_ms: 0.278916
  type: 'test'
  ...
# Subtest: independent: complete snapshot restoration manifests only final set and unset names
ok 412 - independent: complete snapshot restoration manifests only final set and unset names
  ---
  duration_ms: 0.312042
  type: 'test'
  ...
# Subtest: independent: aborted acquisition never starts a later source or backend operation
ok 413 - independent: aborted acquisition never starts a later source or backend operation
  ---
  duration_ms: 0.191416
  type: 'test'
  ...
# Subtest: prepared sources detach caller bytes and replay without reading the host twice
ok 414 - prepared sources detach caller bytes and replay without reading the host twice
  ---
  duration_ms: 1.881875
  type: 'test'
  ...
# Subtest: preparation copies env and observes cancellation before source acquisition
ok 415 - preparation copies env and observes cancellation before source acquisition
  ---
  duration_ms: 0.133042
  type: 'test'
  ...
# Subtest: read and inject prepare every reference without executing the backend
ok 416 - read and inject prepare every reference without executing the backend
  ---
  duration_ms: 1.9155
  type: 'test'
  ...
# Subtest: item and document preparation pin the exact binary mutation input
ok 417 - item and document preparation pin the exact binary mutation input
  ---
  duration_ms: 0.847917
  type: 'test'
  ...
# Subtest: run snapshots dotenv and nested references, requiring metadata for Environment dependencies
ok 418 - run snapshots dotenv and nested references, requiring metadata for Environment dependencies
  ---
  duration_ms: 0.371666
  type: 'test'
  ...
# Subtest: snapshot create privately pins values and restore requires value-free key metadata
ok 419 - snapshot create privately pins values and restore requires value-free key metadata
  ---
  duration_ms: 0.455083
  type: 'test'
  ...
# Subtest: prepared execution guards destinations and child intent and captures sink methods
ok 420 - prepared execution guards destinations and child intent and captures sink methods
  ---
  duration_ms: 0.907125
  type: 'test'
  ...
# Subtest: prepared handler execution uses owned sources and the same planned mutation
ok 421 - prepared handler execution uses owned sources and the same planned mutation
  ---
  duration_ms: 0.664792
  type: 'test'
  ...
# Subtest: approval effects omit child argument values and deeply freeze display intent
ok 422 - approval effects omit child argument values and deeply freeze display intent
  ---
  duration_ms: 0.351083
  type: 'test'
  ...
# Subtest: inject reuses captured template after approval and plans duplicate references in order
ok 423 - inject reuses captured template after approval and plans duplicate references in order
  ---
  duration_ms: 8.324584
  type: 'test'
  ...
# Subtest: run pins file contents, inherited env and invocation arguments across approval
ok 424 - run pins file contents, inherited env and invocation arguments across approval
  ---
  duration_ms: 1.427708
  type: 'test'
  ...
# Subtest: secret-dependent environment selectors fail before execution rather than guessing
ok 425 - secret-dependent environment selectors fail before execution rather than guessing
  ---
  duration_ms: 0.601208
  type: 'test'
  ...
# Subtest: aborted pending preparation settles and never starts a second acquisition
ok 426 - aborted pending preparation settles and never starts a second acquisition
  ---
  duration_ms: 0.291583
  type: 'test'
  ...
# Subtest: Environment overlays cannot silently discard planned secret dependencies
ok 427 - Environment overlays cannot silently discard planned secret dependencies
  ---
  duration_ms: 0.8125
  type: 'test'
  ...
# Subtest: document stdin is consumed once and remains binary through prepared execution
ok 428 - document stdin is consumed once and remains binary through prepared execution
  ---
  duration_ms: 0.353833
  type: 'test'
  ...
# Subtest: root entry point exposes the plugin selection capability contract
ok 429 - root entry point exposes the plugin selection capability contract
  ---
  duration_ms: 0.795667
  type: 'test'
  ...
# Subtest: root and Node entry points expose the same overwrite confirmation contract
ok 430 - root and Node entry points expose the same overwrite confirmation contract
  ---
  duration_ms: 0.151958
  type: 'test'
  ...
# Subtest: public plugin inspection selects scoped metadata before approving the bound target
ok 431 - public plugin inspection selects scoped metadata before approving the bound target
  ---
  duration_ms: 12.943291
  type: 'test'
  ...
# Subtest: public plugin selection cannot run before either permission gate
ok 432 - public plugin selection cannot run before either permission gate
  ---
  duration_ms: 8.350667
  type: 'test'
  ...
# Subtest: public plugin selection rejects display labels and foreign IDs before final approval
ok 433 - public plugin selection rejects display labels and foreign IDs before final approval
  ---
  duration_ms: 12.467833
  type: 'test'
  ...
# Subtest: object backend routes external capabilities only after host approval
ok 434 - object backend routes external capabilities only after host approval
  ---
  duration_ms: 10.687666
  type: 'test'
  ...
# Subtest: public factory resolves object-backed references through approval
ok 435 - public factory resolves object-backed references through approval
  ---
  duration_ms: 3.069416
  type: 'test'
  ...
# Subtest: public factory denies secret resolution without calling a custom backend
ok 436 - public factory denies secret resolution without calling a custom backend
  ---
  duration_ms: 0.674791
  type: 'test'
  ...
# Subtest: public factory routes ordinary commands to an arbitrary backend
ok 437 - public factory routes ordinary commands to an arbitrary backend
  ---
  duration_ms: 0.565875
  type: 'test'
  ...
# Subtest: item metadata commands do not reveal attachment bodies
ok 438 - item metadata commands do not reveal attachment bodies
  ---
  duration_ms: 3.067917
  type: 'test'
  ...
# Subtest: bulk create forwards one ordered array after literal approval of the original request once
ok 439 - bulk create forwards one ordered array after literal approval of the original request once
  ---
  duration_ms: 3.460958
  type: 'test'
  ...
# Subtest: public bulk create applies assignments to every item and preserves result order
ok 440 - public bulk create applies assignments to every item and preserves result order
  ---
  duration_ms: 3.887209
  type: 'test'
  ...
# Subtest: bulk dry run previews every item without mutating the store
ok 441 - bulk dry run previews every item without mutating the store
  ---
  duration_ms: 0.978875
  type: 'test'
  ...
# Subtest: late malformed templates produce no output or partial mutations
ok 442 - late malformed templates produce no output or partial mutations
  ---
  duration_ms: 1.814416
  type: 'test'
  ...
# Subtest: bulk authorization denial does not consume input or invoke backend
ok 443 - bulk authorization denial does not consume input or invoke backend
  ---
  duration_ms: 0.622584
  type: 'test'
  ...
# Subtest: bulk attachments are read once and copied separately into each template
ok 444 - bulk attachments are read once and copied separately into each template
  ---
  duration_ms: 1.112375
  type: 'test'
  ...
# Subtest: late attachment failure and cancellation never invoke the bulk backend
ok 445 - late attachment failure and cancellation never invoke the bulk backend
  ---
  duration_ms: 1.500042
  type: 'test'
  ...
# Subtest: duplicated item templates receive fresh IDs with consistent section links
ok 446 - duplicated item templates receive fresh IDs with consistent section links
  ---
  duration_ms: 1.521875
  type: 'test'
  ...
# Subtest: bulk parsing rejects empty, nested, scalar, and malformed arrays before backend execution
ok 447 - bulk parsing rejects empty, nested, scalar, and malformed arrays before backend execution
  ---
  duration_ms: 1.111167
  type: 'test'
  ...
# Subtest: bulk arrays are not silently accepted by item edit or template file input
ok 448 - bulk arrays are not silently accepted by item edit or template file input
  ---
  duration_ms: 1.208125
  type: 'test'
  ...
# Subtest: public cross-account list get create pipeline remaps references to the explicit destination
ok 449 - public cross-account list get create pipeline remaps references to the explicit destination
  ---
  duration_ms: 45.114083
  type: 'test'
  ...
# Subtest: bulk duplication never publishes stale source references on remapped fields
ok 450 - bulk duplication never publishes stale source references on remapped fields
  ---
  duration_ms: 2.776375
  type: 'test'
  ...
# Subtest: public createOp loads item create templates and assignments override template fields
ok 451 - public createOp loads item create templates and assignments override template fields
  ---
  duration_ms: 5.557542
  type: 'test'
  ...
# Subtest: public createOp loads edit templates and preserves unmodified metadata
ok 452 - public createOp loads edit templates and preserves unmodified metadata
  ---
  duration_ms: 1.829375
  type: 'test'
  ...
# Subtest: public createOp reads file attachments as bytes with escaped section and file names
ok 453 - public createOp reads file attachments as bytes with escaped section and file names
  ---
  duration_ms: 1.411583
  type: 'test'
  ...
# Subtest: stdin JSON templates support create marker and edit with assignment precedence
ok 454 - stdin JSON templates support create marker and edit with assignment precedence
  ---
  duration_ms: 1.634375
  type: 'test'
  ...
# Subtest: template and stdin collisions and invalid JSON fail without backend calls
ok 455 - template and stdin collisions and invalid JSON fail without backend calls
  ---
  duration_ms: 1.707917
  type: 'test'
  ...
# Subtest: file assignments are consumed and passed as isolated bytes while other arguments stay literal
ok 456 - file assignments are consumed and passed as isolated bytes while other arguments stay literal
  ---
  duration_ms: 0.307375
  type: 'test'
  ...
# Subtest: dry-run previews item templates and attachments without changing backend state
ok 457 - dry-run previews item templates and attachments without changing backend state
  ---
  duration_ms: 0.526166
  type: 'test'
  ...
# Subtest: item output omits attachment content and uses shared field masking and reveal behavior
ok 458 - item output omits attachment content and uses shared field masking and reveal behavior
  ---
  duration_ms: 0.352042
  type: 'test'
  ...
# Subtest: missing file capability and attachment failures do not execute or emit partial items
ok 459 - missing file capability and attachment failures do not execute or emit partial items
  ---
  duration_ms: 0.399458
  type: 'test'
  ...
# Subtest: attachment parsing validates assignments before reading files
ok 460 - attachment parsing validates assignments before reading files
  ---
  duration_ms: 0.435167
  type: 'test'
  ...
# Subtest: cancellation stops a pending file read before backend execution
ok 461 - cancellation stops a pending file read before backend execution
  ---
  duration_ms: 0.276208
  type: 'test'
  ...
# Subtest: handler awaits output and propagates sink failures
ok 462 - handler awaits output and propagates sink failures
  ---
  duration_ms: 0.169625
  type: 'test'
  ...
# Subtest: authorization denial happens before template and attachment IO
ok 463 - authorization denial happens before template and attachment IO
  ---
  duration_ms: 0.379541
  type: 'test'
  ...
# Subtest: a later attachment failure does not persist or output a partially loaded item
ok 464 - a later attachment failure does not persist or output a partially loaded item
  ---
  duration_ms: 0.159459
  type: 'test'
  ...
# Subtest: run: abort waits for the owned child close event
ok 465 - run: abort waits for the owned child close event
  ---
  duration_ms: 12.334
  type: 'test'
  ...
# Subtest: run: error waits for the owned child close event
ok 466 - run: error waits for the owned child close event
  ---
  duration_ms: 1.460833
  type: 'test'
  ...
# Subtest: run: child output cannot be forwarded after the CLI settles on error
ok 467 - run: child output cannot be forwarded after the CLI settles on error
  ---
  duration_ms: 21.339333
  type: 'test'
  ...
# Subtest: unmasked run: abort waits for the owned child close event
ok 468 - unmasked run: abort waits for the owned child close event
  ---
  duration_ms: 13.266917
  type: 'test'
  ...
# Subtest: unmasked run: error waits for the owned child close event
ok 469 - unmasked run: error waits for the owned child close event
  ---
  duration_ms: 9.9475
  type: 'test'
  ...
# Subtest: unmasked run: child output cannot be forwarded after the CLI settles on error
ok 470 - unmasked run: child output cannot be forwarded after the CLI settles on error
  ---
  duration_ms: 26.492958
  type: 'test'
  ...
# Subtest: snapshot restore: abort waits for the owned child close event
ok 471 - snapshot restore: abort waits for the owned child close event
  ---
  duration_ms: 9.601209
  type: 'test'
  ...
# Subtest: snapshot restore: error waits for the owned child close event
ok 472 - snapshot restore: error waits for the owned child close event
  ---
  duration_ms: 9.093458
  type: 'test'
  ...
# Subtest: snapshot restore: child output cannot be forwarded after the CLI settles on error
ok 473 - snapshot restore: child output cannot be forwarded after the CLI settles on error
  ---
  duration_ms: 8.190833
  type: 'test'
  ...
# Subtest: Node child output write errors still await child close
ok 474 - Node child output write errors still await child close
  ---
  duration_ms: 10.08225
  type: 'test'
  ...
# Subtest: normal child close waits for outstanding output callbacks before returning
ok 475 - normal child close waits for outstanding output callbacks before returning
  ---
  duration_ms: 1.151292
  type: 'test'
  ...
# Subtest: snapshot masking takes ownership of Uint8Array writes before asynchronous processing
ok 476 - snapshot masking takes ownership of Uint8Array writes before asynchronous processing
  ---
  duration_ms: 2.310917
  type: 'test'
  ...
# Subtest: snapshot masking takes ownership of Buffer writes before asynchronous processing
ok 477 - snapshot masking takes ownership of Buffer writes before asynchronous processing
  ---
  duration_ms: 0.405208
  type: 'test'
  ...
# Subtest: snapshot masking handles split UTF-8, overlapping secrets and independent output streams
ok 478 - snapshot masking handles split UTF-8, overlapping secrets and independent output streams
  ---
  duration_ms: 0.865167
  type: 'test'
  ...
# Subtest: aborted persistence waits for temporary cleanup and never renames staged state
ok 479 - aborted persistence waits for temporary cleanup and never renames staged state
  ---
  duration_ms: 2.058833
  type: 'test'
  ...
# Subtest: persisted snapshots preserve binary views and environment metadata across independent CLI runs
ok 480 - persisted snapshots preserve binary views and environment metadata across independent CLI runs
  ---
  duration_ms: 2.099958
  type: 'test'
  ...
# Subtest: native 2.39.0 canonical stable leaf manifest matches exactly
ok 481 - native 2.39.0 canonical stable leaf manifest matches exactly
  ---
  duration_ms: 1.108917
  type: 'test'
  ...
# Subtest: native inherited flags exclude root-only version
ok 482 - native inherited flags exclude root-only version
  ---
  duration_ms: 0.173333
  type: 'test'
  ...
# Subtest: native local flag kinds and short/hidden aliases match the pinned fixture
ok 483 - native local flag kinds and short/hidden aliases match the pinned fixture
  ---
  duration_ms: 2.984042
  type: 'test'
  ...
# Subtest: every pinned native leaf and command alias accepts its local and inherited flags
ok 484 - every pinned native leaf and command alias accepts its local and inherited flags
  ---
  duration_ms: 332.553541
  type: 'test'
  ...
# Subtest: native root version emits a scalar and is rejected on every child leaf
ok 485 - native root version emits a scalar and is rejected on every child leaf
  ---
  duration_ms: 5.603584
  type: 'test'
  ...
# Subtest: help works without configured backend and describes extension environment
ok 486 - help works without configured backend and describes extension environment
  ---
  duration_ms: 57.1725
  type: 'test'
  ...
# Subtest: node plugin chooser is captured before module loading and forwarded without wrapping
ok 487 - node plugin chooser is captured before module loading and forwarded without wrapping
  ---
  duration_ms: 4.034041
  type: 'test'
  ...
# Subtest: node plugin denial performs no module or candidate loading and no selection
ok 488 - node plugin denial performs no module or candidate loading and no selection
  ---
  duration_ms: 1.051167
  type: 'test'
  ...
# Subtest: node object plugin inspect offers only metadata and accepts an explicit sync or async choice
ok 489 - node object plugin inspect offers only metadata and accepts an explicit sync or async choice
  ---
  duration_ms: 35.575792
  type: 'test'
  ...
# Subtest: node plugin inspection never defaults a missing, cancelled or unoffered choice
ok 490 - node plugin inspection never defaults a missing, cancelled or unoffered choice
  ---
  duration_ms: 5.851542
  type: 'test'
  ...
# Subtest: node explicit plugin inspection bypasses the chooser
ok 491 - node explicit plugin inspection bypasses the chooser
  ---
  duration_ms: 15.703167
  type: 'test'
  ...
# Subtest: missing or conflicting explicit backend configuration fails
ok 492 - missing or conflicting explicit backend configuration fails
  ---
  duration_ms: 6.90325
  type: 'test'
  ...
# Subtest: hidden completion callbacks retain their final directive when completing help flags
ok 493 - hidden completion callbacks retain their final directive when completing help flags
  ---
  duration_ms: 2.884083
  type: 'test'
  ...
# Subtest: completion callback names elsewhere do not suppress ordinary help
ok 494 - completion callback names elsewhere do not suppress ordinary help
  ---
  duration_ms: 73.226833
  type: 'test'
  ...
# Subtest: loads a default backend object using a cwd-relative module URL
ok 495 - loads a default backend object using a cwd-relative module URL
  ---
  duration_ms: 17.153417
  type: 'test'
  ...
# Subtest: rejects backend factories rather than executing arbitrary export shapes
ok 496 - rejects backend factories rather than executing arbitrary export shapes
  ---
  duration_ms: 0.455959
  type: 'test'
  ...
# Subtest: module resolved policy exports approve sanitized bindings and refuse changed selections
ok 497 - module resolved policy exports approve sanitized bindings and refuse changed selections
  ---
  duration_ms: 13.997042
  type: 'test'
  ...
# Subtest: Node literal approval compatibility requires explicit host configuration
ok 498 - Node literal approval compatibility requires explicit host configuration
  ---
  duration_ms: 1.279125
  type: 'test'
  ...
# Subtest: resolved file backend approval fails closed without cross-process revision support
ok 499 - resolved file backend approval fails closed without cross-process revision support
  ---
  duration_ms: 28.255125
  type: 'test'
  ...
# Subtest: reads and injects secrets through the root SDK helpers
ok 500 - reads and injects secrets through the root SDK helpers
  ---
  duration_ms: 4.181666
  type: 'test'
  ...
# Subtest: run spawns literal argv with resolved environment and awaits output
ok 501 - run spawns literal argv with resolved environment and awaits output
  ---
  duration_ms: 2.718667
  type: 'test'
  ...
# Subtest: already cancelled invocations do not load backends
ok 502 - already cancelled invocations do not load backends
  ---
  duration_ms: 0.260292
  type: 'test'
  ...
# Subtest: object mutations persist atomically with private temporary permissions
ok 503 - object mutations persist atomically with private temporary permissions
  ---
  duration_ms: 1.501542
  type: 'test'
  ...
# Subtest: read-only commands do not rewrite the seed
ok 504 - read-only commands do not rewrite the seed
  ---
  duration_ms: 0.928292
  type: 'test'
  ...
# Subtest: failed atomic persistence preserves the seed and removes its temporary file
ok 505 - failed atomic persistence preserves the seed and removes its temporary file
  ---
  duration_ms: 24.971625
  type: 'test'
  ...
# Subtest: partial temporary writes are removed after failure
ok 506 - partial temporary writes are removed after failure
  ---
  duration_ms: 14.45925
  type: 'test'
  ...
# Subtest: host awaits asynchronous stream write callbacks
ok 507 - host awaits asynchronous stream write callbacks
  ---
  duration_ms: 1.306416
  type: 'test'
  ...
# Subtest: spawn cancellation forwards the signal and terminates child work
ok 508 - spawn cancellation forwards the signal and terminates child work
  ---
  duration_ms: 0.839458
  type: 'test'
  ...
# Subtest: module authorization denies helper execution before spawning
ok 509 - module authorization denies helper execution before spawning
  ---
  duration_ms: 0.460959
  type: 'test'
  ...
# Subtest: module approval callback receives authorized request and controls execution
ok 510 - module approval callback receives authorized request and controls execution
  ---
  duration_ms: 0.576584
  type: 'test'
  ...
# Subtest: completion works without backend configuration
ok 511 - completion works without backend configuration
  ---
  duration_ms: 0.372792
  type: 'test'
  ...
# Subtest: version reads the runtime package version without loading a backend
ok 512 - version reads the runtime package version without loading a backend
  ---
  duration_ms: 1.08675
  type: 'test'
  ...
# Subtest: short version flag uses the injected package version
ok 513 - short version flag uses the injected package version
  ---
  duration_ms: 0.945709
  type: 'test'
  ...
# Subtest: output files use private permissions by default
ok 514 - output files use private permissions by default
  ---
  duration_ms: 9.925375
  type: 'test'
  ...
# Subtest: output cancellation after opening preserves content and permissions and closes the handle
ok 515 - output cancellation after opening preserves content and permissions and closes the handle
  ---
  duration_ms: 50.247291
  type: 'test'
  ...
# Subtest: empty output symlinks are refused without force
ok 516 - empty output symlinks are refused without force
  ---
  duration_ms: 23.303459
  type: 'test'
  ...
# Subtest: force overwrites output and enforces the requested mode on existing files
ok 517 - force overwrites output and enforces the requested mode on existing files
  ---
  duration_ms: 5.402042
  type: 'test'
  ...
# Subtest: exclusive output creation preserves an existing file without force
ok 518 - exclusive output creation preserves an existing file without force
  ---
  duration_ms: 10.191209
  type: 'test'
  ...
# Subtest: interactive commands do not wait for terminal stdin
ok 519 - interactive commands do not wait for terminal stdin
  ---
  duration_ms: 6.191625
  type: 'test'
  ...
# Subtest: backend module file paths without dot prefix resolve from cwd
ok 520 - backend module file paths without dot prefix resolve from cwd
  ---
  duration_ms: 0.777875
  type: 'test'
  ...
# Subtest: cancellation interrupts pending piped stdin
ok 521 - cancellation interrupts pending piped stdin
  ---
  duration_ms: 1.460458
  type: 'test'
  ...
# Subtest: borrowed input errors and premature closure settle the command
ok 522 - borrowed input errors and premature closure settle the command
  ---
  duration_ms: 10.635917
  type: 'test'
  ...
# Subtest: binary documents survive persistence and a separate CLI invocation
ok 523 - binary documents survive persistence and a separate CLI invocation
  ---
  duration_ms: 6.085542
  type: 'test'
  ...
# Subtest: compatibility channel defaults to stable and enables beta command help explicitly
ok 524 - compatibility channel defaults to stable and enables beta command help explicitly
  ---
  duration_ms: 5.577917
  type: 'test'
  ...
# Subtest: invalid compatibility channels fail without loading a backend
ok 525 - invalid compatibility channels fail without loading a backend
  ---
  duration_ms: 29.509084
  type: 'test'
  ...
# Subtest: binary document output respects the terminal capability
ok 526 - binary document output respects the terminal capability
  ---
  duration_ms: 4.427333
  type: 'test'
  ...
# Subtest: environment restore emits shell output or invokes a child without changing the parent environment
ok 527 - environment restore emits shell output or invokes a child without changing the parent environment
  ---
  duration_ms: 6.711375
  type: 'test'
  ...
# Subtest: object backend generates and transforms an Ed25519 key across CLI invocations
ok 528 - object backend generates and transforms an Ed25519 key across CLI invocations
  ---
  duration_ms: 27.766209
  type: 'test'
  ...
# Subtest: plugin scope supplies normalized absolute paths without deriving terminal identity
ok 529 - plugin scope supplies normalized absolute paths without deriving terminal identity
  ---
  duration_ms: 0.963417
  type: 'test'
  ...
# Subtest: plugin scope defaults are absolute and explicit terminal identity has injected precedence
ok 530 - plugin scope defaults are absolute and explicit terminal identity has injected precedence
  ---
  duration_ms: 1.510625
  type: 'test'
  ...
# Subtest: native scope separators become portable without changing the spawned cwd
ok 531 - native scope separators become portable without changing the spawned cwd
  ---
  duration_ms: 0.705042
  type: 'test'
  ...
# Subtest: win32 UNC share roots normalize canonically while drive and POSIX roots retain their slash
ok 532 - win32 UNC share roots normalize canonically while drive and POSIX roots retain their slash
  ---
  duration_ms: 0.094458
  type: 'test'
  ...
# Subtest: plugin clear confirmation is an optional host capability and central authorization still applies
ok 533 - plugin clear confirmation is an optional host capability and central authorization still applies
  ---
  duration_ms: 0.733416
  type: 'test'
  ...
# Subtest: object plugin clearing requires confirmation unless force is explicit
ok 534 - object plugin clearing requires confirmation unless force is explicit
  ---
  duration_ms: 4.395959
  type: 'test'
  ...
# Subtest: authentication context is explicitly injected and bound before authorization
ok 535 - authentication context is explicitly injected and bound before authorization
  ---
  duration_ms: 1.108667
  type: 'test'
  ...
# Subtest: authentication identity is never inferred from plugin or session environment metadata
ok 536 - authentication identity is never inferred from plugin or session environment metadata
  ---
  duration_ms: 3.224542
  type: 'test'
  ...
# Subtest: managed app authentication survives restart but requires explicit trusted terminal context
ok 537 - managed app authentication survives restart but requires explicit trusted terminal context
  ---
  duration_ms: 18.249875
  type: 'test'
  ...
# Subtest: managed snapshot integration overrides are temporary and never inferred from app sessions
ok 538 - managed snapshot integration overrides are temporary and never inferred from app sessions
  ---
  duration_ms: 12.96125
  type: 'test'
  ...
# Subtest: persisted app defaults remain below OP_ACCOUNT and explicit account flags across invocations
ok 539 - persisted app defaults remain below OP_ACCOUNT and explicit account flags across invocations
  ---
  duration_ms: 18.797792
  type: 'test'
  ...
# Subtest: explicit manual tokens work without terminal context across CLI invocations
ok 540 - explicit manual tokens work without terminal context across CLI invocations
  ---
  duration_ms: 11.647041
  type: 'test'
  ...
# Subtest: document get document-id confirms nonempty output before changing bytes or mode
ok 541 - document get document-id confirms nonempty output before changing bytes or mode
  ---
  duration_ms: 4.961584
  type: 'test'
  ...
# Subtest: read op://Private/Service/file.bin confirms nonempty output before changing bytes or mode
ok 542 - read op://Private/Service/file.bin confirms nonempty output before changing bytes or mode
  ---
  duration_ms: 1.306542
  type: 'test'
  ...
# Subtest: inject --in-file input.tpl confirms nonempty output before changing bytes or mode
ok 543 - inject --in-file input.tpl confirms nonempty output before changing bytes or mode
  ---
  duration_ms: 37.861875
  type: 'test'
  ...
# Subtest: item template get Login --format=json confirms nonempty output before changing bytes or mode
ok 544 - item template get Login --format=json confirms nonempty output before changing bytes or mode
  ---
  duration_ms: 2.3005
  type: 'test'
  ...
# Subtest: overwrite confirmation false preserves existing bytes and mode
ok 545 - overwrite confirmation false preserves existing bytes and mode
  ---
  duration_ms: 1.240834
  type: 'test'
  ...
# Subtest: overwrite confirmation EOF preserves existing bytes and mode
ok 546 - overwrite confirmation EOF preserves existing bytes and mode
  ---
  duration_ms: 0.810416
  type: 'test'
  ...
# Subtest: overwrite confirmation truthy preserves existing bytes and mode
ok 547 - overwrite confirmation truthy preserves existing bytes and mode
  ---
  duration_ms: 0.924792
  type: 'test'
  ...
# Subtest: overwrite confirmation throw preserves existing bytes and mode
ok 548 - overwrite confirmation throw preserves existing bytes and mode
  ---
  duration_ms: 1.184292
  type: 'test'
  ...
# Subtest: overwrite confirmation reject preserves existing bytes and mode
ok 549 - overwrite confirmation reject preserves existing bytes and mode
  ---
  duration_ms: 1.191083
  type: 'test'
  ...
# Subtest: force and empty or absent outputs bypass confirmation but force never bypasses operation policy
ok 550 - force and empty or absent outputs bypass confirmation but force never bypasses operation policy
  ---
  duration_ms: 2.28125
  type: 'test'
  ...
# Subtest: aborting pending overwrite confirmation settles and late consent has no effects
ok 551 - aborting pending overwrite confirmation settles and late consent has no effects
  ---
  duration_ms: 22.139375
  type: 'test'
  ...
# Subtest: confirmation retains the opened file handle across path replacement and truncates shorter output
ok 552 - confirmation retains the opened file handle across path replacement and truncates shorter output
  ---
  duration_ms: 4.83175
  type: 'test'
  ...
# Subtest: document file host fills an existing empty output without force
ok 553 - document file host fills an existing empty output without force
  ---
  duration_ms: 0.454958
  type: 'test'
  ...
# Subtest: document file host retains nonempty content and mode without force
ok 554 - document file host retains nonempty content and mode without force
  ---
  duration_ms: 0.569084
  type: 'test'
  ...
# Subtest: document file host still creates missing outputs and honors force
ok 555 - document file host still creates missing outputs and honors force
  ---
  duration_ms: 0.794583
  type: 'test'
  ...
# Subtest: read file host fills an existing empty output without force
ok 556 - read file host fills an existing empty output without force
  ---
  duration_ms: 30.527667
  type: 'test'
  ...
# Subtest: read file host retains nonempty content and mode without force
ok 557 - read file host retains nonempty content and mode without force
  ---
  duration_ms: 1.5335
  type: 'test'
  ...
# Subtest: read file host still creates missing outputs and honors force
ok 558 - read file host still creates missing outputs and honors force
  ---
  duration_ms: 0.903084
  type: 'test'
  ...
# Subtest: matches RFC 6238 SHA-1 vectors
ok 559 - matches RFC 6238 SHA-1 vectors
  ---
  duration_ms: 5.611
  type: 'test'
  ...
# Subtest: supports SHA-256 and SHA-512 with explicit period
ok 560 - supports SHA-256 and SHA-512 with explicit period
  ---
  duration_ms: 1.469375
  type: 'test'
  ...
# Subtest: rejects malformed OTP settings without including the input
ok 561 - rejects malformed OTP settings without including the input
  ---
  duration_ms: 0.798667
  type: 'test'
  ...
# Subtest: leaf flags are accepted before and between command words with their values
ok 562 - leaf flags are accepted before and between command words with their values
  ---
  duration_ms: 4.498916
  type: 'test'
  ...
# Subtest: final leaf definitions govern repeatable, optional, shorthand and alias flags
ok 563 - final leaf definitions govern repeatable, optional, shorthand and alias flags
  ---
  duration_ms: 8.493708
  type: 'test'
  ...
# Subtest: early flags not belonging to the resolved leaf are rejected before effects
ok 564 - early flags not belonging to the resolved leaf are rejected before effects
  ---
  duration_ms: 2.996958
  type: 'test'
  ...
# Subtest: leaf resolution preserves command aliases, literal argv and stable beta boundaries
ok 565 - leaf resolution preserves command aliases, literal argv and stable beta boundaries
  ---
  duration_ms: 2.402833
  type: 'test'
  ...
# Subtest: native invalid operand counts fail before stdin, authorization or custom backends
ok 566 - native invalid operand counts fail before stdin, authorization or custom backends
  ---
  duration_ms: 0.521709
  type: 'test'
  ...
# Subtest: invalid operands never reach handler overrides and help remains available
ok 567 - invalid operands never reach handler overrides and help remains available
  ---
  duration_ms: 13.812458
  type: 'test'
  ...
# Subtest: every available leaf flag with an inline value resolves before its command in help probes
ok 568 - every available leaf flag with an inline value resolves before its command in help probes
  ---
  duration_ms: 241.802208
  type: 'test'
  ...
# Subtest: native discovery rejects bare leaf booleans and optional flags before the leaf
ok 569 - native discovery rejects bare leaf booleans and optional flags before the leaf
  ---
  duration_ms: 0.896542
  type: 'test'
  ...
# Subtest: inline leaf values and bare global booleans preserve command discovery
ok 570 - inline leaf values and bare global booleans preserve command discovery
  ---
  duration_ms: 2.289417
  type: 'test'
  ...
# Subtest: implicit item get validates piped input after literal allowance but before a custom backend
ok 571 - implicit item get validates piped input after literal allowance but before a custom backend
  ---
  duration_ms: 0.490417
  type: 'test'
  ...
# Subtest: conditional stdin validation replays original bytes to overridden item get handlers
ok 572 - conditional stdin validation replays original bytes to overridden item get handlers
  ---
  duration_ms: 0.346166
  type: 'test'
  ...
# Subtest: user: create_items requires every cumulative prerequisite without implicit grants
ok 573 - user: create_items requires every cumulative prerequisite without implicit grants
  ---
  duration_ms: 3.636583
  type: 'test'
  ...
# Subtest: user: revoking a prerequisite also requires revoking granted create_items
ok 574 - user: revoking a prerequisite also requires revoking granted create_items
  ---
  duration_ms: 1.663084
  type: 'test'
  ...
# Subtest: user: view_and_copy_passwords requires every cumulative prerequisite without implicit grants
ok 575 - user: view_and_copy_passwords requires every cumulative prerequisite without implicit grants
  ---
  duration_ms: 0.820166
  type: 'test'
  ...
# Subtest: user: revoking a prerequisite also requires revoking granted view_and_copy_passwords
ok 576 - user: revoking a prerequisite also requires revoking granted view_and_copy_passwords
  ---
  duration_ms: 0.829375
  type: 'test'
  ...
# Subtest: user: edit_items requires every cumulative prerequisite without implicit grants
ok 577 - user: edit_items requires every cumulative prerequisite without implicit grants
  ---
  duration_ms: 0.736875
  type: 'test'
  ...
# Subtest: user: revoking a prerequisite also requires revoking granted edit_items
ok 578 - user: revoking a prerequisite also requires revoking granted edit_items
  ---
  duration_ms: 0.775459
  type: 'test'
  ...
# Subtest: user: archive_items requires every cumulative prerequisite without implicit grants
ok 579 - user: archive_items requires every cumulative prerequisite without implicit grants
  ---
  duration_ms: 0.604167
  type: 'test'
  ...
# Subtest: user: revoking a prerequisite also requires revoking granted archive_items
ok 580 - user: revoking a prerequisite also requires revoking granted archive_items
  ---
  duration_ms: 0.546125
  type: 'test'
  ...
# Subtest: user: delete_items requires every cumulative prerequisite without implicit grants
ok 581 - user: delete_items requires every cumulative prerequisite without implicit grants
  ---
  duration_ms: 0.602291
  type: 'test'
  ...
# Subtest: user: revoking a prerequisite also requires revoking granted delete_items
ok 582 - user: revoking a prerequisite also requires revoking granted delete_items
  ---
  duration_ms: 0.750791
  type: 'test'
  ...
# Subtest: user: view_item_history requires every cumulative prerequisite without implicit grants
ok 583 - user: view_item_history requires every cumulative prerequisite without implicit grants
  ---
  duration_ms: 0.352459
  type: 'test'
  ...
# Subtest: user: revoking a prerequisite also requires revoking granted view_item_history
ok 584 - user: revoking a prerequisite also requires revoking granted view_item_history
  ---
  duration_ms: 0.391625
  type: 'test'
  ...
# Subtest: user: import_items requires every cumulative prerequisite without implicit grants
ok 585 - user: import_items requires every cumulative prerequisite without implicit grants
  ---
  duration_ms: 0.322833
  type: 'test'
  ...
# Subtest: user: revoking a prerequisite also requires revoking granted import_items
ok 586 - user: revoking a prerequisite also requires revoking granted import_items
  ---
  duration_ms: 0.356833
  type: 'test'
  ...
# Subtest: user: export_items requires every cumulative prerequisite without implicit grants
ok 587 - user: export_items requires every cumulative prerequisite without implicit grants
  ---
  duration_ms: 0.436875
  type: 'test'
  ...
# Subtest: user: revoking a prerequisite also requires revoking granted export_items
ok 588 - user: revoking a prerequisite also requires revoking granted export_items
  ---
  duration_ms: 0.4765
  type: 'test'
  ...
# Subtest: user: copy_and_share_items requires every cumulative prerequisite without implicit grants
ok 589 - user: copy_and_share_items requires every cumulative prerequisite without implicit grants
  ---
  duration_ms: 9.730417
  type: 'test'
  ...
# Subtest: user: revoking a prerequisite also requires revoking granted copy_and_share_items
ok 590 - user: revoking a prerequisite also requires revoking granted copy_and_share_items
  ---
  duration_ms: 1.438
  type: 'test'
  ...
# Subtest: user: print_items requires every cumulative prerequisite without implicit grants
ok 591 - user: print_items requires every cumulative prerequisite without implicit grants
  ---
  duration_ms: 0.472
  type: 'test'
  ...
# Subtest: user: revoking a prerequisite also requires revoking granted print_items
ok 592 - user: revoking a prerequisite also requires revoking granted print_items
  ---
  duration_ms: 0.487375
  type: 'test'
  ...
# Subtest: group: create_items requires every cumulative prerequisite without implicit grants
ok 593 - group: create_items requires every cumulative prerequisite without implicit grants
  ---
  duration_ms: 0.258042
  type: 'test'
  ...
# Subtest: group: revoking a prerequisite also requires revoking granted create_items
ok 594 - group: revoking a prerequisite also requires revoking granted create_items
  ---
  duration_ms: 0.249541
  type: 'test'
  ...
# Subtest: group: view_and_copy_passwords requires every cumulative prerequisite without implicit grants
ok 595 - group: view_and_copy_passwords requires every cumulative prerequisite without implicit grants
  ---
  duration_ms: 0.216
  type: 'test'
  ...
# Subtest: group: revoking a prerequisite also requires revoking granted view_and_copy_passwords
ok 596 - group: revoking a prerequisite also requires revoking granted view_and_copy_passwords
  ---
  duration_ms: 0.244209
  type: 'test'
  ...
# Subtest: group: edit_items requires every cumulative prerequisite without implicit grants
ok 597 - group: edit_items requires every cumulative prerequisite without implicit grants
  ---
  duration_ms: 0.342667
  type: 'test'
  ...
# Subtest: group: revoking a prerequisite also requires revoking granted edit_items
ok 598 - group: revoking a prerequisite also requires revoking granted edit_items
  ---
  duration_ms: 3.573625
  type: 'test'
  ...
# Subtest: group: archive_items requires every cumulative prerequisite without implicit grants
ok 599 - group: archive_items requires every cumulative prerequisite without implicit grants
  ---
  duration_ms: 0.5055
  type: 'test'
  ...
# Subtest: group: revoking a prerequisite also requires revoking granted archive_items
ok 600 - group: revoking a prerequisite also requires revoking granted archive_items
  ---
  duration_ms: 5.69975
  type: 'test'
  ...
# Subtest: group: delete_items requires every cumulative prerequisite without implicit grants
ok 601 - group: delete_items requires every cumulative prerequisite without implicit grants
  ---
  duration_ms: 0.622625
  type: 'test'
  ...
# Subtest: group: revoking a prerequisite also requires revoking granted delete_items
ok 602 - group: revoking a prerequisite also requires revoking granted delete_items
  ---
  duration_ms: 0.508875
  type: 'test'
  ...
# Subtest: group: view_item_history requires every cumulative prerequisite without implicit grants
ok 603 - group: view_item_history requires every cumulative prerequisite without implicit grants
  ---
  duration_ms: 0.3575
  type: 'test'
  ...
# Subtest: group: revoking a prerequisite also requires revoking granted view_item_history
ok 604 - group: revoking a prerequisite also requires revoking granted view_item_history
  ---
  duration_ms: 0.359334
  type: 'test'
  ...
# Subtest: group: import_items requires every cumulative prerequisite without implicit grants
ok 605 - group: import_items requires every cumulative prerequisite without implicit grants
  ---
  duration_ms: 0.35125
  type: 'test'
  ...
# Subtest: group: revoking a prerequisite also requires revoking granted import_items
ok 606 - group: revoking a prerequisite also requires revoking granted import_items
  ---
  duration_ms: 0.338084
  type: 'test'
  ...
# Subtest: group: export_items requires every cumulative prerequisite without implicit grants
ok 607 - group: export_items requires every cumulative prerequisite without implicit grants
  ---
  duration_ms: 0.427209
  type: 'test'
  ...
# Subtest: group: revoking a prerequisite also requires revoking granted export_items
ok 608 - group: revoking a prerequisite also requires revoking granted export_items
  ---
  duration_ms: 0.492084
  type: 'test'
  ...
# Subtest: group: copy_and_share_items requires every cumulative prerequisite without implicit grants
ok 609 - group: copy_and_share_items requires every cumulative prerequisite without implicit grants
  ---
  duration_ms: 0.440167
  type: 'test'
  ...
# Subtest: group: revoking a prerequisite also requires revoking granted copy_and_share_items
ok 610 - group: revoking a prerequisite also requires revoking granted copy_and_share_items
  ---
  duration_ms: 0.543917
  type: 'test'
  ...
# Subtest: group: print_items requires every cumulative prerequisite without implicit grants
ok 611 - group: print_items requires every cumulative prerequisite without implicit grants
  ---
  duration_ms: 14.668417
  type: 'test'
  ...
# Subtest: group: revoking a prerequisite also requires revoking granted print_items
ok 612 - group: revoking a prerequisite also requires revoking granted print_items
  ---
  duration_ms: 0.501459
  type: 'test'
  ...
# Subtest: existing prerequisites satisfy an incremental grant and revoking a leaf preserves its parents
ok 613 - existing prerequisites satisfy an incremental grant and revoking a leaf preserves its parents
  ---
  duration_ms: 0.25225
  type: 'test'
  ...
# Subtest: umbrella permissions expand only their documented scope and still require prerequisites
ok 614 - umbrella permissions expand only their documented scope and still require prerequisites
  ---
  duration_ms: 0.529667
  type: 'test'
  ...
# Subtest: manage_vault and allow_managing require no viewing or editing rights
ok 615 - manage_vault and allow_managing require no viewing or editing rights
  ---
  duration_ms: 0.188917
  type: 'test'
  ...
# Subtest: granular revokes from seeded umbrellas preserve other scope without stale umbrella grants
ok 616 - granular revokes from seeded umbrellas preserve other scope without stale umbrella grants
  ---
  duration_ms: 0.280334
  type: 'test'
  ...
# Subtest: move_items is derived only while all six documented prerequisites remain
ok 617 - move_items is derived only while all six documented prerequisites remain
  ---
  duration_ms: 0.460292
  type: 'test'
  ...
# Subtest: vault permission filters understand umbrella grants and requirements
ok 618 - vault permission filters understand umbrella grants and requirements
  ---
  duration_ms: 0.464958
  type: 'test'
  ...
# Subtest: no-input never authorizes missing dependencies and plain object seeds do not invent account plans
ok 619 - no-input never authorizes missing dependencies and plain object seeds do not invent account plans
  ---
  duration_ms: 2.529
  type: 'test'
  ...
# Subtest: unknown permissions and missing grant permissions cannot change stored access
ok 620 - unknown permissions and missing grant permissions cannot change stored access
  ---
  duration_ms: 0.494542
  type: 'test'
  ...
# Subtest: scoped grants preserve foreign account rows and IDs
ok 621 - scoped grants preserve foreign account rows and IDs
  ---
  duration_ms: 0.234709
  type: 'test'
  ...
# Subtest: vault user grant rejects invalid permission values before authorization and acquisition
ok 622 - vault user grant rejects invalid permission values before authorization and acquisition
  ---
  duration_ms: 22.229875
  type: 'test'
  ...
# Subtest: vault user grant accepts documented permissions and native lexical variants without account discovery
ok 623 - vault user grant accepts documented permissions and native lexical variants without account discovery
  ---
  duration_ms: 9.98675
  type: 'test'
  ...
# Subtest: vault user revoke rejects invalid permission values before authorization and acquisition
ok 624 - vault user revoke rejects invalid permission values before authorization and acquisition
  ---
  duration_ms: 27.850333
  type: 'test'
  ...
# Subtest: vault user revoke accepts documented permissions and native lexical variants without account discovery
ok 625 - vault user revoke accepts documented permissions and native lexical variants without account discovery
  ---
  duration_ms: 21.661541
  type: 'test'
  ...
# Subtest: vault group grant rejects invalid permission values before authorization and acquisition
ok 626 - vault group grant rejects invalid permission values before authorization and acquisition
  ---
  duration_ms: 3.416833
  type: 'test'
  ...
# Subtest: vault group grant accepts documented permissions and native lexical variants without account discovery
ok 627 - vault group grant accepts documented permissions and native lexical variants without account discovery
  ---
  duration_ms: 2.688667
  type: 'test'
  ...
# Subtest: vault group revoke rejects invalid permission values before authorization and acquisition
ok 628 - vault group revoke rejects invalid permission values before authorization and acquisition
  ---
  duration_ms: 22.44875
  type: 'test'
  ...
# Subtest: vault group revoke accepts documented permissions and native lexical variants without account discovery
ok 629 - vault group revoke accepts documented permissions and native lexical variants without account discovery
  ---
  duration_ms: 3.022333
  type: 'test'
  ...
# Subtest: vault list rejects invalid permission values before authorization and acquisition
ok 630 - vault list rejects invalid permission values before authorization and acquisition
  ---
  duration_ms: 19.152459
  type: 'test'
  ...
# Subtest: vault list accepts documented permissions and native lexical variants without account discovery
ok 631 - vault list accepts documented permissions and native lexical variants without account discovery
  ---
  duration_ms: 2.309458
  type: 'test'
  ...
# Subtest: permission-value validation does not turn completion-required metadata into execution requirements
ok 632 - permission-value validation does not turn completion-required metadata into execution requirements
  ---
  duration_ms: 0.274875
  type: 'test'
  ...
# Subtest: unrelated CSV flags retain quoted-string parsing
ok 633 - unrelated CSV flags retain quoted-string parsing
  ---
  duration_ms: 0.235666
  type: 'test'
  ...
# Subtest: native executable metadata wins configured label collisions without moving registry rows
ok 634 - native executable metadata wins configured label collisions without moving registry rows
  ---
  duration_ms: 0.93925
  type: 'test'
  ...
# Subtest: managed local availability preserves account isolation and resolves a native executable to its configured ID
ok 635 - managed local availability preserves account isolation and resolves a native executable to its configured ID
  ---
  duration_ms: 3.882167
  type: 'test'
  ...
# Subtest: native human required-field labels remain separate from JSON availability and credential schemas
ok 636 - native human required-field labels remain separate from JSON availability and credential schemas
  ---
  duration_ms: 1.9635
  type: 'test'
  ...
# Subtest: empty object backends list the pinned available plugins without fabricating configurations
ok 637 - empty object backends list the pinned available plugins without fabricating configurations
  ---
  duration_ms: 0.873667
  type: 'test'
  ...
# Subtest: available catalog entries merge scoped custom identities but never credentials or defaults
ok 638 - available catalog entries merge scoped custom identities but never credentials or defaults
  ---
  duration_ms: 1.67925
  type: 'test'
  ...
# Subtest: metadata-only selection offers available executables but does not invent unconfigured inspect results
ok 639 - metadata-only selection offers available executables but does not invent unconfigured inspect results
  ---
  duration_ms: 1.048208
  type: 'test'
  ...
# Subtest: plugin list human output matches every row and column of the pinned native no-auth capture
ok 640 - plugin list human output matches every row and column of the pinned native no-auth capture
  ---
  duration_ms: 0.688333
  type: 'test'
  ...
# Subtest: plugin list JSON retains its exact availability projection without display-only fields
ok 641 - plugin list JSON retains its exact availability projection without display-only fields
  ---
  duration_ms: 0.784083
  type: 'test'
  ...
# Subtest: custom plugin display does not infer required fields from a matching registry executable
ok 642 - custom plugin display does not infer required fields from a matching registry executable
  ---
  duration_ms: 0.062208
  type: 'test'
  ...
# Subtest: configured plugin display uses its supplied identity without guessing credential fields
ok 643 - configured plugin display uses its supplied identity without guessing credential fields
  ---
  duration_ms: 0.063584
  type: 'test'
  ...
# Subtest: clear removes terminal then cwd then ancestors through HOME then global
ok 644 - clear removes terminal then cwd then ancestors through HOME then global
  ---
  duration_ms: 13.269667
  type: 'test'
  ...
# Subtest: --all preserves unrelated scopes, other plugins and catalog metadata
ok 645 - --all preserves unrelated scopes, other plugins and catalog metadata
  ---
  duration_ms: 0.549875
  type: 'test'
  ...
# Subtest: missing terminal identity never matches terminal defaults
ok 646 - missing terminal identity never matches terminal defaults
  ---
  duration_ms: 0.351417
  type: 'test'
  ...
# Subtest: normalized portable scope ancestry: C:/Users/User/app
ok 647 - normalized portable scope ancestry: C:/Users/User/app
  ---
  duration_ms: 0.613708
  type: 'test'
  ...
# Subtest: normalized portable scope ancestry: //server/share/user/app
ok 648 - normalized portable scope ancestry: //server/share/user/app
  ---
  duration_ms: 0.246625
  type: 'test'
  ...
# Subtest: normalized portable scope ancestry: /work/app
ok 649 - normalized portable scope ancestry: /work/app
  ---
  duration_ms: 0.136541
  type: 'test'
  ...
# Subtest: rejects noncanonical scope path "relative" atomically
ok 650 - rejects noncanonical scope path "relative" atomically
  ---
  duration_ms: 1.027667
  type: 'test'
  ...
# Subtest: rejects noncanonical scope path "C:relative" atomically
ok 651 - rejects noncanonical scope path "C:relative" atomically
  ---
  duration_ms: 0.435625
  type: 'test'
  ...
# Subtest: rejects noncanonical scope path "C:\\\\Users\\\\User" atomically
ok 652 - rejects noncanonical scope path "C:\\\\Users\\\\User" atomically
  ---
  duration_ms: 2.167375
  type: 'test'
  ...
# Subtest: rejects noncanonical scope path "/home/../user" atomically
ok 653 - rejects noncanonical scope path "/home/../user" atomically
  ---
  duration_ms: 0.5425
  type: 'test'
  ...
# Subtest: rejects noncanonical scope path "/home//user" atomically
ok 654 - rejects noncanonical scope path "/home//user" atomically
  ---
  duration_ms: 0.245
  type: 'test'
  ...
# Subtest: rejects noncanonical scope path "/home/user/" atomically
ok 655 - rejects noncanonical scope path "/home/user/" atomically
  ---
  duration_ms: 0.184917
  type: 'test'
  ...
# Subtest: rejects noncanonical scope path "//server" atomically
ok 656 - rejects noncanonical scope path "//server" atomically
  ---
  duration_ms: 0.167875
  type: 'test'
  ...
# Subtest: rejects noncanonical scope path "/home/./user" atomically
ok 657 - rejects noncanonical scope path "/home/./user" atomically
  ---
  duration_ms: 0.17075
  type: 'test'
  ...
# Subtest: rejects noncanonical scope path "/home/\\u0000user" atomically
ok 658 - rejects noncanonical scope path "/home/\\u0000user" atomically
  ---
  duration_ms: 0.266625
  type: 'test'
  ...
# Subtest: legacy configuration remains readable but clear requires explicit migration
ok 659 - legacy configuration remains readable but clear requires explicit migration
  ---
  duration_ms: 0.870875
  type: 'test'
  ...
# Subtest: clear requires trusted scope even when forced; inspect omission requires selector capability
ok 660 - clear requires trusted scope even when forced; inspect omission requires selector capability
  ---
  duration_ms: 0.606791
  type: 'test'
  ...
# Subtest: confirmation is required unless forced and denial is atomic
ok 661 - confirmation is required unless forced and denial is atomic
  ---
  duration_ms: 2.261
  type: 'test'
  ...
# Subtest: confirmation contains only selected immutable metadata and callback errors stay private
ok 662 - confirmation contains only selected immutable metadata and callback errors stay private
  ---
  duration_ms: 5.430084
  type: 'test'
  ...
# Subtest: pending confirmation binds scope, preserves concurrent unrelated writes and aborts promptly
ok 663 - pending confirmation binds scope, preserves concurrent unrelated writes and aborts promptly
  ---
  duration_ms: 5.467208
  type: 'test'
  ...
# Subtest: duplicate defaults and concurrent selected-plugin mutations fail atomically
ok 664 - duplicate defaults and concurrent selected-plugin mutations fail atomically
  ---
  duration_ms: 3.462333
  type: 'test'
  ...
# Subtest: --force never bypasses central authorization
ok 665 - --force never bypasses central authorization
  ---
  duration_ms: 6.626542
  type: 'test'
  ...
# Subtest: account-scoped clear preserves other-account plugin defaults
ok 666 - account-scoped clear preserves other-account plugin defaults
  ---
  duration_ms: 1.424333
  type: 'test'
  ...
# Subtest: plugin init hooks receive detached frozen scope without confirmation capability
ok 667 - plugin init hooks receive detached frozen scope without confirmation capability
  ---
  duration_ms: 0.435792
  type: 'test'
  ...
# Subtest: plugin run hooks receive detached frozen scope without confirmation capability
ok 668 - plugin run hooks receive detached frozen scope without confirmation capability
  ---
  duration_ms: 0.184667
  type: 'test'
  ...
# Subtest: plugin clear hooks receive detached frozen scope without confirmation capability
ok 669 - plugin clear hooks receive detached frozen scope without confirmation capability
  ---
  duration_ms: 0.138792
  type: 'test'
  ...
# Subtest: malformed persisted defaults fail atomically
ok 670 - malformed persisted defaults fail atomically
  ---
  duration_ms: 0.2615
  type: 'test'
  ...
# Subtest: malformed persisted defaults fail atomically
ok 671 - malformed persisted defaults fail atomically
  ---
  duration_ms: 0.340209
  type: 'test'
  ...
# Subtest: malformed persisted defaults fail atomically
ok 672 - malformed persisted defaults fail atomically
  ---
  duration_ms: 0.304208
  type: 'test'
  ...
# Subtest: malformed persisted defaults fail atomically
ok 673 - malformed persisted defaults fail atomically
  ---
  duration_ms: 0.567167
  type: 'test'
  ...
# Subtest: malformed persisted defaults fail atomically
ok 674 - malformed persisted defaults fail atomically
  ---
  duration_ms: 0.21725
  type: 'test'
  ...
# Subtest: omitted plugin inspection offers only frozen scoped identities and uses the exact selected ID
ok 675 - omitted plugin inspection offers only frozen scoped identities and uses the exact selected ID
  ---
  duration_ms: 4.903875
  type: 'test'
  ...
# Subtest: plugin binding preparation neither clones configuration nor reads it and execution does not prompt again
ok 676 - plugin binding preparation neither clones configuration nor reads it and execution does not prompt again
  ---
  duration_ms: 4.636416
  type: 'test'
  ...
# Subtest: explicit plugin operands bypass selection in direct and bound inspection
ok 677 - explicit plugin operands bypass selection in direct and bound inspection
  ---
  duration_ms: 2.521958
  type: 'test'
  ...
# Subtest: plugin selection never defaults and rejects cancelled, foreign, name-only or nonexact IDs
ok 678 - plugin selection never defaults and rejects cancelled, foreign, name-only or nonexact IDs
  ---
  duration_ms: 6.693291
  type: 'test'
  ...
# Subtest: pending plugin choice rejects cancellation without waiting for the host
ok 679 - pending plugin choice rejects cancellation without waiting for the host
  ---
  duration_ms: 0.560958
  type: 'test'
  ...
# Subtest: changes during plugin choice or after preparation invalidate the captured generation
ok 680 - changes during plugin choice or after preparation invalidate the captured generation
  ---
  duration_ms: 1.410334
  type: 'test'
  ...
# Subtest: plugin selection sanitizes host errors and never enables other plugin commands or bound hooks
ok 681 - plugin selection sanitizes host errors and never enables other plugin commands or bound hooks
  ---
  duration_ms: 0.615791
  type: 'test'
  ...
# Subtest: renaming or replacing a selected plugin cannot retarget a prepared inspection
ok 682 - renaming or replacing a selected plugin cannot retarget a prepared inspection
  ---
  duration_ms: 1.502625
  type: 'test'
  ...
# Subtest: plugin choice does not refresh managed activity and rejects revocation or expiry while pending
ok 683 - plugin choice does not refresh managed activity and rejects revocation or expiry while pending
  ---
  duration_ms: 4.353584
  type: 'test'
  ...
# Subtest: an unconfigured backend still requires an explicit host selection capability
ok 684 - an unconfigured backend still requires an explicit host selection capability
  ---
  duration_ms: 0.383458
  type: 'test'
  ...
# Subtest: public resolved inspection chooses only after resolution permission and reads only after approval
ok 685 - public resolved inspection chooses only after resolution permission and reads only after approval
  ---
  duration_ms: 6.434125
  type: 'test'
  ...
# Subtest: public read writes exact attachment content bytes without text encoding or a file newline
ok 686 - public read writes exact attachment content bytes without text encoding or a file newline
  ---
  duration_ms: 91.017541
  type: 'test'
  ...
# Subtest: public read writes empty binary attachments as empty files
ok 687 - public read writes empty binary attachments as empty files
  ---
  duration_ms: 0.608916
  type: 'test'
  ...
# Subtest: public read sends binary stdout unchanged when no-newline is explicit
ok 688 - public read sends binary stdout unchanged when no-newline is explicit
  ---
  duration_ms: 0.450167
  type: 'test'
  ...
# Subtest: public read renders numeric attachment size as decimal text with text newline options
ok 689 - public read renders numeric attachment size as decimal text with text newline options
  ---
  duration_ms: 3.303875
  type: 'test'
  ...
# Subtest: public read writes numeric size without a file newline and still encodes text values
ok 690 - public read writes numeric size without a file newline and still encodes text values
  ---
  duration_ms: 4.239792
  type: 'test'
  ...
# Subtest: public read rejects arbitrary objects and invalid numeric metadata without coercion or disclosure
ok 691 - public read rejects arbitrary objects and invalid numeric metadata without coercion or disclosure
  ---
  duration_ms: 90.5235
  type: 'test'
  ...
# Subtest: inject and run explicitly reject binary and numeric backend values as non-text
ok 692 - inject and run explicitly reject binary and numeric backend values as non-text
  ---
  duration_ms: 1.949375
  type: 'test'
  ...
# Subtest: denied binary read blocks execution and files before or after permitted metadata resolution
ok 693 - denied binary read blocks execution and files before or after permitted metadata resolution
  ---
  duration_ms: 19.641667
  type: 'test'
  ...
# Subtest: binary read observes cancellation after resolution before writing
ok 694 - binary read observes cancellation after resolution before writing
  ---
  duration_ms: 1.434334
  type: 'test'
  ...
# Subtest: binary read awaits host output and propagates its failure without stdout fallback
ok 695 - binary read awaits host output and propagates its failure without stdout fallback
  ---
  duration_ms: 6.400458
  type: 'test'
  ...
# Subtest: derives current raw-ID references including section and valueless fields, replacing stale references
ok 696 - derives current raw-ID references including section and valueless fields, replacing stale references
  ---
  duration_ms: 1.585
  type: 'test'
  ...
# Subtest: derived output is deeply detached and accepts frozen input without altering metadata or bytes
ok 697 - derived output is deeply detached and accepts frozen input without altering metadata or bytes
  ---
  duration_ms: 0.257042
  type: 'test'
  ...
# Subtest: items without fields remain detached and do not acquire fabricated fields
ok 698 - items without fields remain detached and do not acquire fabricated fields
  ---
  duration_ms: 0.08675
  type: 'test'
  ...
# Subtest: supported ID segments round trip literally without URL normalization or encoding
ok 699 - supported ID segments round trip literally without URL normalization or encoding
  ---
  duration_ms: 0.152792
  type: 'test'
  ...
# Subtest: rejects invalid vault ID undefined without fabrication or plaintext error leaks
ok 700 - rejects invalid vault ID undefined without fabrication or plaintext error leaks
  ---
  duration_ms: 0.944
  type: 'test'
  ...
# Subtest: rejects invalid vault ID null without fabrication or plaintext error leaks
ok 701 - rejects invalid vault ID null without fabrication or plaintext error leaks
  ---
  duration_ms: 0.431583
  type: 'test'
  ...
# Subtest: rejects invalid vault ID 42 without fabrication or plaintext error leaks
ok 702 - rejects invalid vault ID 42 without fabrication or plaintext error leaks
  ---
  duration_ms: 0.21575
  type: 'test'
  ...
# Subtest: rejects invalid vault ID "" without fabrication or plaintext error leaks
ok 703 - rejects invalid vault ID "" without fabrication or plaintext error leaks
  ---
  duration_ms: 0.080125
  type: 'test'
  ...
# Subtest: rejects invalid vault ID "synthetic/private" without fabrication or plaintext error leaks
ok 704 - rejects invalid vault ID "synthetic/private" without fabrication or plaintext error leaks
  ---
  duration_ms: 0.222708
  type: 'test'
  ...
# Subtest: rejects invalid vault ID "synthetic%2Fprivate" without fabrication or plaintext error leaks
ok 705 - rejects invalid vault ID "synthetic%2Fprivate" without fabrication or plaintext error leaks
  ---
  duration_ms: 0.301625
  type: 'test'
  ...
# Subtest: rejects invalid vault ID "synthetic?attr=value" without fabrication or plaintext error leaks
ok 706 - rejects invalid vault ID "synthetic?attr=value" without fabrication or plaintext error leaks
  ---
  duration_ms: 1.960042
  type: 'test'
  ...
# Subtest: rejects invalid vault ID "synthetic\#private" without fabrication or plaintext error leaks
ok 707 - rejects invalid vault ID "synthetic\#private" without fabrication or plaintext error leaks
  ---
  duration_ms: 0.409125
  type: 'test'
  ...
# Subtest: rejects invalid vault ID "syntheticü" without fabrication or plaintext error leaks
ok 708 - rejects invalid vault ID "syntheticü" without fabrication or plaintext error leaks
  ---
  duration_ms: 0.166041
  type: 'test'
  ...
# Subtest: rejects invalid vault ID "synthetic\\u0000private" without fabrication or plaintext error leaks
ok 709 - rejects invalid vault ID "synthetic\\u0000private" without fabrication or plaintext error leaks
  ---
  duration_ms: 0.069833
  type: 'test'
  ...
# Subtest: rejects invalid item ID undefined without fabrication or plaintext error leaks
ok 710 - rejects invalid item ID undefined without fabrication or plaintext error leaks
  ---
  duration_ms: 0.056125
  type: 'test'
  ...
# Subtest: rejects invalid item ID null without fabrication or plaintext error leaks
ok 711 - rejects invalid item ID null without fabrication or plaintext error leaks
  ---
  duration_ms: 0.1575
  type: 'test'
  ...
# Subtest: rejects invalid item ID 42 without fabrication or plaintext error leaks
ok 712 - rejects invalid item ID 42 without fabrication or plaintext error leaks
  ---
  duration_ms: 3.867875
  type: 'test'
  ...
# Subtest: rejects invalid item ID "" without fabrication or plaintext error leaks
ok 713 - rejects invalid item ID "" without fabrication or plaintext error leaks
  ---
  duration_ms: 0.115375
  type: 'test'
  ...
# Subtest: rejects invalid item ID "synthetic/private" without fabrication or plaintext error leaks
ok 714 - rejects invalid item ID "synthetic/private" without fabrication or plaintext error leaks
  ---
  duration_ms: 0.066833
  type: 'test'
  ...
# Subtest: rejects invalid item ID "synthetic%2Fprivate" without fabrication or plaintext error leaks
ok 715 - rejects invalid item ID "synthetic%2Fprivate" without fabrication or plaintext error leaks
  ---
  duration_ms: 0.049916
  type: 'test'
  ...
# Subtest: rejects invalid item ID "synthetic?attr=value" without fabrication or plaintext error leaks
ok 716 - rejects invalid item ID "synthetic?attr=value" without fabrication or plaintext error leaks
  ---
  duration_ms: 0.049542
  type: 'test'
  ...
# Subtest: rejects invalid item ID "synthetic\#private" without fabrication or plaintext error leaks
ok 717 - rejects invalid item ID "synthetic\#private" without fabrication or plaintext error leaks
  ---
  duration_ms: 9.33575
  type: 'test'
  ...
# Subtest: rejects invalid item ID "syntheticü" without fabrication or plaintext error leaks
ok 718 - rejects invalid item ID "syntheticü" without fabrication or plaintext error leaks
  ---
  duration_ms: 0.150959
  type: 'test'
  ...
# Subtest: rejects invalid item ID "synthetic\\u0000private" without fabrication or plaintext error leaks
ok 719 - rejects invalid item ID "synthetic\\u0000private" without fabrication or plaintext error leaks
  ---
  duration_ms: 0.066375
  type: 'test'
  ...
# Subtest: rejects invalid section ID undefined without fabrication or plaintext error leaks
ok 720 - rejects invalid section ID undefined without fabrication or plaintext error leaks
  ---
  duration_ms: 0.062917
  type: 'test'
  ...
# Subtest: rejects invalid section ID null without fabrication or plaintext error leaks
ok 721 - rejects invalid section ID null without fabrication or plaintext error leaks
  ---
  duration_ms: 0.070334
  type: 'test'
  ...
# Subtest: rejects invalid section ID 42 without fabrication or plaintext error leaks
ok 722 - rejects invalid section ID 42 without fabrication or plaintext error leaks
  ---
  duration_ms: 0.066709
  type: 'test'
  ...
# Subtest: rejects invalid section ID "" without fabrication or plaintext error leaks
ok 723 - rejects invalid section ID "" without fabrication or plaintext error leaks
  ---
  duration_ms: 0.043917
  type: 'test'
  ...
# Subtest: rejects invalid section ID "synthetic/private" without fabrication or plaintext error leaks
ok 724 - rejects invalid section ID "synthetic/private" without fabrication or plaintext error leaks
  ---
  duration_ms: 0.044833
  type: 'test'
  ...
# Subtest: rejects invalid section ID "synthetic%2Fprivate" without fabrication or plaintext error leaks
ok 725 - rejects invalid section ID "synthetic%2Fprivate" without fabrication or plaintext error leaks
  ---
  duration_ms: 0.044459
  type: 'test'
  ...
# Subtest: rejects invalid section ID "synthetic?attr=value" without fabrication or plaintext error leaks
ok 726 - rejects invalid section ID "synthetic?attr=value" without fabrication or plaintext error leaks
  ---
  duration_ms: 0.062042
  type: 'test'
  ...
# Subtest: rejects invalid section ID "synthetic\#private" without fabrication or plaintext error leaks
ok 727 - rejects invalid section ID "synthetic\#private" without fabrication or plaintext error leaks
  ---
  duration_ms: 0.045375
  type: 'test'
  ...
# Subtest: rejects invalid section ID "syntheticü" without fabrication or plaintext error leaks
ok 728 - rejects invalid section ID "syntheticü" without fabrication or plaintext error leaks
  ---
  duration_ms: 0.043042
  type: 'test'
  ...
# Subtest: rejects invalid section ID "synthetic\\u0000private" without fabrication or plaintext error leaks
ok 729 - rejects invalid section ID "synthetic\\u0000private" without fabrication or plaintext error leaks
  ---
  duration_ms: 0.044708
  type: 'test'
  ...
# Subtest: rejects invalid field ID undefined without fabrication or plaintext error leaks
ok 730 - rejects invalid field ID undefined without fabrication or plaintext error leaks
  ---
  duration_ms: 0.043542
  type: 'test'
  ...
# Subtest: rejects invalid field ID null without fabrication or plaintext error leaks
ok 731 - rejects invalid field ID null without fabrication or plaintext error leaks
  ---
  duration_ms: 0.0405
  type: 'test'
  ...
# Subtest: rejects invalid field ID 42 without fabrication or plaintext error leaks
ok 732 - rejects invalid field ID 42 without fabrication or plaintext error leaks
  ---
  duration_ms: 0.039125
  type: 'test'
  ...
# Subtest: rejects invalid field ID "" without fabrication or plaintext error leaks
ok 733 - rejects invalid field ID "" without fabrication or plaintext error leaks
  ---
  duration_ms: 0.038292
  type: 'test'
  ...
# Subtest: rejects invalid field ID "synthetic/private" without fabrication or plaintext error leaks
ok 734 - rejects invalid field ID "synthetic/private" without fabrication or plaintext error leaks
  ---
  duration_ms: 0.049209
  type: 'test'
  ...
# Subtest: rejects invalid field ID "synthetic%2Fprivate" without fabrication or plaintext error leaks
ok 735 - rejects invalid field ID "synthetic%2Fprivate" without fabrication or plaintext error leaks
  ---
  duration_ms: 0.041
  type: 'test'
  ...
# Subtest: rejects invalid field ID "synthetic?attr=value" without fabrication or plaintext error leaks
ok 736 - rejects invalid field ID "synthetic?attr=value" without fabrication or plaintext error leaks
  ---
  duration_ms: 0.045125
  type: 'test'
  ...
# Subtest: rejects invalid field ID "synthetic\#private" without fabrication or plaintext error leaks
ok 737 - rejects invalid field ID "synthetic\#private" without fabrication or plaintext error leaks
  ---
  duration_ms: 0.041334
  type: 'test'
  ...
# Subtest: rejects invalid field ID "syntheticü" without fabrication or plaintext error leaks
ok 738 - rejects invalid field ID "syntheticü" without fabrication or plaintext error leaks
  ---
  duration_ms: 0.040042
  type: 'test'
  ...
# Subtest: rejects invalid field ID "synthetic\\u0000private" without fabrication or plaintext error leaks
ok 739 - rejects invalid field ID "synthetic\\u0000private" without fabrication or plaintext error leaks
  ---
  duration_ms: 0.570167
  type: 'test'
  ...
# Subtest: parses official names, IDs, sections and metadata queries without URL normalization
ok 740 - parses official names, IDs, sections and metadata queries without URL normalization
  ---
  duration_ms: 1.812041
  type: 'test'
  ...
# Subtest: rejects malformed references and unsupported name characters
ok 741 - rejects malformed references and unsupported name characters
  ---
  duration_ms: 0.249375
  type: 'test'
  ...
# Subtest: resolver delegates exact reference and cancellation to a pluggable backend
ok 742 - resolver delegates exact reference and cancellation to a pluggable backend
  ---
  duration_ms: 3.650459
  type: 'test'
  ...
# Subtest: object reference reads are case insensitive, section aware and preserve file bytes
ok 743 - object reference reads are case insensitive, section aware and preserve file bytes
  ---
  duration_ms: 5.387459
  type: 'test'
  ...
# Subtest: independent resolved rejected-prepare errors do not disclose adapter secrets before approval
ok 744 - independent resolved rejected-prepare errors do not disclose adapter secrets before approval
  ---
  duration_ms: 3.072959
  type: 'test'
  ...
# Subtest: independent resolved synchronous-prepare errors do not disclose adapter secrets before approval
ok 745 - independent resolved synchronous-prepare errors do not disclose adapter secrets before approval
  ---
  duration_ms: 0.842667
  type: 'test'
  ...
# Subtest: independent resolved malformed-metadata errors do not disclose adapter secrets before approval
ok 746 - independent resolved malformed-metadata errors do not disclose adapter secrets before approval
  ---
  duration_ms: 1.43625
  type: 'test'
  ...
# Subtest: independent synchronous binding handoff validates exact context before later invalidation
ok 747 - independent synchronous binding handoff validates exact context before later invalidation
  ---
  duration_ms: 2.721959
  type: 'test'
  ...
# Subtest: independent synchronous binding handoff validates omitted-authentication context before later invalidation
ok 748 - independent synchronous binding handoff validates omitted-authentication context before later invalidation
  ---
  duration_ms: 0.796958
  type: 'test'
  ...
# Subtest: independent resolved read: preparation has no execution effects; approved execution uses captured sources
ok 749 - independent resolved read: preparation has no execution effects; approved execution uses captured sources
  ---
  duration_ms: 8.640959
  type: 'test'
  ...
# Subtest: independent resolved inject: preparation has no execution effects; approved execution uses captured sources
ok 750 - independent resolved inject: preparation has no execution effects; approved execution uses captured sources
  ---
  duration_ms: 2.221917
  type: 'test'
  ...
# Subtest: independent resolved run: preparation has no execution effects; approved execution uses captured sources
ok 751 - independent resolved run: preparation has no execution effects; approved execution uses captured sources
  ---
  duration_ms: 2.615958
  type: 'test'
  ...
# Subtest: independent resolved item: preparation has no execution effects; approved execution uses captured sources
ok 752 - independent resolved item: preparation has no execution effects; approved execution uses captured sources
  ---
  duration_ms: 2.861833
  type: 'test'
  ...
# Subtest: independent resolved document: preparation has no execution effects; approved execution uses captured sources
ok 753 - independent resolved document: preparation has no execution effects; approved execution uses captured sources
  ---
  duration_ms: 1.402584
  type: 'test'
  ...
# Subtest: independent resolved snapshot-create: preparation has no execution effects; approved execution uses captured sources
ok 754 - independent resolved snapshot-create: preparation has no execution effects; approved execution uses captured sources
  ---
  duration_ms: 1.38475
  type: 'test'
  ...
# Subtest: independent resolved snapshot-restore: preparation has no execution effects; approved execution uses captured sources
ok 755 - independent resolved snapshot-restore: preparation has no execution effects; approved execution uses captured sources
  ---
  duration_ms: 1.234959
  type: 'test'
  ...
# Subtest: independent resolved initial denial never fetches secrets or writes output
ok 756 - independent resolved initial denial never fetches secrets or writes output
  ---
  duration_ms: 0.981542
  type: 'test'
  ...
# Subtest: independent resolved resolution denial never fetches secrets or writes output
ok 757 - independent resolved resolution denial never fetches secrets or writes output
  ---
  duration_ms: 0.753834
  type: 'test'
  ...
# Subtest: independent resolved final denial never fetches secrets or writes output
ok 758 - independent resolved final denial never fetches secrets or writes output
  ---
  duration_ms: 1.003875
  type: 'test'
  ...
# Subtest: independent resolved execution rejects a changed field after approval metadata preparation
ok 759 - independent resolved execution rejects a changed field after approval metadata preparation
  ---
  duration_ms: 2.407042
  type: 'test'
  ...
# Subtest: independent execute-only backends fail resolved ask before input or fallback execution
ok 760 - independent execute-only backends fail resolved ask before input or fallback execution
  ---
  duration_ms: 0.467792
  type: 'test'
  ...
# Subtest: independent nested inject reads never release mixed-version output
ok 761 - independent nested inject reads never release mixed-version output
  ---
  duration_ms: 13.095959
  type: 'test'
  ...
# Subtest: independent managed session revocation during approval blocks secret execution
ok 762 - independent managed session revocation during approval blocks secret execution
  ---
  duration_ms: 1.768416
  type: 'test'
  ...
# Subtest: independent initial denial precedes implicit and explicit stdin acquisition
ok 763 - independent initial denial precedes implicit and explicit stdin acquisition
  ---
  duration_ms: 0.693916
  type: 'test'
  ...
# Subtest: invalid roles fail before authorization, input and backend on every occurrence
ok 764 - invalid roles fail before authorization, input and backend on every occurrence
  ---
  duration_ms: 3.493209
  type: 'test'
  ...
# Subtest: role completion rejects invalid consumed values without suggesting flags
ok 765 - role completion rejects invalid consumed values without suggesting flags
  ---
  duration_ms: 1.437291
  type: 'test'
  ...
# Subtest: roles accept native case variants and remain optional
ok 766 - roles accept native case variants and remain optional
  ---
  duration_ms: 3.384916
  type: 'test'
  ...
# Subtest: secret handlers
    # Subtest: owns Buffer bytes before a queued masking write starts
    ok 1 - owns Buffer bytes before a queued masking write starts
      ---
      duration_ms: 1.149041
      type: 'test'
      ...
    # Subtest: exposes the shared masking sink for captured environment values
    ok 2 - exposes the shared masking sink for captured environment values
      ---
      duration_ms: 0.345333
      type: 'test'
      ...
    # Subtest: awaits shared masking flush and preserves cancellation
    ok 3 - awaits shared masking flush and preserves cancellation
      ---
      duration_ms: 0.370625
      type: 'test'
      ...
    # Subtest: preserves ordinary shell environment text while expanding variables in secret references
    ok 4 - preserves ordinary shell environment text while expanding variables in secret references
      ---
      duration_ms: 1.293083
      type: 'test'
      ...
    # Subtest: does not expand single-quoted or escaped dotenv references a second time
    ok 5 - does not expand single-quoted or escaped dotenv references a second time
      ---
      duration_ms: 0.74475
      type: 'test'
      ...
    # Subtest: environment sources override unresolved lower-precedence references
    ok 6 - environment sources override unresolved lower-precedence references
      ---
      duration_ms: 0.325458
      type: 'test'
      ...
    # Subtest: cancels a blocked stdin iterator without waiting for input
    ok 7 - cancels a blocked stdin iterator without waiting for input
      ---
      duration_ms: 0.388083
      type: 'test'
      ...
    # Subtest: masks longest overlapping secrets and flushes partial non-secret tails
    ok 8 - masks longest overlapping secrets and flushes partial non-secret tails
      ---
      duration_ms: 0.527458
      type: 'test'
      ...
    # Subtest: rejects malformed dotenv input before invoking a child
    ok 9 - rejects malformed dotenv input before invoking a child
      ---
      duration_ms: 0.3945
      type: 'test'
      ...
    # Subtest: reads text with a newline and forwards global flags and cancellation
    ok 10 - reads text with a newline and forwards global flags and cancellation
      ---
      duration_ms: 0.56175
      type: 'test'
      ...
    # Subtest: supports no-newline and preserves reference query parameters
    ok 11 - supports no-newline and preserves reference query parameters
      ---
      duration_ms: 0.205125
      type: 'test'
      ...
    # Subtest: writes raw file content and awaits the writer
    ok 12 - writes raw file content and awaits the writer
      ---
      duration_ms: 0.23175
      type: 'test'
      ...
    # Subtest: refuses to overwrite an existing file without force
    ok 13 - refuses to overwrite an existing file without force
      ---
      duration_ms: 0.217708
      type: 'test'
      ...
    # Subtest: passes default and explicit octal modes and force to the host for read and inject
    ok 14 - passes default and explicit octal modes and force to the host for read and inject
      ---
      duration_ms: 3.470792
      type: 'test'
      ...
    # Subtest: rejects malformed file modes before resolving or writing secrets
    ok 15 - rejects malformed file modes before resolving or writing secrets
      ---
      duration_ms: 0.504666
      type: 'test'
      ...
    # Subtest: ignores file modes without an output file
    ok 16 - ignores file modes without an output file
      ---
      duration_ms: 0.117042
      type: 'test'
      ...
    # Subtest: does not emit partial secrets when a later template reference fails
    ok 17 - does not emit partial secrets when a later template reference fails
      ---
      duration_ms: 0.314708
      type: 'test'
      ...
    # Subtest: propagates file write failures without falling back to stdout
    ok 18 - propagates file write failures without falling back to stdout
      ---
      duration_ms: 0.225125
      type: 'test'
      ...
    # Subtest: validates read arity
    ok 19 - validates read arity
      ---
      duration_ms: 0.12225
      type: 'test'
      ...
    # Subtest: rejects non-text backend values
    ok 20 - rejects non-text backend values
      ---
      duration_ms: 0.194209
      type: 'test'
      ...
    # Subtest: injects enclosed and bare references, defaults and case-insensitive variables
    ok 21 - injects enclosed and bare references, defaults and case-insensitive variables
      ---
      duration_ms: 0.211458
      type: 'test'
      ...
    # Subtest: preserves escaped template literals and ignores embedded URI schemes
    ok 22 - preserves escaped template literals and ignores embedded URI schemes
      ---
      duration_ms: 0.110875
      type: 'test'
      ...
    # Subtest: reads a UTF-8 template file and writes the exact rendered content
    ok 23 - reads a UTF-8 template file and writes the exact rendered content
      ---
      duration_ms: 0.160042
      type: 'test'
      ...
    # Subtest: fails on malformed templates before writing
    ok 24 - fails on malformed templates before writing
      ---
      duration_ms: 0.174333
      type: 'test'
      ...
    # Subtest: parses dotenv quoting, multiline, escapes, comments, interpolation and precedence
    ok 25 - parses dotenv quoting, multiline, escapes, comments, interpolation and precedence
      ---
      duration_ms: 3.514042
      type: 'test'
      ...
    # Subtest: masks UTF-8 secrets across chunks on both streams and preserves exit status
    ok 26 - masks UTF-8 secrets across chunks on both streams and preserves exit status
      ---
      duration_ms: 0.5685
      type: 'test'
      ...
    # Subtest: honors no-masking and passes literal child arguments
    ok 27 - honors no-masking and passes literal child arguments
      ---
      duration_ms: 0.175291
      type: 'test'
      ...
    # Subtest: does not invoke a child when resolution fails
    ok 28 - does not invoke a child when resolution fails
      ---
      duration_ms: 0.146084
      type: 'test'
      ...
    # Subtest: preserves abort reasons before and after backend calls
    ok 29 - preserves abort reasons before and after backend calls
      ---
      duration_ms: 0.135458
      type: 'test'
      ...
    # Subtest: propagates sink failures
    ok 30 - propagates sink failures
      ---
      duration_ms: 0.110666
      type: 'test'
      ...
    # Subtest: requires host capabilities and a child command
    ok 31 - requires host capabilities and a child command
      ---
      duration_ms: 0.110708
      type: 'test'
      ...
    1..31
ok 767 - secret handlers
  ---
  duration_ms: 18.195875
  type: 'suite'
  ...
# Subtest: batch selectors accept plain lines and parsed JSON objects or arrays
ok 768 - batch selectors accept plain lines and parsed JSON objects or arrays
  ---
  duration_ms: 0.707167
  type: 'test'
  ...
# Subtest: batch JSON streams ignore line breaks but respect strings and nested metadata
ok 769 - batch JSON streams ignore line breaks but respect strings and nested metadata
  ---
  duration_ms: 0.225167
  type: 'test'
  ...
# Subtest: invalid batch input fails without returning partial selectors or exposing its contents
ok 770 - invalid batch input fails without returning partial selectors or exposing its contents
  ---
  duration_ms: 0.38675
  type: 'test'
  ...
# Subtest: batch parsing does not invoke selector accessors or mutate its input
ok 771 - batch parsing does not invoke selector accessors or mutate its input
  ---
  duration_ms: 0.118583
  type: 'test'
  ...
# Subtest: roundtrips binary leaves and user objects without interpreting their tags
ok 772 - roundtrips binary leaves and user objects without interpreting their tags
  ---
  duration_ms: 1.100209
  type: 'test'
  ...
# Subtest: plain JSON seeds remain compatible and tag-shaped data stays ordinary
ok 773 - plain JSON seeds remain compatible and tag-shaped data stays ordinary
  ---
  duration_ms: 0.069375
  type: 'test'
  ...
# Subtest: rejects malformed envelopes and byte data instead of silently decoding
ok 774 - rejects malformed envelopes and byte data instead of silently decoding
  ---
  duration_ms: 0.130375
  type: 'test'
  ...
# Subtest: refuses unsupported state and cycles without emitting a corrupt snapshot
ok 775 - refuses unsupported state and cycles without emitting a corrupt snapshot
  ---
  duration_ms: 0.204834
  type: 'test'
  ...
# Subtest: preserves envelope-shaped metadata, undefined, negative zero and null prototypes
ok 776 - preserves envelope-shaped metadata, undefined, negative zero and null prototypes
  ---
  duration_ms: 0.08375
  type: 'test'
  ...
# Subtest: rejects extended and accessor arrays rather than dropping their properties
ok 777 - rejects extended and accessor arrays rather than dropping their properties
  ---
  duration_ms: 0.219875
  type: 'test'
  ...
# Subtest: Ed25519 generation returns SSH fields, verifiable keys, and SHA256 fingerprint
ok 778 - Ed25519 generation returns SSH fields, verifiable keys, and SHA256 fingerprint
  ---
  duration_ms: 4.995167
  type: 'test'
  ...
# Subtest: RSA generation selects each supported size without slow key generation
ok 779 - RSA generation selects each supported size without slow key generation
  ---
  duration_ms: 3.733917
  type: 'test'
  ...
# Subtest: RSA transforms preserve key material across PKCS1, PKCS8, and OpenSSH
ok 780 - RSA transforms preserve key material across PKCS1, PKCS8, and OpenSSH
  ---
  duration_ms: 2.075541
  type: 'test'
  ...
# Subtest: Ed25519 PKCS8 inputs roundtrip through OpenSSH and reject RSA-only PKCS1
ok 781 - Ed25519 PKCS8 inputs roundtrip through OpenSSH and reject RSA-only PKCS1
  ---
  duration_ms: 0.563209
  type: 'test'
  ...
# Subtest: invalid selectors, unsupported keys, and crypto failures do not leak key material
ok 782 - invalid selectors, unsupported keys, and crypto failures do not leak key material
  ---
  duration_ms: 0.664458
  type: 'test'
  ...
# Subtest: OpenSSH decoding rejects corrupt framing, checkints, public keys, and padding
ok 783 - OpenSSH decoding rejects corrupt framing, checkints, public keys, and padding
  ---
  duration_ms: 0.497334
  type: 'test'
  ...
# Subtest: user suspend validates --deauthorize-devices-after before authorization or acquisition
ok 784 - user suspend validates --deauthorize-devices-after before authorization or acquisition
  ---
  duration_ms: 3.475833
  type: 'test'
  ...
# Subtest: user suspend completion rejects consumed invalid --deauthorize-devices-after values
ok 785 - user suspend completion rejects consumed invalid --deauthorize-devices-after values
  ---
  duration_ms: 1.547875
  type: 'test'
  ...
# Subtest: user suspend preserves accepted --deauthorize-devices-after labels and omission
ok 786 - user suspend preserves accepted --deauthorize-devices-after labels and omission
  ---
  duration_ms: 4.106958
  type: 'test'
  ...
# Subtest: user edit validates --travel-mode before authorization or acquisition
ok 787 - user edit validates --travel-mode before authorization or acquisition
  ---
  duration_ms: 0.9635
  type: 'test'
  ...
# Subtest: user edit completion rejects consumed invalid --travel-mode values
ok 788 - user edit completion rejects consumed invalid --travel-mode values
  ---
  duration_ms: 0.570333
  type: 'test'
  ...
# Subtest: user edit preserves accepted --travel-mode labels and omission
ok 789 - user edit preserves accepted --travel-mode labels and omission
  ---
  duration_ms: 0.452125
  type: 'test'
  ...
# Subtest: vault edit validates --travel-mode before authorization or acquisition
ok 790 - vault edit validates --travel-mode before authorization or acquisition
  ---
  duration_ms: 0.906542
  type: 'test'
  ...
# Subtest: vault edit completion rejects consumed invalid --travel-mode values
ok 791 - vault edit completion rejects consumed invalid --travel-mode values
  ---
  duration_ms: 0.651417
  type: 'test'
  ...
# Subtest: vault edit preserves accepted --travel-mode labels and omission
ok 792 - vault edit preserves accepted --travel-mode labels and omission
  ---
  duration_ms: 0.534541
  type: 'test'
  ...
# Subtest: vault create validates --allow-admins-to-manage before authorization or acquisition
ok 793 - vault create validates --allow-admins-to-manage before authorization or acquisition
  ---
  duration_ms: 1.105209
  type: 'test'
  ...
# Subtest: vault create completion rejects consumed invalid --allow-admins-to-manage values
ok 794 - vault create completion rejects consumed invalid --allow-admins-to-manage values
  ---
  duration_ms: 0.543334
  type: 'test'
  ...
# Subtest: vault create preserves accepted --allow-admins-to-manage labels and omission
ok 795 - vault create preserves accepted --allow-admins-to-manage labels and omission
  ---
  duration_ms: 1.408625
  type: 'test'
  ...
# Subtest: item create validates --ssh-generate-key before authorization or acquisition
ok 796 - item create validates --ssh-generate-key before authorization or acquisition
  ---
  duration_ms: 1.394375
  type: 'test'
  ...
# Subtest: item create completion rejects consumed invalid --ssh-generate-key values
ok 797 - item create completion rejects consumed invalid --ssh-generate-key values
  ---
  duration_ms: 0.82725
  type: 'test'
  ...
# Subtest: item create preserves accepted --ssh-generate-key labels and omission
ok 798 - item create preserves accepted --ssh-generate-key labels and omission
  ---
  duration_ms: 2.967333
  type: 'test'
  ...
# Subtest: read validates --file-mode before authorization or acquisition
ok 799 - read validates --file-mode before authorization or acquisition
  ---
  duration_ms: 1.723375
  type: 'test'
  ...
# Subtest: read completion rejects consumed invalid --file-mode values
ok 800 - read completion rejects consumed invalid --file-mode values
  ---
  duration_ms: 0.714584
  type: 'test'
  ...
# Subtest: read preserves accepted --file-mode labels and omission
ok 801 - read preserves accepted --file-mode labels and omission
  ---
  duration_ms: 0.750834
  type: 'test'
  ...
# Subtest: inject validates --file-mode before authorization or acquisition
ok 802 - inject validates --file-mode before authorization or acquisition
  ---
  duration_ms: 1.705708
  type: 'test'
  ...
# Subtest: inject completion rejects consumed invalid --file-mode values
ok 803 - inject completion rejects consumed invalid --file-mode values
  ---
  duration_ms: 0.587042
  type: 'test'
  ...
# Subtest: inject preserves accepted --file-mode labels and omission
ok 804 - inject preserves accepted --file-mode labels and omission
  ---
  duration_ms: 0.674791
  type: 'test'
  ...
# Subtest: document get validates --file-mode before authorization or acquisition
ok 805 - document get validates --file-mode before authorization or acquisition
  ---
  duration_ms: 1.393125
  type: 'test'
  ...
# Subtest: document get completion rejects consumed invalid --file-mode values
ok 806 - document get completion rejects consumed invalid --file-mode values
  ---
  duration_ms: 0.752166
  type: 'test'
  ...
# Subtest: document get preserves accepted --file-mode labels and omission
ok 807 - document get preserves accepted --file-mode labels and omission
  ---
  duration_ms: 0.958333
  type: 'test'
  ...
# Subtest: item template get validates --file-mode before authorization or acquisition
ok 808 - item template get validates --file-mode before authorization or acquisition
  ---
  duration_ms: 1.443417
  type: 'test'
  ...
# Subtest: item template get completion rejects consumed invalid --file-mode values
ok 809 - item template get completion rejects consumed invalid --file-mode values
  ---
  duration_ms: 1.181292
  type: 'test'
  ...
# Subtest: item template get preserves accepted --file-mode labels and omission
ok 810 - item template get preserves accepted --file-mode labels and omission
  ---
  duration_ms: 0.925917
  type: 'test'
  ...
# Subtest: file mode helper accepts native octal uint32 range and minimum width
ok 811 - file mode helper accepts native octal uint32 range and minimum width
  ---
  duration_ms: 0.148667
  type: 'test'
  ...
# Subtest: public read forwards parsed file modes to its host without changing backend flags
ok 812 - public read forwards parsed file modes to its host without changing backend flags
  ---
  duration_ms: 1.048625
  type: 'test'
  ...
# Subtest: Login matches the official published JSON schema
ok 813 - Login matches the official published JSON schema
  ---
  duration_ms: 0.89425
  type: 'test'
  ...
# Subtest: supplied schemas resolve names, IDs and categories with independent results
ok 814 - supplied schemas resolve names, IDs and categories with independent results
  ---
  duration_ms: 0.215584
  type: 'test'
  ...
# Subtest: password recipes reject invalid classes and lengths before authorization
ok 815 - password recipes reject invalid classes and lengths before authorization
  ---
  duration_ms: 4.602208
  type: 'test'
  ...
# Subtest: password recipe labels remain raw and bare generation retains its default marker
ok 816 - password recipe labels remain raw and bare generation retains its default marker
  ---
  duration_ms: 2.02625
  type: 'test'
  ...
# Subtest: CSV flags reject malformed quoting before authorization and completion
ok 817 - CSV flags reject malformed quoting before authorization and completion
  ---
  duration_ms: 0.503458
  type: 'test'
  ...
# Subtest: CSV flags decode one record with quoted commas, escaped quotes and normalized line endings
ok 818 - CSV flags decode one record with quoted commas, escaped quotes and normalized line endings
  ---
  duration_ms: 0.840666
  type: 'test'
  ...
# Subtest: native string-slice flags stay repeatable completion candidates
ok 819 - native string-slice flags stay repeatable completion candidates
  ---
  duration_ms: 0.510875
  type: 'test'
  ...
# Subtest: invalid vault icon and travel mode values fail without changing state
ok 820 - invalid vault icon and travel mode values fail without changing state
  ---
  duration_ms: 3.5115
  type: 'test'
  ...
# Subtest: documented vault options persist on create and edit
ok 821 - documented vault options persist on create and edit
  ---
  duration_ms: 1.233458
  type: 'test'
  ...
1..821
# tests 851
# suites 1
# pass 851
# fail 0
# cancelled 0
# skipped 0
# todo 0
# duration_ms 6961.760333

> terminal-pilot@0.0.1 pretest:unit
> npm run build


> terminal-pilot@0.0.1 build
> rm -rf dist && tsc --emitDeclarationOnly && node scripts/build.mjs


> terminal-pilot@0.0.1 test:unit
> cd ../.. && vitest run packages/terminal-pilot/src/ --pool=forks

{"numberFormatLocales":766,"sourceBytes":5153552,"pluralLocales":224}

 RUN  v4.1.11 /private/tmp/poe-resource-delivery


> @poe-code/safe-js@0.0.1 typecheck:fs
> node scripts/fs-type-contract.mjs

 ✓ packages/terminal-pilot/src/terminal-pilot-core.test.ts (177 tests) 1251ms
 ❯ src/session-encode-compatibility.test.ts (72 tests | 6 failed) 2979ms
   × public str.encode: assert 'abc\0'.encode('ansi_x3.4_1968') == b'abc\0' 105ms
   × public str.encode: assert 'abc\0'.encode('ansi_x3_4_1968') == b'abc\0' 56ms
   × public str.encode: assert 'abc\0'.encode('ansi_x3.4_1986') == b'abc\0' 126ms
   × public str.encode: assert 'abc\0'.encode('iso_646.irv_1991') == b'abc\0' 53ms
   × public str.encode: assert 'éÿ\0'.encode('csisolatin1') == b'\xe9\xff\0' 98ms
   × public str.encode: assert 'éÿ\0'.encode('iso_8859_1_1987') == b'\xe9\xff\0' 44ms
 ❯ src/session-union-construction-descriptors.test.ts (125 tests | 17 failed) 3475ms
   × matches union construction descriptor behavior: 'cls.__or__(u, other)' 9ms
   × matches union construction descriptor behavior: 'u.__or__(other)' 32ms
   × matches union construction descriptor behavior: 'cls.__or__(u, 0)' 16ms
   × matches union construction descriptor behavior: 'u.__or__(0)' 31ms
   × matches union construction descriptor behavior: 'cls.__or__(u, list[int])' 7ms
   × matches union construction descriptor behavior: 'u.__or__(list[int])' 79ms
   × matches union construction descriptor behavior: 'cls.__ror__(u, other)' 95ms
   × matches union construction descriptor behavior: 'u.__ror__(other)' 8ms
   × matches union construction descriptor behavior: 'cls.__ror__(u, 0)' 7ms
   × matches union construction descriptor behavior: 'u.__ror__(0)' 60ms
   × matches union construction descriptor behavior: 'cls.__ror__(u, list[int])' 10ms
   × matches union construction descriptor behavior: 'u.__ror__(list[int])' 5ms
   × matches union construction descriptor behavior: 'type.__or__(int, list[int])' 7ms
   × matches union construction descriptor behavior: 'int.__or__(list[int])' 6ms
   × matches union construction descriptor behavior: 'type.__ror__(int, list[int])' 7ms
   × matches union construction descriptor behavior: 'int.__ror__(list[int])' 60ms
   × matches union construction descriptor behavior: 'u|other' 16ms
 ✓ packages/terminal-pilot/src/commands/commands.test.ts (28 tests) 461ms
     ✓ captures a session screen as a non-empty PNG  403ms
 ❯ src/session-codec-resume-validation-matrix.test.ts (19 tests | 4 failed) 3569ms
   × codec recovery validation: 'utf-16 encode' 471ms
   × codec recovery validation: 'utf-16 decode' 443ms
   × codec recovery validation: 'utf-32 encode' 550ms
   × codec recovery validation: 'utf-32 decode' 388ms
 ❯ src/session-codec-recovery-registry-swap.test.ts (43 tests | 12 failed) 3815ms
   × retains decoder state during registry replacement: 'utf-16; guest failure=false' 38ms
   × retains decoder state during registry replacement: 'utf-16; guest failure=true' 20ms
   × retains decoder state during registry replacement: 'utf-32; guest failure=false' 122ms
   × retains decoder state during registry replacement: 'utf-32; guest failure=true' 48ms
   × keeps cancellation during registry replacement terminal: 'utf-16; guest failure=false'; throws=false 87ms
   × keeps cancellation during registry replacement terminal: 'utf-16; guest failure=false'; throws=true 24ms
   × keeps cancellation during registry replacement terminal: 'utf-16; guest failure=true'; throws=false 14ms
   × keeps cancellation during registry replacement terminal: 'utf-16; guest failure=true'; throws=true 16ms
   × keeps cancellation during registry replacement terminal: 'utf-32; guest failure=false'; throws=false 96ms
   × keeps cancellation during registry replacement terminal: 'utf-32; guest failure=false'; throws=true 62ms
   × keeps cancellation during registry replacement terminal: 'utf-32; guest failure=true'; throws=false 72ms
   × keeps cancellation during registry replacement terminal: 'utf-32; guest failure=true'; throws=true 57ms
 ❯ src/session-interpolated-literal-codec.test.ts (180 tests | 64 failed) 3966ms
   × interpolated literal codec: 't"\N{SNAKE}{1}"' 7ms
   × interpolated literal codec: 't"""first\n\N{SNAKE}{1}"""' 57ms
   × interpolated literal codec: 't"\ud800{1}"' 58ms
   × interpolated literal codec: 't"""first\n\ud800{1}"""' 4ms
   × interpolated literal codec: 't"\q{1}"' 10ms
   × interpolated literal codec: 't"""first\n\q{1}"""' 4ms
   × interpolated literal codec: 't"\777{1}"' 6ms
   × interpolated literal codec: 't"""first\n\777{1}"""' 8ms
   × interpolated literal codec: 't"\{1}"' 4ms
   × interpolated literal codec: 't"""first\n\{1}"""' 9ms
   × interpolated literal codec: 't"{{\n}}"' 4ms
   × interpolated literal codec: 't"""first\n{{\n}}"""' 110ms
   × interpolated literal codec: 't"\é{1}"' 31ms
   × interpolated literal codec: 't"""first\n\é{1}"""' 4ms
   × interpolated literal codec: 't"\\é{1}"' 14ms
   × interpolated literal codec: 't"""first\n\\é{1}"""' 6ms
   × interpolated literal codec: 't"\q{{\z"' 6ms
   × interpolated literal codec: 't"""first\n\q{{\z"""' 76ms
   × interpolated literal codec: 't"\N{SNAKE}\q"' 21ms
   × interpolated literal codec: 't"""first\n\N{SNAKE}\q"""' 4ms
   × interpolated literal codec: 'rt"\x"' 46ms
   × interpolated literal codec: 'rt"""first\n\x"""' 5ms
   × interpolated literal codec: 'rt"abc\u0"' 69ms
   × interpolated literal codec: 'rt"""first\nabc\u0"""' 7ms
   × interpolated literal codec: 'rt"é\U00110000"' 14ms
   × interpolated literal codec: 'rt"""first\né\U00110000"""' 4ms
   × interpolated literal codec: 'rt"\N{no}"' 8ms
   × interpolated literal codec: 'rt"""first\n\N{no}"""' 11ms
   × interpolated literal codec: 'rt"{{\x}}"' 4ms
   × interpolated literal codec: 'rt"""first\n{{\x}}"""' 8ms
   × interpolated literal codec: 'rt"a{{b}}\x"' 22ms
   × interpolated literal codec: 'rt"""first\na{{b}}\x"""' 37ms
   × interpolated literal codec: 'rt"\x{1}"' 13ms
   × interpolated literal codec: 'rt"""first\n\x{1}"""' 7ms
   × interpolated literal codec: 'rt"{1}\x"' 21ms
   × interpolated literal codec: 'rt"""first\n{1}\x"""' 5ms
   × interpolated literal codec: 'rt"{1:\x}"' 61ms
   × interpolated literal codec: 'rt"""first\n{1:\x}"""' 7ms
   × interpolated literal codec: 'rt"\x{1:\u}"' 5ms
   × interpolated literal codec: 'rt"""first\n\x{1:\u}"""' 7ms
   × interpolated literal codec: 'rt"\N{SNAKE}{1}"' 6ms
   × interpolated literal codec: 'rt"""first\n\N{SNAKE}{1}"""' 106ms
   × interpolated literal codec: 'rt"\ud800{1}"' 11ms
   × interpolated literal codec: 'rt"""first\n\ud800{1}"""' 4ms
   × interpolated literal codec: 'rt"\q{1}"' 6ms
   × interpolated literal codec: 'rt"""first\n\q{1}"""' 5ms
   × interpolated literal codec: 'rt"\777{1}"' 9ms
   × interpolated literal codec: 'rt"""first\n\777{1}"""' 4ms
   × interpolated literal codec: 'rt"\{1}"' 20ms
   × interpolated literal codec: 'rt"""first\n\{1}"""' 7ms
   × interpolated literal codec: 'rt"{{\n}}"' 5ms
   × interpolated literal codec: 'rt"""first\n{{\n}}"""' 98ms
   × interpolated literal codec: 'rt"\é{1}"' 4ms
   × interpolated literal codec: 'rt"""first\n\é{1}"""' 22ms
   × interpolated literal codec: 'rt"\\é{1}"' 16ms
   × interpolated literal codec: 'rt"""first\n\\é{1}"""' 4ms
   × interpolated literal codec: 'rt"\N{SNAKE}\x"' 40ms
   × interpolated literal codec: 'rt"""first\n\N{SNAKE}\x"""' 5ms
   × interpolated literal codec: 'rt"\N{SNAKE}\N{no}"' 8ms
   × interpolated literal codec: 'rt"""first\n\N{SNAKE}\N{no}"""' 34ms
   × interpolated literal codec: 'rt"\q{{\z"' 4ms
   × interpolated literal codec: 'rt"""first\n\q{{\z"""' 55ms
   × interpolated literal codec: 'rt"\N{SNAKE}\q"' 4ms
   × interpolated literal codec: 'rt"""first\n\N{SNAKE}\q"""' 8ms
 ❯ src/session-bytes-keyword-subtypes.test.ts (132 tests | 1 failed) 3956ms
   × preserves bytes constructor keyword lookup: 'source mutation replace' 41ms
{"resolution":"NodeNext","environment":"Node-only","contracts":25,"ok":true}
 ❯ src/session-codec-native-slots.test.ts (59 tests | 3 failed) 4147ms
   × native codec slots: 'hash inheritance failure 1' 41ms
   × native codec slots: 'hash inheritance failure 2' 29ms
   × native codec slots: 'hash inheritance failure 3' 18ms
 ✓ packages/terminal-pilot/src/cli.test.ts (10 tests) 490ms
     ✓ configures the terminal-pilot brand on import  305ms
 ✓ packages/terminal-pilot/src/testing/testing.test.ts (7 tests) 1292ms
     ✓ preserves terminal sessions across separate CLI processes  944ms
 ❯ src/session-codec-bom-newline-split-user.test.ts (9 tests | 2 failed) 4428ms
   × actual BOM/newline state transfer: 'utf-16' 61ms
   × actual BOM/newline state transfer: 'utf-32' 24ms
 ✓ packages/terminal-pilot/src/terminal-session.test.ts (28 tests) 118ms
 ✓ packages/terminal-pilot/src/terminal-buffer-graphemes.test.ts (35 tests) 49ms
 ❯ src/session-codec-native-failures.test.ts (118 tests | 8 failed) 4753ms
   × native codec failure: 'u16: text.encode(encoding)' 126ms
   × native codec failure: 'u16: str.encode(text, encoding)' 44ms
   × native codec failure: 'u16: bytes(text, encoding)' 41ms
   × native codec failure: 'u16: bytes.__new__(bytes, text, encod…' 82ms
   × native codec failure: 'u32: text.encode(encoding)' 55ms
   × native codec failure: 'u32: str.encode(text, encoding)' 18ms
   × native codec failure: 'u32: bytes(text, encoding)' 81ms
   × native codec failure: 'u32: bytes.__new__(bytes, text, encod…' 14ms
 ✓ packages/terminal-pilot/src/commands/screenshot.test.ts (1 test) 4ms
 ✓ packages/terminal-pilot/src/commands/daemon-runtime.test.ts (2 tests) 5ms

 Test Files  8 passed (8)
      Tests  288 passed (288)
   Start at  17:31:40
   Duration  5.20s (transform 3.45s, setup 259ms, import 5.28s, tests 3.67s, environment 0ms)

 ❯ src/session-codec-encoder-callback-state.test.ts (80 tests | 16 failed) 5402ms
   × 'utf-16; keep; negative resume' 18ms
   × 'utf-16; keep; index failure' 84ms
   × 'utf-16; reset; negative resume' 48ms
   × 'utf-16; reset; index failure' 66ms
   × 'utf-16; setstate; negative resume' 62ms
   × 'utf-16; setstate; index failure' 55ms
   × 'utf-16; nested; negative resume' 17ms
   × 'utf-16; nested; index failure' 49ms
   × 'utf-32; keep; negative resume' 57ms
   × 'utf-32; keep; index failure' 18ms
   × 'utf-32; reset; negative resume' 27ms
   × 'utf-32; reset; index failure' 66ms
   × 'utf-32; setstate; negative resume' 89ms
   × 'utf-32; setstate; index failure' 15ms
   × 'utf-32; nested; negative resume' 19ms
   × 'utf-32; nested; index failure' 33ms
 ❯ src/session-unicode-text-consumers.test.ts (70 tests | 2 failed) 6346ms
   × public Unicode text conversions: 'utf_16' / 'aliases' 69ms
   × public Unicode text conversions: 'utf_32' / 'aliases' 71ms
{"resolution":"NodeNext","environment":"DOM","contracts":25,"ok":true}
 ❯ src/session-codec-cstring-replacement.test.ts (15 tests | 6 failed) 1891ms
   × 'c2 decoded 8 as UTF-8 replacement' 360ms
   × 'c2 decoded 88 as UTF-8 replacement' 199ms
   × 'c4 decoded 8 as UTF-8 replacement' 232ms
   × 'c4 decoded 88 as UTF-8 replacement' 150ms
   × 'f0 decoded 8 as UTF-8 replacement' 199ms
   × 'f0 decoded 88 as UTF-8 replacement' 154ms
 ❯ src/session-codec-callback-recursion.test.ts (6 tests | 6 failed) 1210ms
   × repeated 'utf-8' callback recursion preserves exact tracebacks and reset 284ms
   × repeated 'utf-8-sig' callback recursion preserves exact tracebacks and reset 164ms
   × repeated 'utf-16-le' callback recursion preserves exact tracebacks and reset 170ms
   × repeated 'utf-16-be' callback recursion preserves exact tracebacks and reset 145ms
   × repeated 'utf-32-le' callback recursion preserves exact tracebacks and reset 287ms
   × repeated 'utf-32-be' callback recursion preserves exact tracebacks and reset 143ms
 ❯ src/session-bytes-iterator.test.ts (77 tests | 1 failed) 1626ms
   × matches bytes iterator oracle: 'builtin lookup failures retain guest …' 53ms
 ❯ src/session-charmap-codec-api.test.ts (19 tests | 4 failed) 1291ms
   × preserves 'encode' 'mapping' failure identity 78ms
   × preserves 'encode' 'handler' failure identity 61ms
   × preserves 'decode' 'mapping' failure identity 37ms
   × preserves 'decode' 'handler' failure identity 51ms
 ❯ src/session-codec-frozen-execution.test.ts (25 tests | 1 failed) 1601ms
   × frozen execution: 'late frozen import failure retains es…' 190ms
 ❯ src/session-codec-public-contracts.test.ts (20 tests | 9 failed) 1147ms
   × public codec contract: 'byte escape types, argument precedenc…' 110ms
   × public codec contract: 'Punycode public decoder factories ret…' 115ms
   × public codec contract: 'charmap surrogateescape retains origi…' 70ms
   × public codec contract: 'callback failures preserve identity, …' 35ms
   × public codec contract: 'all standard handlers through publish…' 32ms
   × public codec contract: 'custom codecs shared by encode/decode…' 80ms
   × public codec contract: 'decoder subtype identity and tuple ov…' 40ms
   × public codec contract: 'stream reader/writer adapters over a …' 37ms
   × public codec contract: 'UTF-16/32 rejected replacements resto…' 25ms
 ❯ src/session-codec-stateful-encoder-user.test.ts (24 tests | 24 failed) 1434ms
   × 'iso2022_jp' restores encoder state after recovery and guest failure 172ms
   × 'iso2022_jp_1' restores encoder state after recovery and guest failure 53ms
   × 'iso2022_jp_2' restores encoder state after recovery and guest failure 40ms
   × 'iso2022_jp_3' restores encoder state after recovery and guest failure 83ms
   × 'iso2022_jp_2004' restores encoder state after recovery and guest failure 63ms
   × 'iso2022_jp_ext' restores encoder state after recovery and guest failure 49ms
   × 'iso2022_kr' restores encoder state after recovery and guest failure 26ms
   × 'hz' restores encoder state after recovery and guest failure 68ms
   × 'iso2022_jp' keeps encoder recovery cancellation terminal (throws=false) 71ms
   × 'iso2022_jp' keeps encoder recovery cancellation terminal (throws=true) 39ms
   × 'iso2022_jp_1' keeps encoder recovery cancellation terminal (throws=false) 81ms
   × 'iso2022_jp_1' keeps encoder recovery cancellation terminal (throws=true) 126ms
   × 'iso2022_jp_2' keeps encoder recovery cancellation terminal (throws=false) 44ms
   × 'iso2022_jp_2' keeps encoder recovery cancellation terminal (throws=true) 52ms
   × 'iso2022_jp_3' keeps encoder recovery cancellation terminal (throws=false) 55ms
   × 'iso2022_jp_3' keeps encoder recovery cancellation terminal (throws=true) 32ms
   × 'iso2022_jp_2004' keeps encoder recovery cancellation terminal (throws=false) 78ms
   × 'iso2022_jp_2004' keeps encoder recovery cancellation terminal (throws=true) 99ms
   × 'iso2022_jp_ext' keeps encoder recovery cancellation terminal (throws=false) 18ms
   × 'iso2022_jp_ext' keeps encoder recovery cancellation terminal (throws=true) 14ms
   × 'iso2022_kr' keeps encoder recovery cancellation terminal (throws=false) 78ms
   × 'iso2022_kr' keeps encoder recovery cancellation terminal (throws=true) 53ms
   × 'hz' keeps encoder recovery cancellation terminal (throws=false) 24ms
   × 'hz' keeps encoder recovery cancellation terminal (throws=true) 13ms
 ❯ src/session-source-reencoding-user.test.ts (18 tests | 18 failed) 941ms
   × source re-encoding public contract: 'comment replacement \'?\'' 191ms
   × source re-encoding public contract: 'comment replacement b\'?\'' 61ms
   × source re-encoding public contract: 'comment replacement b\'\xff\'' 56ms
   × source re-encoding public contract: 'comment replacement b\'\x00\'' 43ms
   × source re-encoding public contract: 'comment replacement \'\ud800\'' 29ms
   × source re-encoding public contract: 'negative resume' 72ms
   × source re-encoding public contract: 'index protocol' 37ms
   × source re-encoding public contract: 'out of range' 95ms
   × source re-encoding public contract: 'wrong replacement type' 83ms
   × source re-encoding public contract: 'wrong position type' 19ms
   × source re-encoding public contract: 'wrong tuple length' 36ms
   × source re-encoding public contract: 'guest TypeError' 26ms
   × source re-encoding public contract: 'guest ValueError' 23ms
   × source re-encoding public contract: 'service callback' 15ms
   × source re-encoding public contract: 'token malformed bytes' 17ms
   × source re-encoding public contract: 'non ASCII text replacement' 36ms
   × source re-encoding service cancellation is terminal (throws=false) 38ms
   × source re-encoding service cancellation is terminal (throws=true) 59ms
 ❯ src/session-codec-result-diagnostic-bytes.test.ts (15 tests | 5 failed) 1062ms
   × codec result diagnostic 'decode: b\'\x80\' * 401' 97ms
   × codec result diagnostic 'decode: b\'a\' * 399 + b\'\xff\'' 38ms
   × codec result diagnostic 'decode: b\'a\' * 399 + b\'\xe2\'' 37ms
   × codec result diagnostic 'decode: b\'a\' * 398 + b\'\xe2\'' 29ms
   × codec result diagnostic 'decode: b\'a\' * 399 + b\'\xe2\x82\xa…' 21ms
 ❯ src/session-codec-callback-service.test.ts (66 tests | 18 failed) 8185ms
   × 'utf-8' unwinds service failure at callback 250 and repeats after reset 239ms
   × 'utf-8-sig' unwinds service failure at callback 250 and repeats after reset 323ms
   × 'utf-16-le' unwinds service failure at callback 250 and repeats after reset 230ms
   × 'utf-16-be' unwinds service failure at callback 250 and repeats after reset 395ms
   × 'utf-32-le' unwinds service failure at callback 250 and repeats after reset 227ms
   × 'utf-32-be' unwinds service failure at callback 250 and repeats after reset 199ms
   × 'utf-8' cancels at callback 250 (service throws: false) without crossing interpreters 368ms
   × 'utf-8' cancels at callback 250 (service throws: true) without crossing interpreters 223ms
   × 'utf-8-sig' cancels at callback 250 (service throws: false) without crossing interpreters 170ms
   × 'utf-8-sig' cancels at callback 250 (service throws: true) without crossing interpreters 204ms
   × 'utf-16-le' cancels at callback 250 (service throws: false) without crossing interpreters 161ms
   × 'utf-16-le' cancels at callback 250 (service throws: true) without crossing interpreters 172ms
   × 'utf-16-be' cancels at callback 250 (service throws: false) without crossing interpreters 220ms
   × 'utf-16-be' cancels at callback 250 (service throws: true) without crossing interpreters 163ms
   × 'utf-32-le' cancels at callback 250 (service throws: false) without crossing interpreters 110ms
   × 'utf-32-le' cancels at callback 250 (service throws: true) without crossing interpreters 168ms
   × 'utf-32-be' cancels at callback 250 (service throws: false) without crossing interpreters 257ms
   × 'utf-32-be' cancels at callback 250 (service throws: true) without crossing interpreters 172ms
 ❯ src/session-codec-incremental-callback-user.test.ts (120 tests | 18 failed) 8585ms
   × incremental callback user audit: 'utf-8; reenter; return' 256ms
   × incremental callback user audit: 'utf-8; reenter; raise' 225ms
   × incremental callback user audit: 'utf-8; reenter; overflow' 153ms
   × incremental callback user audit: 'utf-8-sig; reenter; return' 161ms
   × incremental callback user audit: 'utf-8-sig; reenter; raise' 147ms
   × incremental callback user audit: 'utf-8-sig; reenter; overflow' 168ms
   × incremental callback user audit: 'utf-16-le; reenter; return' 148ms
   × incremental callback user audit: 'utf-16-le; reenter; raise' 75ms
   × incremental callback user audit: 'utf-16-le; reenter; overflow' 142ms
   × incremental callback user audit: 'utf-16-be; reenter; return' 122ms
   × incremental callback user audit: 'utf-16-be; reenter; raise' 138ms
   × incremental callback user audit: 'utf-16-be; reenter; overflow' 195ms
   × incremental callback user audit: 'utf-32-le; reenter; return' 121ms
   × incremental callback user audit: 'utf-32-le; reenter; raise' 105ms
   × incremental callback user audit: 'utf-32-le; reenter; overflow' 132ms
   × incremental callback user audit: 'utf-32-be; reenter; return' 80ms
   × incremental callback user audit: 'utf-32-be; reenter; raise' 139ms
   × incremental callback user audit: 'utf-32-be; reenter; overflow' 98ms
 ❯ src/session-utf7-codec-api.test.ts (18 tests | 1 failed) 632ms
   × preserves decoder guest failures, traceback and native-call note behavior 19ms
 ❯ src/runtime/runtime-core-codec-functions.test.ts (41 tests | 3 failed) 433ms
   × retains ascii encoding source identity, cached errors, index side effects and rejected replacement fields 17ms
   × retains latin_1 encoding source identity, cached errors, index side effects and rejected replacement fields 10ms
   × retains utf_8 encoding source identity, cached errors, index side effects and rejected replacement fields 11ms
{"resolution":"Bundler","environment":"Node-only","contracts":25,"ok":true}
 ❯ src/session-codec-native-wide-modules.test.ts (10 tests | 10 failed) 566ms
   × native wide codec module: 'utf-16 registry and module API' 75ms
   × native wide codec module: 'utf-16 incremental encoder state and …' 122ms
   × native wide codec module: 'utf-16 every incremental split and st…' 63ms
   × native wide codec module: 'utf-16 missing BOM and truncated inpu…' 35ms
   × native wide codec module: 'utf-16 stream adapters BOM and reset' 87ms
   × native wide codec module: 'utf-32 registry and module API' 17ms
   × native wide codec module: 'utf-32 incremental encoder state and …' 48ms
   × native wide codec module: 'utf-32 every incremental split and st…' 45ms
   × native wide codec module: 'utf-32 missing BOM and truncated inpu…' 39ms
   × native wide codec module: 'utf-32 stream adapters BOM and reset' 34ms
 ❯ src/session-punycode-prefix-termination.test.ts (8 tests | 4 failed) 531ms
   × keeps prefix recovery cancellation terminal through 'codecs.decode(data, \'punycode\')' (throws=false) 74ms
   × keeps prefix recovery cancellation terminal through 'codecs.decode(data, \'punycode\')' (throws=true) 56ms
   × keeps prefix recovery cancellation terminal through 'codecs.getincrementaldecoder(\'punyco…' (throws=false) 43ms
   × keeps prefix recovery cancellation terminal through 'codecs.getincrementaldecoder(\'punyco…' (throws=true) 55ms
 ❯ src/session-punycode-module.test.ts (7 tests | 3 failed) 547ms
   × Punycode library: 'encoding helpers and public encoders …' 91ms
   × Punycode library: 'decoder policies, input variants and …' 29ms
   × Punycode library: 'stream adapters preserve serviced cal…' 87ms
 ❯ src/session-custom-encoder.test.ts (9 tests | 2 failed) 650ms
   × preserves guest failure identity, notes and traceback: source.encode('EDGE-CUSTOM') 89ms
   × preserves guest failure identity, notes and traceback: bytes(source, 'EDGE-CUSTOM') 40ms
 ❯ src/session-core-codec-buffers.test.ts (18 tests | 18 failed) 541ms
   × public codec buffer contract: 'ascii inherited buffer failure preced…' 127ms
   × public codec buffer contract: 'ascii validates buffer hook result be…' 30ms
   × public codec buffer contract: 'ascii uses and releases an overridden…' 31ms
   × public codec buffer contract: 'ascii rejects a strided memoryview' 59ms
   × public codec buffer contract: 'latin_1 inherited buffer failure prec…' 31ms
   × public codec buffer contract: 'latin_1 validates buffer hook result …' 7ms
   × public codec buffer contract: 'latin_1 uses and releases an overridd…' 10ms
   × public codec buffer contract: 'latin_1 rejects a strided memoryview' 8ms
   × public codec buffer contract: 'utf_8 inherited buffer failure preced…' 21ms
   × public codec buffer contract: 'utf_8 validates buffer hook result be…' 32ms
   × public codec buffer contract: 'utf_8 uses and releases an overridden…' 37ms
   × public codec buffer contract: 'utf_8 rejects a strided memoryview' 8ms
   × keeps cancellation in 'ascii' buffer acquisition fatal (throws=false) 19ms
   × keeps cancellation in 'ascii' buffer acquisition fatal (throws=true) 12ms
   × keeps cancellation in 'latin_1' buffer acquisition fatal (throws=false) 28ms
   × keeps cancellation in 'latin_1' buffer acquisition fatal (throws=true) 23ms
   × keeps cancellation in 'utf_8' buffer acquisition fatal (throws=false) 6ms
   × keeps cancellation in 'utf_8' buffer acquisition fatal (throws=true) 54ms
 ❯ src/session-codec-decoder-consumers.test.ts (8 tests | 8 failed) 500ms
   × registered decoder consumer: 'source.decode(\'decoder-contract\'): …' 127ms
   × registered decoder consumer: 'source.decode(\'decoder-contract\'): …' 61ms
   × registered decoder consumer: 'bytes.decode(source, \'decoder-contra…' 33ms
   × registered decoder consumer: 'bytes.decode(source, \'decoder-contra…' 22ms
   × registered decoder consumer: 'str(source, \'decoder-contract\'): om…' 91ms
   × registered decoder consumer: 'str(source, \'decoder-contract\'): ex…' 40ms
   × registered decoder consumer: 'str.__new__(str, source, \'decoder-co…' 99ms
   × registered decoder consumer: 'str.__new__(str, source, \'decoder-co…' 27ms
 ❯ src/session-codec-module.test.ts (10 tests | 1 failed) 642ms
   × shares imported registrations with native text methods and constructors 85ms
 ❯ src/session-codec-platform-modules.test.ts (6 tests | 3 failed) 461ms
   × platform codec: 'mbcs import failure and registry cache' 193ms
   × platform codec: 'oem import failure and registry cache' 142ms
   × platform codec: 'Windows code-page factory imports laz…' 37ms
 ❯ src/session-codec-multibyte-encoder-reentry.test.ts (6 tests | 6 failed) 485ms
   × 'gb2312' preserves callback and restored pending state 180ms
   × 'gbk' preserves callback and restored pending state 80ms
   × 'euc_jis_2004' preserves callback and restored pending state 58ms
   × 'euc_jisx0213' preserves callback and restored pending state 55ms
   × 'shift_jis_2004' preserves callback and restored pending state 71ms
   × 'shift_jisx0213' preserves callback and restored pending state 29ms
 ❯ src/session-codec-stream-mutation.test.ts (4 tests | 1 failed) 407ms
   × 'stream reader bytearray and memoryvie…' 160ms
{"resolution":"Bundler","environment":"DOM","contracts":25,"ok":true}
 ❯ src/session-codec-rot13-undefined-integration.test.ts (4 tests | 4 failed) 137ms
   × 'ROT13 bytes consumer nontext rejection' 43ms
   × 'undefined bytes consumer' 11ms
   × 'guest module spec' 56ms
   × 'undefined traceback' 26ms
 ❯ src/session-source-codec-final-line.test.ts (3 tests | 2 failed) 131ms
   × source decoding: 'exec final encoding-cookie lines' 41ms
   × source decoding: 'eval final encoding-cookie lines' 17ms

> @poe-code/safe-js@0.0.1 test:unit
> cd ../.. && vitest run packages/safe-js/src packages/safe-js/test

 ❯ src/session-codec-source-registry.test.ts (4 tests | 4 failed) 147ms
   × source registry: 'source decoder receives an ownerless …' 62ms
   × source registry: 'source callback failures retain nativ…' 39ms
   × source registry: 'source codec callbacks use the suppli…' 20ms
   × keeps cancellation in source decoder callbacks terminal 25ms
 ❯ src/session-dictionary-native-contracts.test.ts (707 tests | 5 failed) 11578ms
   × matches dictionary native contract: 'exact __reversed__()' 24ms
   × matches dictionary native contract: 'explicit __reversed__()' 4ms
   × matches dictionary native contract: 'subtype __reversed__()' 20ms
   × matches dictionary native contract: 'subtype-explicit __reversed__()' 17ms
   × matches dictionary native contract: 'metaclass __reversed__()' 5ms

 RUN  v4.1.11 /private/tmp/poe-resource-delivery

 ❯ src/runtime/runtime-program.test.ts (317 tests | 2 failed) 320ms
     × releases all join exports when the last acquisition cancels execution 7ms
     × cleans up byte maketrans leases after cancel failure 1ms
 ❯ src/session-punycode.test.ts (1 test | 1 failed) 99ms
   × uses Punycode through real guest text consumers and exception storage 98ms
 ❯ src/session-codec-stream-traceback.test.ts (1 test | 1 failed) 78ms
   × retains caller and codec frames with pinned instruction positions 77ms
 ❯ src/session-codec-standard-rejection.test.ts (3 tests | 3 failed) 268ms
   × standard handler rejections preserve pinned exception metadata (normal) 136ms
   × standard handler rejections preserve pinned exception metadata (cancel-return) 80ms
   × standard handler rejections preserve pinned exception metadata (cancel-throw) 51ms
(node:24590) Warning: The 'NO_COLOR' env is ignored due to the 'FORCE_COLOR' env being set.
(Use `node --trace-warnings ...` to show where the warning was created)
 ✓ packages/safe-js/src/modules/fs.test.ts (556 tests) 1314ms
 ✓ packages/safe-js/src/parse/parser.test.ts (90 tests) 137ms
 ✓ packages/safe-js/src/interp/interpreter.test.ts (477 tests) 3308ms
     ✓ spreads large arrays into push without leaking the host argument limit  632ms
     ✓ caps million-element for...of iteration through the step budget  2032ms
 ✓ packages/safe-js/src/snapshot/restore.test.ts (82 tests) 1312ms
     ✓ restores thousands of parent scopes without using the host call stack  1021ms
 ✓ packages/safe-js/src/modules/fs.adapters.test.ts (97 tests) 1220ms
     ✓ requires reconciliation for a pending write instead of repeating its effect  478ms
 ✓ packages/safe-js/src/run.test.ts (66 tests) 4037ms
     ✓ rejects unbounded recursion with the default call-depth guard  411ms
 ✓ packages/safe-js/src/modules/agent.test.ts (45 tests) 40ms
 ✓ packages/safe-js/src/run.replay.stress.test.ts (65 tests) 13643ms
       ✓ replays 16 sequential async callback invocations  310ms
     ✓ preserves callback state across two successive checkpoint restores  312ms
     ✓ preserves the sequence across a loop checkpoint followed by a top-level checkpoint  308ms
     ✓ does not repeat completed host effects (async: true)  445ms
     ✓ matches native random reaction ordering across 8 rounds  332ms
     ✓ matches native random reaction ordering across 32 rounds  1123ms
 ✓ packages/safe-js/src/run.snapshot.test.ts (31 tests) 4163ms
 ✓ packages/safe-js/src/interp/source-exceptions-validation.test.ts (98 tests) 17026ms
     ✓ matches complete native output and tick log: '02-auto-dependency-closures'  778ms
     ✓ matches complete native output and tick log: '03-maplimit-lexical-state'  736ms
     ✓ matches complete native output and tick log: '04-nested-finally-precedence'  557ms
     ✓ matches complete native output and tick log: '05-saga-delegation-cleanup'  588ms
     ✓ matches complete native output and tick log: '07-forkjoin-last-values'  317ms
     ✓ matches complete native output and tick log: '12-finally-domain-records'  564ms
     ✓ restores 'domain record' at 'before' using 'next' capture  375ms
     ✓ restores 'domain record' at 'after' using 'current' capture  322ms
     ✓ restores 'false' at 'before' using 'current' capture  370ms
     ✓ restores 'false' at 'after' using 'current' capture  443ms
 ✓ packages/safe-js/src/interp/host-bridge.test.ts (45 tests) 3113ms
     ✓ preserves synchronous function Error() { [native code] } metadata through repeated replay  674ms
     ✓ preserves synchronous function TypeError() { [native code] } metadata through repeated replay  395ms
     ✓ preserves synchronous function RangeError() { [native code] } metadata through repeated replay  398ms
 ✓ packages/safe-js/src/interp/promise.test.ts (59 tests) 91ms
 ✓ packages/safe-js/src/cli.test.ts (46 tests) 4119ms
     ✓ removes Git from the default CLI registry  726ms
     ✓ inspects and migrates checkpoints without executing the target  605ms
     ✓ replaces stale snapshots after a failed run: effect(); throw new Error("failed");  404ms
     ✓ replaces stale snapshots after a failed run: export default function () { effect(); throw new Error("failed"); }  343ms
     ✓ replaces stale snapshots after a failed run: export default async function () { await effect(); throw new Error("failed"); }  351ms
 ✓ packages/safe-js/src/interp/cancel.test.ts (42 tests) 3150ms
     ✓ preserves live custom all capability results with cancellation armed  461ms
     ✓ preserves live custom allSettled capability results with cancellation armed  334ms
     ✓ preserves live custom any capability results with cancellation armed  342ms
     ✓ preserves live custom race capability results with cancellation armed  322ms
 ✓ packages/safe-js/src/runner/run-harness.test.ts (31 tests) 1312ms
 ✓ packages/safe-js/src/interp/methods/array.test.ts (22 tests) 174ms
 ✓ packages/safe-js/test/integration/input-error-projection.test.ts (19 tests) 30035ms
     ✓ flushes the complete serialized observation beyond the pipe buffer  1474ms
     ✓ classifies complete proof 1 against the same capture and request  1563ms
     ✓ classifies complete proof 1 against the same capture and request: completed replay  1489ms
     ✓ classifies complete proof 2 against the same capture and request  1632ms
     ✓ classifies complete proof 2 against the same capture and request: completed replay  1885ms
     ✓ classifies minimal proof 1 against the same capture and request  1777ms
     ✓ classifies minimal proof 1 against the same capture and request: completed replay  1767ms
     ✓ classifies minimal proof 2 against the same capture and request  1620ms
     ✓ classifies minimal proof 2 against the same capture and request: completed replay  1545ms
     ✓ classifies native-fields proof 1 against the same capture and request  1642ms
     ✓ classifies native-fields proof 1 against the same capture and request: completed replay  1636ms
     ✓ classifies native-fields proof 2 against the same capture and request  1490ms
     ✓ classifies native-fields proof 2 against the same capture and request: completed replay  1409ms
     ✓ preserves raw-left proof provenance with the complete right receipt  1768ms
     ✓ preserves raw-left proof provenance with the complete right receipt: completed replay  1617ms
     ✓ preserves genuine-null-left proof provenance with the complete right receipt  1651ms
     ✓ preserves genuine-null-left proof provenance with the complete right receipt: completed replay  1664ms
     ✓ records raw public-input qualification without substituting it for O12  1029ms
 ✓ packages/safe-js/src/external-checkpoint-validation.test.ts (14 tests) 8298ms
     ✓ captures externally and by signal while 'reduction' remains pending  755ms
     ✓ captures externally and by signal while 'callback' remains pending  1485ms
     ✓ captures externally and by signal while 'retry-reissue' remains pending  1071ms
     ✓ captures externally and by signal while 'retry-external' remains pending  1010ms
     ✓ captures externally and by signal while 'co' remains pending  2503ms
 ✓ packages/safe-js/src/index.test.ts (17 tests) 362ms
 ✓ packages/safe-js/src/interp/globals/object-aliases-validation.test.ts (19 tests) 2453ms
     ✓ replays original 'pick-transform' against its full immutable anchor  490ms
     ✓ replays original 'pick-transform-mutate' against its full immutable anchor  400ms
     ✓ replays original 'FE01' against its full immutable anchor  325ms
 ✓ packages/safe-js/src/interp/source-exceptions.test.ts (13 tests) 5896ms
     ✓ preserves the complete 01-waterfall-identity workflow  419ms
     ✓ preserves the complete 02-auto-dependency-closures workflow  1056ms
     ✓ preserves the complete 03-maplimit-lexical-state workflow  936ms
     ✓ preserves the complete 04-nested-finally-precedence workflow  679ms
     ✓ preserves the complete 05-saga-delegation-cleanup workflow  686ms
     ✓ preserves the complete 06-scan-reduce-state workflow  312ms
     ✓ preserves the complete 07-forkjoin-last-values workflow  423ms
     ✓ preserves the complete 12-finally-domain-records workflow  695ms
 ✓ packages/safe-js/src/realm.test.ts (31 tests) 1774ms
 ✓ packages/safe-js/src/interp/regex/compile-policy.test.ts (36 tests) 1595ms
     ✓ CONTROL genuine EA pending and completed regex checkpoints retain hash and graphs  405ms
 ✓ packages/safe-js/src/interp/float32array.test.ts (27 tests) 2472ms
     ✓ replays a pending checkpoint with typed host outcomes and shared views  404ms
     ✓ exports typed arguments and genuine callable metadata without invoking digest hooks  356ms
     ✓ retains typed host outcomes and callback graph identity through completed replay  507ms
 ✓ packages/safe-js/src/parse/tokenizer.test.ts (25 tests) 17ms
 ✓ packages/safe-js/src/interp/conformance.test.ts (72 tests) 1386ms
 ✓ packages/safe-js/src/interp/generator-intrinsic-prototypes.test.ts (60 tests) 6704ms
   ✓ preserves generator intrinsic graphs across a pending effect: function* f(){yield 1;yield 2}const value=f();const next=value.next;const first=next.call(value);await pause();return [first,next===value.next,Object.getPrototypeOf(value)===f.prototype,next.call(value)]  380ms
   ✓ restores generator prototype and borrowed method identity without reexecution (async=true)  302ms
 ✓ packages/safe-js/src/run.cbi-001-validation.test.ts (29 tests) 23218ms
     ✓ retains original registration after first  1344ms
     ✓ retains original registration after second  844ms
     ✓ retains original registration after completed  674ms
     ✓ recaptures first to second to completed without consuming new deliveries as history  1155ms
     ✓ retains original registration after first  853ms
     ✓ retains original registration after second  704ms
     ✓ retains original registration after completed  550ms
     ✓ recaptures first to second to completed without consuming new deliveries as history  1123ms
     ✓ retains original registration after first  2454ms
     ✓ retains original registration after second  2234ms
     ✓ retains original registration after completed  2156ms
     ✓ recaptures first to second to completed without consuming new deliveries as history  3129ms
     ✓ retains original registration after first  719ms
     ✓ retains original registration after second  626ms
     ✓ retains original registration after completed  534ms
     ✓ recaptures first to second to completed without consuming new deliveries as history  1054ms
     ✓ executes 'four identical old-registration events' with lexical count four  508ms
     ✓ executes 'different payloads on old registration' with lexical count four  419ms
     ✓ executes 'identical events on new registration' with lexical count four  431ms
     ✓ deduplicates only actual reissue history at callback 1 and runs its new suffix  330ms
     ✓ deduplicates only actual reissue history at callback 2 and runs its new suffix  342ms
     ✓ deduplicates only actual reissue history at callback 3 and runs its new suffix  338ms
 ❯ packages/safe-python/src/session-bytes-iterator.test.ts (77 tests | 1 failed) 1144ms
   ✓ matches bytes iterator oracle: 'native type and descriptors' 69ms
   ✓ matches bytes iterator oracle: 'source identity and exhaustion state' 52ms
   ✓ matches bytes iterator oracle: 'state validation uses native integers' 42ms
   ✓ matches bytes iterator oracle: 'reduction uses active builtins before…' 12ms
   ✓ matches bytes iterator oracle: 'reentrant builtin lookup observes upd…' 24ms
   × matches bytes iterator oracle: 'builtin lookup failures retain guest …' 34ms
   ✓ cancels iterator reduction through the real output adapter during builtin lookup 39ms
   ✓ matches bytes iterator argument binding: 'i.__iter__()' 21ms
   ✓ matches bytes iterator argument binding: 'i.__iter__(1)' 38ms
   ✓ matches bytes iterator argument binding: 'i.__iter__(1, 2)' 7ms
   ✓ matches bytes iterator argument binding: 'i.__iter__(foo=1)' 28ms
   ✓ matches bytes iterator argument binding: 'i.__iter__(1, foo=1)' 5ms
   ✓ matches bytes iterator argument binding: 'i.__iter__(*[1, 2], **{1: 2})' 39ms
   ✓ matches bytes iterator argument binding: 'T.__iter__()' 8ms
   ✓ matches bytes iterator argument binding: 'T.__iter__(i)' 5ms
   ✓ matches bytes iterator argument binding: 'T.__iter__(i, 1)' 8ms
   ✓ matches bytes iterator argument binding: 'T.__iter__(i, 1, 2)' 5ms
   ✓ matches bytes iterator argument binding: 'T.__iter__(None)' 15ms
   ✓ matches bytes iterator argument binding: 'T.__iter__(None, 1)' 7ms
   ✓ matches bytes iterator argument binding: 'T.__iter__(None, foo=1)' 4ms
   ✓ matches bytes iterator argument binding: 'T.__iter__(i, foo=1)' 46ms
   ✓ matches bytes iterator argument binding: 'i.__next__()' 5ms
   ✓ matches bytes iterator argument binding: 'i.__next__(1)' 8ms
   ✓ matches bytes iterator argument binding: 'i.__next__(1, 2)' 7ms
   ✓ matches bytes iterator argument binding: 'i.__next__(foo=1)' 4ms
   ✓ matches bytes iterator argument binding: 'i.__next__(1, foo=1)' 7ms
   ✓ matches bytes iterator argument binding: 'i.__next__(*[1, 2], **{1: 2})' 5ms
   ✓ matches bytes iterator argument binding: 'T.__next__()' 7ms
   ✓ matches bytes iterator argument binding: 'T.__next__(i)' 18ms
   ✓ matches bytes iterator argument binding: 'T.__next__(i, 1)' 5ms
   ✓ matches bytes iterator argument binding: 'T.__next__(i, 1, 2)' 12ms
   ✓ matches bytes iterator argument binding: 'T.__next__(None)' 5ms
   ✓ matches bytes iterator argument binding: 'T.__next__(None, 1)' 34ms
   ✓ matches bytes iterator argument binding: 'T.__next__(None, foo=1)' 20ms
   ✓ matches bytes iterator argument binding: 'T.__next__(i, foo=1)' 5ms
   ✓ matches bytes iterator argument binding: 'i.__length_hint__()' 10ms
   ✓ matches bytes iterator argument binding: 'i.__length_hint__(1)' 5ms
   ✓ matches bytes iterator argument binding: 'i.__length_hint__(1, 2)' 6ms
   ✓ matches bytes iterator argument binding: 'i.__length_hint__(foo=1)' 4ms
   ✓ matches bytes iterator argument binding: 'i.__length_hint__(1, foo=1)' 16ms
   ✓ matches bytes iterator argument binding: 'i.__length_hint__(*[1, 2], **{1: 2})' 50ms
   ✓ matches bytes iterator argument binding: 'T.__length_hint__()' 37ms
   ✓ matches bytes iterator argument binding: 'T.__length_hint__(i)' 4ms
   ✓ matches bytes iterator argument binding: 'T.__length_hint__(i, 1)' 8ms
   ✓ matches bytes iterator argument binding: 'T.__length_hint__(i, 1, 2)' 8ms
   ✓ matches bytes iterator argument binding: 'T.__length_hint__(None)' 16ms
   ✓ matches bytes iterator argument binding: 'T.__length_hint__(None, 1)' 9ms
   ✓ matches bytes iterator argument binding: 'T.__length_hint__(None, foo=1)' 6ms
   ✓ matches bytes iterator argument binding: 'T.__length_hint__(i, foo=1)' 11ms
   ✓ matches bytes iterator argument binding: 'i.__reduce__()' 5ms
   ✓ matches bytes iterator argument binding: 'i.__reduce__(1)' 22ms
   ✓ matches bytes iterator argument binding: 'i.__reduce__(1, 2)' 12ms
   ✓ matches bytes iterator argument binding: 'i.__reduce__(foo=1)' 14ms
   ✓ matches bytes iterator argument binding: 'i.__reduce__(1, foo=1)' 20ms
   ✓ matches bytes iterator argument binding: 'i.__reduce__(*[1, 2], **{1: 2})' 4ms
   ✓ matches bytes iterator argument binding: 'T.__reduce__()' 6ms
   ✓ matches bytes iterator argument binding: 'T.__reduce__(i)' 4ms
   ✓ matches bytes iterator argument binding: 'T.__reduce__(i, 1)' 10ms
   ✓ matches bytes iterator argument binding: 'T.__reduce__(i, 1, 2)' 7ms
   ✓ matches bytes iterator argument binding: 'T.__reduce__(None)' 6ms
   ✓ matches bytes iterator argument binding: 'T.__reduce__(None, 1)' 66ms
   ✓ matches bytes iterator argument binding: 'T.__reduce__(None, foo=1)' 4ms
   ✓ matches bytes iterator argument binding: 'T.__reduce__(i, foo=1)' 8ms
   ✓ matches bytes iterator argument binding: 'i.__setstate__()' 16ms
   ✓ matches bytes iterator argument binding: 'i.__setstate__(1)' 5ms
   ✓ matches bytes iterator argument binding: 'i.__setstate__(1, 2)' 6ms
   ✓ matches bytes iterator argument binding: 'i.__setstate__(foo=1)' 4ms
   ✓ matches bytes iterator argument binding: 'i.__setstate__(1, foo=1)' 6ms
   ✓ matches bytes iterator argument binding: 'i.__setstate__(*[1, 2], **{1: 2})' 6ms
   ✓ matches bytes iterator argument binding: 'T.__setstate__()' 6ms
   ✓ matches bytes iterator argument binding: 'T.__setstate__(i)' 25ms
   ✓ matches bytes iterator argument binding: 'T.__setstate__(i, 1)' 4ms
   ✓ matches bytes iterator argument binding: 'T.__setstate__(i, 1, 2)' 7ms
   ✓ matches bytes iterator argument binding: 'T.__setstate__(None)' 4ms
   ✓ matches bytes iterator argument binding: 'T.__setstate__(None, 1)' 8ms
   ✓ matches bytes iterator argument binding: 'T.__setstate__(None, foo=1)' 7ms
   ✓ matches bytes iterator argument binding: 'T.__setstate__(i, foo=1)' 4ms
FAIL packages/safe-python/src/session-bytes-iterator.test.ts > matches bytes iterator oracle: 'builtin lookup failures retain guest …'
AssertionError: {"status":"ok","value":{"kind":"str","primitive":"AssertionError([])"}}: expected 'exception' to be 'ok' // Object.is equality

Expected: "ok"
Received: "exception"

 ❯ packages/safe-python/src/session-bytes-iterator.test.ts:169:110
    167|   let diagnostic:unknown=result;
    168|   if(result.status==="exception"){session.globals.set("failure",result…
    169|   expect(result.status,JSON.stringify(diagnostic,(_key,value)=>typeof …
       |                                                                                                              ^
    170| });
    171|

 ❯ packages/safe-python/src/session-bytes-keyword-subtypes.test.ts (132 tests | 1 failed) 2409ms
   ✓ preserves bytes constructor keyword lookup: 'source normal' 60ms
   ✓ preserves bytes constructor keyword lookup: 'source false' 22ms
   ✓ preserves bytes constructor keyword lookup: 'source true' 16ms
   ✓ preserves bytes constructor keyword lookup: 'source raise' 16ms
   ✓ preserves bytes constructor keyword lookup: 'source notimplemented' 13ms
   ✓ preserves bytes constructor keyword lookup: 'source truth' 23ms
   ✓ preserves bytes constructor keyword lookup: 'source badstr' 8ms
   ✓ preserves bytes constructor keyword lookup: 'encoding normal' 66ms
   ✓ preserves bytes constructor keyword lookup: 'encoding false' 11ms
   ✓ preserves bytes constructor keyword lookup: 'encoding true' 9ms
   ✓ preserves bytes constructor keyword lookup: 'encoding raise' 50ms
   ✓ preserves bytes constructor keyword lookup: 'encoding notimplemented' 18ms
   ✓ preserves bytes constructor keyword lookup: 'encoding truth' 33ms
   ✓ preserves bytes constructor keyword lookup: 'encoding badstr' 7ms
   ✓ preserves bytes constructor keyword lookup: 'errors normal' 14ms
   ✓ preserves bytes constructor keyword lookup: 'errors false' 40ms
   ✓ preserves bytes constructor keyword lookup: 'errors true' 6ms
   ✓ preserves bytes constructor keyword lookup: 'errors raise' 12ms
   ✓ preserves bytes constructor keyword lookup: 'errors notimplemented' 16ms
   ✓ preserves bytes constructor keyword lookup: 'errors truth' 7ms
   ✓ preserves bytes constructor keyword lookup: 'errors badstr' 15ms
   ✓ preserves bytes constructor keyword lookup: 'sourc normal' 11ms
   ✓ preserves bytes constructor keyword lookup: 'sourc false' 12ms
   ✓ preserves bytes constructor keyword lookup: 'sourc true' 6ms
   ✓ preserves bytes constructor keyword lookup: 'sourc raise' 23ms
   ✓ preserves bytes constructor keyword lookup: 'sourc notimplemented' 13ms
   ✓ preserves bytes constructor keyword lookup: 'sourc truth' 6ms
   ✓ preserves bytes constructor keyword lookup: 'sourc badstr' 45ms
   ✓ preserves bytes constructor keyword lookup: ' normal' 33ms
   ✓ preserves bytes constructor keyword lookup: ' false' 6ms
   ✓ preserves bytes constructor keyword lookup: ' true' 12ms
   ✓ preserves bytes constructor keyword lookup: ' raise' 11ms
   ✓ preserves bytes constructor keyword lookup: ' notimplemented' 6ms
   ✓ preserves bytes constructor keyword lookup: ' truth' 62ms
   ✓ preserves bytes constructor keyword lookup: ' badstr' 6ms
   ✓ preserves bytes constructor keyword lookup: 'source alias return False bytes(**kwa…' 22ms
   ✓ preserves bytes constructor keyword lookup: 'source alias return False bytes(\'a\'…' 8ms
   ✓ preserves bytes constructor keyword lookup: 'source alias return False bytes.__new…' 11ms
   ✓ preserves bytes constructor keyword lookup: 'source alias return str.__eq__(self, …' 8ms
   ✓ preserves bytes constructor keyword lookup: 'source alias return str.__eq__(self, …' 14ms
   ✓ preserves bytes constructor keyword lookup: 'source alias return str.__eq__(self, …' 5ms
   ✓ preserves bytes constructor keyword lookup: 'source alias raise ValueError(\'looku…' 41ms
   ✓ preserves bytes constructor keyword lookup: 'source alias raise ValueError(\'looku…' 17ms
   ✓ preserves bytes constructor keyword lookup: 'source alias raise ValueError(\'looku…' 5ms
   ✓ preserves bytes constructor keyword lookup: 'encoding alias return False bytes(**k…' 12ms
   ✓ preserves bytes constructor keyword lookup: 'encoding alias return False bytes(\'a…' 25ms
   ✓ preserves bytes constructor keyword lookup: 'encoding alias return False bytes.__n…' 5ms
   ✓ preserves bytes constructor keyword lookup: 'encoding alias return str.__eq__(self…' 9ms
   ✓ preserves bytes constructor keyword lookup: 'encoding alias return str.__eq__(self…' 29ms
   ✓ preserves bytes constructor keyword lookup: 'encoding alias return str.__eq__(self…' 9ms
   ✓ preserves bytes constructor keyword lookup: 'encoding alias raise ValueError(\'loo…' 15ms
   ✓ preserves bytes constructor keyword lookup: 'encoding alias raise ValueError(\'loo…' 14ms
   ✓ preserves bytes constructor keyword lookup: 'encoding alias raise ValueError(\'loo…' 6ms
   ✓ preserves bytes constructor keyword lookup: 'errors alias return False bytes(**kwa…' 25ms
   ✓ preserves bytes constructor keyword lookup: 'errors alias return False bytes(\'a\'…' 44ms
   ✓ preserves bytes constructor keyword lookup: 'errors alias return False bytes.__new…' 5ms
   ✓ preserves bytes constructor keyword lookup: 'errors alias return str.__eq__(self, …' 12ms
   ✓ preserves bytes constructor keyword lookup: 'errors alias return str.__eq__(self, …' 15ms
   ✓ preserves bytes constructor keyword lookup: 'errors alias return str.__eq__(self, …' 5ms
   ✓ preserves bytes constructor keyword lookup: 'errors alias raise ValueError(\'looku…' 35ms
   ✓ preserves bytes constructor keyword lookup: 'errors alias raise ValueError(\'looku…' 9ms
   ✓ preserves bytes constructor keyword lookup: 'errors alias raise ValueError(\'looku…' 5ms
   ✓ preserves bytes constructor keyword lookup: 'source mutation true' 8ms
   ✓ preserves bytes constructor keyword lookup: 'source mutation normal' 8ms
   ✓ preserves bytes constructor keyword lookup: 'source mutation clear' 7ms
   × preserves bytes constructor keyword lookup: 'source mutation replace' 191ms
   ✓ preserves bytes constructor keyword lookup: 'source mutation raise' 104ms
   ✓ preserves bytes constructor keyword lookup: 'encoding mutation true' 33ms
   ✓ preserves bytes constructor keyword lookup: 'encoding mutation normal' 12ms
   ✓ preserves bytes constructor keyword lookup: 'encoding mutation clear' 24ms
   ✓ preserves bytes constructor keyword lookup: 'encoding mutation replace' 18ms
   ✓ preserves bytes constructor keyword lookup: 'encoding mutation raise' 6ms
   ✓ preserves bytes constructor keyword lookup: 'errors mutation true' 34ms
   ✓ preserves bytes constructor keyword lookup: 'errors mutation normal' 9ms
   ✓ preserves bytes constructor keyword lookup: 'errors mutation clear' 6ms
   ✓ preserves bytes constructor keyword lookup: 'errors mutation replace' 60ms
   ✓ preserves bytes constructor keyword lookup: 'errors mutation raise' 9ms
   ✓ preserves bytes constructor keyword lookup: 'bytes(**kwargs) false duplicates False' 9ms
   ✓ preserves bytes constructor keyword lookup: 'bytes(**kwargs) false duplicates True' 14ms
   ✓ preserves bytes constructor keyword lookup: 'bytes(**kwargs) true duplicates False' 9ms
   ✓ preserves bytes constructor keyword lookup: 'bytes(**kwargs) true duplicates True' 12ms
   ✓ preserves bytes constructor keyword lookup: 'bytes(**kwargs) alternate duplicates …' 15ms
   ✓ preserves bytes constructor keyword lookup: 'bytes(**kwargs) alternate duplicates …' 11ms
   ✓ preserves bytes constructor keyword lookup: 'bytes(**kwargs) raise duplicates False' 7ms
   ✓ preserves bytes constructor keyword lookup: 'bytes(**kwargs) raise duplicates True' 13ms
   ✓ preserves bytes constructor keyword lookup: 'bytes.__new__(bytes, **kwargs) false …' 12ms
   ✓ preserves bytes constructor keyword lookup: 'bytes.__new__(bytes, **kwargs) false …' 10ms
   ✓ preserves bytes constructor keyword lookup: 'bytes.__new__(bytes, **kwargs) true d…' 5ms
   ✓ preserves bytes constructor keyword lookup: 'bytes.__new__(bytes, **kwargs) true d…' 8ms
   ✓ preserves bytes constructor keyword lookup: 'bytes.__new__(bytes, **kwargs) altern…' 8ms
   ✓ preserves bytes constructor keyword lookup: 'bytes.__new__(bytes, **kwargs) altern…' 8ms
   ✓ preserves bytes constructor keyword lookup: 'bytes.__new__(bytes, **kwargs) raise …' 10ms
   ✓ preserves bytes constructor keyword lookup: 'bytes.__new__(bytes, **kwargs) raise …' 8ms
   ✓ preserves bytes constructor keyword lookup: 'B(**kwargs) false duplicates False' 38ms
   ✓ preserves bytes constructor keyword lookup: 'B(**kwargs) false duplicates True' 8ms
   ✓ preserves bytes constructor keyword lookup: 'B(**kwargs) true duplicates False' 7ms
   ✓ preserves bytes constructor keyword lookup: 'B(**kwargs) true duplicates True' 6ms
   ✓ preserves bytes constructor keyword lookup: 'B(**kwargs) alternate duplicates False' 34ms
   ✓ preserves bytes constructor keyword lookup: 'B(**kwargs) alternate duplicates True' 8ms
   ✓ preserves bytes constructor keyword lookup: 'B(**kwargs) raise duplicates False' 5ms
   ✓ preserves bytes constructor keyword lookup: 'B(**kwargs) raise duplicates True' 23ms
   ✓ preserves bytes constructor keyword lookup: 'source mutation replace once' 32ms
   ✓ preserves bytes constructor keyword lookup: 'encoding mutation replace once' 7ms
   ✓ preserves bytes constructor keyword lookup: 'errors mutation replace once' 9ms
   ✓ preserves bytes constructor keyword lookup: 'string comparison key == \'source\' r…' 29ms
   ✓ preserves bytes constructor keyword lookup: 'string comparison \'source\' == key r…' 9ms
   ✓ preserves bytes constructor keyword lookup: 'string comparison key == \'source\' r…' 30ms
   ✓ preserves bytes constructor keyword lookup: 'string comparison \'source\' == key r…' 8ms
   ✓ preserves bytes constructor keyword lookup: 'string comparison key != \'source\' r…' 5ms
   ✓ preserves bytes constructor keyword lookup: 'string comparison \'source\' != key r…' 10ms
   ✓ preserves bytes constructor keyword lookup: 'string comparison key != \'source\' r…' 4ms
   ✓ preserves bytes constructor keyword lookup: 'string comparison \'source\' != key r…' 14ms
   ✓ preserves bytes constructor keyword lookup: 'string comparison key < \'source\' re…' 8ms
   ✓ preserves bytes constructor keyword lookup: 'string comparison \'source\' < key re…' 5ms
   ✓ preserves bytes constructor keyword lookup: 'string comparison key < \'source\' re…' 50ms
   ✓ preserves bytes constructor keyword lookup: 'string comparison \'source\' < key re…' 5ms
   ✓ preserves bytes constructor keyword lookup: 'string comparison key <= \'source\' r…' 35ms
   ✓ preserves bytes constructor keyword lookup: 'string comparison \'source\' <= key r…' 6ms
   ✓ preserves bytes constructor keyword lookup: 'string comparison key <= \'source\' r…' 4ms
   ✓ preserves bytes constructor keyword lookup: 'string comparison \'source\' <= key r…' 10ms
   ✓ preserves bytes constructor keyword lookup: 'string comparison key > \'source\' re…' 7ms
   ✓ preserves bytes constructor keyword lookup: 'string comparison \'source\' > key re…' 4ms
   ✓ preserves bytes constructor keyword lookup: 'string comparison key > \'source\' re…' 17ms
   ✓ preserves bytes constructor keyword lookup: 'string comparison \'source\' > key re…' 4ms
   ✓ preserves bytes constructor keyword lookup: 'string comparison key >= \'source\' r…' 7ms
   ✓ preserves bytes constructor keyword lookup: 'string comparison \'source\' >= key r…' 7ms
   ✓ preserves bytes constructor keyword lookup: 'string comparison key >= \'source\' r…' 4ms
   ✓ preserves bytes constructor keyword lookup: 'string comparison \'source\' >= key r…' 7ms
   ✓ keeps bytes keyword lookup cancellation fatal 62ms
   ✓ keeps bytes keyword diagnostic cancellation fatal 11ms
   ✓ keeps bytes keyword truth cancellation fatal 39ms
   ✓ keeps bytes keyword render cancellation fatal 13ms
FAIL packages/safe-python/src/session-bytes-keyword-subtypes.test.ts > preserves bytes constructor keyword lookup: 'source mutation replace'
AssertionError: expected { status: 'terminated', …(2) } to deeply equal { status: 'ok' }

- Expected
+ Received

  {
-   "status": "ok",
+   "message": "execution allocation limit exceeded",
+   "reason": "allocation",
+   "status": "terminated",
  }

 ❯ packages/safe-python/src/session-bytes-keyword-subtypes.test.ts:7:32
      5| it.each(reference.rows)("preserves bytes constructor keyword lookup: $…
      6|   const session=new PythonSession({limits:{maxSteps:1_000_000,maxAlloc…
      7|   expect(session.exec(source)).toEqual({status:"ok"});
       |                                ^
      8|   expect(session.eval("repr(actual)")).toMatchObject({status:"ok",valu…
      9| });

 ✓ packages/safe-js/src/interp/accessor-properties.test.ts (132 tests) 8476ms
 ✓ packages/safe-js/src/modules/namespace-identity-mc-002-validation.test.ts (18 tests) 32296ms
     ✓ matches all native-anchored fields with object/object registries  3297ms
     ✓ matches all native-anchored fields with object/map registries  3036ms
     ✓ matches all native-anchored fields with map/object registries  3008ms
     ✓ matches all native-anchored fields with map/map registries  3025ms
     ✓ matches the complete original graph through the public memfs harness  2909ms
     ✓ keeps aliases through three completed object-registry replays  4513ms
     ✓ keeps aliases through three completed map-registry replays  4018ms
     ✓ restores identity after a 25-step checkpoint with +0 calls  2400ms
     ✓ restores identity after a 900-step checkpoint with 1 calls  2890ms
     ✓ restores identity after a 1800-step checkpoint with 2 calls  2680ms
 ✓ packages/safe-js/src/realm-callback-phases.test.ts (27 tests) 1669ms
 ✓ packages/safe-js/src/modules/mcp-managed.test.ts (20 tests) 1668ms
     ✓ retains JSON-RPC error codes and data through checked calls and replay  440ms
     ✓ isolates concurrent runs sharing a module  355ms
 ✓ packages/safe-js/src/modules/mcp.test.ts (16 tests) 12ms
 ✓ packages/safe-js/src/snapshot/serialize.test.ts (15 tests) 224ms
 ✓ packages/safe-js/src/host-error-identity.test.ts (70 tests) 9103ms
     ✓ preserves ordinary 'Error' catch/finally order and recorded replay  521ms
     ✓ preserves ordinary 'TypeError' catch/finally order and recorded replay  353ms
     ✓ preserves ordinary 'string' catch/finally order and recorded replay  357ms
     ✓ preserves ordinary 'object' catch/finally order and recorded replay  356ms
     ✓ preserves ordinary 'TypeError' catch/finally order and recorded replay  320ms
     ✓ preserves ordinary 'string' catch/finally order and recorded replay  378ms
   ✓ does not record a async engine failure as an ordinary host outcome  322ms
     ✓ enforces named-conflict before guest catch/finally effects  455ms
 ✓ packages/safe-js/test/ppr2-integration-adjudication.test.ts (19 tests) 13658ms
     ✓ 'reduction': native trace, public/signal/completed checkpoints and recapture  1165ms
     ✓ 'callback': native trace, public/signal/completed checkpoints and recapture  2415ms
     ✓ 'retry-reissue': native trace, public/signal/completed checkpoints and recapture  1898ms
     ✓ 'retry-external': native trace, public/signal/completed checkpoints and recapture  1846ms
     ✓ 'co': native trace, public/signal/completed checkpoints and recapture  4888ms
     ✓ pending re-issue: strict writer marker and exactly observed consumption  400ms
     ✓ pending read-side-effect: strict writer marker and exactly observed consumption  462ms
     ✓ SIGINT emits a replayable fresh checkpoint without releasing the pending call  415ms
 ✓ packages/safe-js/src/interp/methods/array-callback-mutation.test.ts (130 tests) 8112ms
 ✓ packages/safe-js/src/interp/globals/object-aliases.test.ts (21 tests) 2495ms
     ✓ matches the immutable native anchor for 'pick-transform'  435ms
     ✓ matches the immutable native anchor for 'pick-transform-mutate'  346ms
     ✓ matches the immutable native anchor for 'FE01'  373ms

⎯⎯⎯⎯⎯⎯ Failed Tests 327 ⎯⎯⎯⎯⎯⎯

 FAIL  src/session-bytes-iterator.test.ts > matches bytes iterator oracle: 'builtin lookup failures retain guest …'
AssertionError: {"status":"ok","value":{"kind":"str","primitive":"AssertionError([])"}}: expected 'exception' to be 'ok' // Object.is equality

Expected: "ok"
Received: "exception"

 ❯ src/session-bytes-iterator.test.ts:169:110
    167|   let diagnostic:unknown=result;
    168|   if(result.status==="exception"){session.globals.set("failure",result…
    169|   expect(result.status,JSON.stringify(diagnostic,(_key,value)=>typeof …
       |                                                                                                              ^
    170| });
    171|

⎯⎯⎯⎯⎯⎯⎯⎯⎯⎯⎯⎯⎯⎯⎯⎯⎯⎯⎯⎯⎯⎯[1/327]⎯

 FAIL  src/session-bytes-keyword-subtypes.test.ts > preserves bytes constructor keyword lookup: 'source mutation replace'
AssertionError: expected { status: 'terminated', …(2) } to deeply equal { status: 'ok' }

- Expected
+ Received

  {
-   "status": "ok",
+   "message": "Maximum call stack size exceeded",
+   "reason": "internal",
+   "status": "terminated",
  }

 ❯ src/session-bytes-keyword-subtypes.test.ts:7:32
      5| it.each(reference.rows)("preserves bytes constructor keyword lookup: $…
      6|   const session=new PythonSession({limits:{maxSteps:1_000_000,maxAlloc…
      7|   expect(session.exec(source)).toEqual({status:"ok"});
       |                                ^
      8|   expect(session.eval("repr(actual)")).toMatchObject({status:"ok",valu…
      9| });

⎯⎯⎯⎯⎯⎯⎯⎯⎯⎯⎯⎯⎯⎯⎯⎯⎯⎯⎯⎯⎯⎯[2/327]⎯

 FAIL  src/session-charmap-codec-api.test.ts > preserves 'encode' 'mapping' failure identity
 FAIL  src/session-charmap-codec-api.test.ts > preserves 'decode' 'mapping' failure identity
AssertionError: mapping traceback: expected 'exception' to be 'ok' // Object.is equality

Expected: "ok"
Received: "exception"

 ❯ run src/session-charmap-codec-api.test.ts:13:32
     11|     if(message.status==="ok")detail=String(message.value.primitive);
     12|   }
     13|   expect(result.status,detail).toBe("ok");
       |                                ^
     14| }
     15|
 ❯ src/session-charmap-codec-api.test.ts:135:5

⎯⎯⎯⎯⎯⎯⎯⎯⎯⎯⎯⎯⎯⎯⎯⎯⎯⎯⎯⎯⎯⎯[3/327]⎯

 FAIL  src/session-charmap-codec-api.test.ts > preserves 'encode' 'handler' failure identity
 FAIL  src/session-charmap-codec-api.test.ts > preserves 'decode' 'handler' failure identity
AssertionError: handler traceback: expected 'exception' to be 'ok' // Object.is equality

Expected: "ok"
Received: "exception"

 ❯ run src/session-charmap-codec-api.test.ts:13:32
     11|     if(message.status==="ok")detail=String(message.value.primitive);
     12|   }
     13|   expect(result.status,detail).toBe("ok");
       |                                ^
     14| }
     15|
 ❯ src/session-charmap-codec-api.test.ts:135:5

⎯⎯⎯⎯⎯⎯⎯⎯⎯⎯⎯⎯⎯⎯⎯⎯⎯⎯⎯⎯⎯⎯[4/327]⎯

 FAIL  src/session-codec-bom-newline-split-user.test.ts > actual BOM/newline state transfer: 'utf-16'
AssertionError: encoded b'\xff\xfe\xff\xfeA\x00\xe9\x00=\xd8\x00\xde\r\x00\n\x00\xff\xfeZ\x00'
: expected 'exception' to be 'ok' // Object.is equality

Expected: "ok"
Received: "exception"

 ❯ src/session-codec-bom-newline-split-user.test.ts:17:33
     15|   });
     16|   const result = session.exec(source);
     17|   expect(result.status, output).toBe('ok');
       |                                 ^
     18|   expect(output).toBe(row.oracle.stdout);
     19| });

⎯⎯⎯⎯⎯⎯⎯⎯⎯⎯⎯⎯⎯⎯⎯⎯⎯⎯⎯⎯⎯⎯[5/327]⎯

 FAIL  src/session-codec-bom-newline-split-user.test.ts > actual BOM/newline state transfer: 'utf-32'
AssertionError: encoded b'\xff\xfe\x00\x00\xff\xfe\x00\x00A\x00\x00\x00\xe9\x00\x00\x00\x00\xf6\x01\x00\r\x00\x00\x00\n\x00\x00\x00\xff\xfe\x00\x00Z\x00\x00\x00'
: expected 'exception' to be 'ok' // Object.is equality

Expected: "ok"
Received: "exception"

 ❯ src/session-codec-bom-newline-split-user.test.ts:17:33
     15|   });
     16|   const result = session.exec(source);
     17|   expect(result.status, output).toBe('ok');
       |                                 ^
     18|   expect(output).toBe(row.oracle.stdout);
     19| });

⎯⎯⎯⎯⎯⎯⎯⎯⎯⎯⎯⎯⎯⎯⎯⎯⎯⎯⎯⎯⎯⎯[6/327]⎯

 FAIL  src/session-codec-callback-recursion.test.ts > repeated 'utf-8' callback recursion preserves exact tracebacks and reset
AssertionError: prefix '' (b'\xed', 0)
: expected { status: 'terminated', …(2) } to deeply equal { status: 'ok' }

- Expected
+ Received

  {
-   "status": "ok",
+   "message": "Maximum call stack size exceeded",
+   "reason": "internal",
+   "status": "terminated",
  }

 ❯ src/session-codec-callback-recursion.test.ts:19:26
     17|   });
     18|   const result = session.exec(source);
     19|   expect(result, output).toEqual({status: "ok"});
       |                          ^
     20|   expect(output).toBe(row.stdout);
     21| });

⎯⎯⎯⎯⎯⎯⎯⎯⎯⎯⎯⎯⎯⎯⎯⎯⎯⎯⎯⎯⎯⎯[7/327]⎯

 FAIL  src/session-codec-callback-recursion.test.ts > repeated 'utf-8-sig' callback recursion preserves exact tracebacks and reset
AssertionError: prefix '' (b'\xef', 1)
: expected { status: 'terminated', …(2) } to deeply equal { status: 'ok' }

- Expected
+ Received

  {
-   "status": "ok",
+   "message": "Maximum call stack size exceeded",
+   "reason": "internal",
+   "status": "terminated",
  }

 ❯ src/session-codec-callback-recursion.test.ts:19:26
     17|   });
     18|   const result = session.exec(source);
     19|   expect(result, output).toEqual({status: "ok"});
       |                          ^
     20|   expect(output).toBe(row.stdout);
     21| });

⎯⎯⎯⎯⎯⎯⎯⎯⎯⎯⎯⎯⎯⎯⎯⎯⎯⎯⎯⎯⎯⎯[8/327]⎯

 FAIL  src/session-codec-callback-recursion.test.ts > repeated 'utf-16-le' callback recursion preserves exact tracebacks and reset
 FAIL  src/session-codec-callback-recursion.test.ts > repeated 'utf-32-le' callback recursion preserves exact tracebacks and reset
 FAIL  src/session-codec-callback-recursion.test.ts > repeated 'utf-32-be' callback recursion preserves exact tracebacks and reset
AssertionError: prefix '' (b'\x00', 0)
: expected { status: 'terminated', …(2) } to deeply equal { status: 'ok' }

- Expected
+ Received

  {
-   "status": "ok",
+   "message": "Maximum call stack size exceeded",
+   "reason": "internal",
+   "status": "terminated",
  }

 ❯ src/session-codec-callback-recursion.test.ts:19:26
     17|   });
     18|   const result = session.exec(source);
     19|   expect(result, output).toEqual({status: "ok"});
       |                          ^
     20|   expect(output).toBe(row.stdout);
     21| });

⎯⎯⎯⎯⎯⎯⎯⎯⎯⎯⎯⎯⎯⎯⎯⎯⎯⎯⎯⎯⎯⎯[9/327]⎯

 FAIL  src/session-codec-callback-recursion.test.ts > repeated 'utf-16-be' callback recursion preserves exact tracebacks and reset
AssertionError: prefix '' (b'\xd8', 0)
: expected { status: 'terminated', …(2) } to deeply equal { status: 'ok' }

- Expected
+ Received

  {
-   "status": "ok",
+   "message": "Maximum call stack size exceeded",
+   "reason": "internal",
+   "status": "terminated",
  }

 ❯ src/session-codec-callback-recursion.test.ts:19:26
     17|   });
     18|   const result = session.exec(source);
     19|   expect(result, output).toEqual({status: "ok"});
       |                          ^
     20|   expect(output).toBe(row.stdout);
     21| });

⎯⎯⎯⎯⎯⎯⎯⎯⎯⎯⎯⎯⎯⎯⎯⎯⎯⎯⎯⎯⎯[10/327]⎯

 FAIL  src/session-codec-callback-service.test.ts > 'utf-8' unwinds service failure at callback 250 and repeats after reset
AssertionError: {"reads":86,"output":""}: expected { status: 'terminated', …(2) } to deeply equal { status: 'ok' }

- Expected
+ Received

  {
-   "status": "ok",
+   "message": "Maximum call stack size exceeded",
+   "reason": "internal",
+   "status": "terminated",
  }

 ❯ src/session-codec-callback-service.test.ts:22:51
     20|   });
     21|   const result = session.exec(expected.source);
     22|   expect(result, JSON.stringify({reads, output})).toEqual({status: "ok…
       |                                                   ^
     23|   expect(reads).toBe(stopAt * 2);
     24|   expect(output).toBe(expected.stdout);

⎯⎯⎯⎯⎯⎯⎯⎯⎯⎯⎯⎯⎯⎯⎯⎯⎯⎯⎯⎯⎯[11/327]⎯

 FAIL  src/session-codec-callback-service.test.ts > 'utf-8-sig' unwinds service failure at callback 250 and repeats after reset
AssertionError: {"reads":75,"output":""}: expected { status: 'terminated', …(2) } to deeply equal { status: 'ok' }

- Expected
+ Received

  {
-   "status": "ok",
+   "message": "Maximum call stack size exceeded",
+   "reason": "internal",
+   "status": "terminated",
  }

 ❯ src/session-codec-callback-service.test.ts:22:51
     20|   });
     21|   const result = session.exec(expected.source);
     22|   expect(result, JSON.stringify({reads, output})).toEqual({status: "ok…
       |                                                   ^
     23|   expect(reads).toBe(stopAt * 2);
     24|   expect(output).toBe(expected.stdout);

⎯⎯⎯⎯⎯⎯⎯⎯⎯⎯⎯⎯⎯⎯⎯⎯⎯⎯⎯⎯⎯[12/327]⎯

 FAIL  src/session-codec-callback-service.test.ts > 'utf-16-le' unwinds service failure at callback 250 and repeats after reset
AssertionError: {"reads":111,"output":""}: expected { status: 'terminated', …(2) } to deeply equal { status: 'ok' }

- Expected
+ Received

  {
-   "status": "ok",
+   "message": "Maximum call stack size exceeded",
+   "reason": "internal",
+   "status": "terminated",
  }

 ❯ src/session-codec-callback-service.test.ts:22:51
     20|   });
     21|   const result = session.exec(expected.source);
     22|   expect(result, JSON.stringify({reads, output})).toEqual({status: "ok…
       |                                                   ^
     23|   expect(reads).toBe(stopAt * 2);
     24|   expect(output).toBe(expected.stdout);

⎯⎯⎯⎯⎯⎯⎯⎯⎯⎯⎯⎯⎯⎯⎯⎯⎯⎯⎯⎯⎯[13/327]⎯

 FAIL  src/session-codec-callback-service.test.ts > 'utf-16-be' unwinds service failure at callback 250 and repeats after reset
 FAIL  src/session-codec-callback-service.test.ts > 'utf-32-le' unwinds service failure at callback 250 and repeats after reset
AssertionError: {"reads":115,"output":""}: expected { status: 'terminated', …(2) } to deeply equal { status: 'ok' }

- Expected
+ Received

  {
-   "status": "ok",
+   "message": "Maximum call stack size exceeded",
+   "reason": "internal",
+   "status": "terminated",
  }

 ❯ src/session-codec-callback-service.test.ts:22:51
     20|   });
     21|   const result = session.exec(expected.source);
     22|   expect(result, JSON.stringify({reads, output})).toEqual({status: "ok…
       |                                                   ^
     23|   expect(reads).toBe(stopAt * 2);
     24|   expect(output).toBe(expected.stdout);

⎯⎯⎯⎯⎯⎯⎯⎯⎯⎯⎯⎯⎯⎯⎯⎯⎯⎯⎯⎯⎯[14/327]⎯

 FAIL  src/session-codec-callback-service.test.ts > 'utf-32-be' unwinds service failure at callback 250 and repeats after reset
AssertionError: {"reads":117,"output":""}: expected { status: 'terminated', …(2) } to deeply equal { status: 'ok' }

- Expected
+ Received

  {
-   "status": "ok",
+   "message": "Maximum call stack size exceeded",
+   "reason": "internal",
+   "status": "terminated",
  }

 ❯ src/session-codec-callback-service.test.ts:22:51
     20|   });
     21|   const result = session.exec(expected.source);
     22|   expect(result, JSON.stringify({reads, output})).toEqual({status: "ok…
       |                                                   ^
     23|   expect(reads).toBe(stopAt * 2);
     24|   expect(output).toBe(expected.stdout);

⎯⎯⎯⎯⎯⎯⎯⎯⎯⎯⎯⎯⎯⎯⎯⎯⎯⎯⎯⎯⎯[15/327]⎯

 FAIL  src/session-codec-callback-service.test.ts > 'utf-8' cancels at callback 250 (service throws: false) without crossing interpreters
AssertionError: {"reads":108,"output":""}: expected { status: 'terminated', …(2) } to match object { status: 'terminated', …(1) }
(1 matching property omitted from actual)

- Expected
+ Received

  {
-   "reason": "cancelled",
+   "reason": "internal",
    "status": "terminated",
  }

 ❯ src/session-codec-callback-service.test.ts:53:53
     51|     expect(isolated.exec(independent)).toEqual({status: "ok"});
     52|     expect(isolatedReads).toBe(0);
     53|     expect(result, JSON.stringify({reads, output})).toMatchObject({sta…
       |                                                     ^
     54|     expect(reads).toBe(stopAt);
     55|     expect(output).toBe("");

⎯⎯⎯⎯⎯⎯⎯⎯⎯⎯⎯⎯⎯⎯⎯⎯⎯⎯⎯⎯⎯[16/327]⎯

 FAIL  src/session-codec-callback-service.test.ts > 'utf-8' cancels at callback 250 (service throws: true) without crossing interpreters
AssertionError: {"reads":111,"output":""}: expected { status: 'terminated', …(2) } to match object { status: 'terminated', …(1) }
(1 matching property omitted from actual)

- Expected
+ Received

  {
-   "reason": "cancelled",
+   "reason": "internal",
    "status": "terminated",
  }

 ❯ src/session-codec-callback-service.test.ts:53:53
     51|     expect(isolated.exec(independent)).toEqual({status: "ok"});
     52|     expect(isolatedReads).toBe(0);
     53|     expect(result, JSON.stringify({reads, output})).toMatchObject({sta…
       |                                                     ^
     54|     expect(reads).toBe(stopAt);
     55|     expect(output).toBe("");

⎯⎯⎯⎯⎯⎯⎯⎯⎯⎯⎯⎯⎯⎯⎯⎯⎯⎯⎯⎯⎯[17/327]⎯

 FAIL  src/session-codec-callback-service.test.ts > 'utf-8-sig' cancels at callback 250 (service throws: false) without crossing interpreters
 FAIL  src/session-codec-callback-service.test.ts > 'utf-8-sig' cancels at callback 250 (service throws: true) without crossing interpreters
AssertionError: {"reads":84,"output":""}: expected { status: 'terminated', …(2) } to match object { status: 'terminated', …(1) }
(1 matching property omitted from actual)

- Expected
+ Received

  {
-   "reason": "cancelled",
+   "reason": "internal",
    "status": "terminated",
  }

 ❯ src/session-codec-callback-service.test.ts:53:53
     51|     expect(isolated.exec(independent)).toEqual({status: "ok"});
     52|     expect(isolatedReads).toBe(0);
     53|     expect(result, JSON.stringify({reads, output})).toMatchObject({sta…
       |                                                     ^
     54|     expect(reads).toBe(stopAt);
     55|     expect(output).toBe("");

⎯⎯⎯⎯⎯⎯⎯⎯⎯⎯⎯⎯⎯⎯⎯⎯⎯⎯⎯⎯⎯[18/327]⎯

 FAIL  src/session-codec-callback-service.test.ts > 'utf-16-le' cancels at callback 250 (service throws: false) without crossing interpreters
 FAIL  src/session-codec-callback-service.test.ts > 'utf-16-le' cancels at callback 250 (service throws: true) without crossing interpreters
 FAIL  src/session-codec-callback-service.test.ts > 'utf-16-be' cancels at callback 250 (service throws: false) without crossing interpreters
AssertionError: {"reads":122,"output":""}: expected { status: 'terminated', …(2) } to match object { status: 'terminated', …(1) }
(1 matching property omitted from actual)

- Expected
+ Received

  {
-   "reason": "cancelled",
+   "reason": "internal",
    "status": "terminated",
  }

 ❯ src/session-codec-callback-service.test.ts:53:53
     51|     expect(isolated.exec(independent)).toEqual({status: "ok"});
     52|     expect(isolatedReads).toBe(0);
     53|     expect(result, JSON.stringify({reads, output})).toMatchObject({sta…
       |                                                     ^
     54|     expect(reads).toBe(stopAt);
     55|     expect(output).toBe("");

⎯⎯⎯⎯⎯⎯⎯⎯⎯⎯⎯⎯⎯⎯⎯⎯⎯⎯⎯⎯⎯[19/327]⎯

 FAIL  src/session-codec-callback-service.test.ts > 'utf-16-be' cancels at callback 250 (service throws: true) without crossing interpreters
AssertionError: {"reads":126,"output":""}: expected { status: 'terminated', …(2) } to match object { status: 'terminated', …(1) }
(1 matching property omitted from actual)

- Expected
+ Received

  {
-   "reason": "cancelled",
+   "reason": "internal",
    "status": "terminated",
  }

 ❯ src/session-codec-callback-service.test.ts:53:53
     51|     expect(isolated.exec(independent)).toEqual({status: "ok"});
     52|     expect(isolatedReads).toBe(0);
     53|     expect(result, JSON.stringify({reads, output})).toMatchObject({sta…
       |                                                     ^
     54|     expect(reads).toBe(stopAt);
     55|     expect(output).toBe("");

⎯⎯⎯⎯⎯⎯⎯⎯⎯⎯⎯⎯⎯⎯⎯⎯⎯⎯⎯⎯⎯[20/327]⎯

 FAIL  src/session-codec-callback-service.test.ts > 'utf-32-le' cancels at callback 250 (service throws: false) without crossing interpreters
 FAIL  src/session-codec-callback-service.test.ts > 'utf-32-le' cancels at callback 250 (service throws: true) without crossing interpreters
 FAIL  src/session-codec-callback-service.test.ts > 'utf-32-be' cancels at callback 250 (service throws: false) without crossing interpreters
 FAIL  src/session-codec-callback-service.test.ts > 'utf-32-be' cancels at callback 250 (service throws: true) without crossing interpreters
AssertionError: {"reads":131,"output":""}: expected { status: 'terminated', …(2) } to match object { status: 'terminated', …(1) }
(1 matching property omitted from actual)

- Expected
+ Received

  {
-   "reason": "cancelled",
+   "reason": "internal",
    "status": "terminated",
  }

 ❯ src/session-codec-callback-service.test.ts:53:53
     51|     expect(isolated.exec(independent)).toEqual({status: "ok"});
     52|     expect(isolatedReads).toBe(0);
     53|     expect(result, JSON.stringify({reads, output})).toMatchObject({sta…
       |                                                     ^
     54|     expect(reads).toBe(stopAt);
     55|     expect(output).toBe("");

⎯⎯⎯⎯⎯⎯⎯⎯⎯⎯⎯⎯⎯⎯⎯⎯⎯⎯⎯⎯⎯[21/327]⎯

 FAIL  src/session-codec-cstring-replacement.test.ts > 'c2 decoded 8 as UTF-8 replacement'
AssertionError: expected '\'8\' True\nok\nok\n2\nutf-8\nok\nok\…' to be '\'8\' True\nok\nok\n2\nutf-8\nok\nok\…' // Object.is equality

- Expected
+ Received

@@ -79,12 +79,12 @@
  latin1 b'8'
  latin1 b'8'
  utf8 b'8'
  utf8 b'8'
  utf8 b'8'
- utf16 b'\xff\xfe8\x00'
+ utf16 LookupError unknown encoding: utf16
  utf16 b'\xff\xfe8\x00'
  utf16 b'\xff\xfe8\x00'
- utf32 b'\xff\xfe\x00\x008\x00\x00\x00'
+ utf32 LookupError unknown encoding: utf32
  utf32 b'\xff\xfe\x00\x008\x00\x00\x00'
  utf32 b'\xff\xfe\x00\x008\x00\x00\x00'


 ❯ src/session-codec-cstring-replacement.test.ts:16:18
     14|   });
     15|   expect(session.exec(source).status).toBe('ok');
     16|   expect(output).toBe(expected.stdout);
       |                  ^
     17| });
     18|

⎯⎯⎯⎯⎯⎯⎯⎯⎯⎯⎯⎯⎯⎯⎯⎯⎯⎯⎯⎯⎯[22/327]⎯

 FAIL  src/session-codec-cstring-replacement.test.ts > 'c2 decoded 88 as UTF-8 replacement'
AssertionError: expected '\'88\' False\nUnicodeEncodeError True…' to be '\'88\' False\nUnicodeEncodeError True…' // Object.is equality

- Expected
+ Received

@@ -79,12 +79,12 @@
  latin1 b'88'
  latin1 b'88'
  utf8 UnicodeEncodeError True utf-8 0 1 surrogates not allowed
  utf8 UnicodeEncodeError True utf-8 0 1 surrogates not allowed
  utf8 UnicodeEncodeError True utf-8 0 1 surrogates not allowed
- utf16 UnicodeEncodeError True utf-16 0 1 surrogates not allowed
+ utf16 LookupError unknown encoding: utf16
  utf16 UnicodeEncodeError True utf-16 0 1 surrogates not allowed
  utf16 UnicodeEncodeError True utf-16 0 1 surrogates not allowed
- utf32 UnicodeEncodeError True utf-32 0 1 surrogates not allowed
+ utf32 LookupError unknown encoding: utf32
  utf32 UnicodeEncodeError True utf-32 0 1 surrogates not allowed
  utf32 UnicodeEncodeError True utf-32 0 1 surrogates not allowed


 ❯ src/session-codec-cstring-replacement.test.ts:16:18
     14|   });
     15|   expect(session.exec(source).status).toBe('ok');
     16|   expect(output).toBe(expected.stdout);
       |                  ^
     17| });
     18|

⎯⎯⎯⎯⎯⎯⎯⎯⎯⎯⎯⎯⎯⎯⎯⎯⎯⎯⎯⎯⎯[23/327]⎯

 FAIL  src/session-codec-cstring-replacement.test.ts > 'c4 decoded 8 as UTF-8 replacement'
 FAIL  src/session-codec-cstring-replacement.test.ts > 'f0 decoded 8 as UTF-8 replacement'
AssertionError: expected '\'8\' False\nUnicodeEncodeError True …' to be '\'8\' False\nUnicodeEncodeError True …' // Object.is equality

- Expected
+ Received

@@ -79,12 +79,12 @@
  latin1 UnicodeEncodeError True latin-1 0 1 ordinal not in range(256)
  latin1 UnicodeEncodeError True latin-1 0 1 ordinal not in range(256)
  utf8 UnicodeEncodeError True utf-8 0 1 surrogates not allowed
  utf8 UnicodeEncodeError True utf-8 0 1 surrogates not allowed
  utf8 UnicodeEncodeError True utf-8 0 1 surrogates not allowed
- utf16 UnicodeEncodeError True utf-16 0 1 surrogates not allowed
+ utf16 LookupError unknown encoding: utf16
  utf16 UnicodeEncodeError True utf-16 0 1 surrogates not allowed
  utf16 UnicodeEncodeError True utf-16 0 1 surrogates not allowed
- utf32 UnicodeEncodeError True utf-32 0 1 surrogates not allowed
+ utf32 LookupError unknown encoding: utf32
  utf32 UnicodeEncodeError True utf-32 0 1 surrogates not allowed
  utf32 UnicodeEncodeError True utf-32 0 1 surrogates not allowed


 ❯ src/session-codec-cstring-replacement.test.ts:16:18
     14|   });
     15|   expect(session.exec(source).status).toBe('ok');
     16|   expect(output).toBe(expected.stdout);
       |                  ^
     17| });
     18|

⎯⎯⎯⎯⎯⎯⎯⎯⎯⎯⎯⎯⎯⎯⎯⎯⎯⎯⎯⎯⎯[24/327]⎯

 FAIL  src/session-codec-cstring-replacement.test.ts > 'c4 decoded 88 as UTF-8 replacement'
 FAIL  src/session-codec-cstring-replacement.test.ts > 'f0 decoded 88 as UTF-8 replacement'
AssertionError: expected '\'88\' False\nUnicodeEncodeError True…' to be '\'88\' False\nUnicodeEncodeError True…' // Object.is equality

- Expected
+ Received

@@ -79,12 +79,12 @@
  latin1 UnicodeEncodeError True latin-1 0 1 ordinal not in range(256)
  latin1 UnicodeEncodeError True latin-1 0 1 ordinal not in range(256)
  utf8 UnicodeEncodeError True utf-8 0 1 surrogates not allowed
  utf8 UnicodeEncodeError True utf-8 0 1 surrogates not allowed
  utf8 UnicodeEncodeError True utf-8 0 1 surrogates not allowed
- utf16 UnicodeEncodeError True utf-16 0 1 surrogates not allowed
+ utf16 LookupError unknown encoding: utf16
  utf16 UnicodeEncodeError True utf-16 0 1 surrogates not allowed
  utf16 UnicodeEncodeError True utf-16 0 1 surrogates not allowed
- utf32 UnicodeEncodeError True utf-32 0 1 surrogates not allowed
+ utf32 LookupError unknown encoding: utf32
  utf32 UnicodeEncodeError True utf-32 0 1 surrogates not allowed
  utf32 UnicodeEncodeError True utf-32 0 1 surrogates not allowed


 ❯ src/session-codec-cstring-replacement.test.ts:16:18
     14|   });
     15|   expect(session.exec(source).status).toBe('ok');
     16|   expect(output).toBe(expected.stdout);
       |                  ^
     17| });
     18|

⎯⎯⎯⎯⎯⎯⎯⎯⎯⎯⎯⎯⎯⎯⎯⎯⎯⎯⎯⎯⎯[25/327]⎯

 FAIL  src/session-codec-decoder-consumers.test.ts > registered decoder consumer: 'source.decode(\'decoder-contract\'): …'
 FAIL  src/session-codec-decoder-consumers.test.ts > registered decoder consumer: 'source.decode(\'decoder-contract\'): …'
 FAIL  src/session-codec-decoder-consumers.test.ts > registered decoder consumer: 'bytes.decode(source, \'decoder-contra…'
 FAIL  src/session-codec-decoder-consumers.test.ts > registered decoder consumer: 'bytes.decode(source, \'decoder-contra…'
 FAIL  src/session-codec-decoder-consumers.test.ts > registered decoder consumer: 'str(source, \'decoder-contract\'): om…'
 FAIL  src/session-codec-decoder-consumers.test.ts > registered decoder consumer: 'str(source, \'decoder-contract\'): ex…'
 FAIL  src/session-codec-decoder-consumers.test.ts > registered decoder consumer: 'str.__new__(str, source, \'decoder-co…'
 FAIL  src/session-codec-decoder-consumers.test.ts > registered decoder consumer: 'str.__new__(str, source, \'decoder-co…'
AssertionError: unknown encoding: decoder-contract: expected 'exception' to be 'ok' // Object.is equality

Expected: "ok"
Received: "exception"

 ❯ src/session-codec-decoder-consumers.test.ts:14:33
     12|     if (diagnostic.status === "ok") detail = String(diagnostic.value.p…
     13|   }
     14|   expect(result.status, detail).toBe("ok");
       |                                 ^
     15| });
     16|

⎯⎯⎯⎯⎯⎯⎯⎯⎯⎯⎯⎯⎯⎯⎯⎯⎯⎯⎯⎯⎯[26/327]⎯

 FAIL  src/session-codec-encoder-callback-state.test.ts > 'utf-16; keep; negative resume'
 FAIL  src/session-codec-encoder-callback-state.test.ts > 'utf-16; keep; index failure'
 FAIL  src/session-codec-encoder-callback-state.test.ts > 'utf-16; reset; negative resume'
 FAIL  src/session-codec-encoder-callback-state.test.ts > 'utf-16; reset; index failure'
 FAIL  src/session-codec-encoder-callback-state.test.ts > 'utf-16; setstate; negative resume'
 FAIL  src/session-codec-encoder-callback-state.test.ts > 'utf-16; setstate; index failure'
 FAIL  src/session-codec-encoder-callback-state.test.ts > 'utf-16; nested; negative resume'
 FAIL  src/session-codec-encoder-callback-state.test.ts > 'utf-16; nested; index failure'
AssertionError: unknown encoding: utf-16: expected 'exception' to be 'ok' // Object.is equality

Expected: "ok"
Received: "exception"

 ❯ src/session-codec-encoder-callback-state.test.ts:22:37
     20|     if (detail.status === 'ok') diagnostic += String(detail.value.prim…
     21|   }
     22|   expect(result.status, diagnostic).toBe('ok');
       |                                     ^
     23|   expect(output).toBe(oracle.output);
     24| });

⎯⎯⎯⎯⎯⎯⎯⎯⎯⎯⎯⎯⎯⎯⎯⎯⎯⎯⎯⎯⎯[27/327]⎯

 FAIL  src/session-codec-encoder-callback-state.test.ts > 'utf-32; keep; negative resume'
 FAIL  src/session-codec-encoder-callback-state.test.ts > 'utf-32; keep; index failure'
 FAIL  src/session-codec-encoder-callback-state.test.ts > 'utf-32; reset; negative resume'
 FAIL  src/session-codec-encoder-callback-state.test.ts > 'utf-32; reset; index failure'
 FAIL  src/session-codec-encoder-callback-state.test.ts > 'utf-32; setstate; negative resume'
 FAIL  src/session-codec-encoder-callback-state.test.ts > 'utf-32; setstate; index failure'
 FAIL  src/session-codec-encoder-callback-state.test.ts > 'utf-32; nested; negative resume'
 FAIL  src/session-codec-encoder-callback-state.test.ts > 'utf-32; nested; index failure'
AssertionError: unknown encoding: utf-32: expected 'exception' to be 'ok' // Object.is equality

Expected: "ok"
Received: "exception"

 ❯ src/session-codec-encoder-callback-state.test.ts:22:37
     20|     if (detail.status === 'ok') diagnostic += String(detail.value.prim…
     21|   }
     22|   expect(result.status, diagnostic).toBe('ok');
       |                                     ^
     23|   expect(output).toBe(oracle.output);
     24| });

⎯⎯⎯⎯⎯⎯⎯⎯⎯⎯⎯⎯⎯⎯⎯⎯⎯⎯⎯⎯⎯[28/327]⎯

 FAIL  src/session-codec-frozen-execution.test.ts > frozen execution: 'late frozen import failure retains es…'
AssertionError: 'code' object has no attribute 'co_consts': expected 'exception' to be 'ok' // Object.is equality

Expected: "ok"
Received: "exception"

 ❯ src/session-codec-frozen-execution.test.ts:42:33
     40|     if (diagnostic.status === "ok") detail = String(diagnostic.value.p…
     41|   }
     42|   expect(result.status, detail).toBe("ok");
       |                                 ^
     43|   expect(stdout).toBe(output);
     44|   // The mutated base class and the imported module cannot leak to a n…

⎯⎯⎯⎯⎯⎯⎯⎯⎯⎯⎯⎯⎯⎯⎯⎯⎯⎯⎯⎯⎯[29/327]⎯

 FAIL  src/session-codec-incremental-callback-user.test.ts > incremental callback user audit: 'utf-8; reenter; return'
 FAIL  src/session-codec-incremental-callback-user.test.ts > incremental callback user audit: 'utf-8; reenter; raise'
 FAIL  src/session-codec-incremental-callback-user.test.ts > incremental callback user audit: 'utf-8; reenter; overflow'
 FAIL  src/session-codec-incremental-callback-user.test.ts > incremental callback user audit: 'utf-8-sig; reenter; return'
 FAIL  src/session-codec-incremental-callback-user.test.ts > incremental callback user audit: 'utf-8-sig; reenter; raise'
 FAIL  src/session-codec-incremental-callback-user.test.ts > incremental callback user audit: 'utf-8-sig; reenter; overflow'
 FAIL  src/session-codec-incremental-callback-user.test.ts > incremental callback user audit: 'utf-16-le; reenter; return'
 FAIL  src/session-codec-incremental-callback-user.test.ts > incremental callback user audit: 'utf-16-le; reenter; raise'
 FAIL  src/session-codec-incremental-callback-user.test.ts > incremental callback user audit: 'utf-16-le; reenter; overflow'
 FAIL  src/session-codec-incremental-callback-user.test.ts > incremental callback user audit: 'utf-16-be; reenter; return'
 FAIL  src/session-codec-incremental-callback-user.test.ts > incremental callback user audit: 'utf-16-be; reenter; raise'
 FAIL  src/session-codec-incremental-callback-user.test.ts > incremental callback user audit: 'utf-16-be; reenter; overflow'
 FAIL  src/session-codec-incremental-callback-user.test.ts > incremental callback user audit: 'utf-32-le; reenter; return'
 FAIL  src/session-codec-incremental-callback-user.test.ts > incremental callback user audit: 'utf-32-le; reenter; raise'
 FAIL  src/session-codec-incremental-callback-user.test.ts > incremental callback user audit: 'utf-32-le; reenter; overflow'
 FAIL  src/session-codec-incremental-callback-user.test.ts > incremental callback user audit: 'utf-32-be; reenter; return'
 FAIL  src/session-codec-incremental-callback-user.test.ts > incremental callback user audit: 'utf-32-be; reenter; raise'
 FAIL  src/session-codec-incremental-callback-user.test.ts > incremental callback user audit: 'utf-32-be; reenter; overflow'
AssertionError: {"status":"terminated","reason":"internal","message":"Maximum call stack size exceeded"}: expected 'terminated' to be 'ok' // Object.is equality

Expected: "ok"
Received: "terminated"

 ❯ src/session-codec-incremental-callback-user.test.ts:22:91
     20|   });
     21|   const result = session.exec(source);
     22|   expect(result.status, result.status === "terminated" ? JSON.stringif…
       |                                                                                           ^
     23|   expect(output).toBe(row.stdout);
     24| });

⎯⎯⎯⎯⎯⎯⎯⎯⎯⎯⎯⎯⎯⎯⎯⎯⎯⎯⎯⎯⎯[30/327]⎯

 FAIL  src/session-codec-module.test.ts > shares imported registrations with native text methods and constructors
AssertionError: unknown encoding: public_text: expected 'exception' to be 'ok' // Object.is equality

Expected: "ok"
Received: "exception"

 ❯ run src/session-codec-module.test.ts:13:32
     11|     if(message.status==="ok")detail=String(message.value.primitive);
     12|   }
     13|   expect(result.status,detail).toBe("ok");
       |                                ^
     14| }
     15|
 ❯ src/session-codec-module.test.ts:77:3

⎯⎯⎯⎯⎯⎯⎯⎯⎯⎯⎯⎯⎯⎯⎯⎯⎯⎯⎯⎯⎯[31/327]⎯

 FAIL  src/session-codec-multibyte-encoder-reentry.test.ts > 'gb2312' preserves callback and restored pending state
AssertionError: LookupError('unknown encoding: gb2312'): expected 'exception' to be 'ok' // Object.is equality

Expected: "ok"
Received: "exception"

 ❯ src/session-codec-multibyte-encoder-reentry.test.ts:24:37
     22|     if (detail.status === 'ok') diagnostic += String(detail.value.prim…
     23|   }
     24|   expect(result.status, diagnostic).toBe('ok');
       |                                     ^
     25|   expect(output).toBe(oracle.stdout);
     26| });

⎯⎯⎯⎯⎯⎯⎯⎯⎯⎯⎯⎯⎯⎯⎯⎯⎯⎯⎯⎯⎯[32/327]⎯

 FAIL  src/session-codec-multibyte-encoder-reentry.test.ts > 'gbk' preserves callback and restored pending state
AssertionError: LookupError('unknown encoding: gbk'): expected 'exception' to be 'ok' // Object.is equality

Expected: "ok"
Received: "exception"

 ❯ src/session-codec-multibyte-encoder-reentry.test.ts:24:37
     22|     if (detail.status === 'ok') diagnostic += String(detail.value.prim…
     23|   }
     24|   expect(result.status, diagnostic).toBe('ok');
       |                                     ^
     25|   expect(output).toBe(oracle.stdout);
     26| });

⎯⎯⎯⎯⎯⎯⎯⎯⎯⎯⎯⎯⎯⎯⎯⎯⎯⎯⎯⎯⎯[33/327]⎯

 FAIL  src/session-codec-multibyte-encoder-reentry.test.ts > 'euc_jis_2004' preserves callback and restored pending state
AssertionError: LookupError('unknown encoding: euc_jis_2004'): expected 'exception' to be 'ok' // Object.is equality

Expected: "ok"
Received: "exception"

 ❯ src/session-codec-multibyte-encoder-reentry.test.ts:24:37
     22|     if (detail.status === 'ok') diagnostic += String(detail.value.prim…
     23|   }
     24|   expect(result.status, diagnostic).toBe('ok');
       |                                     ^
     25|   expect(output).toBe(oracle.stdout);
     26| });

⎯⎯⎯⎯⎯⎯⎯⎯⎯⎯⎯⎯⎯⎯⎯⎯⎯⎯⎯⎯⎯[34/327]⎯

 FAIL  src/session-codec-multibyte-encoder-reentry.test.ts > 'euc_jisx0213' preserves callback and restored pending state
AssertionError: LookupError('unknown encoding: euc_jisx0213'): expected 'exception' to be 'ok' // Object.is equality

Expected: "ok"
Received: "exception"

 ❯ src/session-codec-multibyte-encoder-reentry.test.ts:24:37
     22|     if (detail.status === 'ok') diagnostic += String(detail.value.prim…
     23|   }
     24|   expect(result.status, diagnostic).toBe('ok');
       |                                     ^
     25|   expect(output).toBe(oracle.stdout);
     26| });

⎯⎯⎯⎯⎯⎯⎯⎯⎯⎯⎯⎯⎯⎯⎯⎯⎯⎯⎯⎯⎯[35/327]⎯

 FAIL  src/session-codec-multibyte-encoder-reentry.test.ts > 'shift_jis_2004' preserves callback and restored pending state
AssertionError: LookupError('unknown encoding: shift_jis_2004'): expected 'exception' to be 'ok' // Object.is equality

Expected: "ok"
Received: "exception"

 ❯ src/session-codec-multibyte-encoder-reentry.test.ts:24:37
     22|     if (detail.status === 'ok') diagnostic += String(detail.value.prim…
     23|   }
     24|   expect(result.status, diagnostic).toBe('ok');
       |                                     ^
     25|   expect(output).toBe(oracle.stdout);
     26| });

⎯⎯⎯⎯⎯⎯⎯⎯⎯⎯⎯⎯⎯⎯⎯⎯⎯⎯⎯⎯⎯[36/327]⎯

 FAIL  src/session-codec-multibyte-encoder-reentry.test.ts > 'shift_jisx0213' preserves callback and restored pending state
AssertionError: LookupError('unknown encoding: shift_jisx0213'): expected 'exception' to be 'ok' // Object.is equality

Expected: "ok"
Received: "exception"

 ❯ src/session-codec-multibyte-encoder-reentry.test.ts:24:37
     22|     if (detail.status === 'ok') diagnostic += String(detail.value.prim…
     23|   }
     24|   expect(result.status, diagnostic).toBe('ok');
       |                                     ^
     25|   expect(output).toBe(oracle.stdout);
     26| });

⎯⎯⎯⎯⎯⎯⎯⎯⎯⎯⎯⎯⎯⎯⎯⎯⎯⎯⎯⎯⎯[37/327]⎯

 FAIL  src/session-codec-native-failures.test.ts > native codec failure: 'u16: text.encode(encoding)'
 FAIL  src/session-codec-native-failures.test.ts > native codec failure: 'u16: str.encode(text, encoding)'
 FAIL  src/session-codec-native-failures.test.ts > native codec failure: 'u16: bytes(text, encoding)'
 FAIL  src/session-codec-native-failures.test.ts > native codec failure: 'u16: bytes.__new__(bytes, text, encod…'
AssertionError: unknown encoding: u16: expected 'exception' to be 'ok' // Object.is equality

Expected: "ok"
Received: "exception"

 ❯ src/session-codec-native-failures.test.ts:14:32
     12|     if(diagnostic.status==="ok")detail=String(diagnostic.value.primiti…
     13|   }
     14|   expect(result.status,detail).toBe("ok");
       |                                ^
     15| });
     16|

⎯⎯⎯⎯⎯⎯⎯⎯⎯⎯⎯⎯⎯⎯⎯⎯⎯⎯⎯⎯⎯[38/327]⎯

 FAIL  src/session-codec-native-failures.test.ts > native codec failure: 'u32: text.encode(encoding)'
 FAIL  src/session-codec-native-failures.test.ts > native codec failure: 'u32: str.encode(text, encoding)'
 FAIL  src/session-codec-native-failures.test.ts > native codec failure: 'u32: bytes(text, encoding)'
 FAIL  src/session-codec-native-failures.test.ts > native codec failure: 'u32: bytes.__new__(bytes, text, encod…'
AssertionError: unknown encoding: u32: expected 'exception' to be 'ok' // Object.is equality

Expected: "ok"
Received: "exception"

 ❯ src/session-codec-native-failures.test.ts:14:32
     12|     if(diagnostic.status==="ok")detail=String(diagnostic.value.primiti…
     13|   }
     14|   expect(result.status,detail).toBe("ok");
       |                                ^
     15| });
     16|

⎯⎯⎯⎯⎯⎯⎯⎯⎯⎯⎯⎯⎯⎯⎯⎯⎯⎯⎯⎯⎯[39/327]⎯

 FAIL  src/session-codec-native-slots.test.ts > native codec slots: 'hash inheritance failure 1'
 FAIL  src/session-codec-native-slots.test.ts > native codec slots: 'hash inheritance failure 2'
 FAIL  src/session-codec-native-slots.test.ts > native codec slots: 'hash inheritance failure 3'
AssertionError: 'NoneType' object has no attribute 'tb_frame': expected 'exception' to be 'ok' // Object.is equality

Expected: "ok"
Received: "exception"

 ❯ src/session-codec-native-slots.test.ts:15:41
     13|     if (diagnostic.status === "ok") detail = diagnostic.value.primitiv…
     14|   }
     15|   expect(result.status, String(detail)).toBe("ok");
       |                                         ^
     16| });
     17|

⎯⎯⎯⎯⎯⎯⎯⎯⎯⎯⎯⎯⎯⎯⎯⎯⎯⎯⎯⎯⎯[40/327]⎯

 FAIL  src/session-codec-native-wide-modules.test.ts > native wide codec module: 'utf-16 registry and module API'
 FAIL  src/session-codec-native-wide-modules.test.ts > native wide codec module: 'utf-16 incremental encoder state and …'
 FAIL  src/session-codec-native-wide-modules.test.ts > native wide codec module: 'utf-16 every incremental split and st…'
 FAIL  src/session-codec-native-wide-modules.test.ts > native wide codec module: 'utf-16 missing BOM and truncated inpu…'
 FAIL  src/session-codec-native-wide-modules.test.ts > native wide codec module: 'utf-16 stream adapters BOM and reset'
 FAIL  src/session-codec-native-wide-modules.test.ts > native wide codec module: 'utf-32 registry and module API'
 FAIL  src/session-codec-native-wide-modules.test.ts > native wide codec module: 'utf-32 incremental encoder state and …'
 FAIL  src/session-codec-native-wide-modules.test.ts > native wide codec module: 'utf-32 every incremental split and st…'
 FAIL  src/session-codec-native-wide-modules.test.ts > native wide codec module: 'utf-32 missing BOM and truncated inpu…'
 FAIL  src/session-codec-native-wide-modules.test.ts > native wide codec module: 'utf-32 stream adapters BOM and reset'
AssertionError: No module named 'sys': expected 'exception' to be 'ok' // Object.is equality

Expected: "ok"
Received: "exception"

 ❯ src/session-codec-native-wide-modules.test.ts:14:33
     12|     if (diagnostic.status === "ok") detail = String(diagnostic.value.p…
     13|   }
     14|   expect(result.status, detail).toBe("ok");
       |                                 ^
     15| });
     16|

⎯⎯⎯⎯⎯⎯⎯⎯⎯⎯⎯⎯⎯⎯⎯⎯⎯⎯⎯⎯⎯[41/327]⎯

 FAIL  src/session-codec-platform-modules.test.ts > platform codec: 'mbcs import failure and registry cache'
 FAIL  src/session-codec-platform-modules.test.ts > platform codec: 'oem import failure and registry cache'
 FAIL  src/session-codec-platform-modules.test.ts > platform codec: 'Windows code-page factory imports laz…'
AssertionError: expected 'exception' to be 'ok' // Object.is equality

Expected: "ok"
Received: "exception"

 ❯ src/session-codec-platform-modules.test.ts:14:33
     12|     if (diagnostic.status === "ok") detail = String(diagnostic.value.p…
     13|   }
     14|   expect(result.status, detail).toBe("ok");
       |                                 ^
     15| });
     16|

⎯⎯⎯⎯⎯⎯⎯⎯⎯⎯⎯⎯⎯⎯⎯⎯⎯⎯⎯⎯⎯[42/327]⎯

 FAIL  src/session-codec-public-contracts.test.ts > public codec contract: 'byte escape types, argument precedenc…'
AssertionError: No module named 'warnings': expected 'exception' to be 'ok' // Object.is equality

Expected: "ok"
Received: "exception"

 ❯ src/session-codec-public-contracts.test.ts:23:32
     21|     if(diagnostic.status==="ok")detail=String(diagnostic.value.primiti…
     22|   }
     23|   expect(result.status,detail).toBe("ok");
       |                                ^
     24|   expect(output).toBe(expected!.stdout);
     25| });

⎯⎯⎯⎯⎯⎯⎯⎯⎯⎯⎯⎯⎯⎯⎯⎯⎯⎯⎯⎯⎯[43/327]⎯

 FAIL  src/session-codec-public-contracts.test.ts > public codec contract: 'Punycode public decoder factories ret…'
AssertionError: name 'memoryview' is not defined: expected 'exception' to be 'ok' // Object.is equality

Expected: "ok"
Received: "exception"

 ❯ src/session-codec-public-contracts.test.ts:23:32
     21|     if(diagnostic.status==="ok")detail=String(diagnostic.value.primiti…
     22|   }
     23|   expect(result.status,detail).toBe("ok");
       |                                ^
     24|   expect(output).toBe(expected!.stdout);
     25| });

⎯⎯⎯⎯⎯⎯⎯⎯⎯⎯⎯⎯⎯⎯⎯⎯⎯⎯⎯⎯⎯[44/327]⎯

 FAIL  src/session-codec-public-contracts.test.ts > public codec contract: 'charmap surrogateescape retains origi…'
 FAIL  src/session-codec-public-contracts.test.ts > public codec contract: 'all standard handlers through publish…'
AssertionError: expected 'exception' to be 'ok' // Object.is equality

Expected: "ok"
Received: "exception"

 ❯ src/session-codec-public-contracts.test.ts:23:32
     21|     if(diagnostic.status==="ok")detail=String(diagnostic.value.primiti…
     22|   }
     23|   expect(result.status,detail).toBe("ok");
       |                                ^
     24|   expect(output).toBe(expected!.stdout);
     25| });

⎯⎯⎯⎯⎯⎯⎯⎯⎯⎯⎯⎯⎯⎯⎯⎯⎯⎯⎯⎯⎯[45/327]⎯

 FAIL  src/session-codec-public-contracts.test.ts > public codec contract: 'callback failures preserve identity, …'
AssertionError: 'NoneType' object has no attribute 'tb_frame': expected 'exception' to be 'ok' // Object.is equality

Expected: "ok"
Received: "exception"

 ❯ src/session-codec-public-contracts.test.ts:23:32
     21|     if(diagnostic.status==="ok")detail=String(diagnostic.value.primiti…
     22|   }
     23|   expect(result.status,detail).toBe("ok");
       |                                ^
     24|   expect(output).toBe(expected!.stdout);
     25| });

⎯⎯⎯⎯⎯⎯⎯⎯⎯⎯⎯⎯⎯⎯⎯⎯⎯⎯⎯⎯⎯[46/327]⎯

 FAIL  src/session-codec-public-contracts.test.ts > public codec contract: 'custom codecs shared by encode/decode…'
AssertionError: unknown encoding: public_consumer: expected 'exception' to be 'ok' // Object.is equality

Expected: "ok"
Received: "exception"

 ❯ src/session-codec-public-contracts.test.ts:23:32
     21|     if(diagnostic.status==="ok")detail=String(diagnostic.value.primiti…
     22|   }
     23|   expect(result.status,detail).toBe("ok");
       |                                ^
     24|   expect(output).toBe(expected!.stdout);
     25| });

⎯⎯⎯⎯⎯⎯⎯⎯⎯⎯⎯⎯⎯⎯⎯⎯⎯⎯⎯⎯⎯[47/327]⎯

 FAIL  src/session-codec-public-contracts.test.ts > public codec contract: 'decoder subtype identity and tuple ov…'
AssertionError: unknown encoding: public_subtype: expected 'exception' to be 'ok' // Object.is equality

Expected: "ok"
Received: "exception"

 ❯ src/session-codec-public-contracts.test.ts:23:32
     21|     if(diagnostic.status==="ok")detail=String(diagnostic.value.primiti…
     22|   }
     23|   expect(result.status,detail).toBe("ok");
       |                                ^
     24|   expect(output).toBe(expected!.stdout);
     25| });

⎯⎯⎯⎯⎯⎯⎯⎯⎯⎯⎯⎯⎯⎯⎯⎯⎯⎯⎯⎯⎯[48/327]⎯

 FAIL  src/session-codec-public-contracts.test.ts > public codec contract: 'stream reader/writer adapters over a …'
AssertionError: No module named 'io': expected 'exception' to be 'ok' // Object.is equality

Expected: "ok"
Received: "exception"

 ❯ src/session-codec-public-contracts.test.ts:23:32
     21|     if(diagnostic.status==="ok")detail=String(diagnostic.value.primiti…
     22|   }
     23|   expect(result.status,detail).toBe("ok");
       |                                ^
     24|   expect(output).toBe(expected!.stdout);
     25| });

⎯⎯⎯⎯⎯⎯⎯⎯⎯⎯⎯⎯⎯⎯⎯⎯⎯⎯⎯⎯⎯[49/327]⎯

 FAIL  src/session-codec-public-contracts.test.ts > public codec contract: 'UTF-16/32 rejected replacements resto…'
AssertionError: unknown encoding: utf-16: expected 'exception' to be 'ok' // Object.is equality

Expected: "ok"
Received: "exception"

 ❯ src/session-codec-public-contracts.test.ts:23:32
     21|     if(diagnostic.status==="ok")detail=String(diagnostic.value.primiti…
     22|   }
     23|   expect(result.status,detail).toBe("ok");
       |                                ^
     24|   expect(output).toBe(expected!.stdout);
     25| });

⎯⎯⎯⎯⎯⎯⎯⎯⎯⎯⎯⎯⎯⎯⎯⎯⎯⎯⎯⎯⎯[50/327]⎯

 FAIL  src/session-codec-recovery-registry-swap.test.ts > retains decoder state during registry replacement: 'utf-16; guest failure=false'
 FAIL  src/session-codec-recovery-registry-swap.test.ts > retains decoder state during registry replacement: 'utf-16; guest failure=true'
AssertionError: LookupError('unknown encoding: utf-16'): expected 'exception' to be 'ok' // Object.is equality

Expected: "ok"
Received: "exception"

 ❯ src/session-codec-recovery-registry-swap.test.ts:30:33
     28|     if (diagnostic.status === "ok") detail = String(diagnostic.value.p…
     29|   }
     30|   expect(result.status, detail).toBe("ok");
       |                                 ^
     31|   expect(output).toBe(oracle.stdout);
     32|   expect(reads).toBe(1);

⎯⎯⎯⎯⎯⎯⎯⎯⎯⎯⎯⎯⎯⎯⎯⎯⎯⎯⎯⎯⎯[51/327]⎯

 FAIL  src/session-codec-recovery-registry-swap.test.ts > retains decoder state during registry replacement: 'utf-32; guest failure=false'
 FAIL  src/session-codec-recovery-registry-swap.test.ts > retains decoder state during registry replacement: 'utf-32; guest failure=true'
AssertionError: LookupError('unknown encoding: utf-32'): expected 'exception' to be 'ok' // Object.is equality

Expected: "ok"
Received: "exception"

 ❯ src/session-codec-recovery-registry-swap.test.ts:30:33
     28|     if (diagnostic.status === "ok") detail = String(diagnostic.value.p…
     29|   }
     30|   expect(result.status, detail).toBe("ok");
       |                                 ^
     31|   expect(output).toBe(oracle.stdout);
     32|   expect(reads).toBe(1);

⎯⎯⎯⎯⎯⎯⎯⎯⎯⎯⎯⎯⎯⎯⎯⎯⎯⎯⎯⎯⎯[52/327]⎯

 FAIL  src/session-codec-recovery-registry-swap.test.ts > keeps cancellation during registry replacement terminal: 'utf-16; guest failure=false'; throws=false
 FAIL  src/session-codec-recovery-registry-swap.test.ts > keeps cancellation during registry replacement terminal: 'utf-16; guest failure=false'; throws=true
 FAIL  src/session-codec-recovery-registry-swap.test.ts > keeps cancellation during registry replacement terminal: 'utf-16; guest failure=true'; throws=false
 FAIL  src/session-codec-recovery-registry-swap.test.ts > keeps cancellation during registry replacement terminal: 'utf-16; guest failure=true'; throws=true
 FAIL  src/session-codec-recovery-registry-swap.test.ts > keeps cancellation during registry replacement terminal: 'utf-32; guest failure=false'; throws=false
 FAIL  src/session-codec-recovery-registry-swap.test.ts > keeps cancellation during registry replacement terminal: 'utf-32; guest failure=false'; throws=true
 FAIL  src/session-codec-recovery-registry-swap.test.ts > keeps cancellation during registry replacement terminal: 'utf-32; guest failure=true'; throws=false
 FAIL  src/session-codec-recovery-registry-swap.test.ts > keeps cancellation during registry replacement terminal: 'utf-32; guest failure=true'; throws=true
AssertionError: expected 'exception' to be 'terminated' // Object.is equality

Expected: "terminated"
Received: "exception"

 ❯ src/session-codec-recovery-registry-swap.test.ts:48:27
     46|     });
     47|     const result = session.exec(source);
     48|     expect(result.status).toBe("terminated");
       |                           ^
     49|     if (result.status === "terminated") expect(result.reason).toBe("ca…
     50|     expect(reads).toBe(1);

⎯⎯⎯⎯⎯⎯⎯⎯⎯⎯⎯⎯⎯⎯⎯⎯⎯⎯⎯⎯⎯[53/327]⎯

 FAIL  src/session-codec-result-diagnostic-bytes.test.ts > codec result diagnostic 'decode: b\'\x80\' * 401'
AssertionError: unknown encoding: �����������������������������������������������������������������������������������������������������������������������������������������������������������������������������������������������������������������������������������������������������������������������������������������������������������������������������������������������������������������������������������������������������������������: expected 'exception' to be 'ok' // Object.is equality

Expected: "ok"
Received: "exception"

 ❯ src/session-codec-result-diagnostic-bytes.test.ts:18:37
     16|     if (message.status === "ok") diagnostic = String(message.value.pri…
     17|   }
     18|   expect(result.status, diagnostic).toBe("ok");
       |                                     ^
     19|   expect(output).toBe(reference.cases.find(row => row.name === name)!.…
     20| });

⎯⎯⎯⎯⎯⎯⎯⎯⎯⎯⎯⎯⎯⎯⎯⎯⎯⎯⎯⎯⎯[54/327]⎯

 FAIL  src/session-codec-result-diagnostic-bytes.test.ts > codec result diagnostic 'decode: b\'a\' * 399 + b\'\xff\''
 FAIL  src/session-codec-result-diagnostic-bytes.test.ts > codec result diagnostic 'decode: b\'a\' * 399 + b\'\xe2\''
AssertionError: unknown encoding: aaaaaaaaaaaaaaaaaaaaaaaaaaaaaaaaaaaaaaaaaaaaaaaaaaaaaaaaaaaaaaaaaaaaaaaaaaaaaaaaaaaaaaaaaaaaaaaaaaaaaaaaaaaaaaaaaaaaaaaaaaaaaaaaaaaaaaaaaaaaaaaaaaaaaaaaaaaaaaaaaaaaaaaaaaaaaaaaaaaaaaaaaaaaaaaaaaaaaaaaaaaaaaaaaaaaaaaaaaaaaaaaaaaaaaaaaaaaaaaaaaaaaaaaaaaaaaaaaaaaaaaaaaaaaaaaaaaaaaaaaaaaaaaaaaaaaaaaaaaaaaaaaaaaaaaaaaaaaaaaaaaaaaaaaaaaaaaaaaaaaaaaaaaaaaaaaaaaaaaaaaaaaaaaaaaaaaaaaaaaaaaaaaaaaaaaaaaaaaa�: expected 'exception' to be 'ok' // Object.is equality

Expected: "ok"
Received: "exception"

 ❯ src/session-codec-result-diagnostic-bytes.test.ts:18:37
     16|     if (message.status === "ok") diagnostic = String(message.value.pri…
     17|   }
     18|   expect(result.status, diagnostic).toBe("ok");
       |                                     ^
     19|   expect(output).toBe(reference.cases.find(row => row.name === name)!.…
     20| });

⎯⎯⎯⎯⎯⎯⎯⎯⎯⎯⎯⎯⎯⎯⎯⎯⎯⎯⎯⎯⎯[55/327]⎯

 FAIL  src/session-codec-result-diagnostic-bytes.test.ts > codec result diagnostic 'decode: b\'a\' * 398 + b\'\xe2\''
AssertionError: unknown encoding: aaaaaaaaaaaaaaaaaaaaaaaaaaaaaaaaaaaaaaaaaaaaaaaaaaaaaaaaaaaaaaaaaaaaaaaaaaaaaaaaaaaaaaaaaaaaaaaaaaaaaaaaaaaaaaaaaaaaaaaaaaaaaaaaaaaaaaaaaaaaaaaaaaaaaaaaaaaaaaaaaaaaaaaaaaaaaaaaaaaaaaaaaaaaaaaaaaaaaaaaaaaaaaaaaaaaaaaaaaaaaaaaaaaaaaaaaaaaaaaaaaaaaaaaaaaaaaaaaaaaaaaaaaaaaaaaaaaaaaaaaaaaaaaaaaaaaaaaaaaaaaaaaaaaaaaaaaaaaaaaaaaaaaaaaaaaaaaaaaaaaaaaaaaaaaaaaaaaaaaaaaaaaaaaaaaaaaaaaaaaaaaaaaaaaaaaaaaaaa�: expected 'exception' to be 'ok' // Object.is equality

Expected: "ok"
Received: "exception"

 ❯ src/session-codec-result-diagnostic-bytes.test.ts:18:37
     16|     if (message.status === "ok") diagnostic = String(message.value.pri…
     17|   }
     18|   expect(result.status, diagnostic).toBe("ok");
       |                                     ^
     19|   expect(output).toBe(reference.cases.find(row => row.name === name)!.…
     20| });

⎯⎯⎯⎯⎯⎯⎯⎯⎯⎯⎯⎯⎯⎯⎯⎯⎯⎯⎯⎯⎯[56/327]⎯

 FAIL  src/session-codec-result-diagnostic-bytes.test.ts > codec result diagnostic 'decode: b\'a\' * 399 + b\'\xe2\x82\xa…'
AssertionError: unknown encoding: aaaaaaaaaaaaaaaaaaaaaaaaaaaaaaaaaaaaaaaaaaaaaaaaaaaaaaaaaaaaaaaaaaaaaaaaaaaaaaaaaaaaaaaaaaaaaaaaaaaaaaaaaaaaaaaaaaaaaaaaaaaaaaaaaaaaaaaaaaaaaaaaaaaaaaaaaaaaaaaaaaaaaaaaaaaaaaaaaaaaaaaaaaaaaaaaaaaaaaaaaaaaaaaaaaaaaaaaaaaaaaaaaaaaaaaaaaaaaaaaaaaaaaaaaaaaaaaaaaaaaaaaaaaaaaaaaaaaaaaaaaaaaaaaaaaaaaaaaaaaaaaaaaaaaaaaaaaaaaaaaaaaaaaaaaaaaaaaaaaaaaaaaaaaaaaaaaaaaaaaaaaaaaaaaaaaaaaaaaaaaaaaaaaaaaaaaaaaaaa€: expected 'exception' to be 'ok' // Object.is equality

Expected: "ok"
Received: "exception"

 ❯ src/session-codec-result-diagnostic-bytes.test.ts:18:37
     16|     if (message.status === "ok") diagnostic = String(message.value.pri…
     17|   }
     18|   expect(result.status, diagnostic).toBe("ok");
       |                                     ^
     19|   expect(output).toBe(reference.cases.find(row => row.name === name)!.…
     20| });

⎯⎯⎯⎯⎯⎯⎯⎯⎯⎯⎯⎯⎯⎯⎯⎯⎯⎯⎯⎯⎯[57/327]⎯

 FAIL  src/session-codec-resume-validation-matrix.test.ts > codec recovery validation: 'utf-16 encode'
AssertionError: expected 'utf-16 encode ? -4 [] (\'LookupError\…' to be 'utf-16 encode ? -4 [(1, 2, \'surrogat…' // Object.is equality

- Expected
+ Received

- utf-16 encode ? -4 [(1, 2, 'surrogates not allowed'), 'index'] ('IndexError', ('position -1 from error handler out of bounds',), ["encoding with 'utf-16' codec failed"])
- utf-16 encode ? -3 [(1, 2, 'surrogates not allowed'), 'index', (1, 2, 'surrogates not allowed')] ('RuntimeError', ('repeated',), ["encoding with 'utf-16' codec failed"])
- utf-16 encode ? -1 [(1, 2, 'surrogates not allowed'), 'index'] ('ok', b'\xff\xfeA\x00?\x00B\x00')
- utf-16 encode ? 0 [(1, 2, 'surrogates not allowed'), 'index', (1, 2, 'surrogates not allowed')] ('RuntimeError', ('repeated',), ["encoding with 'utf-16' codec failed"])
- utf-16 encode ? 1 [(1, 2, 'surrogates not allowed'), 'index', (1, 2, 'surrogates not allowed')] ('RuntimeError', ('repeated',), ["encoding with 'utf-16' codec failed"])
- utf-16 encode ? 3 [(1, 2, 'surrogates not allowed'), 'index'] ('ok', b'\xff\xfeA\x00?\x00')
- utf-16 encode ? 4 [(1, 2, 'surrogates not allowed'), 'index'] ('IndexError', ('position 4 from error handler out of bounds',), ["encoding with 'utf-16' codec failed"])
- utf-16 encode ? 9223372036854775808 [(1, 2, 'surrogates not allowed'), 'index'] ('OverflowError', ('Python int too large to convert to C ssize_t',), ["encoding with 'utf-16' codec failed"])
- utf-16 encode ? -9223372036854775809 [(1, 2, 'surrogates not allowed'), 'index'] ('OverflowError', ('Python int too large to convert to C ssize_t',), ["encoding with 'utf-16' codec failed"])
- utf-16 encode b'?' -4 [(1, 2, 'surrogates not allowed'), 'index'] ('IndexError', ('position -1 from error handler out of bounds',), ["encoding with 'utf-16' codec failed"])
- utf-16 encode b'?' -3 [(1, 2, 'surrogates not allowed'), 'index'] ('UnicodeEncodeError', ('utf-16', 'A\ud800B', 1, 2, 'surrogates not allowed'), ["encoding with 'utf-16' codec failed"])
- utf-16 encode b'?' -1 [(1, 2, 'surrogates not allowed'), 'index'] ('UnicodeEncodeError', ('utf-16', 'A\ud800B', 1, 2, 'surrogates not allowed'), ["encoding with 'utf-16' codec failed"])
- utf-16 encode b'?' 0 [(1, 2, 'surrogates not allowed'), 'index'] ('UnicodeEncodeError', ('utf-16', 'A\ud800B', 1, 2, 'surrogates not allowed'), ["encoding with 'utf-16' codec failed"])
- utf-16 encode b'?' 1 [(1, 2, 'surrogates not allowed'), 'index'] ('UnicodeEncodeError', ('utf-16', 'A\ud800B', 1, 2, 'surrogates not allowed'), ["encoding with 'utf-16' codec failed"])
- utf-16 encode b'?' 3 [(1, 2, 'surrogates not allowed'), 'index'] ('UnicodeEncodeError', ('utf-16', 'A\ud800B', 1, 2, 'surrogates not allowed'), ["encoding with 'utf-16' codec failed"])
- utf-16 encode b'?' 4 [(1, 2, 'surrogates not allowed'), 'index'] ('IndexError', ('position 4 from error handler out of bounds',), ["encoding with 'utf-16' codec failed"])
- utf-16 encode b'?' 9223372036854775808 [(1, 2, 'surrogates not allowed'), 'index'] ('OverflowError', ('Python int too large to convert to C ssize_t',), ["encoding with 'utf-16' codec failed"])
- utf-16 encode b'?' -9223372036854775809 [(1, 2, 'surrogates not allowed'), 'index'] ('OverflowError', ('Python int too large to convert to C ssize_t',), ["encoding with 'utf-16' codec failed"])
- utf-16 encode None -4 [(1, 2, 'surrogates not allowed'), 'index'] ('TypeError', ('encoding error handler must return (str/bytes, int) tuple',), ["encoding with 'utf-16' codec failed"])
- utf-16 encode None -3 [(1, 2, 'surrogates not allowed'), 'index'] ('TypeError', ('encoding error handler must return (str/bytes, int) tuple',), ["encoding with 'utf-16' codec failed"])
- utf-16 encode None -1 [(1, 2, 'surrogates not allowed'), 'index'] ('TypeError', ('encoding error handler must return (str/bytes, int) tuple',), ["encoding with 'utf-16' codec failed"])
- utf-16 encode None 0 [(1, 2, 'surrogates not allowed'), 'index'] ('TypeError', ('encoding error handler must return (str/bytes, int) tuple',), ["encoding with 'utf-16' codec failed"])
- utf-16 encode None 1 [(1, 2, 'surrogates not allowed'), 'index'] ('TypeError', ('encoding error handler must return (str/bytes, int) tuple',), ["encoding with 'utf-16' codec failed"])
- utf-16 encode None 3 [(1, 2, 'surrogates not allowed'), 'index'] ('TypeError', ('encoding error handler must return (str/bytes, int) tuple',), ["encoding with 'utf-16' codec failed"])
- utf-16 encode None 4 [(1, 2, 'surrogates not allowed'), 'index'] ('TypeError', ('encoding error handler must return (str/bytes, int) tuple',), ["encoding with 'utf-16' codec failed"])
- utf-16 encode None 9223372036854775808 [(1, 2, 'surrogates not allowed'), 'index'] ('OverflowError', ('Python int too large to convert to C ssize_t',), ["encoding with 'utf-16' codec failed"])
- utf-16 encode None -9223372036854775809 [(1, 2, 'surrogates not allowed'), 'index'] ('OverflowError', ('Python int too large to convert to C ssize_t',), ["encoding with 'utf-16' codec failed"])
+ utf-16 encode ? -4 [] ('LookupError', ('unknown encoding: utf-16',), None)
+ utf-16 encode ? -3 [] ('LookupError', ('unknown encoding: utf-16',), None)
+ utf-16 encode ? -1 [] ('LookupError', ('unknown encoding: utf-16',), None)
+ utf-16 encode ? 0 [] ('LookupError', ('unknown encoding: utf-16',), None)
+ utf-16 encode ? 1 [] ('LookupError', ('unknown encoding: utf-16',), None)
+ utf-16 encode ? 3 [] ('LookupError', ('unknown encoding: utf-16',), None)
+ utf-16 encode ? 4 [] ('LookupError', ('unknown encoding: utf-16',), None)
+ utf-16 encode ? 9223372036854775808 [] ('LookupError', ('unknown encoding: utf-16',), None)
+ utf-16 encode ? -9223372036854775809 [] ('LookupError', ('unknown encoding: utf-16',), None)
+ utf-16 encode b'?' -4 [] ('LookupError', ('unknown encoding: utf-16',), None)
+ utf-16 encode b'?' -3 [] ('LookupError', ('unknown encoding: utf-16',), None)
+ utf-16 encode b'?' -1 [] ('LookupError', ('unknown encoding: utf-16',), None)
+ utf-16 encode b'?' 0 [] ('LookupError', ('unknown encoding: utf-16',), None)
+ utf-16 encode b'?' 1 [] ('LookupError', ('unknown encoding: utf-16',), None)
+ utf-16 encode b'?' 3 [] ('LookupError', ('unknown encoding: utf-16',), None)
+ utf-16 encode b'?' 4 [] ('LookupError', ('unknown encoding: utf-16',), None)
+ utf-16 encode b'?' 9223372036854775808 [] ('LookupError', ('unknown encoding: utf-16',), None)
+ utf-16 encode b'?' -9223372036854775809 [] ('LookupError', ('unknown encoding: utf-16',), None)
+ utf-16 encode None -4 [] ('LookupError', ('unknown encoding: utf-16',), None)
+ utf-16 encode None -3 [] ('LookupError', ('unknown encoding: utf-16',), None)
+ utf-16 encode None -1 [] ('LookupError', ('unknown encoding: utf-16',), None)
+ utf-16 encode None 0 [] ('LookupError', ('unknown encoding: utf-16',), None)
+ utf-16 encode None 1 [] ('LookupError', ('unknown encoding: utf-16',), None)
+ utf-16 encode None 3 [] ('LookupError', ('unknown encoding: utf-16',), None)
+ utf-16 encode None 4 [] ('LookupError', ('unknown encoding: utf-16',), None)
+ utf-16 encode None 9223372036854775808 [] ('LookupError', ('unknown encoding: utf-16',), None)
+ utf-16 encode None -9223372036854775809 [] ('LookupError', ('unknown encoding: utf-16',), None)


 ❯ src/session-codec-resume-validation-matrix.test.ts:21:18
     19|   });
     20|   expect(session.exec(source)).toEqual({status: "ok"});
     21|   expect(output).toBe(reference.cases.find(row => row.name === name)!.…
       |                  ^
     22| });
     23|

⎯⎯⎯⎯⎯⎯⎯⎯⎯⎯⎯⎯⎯⎯⎯⎯⎯⎯⎯⎯⎯[58/327]⎯

 FAIL  src/session-codec-resume-validation-matrix.test.ts > codec recovery validation: 'utf-16 decode'
AssertionError: expected 'utf-16 decode ? -4 [] (\'LookupError\…' to be 'utf-16 decode ? -4 [(2, 3, \'truncate…' // Object.is equality

- Expected
+ Received

- utf-16 decode ? -4 [(2, 3, 'truncated data'), 'index'] ('IndexError', ('position -1 from error handler out of bounds',), ["decoding with 'utf-16' codec failed"])
- utf-16 decode ? -3 [(2, 3, 'truncated data'), 'index', (2, 3, 'truncated data')] ('RuntimeError', ('repeated',), ["decoding with 'utf-16' codec failed"])
- utf-16 decode ? -1 [(2, 3, 'truncated data'), 'index', (2, 3, 'truncated data')] ('RuntimeError', ('repeated',), ["decoding with 'utf-16' codec failed"])
- utf-16 decode ? 0 [(2, 3, 'truncated data'), 'index', (2, 3, 'truncated data')] ('RuntimeError', ('repeated',), ["decoding with 'utf-16' codec failed"])
- utf-16 decode ? 1 [(2, 3, 'truncated data'), 'index'] ('ok', 'ａ?䋿')
- utf-16 decode ? 3 [(2, 3, 'truncated data'), 'index'] ('ok', 'ａ?')
- utf-16 decode ? 4 [(2, 3, 'truncated data'), 'index'] ('IndexError', ('position 4 from error handler out of bounds',), ["decoding with 'utf-16' codec failed"])
- utf-16 decode ? 9223372036854775808 [(2, 3, 'truncated data'), 'index'] ('OverflowError', ('Python int too large to convert to C ssize_t',), ["decoding with 'utf-16' codec failed"])
- utf-16 decode ? -9223372036854775809 [(2, 3, 'truncated data'), 'index'] ('OverflowError', ('Python int too large to convert to C ssize_t',), ["decoding with 'utf-16' codec failed"])
- utf-16 decode b'?' -4 [(2, 3, 'truncated data')] ('TypeError', ('decoding error handler must return (str, int) tuple',), ["decoding with 'utf-16' codec failed"])
- utf-16 decode b'?' -3 [(2, 3, 'truncated data')] ('TypeError', ('decoding error handler must return (str, int) tuple',), ["decoding with 'utf-16' codec failed"])
- utf-16 decode b'?' -1 [(2, 3, 'truncated data')] ('TypeError', ('decoding error handler must return (str, int) tuple',), ["decoding with 'utf-16' codec failed"])
- utf-16 decode b'?' 0 [(2, 3, 'truncated data')] ('TypeError', ('decoding error handler must return (str, int) tuple',), ["decoding with 'utf-16' codec failed"])
- utf-16 decode b'?' 1 [(2, 3, 'truncated data')] ('TypeError', ('decoding error handler must return (str, int) tuple',), ["decoding with 'utf-16' codec failed"])
- utf-16 decode b'?' 3 [(2, 3, 'truncated data')] ('TypeError', ('decoding error handler must return (str, int) tuple',), ["decoding with 'utf-16' codec failed"])
- utf-16 decode b'?' 4 [(2, 3, 'truncated data')] ('TypeError', ('decoding error handler must return (str, int) tuple',), ["decoding with 'utf-16' codec failed"])
- utf-16 decode b'?' 9223372036854775808 [(2, 3, 'truncated data')] ('TypeError', ('decoding error handler must return (str, int) tuple',), ["decoding with 'utf-16' codec failed"])
- utf-16 decode b'?' -9223372036854775809 [(2, 3, 'truncated data')] ('TypeError', ('decoding error handler must return (str, int) tuple',), ["decoding with 'utf-16' codec failed"])
- utf-16 decode None -4 [(2, 3, 'truncated data')] ('TypeError', ('decoding error handler must return (str, int) tuple',), ["decoding with 'utf-16' codec failed"])
- utf-16 decode None -3 [(2, 3, 'truncated data')] ('TypeError', ('decoding error handler must return (str, int) tuple',), ["decoding with 'utf-16' codec failed"])
- utf-16 decode None -1 [(2, 3, 'truncated data')] ('TypeError', ('decoding error handler must return (str, int) tuple',), ["decoding with 'utf-16' codec failed"])
- utf-16 decode None 0 [(2, 3, 'truncated data')] ('TypeError', ('decoding error handler must return (str, int) tuple',), ["decoding with 'utf-16' codec failed"])
- utf-16 decode None 1 [(2, 3, 'truncated data')] ('TypeError', ('decoding error handler must return (str, int) tuple',), ["decoding with 'utf-16' codec failed"])
- utf-16 decode None 3 [(2, 3, 'truncated data')] ('TypeError', ('decoding error handler must return (str, int) tuple',), ["decoding with 'utf-16' codec failed"])
- utf-16 decode None 4 [(2, 3, 'truncated data')] ('TypeError', ('decoding error handler must return (str, int) tuple',), ["decoding with 'utf-16' codec failed"])
- utf-16 decode None 9223372036854775808 [(2, 3, 'truncated data')] ('TypeError', ('decoding error handler must return (str, int) tuple',), ["decoding with 'utf-16' codec failed"])
- utf-16 decode None -9223372036854775809 [(2, 3, 'truncated data')] ('TypeError', ('decoding error handler must return (str, int) tuple',), ["decoding with 'utf-16' codec failed"])
+ utf-16 decode ? -4 [] ('LookupError', ('unknown encoding: utf-16',), None)
+ utf-16 decode ? -3 [] ('LookupError', ('unknown encoding: utf-16',), None)
+ utf-16 decode ? -1 [] ('LookupError', ('unknown encoding: utf-16',), None)
+ utf-16 decode ? 0 [] ('LookupError', ('unknown encoding: utf-16',), None)
+ utf-16 decode ? 1 [] ('LookupError', ('unknown encoding: utf-16',), None)
+ utf-16 decode ? 3 [] ('LookupError', ('unknown encoding: utf-16',), None)
+ utf-16 decode ? 4 [] ('LookupError', ('unknown encoding: utf-16',), None)
+ utf-16 decode ? 9223372036854775808 [] ('LookupError', ('unknown encoding: utf-16',), None)
+ utf-16 decode ? -9223372036854775809 [] ('LookupError', ('unknown encoding: utf-16',), None)
+ utf-16 decode b'?' -4 [] ('LookupError', ('unknown encoding: utf-16',), None)
+ utf-16 decode b'?' -3 [] ('LookupError', ('unknown encoding: utf-16',), None)
+ utf-16 decode b'?' -1 [] ('LookupError', ('unknown encoding: utf-16',), None)
+ utf-16 decode b'?' 0 [] ('LookupError', ('unknown encoding: utf-16',), None)
+ utf-16 decode b'?' 1 [] ('LookupError', ('unknown encoding: utf-16',), None)
+ utf-16 decode b'?' 3 [] ('LookupError', ('unknown encoding: utf-16',), None)
+ utf-16 decode b'?' 4 [] ('LookupError', ('unknown encoding: utf-16',), None)
+ utf-16 decode b'?' 9223372036854775808 [] ('LookupError', ('unknown encoding: utf-16',), None)
+ utf-16 decode b'?' -9223372036854775809 [] ('LookupError', ('unknown encoding: utf-16',), None)
+ utf-16 decode None -4 [] ('LookupError', ('unknown encoding: utf-16',), None)
+ utf-16 decode None -3 [] ('LookupError', ('unknown encoding: utf-16',), None)
+ utf-16 decode None -1 [] ('LookupError', ('unknown encoding: utf-16',), None)
+ utf-16 decode None 0 [] ('LookupError', ('unknown encoding: utf-16',), None)
+ utf-16 decode None 1 [] ('LookupError', ('unknown encoding: utf-16',), None)
+ utf-16 decode None 3 [] ('LookupError', ('unknown encoding: utf-16',), None)
+ utf-16 decode None 4 [] ('LookupError', ('unknown encoding: utf-16',), None)
+ utf-16 decode None 9223372036854775808 [] ('LookupError', ('unknown encoding: utf-16',), None)
+ utf-16 decode None -9223372036854775809 [] ('LookupError', ('unknown encoding: utf-16',), None)


 ❯ src/session-codec-resume-validation-matrix.test.ts:21:18
     19|   });
     20|   expect(session.exec(source)).toEqual({status: "ok"});
     21|   expect(output).toBe(reference.cases.find(row => row.name === name)!.…
       |                  ^
     22| });
     23|

⎯⎯⎯⎯⎯⎯⎯⎯⎯⎯⎯⎯⎯⎯⎯⎯⎯⎯⎯⎯⎯[59/327]⎯

 FAIL  src/session-codec-resume-validation-matrix.test.ts > codec recovery validation: 'utf-32 encode'
AssertionError: expected 'utf-32 encode ? -4 [] (\'LookupError\…' to be 'utf-32 encode ? -4 [(1, 2, \'surrogat…' // Object.is equality

- Expected
+ Received

- utf-32 encode ? -4 [(1, 2, 'surrogates not allowed'), 'index'] ('IndexError', ('position -1 from error handler out of bounds',), ["encoding with 'utf-32' codec failed"])
- utf-32 encode ? -3 [(1, 2, 'surrogates not allowed'), 'index', (1, 2, 'surrogates not allowed')] ('RuntimeError', ('repeated',), ["encoding with 'utf-32' codec failed"])
- utf-32 encode ? -1 [(1, 2, 'surrogates not allowed'), 'index'] ('ok', b'\xff\xfe\x00\x00A\x00\x00\x00?\x00\x00\x00B\x00\x00\x00')
- utf-32 encode ? 0 [(1, 2, 'surrogates not allowed'), 'index', (1, 2, 'surrogates not allowed')] ('RuntimeError', ('repeated',), ["encoding with 'utf-32' codec failed"])
- utf-32 encode ? 1 [(1, 2, 'surrogates not allowed'), 'index', (1, 2, 'surrogates not allowed')] ('RuntimeError', ('repeated',), ["encoding with 'utf-32' codec failed"])
- utf-32 encode ? 3 [(1, 2, 'surrogates not allowed'), 'index'] ('ok', b'\xff\xfe\x00\x00A\x00\x00\x00?\x00\x00\x00')
- utf-32 encode ? 4 [(1, 2, 'surrogates not allowed'), 'index'] ('IndexError', ('position 4 from error handler out of bounds',), ["encoding with 'utf-32' codec failed"])
- utf-32 encode ? 9223372036854775808 [(1, 2, 'surrogates not allowed'), 'index'] ('OverflowError', ('Python int too large to convert to C ssize_t',), ["encoding with 'utf-32' codec failed"])
- utf-32 encode ? -9223372036854775809 [(1, 2, 'surrogates not allowed'), 'index'] ('OverflowError', ('Python int too large to convert to C ssize_t',), ["encoding with 'utf-32' codec failed"])
- utf-32 encode b'?' -4 [(1, 2, 'surrogates not allowed'), 'index'] ('IndexError', ('position -1 from error handler out of bounds',), ["encoding with 'utf-32' codec failed"])
- utf-32 encode b'?' -3 [(1, 2, 'surrogates not allowed'), 'index'] ('UnicodeEncodeError', ('utf-32', 'A\ud800B', 1, 2, 'surrogates not allowed'), ["encoding with 'utf-32' codec failed"])
- utf-32 encode b'?' -1 [(1, 2, 'surrogates not allowed'), 'index'] ('UnicodeEncodeError', ('utf-32', 'A\ud800B', 1, 2, 'surrogates not allowed'), ["encoding with 'utf-32' codec failed"])
- utf-32 encode b'?' 0 [(1, 2, 'surrogates not allowed'), 'index'] ('UnicodeEncodeError', ('utf-32', 'A\ud800B', 1, 2, 'surrogates not allowed'), ["encoding with 'utf-32' codec failed"])
- utf-32 encode b'?' 1 [(1, 2, 'surrogates not allowed'), 'index'] ('UnicodeEncodeError', ('utf-32', 'A\ud800B', 1, 2, 'surrogates not allowed'), ["encoding with 'utf-32' codec failed"])
- utf-32 encode b'?' 3 [(1, 2, 'surrogates not allowed'), 'index'] ('UnicodeEncodeError', ('utf-32', 'A\ud800B', 1, 2, 'surrogates not allowed'), ["encoding with 'utf-32' codec failed"])
- utf-32 encode b'?' 4 [(1, 2, 'surrogates not allowed'), 'index'] ('IndexError', ('position 4 from error handler out of bounds',), ["encoding with 'utf-32' codec failed"])
- utf-32 encode b'?' 9223372036854775808 [(1, 2, 'surrogates not allowed'), 'index'] ('OverflowError', ('Python int too large to convert to C ssize_t',), ["encoding with 'utf-32' codec failed"])
- utf-32 encode b'?' -9223372036854775809 [(1, 2, 'surrogates not allowed'), 'index'] ('OverflowError', ('Python int too large to convert to C ssize_t',), ["encoding with 'utf-32' codec failed"])
- utf-32 encode None -4 [(1, 2, 'surrogates not allowed'), 'index'] ('TypeError', ('encoding error handler must return (str/bytes, int) tuple',), ["encoding with 'utf-32' codec failed"])
- utf-32 encode None -3 [(1, 2, 'surrogates not allowed'), 'index'] ('TypeError', ('encoding error handler must return (str/bytes, int) tuple',), ["encoding with 'utf-32' codec failed"])
- utf-32 encode None -1 [(1, 2, 'surrogates not allowed'), 'index'] ('TypeError', ('encoding error handler must return (str/bytes, int) tuple',), ["encoding with 'utf-32' codec failed"])
- utf-32 encode None 0 [(1, 2, 'surrogates not allowed'), 'index'] ('TypeError', ('encoding error handler must return (str/bytes, int) tuple',), ["encoding with 'utf-32' codec failed"])
- utf-32 encode None 1 [(1, 2, 'surrogates not allowed'), 'index'] ('TypeError', ('encoding error handler must return (str/bytes, int) tuple',), ["encoding with 'utf-32' codec failed"])
- utf-32 encode None 3 [(1, 2, 'surrogates not allowed'), 'index'] ('TypeError', ('encoding error handler must return (str/bytes, int) tuple',), ["encoding with 'utf-32' codec failed"])
- utf-32 encode None 4 [(1, 2, 'surrogates not allowed'), 'index'] ('TypeError', ('encoding error handler must return (str/bytes, int) tuple',), ["encoding with 'utf-32' codec failed"])
- utf-32 encode None 9223372036854775808 [(1, 2, 'surrogates not allowed'), 'index'] ('OverflowError', ('Python int too large to convert to C ssize_t',), ["encoding with 'utf-32' codec failed"])
- utf-32 encode None -9223372036854775809 [(1, 2, 'surrogates not allowed'), 'index'] ('OverflowError', ('Python int too large to convert to C ssize_t',), ["encoding with 'utf-32' codec failed"])
+ utf-32 encode ? -4 [] ('LookupError', ('unknown encoding: utf-32',), None)
+ utf-32 encode ? -3 [] ('LookupError', ('unknown encoding: utf-32',), None)
+ utf-32 encode ? -1 [] ('LookupError', ('unknown encoding: utf-32',), None)
+ utf-32 encode ? 0 [] ('LookupError', ('unknown encoding: utf-32',), None)
+ utf-32 encode ? 1 [] ('LookupError', ('unknown encoding: utf-32',), None)
+ utf-32 encode ? 3 [] ('LookupError', ('unknown encoding: utf-32',), None)
+ utf-32 encode ? 4 [] ('LookupError', ('unknown encoding: utf-32',), None)
+ utf-32 encode ? 9223372036854775808 [] ('LookupError', ('unknown encoding: utf-32',), None)
+ utf-32 encode ? -9223372036854775809 [] ('LookupError', ('unknown encoding: utf-32',), None)
+ utf-32 encode b'?' -4 [] ('LookupError', ('unknown encoding: utf-32',), None)
+ utf-32 encode b'?' -3 [] ('LookupError', ('unknown encoding: utf-32',), None)
+ utf-32 encode b'?' -1 [] ('LookupError', ('unknown encoding: utf-32',), None)
+ utf-32 encode b'?' 0 [] ('LookupError', ('unknown encoding: utf-32',), None)
+ utf-32 encode b'?' 1 [] ('LookupError', ('unknown encoding: utf-32',), None)
+ utf-32 encode b'?' 3 [] ('LookupError', ('unknown encoding: utf-32',), None)
+ utf-32 encode b'?' 4 [] ('LookupError', ('unknown encoding: utf-32',), None)
+ utf-32 encode b'?' 9223372036854775808 [] ('LookupError', ('unknown encoding: utf-32',), None)
+ utf-32 encode b'?' -9223372036854775809 [] ('LookupError', ('unknown encoding: utf-32',), None)
+ utf-32 encode None -4 [] ('LookupError', ('unknown encoding: utf-32',), None)
+ utf-32 encode None -3 [] ('LookupError', ('unknown encoding: utf-32',), None)
+ utf-32 encode None -1 [] ('LookupError', ('unknown encoding: utf-32',), None)
+ utf-32 encode None 0 [] ('LookupError', ('unknown encoding: utf-32',), None)
+ utf-32 encode None 1 [] ('LookupError', ('unknown encoding: utf-32',), None)
+ utf-32 encode None 3 [] ('LookupError', ('unknown encoding: utf-32',), None)
+ utf-32 encode None 4 [] ('LookupError', ('unknown encoding: utf-32',), None)
+ utf-32 encode None 9223372036854775808 [] ('LookupError', ('unknown encoding: utf-32',), None)
+ utf-32 encode None -9223372036854775809 [] ('LookupError', ('unknown encoding: utf-32',), None)


 ❯ src/session-codec-resume-validation-matrix.test.ts:21:18
     19|   });
     20|   expect(session.exec(source)).toEqual({status: "ok"});
     21|   expect(output).toBe(reference.cases.find(row => row.name === name)!.…
       |                  ^
     22| });
     23|

⎯⎯⎯⎯⎯⎯⎯⎯⎯⎯⎯⎯⎯⎯⎯⎯⎯⎯⎯⎯⎯[60/327]⎯

 FAIL  src/session-codec-resume-validation-matrix.test.ts > codec recovery validation: 'utf-32 decode'
AssertionError: expected 'utf-32 decode ? -4 [] (\'LookupError\…' to be 'utf-32 decode ? -4 [(0, 3, \'truncate…' // Object.is equality

- Expected
+ Received

- utf-32 decode ? -4 [(0, 3, 'truncated data'), 'index'] ('IndexError', ('position -1 from error handler out of bounds',), ["decoding with 'utf-32' codec failed"])
- utf-32 decode ? -3 [(0, 3, 'truncated data'), 'index', (0, 3, 'truncated data')] ('RuntimeError', ('repeated',), ["decoding with 'utf-32' codec failed"])
- utf-32 decode ? -1 [(0, 3, 'truncated data'), 'index', (2, 3, 'truncated data')] ('RuntimeError', ('repeated',), ["decoding with 'utf-32' codec failed"])
- utf-32 decode ? 0 [(0, 3, 'truncated data'), 'index', (0, 3, 'truncated data')] ('RuntimeError', ('repeated',), ["decoding with 'utf-32' codec failed"])
- utf-32 decode ? 1 [(0, 3, 'truncated data'), 'index', (1, 3, 'truncated data')] ('RuntimeError', ('repeated',), ["decoding with 'utf-32' codec failed"])
- utf-32 decode ? 3 [(0, 3, 'truncated data'), 'index'] ('ok', '?')
- utf-32 decode ? 4 [(0, 3, 'truncated data'), 'index'] ('IndexError', ('position 4 from error handler out of bounds',), ["decoding with 'utf-32' codec failed"])
- utf-32 decode ? 9223372036854775808 [(0, 3, 'truncated data'), 'index'] ('OverflowError', ('Python int too large to convert to C ssize_t',), ["decoding with 'utf-32' codec failed"])
- utf-32 decode ? -9223372036854775809 [(0, 3, 'truncated data'), 'index'] ('OverflowError', ('Python int too large to convert to C ssize_t',), ["decoding with 'utf-32' codec failed"])
- utf-32 decode b'?' -4 [(0, 3, 'truncated data')] ('TypeError', ('decoding error handler must return (str, int) tuple',), ["decoding with 'utf-32' codec failed"])
- utf-32 decode b'?' -3 [(0, 3, 'truncated data')] ('TypeError', ('decoding error handler must return (str, int) tuple',), ["decoding with 'utf-32' codec failed"])
- utf-32 decode b'?' -1 [(0, 3, 'truncated data')] ('TypeError', ('decoding error handler must return (str, int) tuple',), ["decoding with 'utf-32' codec failed"])
- utf-32 decode b'?' 0 [(0, 3, 'truncated data')] ('TypeError', ('decoding error handler must return (str, int) tuple',), ["decoding with 'utf-32' codec failed"])
- utf-32 decode b'?' 1 [(0, 3, 'truncated data')] ('TypeError', ('decoding error handler must return (str, int) tuple',), ["decoding with 'utf-32' codec failed"])
- utf-32 decode b'?' 3 [(0, 3, 'truncated data')] ('TypeError', ('decoding error handler must return (str, int) tuple',), ["decoding with 'utf-32' codec failed"])
- utf-32 decode b'?' 4 [(0, 3, 'truncated data')] ('TypeError', ('decoding error handler must return (str, int) tuple',), ["decoding with 'utf-32' codec failed"])
- utf-32 decode b'?' 9223372036854775808 [(0, 3, 'truncated data')] ('TypeError', ('decoding error handler must return (str, int) tuple',), ["decoding with 'utf-32' codec failed"])
- utf-32 decode b'?' -9223372036854775809 [(0, 3, 'truncated data')] ('TypeError', ('decoding error handler must return (str, int) tuple',), ["decoding with 'utf-32' codec failed"])
- utf-32 decode None -4 [(0, 3, 'truncated data')] ('TypeError', ('decoding error handler must return (str, int) tuple',), ["decoding with 'utf-32' codec failed"])
- utf-32 decode None -3 [(0, 3, 'truncated data')] ('TypeError', ('decoding error handler must return (str, int) tuple',), ["decoding with 'utf-32' codec failed"])
- utf-32 decode None -1 [(0, 3, 'truncated data')] ('TypeError', ('decoding error handler must return (str, int) tuple',), ["decoding with 'utf-32' codec failed"])
- utf-32 decode None 0 [(0, 3, 'truncated data')] ('TypeError', ('decoding error handler must return (str, int) tuple',), ["decoding with 'utf-32' codec failed"])
- utf-32 decode None 1 [(0, 3, 'truncated data')] ('TypeError', ('decoding error handler must return (str, int) tuple',), ["decoding with 'utf-32' codec failed"])
- utf-32 decode None 3 [(0, 3, 'truncated data')] ('TypeError', ('decoding error handler must return (str, int) tuple',), ["decoding with 'utf-32' codec failed"])
- utf-32 decode None 4 [(0, 3, 'truncated data')] ('TypeError', ('decoding error handler must return (str, int) tuple',), ["decoding with 'utf-32' codec failed"])
- utf-32 decode None 9223372036854775808 [(0, 3, 'truncated data')] ('TypeError', ('decoding error handler must return (str, int) tuple',), ["decoding with 'utf-32' codec failed"])
- utf-32 decode None -9223372036854775809 [(0, 3, 'truncated data')] ('TypeError', ('decoding error handler must return (str, int) tuple',), ["decoding with 'utf-32' codec failed"])
+ utf-32 decode ? -4 [] ('LookupError', ('unknown encoding: utf-32',), None)
+ utf-32 decode ? -3 [] ('LookupError', ('unknown encoding: utf-32',), None)
+ utf-32 decode ? -1 [] ('LookupError', ('unknown encoding: utf-32',), None)
+ utf-32 decode ? 0 [] ('LookupError', ('unknown encoding: utf-32',), None)
+ utf-32 decode ? 1 [] ('LookupError', ('unknown encoding: utf-32',), None)
+ utf-32 decode ? 3 [] ('LookupError', ('unknown encoding: utf-32',), None)
+ utf-32 decode ? 4 [] ('LookupError', ('unknown encoding: utf-32',), None)
+ utf-32 decode ? 9223372036854775808 [] ('LookupError', ('unknown encoding: utf-32',), None)
+ utf-32 decode ? -9223372036854775809 [] ('LookupError', ('unknown encoding: utf-32',), None)
+ utf-32 decode b'?' -4 [] ('LookupError', ('unknown encoding: utf-32',), None)
+ utf-32 decode b'?' -3 [] ('LookupError', ('unknown encoding: utf-32',), None)
+ utf-32 decode b'?' -1 [] ('LookupError', ('unknown encoding: utf-32',), None)
+ utf-32 decode b'?' 0 [] ('LookupError', ('unknown encoding: utf-32',), None)
+ utf-32 decode b'?' 1 [] ('LookupError', ('unknown encoding: utf-32',), None)
+ utf-32 decode b'?' 3 [] ('LookupError', ('unknown encoding: utf-32',), None)
+ utf-32 decode b'?' 4 [] ('LookupError', ('unknown encoding: utf-32',), None)
+ utf-32 decode b'?' 9223372036854775808 [] ('LookupError', ('unknown encoding: utf-32',), None)
+ utf-32 decode b'?' -9223372036854775809 [] ('LookupError', ('unknown encoding: utf-32',), None)
+ utf-32 decode None -4 [] ('LookupError', ('unknown encoding: utf-32',), None)
+ utf-32 decode None -3 [] ('LookupError', ('unknown encoding: utf-32',), None)
+ utf-32 decode None -1 [] ('LookupError', ('unknown encoding: utf-32',), None)
+ utf-32 decode None 0 [] ('LookupError', ('unknown encoding: utf-32',), None)
+ utf-32 decode None 1 [] ('LookupError', ('unknown encoding: utf-32',), None)
+ utf-32 decode None 3 [] ('LookupError', ('unknown encoding: utf-32',), None)
+ utf-32 decode None 4 [] ('LookupError', ('unknown encoding: utf-32',), None)
+ utf-32 decode None 9223372036854775808 [] ('LookupError', ('unknown encoding: utf-32',), None)
+ utf-32 decode None -9223372036854775809 [] ('LookupError', ('unknown encoding: utf-32',), None)


 ❯ src/session-codec-resume-validation-matrix.test.ts:21:18
     19|   });
     20|   expect(session.exec(source)).toEqual({status: "ok"});
     21|   expect(output).toBe(reference.cases.find(row => row.name === name)!.…
       |                  ^
     22| });
     23|

⎯⎯⎯⎯⎯⎯⎯⎯⎯⎯⎯⎯⎯⎯⎯⎯⎯⎯⎯⎯⎯[61/327]⎯

 FAIL  src/session-codec-rot13-undefined-integration.test.ts > 'ROT13 bytes consumer nontext rejection'
AssertionError: expected 'LookupError unknown encoding: rot13\n' to be 'LookupError \'rot13\' is not a text e…' // Object.is equality

- Expected
+ Received

- LookupError 'rot13' is not a text encoding; use codecs.decode() to handle arbitrary codecs
+ LookupError unknown encoding: rot13


 ❯ src/session-codec-rot13-undefined-integration.test.ts:14:18
     12|   });
     13|   expect(session.exec(source).status).toBe('ok');
     14|   expect(output).toBe(expected);
       |                  ^
     15| });
     16|

⎯⎯⎯⎯⎯⎯⎯⎯⎯⎯⎯⎯⎯⎯⎯⎯⎯⎯⎯⎯⎯[62/327]⎯

 FAIL  src/session-codec-rot13-undefined-integration.test.ts > 'undefined bytes consumer'
AssertionError: expected 'LookupError unknown encoding: undefin…' to be 'UnicodeError undefined encoding\n' // Object.is equality

- Expected
+ Received

- UnicodeError undefined encoding
+ LookupError unknown encoding: undefined


 ❯ src/session-codec-rot13-undefined-integration.test.ts:14:18
     12|   });
     13|   expect(session.exec(source).status).toBe('ok');
     14|   expect(output).toBe(expected);
       |                  ^
     15| });
     16|

⎯⎯⎯⎯⎯⎯⎯⎯⎯⎯⎯⎯⎯⎯⎯⎯⎯⎯⎯⎯⎯[63/327]⎯

 FAIL  src/session-codec-rot13-undefined-integration.test.ts > 'guest module spec'
AssertionError: expected 'AttributeError module \'encodings.rot…' to be 'encodings.rot_13\n' // Object.is equality

- Expected
+ Received

- encodings.rot_13
+ AttributeError module 'encodings.rot_13' has no attribute '__spec__'


 ❯ src/session-codec-rot13-undefined-integration.test.ts:14:18
     12|   });
     13|   expect(session.exec(source).status).toBe('ok');
     14|   expect(output).toBe(expected);
       |                  ^
     15| });
     16|

⎯⎯⎯⎯⎯⎯⎯⎯⎯⎯⎯⎯⎯⎯⎯⎯⎯⎯⎯⎯⎯[64/327]⎯

 FAIL  src/session-codec-rot13-undefined-integration.test.ts > 'undefined traceback'
AssertionError: expected 'False\n' to be 'True\n' // Object.is equality

- Expected
+ Received

- True
+ False


 ❯ src/session-codec-rot13-undefined-integration.test.ts:14:18
     12|   });
     13|   expect(session.exec(source).status).toBe('ok');
     14|   expect(output).toBe(expected);
       |                  ^
     15| });
     16|

⎯⎯⎯⎯⎯⎯⎯⎯⎯⎯⎯⎯⎯⎯⎯⎯⎯⎯⎯⎯⎯[65/327]⎯

 FAIL  src/session-codec-source-registry.test.ts > source registry: 'source decoder receives an ownerless …'
 FAIL  src/session-codec-source-registry.test.ts > source registry: 'source callback failures retain nativ…'
 FAIL  src/session-codec-source-registry.test.ts > source registry: 'source codec callbacks use the suppli…'
AssertionError: expected 'terminated' to be 'ok' // Object.is equality

Expected: "ok"
Received: "terminated"

 ❯ src/session-codec-source-registry.test.ts:23:33
     21|   // Check the discriminant before a deep matcher can inspect opaque h…
     22|   // Keep the complete result/output assertion once execution has succ…
     23|   expect(result.status, detail).toBe("ok");
       |                                 ^
     24|   expect({result, output}).toEqual({result: {status: "ok"}, output: re…
     25| });

⎯⎯⎯⎯⎯⎯⎯⎯⎯⎯⎯⎯⎯⎯⎯⎯⎯⎯⎯⎯⎯[66/327]⎯

 FAIL  src/session-codec-source-registry.test.ts > keeps cancellation in source decoder callbacks terminal
AssertionError: expected { status: 'terminated', …(2) } to match object { status: 'terminated', …(1) }
(1 matching property omitted from actual)

- Expected
+ Received

  {
-   "reason": "cancelled",
+   "reason": "internal",
    "status": "terminated",
  }

 ❯ src/session-codec-source-registry.test.ts:38:18
     36|   const result = session.exec(codecSourceRegistryCases[2].source);
     37|   expect(result.status).toBe("terminated");
     38|   expect(result).toMatchObject({status: "terminated", reason: "cancell…
       |                  ^
     39|   expect(reads).toBe(1);
     40|   expect(output).toBe("search source_service\ndecode\n");

⎯⎯⎯⎯⎯⎯⎯⎯⎯⎯⎯⎯⎯⎯⎯⎯⎯⎯⎯⎯⎯[67/327]⎯

 FAIL  src/session-codec-standard-rejection.test.ts > standard handler rejections preserve pinned exception metadata (normal)
AssertionError: expected 'strict TypeError (\'strict_errors() t…' to be 'strict TypeError (\'strict_errors() t…' // Object.is equality

- Expected
+ Received

- strict TypeError ('strict_errors() takes exactly one argument (0 given)',) None None True
+ strict TypeError ('strict_errors() takes exactly one argument (0 given)',) None None False
- strict TypeError ('strict_errors() takes exactly one argument (2 given)',) None None True
+ strict TypeError ('strict_errors() takes exactly one argument (2 given)',) None None False
- strict TypeError ('strict_errors() takes no keyword arguments',) None None True
+ strict TypeError ('strict_errors() takes no keyword arguments',) None None False
- strict TypeError ('codec must pass exception instance',) None None True
+ strict TypeError ('codec must pass exception instance',) None None False
- ignore TypeError ('ignore_errors() takes exactly one argument (0 given)',) None None True
+ ignore TypeError ('ignore_errors() takes exactly one argument (0 given)',) None None False
- ignore TypeError ('ignore_errors() takes exactly one argument (2 given)',) None None True
+ ignore TypeError ('ignore_errors() takes exactly one argument (2 given)',) None None False
- ignore TypeError ('ignore_errors() takes no keyword arguments',) None None True
+ ignore TypeError ('ignore_errors() takes no keyword arguments',) None None False
- ignore TypeError ("don't know how to handle NoneType in error callback",) None None True
+ ignore TypeError ("don't know how to handle NoneType in error callback",) None None False
- replace TypeError ('replace_errors() takes exactly one argument (0 given)',) None None True
+ replace TypeError ('replace_errors() takes exactly one argument (0 given)',) None None False
- replace TypeError ('replace_errors() takes exactly one argument (2 given)',) None None True
+ replace TypeError ('replace_errors() takes exactly one argument (2 given)',) None None False
- replace TypeError ('replace_errors() takes no keyword arguments',) None None True
+ replace TypeError ('replace_errors() takes no keyword arguments',) None None False
- replace TypeError ("don't know how to handle NoneType in error callback",) None None True
+ replace TypeError ("don't know how to handle NoneType in error callback",) None None False
- xmlcharrefreplace TypeError ('xmlcharrefreplace_errors() takes exactly one argument (0 given)',) None None True
+ xmlcharrefreplace TypeError ('xmlcharrefreplace_errors() takes exactly one argument (0 given)',) None None False
- xmlcharrefreplace TypeError ('xmlcharrefreplace_errors() takes exactly one argument (2 given)',) None None True
+ xmlcharrefreplace TypeError ('xmlcharrefreplace_errors() takes exactly one argument (2 given)',) None None False
- xmlcharrefreplace TypeError ('xmlcharrefreplace_errors() takes no keyword arguments',) None None True
+ xmlcharrefreplace TypeError ('xmlcharrefreplace_errors() takes no keyword arguments',) None None False
- xmlcharrefreplace TypeError ("don't know how to handle NoneType in error callback",) None None True
+ xmlcharrefreplace TypeError ("don't know how to handle NoneType in error callback",) None None False
- backslashreplace TypeError ('backslashreplace_errors() takes exactly one argument (0 given)',) None None True
+ backslashreplace TypeError ('backslashreplace_errors() takes exactly one argument (0 given)',) None None False
- backslashreplace TypeError ('backslashreplace_errors() takes exactly one argument (2 given)',) None None True
+ backslashreplace TypeError ('backslashreplace_errors() takes exactly one argument (2 given)',) None None False
- backslashreplace TypeError ('backslashreplace_errors() takes no keyword arguments',) None None True
+ backslashreplace TypeError ('backslashreplace_errors() takes no keyword arguments',) None None False
- backslashreplace TypeError ("don't know how to handle NoneType in error callback",) None None True
+ backslashreplace TypeError ("don't know how to handle NoneType in error callback",) None None False
- namereplace TypeError ('namereplace_errors() takes exactly one argument (0 given)',) None None True
+ namereplace TypeError ('namereplace_errors() takes exactly one argument (0 given)',) None None False
- namereplace TypeError ('namereplace_errors() takes exactly one argument (2 given)',) None None True
+ namereplace TypeError ('namereplace_errors() takes exactly one argument (2 given)',) None None False
- namereplace TypeError ('namereplace_errors() takes no keyword arguments',) None None True
+ namereplace TypeError ('namereplace_errors() takes no keyword arguments',) None None False
- namereplace TypeError ("don't know how to handle NoneType in error callback",) None None True
+ namereplace TypeError ("don't know how to handle NoneType in error callback",) None None False
- surrogatepass TypeError ('surrogatepass() takes exactly one argument (0 given)',) None None True
+ surrogatepass TypeError ('surrogatepass() takes exactly one argument (0 given)',) None None False
- surrogatepass TypeError ('surrogatepass() takes exactly one argument (2 given)',) None None True
+ surrogatepass TypeError ('surrogatepass() takes exactly one argument (2 given)',) None None False
- surrogatepass TypeError ('surrogatepass() takes no keyword arguments',) None None True
+ surrogatepass TypeError ('surrogatepass() takes no keyword arguments',) None None False
- surrogatepass TypeError ("don't know how to handle NoneType in error callback",) None None True
+ surrogatepass TypeError ("don't know how to handle NoneType in error callback",) None None False
- surrogateescape TypeError ('surrogateescape() takes exactly one argument (0 given)',) None None True
+ surrogateescape TypeError ('surrogateescape() takes exactly one argument (0 given)',) None None False
- surrogateescape TypeError ('surrogateescape() takes exactly one argument (2 given)',) None None True
+ surrogateescape TypeError ('surrogateescape() takes exactly one argument (2 given)',) None None False
- surrogateescape TypeError ('surrogateescape() takes no keyword arguments',) None None True
+ surrogateescape TypeError ('surrogateescape() takes no keyword arguments',) None None False
- surrogateescape TypeError ("don't know how to handle NoneType in error callback",) None None True
+ surrogateescape TypeError ("don't know how to handle NoneType in error callback",) None None False
- ignore object TypeError ("UnicodeError 'object' attribute is not set",) False True
+ ignore object TypeError ("UnicodeError 'object' attribute is not set",) False False
- replace object TypeError ("UnicodeError 'object' attribute must be a bytes",) False True
+ replace object TypeError ("UnicodeError 'object' attribute must be a bytes",) False False
- surrogatepass encoding TypeError ("UnicodeError 'encoding' attribute is not set",) False True
+ surrogatepass encoding TypeError ("UnicodeError 'encoding' attribute is not set",) False False
- surrogatepass encoding TypeError ("UnicodeError 'encoding' attribute must be a string",) False True
+ surrogatepass encoding TypeError ("UnicodeError 'encoding' attribute must be a string",) False False
  continue


 ❯ src/session-codec-standard-rejection.test.ts:32:18
     30|     expect(session.eval("1")).toBe(result);
     31|   }
     32|   expect(output).toBe(mode === "normal" ? reference.oracle.stdout : re…
       |                  ^
     33| });
     34|

⎯⎯⎯⎯⎯⎯⎯⎯⎯⎯⎯⎯⎯⎯⎯⎯⎯⎯⎯⎯⎯[68/327]⎯

 FAIL  src/session-codec-standard-rejection.test.ts > standard handler rejections preserve pinned exception metadata (cancel-return)
 FAIL  src/session-codec-standard-rejection.test.ts > standard handler rejections preserve pinned exception metadata (cancel-throw)
AssertionError: expected 'strict TypeError (\'strict_errors() t…' to be 'strict TypeError (\'strict_errors() t…' // Object.is equality

- Expected
+ Received

- strict TypeError ('strict_errors() takes exactly one argument (0 given)',) None None True
+ strict TypeError ('strict_errors() takes exactly one argument (0 given)',) None None False
- strict TypeError ('strict_errors() takes exactly one argument (2 given)',) None None True
+ strict TypeError ('strict_errors() takes exactly one argument (2 given)',) None None False
- strict TypeError ('strict_errors() takes no keyword arguments',) None None True
+ strict TypeError ('strict_errors() takes no keyword arguments',) None None False
- strict TypeError ('codec must pass exception instance',) None None True
+ strict TypeError ('codec must pass exception instance',) None None False
- ignore TypeError ('ignore_errors() takes exactly one argument (0 given)',) None None True
+ ignore TypeError ('ignore_errors() takes exactly one argument (0 given)',) None None False
- ignore TypeError ('ignore_errors() takes exactly one argument (2 given)',) None None True
+ ignore TypeError ('ignore_errors() takes exactly one argument (2 given)',) None None False
- ignore TypeError ('ignore_errors() takes no keyword arguments',) None None True
+ ignore TypeError ('ignore_errors() takes no keyword arguments',) None None False
- ignore TypeError ("don't know how to handle NoneType in error callback",) None None True
+ ignore TypeError ("don't know how to handle NoneType in error callback",) None None False
- replace TypeError ('replace_errors() takes exactly one argument (0 given)',) None None True
+ replace TypeError ('replace_errors() takes exactly one argument (0 given)',) None None False
- replace TypeError ('replace_errors() takes exactly one argument (2 given)',) None None True
+ replace TypeError ('replace_errors() takes exactly one argument (2 given)',) None None False
- replace TypeError ('replace_errors() takes no keyword arguments',) None None True
+ replace TypeError ('replace_errors() takes no keyword arguments',) None None False
- replace TypeError ("don't know how to handle NoneType in error callback",) None None True
+ replace TypeError ("don't know how to handle NoneType in error callback",) None None False
- xmlcharrefreplace TypeError ('xmlcharrefreplace_errors() takes exactly one argument (0 given)',) None None True
+ xmlcharrefreplace TypeError ('xmlcharrefreplace_errors() takes exactly one argument (0 given)',) None None False
- xmlcharrefreplace TypeError ('xmlcharrefreplace_errors() takes exactly one argument (2 given)',) None None True
+ xmlcharrefreplace TypeError ('xmlcharrefreplace_errors() takes exactly one argument (2 given)',) None None False
- xmlcharrefreplace TypeError ('xmlcharrefreplace_errors() takes no keyword arguments',) None None True
+ xmlcharrefreplace TypeError ('xmlcharrefreplace_errors() takes no keyword arguments',) None None False
- xmlcharrefreplace TypeError ("don't know how to handle NoneType in error callback",) None None True
+ xmlcharrefreplace TypeError ("don't know how to handle NoneType in error callback",) None None False
- backslashreplace TypeError ('backslashreplace_errors() takes exactly one argument (0 given)',) None None True
+ backslashreplace TypeError ('backslashreplace_errors() takes exactly one argument (0 given)',) None None False
- backslashreplace TypeError ('backslashreplace_errors() takes exactly one argument (2 given)',) None None True
+ backslashreplace TypeError ('backslashreplace_errors() takes exactly one argument (2 given)',) None None False
- backslashreplace TypeError ('backslashreplace_errors() takes no keyword arguments',) None None True
+ backslashreplace TypeError ('backslashreplace_errors() takes no keyword arguments',) None None False
- backslashreplace TypeError ("don't know how to handle NoneType in error callback",) None None True
+ backslashreplace TypeError ("don't know how to handle NoneType in error callback",) None None False
- namereplace TypeError ('namereplace_errors() takes exactly one argument (0 given)',) None None True
+ namereplace TypeError ('namereplace_errors() takes exactly one argument (0 given)',) None None False
- namereplace TypeError ('namereplace_errors() takes exactly one argument (2 given)',) None None True
+ namereplace TypeError ('namereplace_errors() takes exactly one argument (2 given)',) None None False
- namereplace TypeError ('namereplace_errors() takes no keyword arguments',) None None True
+ namereplace TypeError ('namereplace_errors() takes no keyword arguments',) None None False
- namereplace TypeError ("don't know how to handle NoneType in error callback",) None None True
+ namereplace TypeError ("don't know how to handle NoneType in error callback",) None None False
- surrogatepass TypeError ('surrogatepass() takes exactly one argument (0 given)',) None None True
+ surrogatepass TypeError ('surrogatepass() takes exactly one argument (0 given)',) None None False
- surrogatepass TypeError ('surrogatepass() takes exactly one argument (2 given)',) None None True
+ surrogatepass TypeError ('surrogatepass() takes exactly one argument (2 given)',) None None False
- surrogatepass TypeError ('surrogatepass() takes no keyword arguments',) None None True
+ surrogatepass TypeError ('surrogatepass() takes no keyword arguments',) None None False
- surrogatepass TypeError ("don't know how to handle NoneType in error callback",) None None True
+ surrogatepass TypeError ("don't know how to handle NoneType in error callback",) None None False
- surrogateescape TypeError ('surrogateescape() takes exactly one argument (0 given)',) None None True
+ surrogateescape TypeError ('surrogateescape() takes exactly one argument (0 given)',) None None False
- surrogateescape TypeError ('surrogateescape() takes exactly one argument (2 given)',) None None True
+ surrogateescape TypeError ('surrogateescape() takes exactly one argument (2 given)',) None None False
- surrogateescape TypeError ('surrogateescape() takes no keyword arguments',) None None True
+ surrogateescape TypeError ('surrogateescape() takes no keyword arguments',) None None False
- surrogateescape TypeError ("don't know how to handle NoneType in error callback",) None None True
+ surrogateescape TypeError ("don't know how to handle NoneType in error callback",) None None False
- ignore object TypeError ("UnicodeError 'object' attribute is not set",) False True
+ ignore object TypeError ("UnicodeError 'object' attribute is not set",) False False
- replace object TypeError ("UnicodeError 'object' attribute must be a bytes",) False True
+ replace object TypeError ("UnicodeError 'object' attribute must be a bytes",) False False
- surrogatepass encoding TypeError ("UnicodeError 'encoding' attribute is not set",) False True
+ surrogatepass encoding TypeError ("UnicodeError 'encoding' attribute is not set",) False False
- surrogatepass encoding TypeError ("UnicodeError 'encoding' attribute must be a string",) False True
+ surrogatepass encoding TypeError ("UnicodeError 'encoding' attribute must be a string",) False False


 ❯ src/session-codec-standard-rejection.test.ts:32:18
     30|     expect(session.eval("1")).toBe(result);
     31|   }
     32|   expect(output).toBe(mode === "normal" ? reference.oracle.stdout : re…
       |                  ^
     33| });
     34|

⎯⎯⎯⎯⎯⎯⎯⎯⎯⎯⎯⎯⎯⎯⎯⎯⎯⎯⎯⎯⎯[69/327]⎯

 FAIL  src/session-codec-stateful-encoder-user.test.ts > 'iso2022_jp' restores encoder state after recovery and guest failure
AssertionError: LookupError('unknown encoding: iso2022_jp'): expected 'exception' to be 'ok' // Object.is equality

Expected: "ok"
Received: "exception"

 ❯ src/session-codec-stateful-encoder-user.test.ts:25:33
     23|     if (diagnostic.status === "ok") detail = String(diagnostic.value.p…
     24|   }
     25|   expect(result.status, detail).toBe("ok");
       |                                 ^
     26|   expect(output).toBe(oracle.stdout);
     27|   expect(reads).toBeGreaterThanOrEqual(3);

⎯⎯⎯⎯⎯⎯⎯⎯⎯⎯⎯⎯⎯⎯⎯⎯⎯⎯⎯⎯⎯[70/327]⎯

 FAIL  src/session-codec-stateful-encoder-user.test.ts > 'iso2022_jp_1' restores encoder state after recovery and guest failure
AssertionError: LookupError('unknown encoding: iso2022_jp_1'): expected 'exception' to be 'ok' // Object.is equality

Expected: "ok"
Received: "exception"

 ❯ src/session-codec-stateful-encoder-user.test.ts:25:33
     23|     if (diagnostic.status === "ok") detail = String(diagnostic.value.p…
     24|   }
     25|   expect(result.status, detail).toBe("ok");
       |                                 ^
     26|   expect(output).toBe(oracle.stdout);
     27|   expect(reads).toBeGreaterThanOrEqual(3);

⎯⎯⎯⎯⎯⎯⎯⎯⎯⎯⎯⎯⎯⎯⎯⎯⎯⎯⎯⎯⎯[71/327]⎯

 FAIL  src/session-codec-stateful-encoder-user.test.ts > 'iso2022_jp_2' restores encoder state after recovery and guest failure
AssertionError: LookupError('unknown encoding: iso2022_jp_2'): expected 'exception' to be 'ok' // Object.is equality

Expected: "ok"
Received: "exception"

 ❯ src/session-codec-stateful-encoder-user.test.ts:25:33
     23|     if (diagnostic.status === "ok") detail = String(diagnostic.value.p…
     24|   }
     25|   expect(result.status, detail).toBe("ok");
       |                                 ^
     26|   expect(output).toBe(oracle.stdout);
     27|   expect(reads).toBeGreaterThanOrEqual(3);

⎯⎯⎯⎯⎯⎯⎯⎯⎯⎯⎯⎯⎯⎯⎯⎯⎯⎯⎯⎯⎯[72/327]⎯

 FAIL  src/session-codec-stateful-encoder-user.test.ts > 'iso2022_jp_3' restores encoder state after recovery and guest failure
AssertionError: LookupError('unknown encoding: iso2022_jp_3'): expected 'exception' to be 'ok' // Object.is equality

Expected: "ok"
Received: "exception"

 ❯ src/session-codec-stateful-encoder-user.test.ts:25:33
     23|     if (diagnostic.status === "ok") detail = String(diagnostic.value.p…
     24|   }
     25|   expect(result.status, detail).toBe("ok");
       |                                 ^
     26|   expect(output).toBe(oracle.stdout);
     27|   expect(reads).toBeGreaterThanOrEqual(3);

⎯⎯⎯⎯⎯⎯⎯⎯⎯⎯⎯⎯⎯⎯⎯⎯⎯⎯⎯⎯⎯[73/327]⎯

 FAIL  src/session-codec-stateful-encoder-user.test.ts > 'iso2022_jp_2004' restores encoder state after recovery and guest failure
AssertionError: LookupError('unknown encoding: iso2022_jp_2004'): expected 'exception' to be 'ok' // Object.is equality

Expected: "ok"
Received: "exception"

 ❯ src/session-codec-stateful-encoder-user.test.ts:25:33
     23|     if (diagnostic.status === "ok") detail = String(diagnostic.value.p…
     24|   }
     25|   expect(result.status, detail).toBe("ok");
       |                                 ^
     26|   expect(output).toBe(oracle.stdout);
     27|   expect(reads).toBeGreaterThanOrEqual(3);

⎯⎯⎯⎯⎯⎯⎯⎯⎯⎯⎯⎯⎯⎯⎯⎯⎯⎯⎯⎯⎯[74/327]⎯

 FAIL  src/session-codec-stateful-encoder-user.test.ts > 'iso2022_jp_ext' restores encoder state after recovery and guest failure
AssertionError: LookupError('unknown encoding: iso2022_jp_ext'): expected 'exception' to be 'ok' // Object.is equality

Expected: "ok"
Received: "exception"

 ❯ src/session-codec-stateful-encoder-user.test.ts:25:33
     23|     if (diagnostic.status === "ok") detail = String(diagnostic.value.p…
     24|   }
     25|   expect(result.status, detail).toBe("ok");
       |                                 ^
     26|   expect(output).toBe(oracle.stdout);
     27|   expect(reads).toBeGreaterThanOrEqual(3);

⎯⎯⎯⎯⎯⎯⎯⎯⎯⎯⎯⎯⎯⎯⎯⎯⎯⎯⎯⎯⎯[75/327]⎯

 FAIL  src/session-codec-stateful-encoder-user.test.ts > 'iso2022_kr' restores encoder state after recovery and guest failure
AssertionError: LookupError('unknown encoding: iso2022_kr'): expected 'exception' to be 'ok' // Object.is equality

Expected: "ok"
Received: "exception"

 ❯ src/session-codec-stateful-encoder-user.test.ts:25:33
     23|     if (diagnostic.status === "ok") detail = String(diagnostic.value.p…
     24|   }
     25|   expect(result.status, detail).toBe("ok");
       |                                 ^
     26|   expect(output).toBe(oracle.stdout);
     27|   expect(reads).toBeGreaterThanOrEqual(3);

⎯⎯⎯⎯⎯⎯⎯⎯⎯⎯⎯⎯⎯⎯⎯⎯⎯⎯⎯⎯⎯[76/327]⎯

 FAIL  src/session-codec-stateful-encoder-user.test.ts > 'hz' restores encoder state after recovery and guest failure
AssertionError: LookupError('unknown encoding: hz'): expected 'exception' to be 'ok' // Object.is equality

Expected: "ok"
Received: "exception"

 ❯ src/session-codec-stateful-encoder-user.test.ts:25:33
     23|     if (diagnostic.status === "ok") detail = String(diagnostic.value.p…
     24|   }
     25|   expect(result.status, detail).toBe("ok");
       |                                 ^
     26|   expect(output).toBe(oracle.stdout);
     27|   expect(reads).toBeGreaterThanOrEqual(3);

⎯⎯⎯⎯⎯⎯⎯⎯⎯⎯⎯⎯⎯⎯⎯⎯⎯⎯⎯⎯⎯[77/327]⎯

 FAIL  src/session-codec-stateful-encoder-user.test.ts > 'iso2022_jp' keeps encoder recovery cancellation terminal (throws=false)
 FAIL  src/session-codec-stateful-encoder-user.test.ts > 'iso2022_jp' keeps encoder recovery cancellation terminal (throws=true)
AssertionError: LookupError('unknown encoding: iso2022_jp'): expected 'exception' to be 'terminated' // Object.is equality

Expected: "terminated"
Received: "exception"

 ❯ src/session-codec-stateful-encoder-user.test.ts:51:35
     49|       if (diagnostic.status === "ok") detail = String(diagnostic.value…
     50|     }
     51|     expect(result.status, detail).toBe("terminated");
       |                                   ^
     52|     if (result.status === "terminated") expect(result.reason).toBe("ca…
     53|     const before = writes;

⎯⎯⎯⎯⎯⎯⎯⎯⎯⎯⎯⎯⎯⎯⎯⎯⎯⎯⎯⎯⎯[78/327]⎯

 FAIL  src/session-codec-stateful-encoder-user.test.ts > 'iso2022_jp_1' keeps encoder recovery cancellation terminal (throws=false)
 FAIL  src/session-codec-stateful-encoder-user.test.ts > 'iso2022_jp_1' keeps encoder recovery cancellation terminal (throws=true)
AssertionError: LookupError('unknown encoding: iso2022_jp_1'): expected 'exception' to be 'terminated' // Object.is equality

Expected: "terminated"
Received: "exception"

 ❯ src/session-codec-stateful-encoder-user.test.ts:51:35
     49|       if (diagnostic.status === "ok") detail = String(diagnostic.value…
     50|     }
     51|     expect(result.status, detail).toBe("terminated");
       |                                   ^
     52|     if (result.status === "terminated") expect(result.reason).toBe("ca…
     53|     const before = writes;

⎯⎯⎯⎯⎯⎯⎯⎯⎯⎯⎯⎯⎯⎯⎯⎯⎯⎯⎯⎯⎯[79/327]⎯

 FAIL  src/session-codec-stateful-encoder-user.test.ts > 'iso2022_jp_2' keeps encoder recovery cancellation terminal (throws=false)
 FAIL  src/session-codec-stateful-encoder-user.test.ts > 'iso2022_jp_2' keeps encoder recovery cancellation terminal (throws=true)
AssertionError: LookupError('unknown encoding: iso2022_jp_2'): expected 'exception' to be 'terminated' // Object.is equality

Expected: "terminated"
Received: "exception"

 ❯ src/session-codec-stateful-encoder-user.test.ts:51:35
     49|       if (diagnostic.status === "ok") detail = String(diagnostic.value…
     50|     }
     51|     expect(result.status, detail).toBe("terminated");
       |                                   ^
     52|     if (result.status === "terminated") expect(result.reason).toBe("ca…
     53|     const before = writes;

⎯⎯⎯⎯⎯⎯⎯⎯⎯⎯⎯⎯⎯⎯⎯⎯⎯⎯⎯⎯⎯[80/327]⎯

 FAIL  src/session-codec-stateful-encoder-user.test.ts > 'iso2022_jp_3' keeps encoder recovery cancellation terminal (throws=false)
 FAIL  src/session-codec-stateful-encoder-user.test.ts > 'iso2022_jp_3' keeps encoder recovery cancellation terminal (throws=true)
AssertionError: LookupError('unknown encoding: iso2022_jp_3'): expected 'exception' to be 'terminated' // Object.is equality

Expected: "terminated"
Received: "exception"

 ❯ src/session-codec-stateful-encoder-user.test.ts:51:35
     49|       if (diagnostic.status === "ok") detail = String(diagnostic.value…
     50|     }
     51|     expect(result.status, detail).toBe("terminated");
       |                                   ^
     52|     if (result.status === "terminated") expect(result.reason).toBe("ca…
     53|     const before = writes;

⎯⎯⎯⎯⎯⎯⎯⎯⎯⎯⎯⎯⎯⎯⎯⎯⎯⎯⎯⎯⎯[81/327]⎯

 FAIL  src/session-codec-stateful-encoder-user.test.ts > 'iso2022_jp_2004' keeps encoder recovery cancellation terminal (throws=false)
 FAIL  src/session-codec-stateful-encoder-user.test.ts > 'iso2022_jp_2004' keeps encoder recovery cancellation terminal (throws=true)
AssertionError: LookupError('unknown encoding: iso2022_jp_2004'): expected 'exception' to be 'terminated' // Object.is equality

Expected: "terminated"
Received: "exception"

 ❯ src/session-codec-stateful-encoder-user.test.ts:51:35
     49|       if (diagnostic.status === "ok") detail = String(diagnostic.value…
     50|     }
     51|     expect(result.status, detail).toBe("terminated");
       |                                   ^
     52|     if (result.status === "terminated") expect(result.reason).toBe("ca…
     53|     const before = writes;

⎯⎯⎯⎯⎯⎯⎯⎯⎯⎯⎯⎯⎯⎯⎯⎯⎯⎯⎯⎯⎯[82/327]⎯

 FAIL  src/session-codec-stateful-encoder-user.test.ts > 'iso2022_jp_ext' keeps encoder recovery cancellation terminal (throws=false)
 FAIL  src/session-codec-stateful-encoder-user.test.ts > 'iso2022_jp_ext' keeps encoder recovery cancellation terminal (throws=true)
AssertionError: LookupError('unknown encoding: iso2022_jp_ext'): expected 'exception' to be 'terminated' // Object.is equality

Expected: "terminated"
Received: "exception"

 ❯ src/session-codec-stateful-encoder-user.test.ts:51:35
     49|       if (diagnostic.status === "ok") detail = String(diagnostic.value…
     50|     }
     51|     expect(result.status, detail).toBe("terminated");
       |                                   ^
     52|     if (result.status === "terminated") expect(result.reason).toBe("ca…
     53|     const before = writes;

⎯⎯⎯⎯⎯⎯⎯⎯⎯⎯⎯⎯⎯⎯⎯⎯⎯⎯⎯⎯⎯[83/327]⎯

 FAIL  src/session-codec-stateful-encoder-user.test.ts > 'iso2022_kr' keeps encoder recovery cancellation terminal (throws=false)
 FAIL  src/session-codec-stateful-encoder-user.test.ts > 'iso2022_kr' keeps encoder recovery cancellation terminal (throws=true)
AssertionError: LookupError('unknown encoding: iso2022_kr'): expected 'exception' to be 'terminated' // Object.is equality

Expected: "terminated"
Received: "exception"

 ❯ src/session-codec-stateful-encoder-user.test.ts:51:35
     49|       if (diagnostic.status === "ok") detail = String(diagnostic.value…
     50|     }
     51|     expect(result.status, detail).toBe("terminated");
       |                                   ^
     52|     if (result.status === "terminated") expect(result.reason).toBe("ca…
     53|     const before = writes;

⎯⎯⎯⎯⎯⎯⎯⎯⎯⎯⎯⎯⎯⎯⎯⎯⎯⎯⎯⎯⎯[84/327]⎯

 FAIL  src/session-codec-stateful-encoder-user.test.ts > 'hz' keeps encoder recovery cancellation terminal (throws=false)
 FAIL  src/session-codec-stateful-encoder-user.test.ts > 'hz' keeps encoder recovery cancellation terminal (throws=true)
AssertionError: LookupError('unknown encoding: hz'): expected 'exception' to be 'terminated' // Object.is equality

Expected: "terminated"
Received: "exception"

 ❯ src/session-codec-stateful-encoder-user.test.ts:51:35
     49|       if (diagnostic.status === "ok") detail = String(diagnostic.value…
     50|     }
     51|     expect(result.status, detail).toBe("terminated");
       |                                   ^
     52|     if (result.status === "terminated") expect(result.reason).toBe("ca…
     53|     const before = writes;

⎯⎯⎯⎯⎯⎯⎯⎯⎯⎯⎯⎯⎯⎯⎯⎯⎯⎯⎯⎯⎯[85/327]⎯

 FAIL  src/session-codec-stream-mutation.test.ts > 'stream reader bytearray and memoryvie…'
AssertionError: exception: name 'bytearray' is not defined: expected 'exception' to be 'ok' // Object.is equality

Expected: "ok"
Received: "exception"

 ❯ src/session-codec-stream-mutation.test.ts:20:37
     18|     if (message.status === 'ok') diagnostic += ': ' + String(message.v…
     19|   }
     20|   expect(result.status, diagnostic).toBe('ok');
       |                                     ^
     21|   expect(output).toBe(reference.cases.find(row => row.name === name)!.…
     22| });

⎯⎯⎯⎯⎯⎯⎯⎯⎯⎯⎯⎯⎯⎯⎯⎯⎯⎯⎯⎯⎯[86/327]⎯

 FAIL  src/session-codec-stream-traceback.test.ts > retains caller and codec frames with pinned instruction positions
AssertionError: expected '' to be '<module> 3 66\nencode 204 12\n' // Object.is equality

- Expected
+ Received

- <module> 3 66
- encode 204 12
-

 ❯ src/session-codec-stream-traceback.test.ts:19:18
     17| `;
     18|   expect(session.exec(source,{filename:'<codec-trace>'})).toMatchObjec…
     19|   expect(output).toBe('<module> 3 66\nencode 204 12\n');
       |                  ^
     20| });
     21|

⎯⎯⎯⎯⎯⎯⎯⎯⎯⎯⎯⎯⎯⎯⎯⎯⎯⎯⎯⎯⎯[87/327]⎯

 FAIL  src/session-core-codec-buffers.test.ts > public codec buffer contract: 'ascii inherited buffer failure preced…'
 FAIL  src/session-core-codec-buffers.test.ts > public codec buffer contract: 'latin_1 inherited buffer failure prec…'
 FAIL  src/session-core-codec-buffers.test.ts > public codec buffer contract: 'utf_8 inherited buffer failure preced…'
AssertionError: decoder ignored __buffer__: expected 'exception' to be 'ok' // Object.is equality

Expected: "ok"
Received: "exception"

 ❯ src/session-core-codec-buffers.test.ts:14:33
     12|     if (diagnostic.status === "ok") detail = String(diagnostic.value.p…
     13|   }
     14|   expect(result.status, detail).toBe("ok");
       |                                 ^
     15| });
     16|

⎯⎯⎯⎯⎯⎯⎯⎯⎯⎯⎯⎯⎯⎯⎯⎯⎯⎯⎯⎯⎯[88/327]⎯

 FAIL  src/session-core-codec-buffers.test.ts > public codec buffer contract: 'ascii validates buffer hook result be…'
 FAIL  src/session-core-codec-buffers.test.ts > public codec buffer contract: 'latin_1 validates buffer hook result …'
 FAIL  src/session-core-codec-buffers.test.ts > public codec buffer contract: 'utf_8 validates buffer hook result be…'
AssertionError: invalid buffer hook result accepted: expected 'exception' to be 'ok' // Object.is equality

Expected: "ok"
Received: "exception"

 ❯ src/session-core-codec-buffers.test.ts:14:33
     12|     if (diagnostic.status === "ok") detail = String(diagnostic.value.p…
     13|   }
     14|   expect(result.status, detail).toBe("ok");
       |                                 ^
     15| });
     16|

⎯⎯⎯⎯⎯⎯⎯⎯⎯⎯⎯⎯⎯⎯⎯⎯⎯⎯⎯⎯⎯[89/327]⎯

 FAIL  src/session-core-codec-buffers.test.ts > public codec buffer contract: 'ascii uses and releases an overridden…'
 FAIL  src/session-core-codec-buffers.test.ts > public codec buffer contract: 'latin_1 uses and releases an overridd…'
 FAIL  src/session-core-codec-buffers.test.ts > public codec buffer contract: 'utf_8 uses and releases an overridden…'
AssertionError: name 'bytearray' is not defined: expected 'exception' to be 'ok' // Object.is equality

Expected: "ok"
Received: "exception"

 ❯ src/session-core-codec-buffers.test.ts:14:33
     12|     if (diagnostic.status === "ok") detail = String(diagnostic.value.p…
     13|   }
     14|   expect(result.status, detail).toBe("ok");
       |                                 ^
     15| });
     16|

⎯⎯⎯⎯⎯⎯⎯⎯⎯⎯⎯⎯⎯⎯⎯⎯⎯⎯⎯⎯⎯[90/327]⎯

 FAIL  src/session-core-codec-buffers.test.ts > public codec buffer contract: 'ascii rejects a strided memoryview'
 FAIL  src/session-core-codec-buffers.test.ts > public codec buffer contract: 'latin_1 rejects a strided memoryview'
 FAIL  src/session-core-codec-buffers.test.ts > public codec buffer contract: 'utf_8 rejects a strided memoryview'
AssertionError: name 'memoryview' is not defined: expected 'exception' to be 'ok' // Object.is equality

Expected: "ok"
Received: "exception"

 ❯ src/session-core-codec-buffers.test.ts:14:33
     12|     if (diagnostic.status === "ok") detail = String(diagnostic.value.p…
     13|   }
     14|   expect(result.status, detail).toBe("ok");
       |                                 ^
     15| });
     16|

⎯⎯⎯⎯⎯⎯⎯⎯⎯⎯⎯⎯⎯⎯⎯⎯⎯⎯⎯⎯⎯[91/327]⎯

 FAIL  src/session-core-codec-buffers.test.ts > keeps cancellation in 'ascii' buffer acquisition fatal (throws=false)
 FAIL  src/session-core-codec-buffers.test.ts > keeps cancellation in 'latin_1' buffer acquisition fatal (throws=false)
 FAIL  src/session-core-codec-buffers.test.ts > keeps cancellation in 'utf_8' buffer acquisition fatal (throws=false)
AssertionError: throws=false: expected [] to deeply equal [ 'cancel' ]

- Expected
+ Received

- [
-   "cancel",
- ]
+ []

 ❯ src/session-core-codec-buffers.test.ts:34:40
     32|     print('recovered')
     33| `);
     34|     expect(writes, `throws=${throws}`).toEqual(["cancel"]);
       |                                        ^
     35|     expect(result).toMatchObject({status: "terminated", reason: "cance…
     36|     expect(session.eval("1")).toMatchObject({status: "terminated", rea…

⎯⎯⎯⎯⎯⎯⎯⎯⎯⎯⎯⎯⎯⎯⎯⎯⎯⎯⎯⎯⎯[92/327]⎯

 FAIL  src/session-core-codec-buffers.test.ts > keeps cancellation in 'ascii' buffer acquisition fatal (throws=true)
 FAIL  src/session-core-codec-buffers.test.ts > keeps cancellation in 'latin_1' buffer acquisition fatal (throws=true)
 FAIL  src/session-core-codec-buffers.test.ts > keeps cancellation in 'utf_8' buffer acquisition fatal (throws=true)
AssertionError: throws=true: expected [] to deeply equal [ 'cancel' ]

- Expected
+ Received

- [
-   "cancel",
- ]
+ []

 ❯ src/session-core-codec-buffers.test.ts:34:40
     32|     print('recovered')
     33| `);
     34|     expect(writes, `throws=${throws}`).toEqual(["cancel"]);
       |                                        ^
     35|     expect(result).toMatchObject({status: "terminated", reason: "cance…
     36|     expect(session.eval("1")).toMatchObject({status: "terminated", rea…

⎯⎯⎯⎯⎯⎯⎯⎯⎯⎯⎯⎯⎯⎯⎯⎯⎯⎯⎯⎯⎯[93/327]⎯

 FAIL  src/session-custom-encoder.test.ts > preserves guest failure identity, notes and traceback: source.encode('EDGE-CUSTOM')
 FAIL  src/session-custom-encoder.test.ts > preserves guest failure identity, notes and traceback: bytes(source, 'EDGE-CUSTOM')
AssertionError: failure traceback: expected 'exception' to be 'ok' // Object.is equality

Expected: "ok"
Received: "exception"

 ❯ run src/session-custom-encoder.test.ts:13:32
     11|     if(message.status==="ok")detail=String(message.value.primitive);
     12|   }
     13|   expect(result.status,detail).toBe("ok");
       |                                ^
     14| }
     15|
 ❯ src/session-custom-encoder.test.ts:76:3

⎯⎯⎯⎯⎯⎯⎯⎯⎯⎯⎯⎯⎯⎯⎯⎯⎯⎯⎯⎯⎯[94/327]⎯

 FAIL  src/session-dictionary-native-contracts.test.ts > matches dictionary native contract: 'exact __reversed__()'
 FAIL  src/session-dictionary-native-contracts.test.ts > matches dictionary native contract: 'explicit __reversed__()'
 FAIL  src/session-dictionary-native-contracts.test.ts > matches dictionary native contract: 'subtype __reversed__()'
 FAIL  src/session-dictionary-native-contracts.test.ts > matches dictionary native contract: 'subtype-explicit __reversed__()'
 FAIL  src/session-dictionary-native-contracts.test.ts > matches dictionary native contract: 'metaclass __reversed__()'
AssertionError: expected { status: 'terminated', …(2) } to deeply equal { status: 'ok' }

- Expected
+ Received

  {
-   "status": "ok",
+   "message": "canonical type for iterator is unavailable",
+   "reason": "capability",
+   "status": "terminated",
  }

 ❯ src/session-dictionary-native-contracts.test.ts:7:32
      5| it.each(reference.cases)("matches dictionary native contract: $name", …
      6|   const session = new PythonSession({limits: {maxSteps: 1_000_000, max…
      7|   expect(session.exec(source)).toEqual({status: "ok"});
       |                                ^
      8|   expect(session.eval("repr(observation)")).toMatchObject({status: "ok…
      9| });

⎯⎯⎯⎯⎯⎯⎯⎯⎯⎯⎯⎯⎯⎯⎯⎯⎯⎯⎯⎯⎯[95/327]⎯

 FAIL  src/session-encode-compatibility.test.ts > public str.encode: assert 'abc\0'.encode('ansi_x3.4_1968') == b'abc\0'
 FAIL  src/session-encode-compatibility.test.ts > public str.encode: assert 'abc\0'.encode('ansi_x3_4_1968') == b'abc\0'
 FAIL  src/session-encode-compatibility.test.ts > public str.encode: assert 'abc\0'.encode('ansi_x3.4_1986') == b'abc\0'
 FAIL  src/session-encode-compatibility.test.ts > public str.encode: assert 'abc\0'.encode('iso_646.irv_1991') == b'abc\0'
 FAIL  src/session-encode-compatibility.test.ts > public str.encode: assert 'éÿ\0'.encode('csisolatin1') == b'\xe9\xff\0'
 FAIL  src/session-encode-compatibility.test.ts > public str.encode: assert 'éÿ\0'.encode('iso_8859_1_1987') == b'\xe9\xff\0'
AssertionError: expected 'terminated' to be 'ok' // Object.is equality

Expected: "ok"
Received: "terminated"

 ❯ src/session-encode-compatibility.test.ts:8:39
      6| it.each(encodeCases)("public str.encode: %s", source => {
      7|   const session = new PythonSession({ limits: { maxSteps: 200_000, max…
      8|   expect(session.exec(source).status).toBe("ok");
       |                                       ^
      9| });
     10|

⎯⎯⎯⎯⎯⎯⎯⎯⎯⎯⎯⎯⎯⎯⎯⎯⎯⎯⎯⎯⎯[96/327]⎯

 FAIL  src/session-interpolated-literal-codec.test.ts > interpolated literal codec: 't"\N{SNAKE}{1}"'
 FAIL  src/session-interpolated-literal-codec.test.ts > interpolated literal codec: 't"""first\n\N{SNAKE}{1}"""'
 FAIL  src/session-interpolated-literal-codec.test.ts > interpolated literal codec: 't"\ud800{1}"'
 FAIL  src/session-interpolated-literal-codec.test.ts > interpolated literal codec: 't"""first\n\ud800{1}"""'
 FAIL  src/session-interpolated-literal-codec.test.ts > interpolated literal codec: 't"\q{1}"'
 FAIL  src/session-interpolated-literal-codec.test.ts > interpolated literal codec: 't"""first\n\q{1}"""'
 FAIL  src/session-interpolated-literal-codec.test.ts > interpolated literal codec: 't"\777{1}"'
 FAIL  src/session-interpolated-literal-codec.test.ts > interpolated literal codec: 't"""first\n\777{1}"""'
 FAIL  src/session-interpolated-literal-codec.test.ts > interpolated literal codec: 't"\{1}"'
 FAIL  src/session-interpolated-literal-codec.test.ts > interpolated literal codec: 't"""first\n\{1}"""'
 FAIL  src/session-interpolated-literal-codec.test.ts > interpolated literal codec: 't"{{\n}}"'
 FAIL  src/session-interpolated-literal-codec.test.ts > interpolated literal codec: 't"""first\n{{\n}}"""'
 FAIL  src/session-interpolated-literal-codec.test.ts > interpolated literal codec: 't"\é{1}"'
 FAIL  src/session-interpolated-literal-codec.test.ts > interpolated literal codec: 't"""first\n\é{1}"""'
 FAIL  src/session-interpolated-literal-codec.test.ts > interpolated literal codec: 't"\\é{1}"'
 FAIL  src/session-interpolated-literal-codec.test.ts > interpolated literal codec: 't"""first\n\\é{1}"""'
 FAIL  src/session-interpolated-literal-codec.test.ts > interpolated literal codec: 't"\q{{\z"'
 FAIL  src/session-interpolated-literal-codec.test.ts > interpolated literal codec: 't"""first\n\q{{\z"""'
 FAIL  src/session-interpolated-literal-codec.test.ts > interpolated literal codec: 't"\N{SNAKE}\q"'
 FAIL  src/session-interpolated-literal-codec.test.ts > interpolated literal codec: 't"""first\n\N{SNAKE}\q"""'
 FAIL  src/session-interpolated-literal-codec.test.ts > interpolated literal codec: 'rt"\x"'
 FAIL  src/session-interpolated-literal-codec.test.ts > interpolated literal codec: 'rt"""first\n\x"""'
 FAIL  src/session-interpolated-literal-codec.test.ts > interpolated literal codec: 'rt"abc\u0"'
 FAIL  src/session-interpolated-literal-codec.test.ts > interpolated literal codec: 'rt"""first\nabc\u0"""'
 FAIL  src/session-interpolated-literal-codec.test.ts > interpolated literal codec: 'rt"é\U00110000"'
 FAIL  src/session-interpolated-literal-codec.test.ts > interpolated literal codec: 'rt"""first\né\U00110000"""'
 FAIL  src/session-interpolated-literal-codec.test.ts > interpolated literal codec: 'rt"\N{no}"'
 FAIL  src/session-interpolated-literal-codec.test.ts > interpolated literal codec: 'rt"""first\n\N{no}"""'
 FAIL  src/session-interpolated-literal-codec.test.ts > interpolated literal codec: 'rt"{{\x}}"'
 FAIL  src/session-interpolated-literal-codec.test.ts > interpolated literal codec: 'rt"""first\n{{\x}}"""'
 FAIL  src/session-interpolated-literal-codec.test.ts > interpolated literal codec: 'rt"a{{b}}\x"'
 FAIL  src/session-interpolated-literal-codec.test.ts > interpolated literal codec: 'rt"""first\na{{b}}\x"""'
 FAIL  src/session-interpolated-literal-codec.test.ts > interpolated literal codec: 'rt"\x{1}"'
 FAIL  src/session-interpolated-literal-codec.test.ts > interpolated literal codec: 'rt"""first\n\x{1}"""'
 FAIL  src/session-interpolated-literal-codec.test.ts > interpolated literal codec: 'rt"{1}\x"'
 FAIL  src/session-interpolated-literal-codec.test.ts > interpolated literal codec: 'rt"""first\n{1}\x"""'
 FAIL  src/session-interpolated-literal-codec.test.ts > interpolated literal codec: 'rt"{1:\x}"'
 FAIL  src/session-interpolated-literal-codec.test.ts > interpolated literal codec: 'rt"""first\n{1:\x}"""'
 FAIL  src/session-interpolated-literal-codec.test.ts > interpolated literal codec: 'rt"\x{1:\u}"'
 FAIL  src/session-interpolated-literal-codec.test.ts > interpolated literal codec: 'rt"""first\n\x{1:\u}"""'
 FAIL  src/session-interpolated-literal-codec.test.ts > interpolated literal codec: 'rt"\N{SNAKE}{1}"'
 FAIL  src/session-interpolated-literal-codec.test.ts > interpolated literal codec: 'rt"""first\n\N{SNAKE}{1}"""'
 FAIL  src/session-interpolated-literal-codec.test.ts > interpolated literal codec: 'rt"\ud800{1}"'
 FAIL  src/session-interpolated-literal-codec.test.ts > interpolated literal codec: 'rt"""first\n\ud800{1}"""'
 FAIL  src/session-interpolated-literal-codec.test.ts > interpolated literal codec: 'rt"\q{1}"'
 FAIL  src/session-interpolated-literal-codec.test.ts > interpolated literal codec: 'rt"""first\n\q{1}"""'
 FAIL  src/session-interpolated-literal-codec.test.ts > interpolated literal codec: 'rt"\777{1}"'
 FAIL  src/session-interpolated-literal-codec.test.ts > interpolated literal codec: 'rt"""first\n\777{1}"""'
 FAIL  src/session-interpolated-literal-codec.test.ts > interpolated literal codec: 'rt"\{1}"'
 FAIL  src/session-interpolated-literal-codec.test.ts > interpolated literal codec: 'rt"""first\n\{1}"""'
 FAIL  src/session-interpolated-literal-codec.test.ts > interpolated literal codec: 'rt"{{\n}}"'
 FAIL  src/session-interpolated-literal-codec.test.ts > interpolated literal codec: 'rt"""first\n{{\n}}"""'
 FAIL  src/session-interpolated-literal-codec.test.ts > interpolated literal codec: 'rt"\é{1}"'
 FAIL  src/session-interpolated-literal-codec.test.ts > interpolated literal codec: 'rt"""first\n\é{1}"""'
 FAIL  src/session-interpolated-literal-codec.test.ts > interpolated literal codec: 'rt"\\é{1}"'
 FAIL  src/session-interpolated-literal-codec.test.ts > interpolated literal codec: 'rt"""first\n\\é{1}"""'
 FAIL  src/session-interpolated-literal-codec.test.ts > interpolated literal codec: 'rt"\N{SNAKE}\x"'
 FAIL  src/session-interpolated-literal-codec.test.ts > interpolated literal codec: 'rt"""first\n\N{SNAKE}\x"""'
 FAIL  src/session-interpolated-literal-codec.test.ts > interpolated literal codec: 'rt"\N{SNAKE}\N{no}"'
 FAIL  src/session-interpolated-literal-codec.test.ts > interpolated literal codec: 'rt"""first\n\N{SNAKE}\N{no}"""'
 FAIL  src/session-interpolated-literal-codec.test.ts > interpolated literal codec: 'rt"\q{{\z"'
 FAIL  src/session-interpolated-literal-codec.test.ts > interpolated literal codec: 'rt"""first\n\q{{\z"""'
 FAIL  src/session-interpolated-literal-codec.test.ts > interpolated literal codec: 'rt"\N{SNAKE}\q"'
 FAIL  src/session-interpolated-literal-codec.test.ts > interpolated literal codec: 'rt"""first\n\N{SNAKE}\q"""'
AssertionError: expression execution is not implemented for interpolated-string: expected 'terminated' to be 'ok' // Object.is equality

Expected: "ok"
Received: "terminated"

 ❯ src/session-interpolated-literal-codec.test.ts:15:79
     13|     output:{write(text){output+=text;},flush(){}}});
     14|   const result=session.exec(source);
     15|   expect(result.status,result.status==="terminated"?result.message:und…
       |                                                                               ^
     16|   expect(output).toBe(stdout);
     17|   expect(observed).toEqual(warnings);

⎯⎯⎯⎯⎯⎯⎯⎯⎯⎯⎯⎯⎯⎯⎯⎯⎯⎯⎯⎯⎯[97/327]⎯

 FAIL  src/session-punycode-module.test.ts > Punycode library: 'encoding helpers and public encoders …'
AssertionError: {"status":"ok","value":{"kind":"str","primitive":"name 'bytearray' is not defined"}}: expected 'exception' to be 'ok' // Object.is equality

Expected: "ok"
Received: "exception"

 ❯ src/session-punycode-module.test.ts:18:49
     16|     detail = session.eval("str(failure)");
     17|   }
     18|   expect(result.status, JSON.stringify(detail)).toBe("ok");
       |                                                 ^
     19|   expect(reads).toBe(name.startsWith("stream") ? 1 : name.startsWith("…
     20|   expect(output).toBe(name.startsWith("stream") || name.startsWith("in…

⎯⎯⎯⎯⎯⎯⎯⎯⎯⎯⎯⎯⎯⎯⎯⎯⎯⎯⎯⎯⎯[98/327]⎯

 FAIL  src/session-punycode-module.test.ts > Punycode library: 'decoder policies, input variants and …'
 FAIL  src/session-punycode-module.test.ts > Punycode library: 'stream adapters preserve serviced cal…'
AssertionError: {"status":"ok","value":{"kind":"str","primitive":"name 'memoryview' is not defined"}}: expected 'exception' to be 'ok' // Object.is equality

Expected: "ok"
Received: "exception"

 ❯ src/session-punycode-module.test.ts:18:49
     16|     detail = session.eval("str(failure)");
     17|   }
     18|   expect(result.status, JSON.stringify(detail)).toBe("ok");
       |                                                 ^
     19|   expect(reads).toBe(name.startsWith("stream") ? 1 : name.startsWith("…
     20|   expect(output).toBe(name.startsWith("stream") || name.startsWith("in…

⎯⎯⎯⎯⎯⎯⎯⎯⎯⎯⎯⎯⎯⎯⎯⎯⎯⎯⎯⎯⎯[99/327]⎯

 FAIL  src/session-punycode-prefix-termination.test.ts > keeps prefix recovery cancellation terminal through 'codecs.decode(data, \'punycode\')' (throws=false)
 FAIL  src/session-punycode-prefix-termination.test.ts > keeps prefix recovery cancellation terminal through 'codecs.decode(data, \'punycode\')' (throws=true)
 FAIL  src/session-punycode-prefix-termination.test.ts > keeps prefix recovery cancellation terminal through 'codecs.getincrementaldecoder(\'punyco…' (throws=false)
 FAIL  src/session-punycode-prefix-termination.test.ts > keeps prefix recovery cancellation terminal through 'codecs.getincrementaldecoder(\'punyco…' (throws=true)
AssertionError: NameError name 'memoryview' is not defined
continued
: expected { status: 'ok' } to match object { status: 'terminated', …(1) }

- Expected
+ Received

  {
-   "reason": "cancelled",
-   "status": "terminated",
+   "status": "ok",
  }

 ❯ src/session-punycode-prefix-termination.test.ts:34:27
     32| print('continued')
     33| `);
     34|     expect(result,output).toMatchObject({status:"terminated",reason:"c…
       |                           ^
     35|     expect(reads).toBe(1);
     36|     expect(output).toBe("prefix\n");

⎯⎯⎯⎯⎯⎯⎯⎯⎯⎯⎯⎯⎯⎯⎯⎯⎯⎯⎯⎯[100/327]⎯

 FAIL  src/session-punycode.test.ts > uses Punycode through real guest text consumers and exception storage
AssertionError: expected 'exception' to be 'ok' // Object.is equality

Expected: "ok"
Received: "exception"

 ❯ src/session-punycode.test.ts:40:39
     38| it("uses Punycode through real guest text consumers and exception stor…
     39|   const session=new PythonSession({limits:{maxSteps:1000000,maxAllocat…
     40|   expect(session.exec(source).status).toBe("ok");
       |                                       ^
     41| });
     42|

⎯⎯⎯⎯⎯⎯⎯⎯⎯⎯⎯⎯⎯⎯⎯⎯⎯⎯⎯⎯[101/327]⎯

 FAIL  src/session-source-codec-final-line.test.ts > source decoding: 'exec final encoding-cookie lines'
 FAIL  src/session-source-codec-final-line.test.ts > source decoding: 'eval final encoding-cookie lines'
AssertionError: expected 'terminated' to be 'ok' // Object.is equality

Expected: "ok"
Received: "terminated"

 ❯ src/session-source-codec-final-line.test.ts:14:39
     12|     output: {write(text) {output += text;}, flush() {}}
     13|   });
     14|   expect(session.exec(source).status).toBe("ok");
       |                                       ^
     15|   expect(output).toBe(reference.cases.find(row => row.name === name)!.…
     16| });

⎯⎯⎯⎯⎯⎯⎯⎯⎯⎯⎯⎯⎯⎯⎯⎯⎯⎯⎯⎯[102/327]⎯

 FAIL  src/session-source-reencoding-user.test.ts > source re-encoding public contract: 'comment replacement \'?\''
 FAIL  src/session-source-reencoding-user.test.ts > source re-encoding public contract: 'comment replacement b\'?\''
 FAIL  src/session-source-reencoding-user.test.ts > source re-encoding public contract: 'comment replacement b\'\xff\''
 FAIL  src/session-source-reencoding-user.test.ts > source re-encoding public contract: 'negative resume'
AssertionError: expected 'SyntaxError \'utf-8\' codec can\'t en…' to be 'ok 42\n[(\'UnicodeDecodeError\', 17, …' // Object.is equality

- Expected
+ Received

- ok 42
- [('UnicodeDecodeError', 17, 18), ('UnicodeEncodeError', 17, 18)]
+ SyntaxError 'utf-8' codec can't encode character '\ud800' in position 17: surrogates not allowed (<string>, line 0)
+ [('UnicodeDecodeError', 17, 18)]


 ❯ src/session-source-reencoding-user.test.ts:13:18
     11|   });
     12|   expect(session.exec(source).status, output).toBe("ok");
     13|   expect(output).toBe(stdout);
       |                  ^
     14| });
     15|

⎯⎯⎯⎯⎯⎯⎯⎯⎯⎯⎯⎯⎯⎯⎯⎯⎯⎯⎯⎯[103/327]⎯

 FAIL  src/session-source-reencoding-user.test.ts > source re-encoding public contract: 'comment replacement b\'\x00\''
AssertionError: expected 'SyntaxError \'utf-8\' codec can\'t en…' to be 'ok None\n[(\'UnicodeDecodeError\', 17…' // Object.is equality

- Expected
+ Received

- ok None
- [('UnicodeDecodeError', 17, 18), ('UnicodeEncodeError', 17, 18)]
+ SyntaxError 'utf-8' codec can't encode character '\ud800' in position 17: surrogates not allowed (<string>, line 0)
+ [('UnicodeDecodeError', 17, 18)]


 ❯ src/session-source-reencoding-user.test.ts:13:18
     11|   });
     12|   expect(session.exec(source).status, output).toBe("ok");
     13|   expect(output).toBe(stdout);
       |                  ^
     14| });
     15|

⎯⎯⎯⎯⎯⎯⎯⎯⎯⎯⎯⎯⎯⎯⎯⎯⎯⎯⎯⎯[104/327]⎯

 FAIL  src/session-source-reencoding-user.test.ts > source re-encoding public contract: 'comment replacement \'\ud800\''
 FAIL  src/session-source-reencoding-user.test.ts > source re-encoding public contract: 'non ASCII text replacement'
AssertionError: expected 'SyntaxError \'utf-8\' codec can\'t en…' to be 'SyntaxError \'utf-8\' codec can\'t en…' // Object.is equality

- Expected
+ Received

  SyntaxError 'utf-8' codec can't encode character '\ud800' in position 17: surrogates not allowed (<string>, line 0)
- [('UnicodeDecodeError', 17, 18), ('UnicodeEncodeError', 17, 18)]
+ [('UnicodeDecodeError', 17, 18)]


 ❯ src/session-source-reencoding-user.test.ts:13:18
     11|   });
     12|   expect(session.exec(source).status, output).toBe("ok");
     13|   expect(output).toBe(stdout);
       |                  ^
     14| });
     15|

⎯⎯⎯⎯⎯⎯⎯⎯⎯⎯⎯⎯⎯⎯⎯⎯⎯⎯⎯⎯[105/327]⎯

 FAIL  src/session-source-reencoding-user.test.ts > source re-encoding public contract: 'index protocol'
AssertionError: expected 'SyntaxError \'utf-8\' codec can\'t en…' to be 'ok 42\n[(\'UnicodeDecodeError\', 17, …' // Object.is equality

- Expected
+ Received

- ok 42
- [('UnicodeDecodeError', 17, 18), ('UnicodeEncodeError', 17, 18), 'index']
+ SyntaxError 'utf-8' codec can't encode character '\ud800' in position 17: surrogates not allowed (<string>, line 0)
+ [('UnicodeDecodeError', 17, 18)]


 ❯ src/session-source-reencoding-user.test.ts:13:18
     11|   });
     12|   expect(session.exec(source).status, output).toBe("ok");
     13|   expect(output).toBe(stdout);
       |                  ^
     14| });
     15|

⎯⎯⎯⎯⎯⎯⎯⎯⎯⎯⎯⎯⎯⎯⎯⎯⎯⎯⎯⎯[106/327]⎯

 FAIL  src/session-source-reencoding-user.test.ts > source re-encoding public contract: 'out of range'
AssertionError: expected 'SyntaxError \'utf-8\' codec can\'t en…' to be 'SyntaxError position 31 from error ha…' // Object.is equality

- Expected
+ Received

- SyntaxError position 31 from error handler out of bounds (<string>, line 0)
- [('UnicodeDecodeError', 17, 18), ('UnicodeEncodeError', 17, 18)]
+ SyntaxError 'utf-8' codec can't encode character '\ud800' in position 17: surrogates not allowed (<string>, line 0)
+ [('UnicodeDecodeError', 17, 18)]


 ❯ src/session-source-reencoding-user.test.ts:13:18
     11|   });
     12|   expect(session.exec(source).status, output).toBe("ok");
     13|   expect(output).toBe(stdout);
       |                  ^
     14| });
     15|

⎯⎯⎯⎯⎯⎯⎯⎯⎯⎯⎯⎯⎯⎯⎯⎯⎯⎯⎯⎯[107/327]⎯

 FAIL  src/session-source-reencoding-user.test.ts > source re-encoding public contract: 'wrong replacement type'
 FAIL  src/session-source-reencoding-user.test.ts > source re-encoding public contract: 'wrong tuple length'
AssertionError: expected 'SyntaxError \'utf-8\' codec can\'t en…' to be 'TypeError encoding error handler must…' // Object.is equality

- Expected
+ Received

- TypeError encoding error handler must return (str/bytes, int) tuple
- [('UnicodeDecodeError', 17, 18), ('UnicodeEncodeError', 17, 18)]
+ SyntaxError 'utf-8' codec can't encode character '\ud800' in position 17: surrogates not allowed (<string>, line 0)
+ [('UnicodeDecodeError', 17, 18)]


 ❯ src/session-source-reencoding-user.test.ts:13:18
     11|   });
     12|   expect(session.exec(source).status, output).toBe("ok");
     13|   expect(output).toBe(stdout);
       |                  ^
     14| });
     15|

⎯⎯⎯⎯⎯⎯⎯⎯⎯⎯⎯⎯⎯⎯⎯⎯⎯⎯⎯⎯[108/327]⎯

 FAIL  src/session-source-reencoding-user.test.ts > source re-encoding public contract: 'wrong position type'
AssertionError: expected 'SyntaxError \'utf-8\' codec can\'t en…' to be 'TypeError \'str\' object cannot be in…' // Object.is equality

- Expected
+ Received

- TypeError 'str' object cannot be interpreted as an integer
- [('UnicodeDecodeError', 17, 18), ('UnicodeEncodeError', 17, 18)]
+ SyntaxError 'utf-8' codec can't encode character '\ud800' in position 17: surrogates not allowed (<string>, line 0)
+ [('UnicodeDecodeError', 17, 18)]


 ❯ src/session-source-reencoding-user.test.ts:13:18
     11|   });
     12|   expect(session.exec(source).status, output).toBe("ok");
     13|   expect(output).toBe(stdout);
       |                  ^
     14| });
     15|

⎯⎯⎯⎯⎯⎯⎯⎯⎯⎯⎯⎯⎯⎯⎯⎯⎯⎯⎯⎯[109/327]⎯

 FAIL  src/session-source-reencoding-user.test.ts > source re-encoding public contract: 'guest TypeError'
AssertionError: expected 'SyntaxError \'utf-8\' codec can\'t en…' to be 'TypeError reencoding failed\n[(\'Unic…' // Object.is equality

- Expected
+ Received

- TypeError reencoding failed
- [('UnicodeDecodeError', 17, 18), ('UnicodeEncodeError', 17, 18)]
+ SyntaxError 'utf-8' codec can't encode character '\ud800' in position 17: surrogates not allowed (<string>, line 0)
+ [('UnicodeDecodeError', 17, 18)]


 ❯ src/session-source-reencoding-user.test.ts:13:18
     11|   });
     12|   expect(session.exec(source).status, output).toBe("ok");
     13|   expect(output).toBe(stdout);
       |                  ^
     14| });
     15|

⎯⎯⎯⎯⎯⎯⎯⎯⎯⎯⎯⎯⎯⎯⎯⎯⎯⎯⎯⎯[110/327]⎯

 FAIL  src/session-source-reencoding-user.test.ts > source re-encoding public contract: 'guest ValueError'
AssertionError: expected 'SyntaxError \'utf-8\' codec can\'t en…' to be 'SyntaxError reencoding failed (<strin…' // Object.is equality

- Expected
+ Received

- SyntaxError reencoding failed (<string>, line 0)
- [('UnicodeDecodeError', 17, 18), ('UnicodeEncodeError', 17, 18)]
+ SyntaxError 'utf-8' codec can't encode character '\ud800' in position 17: surrogates not allowed (<string>, line 0)
+ [('UnicodeDecodeError', 17, 18)]


 ❯ src/session-source-reencoding-user.test.ts:13:18
     11|   });
     12|   expect(session.exec(source).status, output).toBe("ok");
     13|   expect(output).toBe(stdout);
       |                  ^
     14| });
     15|

⎯⎯⎯⎯⎯⎯⎯⎯⎯⎯⎯⎯⎯⎯⎯⎯⎯⎯⎯⎯[111/327]⎯

 FAIL  src/session-source-reencoding-user.test.ts > source re-encoding public contract: 'service callback'
AssertionError: expected 'SyntaxError \'utf-8\' codec can\'t en…' to be 'encoding service ready\nok 42\n[(\'Un…' // Object.is equality

- Expected
+ Received

- encoding service ready
- ok 42
- [('UnicodeDecodeError', 17, 18), ('UnicodeEncodeError', 17, 18)]
+ SyntaxError 'utf-8' codec can't encode character '\ud800' in position 17: surrogates not allowed (<string>, line 0)
+ [('UnicodeDecodeError', 17, 18)]


 ❯ src/session-source-reencoding-user.test.ts:13:18
     11|   });
     12|   expect(session.exec(source).status, output).toBe("ok");
     13|   expect(output).toBe(stdout);
       |                  ^
     14| });
     15|

⎯⎯⎯⎯⎯⎯⎯⎯⎯⎯⎯⎯⎯⎯⎯⎯⎯⎯⎯⎯[112/327]⎯

 FAIL  src/session-source-reencoding-user.test.ts > source re-encoding public contract: 'token malformed bytes'
AssertionError: expected 'SyntaxError \'utf-8\' codec can\'t en…' to be 'SyntaxError invalid non-printable cha…' // Object.is equality

- Expected
+ Received

- SyntaxError invalid non-printable character U+D800 (<string>, line 2)
- [('UnicodeDecodeError', 16, 17), ('UnicodeEncodeError', 16, 17), ('UnicodeDecodeError', 0, 1), ('UnicodeDecodeError', 16, 17)]
+ SyntaxError 'utf-8' codec can't encode character '\ud800' in position 16: surrogates not allowed (<string>, line 0)
+ [('UnicodeDecodeError', 16, 17)]


 ❯ src/session-source-reencoding-user.test.ts:13:18
     11|   });
     12|   expect(session.exec(source).status, output).toBe("ok");
     13|   expect(output).toBe(stdout);
       |                  ^
     14| });
     15|

⎯⎯⎯⎯⎯⎯⎯⎯⎯⎯⎯⎯⎯⎯⎯⎯⎯⎯⎯⎯[113/327]⎯

 FAIL  src/session-source-reencoding-user.test.ts > source re-encoding service cancellation is terminal (throws=false)
 FAIL  src/session-source-reencoding-user.test.ts > source re-encoding service cancellation is terminal (throws=true)
AssertionError: expected { status: 'ok' } to match object { status: 'terminated', …(1) }

- Expected
+ Received

  {
-   "reason": "cancelled",
-   "status": "terminated",
+   "status": "ok",
  }

 ❯ src/session-source-reencoding-user.test.ts:30:32
     28|     output: {write(text) {output += text;}, flush() {}}
     29|   });
     30|   expect(session.exec(source)).toMatchObject({status: "terminated", re…
       |                                ^
     31|   expect(reads).toBe(1);
     32|   expect(output).toBe("");

⎯⎯⎯⎯⎯⎯⎯⎯⎯⎯⎯⎯⎯⎯⎯⎯⎯⎯⎯⎯[114/327]⎯

 FAIL  src/session-unicode-text-consumers.test.ts > public Unicode text conversions: 'utf_16' / 'aliases'
 FAIL  src/session-unicode-text-consumers.test.ts > public Unicode text conversions: 'utf_32' / 'aliases'
AssertionError: expected 'exception' to be 'ok' // Object.is equality

Expected: "ok"
Received: "exception"

 ❯ src/session-unicode-text-consumers.test.ts:9:39
      7| it.each(reference.cases)("public Unicode text conversions: $name / $po…
      8|   const session=new PythonSession({limits:{maxSteps:4000000,maxAllocat…
      9|   expect(session.exec(source).status).toBe("ok");
       |                                       ^
     10| });
     11|

⎯⎯⎯⎯⎯⎯⎯⎯⎯⎯⎯⎯⎯⎯⎯⎯⎯⎯⎯⎯[115/327]⎯

 FAIL  src/session-union-construction-descriptors.test.ts > matches union construction descriptor behavior: 'cls.__or__(u, other)'
 FAIL  src/session-union-construction-descriptors.test.ts > matches union construction descriptor behavior: 'u.__or__(other)'
AssertionError: expected { status: 'ok', value: { …(2) } } to match object { status: 'ok', …(1) }
(1 matching property omitted from actual)

- Expected
+ Received

  {
    "status": "ok",
    "value": {
-     "primitive": "(('ok', False, 'int | str | Other()'), [])",
+     "primitive": "(('ok', True, 'NotImplemented'), [])",
    },
  }

 ❯ src/session-union-construction-descriptors.test.ts:8:40
      6|   const session = new PythonSession({ limits: { maxSteps: 100_000, max…
      7|   expect(session.exec(source)).toEqual({ status: "ok" });
      8|   expect(session.eval("repr(result)")).toMatchObject({ status: "ok", v…
       |                                        ^
      9| });
     10|

⎯⎯⎯⎯⎯⎯⎯⎯⎯⎯⎯⎯⎯⎯⎯⎯⎯⎯⎯⎯[116/327]⎯

 FAIL  src/session-union-construction-descriptors.test.ts > matches union construction descriptor behavior: 'cls.__or__(u, 0)'
 FAIL  src/session-union-construction-descriptors.test.ts > matches union construction descriptor behavior: 'u.__or__(0)'
AssertionError: expected { status: 'ok', value: { …(2) } } to match object { status: 'ok', …(1) }
(1 matching property omitted from actual)

- Expected
+ Received

  {
    "status": "ok",
    "value": {
-     "primitive": "(('ok', False, 'int | str | 0'), [])",
+     "primitive": "(('ok', True, 'NotImplemented'), [])",
    },
  }

 ❯ src/session-union-construction-descriptors.test.ts:8:40
      6|   const session = new PythonSession({ limits: { maxSteps: 100_000, max…
      7|   expect(session.exec(source)).toEqual({ status: "ok" });
      8|   expect(session.eval("repr(result)")).toMatchObject({ status: "ok", v…
       |                                        ^
      9| });
     10|

⎯⎯⎯⎯⎯⎯⎯⎯⎯⎯⎯⎯⎯⎯⎯⎯⎯⎯⎯⎯[117/327]⎯

 FAIL  src/session-union-construction-descriptors.test.ts > matches union construction descriptor behavior: 'cls.__or__(u, list[int])'
 FAIL  src/session-union-construction-descriptors.test.ts > matches union construction descriptor behavior: 'u.__or__(list[int])'
AssertionError: expected { status: 'ok', value: { …(2) } } to match object { status: 'ok', …(1) }
(1 matching property omitted from actual)

- Expected
+ Received

  {
    "status": "ok",
    "value": {
-     "primitive": "(('ok', False, 'int | str | list[int]'), [])",
+     "primitive": "(('TypeError', \"type 'list' is not subscriptable\", (\"type 'list' is not subscriptable\",)), [])",
    },
  }

 ❯ src/session-union-construction-descriptors.test.ts:8:40
      6|   const session = new PythonSession({ limits: { maxSteps: 100_000, max…
      7|   expect(session.exec(source)).toEqual({ status: "ok" });
      8|   expect(session.eval("repr(result)")).toMatchObject({ status: "ok", v…
       |                                        ^
      9| });
     10|

⎯⎯⎯⎯⎯⎯⎯⎯⎯⎯⎯⎯⎯⎯⎯⎯⎯⎯⎯⎯[118/327]⎯

 FAIL  src/session-union-construction-descriptors.test.ts > matches union construction descriptor behavior: 'cls.__ror__(u, other)'
 FAIL  src/session-union-construction-descriptors.test.ts > matches union construction descriptor behavior: 'u.__ror__(other)'
AssertionError: expected { status: 'ok', value: { …(2) } } to match object { status: 'ok', …(1) }
(1 matching property omitted from actual)

- Expected
+ Received

  {
    "status": "ok",
    "value": {
-     "primitive": "(('ok', False, 'Other() | int | str'), [])",
+     "primitive": "(('ok', True, 'NotImplemented'), [])",
    },
  }

 ❯ src/session-union-construction-descriptors.test.ts:8:40
      6|   const session = new PythonSession({ limits: { maxSteps: 100_000, max…
      7|   expect(session.exec(source)).toEqual({ status: "ok" });
      8|   expect(session.eval("repr(result)")).toMatchObject({ status: "ok", v…
       |                                        ^
      9| });
     10|

⎯⎯⎯⎯⎯⎯⎯⎯⎯⎯⎯⎯⎯⎯⎯⎯⎯⎯⎯⎯[119/327]⎯

 FAIL  src/session-union-construction-descriptors.test.ts > matches union construction descriptor behavior: 'cls.__ror__(u, 0)'
 FAIL  src/session-union-construction-descriptors.test.ts > matches union construction descriptor behavior: 'u.__ror__(0)'
AssertionError: expected { status: 'ok', value: { …(2) } } to match object { status: 'ok', …(1) }
(1 matching property omitted from actual)

- Expected
+ Received

  {
    "status": "ok",
    "value": {
-     "primitive": "(('ok', False, '0 | int | str'), [])",
+     "primitive": "(('ok', True, 'NotImplemented'), [])",
    },
  }

 ❯ src/session-union-construction-descriptors.test.ts:8:40
      6|   const session = new PythonSession({ limits: { maxSteps: 100_000, max…
      7|   expect(session.exec(source)).toEqual({ status: "ok" });
      8|   expect(session.eval("repr(result)")).toMatchObject({ status: "ok", v…
       |                                        ^
      9| });
     10|

⎯⎯⎯⎯⎯⎯⎯⎯⎯⎯⎯⎯⎯⎯⎯⎯⎯⎯⎯⎯[120/327]⎯

 FAIL  src/session-union-construction-descriptors.test.ts > matches union construction descriptor behavior: 'cls.__ror__(u, list[int])'
 FAIL  src/session-union-construction-descriptors.test.ts > matches union construction descriptor behavior: 'u.__ror__(list[int])'
AssertionError: expected { status: 'ok', value: { …(2) } } to match object { status: 'ok', …(1) }
(1 matching property omitted from actual)

- Expected
+ Received

  {
    "status": "ok",
    "value": {
-     "primitive": "(('ok', False, 'list[int] | int | str'), [])",
+     "primitive": "(('TypeError', \"type 'list' is not subscriptable\", (\"type 'list' is not subscriptable\",)), [])",
    },
  }

 ❯ src/session-union-construction-descriptors.test.ts:8:40
      6|   const session = new PythonSession({ limits: { maxSteps: 100_000, max…
      7|   expect(session.exec(source)).toEqual({ status: "ok" });
      8|   expect(session.eval("repr(result)")).toMatchObject({ status: "ok", v…
       |                                        ^
      9| });
     10|

⎯⎯⎯⎯⎯⎯⎯⎯⎯⎯⎯⎯⎯⎯⎯⎯⎯⎯⎯⎯[121/327]⎯

 FAIL  src/session-union-construction-descriptors.test.ts > matches union construction descriptor behavior: 'type.__or__(int, list[int])'
AssertionError: expected { status: 'ok', value: { …(2) } } to match object { status: 'ok', …(1) }
(1 matching property omitted from actual)

- Expected
+ Received

  {
    "status": "ok",
    "value": {
-     "primitive": "(('ok', False, 'int | list[int]'), [])",
+     "primitive": "(('TypeError', \"type 'list' is not subscriptable\", (\"type 'list' is not subscriptable\",)), [])",
    },
  }

 ❯ src/session-union-construction-descriptors.test.ts:8:40
      6|   const session = new PythonSession({ limits: { maxSteps: 100_000, max…
      7|   expect(session.exec(source)).toEqual({ status: "ok" });
      8|   expect(session.eval("repr(result)")).toMatchObject({ status: "ok", v…
       |                                        ^
      9| });
     10|

⎯⎯⎯⎯⎯⎯⎯⎯⎯⎯⎯⎯⎯⎯⎯⎯⎯⎯⎯⎯[122/327]⎯

 FAIL  src/session-union-construction-descriptors.test.ts > matches union construction descriptor behavior: 'int.__or__(list[int])'
AssertionError: expected { status: 'ok', value: { …(2) } } to match object { status: 'ok', …(1) }
(1 matching property omitted from actual)

- Expected
+ Received

  {
    "status": "ok",
    "value": {
-     "primitive": "(('TypeError', \"descriptor '__or__' requires a 'int' object but received a 'types.GenericAlias'\", (\"descriptor '__or__' requires a 'int' object but received a 'types.GenericAlias'\",)), [])",
+     "primitive": "(('TypeError', \"type 'list' is not subscriptable\", (\"type 'list' is not subscriptable\",)), [])",
    },
  }

 ❯ src/session-union-construction-descriptors.test.ts:8:40
      6|   const session = new PythonSession({ limits: { maxSteps: 100_000, max…
      7|   expect(session.exec(source)).toEqual({ status: "ok" });
      8|   expect(session.eval("repr(result)")).toMatchObject({ status: "ok", v…
       |                                        ^
      9| });
     10|

⎯⎯⎯⎯⎯⎯⎯⎯⎯⎯⎯⎯⎯⎯⎯⎯⎯⎯⎯⎯[123/327]⎯

 FAIL  src/session-union-construction-descriptors.test.ts > matches union construction descriptor behavior: 'type.__ror__(int, list[int])'
AssertionError: expected { status: 'ok', value: { …(2) } } to match object { status: 'ok', …(1) }
(1 matching property omitted from actual)

- Expected
+ Received

  {
    "status": "ok",
    "value": {
-     "primitive": "(('ok', False, 'list[int] | int'), [])",
+     "primitive": "(('TypeError', \"type 'list' is not subscriptable\", (\"type 'list' is not subscriptable\",)), [])",
    },
  }

 ❯ src/session-union-construction-descriptors.test.ts:8:40
      6|   const session = new PythonSession({ limits: { maxSteps: 100_000, max…
      7|   expect(session.exec(source)).toEqual({ status: "ok" });
      8|   expect(session.eval("repr(result)")).toMatchObject({ status: "ok", v…
       |                                        ^
      9| });
     10|

⎯⎯⎯⎯⎯⎯⎯⎯⎯⎯⎯⎯⎯⎯⎯⎯⎯⎯⎯⎯[124/327]⎯

 FAIL  src/session-union-construction-descriptors.test.ts > matches union construction descriptor behavior: 'int.__ror__(list[int])'
AssertionError: expected { status: 'ok', value: { …(2) } } to match object { status: 'ok', …(1) }
(1 matching property omitted from actual)

- Expected
+ Received

  {
    "status": "ok",
    "value": {
-     "primitive": "(('TypeError', \"descriptor '__ror__' requires a 'int' object but received a 'types.GenericAlias'\", (\"descriptor '__ror__' requires a 'int' object but received a 'types.GenericAlias'\",)), [])",
+     "primitive": "(('TypeError', \"type 'list' is not subscriptable\", (\"type 'list' is not subscriptable\",)), [])",
    },
  }

 ❯ src/session-union-construction-descriptors.test.ts:8:40
      6|   const session = new PythonSession({ limits: { maxSteps: 100_000, max…
      7|   expect(session.exec(source)).toEqual({ status: "ok" });
      8|   expect(session.eval("repr(result)")).toMatchObject({ status: "ok", v…
       |                                        ^
      9| });
     10|

⎯⎯⎯⎯⎯⎯⎯⎯⎯⎯⎯⎯⎯⎯⎯⎯⎯⎯⎯⎯[125/327]⎯

 FAIL  src/session-union-construction-descriptors.test.ts > matches union construction descriptor behavior: 'u|other'
AssertionError: expected { status: 'ok', value: { …(2) } } to match object { status: 'ok', …(1) }
(1 matching property omitted from actual)

- Expected
+ Received

  {
    "status": "ok",
    "value": {
-     "primitive": "(('ok', False, 'int | str | Other()'), [])",
+     "primitive": "(('ok', False, '23'), ['ror'])",
    },
  }

 ❯ src/session-union-construction-descriptors.test.ts:8:40
      6|   const session = new PythonSession({ limits: { maxSteps: 100_000, max…
      7|   expect(session.exec(source)).toEqual({ status: "ok" });
      8|   expect(session.eval("repr(result)")).toMatchObject({ status: "ok", v…
       |                                        ^
      9| });
     10|

⎯⎯⎯⎯⎯⎯⎯⎯⎯⎯⎯⎯⎯⎯⎯⎯⎯⎯⎯⎯[126/327]⎯

 FAIL  src/session-utf7-codec-api.test.ts > preserves decoder guest failures, traceback and native-call note behavior
AssertionError: UTF-7 callback traceback: expected 'exception' to be 'ok' // Object.is equality

Expected: "ok"
Received: "exception"

 ❯ run src/session-utf7-codec-api.test.ts:13:32
     11|     if(message.status==="ok")detail=String(message.value.primitive);
     12|   }
     13|   expect(result.status,detail).toBe("ok");
       |                                ^
     14| }
     15|
 ❯ src/session-utf7-codec-api.test.ts:194:3

⎯⎯⎯⎯⎯⎯⎯⎯⎯⎯⎯⎯⎯⎯⎯⎯⎯⎯⎯⎯[127/327]⎯

 FAIL  src/runtime/runtime-core-codec-functions.test.ts > retains ascii encoding source identity, cached errors, index side effects and rejected replacement fields
 FAIL  src/runtime/runtime-core-codec-functions.test.ts > retains latin_1 encoding source identity, cached errors, index side effects and rejected replacement fields
 FAIL  src/runtime/runtime-core-codec-functions.test.ts > retains utf_8 encoding source identity, cached errors, index side effects and rejected replacement fields
Error: AssertionError: ["assert error.__traceback__ is not None"]
 ❯ Object.run src/runtime/runtime-core-codec-functions.test.ts:41:351

 ❯ src/runtime/runtime-core-codec-functions.test.ts:167:13

⎯⎯⎯⎯⎯⎯⎯⎯⎯⎯⎯⎯⎯⎯⎯⎯⎯⎯⎯⎯[128/327]⎯

 FAIL  src/runtime/runtime-program.test.ts > assembled concrete runtime programs > releases all join exports when the last acquisition cancels execution
AssertionError: expected [ 'second', 'first' ] to deeply equal [ 'first', 'second' ]

- Expected
+ Received

  [
-   "first",
    "second",
+   "first",
  ]

 ❯ src/runtime/runtime-program.test.ts:425:75
    423|       }
    424|     } });
    425|     expect(() => state.run()).toThrow(ExecutionLimitError); expect(tra…
       |                                                                           ^
    426|   });
    427|   it.each(["startswith", "endswith"])("releases each %s tuple buffer b…

⎯⎯⎯⎯⎯⎯⎯⎯⎯⎯⎯⎯⎯⎯⎯⎯⎯⎯⎯⎯[129/327]⎯

 FAIL  src/runtime/runtime-program.test.ts > assembled concrete runtime programs > cleans up byte maketrans leases after cancel failure
AssertionError: expected [ 'target', 'source' ] to deeply equal [ 'source', 'target' ]

- Expected
+ Received

  [
-   "source",
    "target",
+   "source",
  ]

 ❯ src/runtime/runtime-program.test.ts:630:19
    628|     } });
    629|     expect(() => state.run()).toThrow(mode === "length" ? "maketrans a…
    630|     expect(trace).toEqual(mode === "acquisition" ? ["source"] : ["sour…
       |                   ^
    631|   });
    632|   it("retains translation buffers until both inputs have been acquired…

⎯⎯⎯⎯⎯⎯⎯⎯⎯⎯⎯⎯⎯⎯⎯⎯⎯⎯⎯⎯[130/327]⎯


 Test Files  42 failed | 1150 passed (1192)
      Tests  327 failed | 85977 passed (86304)
   Start at  17:31:31
   Duration  151.38s (transform 99.58s, setup 0ms, import 908.25s, tests 1060.82s, environment 65ms)

npm error Lifecycle script `test:unit` failed with error:
npm error code 1
npm error path /private/tmp/poe-resource-delivery/packages/safe-python
npm error workspace @poe-code/safe-python@0.0.0-dev
npm error location /private/tmp/poe-resource-delivery/packages/safe-python
npm error command failed
npm error command sh -c vitest run --config vitest.config.ts
AggregateError: Workspace execution and cleanup failed
    at throwFailures (file:///private/tmp/poe-resource-delivery/scripts/build-workspaces.mjs:13:34)
    at executeStages (file:///private/tmp/poe-resource-delivery/scripts/build-workspaces.mjs:386:3)
    at process.processTicksAndRejections (node:internal/process/task_queues:103:5)
    at async testWorkspaces (file:///private/tmp/poe-resource-delivery/scripts/build-workspaces.mjs:424:3)
    at async file:///private/tmp/poe-resource-delivery/scripts/build-workspaces.mjs:473:32 {
  [errors]: [
    Error: Workspace test:unit failed: @poe-code/safe-python (1)
        at taskError (file:///private/tmp/poe-resource-delivery/scripts/build-workspaces.mjs:174:17)
        at ChildProcess.onClose (file:///private/tmp/poe-resource-delivery/scripts/build-workspaces.mjs:319:27)
        at Object.onceWrapper (node:events:634:26)
        at ChildProcess.emit (node:events:519:28)
        at maybeClose (node:internal/child_process:1101:16)
        at ChildProcess._handle.onexit (node:internal/child_process:304:5) {
      exitCode: 1
    },
    Error: kill EPERM
        at process.kill (node:internal/process/per_thread:281:13)
        at exists (file:///private/tmp/poe-resource-delivery/scripts/build-workspaces.mjs:352:22)
        at run (file:///private/tmp/poe-resource-delivery/scripts/build-workspaces.mjs:358:51)
        at async work (file:///private/tmp/poe-resource-delivery/scripts/build-workspaces.mjs:372:7)
        at async Promise.all (index 3)
        at async executeStages (file:///private/tmp/poe-resource-delivery/scripts/build-workspaces.mjs:381:5)
        at async testWorkspaces (file:///private/tmp/poe-resource-delivery/scripts/build-workspaces.mjs:424:3)
        at async file:///private/tmp/poe-resource-delivery/scripts/build-workspaces.mjs:473:32 {
      errno: -1,
      code: 'EPERM',
      syscall: 'kill'
    }
  ]
}
