
> poe-code@0.0.0-dev test
> node scripts/build-workspaces.mjs --test-unit --concurrency=4 --exclude-workspace=virtual-bash


> @poe-code/agent-defs@0.0.1 build
> node ../../scripts/guard-package-dist.mjs && tsc


> @poe-code/agent-human-in-loop@0.0.1 build
> node ../../scripts/guard-package-dist.mjs && tsc


> @poe-code/frontmatter@0.0.1 build
> node ../../scripts/guard-package-dist.mjs && tsc


> @poe-code/process-runner@0.0.1 build
> node ../../scripts/guard-package-dist.mjs && tsc


> @poe-code/user-error@0.0.1 build
> node ../../scripts/guard-package-dist.mjs && tsc


> auth-store@0.0.1 build
> node ../../scripts/guard-package-dist.mjs && tsc


> tiny-oauth-test-server@0.1.0 build
> node ../../scripts/guard-package-dist.mjs && tsc


> toolcraft-schema@0.0.1 build
> rm -rf dist && tsc


> @poe-code/task-list@0.0.1 build
> node ../../scripts/guard-package-dist.mjs && tsc


> mcp-oauth@0.0.1 build
> tsc


> tiny-stdio-mcp-server@0.1.0 build
> node ../../scripts/guard-package-dist.mjs && tsc


> toolcraft-design@0.0.2 build
> node ../../scripts/guard-package-dist.mjs && tsc


> toolcraft-design@0.0.2 postbuild
> node scripts/smoke-built-exports.mjs


> @poe-code/config-mutations@0.0.1 build
> node ../../scripts/guard-package-dist.mjs && tsc


> mcp-oauth-server@0.1.0 build
> node ../../scripts/guard-package-dist.mjs && tsc


> tiny-mcp-client@0.1.0 build
> node scripts/build.mjs


> tiny-stdio-mcp-test-server@0.1.0 build
> node ../../scripts/guard-package-dist.mjs && tsc


> @poe-code/agent-mcp-config@0.0.1 build
> node ../../scripts/guard-package-dist.mjs && tsc


> tiny-http-mcp-server@0.1.0 build
> node ../../scripts/guard-package-dist.mjs && tsc


> poe-code@0.0.0-dev test:unit:shared
> node scripts/test-vitest-workspaces.mjs . packages/acp-telemetry packages/agent-child-process packages/agent-code-review packages/agent-gaslight packages/agent-harness packages/agent-harness-tools packages/agent-hook-config packages/agent-spawn packages/agent-stash packages/agent-trace-viewer packages/agent-traces packages/braintrust packages/experiment-loop packages/frontmatter packages/github-review packages/github-workflows packages/maestro packages/maestro-tui packages/markdown-reader packages/mcp-oauth-server packages/memory packages/opencode-poe-auth packages/package-lint packages/process-launcher packages/process-runner packages/ralph packages/safe-bash-playground packages/superintendent packages/task-list packages/toolcraft packages/toolcraft-codemode packages/toolcraft-landing-page packages/toolcraft-openapi packages/toolcraft-schema packages/workspace-resolver


> @poe-code/safe-js@0.0.1 pretest:unit
> node scripts/numberformat-data.mjs && npm run typecheck:fs


> @poe-code/py-poe-spawn@0.0.1 test:unit
> python3 -m unittest discover -s tests -t .


> @poe-platform/op@0.0.1 test:unit
> node --import tsx --test src/*.test.ts

TAP version 13
.............................
----------------------------------------------------------------------
Ran 29 tests in 0.171s

OK

> @poe-code/safe-python@0.0.0-dev test:unit
> vitest run --config vitest.config.ts


 RUN  v4.1.11 /private/tmp/poe-resource-delivery/packages/safe-python


 RUN  v4.1.11 /private/tmp/poe-resource-delivery

Unit workspace poe-code: running 1719 files
Unit workspace @poe-code/acp-telemetry: running 6 files
Unit workspace @poe-code/agent-child-process: running 1 files
Unit workspace agent-code-review: running 12 files
Unit workspace @poe-code/agent-gaslight: running 4 files
Unit workspace @poe-code/agent-harness: running 13 files
Unit workspace @poe-code/agent-harness-tools: running 17 files
Unit workspace @poe-code/agent-hook-config: running 8 files
Unit workspace @poe-code/agent-spawn: running 23 files
Unit workspace agent-stash: running 13 files
Unit workspace @poe-code/agent-trace-viewer: running 8 files
Unit workspace @poe-code/agent-traces: running 9 files
Unit workspace @poe-code/braintrust: running 9 files
Unit workspace @poe-code/experiment-loop: running 3 files
Unit workspace @poe-code/frontmatter: running 1 files
Unit workspace github-review: running 6 files
Unit workspace @poe-code/github-workflows: running 10 files
Unit workspace @poe-code/maestro: running 27 files
Unit workspace @poe-code/maestro-tui: running 3 files
Unit workspace @poe-code/markdown-reader: running 7 files
Unit workspace mcp-oauth-server: running 2 files
Unit workspace @poe-code/memory: running 29 files
Unit workspace opencode-poe-auth: running 1 files
Unit workspace @poe-code/package-lint: running 13 files
Unit workspace @poe-code/process-launcher: running 11 files
Unit workspace @poe-code/process-runner: running 9 files
Unit workspace @poe-code/ralph: running 2 files
Unit workspace safe-bash-playground: running 8 files
Unit workspace @poe-code/superintendent: running 34 files
Unit workspace @poe-code/task-list: running 19 files
Unit workspace toolcraft: running 108 files
Unit workspace toolcraft-codemode: running 12 files
Unit workspace toolcraft-landing-page: running 3 files
Unit workspace toolcraft-openapi: running 36 files
Unit workspace toolcraft-schema: running 14 files
Unit workspace @poe-code/workspace-resolver: running 2 files
# Subtest: audit group lists and deletes honor account targeting and preserve other resources
ok 1 - audit group lists and deletes honor account targeting and preserve other resources
  ---
  duration_ms: 23.569958
  type: 'test'
  ...
# Subtest: public read and delete reject foreign IDs and resolve duplicate vault names locally
ok 2 - public read and delete reject foreign IDs and resolve duplicate vault names locally
  ---
  duration_ms: 4.289375
  type: 'test'
  ...
# Subtest: account aliases scope direct and indirect objects and default vault creation
ok 3 - account aliases scope direct and indirect objects and default vault creation
  ---
  duration_ms: 3.644917
  type: 'test'
  ...
# Subtest: foreign vault flags, account patches, moves and relation principals cannot cross accounts
ok 4 - foreign vault flags, account patches, moves and relation principals cannot cross accounts
  ---
  duration_ms: 1.196916
  type: 'test'
  ...
# Subtest: direct admin dispatcher uses the same account boundary
ok 5 - direct admin dispatcher uses the same account boundary
  ---
  duration_ms: 3.034041
  type: 'test'
  ...
# Subtest: hooks receive only selected state and cannot publish foreign resources or values
ok 6 - hooks receive only selected state and cannot publish foreign resources or values
  ---
  duration_ms: 5.581833
  type: 'test'
  ...
# Subtest: account-scoped admin IDs remain globally unique
ok 7 - account-scoped admin IDs remain globally unique
  ---
  duration_ms: 1.004
  type: 'test'
  ...
# Subtest: concurrent scoped hooks preserve other-account and untouched same-account updates
ok 8 - concurrent scoped hooks preserve other-account and untouched same-account updates
  ---
  duration_ms: 7.014167
  type: 'test'
  ...
# Subtest: unknown ownership is explicit and invalid account aliases cannot access data
ok 9 - unknown ownership is explicit and invalid account aliases cannot access data
  ---
  duration_ms: 0.781792
  type: 'test'
  ...
# Subtest: arbitrary nested account and ID data is not interpreted as domain ownership
ok 10 - arbitrary nested account and ID data is not interpreted as domain ownership
  ---
  duration_ms: 1.12925
  type: 'test'
  ...
# Subtest: repeatable vault permission flags preserve metadata and reject foreign vaults before hooks
ok 11 - repeatable vault permission flags preserve metadata and reject foreign vaults before hooks
  ---
  duration_ms: 2.730791
  type: 'test'
  ...
# Subtest: group get - treats singleton and array JSON as selectors, not mutation bodies
ok 12 - group get - treats singleton and array JSON as selectors, not mutation bodies
  ---
  duration_ms: 5.547709
  type: 'test'
  ...
# Subtest: group get - rejects every missing, foreign, or malformed selector before hooks or local publication
ok 13 - group get - rejects every missing, foreign, or malformed selector before hooks or local publication
  ---
  duration_ms: 2.902583
  type: 'test'
  ...
# Subtest: group edit - treats singleton and array JSON as selectors, not mutation bodies
ok 14 - group edit - treats singleton and array JSON as selectors, not mutation bodies
  ---
  duration_ms: 1.290958
  type: 'test'
  ...
# Subtest: group edit - rejects every missing, foreign, or malformed selector before hooks or local publication
ok 15 - group edit - rejects every missing, foreign, or malformed selector before hooks or local publication
  ---
  duration_ms: 1.094708
  type: 'test'
  ...
# Subtest: group delete - treats singleton and array JSON as selectors, not mutation bodies
ok 16 - group delete - treats singleton and array JSON as selectors, not mutation bodies
  ---
  duration_ms: 1.831875
  type: 'test'
  ...
# Subtest: group delete - rejects every missing, foreign, or malformed selector before hooks or local publication
ok 17 - group delete - rejects every missing, foreign, or malformed selector before hooks or local publication
  ---
  duration_ms: 3.443459
  type: 'test'
  ...
# Subtest: user get - treats singleton and array JSON as selectors, not mutation bodies
ok 18 - user get - treats singleton and array JSON as selectors, not mutation bodies
  ---
  duration_ms: 2.828458
  type: 'test'
  ...
# Subtest: user get - rejects every missing, foreign, or malformed selector before hooks or local publication
ok 19 - user get - rejects every missing, foreign, or malformed selector before hooks or local publication
  ---
  duration_ms: 1.459791
  type: 'test'
  ...
# Subtest: user edit - treats singleton and array JSON as selectors, not mutation bodies
ok 20 - user edit - treats singleton and array JSON as selectors, not mutation bodies
  ---
  duration_ms: 1.099709
  type: 'test'
  ...
# Subtest: user edit - rejects every missing, foreign, or malformed selector before hooks or local publication
ok 21 - user edit - rejects every missing, foreign, or malformed selector before hooks or local publication
  ---
  duration_ms: 1.426917
  type: 'test'
  ...
# Subtest: user delete - treats singleton and array JSON as selectors, not mutation bodies
ok 22 - user delete - treats singleton and array JSON as selectors, not mutation bodies
  ---
  duration_ms: 0.901916
  type: 'test'
  ...
# Subtest: user delete - rejects every missing, foreign, or malformed selector before hooks or local publication
ok 23 - user delete - rejects every missing, foreign, or malformed selector before hooks or local publication
  ---
  duration_ms: 1.15025
  type: 'test'
  ...
# Subtest: user confirm - treats singleton and array JSON as selectors, not mutation bodies
ok 24 - user confirm - treats singleton and array JSON as selectors, not mutation bodies
  ---
  duration_ms: 0.75375
  type: 'test'
  ...
# Subtest: user confirm - rejects every missing, foreign, or malformed selector before hooks or local publication
ok 25 - user confirm - rejects every missing, foreign, or malformed selector before hooks or local publication
  ---
  duration_ms: 28.00925
  type: 'test'
  ...
# Subtest: user reactivate - treats singleton and array JSON as selectors, not mutation bodies
ok 26 - user reactivate - treats singleton and array JSON as selectors, not mutation bodies
  ---
  duration_ms: 0.920334
  type: 'test'
  ...
# Subtest: user reactivate - rejects every missing, foreign, or malformed selector before hooks or local publication
ok 27 - user reactivate - rejects every missing, foreign, or malformed selector before hooks or local publication
  ---
  duration_ms: 1.055833
  type: 'test'
  ...
# Subtest: user suspend - treats singleton and array JSON as selectors, not mutation bodies
ok 28 - user suspend - treats singleton and array JSON as selectors, not mutation bodies
  ---
  duration_ms: 0.704792
  type: 'test'
  ...
# Subtest: user suspend - rejects every missing, foreign, or malformed selector before hooks or local publication
ok 29 - user suspend - rejects every missing, foreign, or malformed selector before hooks or local publication
  ---
  duration_ms: 8.617416
  type: 'test'
  ...
# Subtest: unrelated requests fall through and unsupported admin actions fail safely
ok 30 - unrelated requests fall through and unsupported admin actions fail safely
  ---
  duration_ms: 1.985417
  type: 'test'
  ...
# Subtest: generated admin IDs have native length and avoid case-insensitive cross-resource collisions
ok 31 - generated admin IDs have native length and avoid case-insensitive cross-resource collisions
  ---
  duration_ms: 1.462
  type: 'test'
  ...
# Subtest: group lifecycle accepts CLI flags, batches stdin, clones metadata and preserves IDs
ok 32 - group lifecycle accepts CLI flags, batches stdin, clones metadata and preserves IDs
  ---
  duration_ms: 2.193125
  type: 'test'
  ...
# Subtest: membership resolves email, updates roles, filters lists and cascades deletion
ok 33 - membership resolves email, updates roles, filters lists and cascades deletion
  ---
  duration_ms: 1.125792
  type: 'test'
  ...
# Subtest: group roles accept case-insensitive values, store lowercase, and leave request flags unchanged
ok 34 - group roles accept case-insensitive values, store lowercase, and leave request flags unchanged
  ---
  duration_ms: 3.519958
  type: 'test'
  ...
# Subtest: vault grants union permissions, partially revoke, filter and remove empty access
ok 35 - vault grants union permissions, partially revoke, filter and remove empty access
  ---
  duration_ms: 1.350458
  type: 'test'
  ...
# Subtest: user lifecycle validates transitions and atomically resolves batches
ok 36 - user lifecycle validates transitions and atomically resolves batches
  ---
  duration_ms: 0.644834
  type: 'test'
  ...
# Subtest: accounts select shorthand, require real authentication, sign out and forget locally
ok 37 - accounts select shorthand, require real authentication, sign out and forget locally
  ---
  duration_ms: 0.917625
  type: 'test'
  ...
# Subtest: external effects require hooks, sanitize errors and commit only after success
ok 38 - external effects require hooks, sanitize errors and commit only after success
  ---
  duration_ms: 0.951708
  type: 'test'
  ...
# Subtest: connect relationships cover managers, all future servers, vaults and token scoping
ok 39 - connect relationships cover managers, all future servers, vaults and token scoping
  ---
  duration_ms: 0.84325
  type: 'test'
  ...
# Subtest: environment reads stored secrets and plugin clearing preserves catalog metadata
ok 40 - environment reads stored secrets and plugin clearing preserves catalog metadata
  ---
  duration_ms: 0.6245
  type: 'test'
  ...
# Subtest: Connect token lists do not require a server and retain revoked token metadata
ok 41 - Connect token lists do not require a server and retain revoked token metadata
  ---
  duration_ms: 1.035209
  type: 'test'
  ...
# Subtest: plugin clear --all clears the selected plugin only
ok 42 - plugin clear --all clears the selected plugin only
  ---
  duration_ms: 0.37025
  type: 'test'
  ...
# Subtest: vault permission filters exclude grants without every requested permission
ok 43 - vault permission filters exclude grants without every requested permission
  ---
  duration_ms: 1.079917
  type: 'test'
  ...
# Subtest: provider results persist metadata and tokens without sharing mutable references
ok 44 - provider results persist metadata and tokens without sharing mutable references
  ---
  duration_ms: 1.185208
  type: 'test'
  ...
# Subtest: invalid provider snapshots and ambiguous selectors fail without exposing secrets
ok 45 - invalid provider snapshots and ambiguous selectors fail without exposing secrets
  ---
  duration_ms: 0.316916
  type: 'test'
  ...
# Subtest: direct allow does not enter metadata discovery or either approval callback
ok 46 - direct allow does not enter metadata discovery or either approval callback
  ---
  duration_ms: 15.45875
  type: 'test'
  ...
# Subtest: direct deny does not enter metadata discovery or either approval callback
ok 47 - direct deny does not enter metadata discovery or either approval callback
  ---
  duration_ms: 2.213167
  type: 'test'
  ...
# Subtest: explicit literal ask retains legacy approval without discovery
ok 48 - explicit literal ask retains legacy approval without discovery
  ---
  duration_ms: 1.502541
  type: 'test'
  ...
# Subtest: default ask fails closed without resolution callback and never falls back to literal approval
ok 49 - default ask fails closed without resolution callback and never falls back to literal approval
  ---
  duration_ms: 8.722625
  type: 'test'
  ...
# Subtest: default ask fails closed without resolved callback and never falls back to literal approval
ok 50 - default ask fails closed without resolved callback and never falls back to literal approval
  ---
  duration_ms: 0.539791
  type: 'test'
  ...
# Subtest: default ask fails closed without backend capabilities and never falls back to literal approval
ok 51 - default ask fails closed without backend capabilities and never falls back to literal approval
  ---
  duration_ms: 0.203667
  type: 'test'
  ...
# Subtest: default ask fails closed without resolution permission and never falls back to literal approval
ok 52 - default ask fails closed without resolution permission and never falls back to literal approval
  ---
  duration_ms: 0.361458
  type: 'test'
  ...
# Subtest: resolved denial follows explicit metadata permission without executing or exposing field values
ok 53 - resolved denial follows explicit metadata permission without executing or exposing field values
  ---
  duration_ms: 1.556625
  type: 'test'
  ...
# Subtest: resolved run manifest exposes no handle or raw argv and keeps all argument positions redacted
ok 54 - resolved run manifest exposes no handle or raw argv and keeps all argument positions redacted
  ---
  duration_ms: 1.322666
  type: 'test'
  ...
# Subtest: abort during discovery permission settles and late approval cannot execute
ok 55 - abort during discovery permission settles and late approval cannot execute
  ---
  duration_ms: 0.672709
  type: 'test'
  ...
# Subtest: abort during resolved permission settles and late approval cannot execute
ok 56 - abort during resolved permission settles and late approval cannot execute
  ---
  duration_ms: 0.496167
  type: 'test'
  ...
# Subtest: preparation is metadata-only and cloned or foreign handles cannot authorize a read
ok 57 - preparation is metadata-only and cloned or foreign handles cannot authorize a read
  ---
  duration_ms: 1.325417
  type: 'test'
  ...
# Subtest: cancelled binding cannot be validated or replayed to execute a read
ok 58 - cancelled binding cannot be validated or replayed to execute a read
  ---
  duration_ms: 0.339958
  type: 'test'
  ...
# Subtest: binding cannot execute an unprepared nested request
ok 59 - binding cannot execute an unprepared nested request
  ---
  duration_ms: 0.311583
  type: 'test'
  ...
# Subtest: same-ID content update invalidates a prepared generation without undoing the other actor
ok 60 - same-ID content update invalidates a prepared generation without undoing the other actor
  ---
  duration_ms: 6.06275
  type: 'test'
  ...
# Subtest: unchanged approved item selection completes through the public API
ok 61 - unchanged approved item selection completes through the public API
  ---
  duration_ms: 6.400833
  type: 'test'
  ...
# Subtest: approval invalidates when the approved item name is reassigned while permission is pending
ok 62 - approval invalidates when the approved item name is reassigned while permission is pending
  ---
  duration_ms: 1.343209
  type: 'test'
  ...
# Subtest: read: literal deny prevents backend, file and spawn effects
ok 63 - read: literal deny prevents backend, file and spawn effects
  ---
  duration_ms: 5.960125
  type: 'test'
  ...
# Subtest: read: literal ask-denied prevents backend, file and spawn effects
ok 64 - read: literal ask-denied prevents backend, file and spawn effects
  ---
  duration_ms: 0.549125
  type: 'test'
  ...
# Subtest: read: literal ask-missing prevents backend, file and spawn effects
ok 65 - read: literal ask-missing prevents backend, file and spawn effects
  ---
  duration_ms: 0.30775
  type: 'test'
  ...
# Subtest: read: literal approval sees the actual command and precedes effects
ok 66 - read: literal approval sees the actual command and precedes effects
  ---
  duration_ms: 17.910417
  type: 'test'
  ...
# Subtest: inject: literal deny prevents backend, file and spawn effects
ok 67 - inject: literal deny prevents backend, file and spawn effects
  ---
  duration_ms: 0.607292
  type: 'test'
  ...
# Subtest: inject: literal ask-denied prevents backend, file and spawn effects
ok 68 - inject: literal ask-denied prevents backend, file and spawn effects
  ---
  duration_ms: 0.429708
  type: 'test'
  ...
# Subtest: inject: literal ask-missing prevents backend, file and spawn effects
ok 69 - inject: literal ask-missing prevents backend, file and spawn effects
  ---
  duration_ms: 0.923875
  type: 'test'
  ...
# Subtest: inject: literal approval sees the actual command and precedes effects
ok 70 - inject: literal approval sees the actual command and precedes effects
  ---
  duration_ms: 0.714375
  type: 'test'
  ...
# Subtest: run: literal deny prevents backend, file and spawn effects
ok 71 - run: literal deny prevents backend, file and spawn effects
  ---
  duration_ms: 0.382208
  type: 'test'
  ...
# Subtest: run: literal ask-denied prevents backend, file and spawn effects
ok 72 - run: literal ask-denied prevents backend, file and spawn effects
  ---
  duration_ms: 0.666584
  type: 'test'
  ...
# Subtest: run: literal ask-missing prevents backend, file and spawn effects
ok 73 - run: literal ask-missing prevents backend, file and spawn effects
  ---
  duration_ms: 0.245375
  type: 'test'
  ...
# Subtest: run: literal approval sees the actual command and precedes effects
ok 74 - run: literal approval sees the actual command and precedes effects
  ---
  duration_ms: 0.737125
  type: 'test'
  ...
# Subtest: admin: literal deny prevents backend, file and spawn effects
ok 75 - admin: literal deny prevents backend, file and spawn effects
  ---
  duration_ms: 0.228333
  type: 'test'
  ...
# Subtest: admin: literal ask-denied prevents backend, file and spawn effects
ok 76 - admin: literal ask-denied prevents backend, file and spawn effects
  ---
  duration_ms: 0.148792
  type: 'test'
  ...
# Subtest: admin: literal ask-missing prevents backend, file and spawn effects
ok 77 - admin: literal ask-missing prevents backend, file and spawn effects
  ---
  duration_ms: 0.130125
  type: 'test'
  ...
# Subtest: admin: literal approval sees the actual command and precedes effects
ok 78 - admin: literal approval sees the actual command and precedes effects
  ---
  duration_ms: 0.335084
  type: 'test'
  ...
# Subtest: read: cancellation settles while authorize is pending and late permission has no effects
ok 79 - read: cancellation settles while authorize is pending and late permission has no effects
  ---
  duration_ms: 0.34225
  type: 'test'
  ...
# Subtest: read: cancellation settles while approve is pending and late permission has no effects
ok 80 - read: cancellation settles while approve is pending and late permission has no effects
  ---
  duration_ms: 0.223375
  type: 'test'
  ...
# Subtest: inject: cancellation settles while authorize is pending and late permission has no effects
ok 81 - inject: cancellation settles while authorize is pending and late permission has no effects
  ---
  duration_ms: 0.235958
  type: 'test'
  ...
# Subtest: inject: cancellation settles while approve is pending and late permission has no effects
ok 82 - inject: cancellation settles while approve is pending and late permission has no effects
  ---
  duration_ms: 0.208833
  type: 'test'
  ...
# Subtest: run: cancellation settles while authorize is pending and late permission has no effects
ok 83 - run: cancellation settles while authorize is pending and late permission has no effects
  ---
  duration_ms: 0.290041
  type: 'test'
  ...
# Subtest: run: cancellation settles while approve is pending and late permission has no effects
ok 84 - run: cancellation settles while approve is pending and late permission has no effects
  ---
  duration_ms: 0.196458
  type: 'test'
  ...
# Subtest: admin: cancellation settles while authorize is pending and late permission has no effects
ok 85 - admin: cancellation settles while authorize is pending and late permission has no effects
  ---
  duration_ms: 0.239833
  type: 'test'
  ...
# Subtest: admin: cancellation settles while approve is pending and late permission has no effects
ok 86 - admin: cancellation settles while approve is pending and late permission has no effects
  ---
  duration_ms: 0.184959
  type: 'test'
  ...
# Subtest: literal approval freezes arguments and flags without acquiring input
ok 87 - literal approval freezes arguments and flags without acquiring input
  ---
  duration_ms: 0.347292
  type: 'test'
  ...
# Subtest: resolved approval keeps nested JSON input private and freezes its prepared mutation
ok 88 - resolved approval keeps nested JSON input private and freezes its prepared mutation
  ---
  duration_ms: 4.615541
  type: 'test'
  ...
# Subtest: run: caller environment mutation during approval cannot change the approved execution
ok 89 - run: caller environment mutation during approval cannot change the approved execution
  ---
  duration_ms: 10.229541
  type: 'test'
  ...
# Subtest: inject: caller environment mutation during approval cannot change the approved execution
ok 90 - inject: caller environment mutation during approval cannot change the approved execution
  ---
  duration_ms: 0.930834
  type: 'test'
  ...
# Subtest: denied public object-backed admin operation leaves the complete snapshot unchanged
ok 91 - denied public object-backed admin operation leaves the complete snapshot unchanged
  ---
  duration_ms: 0.557209
  type: 'test'
  ...
# Subtest: one approved execution does not silently approve the next execution
ok 92 - one approved execution does not silently approve the next execution
  ---
  duration_ms: 1.494042
  type: 'test'
  ...
# Subtest: authorize callback failures do not expose private error text
ok 93 - authorize callback failures do not expose private error text
  ---
  duration_ms: 0.205625
  type: 'test'
  ...
# Subtest: approve callback failures do not expose private error text
ok 94 - approve callback failures do not expose private error text
  ---
  duration_ms: 0.130916
  type: 'test'
  ...
# Subtest: environment snapshot create dev --vars TOKEN: denied approval blocks storage, retrieval and restoration
ok 95 - environment snapshot create dev --vars TOKEN: denied approval blocks storage, retrieval and restoration
  ---
  duration_ms: 0.298375
  type: 'test'
  ...
# Subtest: environment snapshot get dev: denied approval blocks storage, retrieval and restoration
ok 96 - environment snapshot get dev: denied approval blocks storage, retrieval and restoration
  ---
  duration_ms: 0.112042
  type: 'test'
  ...
# Subtest: environment snapshot list: denied approval blocks storage, retrieval and restoration
ok 97 - environment snapshot list: denied approval blocks storage, retrieval and restoration
  ---
  duration_ms: 0.101
  type: 'test'
  ...
# Subtest: environment snapshot delete dev: denied approval blocks storage, retrieval and restoration
ok 98 - environment snapshot delete dev: denied approval blocks storage, retrieval and restoration
  ---
  duration_ms: 0.109125
  type: 'test'
  ...
# Subtest: environment snapshot restore dev: denied approval blocks storage, retrieval and restoration
ok 99 - environment snapshot restore dev: denied approval blocks storage, retrieval and restoration
  ---
  duration_ms: 0.131
  type: 'test'
  ...
# Subtest: environment snapshot restore dev --shell bash: denied approval blocks storage, retrieval and restoration
ok 100 - environment snapshot restore dev --shell bash: denied approval blocks storage, retrieval and restoration
  ---
  duration_ms: 0.128917
  type: 'test'
  ...
# Subtest: environment snapshot restore dev -- worker: denied approval blocks storage, retrieval and restoration
ok 101 - environment snapshot restore dev -- worker: denied approval blocks storage, retrieval and restoration
  ---
  duration_ms: 1.550417
  type: 'test'
  ...
# Subtest: snapshot capture binds variable values at execution start while approval contains only selection metadata
ok 102 - snapshot capture binds variable values at execution start while approval contains only selection metadata
  ---
  duration_ms: 6.297916
  type: 'test'
  ...
# Subtest: selected snapshot child restoration preserves unrelated variables appropriately across approval
ok 103 - selected snapshot child restoration preserves unrelated variables appropriately across approval
  ---
  duration_ms: 4.870542
  type: 'test'
  ...
# Subtest: selected snapshot shell restoration preserves unrelated variables appropriately across approval
ok 104 - selected snapshot shell restoration preserves unrelated variables appropriately across approval
  ---
  duration_ms: 8.199584
  type: 'test'
  ...
# Subtest: approved snapshot restoration retains host capabilities without requiring context object identity
ok 105 - approved snapshot restoration retains host capabilities without requiring context object identity
  ---
  duration_ms: 4.942417
  type: 'test'
  ...
# Subtest: app preference follows successful signin across terminals, including reuse, but not reads
ok 106 - app preference follows successful signin across terminals, including reuse, but not reads
  ---
  duration_ms: 6.315708
  type: 'test'
  ...
# Subtest: stored app authorization never enables integration implicitly and invalid modes fail closed
ok 107 - stored app authorization never enables integration implicitly and invalid modes fail closed
  ---
  duration_ms: 0.605458
  type: 'test'
  ...
# Subtest: global account preference does not grant authorization in another terminal or guess an initial account
ok 108 - global account preference does not grant authorization in another terminal or guess an initial account
  ---
  duration_ms: 0.470209
  type: 'test'
  ...
# Subtest: app signin without a preference requires explicit selection even for one account
ok 109 - app signin without a preference requires explicit selection even for one account
  ---
  duration_ms: 0.71125
  type: 'test'
  ...
# Subtest: manual defaults remain terminal local and require bearer possession
ok 110 - manual defaults remain terminal local and require bearer possession
  ---
  duration_ms: 0.543959
  type: 'test'
  ...
# Subtest: expiry and signout retain app preference while account forgetting removes it
ok 111 - expiry and signout retain app preference while account forgetting removes it
  ---
  duration_ms: 1.029625
  type: 'test'
  ...
# Subtest: conflicting concurrent app signins fail atomically without overwriting the winner
ok 112 - conflicting concurrent app signins fail atomically without overwriting the winner
  ---
  duration_ms: 0.661958
  type: 'test'
  ...
# Subtest: signin hooks may issue authorization after admission but cannot publish an expired grant
ok 113 - signin hooks may issue authorization after admission but cannot publish an expired grant
  ---
  duration_ms: 0.527417
  type: 'test'
  ...
# Subtest: wrong explicit tokens reject generic reads and mutations without changing state
ok 114 - wrong explicit tokens reject generic reads and mutations without changing state
  ---
  duration_ms: 1.962834
  type: 'test'
  ...
# Subtest: manual activity expires exactly at thirty minutes and successful reads persist activity
ok 115 - manual activity expires exactly at thirty minutes and successful reads persist activity
  ---
  duration_ms: 2.004709
  type: 'test'
  ...
# Subtest: manual tokens transfer terminals but terminal defaults and account conflicts do not
ok 116 - manual tokens transfer terminals but terminal defaults and account conflicts do not
  ---
  duration_ms: 1.023209
  type: 'test'
  ...
# Subtest: legacy and malformed session metadata require explicit migration
ok 117 - legacy and malformed session metadata require explicit migration
  ---
  duration_ms: 0.22425
  type: 'test'
  ...
# Subtest: failed operations and aborted calls never refresh sessions
ok 118 - failed operations and aborted calls never refresh sessions
  ---
  duration_ms: 0.4025
  type: 'test'
  ...
# Subtest: app authorization is terminal bound, idle limited, hard limited and revocable
ok 119 - app authorization is terminal bound, idle limited, hard limited and revocable
  ---
  duration_ms: 0.527958
  type: 'test'
  ...
# Subtest: signin hooks populate canonical managed sessions and terminal defaults, signout retains policy
ok 120 - signin hooks populate canonical managed sessions and terminal defaults, signout retains policy
  ---
  duration_ms: 1.154625
  type: 'test'
  ...
# Subtest: invalid authentication hook updates never partially publish resources
ok 121 - invalid authentication hook updates never partially publish resources
  ---
  duration_ms: 0.4435
  type: 'test'
  ...
# Subtest: direct admin admission enforces expiry and retains user identity lookup
ok 122 - direct admin admission enforces expiry and retains user identity lookup
  ---
  duration_ms: 28.912917
  type: 'test'
  ...
# Subtest: successful concurrent refresh merges and signout cannot resurrect sessions
ok 123 - successful concurrent refresh merges and signout cannot resurrect sessions
  ---
  duration_ms: 1.482417
  type: 'test'
  ...
# Subtest: multi-account terminal defaults choose account before scope and signout is isolated
ok 124 - multi-account terminal defaults choose account before scope and signout is isolated
  ---
  duration_ms: 0.486667
  type: 'test'
  ...
# Subtest: signin reuses valid authorization, renews expired authorization through hooks, and changes only terminal default
ok 125 - signin reuses valid authorization, renews expired authorization through hooks, and changes only terminal default
  ---
  duration_ms: 0.521625
  type: 'test'
  ...
# Subtest: account forgetting without arguments uses current terminal selection rather than last global session
ok 126 - account forgetting without arguments uses current terminal selection rather than last global session
  ---
  duration_ms: 0.259958
  type: 'test'
  ...
# Subtest: managed credential-free reads stay protected and service-account bearers are not manual tokens
ok 127 - managed credential-free reads stay protected and service-account bearers are not manual tokens
  ---
  duration_ms: 0.841375
  type: 'test'
  ...
# Subtest: expired batch admissions and hook aborts cannot mutate or refresh
ok 128 - expired batch admissions and hook aborts cannot mutate or refresh
  ---
  duration_ms: 0.655667
  type: 'test'
  ...
# Subtest: signin switches a terminal default across accounts without replacing other terminal selections
ok 129 - signin switches a terminal default across accounts without replacing other terminal selections
  ---
  duration_ms: 0.279917
  type: 'test'
  ...
# Subtest: app revocation during an admitted operation preserves revocation without refreshing
ok 130 - app revocation during an admitted operation preserves revocation without refreshing
  ---
  duration_ms: 0.419208
  type: 'test'
  ...
# Subtest: managed local account-scoped commands never use a different terminal's last session
ok 131 - managed local account-scoped commands never use a different terminal's last session
  ---
  duration_ms: 0.100625
  type: 'test'
  ...
# Subtest: manual defaults never substitute for bearer possession or reveal stored tokens through signin
ok 132 - manual defaults never substitute for bearer possession or reveal stored tokens through signin
  ---
  duration_ms: 0.404834
  type: 'test'
  ...
# Subtest: manual credential reissue during a pending operation rejects its result and writes
ok 133 - manual credential reissue during a pending operation rejects its result and writes
  ---
  duration_ms: 0.359417
  type: 'test'
  ...
# Subtest: suspension removes all member sessions, denies secret reads, and reactivation cannot restore old tokens
ok 134 - suspension removes all member sessions, denies secret reads, and reactivation cannot restore old tokens
  ---
  duration_ms: 0.9295
  type: 'test'
  ...
# Subtest: suspension rejects a member's pending operation without publishing its result or writes
ok 135 - suspension rejects a member's pending operation without publishing its result or writes
  ---
  duration_ms: 0.453875
  type: 'test'
  ...
# Subtest: invalid suspension batches leave users and their sessions unchanged
ok 136 - invalid suspension batches leave users and their sessions unchanged
  ---
  duration_ms: 0.6445
  type: 'test'
  ...
# Subtest: persisted suspended users cannot authenticate and reactivation discards stale seed sessions
ok 137 - persisted suspended users cannot authenticate and reactivation discards stale seed sessions
  ---
  duration_ms: 0.472875
  type: 'test'
  ...
# Subtest: hook-updated suspension invalidates sessions and cannot issue new credentials to a suspended user
ok 138 - hook-updated suspension invalidates sessions and cannot issue new credentials to a suspended user
  ---
  duration_ms: 0.515708
  type: 'test'
  ...
# Subtest: generated IDs avoid existing identifiers case-insensitively
ok 139 - generated IDs avoid existing identifiers case-insensitively
  ---
  duration_ms: 2.338375
  type: 'test'
  ...
# Subtest: copy edit and move discard supplied derived references while get derives current references and preserves values
ok 140 - copy edit and move discard supplied derived references while get derives current references and preserves values
  ---
  duration_ms: 3.815791
  type: 'test'
  ...
# Subtest: explicit destination account and vault override copied associations for single and bulk templates across stores
ok 141 - explicit destination account and vault override copied associations for single and bulk templates across stores
  ---
  duration_ms: 3.807416
  type: 'test'
  ...
# Subtest: cross-account copies require both explicit destination selectors and cannot override account admission
ok 142 - cross-account copies require both explicit destination selectors and cannot override account admission
  ---
  duration_ms: 1.012042
  type: 'test'
  ...
# Subtest: copy hooks receive only destination associations and cannot publish foreign writes
ok 143 - copy hooks receive only destination associations and cannot publish foreign writes
  ---
  duration_ms: 0.305209
  type: 'test'
  ...
# Subtest: item get without positional selectors consumes provided stdin through the validated batch path only
ok 144 - item get without positional selectors consumes provided stdin through the validated batch path only
  ---
  duration_ms: 10.539583
  type: 'test'
  ...
# Subtest: item get derives fresh field references before single, batch and field projections without persisting them
ok 145 - item get derives fresh field references before single, batch and field projections without persisting them
  ---
  duration_ms: 4.367958
  type: 'test'
  ...
# Subtest: bulk creation validates every account boundary before invoking hooks
ok 146 - bulk creation validates every account boundary before invoking hooks
  ---
  duration_ms: 1.604708
  type: 'test'
  ...
# Subtest: bulk generation cancellation publishes no items and does not alias caller input
ok 147 - bulk generation cancellation publishes no items and does not alias caller input
  ---
  duration_ms: 1.110542
  type: 'test'
  ...
# Subtest: duplicating a single item removes source lifecycle metadata without changing the source
ok 148 - duplicating a single item removes source lifecycle metadata without changing the source
  ---
  duration_ms: 1.191625
  type: 'test'
  ...
# Subtest: copy assignments resolve source custom field IDs before fresh identity allocation
ok 149 - copy assignments resolve source custom field IDs before fresh identity allocation
  ---
  duration_ms: 2.040083
  type: 'test'
  ...
# Subtest: generated IDs skip uppercase field, section and file identifiers
ok 150 - generated IDs skip uppercase field, section and file identifiers
  ---
  duration_ms: 0.355708
  type: 'test'
  ...
# Subtest: attachments get IDs and canonical sections shared with fields on create and edit
ok 151 - attachments get IDs and canonical sections shared with fields on create and edit
  ---
  duration_ms: 4.852417
  type: 'test'
  ...
# Subtest: password generation accepts native case and positive-sign recipes without changing request flags
ok 152 - password generation accepts native case and positive-sign recipes without changing request flags
  ---
  duration_ms: 3.930042
  type: 'test'
  ...
# Subtest: SSH hooks generate keys and transform reference formats without retained aliases
ok 153 - SSH hooks generate keys and transform reference formats without retained aliases
  ---
  duration_ms: 0.621458
  type: 'test'
  ...
# Subtest: SSH generation cancellation prevents publication and formatting observes cancellation
ok 154 - SSH generation cancellation prevents publication and formatting observes cancellation
  ---
  duration_ms: 0.399375
  type: 'test'
  ...
# Subtest: SSH creation normalizes native case and RSA separator aliases only for the generation hook
ok 155 - SSH creation normalizes native case and RSA separator aliases only for the generation hook
  ---
  duration_ms: 1.6365
  type: 'test'
  ...
# Subtest: pending SSH generation does not overwrite concurrent item creation
ok 156 - pending SSH generation does not overwrite concurrent item creation
  ---
  duration_ms: 60.493209
  type: 'test'
  ...
# Subtest: template dispatch and creation merge verified defaults before inputs and assignments
ok 157 - template dispatch and creation merge verified defaults before inputs and assignments
  ---
  duration_ms: 1.361917
  type: 'test'
  ...
# Subtest: explicit input templates supply unverified categories without inventing defaults
ok 158 - explicit input templates supply unverified categories without inventing defaults
  ---
  duration_ms: 0.874708
  type: 'test'
  ...
# Subtest: document handler inputs normalize vaults and preserve binary ownership through edits
ok 159 - document handler inputs normalize vaults and preserve binary ownership through edits
  ---
  duration_ms: 0.505167
  type: 'test'
  ...
# Subtest: seeded documents normalize vault names and preserve archive and deleted states
ok 160 - seeded documents normalize vault names and preserve archive and deleted states
  ---
  duration_ms: 0.509417
  type: 'test'
  ...
# Subtest: per-call admin hooks override factory hooks before generic CRUD
ok 161 - per-call admin hooks override factory hooks before generic CRUD
  ---
  duration_ms: 0.341292
  type: 'test'
  ...
# Subtest: credential-producing commands reject missing hooks without mutating snapshots
ok 162 - credential-producing commands reject missing hooks without mutating snapshots
  ---
  duration_ms: 0.718375
  type: 'test'
  ...
# Subtest: item OTP and secret metadata use the primary OTP field and RFC6238 clock
ok 163 - item OTP and secret metadata use the primary OTP field and RFC6238 clock
  ---
  duration_ms: 8.050083
  type: 'test'
  ...
# Subtest: item OTP rejects missing and malformed OTP values
ok 164 - item OTP rejects missing and malformed OTP values
  ---
  duration_ms: 0.361375
  type: 'test'
  ...
# Subtest: OTP reads observe cancellation after asynchronous generation
ok 165 - OTP reads observe cancellation after asynchronous generation
  ---
  duration_ms: 0.875209
  type: 'test'
  ...
# Subtest: admin dispatch shares backend state with vault CRUD and persistent snapshots
ok 166 - admin dispatch shares backend state with vault CRUD and persistent snapshots
  ---
  duration_ms: 1.213208
  type: 'test'
  ...
# Subtest: injected admin hooks publish detached state and respect cancellation
ok 167 - injected admin hooks publish detached state and respect cancellation
  ---
  duration_ms: 0.497459
  type: 'test'
  ...
# Subtest: vault and item CRUD resolves scoped names and preserves structured metadata
ok 168 - vault and item CRUD resolves scoped names and preserves structured metadata
  ---
  duration_ms: 0.492542
  type: 'test'
  ...
# Subtest: generic resource CRUD covers accounts, documents and extension resources
ok 169 - generic resource CRUD covers accounts, documents and extension resources
  ---
  duration_ms: 1.489542
  type: 'test'
  ...
# Subtest: state is isolated from seed, requests and returned values
ok 170 - state is isolated from seed, requests and returned values
  ---
  duration_ms: 0.142625
  type: 'test'
  ...
# Subtest: snapshot exports independent state that can seed another backend
ok 171 - snapshot exports independent state that can seed another backend
  ---
  duration_ms: 0.326542
  type: 'test'
  ...
# Subtest: restoring snapshots preserves binary isolation and avoids nested ID collisions
ok 172 - restoring snapshots preserves binary isolation and avoids nested ID collisions
  ---
  duration_ms: 0.322792
  type: 'test'
  ...
# Subtest: failed assignments are atomic and archived references do not expose secrets
ok 173 - failed assignments are atomic and archived references do not expose secrets
  ---
  duration_ms: 0.307584
  type: 'test'
  ...
# Subtest: item flags set metadata
ok 174 - item flags set metadata
  ---
  duration_ms: 0.186333
  type: 'test'
  ...
# Subtest: password recipes generate secure fields and field selectors return only requested fields
ok 175 - password recipes generate secure fields and field selectors return only requested fields
  ---
  duration_ms: 0.591125
  type: 'test'
  ...
# Subtest: CLI vault flags and item escaped assignments override templates
ok 176 - CLI vault flags and item escaped assignments override templates
  ---
  duration_ms: 0.647625
  type: 'test'
  ...
# Subtest: archive, deleted retention, dry runs and move preserve lifecycle
ok 177 - archive, deleted retention, dry runs and move preserve lifecycle
  ---
  duration_ms: 9.825792
  type: 'test'
  ...
# Subtest: duplicates, ambiguous names, invalid requests and cancellation cannot mutate state
ok 178 - duplicates, ambiguous names, invalid requests and cancellation cannot mutate state
  ---
  duration_ms: 0.589791
  type: 'test'
  ...
# Subtest: public vault get batches use parsed stdin and approve the canonical request once
ok 179 - public vault get batches use parsed stdin and approve the canonical request once
  ---
  duration_ms: 62.076958
  type: 'test'
  ...
# Subtest: document delete stdin batches archive or delete with one approval and preserve other accounts
ok 180 - document delete stdin batches archive or delete with one approval and preserve other accounts
  ---
  duration_ms: 3.700958
  type: 'test'
  ...
# Subtest: document batches validate all selectors and approval before publishing changes
ok 181 - document batches validate all selectors and approval before publishing changes
  ---
  duration_ms: 6.274584
  type: 'test'
  ...
# Subtest: vault edit batches use only selectors from stdin and apply flags atomically
ok 182 - vault edit batches use only selectors from stdin and apply flags atomically
  ---
  duration_ms: 14.866334
  type: 'test'
  ...
# Subtest: public item get preserves batch order without leaking another account
ok 183 - public item get preserves batch order without leaking another account
  ---
  duration_ms: 4.605084
  type: 'test'
  ...
# Subtest: public item get accepts documented stdin without an explicit dash selector
ok 184 - public item get accepts documented stdin without an explicit dash selector
  ---
  duration_ms: 1.904791
  type: 'test'
  ...
# Subtest: public single and bulk item pipelines copy into an explicit destination without altering either account's existing items
ok 185 - public single and bulk item pipelines copy into an explicit destination without altering either account's existing items
  ---
  duration_ms: 6.547583
  type: 'test'
  ...
# Subtest: vault and item batch deletion validate every target before changing state
ok 186 - vault and item batch deletion validate every target before changing state
  ---
  duration_ms: 2.726041
  type: 'test'
  ...
# Subtest: public batch moves publish new IDs only after all source targets validate
ok 187 - public batch moves publish new IDs only after all source targets validate
  ---
  duration_ms: 1.313209
  type: 'test'
  ...
# Subtest: documented vault-group relation list batches include every vault
ok 188 - documented vault-group relation list batches include every vault
  ---
  duration_ms: 0.7405
  type: 'test'
  ...
# Subtest: denied batch approval preserves state and template stdin remains a template
ok 189 - denied batch approval preserves state and template stdin remains a template
  ---
  duration_ms: 2.599167
  type: 'test'
  ...
# Subtest: batch field projections retain JSON values and conceal human output
ok 190 - batch field projections retain JSON values and conceal human output
  ---
  duration_ms: 1.787167
  type: 'test'
  ...
# Subtest: batch OTP projection composes with public output
ok 191 - batch OTP projection composes with public output
  ---
  duration_ms: 101.964166
  type: 'test'
  ...
# Subtest: batch OTP rendering rejects empty or partially invalid results
ok 192 - batch OTP rendering rejects empty or partially invalid results
  ---
  duration_ms: 0.345583
  type: 'test'
  ...
# Subtest: batch validation is atomic without accounts and rejects malformed trailing JSON
ok 193 - batch validation is atomic without accounts and rejects malformed trailing JSON
  ---
  duration_ms: 0.763667
  type: 'test'
  ...
# Subtest: batch hooks receive one canonical invocation and never receive foreign or missing selectors
ok 194 - batch hooks receive one canonical invocation and never receive foreign or missing selectors
  ---
  duration_ms: 2.050792
  type: 'test'
  ...
# Subtest: batch archived selectors retain ID-only access and validate vault filters
ok 195 - batch archived selectors retain ID-only access and validate vault filters
  ---
  duration_ms: 6.5795
  type: 'test'
  ...
# Subtest: binding preparation exposes resolved metadata without executing or changing state
ok 196 - binding preparation exposes resolved metadata without executing or changing state
  ---
  duration_ms: 2.557417
  type: 'test'
  ...
# Subtest: binding rejects renamed targets, content changes and foreign or forged handles
ok 197 - binding rejects renamed targets, content changes and foreign or forged handles
  ---
  duration_ms: 2.49075
  type: 'test'
  ...
# Subtest: nested binding stages mutations until the last planned request and rejects replay
ok 198 - nested binding stages mutations until the last planned request and rejects replay
  ---
  duration_ms: 1.362666
  type: 'test'
  ...
# Subtest: cancellation and external changes discard staged mutations
ok 199 - cancellation and external changes discard staged mutations
  ---
  duration_ms: 0.994792
  type: 'test'
  ...
# Subtest: secret bindings resolve field and section IDs without cloning field values or arbitrary section payloads
ok 200 - secret bindings resolve field and section IDs without cloning field values or arbitrary section payloads
  ---
  duration_ms: 1.735917
  type: 'test'
  ...
# Subtest: field projection manifests disclose only selected field identities
ok 201 - field projection manifests disclose only selected field identities
  ---
  duration_ms: 0.244542
  type: 'test'
  ...
# Subtest: bound nested reads tolerate their own staged auth refresh and reject revocation and expiry
ok 202 - bound nested reads tolerate their own staged auth refresh and reject revocation and expiry
  ---
  duration_ms: 2.46975
  type: 'test'
  ...
# Subtest: binding timeout, abort, changed context and ordinary external hooks fail closed
ok 203 - binding timeout, abort, changed context and ordinary external hooks fail closed
  ---
  duration_ms: 0.885459
  type: 'test'
  ...
# Subtest: same-ID deletion and recreation invalidate bindings even with identical data
ok 204 - same-ID deletion and recreation invalidate bindings even with identical data
  ---
  duration_ms: 0.430459
  type: 'test'
  ...
# Subtest: concurrent planned reads serialize safely and list bindings detect phantoms
ok 205 - concurrent planned reads serialize safely and list bindings detect phantoms
  ---
  duration_ms: 1.251583
  type: 'test'
  ...
# Subtest: ordered environment and snapshot metadata comes from indexed keys without preparation value reads
ok 206 - ordered environment and snapshot metadata comes from indexed keys without preparation value reads
  ---
  duration_ms: 0.790125
  type: 'test'
  ...
# Subtest: a staged mutation cannot add unapproved members to a later bound collection read
ok 207 - a staged mutation cannot add unapproved members to a later bound collection read
  ---
  duration_ms: 0.335959
  type: 'test'
  ...
# Subtest: list manifests exclude archived and filtered-out item identities
ok 208 - list manifests exclude archived and filtered-out item identities
  ---
  duration_ms: 0.163542
  type: 'test'
  ...
# Subtest: revocation during asynchronous bound work prevents staged mutation and result publication
ok 209 - revocation during asynchronous bound work prevents staged mutation and result publication
  ---
  duration_ms: 61.909875
  type: 'test'
  ...
# Subtest: direct admin execution cannot accept a binding it cannot validate
ok 210 - direct admin execution cannot accept a binding it cannot validate
  ---
  duration_ms: 0.245458
  type: 'test'
  ...
# Subtest: empty SSH generation options cannot invoke unbound generation hooks
ok 211 - empty SSH generation options cannot invoke unbound generation hooks
  ---
  duration_ms: 0.476666
  type: 'test'
  ...
# Subtest: completing a read-only binding does not invalidate another unchanged binding
ok 212 - completing a read-only binding does not invalidate another unchanged binding
  ---
  duration_ms: 0.533667
  type: 'test'
  ...
# Subtest: backend-free handler plans receive an empty binding and cannot execute an unplanned request
ok 213 - backend-free handler plans receive an empty binding and cannot execute an unplanned request
  ---
  duration_ms: 0.15175
  type: 'test'
  ...
# Subtest: binding request normalization does not turn non-object templates into valid item inputs
ok 214 - binding request normalization does not turn non-object templates into valid item inputs
  ---
  duration_ms: 0.442917
  type: 'test'
  ...
# Subtest: all pinned native nodes share catalog metadata without adding dispatch leaves
ok 215 - all pinned native nodes share catalog metadata without adding dispatch leaves
  ---
  duration_ms: 0.757625
  type: 'test'
  ...
# Subtest: item help presents native synopsis, selectors and local flags rather than generic placeholders
ok 216 - item help presents native synopsis, selectors and local flags rather than generic placeholders
  ---
  duration_ms: 6.227541
  type: 'test'
  ...
# Subtest: native summaries and per-command force descriptions are shared with completion
ok 217 - native summaries and per-command force descriptions are shared with completion
  ---
  duration_ms: 1.5235
  type: 'test'
  ...
# Subtest: display defaults and metavars do not alter parser kinds or default request values
ok 218 - display defaults and metavars do not alter parser kinds or default request values
  ---
  duration_ms: 0.194959
  type: 'test'
  ...
# Subtest: verified argument bounds distinguish stdin alternatives from unknown constraints
ok 219 - verified argument bounds distinguish stdin alternatives from unknown constraints
  ---
  duration_ms: 0.163208
  type: 'test'
  ...
# Subtest: help uses native sections and ordering while completion stays alphabetical
ok 220 - help uses native sections and ordering while completion stays alphabetical
  ---
  duration_ms: 0.431
  type: 'test'
  ...
# Subtest: dispatches nested commands with interspersed global and repeated array flags
ok 221 - dispatches nested commands with interspersed global and repeated array flags
  ---
  duration_ms: 5.19025
  type: 'test'
  ...
# Subtest: parses optional values, boolean false and comma-separated flags
ok 222 - parses optional values, boolean false and comma-separated flags
  ---
  duration_ms: 1.202875
  type: 'test'
  ...
# Subtest: help traverses groups without invoking backend or authorization
ok 223 - help traverses groups without invoking backend or authorization
  ---
  duration_ms: 0.479875
  type: 'test'
  ...
# Subtest: CLI help renders shared metadata for roots, groups, leaves and channels
ok 224 - CLI help renders shared metadata for roots, groups, leaves and channels
  ---
  duration_ms: 7.741792
  type: 'test'
  ...
# Subtest: rejects invalid commands and flags before execution
ok 225 - rejects invalid commands and flags before execution
  ---
  duration_ms: 0.507
  type: 'test'
  ...
# Subtest: plugin selection callback identity is captured before policy and forwarded in frozen backend context
ok 226 - plugin selection callback identity is captured before policy and forwarded in frozen backend context
  ---
  duration_ms: 0.387792
  type: 'test'
  ...
# Subtest: plugin selection denial does not acquire input, candidates or invoke the chooser
ok 227 - plugin selection denial does not acquire input, candidates or invoke the chooser
  ---
  duration_ms: 0.229583
  type: 'test'
  ...
# Subtest: denial and unapproved ask fail closed including delegated handlers
ok 228 - denial and unapproved ask fail closed including delegated handlers
  ---
  duration_ms: 0.267542
  type: 'test'
  ...
# Subtest: literal authorization denial happens before stdin acquisition or backend execution
ok 229 - literal authorization denial happens before stdin acquisition or backend execution
  ---
  duration_ms: 0.300375
  type: 'test'
  ...
# Subtest: ask never falls back implicitly to legacy literal approval
ok 230 - ask never falls back implicitly to legacy literal approval
  ---
  duration_ms: 0.336042
  type: 'test'
  ...
# Subtest: resolved manifests project an immutable allowlist without handles or provider extras
ok 231 - resolved manifests project an immutable allowlist without handles or provider extras
  ---
  duration_ms: 1.97825
  type: 'test'
  ...
# Subtest: resolved completion receives ordered backend metadata before approval and fails closed
ok 232 - resolved completion receives ordered backend metadata before approval and fails closed
  ---
  duration_ms: 23.3875
  type: 'test'
  ...
# Subtest: resolved inject uses the prepared file once and keeps its values out of approval
ok 233 - resolved inject uses the prepared file once and keeps its values out of approval
  ---
  duration_ms: 3.361833
  type: 'test'
  ...
# Subtest: synchronous binding validation hands off output before queued invalidation with the bound context
ok 234 - synchronous binding validation hands off output before queued invalidation with the bound context
  ---
  duration_ms: 11.481625
  type: 'test'
  ...
# Subtest: resolved validation rejects a changed backend before an output handoff
ok 235 - resolved validation rejects a changed backend before an output handoff
  ---
  duration_ms: 1.204667
  type: 'test'
  ...
# Subtest: approval sees a frozen snapshot and delegates literal child argv
ok 236 - approval sees a frozen snapshot and delegates literal child argv
  ---
  duration_ms: 0.302708
  type: 'test'
  ...
# Subtest: timestamp environment compatibility chooses omission for unrecognized labels without claiming native toggle values
ok 237 - timestamp environment compatibility chooses omission for unrecognized labels without claiming native toggle values
  ---
  duration_ms: 0.707584
  type: 'test'
  ...
# Subtest: timestamp boolean spellings and strict explicit precedence remain unchanged
ok 238 - timestamp boolean spellings and strict explicit precedence remain unchanged
  ---
  duration_ms: 2.322958
  type: 'test'
  ...
# Subtest: timestamp invalid-environment policy does not relax other boolean environment variables
ok 239 - timestamp invalid-environment policy does not relax other boolean environment variables
  ---
  duration_ms: 0.230041
  type: 'test'
  ...
# Subtest: formats JSON and forwards environment defaults with explicit flag precedence
ok 240 - formats JSON and forwards environment defaults with explicit flag precedence
  ---
  duration_ms: 0.18575
  type: 'test'
  ...
# Subtest: backend errors cannot manufacture successful output
ok 241 - backend errors cannot manufacture successful output
  ---
  duration_ms: 0.123084
  type: 'test'
  ...
# Subtest: an aborted invocation never reaches backend
ok 242 - an aborted invocation never reaches backend
  ---
  duration_ms: 0.078375
  type: 'test'
  ...
# Subtest: biometric environment overrides trusted integration before policy binding
ok 243 - biometric environment overrides trusted integration before policy binding
  ---
  duration_ms: 0.826125
  type: 'test'
  ...
# Subtest: integration defaults to manual without inferring a terminal identity
ok 244 - integration defaults to manual without inferring a terminal identity
  ---
  duration_ms: 0.232667
  type: 'test'
  ...
# Subtest: invalid biometric environment values fail before policy and handlers
ok 245 - invalid biometric environment values fail before policy and handlers
  ---
  duration_ms: 0.165291
  type: 'test'
  ...
# Subtest: authentication metadata is bound and frozen before both policy callbacks
ok 246 - authentication metadata is bound and frozen before both policy callbacks
  ---
  duration_ms: 0.158416
  type: 'test'
  ...
# Subtest: all built-in backend paths preserve approved authentication metadata
ok 247 - all built-in backend paths preserve approved authentication metadata
  ---
  duration_ms: 148.146792
  type: 'test'
  ...
# Subtest: plugin scope and clear confirmation bind before asynchronous authorization
ok 248 - plugin scope and clear confirmation bind before asynchronous authorization
  ---
  duration_ms: 0.58575
  type: 'test'
  ...
# Subtest: force cannot bypass centralized authorization for plugin clear
ok 249 - force cannot bypass centralized authorization for plugin clear
  ---
  duration_ms: 0.562708
  type: 'test'
  ...
# Subtest: delegated plugin handlers receive the frozen invocation scope after approval
ok 250 - delegated plugin handlers receive the frozen invocation scope after approval
  ---
  duration_ms: 0.264292
  type: 'test'
  ...
# Subtest: catalog inventories all documented terminal commands and snapshot extensions
ok 251 - catalog inventories all documented terminal commands and snapshot extensions
  ---
  duration_ms: 0.227416
  type: 'test'
  ...
# Subtest: rejects prototype names as flags
ok 252 - rejects prototype names as flags
  ---
  duration_ms: 0.19825
  type: 'test'
  ...
# Subtest: short options accept attached values and combined booleans
ok 253 - short options accept attached values and combined booleans
  ---
  duration_ms: 0.190625
  type: 'test'
  ...
# Subtest: freezes JSON stdin after literal allowance and owns reused chunks
ok 254 - freezes JSON stdin after literal allowance and owns reused chunks
  ---
  duration_ms: 0.733167
  type: 'test'
  ...
# Subtest: cancellation while authorizing prevents dispatch
ok 255 - cancellation while authorizing prevents dispatch
  ---
  duration_ms: 0.343041
  type: 'test'
  ...
# Subtest: preserves binary backend output without text conversion
ok 256 - preserves binary backend output without text conversion
  ---
  duration_ms: 0.318
  type: 'test'
  ...
# Subtest: human item output conceals secret fields without mutating backend data
ok 257 - human item output conceals secret fields without mutating backend data
  ---
  duration_ms: 0.255292
  type: 'test'
  ...
# Subtest: JSON and explicit reveal preserve full item values
ok 258 - JSON and explicit reveal preserve full item values
  ---
  duration_ms: 0.227791
  type: 'test'
  ...
# Subtest: human field selection emits CSV values, JSON emits field objects
ok 259 - human field selection emits CSV values, JSON emits field objects
  ---
  duration_ms: 0.318083
  type: 'test'
  ...
# Subtest: OTP emits backend generated code and refuses to print an OTP seed as a code
ok 260 - OTP emits backend generated code and refuses to print an OTP seed as a code
  ---
  duration_ms: 0.198584
  type: 'test'
  ...
# Subtest: document get emits content bytes without metadata or an extra newline
ok 261 - document get emits content bytes without metadata or an extra newline
  ---
  duration_ms: 0.08675
  type: 'test'
  ...
# Subtest: version emits the package semver in native scalar format without authorization
ok 262 - version emits the package semver in native scalar format without authorization
  ---
  duration_ms: 0.67175
  type: 'test'
  ...
# Subtest: root help separates native command groups and presents global flags
ok 263 - root help separates native command groups and presents global flags
  ---
  duration_ms: 0.749042
  type: 'test'
  ...
# Subtest: generic output validates file mode and capability before executing backend
ok 264 - generic output validates file mode and capability before executing backend
  ---
  duration_ms: 0.499583
  type: 'test'
  ...
# Subtest: generic file output forwards octal mode and force to host
ok 265 - generic file output forwards octal mode and force to host
  ---
  duration_ms: 0.419916
  type: 'test'
  ...
# Subtest: native stable command aliases resolve before authorization
ok 266 - native stable command aliases resolve before authorization
  ---
  duration_ms: 0.457375
  type: 'test'
  ...
# Subtest: native hidden long flag aliases normalize to canonical names
ok 267 - native hidden long flag aliases normalize to canonical names
  ---
  duration_ms: 0.5385
  type: 'test'
  ...
# Subtest: native document force has no short alias and SSH generation requires a value
ok 268 - native document force has no short alias and SSH generation requires a value
  ---
  duration_ms: 0.265166
  type: 'test'
  ...
# Subtest: beta environment additions are separate from the native stable inventory
ok 269 - beta environment additions are separate from the native stable inventory
  ---
  duration_ms: 0.26225
  type: 'test'
  ...
# Subtest: run no masking reads the documented environment toggle
ok 270 - run no masking reads the documented environment toggle
  ---
  duration_ms: 0.071542
  type: 'test'
  ...
# Subtest: required string values consume flag-looking tokens before parsing the next flag
ok 271 - required string values consume flag-looking tokens before parsing the next flag
  ---
  duration_ms: 0.731792
  type: 'test'
  ...
# Subtest: required short values consume flag-looking tokens and attached values stay literal
ok 272 - required short values consume flag-looking tokens and attached values stay literal
  ---
  duration_ms: 0.292042
  type: 'test'
  ...
# Subtest: native shorthand help clusters and attached output options remain accepted
ok 273 - native shorthand help clusters and attached output options remain accepted
  ---
  duration_ms: 0.36
  type: 'test'
  ...
# Subtest: explicit help false preserves native parent usage while leaf flags use the last value
ok 274 - explicit help false preserves native parent usage while leaf flags use the last value
  ---
  duration_ms: 1.072125
  type: 'test'
  ...
# Subtest: snapshot restore no-masking is explicit and remains subject to approval
ok 275 - snapshot restore no-masking is explicit and remains subject to approval
  ---
  duration_ms: 0.340416
  type: 'test'
  ...
# Subtest: snapshot restore does not inherit the run-only masking environment toggle
ok 276 - snapshot restore does not inherit the run-only masking environment toggle
  ---
  duration_ms: 0.114958
  type: 'test'
  ...
# Subtest: all item metadata output strips attachment bodies while preserving field values and file metadata
ok 277 - all item metadata output strips attachment bodies while preserving field values and file metadata
  ---
  duration_ms: 0.605667
  type: 'test'
  ...
# Subtest: document metadata omits content but document get preserves the exact body
ok 278 - document metadata omits content but document get preserves the exact body
  ---
  duration_ms: 0.1795
  type: 'test'
  ...
# Subtest: native completion prioritizes missing required flags for item move
ok 279 - native completion prioritizes missing required flags for item move
  ---
  duration_ms: 3.483083
  type: 'test'
  ...
# Subtest: native completion prioritizes missing required flags for user provision
ok 280 - native completion prioritizes missing required flags for user provision
  ---
  duration_ms: 1.8185
  type: 'test'
  ...
# Subtest: native completion prioritizes missing required flags for connect group grant
ok 281 - native completion prioritizes missing required flags for connect group grant
  ---
  duration_ms: 1.051875
  type: 'test'
  ...
# Subtest: native completion prioritizes missing required flags for connect group revoke
ok 282 - native completion prioritizes missing required flags for connect group revoke
  ---
  duration_ms: 0.710625
  type: 'test'
  ...
# Subtest: native completion prioritizes missing required flags for connect token create
ok 283 - native completion prioritizes missing required flags for connect token create
  ---
  duration_ms: 0.784166
  type: 'test'
  ...
# Subtest: native completion prioritizes missing required flags for connect vault grant
ok 284 - native completion prioritizes missing required flags for connect vault grant
  ---
  duration_ms: 1.08025
  type: 'test'
  ...
# Subtest: native completion prioritizes missing required flags for connect vault revoke
ok 285 - native completion prioritizes missing required flags for connect vault revoke
  ---
  duration_ms: 0.661375
  type: 'test'
  ...
# Subtest: native completion prioritizes missing required flags for group user grant
ok 286 - native completion prioritizes missing required flags for group user grant
  ---
  duration_ms: 0.978334
  type: 'test'
  ...
# Subtest: native completion prioritizes missing required flags for group user revoke
ok 287 - native completion prioritizes missing required flags for group user revoke
  ---
  duration_ms: 1.25275
  type: 'test'
  ...
# Subtest: native completion prioritizes missing required flags for vault group grant
ok 288 - native completion prioritizes missing required flags for vault group grant
  ---
  duration_ms: 1.839166
  type: 'test'
  ...
# Subtest: native completion prioritizes missing required flags for vault group revoke
ok 289 - native completion prioritizes missing required flags for vault group revoke
  ---
  duration_ms: 0.92875
  type: 'test'
  ...
# Subtest: native completion prioritizes missing required flags for vault user grant
ok 290 - native completion prioritizes missing required flags for vault user grant
  ---
  duration_ms: 1.258125
  type: 'test'
  ...
# Subtest: native completion prioritizes missing required flags for vault user revoke
ok 291 - native completion prioritizes missing required flags for vault user revoke
  ---
  duration_ms: 2.114042
  type: 'test'
  ...
# Subtest: required completion filters by prefix before falling back to ordinary flags
ok 292 - required completion filters by prefix before falling back to ordinary flags
  ---
  duration_ms: 0.331084
  type: 'test'
  ...
# Subtest: global cache/config suggestions remain visible unless already supplied
ok 293 - global cache/config suggestions remain visible unless already supplied
  ---
  duration_ms: 0.310333
  type: 'test'
  ...
# Subtest: public required-flag metadata callbacks require no policy, backend, or input
ok 294 - public required-flag metadata callbacks require no policy, backend, or input
  ---
  duration_ms: 0.951833
  type: 'test'
  ...
# Subtest: native command completion survives interspersed globals and command-looking flag values
ok 295 - native command completion survives interspersed globals and command-looking flag values
  ---
  duration_ms: 2.958584
  type: 'test'
  ...
# Subtest: native flag completion retains the leaf after operands and suppresses used and hidden flags
ok 296 - native flag completion retains the leaf after operands and suppresses used and hidden flags
  ---
  duration_ms: 0.730333
  type: 'test'
  ...
# Subtest: aliases parse without being advertised, and shorthand attached values preserve context
ok 297 - aliases parse without being advertised, and shorthand attached values preserve context
  ---
  duration_ms: 0.416792
  type: 'test'
  ...
# Subtest: native value slots, invalid input and child argv use fallback without reflecting user input
ok 298 - native value slots, invalid input and child argv use fallback without reflecting user input
  ---
  duration_ms: 0.487667
  type: 'test'
  ...
# Subtest: help presence suppresses completion even false or clustered; root version is root-only
ok 299 - help presence suppresses completion even false or clustered; root version is root-only
  ---
  duration_ms: 0.26
  type: 'test'
  ...
# Subtest: channel metadata controls beta suggestions while retaining local snapshot extension
ok 300 - channel metadata controls beta suggestions while retaining local snapshot extension
  ---
  duration_ms: 0.301667
  type: 'test'
  ...
# Subtest: four thin adapters use metadata callbacks rather than literal path tables or eval
ok 301 - four thin adapters use metadata callbacks rather than literal path tables or eval
  ---
  duration_ms: 1.351375
  type: 'test'
  ...
# Subtest: rejects unsupported shells and extra arguments
ok 302 - rejects unsupported shells and extra arguments
  ---
  duration_ms: 0.446042
  type: 'test'
  ...
# Subtest: script generation rejects untyped channel input rather than embedding shell syntax
ok 303 - script generation rejects untyped channel input rather than embedding shell syntax
  ---
  duration_ms: 0.073125
  type: 'test'
  ...
# Subtest: hidden callbacks emit native line/tab/directive framing with optional descriptions
ok 304 - hidden callbacks emit native line/tab/directive framing with optional descriptions
  ---
  duration_ms: 0.809958
  type: 'test'
  ...
# Subtest: public callbacks bypass only execution, not policy for actual operations
ok 305 - public callbacks bypass only execution, not policy for actual operations
  ---
  duration_ms: 11.561292
  type: 'test'
  ...
# Subtest: callback channel and cancellation are preserved without backend discovery
ok 306 - callback channel and cancellation are preserved without backend discovery
  ---
  duration_ms: 1.435042
  type: 'test'
  ...
# Subtest: Bash uses bash-completion word reconstruction for equals and colon word breaks
ok 307 - Bash uses bash-completion word reconstruction for equals and colon word breaks
  ---
  duration_ms: 18.708
  type: 'test'
  ...
# Subtest: bash generated channel applies only to its callback process
ok 308 - bash generated channel applies only to its callback process
  ---
  duration_ms: 31.565292
  type: 'test'
  ...
# Subtest: bash executes catalog completion and forwards literal words without disk fixtures
ok 309 - bash executes catalog completion and forwards literal words without disk fixtures
  ---
  duration_ms: 215.314583
  type: 'test'
  ...
# Subtest: zsh generated channel applies only to its callback process
ok 310 - zsh generated channel applies only to its callback process
  ---
  duration_ms: 29.74275
  type: 'test'
  ...
# Subtest: zsh executes catalog completion and forwards literal words without disk fixtures
ok 311 - zsh executes catalog completion and forwards literal words without disk fixtures
  ---
  duration_ms: 159.858125
  type: 'test'
  ...
# Subtest: Node backend construction and distinct binding identities do not require global crypto
ok 312 - Node backend construction and distinct binding identities do not require global crypto
  ---
  duration_ms: 1.782416
  type: 'test'
  ...
# Subtest: Node password generation uses native secure randomness without global crypto
ok 313 - Node password generation uses native secure randomness without global crypto
  ---
  duration_ms: 2.277916
  type: 'test'
  ...
# Subtest: Node OTP matches RFC 6238 without global crypto
ok 314 - Node OTP matches RFC 6238 without global crypto
  ---
  duration_ms: 2.819292
  type: 'test'
  ...
# Subtest: browser crypto exports the host native provider and fails closed when absent
ok 315 - browser crypto exports the host native provider and fails closed when absent
  ---
  duration_ms: 6.034666
  type: 'test'
  ...
# Subtest: public codec declarations compile for ES-only consumers without codec internals
ok 316 - public codec declarations compile for ES-only consumers without codec internals
  ---
  duration_ms: 1759.178708
  type: 'test'
  ...
# Subtest: generic object seeds use the sole visible vault without native naming conventions
ok 317 - generic object seeds use the sole visible vault without native naming conventions
  ---
  duration_ms: 6.644541
  type: 'test'
  ...
# Subtest: defaultVault is an explicit immutable seed ID that survives snapshots and respects explicit overrides
ok 318 - defaultVault is an explicit immutable seed ID that survives snapshots and respects explicit overrides
  ---
  duration_ms: 2.945125
  type: 'test'
  ...
# Subtest: missing or ambiguous default selection never guesses Private or publishes objects
ok 319 - missing or ambiguous default selection never guesses Private or publishes objects
  ---
  duration_ms: 9.746583
  type: 'test'
  ...
# Subtest: defaultVault accepts existing IDs only
ok 320 - defaultVault accepts existing IDs only
  ---
  duration_ms: 1.610625
  type: 'test'
  ...
# Subtest: default selection stays account-scoped and cannot leak a foreign seed default
ok 321 - default selection stays account-scoped and cannot leak a foreign seed default
  ---
  duration_ms: 4.174875
  type: 'test'
  ...
# Subtest: default-backed bindings pin vault identity and default references cannot become dangling
ok 322 - default-backed bindings pin vault identity and default references cannot become dangling
  ---
  duration_ms: 0.790125
  type: 'test'
  ...
# Subtest: documents and bulk item creation use the same bound default selection
ok 323 - documents and bulk item creation use the same bound default selection
  ---
  duration_ms: 4.644583
  type: 'test'
  ...
# Subtest: document create preserves binary stdin and creates metadata with explicit names
ok 324 - document create preserves binary stdin and creates metadata with explicit names
  ---
  duration_ms: 3.997625
  type: 'test'
  ...
# Subtest: file uploads derive filename and title, leave vault selection to backend and never consume stdin
ok 325 - file uploads derive filename and title, leave vault selection to backend and never consume stdin
  ---
  duration_ms: 1.394291
  type: 'test'
  ...
# Subtest: document creation delegates default and explicit vault selection (allow)
ok 326 - document creation delegates default and explicit vault selection (allow)
  ---
  duration_ms: 10.233166
  type: 'test'
  ...
# Subtest: document creation preserves sole-vault and ambiguous-vault policy (allow)
ok 327 - document creation preserves sole-vault and ambiguous-vault policy (allow)
  ---
  duration_ms: 3.704958
  type: 'test'
  ...
# Subtest: document creation delegates default and explicit vault selection (resolved)
ok 328 - document creation delegates default and explicit vault selection (resolved)
  ---
  duration_ms: 11.226209
  type: 'test'
  ...
# Subtest: document creation preserves sole-vault and ambiguous-vault policy (resolved)
ok 329 - document creation preserves sole-vault and ambiguous-vault policy (resolved)
  ---
  duration_ms: 2.642833
  type: 'test'
  ...
# Subtest: edit replaces bytes and only explicitly supplied metadata
ok 330 - edit replaces bytes and only explicitly supplied metadata
  ---
  duration_ms: 4.3155
  type: 'test'
  ...
# Subtest: get emits exact binary bytes even with JSON format
ok 331 - get emits exact binary bytes even with JSON format
  ---
  duration_ms: 10.060333
  type: 'test'
  ...
# Subtest: get enforces file mode and overwrite policy through host
ok 332 - get enforces file mode and overwrite policy through host
  ---
  duration_ms: 10.262458
  type: 'test'
  ...
# Subtest: get creates a new destination with private permissions by default
ok 333 - get creates a new destination with private permissions by default
  ---
  duration_ms: 0.841666
  type: 'test'
  ...
# Subtest: invalid modes and absent file capability fail before backend access
ok 334 - invalid modes and absent file capability fail before backend access
  ---
  duration_ms: 1.046083
  type: 'test'
  ...
# Subtest: binary terminal output requires force, redirected output does not
ok 335 - binary terminal output requires force, redirected output does not
  ---
  duration_ms: 0.33325
  type: 'test'
  ...
# Subtest: byte limits cover stdin, file uploads and downloads
ok 336 - byte limits cover stdin, file uploads and downloads
  ---
  duration_ms: 1.054375
  type: 'test'
  ...
# Subtest: reused stdin chunks are copied and empty documents remain valid
ok 337 - reused stdin chunks are copied and empty documents remain valid
  ---
  duration_ms: 0.307583
  type: 'test'
  ...
# Subtest: authorization denial precedes document IO and backend calls
ok 338 - authorization denial precedes document IO and backend calls
  ---
  duration_ms: 0.193292
  type: 'test'
  ...
# Subtest: object backend round-trips create, edit and get without decoding bytes
ok 339 - object backend round-trips create, edit and get without decoding bytes
  ---
  duration_ms: 1.22575
  type: 'test'
  ...
# Subtest: aborting file read prevents upload to backend
ok 340 - aborting file read prevents upload to backend
  ---
  duration_ms: 1.243541
  type: 'test'
  ...
# Subtest: public document output refuses an existing file unless force is explicit
ok 341 - public document output refuses an existing file unless force is explicit
  ---
  duration_ms: 1.325375
  type: 'test'
  ...
# Subtest: duration acceptance preserves the native unsigned accumulator wrap boundary
ok 342 - duration acceptance preserves the native unsigned accumulator wrap boundary
  ---
  duration_ms: 0.8505
  type: 'test'
  ...
# Subtest: nearby nonwrapping duration overflows remain rejected
ok 343 - nearby nonwrapping duration overflows remain rejected
  ---
  duration_ms: 0.077917
  type: 'test'
  ...
# Subtest: unsigned duration accumulation does not bypass individual component or intermediate bounds
ok 344 - unsigned duration accumulation does not bypass individual component or intermediate bounds
  ---
  duration_ms: 3.19625
  type: 'test'
  ...
# Subtest: item share rejects malformed and overflowing durations before policy or acquisition
ok 345 - item share rejects malformed and overflowing durations before policy or acquisition
  ---
  duration_ms: 12.598125
  type: 'test'
  ...
# Subtest: item share completion rejects invalid consumed durations
ok 346 - item share completion rejects invalid consumed durations
  ---
  duration_ms: 2.667542
  type: 'test'
  ...
# Subtest: item share preserves valid duration strings and omission through authorization and backend
ok 347 - item share preserves valid duration strings and omission through authorization and backend
  ---
  duration_ms: 4.399208
  type: 'test'
  ...
# Subtest: events-api create rejects malformed and overflowing durations before policy or acquisition
ok 348 - events-api create rejects malformed and overflowing durations before policy or acquisition
  ---
  duration_ms: 18.307958
  type: 'test'
  ...
# Subtest: events-api create completion rejects invalid consumed durations
ok 349 - events-api create completion rejects invalid consumed durations
  ---
  duration_ms: 1.571042
  type: 'test'
  ...
# Subtest: events-api create preserves valid duration strings and omission through authorization and backend
ok 350 - events-api create preserves valid duration strings and omission through authorization and backend
  ---
  duration_ms: 7.508084
  type: 'test'
  ...
# Subtest: service-account create rejects malformed and overflowing durations before policy or acquisition
ok 351 - service-account create rejects malformed and overflowing durations before policy or acquisition
  ---
  duration_ms: 10.344875
  type: 'test'
  ...
# Subtest: service-account create completion rejects invalid consumed durations
ok 352 - service-account create completion rejects invalid consumed durations
  ---
  duration_ms: 2.277709
  type: 'test'
  ...
# Subtest: service-account create preserves valid duration strings and omission through authorization and backend
ok 353 - service-account create preserves valid duration strings and omission through authorization and backend
  ---
  duration_ms: 9.200834
  type: 'test'
  ...
# Subtest: connect token create rejects malformed and overflowing durations before policy or acquisition
ok 354 - connect token create rejects malformed and overflowing durations before policy or acquisition
  ---
  duration_ms: 4.362625
  type: 'test'
  ...
# Subtest: connect token create completion rejects invalid consumed durations
ok 355 - connect token create completion rejects invalid consumed durations
  ---
  duration_ms: 4.127459
  type: 'test'
  ...
# Subtest: connect token create preserves valid duration strings and omission through authorization and backend
ok 356 - connect token create preserves valid duration strings and omission through authorization and backend
  ---
  duration_ms: 59.6295
  type: 'test'
  ...
# Subtest: item share expiry alias has the same validation and retains the original spelling of values
ok 357 - item share expiry alias has the same validation and retains the original spelling of values
  ---
  duration_ms: 0.345208
  type: 'test'
  ...
# Subtest: resolved approval and bound backend requests retain raw duration strings and omission
ok 358 - resolved approval and bound backend requests retain raw duration strings and omission
  ---
  duration_ms: 1.482709
  type: 'test'
  ...
# Subtest: portable codecs encode known Shift_JIS and GBK bytes and decode split multibyte input
ok 359 - portable codecs encode known Shift_JIS and GBK bytes and decode split multibyte input
  ---
  duration_ms: 1.803625
  type: 'test'
  ...
# Subtest: codec accepts only native verified aliases, including empty default
ok 360 - codec accepts only native verified aliases, including empty default
  ---
  duration_ms: 0.405041
  type: 'test'
  ...
# Subtest: global encoding transcodes generic JSON stdin and metadata output
ok 361 - global encoding transcodes generic JSON stdin and metadata output
  ---
  duration_ms: 2.296208
  type: 'test'
  ...
# Subtest: item templates decode selected encoding from files and produce selected metadata bytes
ok 362 - item templates decode selected encoding from files and produce selected metadata bytes
  ---
  duration_ms: 1.646916
  type: 'test'
  ...
# Subtest: read and inject transcode their text output and inject decodes selected template encoding
ok 363 - read and inject transcode their text output and inject decodes selected template encoding
  ---
  duration_ms: 1.686625
  type: 'test'
  ...
# Subtest: document upload and download ignore text transcoding
ok 364 - document upload and download ignore text transcoding
  ---
  duration_ms: 51.644166
  type: 'test'
  ...
# Subtest: dotenv stays UTF8 and child output bytes are not transcoded
ok 365 - dotenv stays UTF8 and child output bytes are not transcoded
  ---
  duration_ms: 2.681333
  type: 'test'
  ...
# Subtest: unsupported encoding fails before backend effects
ok 366 - unsupported encoding fails before backend effects
  ---
  duration_ms: 0.563542
  type: 'test'
  ...
# Subtest: native help and version flags bypass encoding validation, but help command does not
ok 367 - native help and version flags bypass encoding validation, but help command does not
  ---
  duration_ms: 48.388875
  type: 'test'
  ...
# Subtest: selected encoding decodes UTF8 argv before approval and keeps diagnostics UTF8
ok 368 - selected encoding decodes UTF8 argv before approval and keeps diagnostics UTF8
  ---
  duration_ms: 0.837458
  type: 'test'
  ...
# Subtest: public renderer encodes human fields while concealing passwords
ok 369 - public renderer encodes human fields while concealing passwords
  ---
  duration_ms: 0.236625
  type: 'test'
  ...
# Subtest: generic text out-file uses selected encoding and preserves file write policy
ok 370 - generic text out-file uses selected encoding and preserves file write policy
  ---
  duration_ms: 0.824417
  type: 'test'
  ...
# Subtest: capture stores values but returns only metadata, and retrieve returns exact snapshot
ok 371 - capture stores values but returns only metadata, and retrieve returns exact snapshot
  ---
  duration_ms: 5.948166
  type: 'test'
  ...
# Subtest: restore requires an explicit host capability and never pretends to change a parent shell
ok 372 - restore requires an explicit host capability and never pretends to change a parent shell
  ---
  duration_ms: 0.874583
  type: 'test'
  ...
# Subtest: restored child gets exact snapshot while caller environment is untouched
ok 373 - restored child gets exact snapshot while caller environment is untouched
  ---
  duration_ms: 0.354583
  type: 'test'
  ...
# Subtest: restored child output masks captured values across chunks
ok 374 - restored child output masks captured values across chunks
  ---
  duration_ms: 1.265459
  type: 'test'
  ...
# Subtest: restored child can explicitly disable output masking
ok 375 - restored child can explicitly disable output masking
  ---
  duration_ms: 0.348208
  type: 'test'
  ...
# Subtest: restoration observes cancellation even when an unmasked child returns success
ok 376 - restoration observes cancellation even when an unmasked child returns success
  ---
  duration_ms: 0.199542
  type: 'test'
  ...
# Subtest: shell restoration quotes literal values and removes newly introduced variables
ok 377 - shell restoration quotes literal values and removes newly introduced variables
  ---
  duration_ms: 0.309625
  type: 'test'
  ...
# Subtest: bash selected restoration emits only snapshot variables
ok 378 - bash selected restoration emits only snapshot variables
  ---
  duration_ms: 0.452125
  type: 'test'
  ...
# Subtest: bash selected restoration explicitly unsets absent snapshot keys
ok 379 - bash selected restoration explicitly unsets absent snapshot keys
  ---
  duration_ms: 0.415291
  type: 'test'
  ...
# Subtest: zsh selected restoration emits only snapshot variables
ok 380 - zsh selected restoration emits only snapshot variables
  ---
  duration_ms: 3.269375
  type: 'test'
  ...
# Subtest: zsh selected restoration explicitly unsets absent snapshot keys
ok 381 - zsh selected restoration explicitly unsets absent snapshot keys
  ---
  duration_ms: 0.349125
  type: 'test'
  ...
# Subtest: sh selected restoration emits only snapshot variables
ok 382 - sh selected restoration emits only snapshot variables
  ---
  duration_ms: 0.253333
  type: 'test'
  ...
# Subtest: sh selected restoration explicitly unsets absent snapshot keys
ok 383 - sh selected restoration explicitly unsets absent snapshot keys
  ---
  duration_ms: 0.594041
  type: 'test'
  ...
# Subtest: fish selected restoration emits only snapshot variables
ok 384 - fish selected restoration emits only snapshot variables
  ---
  duration_ms: 0.165208
  type: 'test'
  ...
# Subtest: fish selected restoration explicitly unsets absent snapshot keys
ok 385 - fish selected restoration explicitly unsets absent snapshot keys
  ---
  duration_ms: 0.130458
  type: 'test'
  ...
# Subtest: powershell selected restoration emits only snapshot variables
ok 386 - powershell selected restoration emits only snapshot variables
  ---
  duration_ms: 0.121542
  type: 'test'
  ...
# Subtest: powershell selected restoration explicitly unsets absent snapshot keys
ok 387 - powershell selected restoration explicitly unsets absent snapshot keys
  ---
  duration_ms: 0.122334
  type: 'test'
  ...
# Subtest: empty selected shell restoration ignores unrelated non-shell variable names
ok 388 - empty selected shell restoration ignores unrelated non-shell variable names
  ---
  duration_ms: 0.155584
  type: 'test'
  ...
# Subtest: approval denial prevents environment capture and restoration
ok 389 - approval denial prevents environment capture and restoration
  ---
  duration_ms: 2.841708
  type: 'test'
  ...
# Subtest: public CLI and SDK route capture, retrieval, listing and restoration
ok 390 - public CLI and SDK route capture, retrieval, listing and restoration
  ---
  duration_ms: 0.909375
  type: 'test'
  ...
# Subtest: public beta run composes with object environment read and preserves exact string values
ok 391 - public beta run composes with object environment read and preserves exact string values
  ---
  duration_ms: 4.616792
  type: 'test'
  ...
# Subtest: public beta run applies later environments over later dotenv files and shell values
ok 392 - public beta run applies later environments over later dotenv files and shell values
  ---
  duration_ms: 38.938625
  type: 'test'
  ...
# Subtest: public beta run masks object environment values across byte chunks on both streams
ok 393 - public beta run masks object environment values across byte chunks on both streams
  ---
  duration_ms: 8.805875
  type: 'test'
  ...
# Subtest: public beta run honors explicit no-masking for object environment values
ok 394 - public beta run honors explicit no-masking for object environment values
  ---
  duration_ms: 0.832625
  type: 'test'
  ...
# Subtest: public beta run validates every record value before invoking a child
ok 395 - public beta run validates every record value before invoking a child
  ---
  duration_ms: 3.299333
  type: 'test'
  ...
# Subtest: public beta run rejects non-record non-dotenv backend results
ok 396 - public beta run rejects non-record non-dotenv backend results
  ---
  duration_ms: 1.079209
  type: 'test'
  ...
# Subtest: public beta run accepts empty and null-prototype string records
ok 397 - public beta run accepts empty and null-prototype string records
  ---
  duration_ms: 0.603417
  type: 'test'
  ...
# Subtest: public beta run preserves custom backend dotenv text compatibility and masking
ok 398 - public beta run preserves custom backend dotenv text compatibility and masking
  ---
  duration_ms: 0.437917
  type: 'test'
  ...
# Subtest: public beta run literal approval denial prevents environment reads, dotenv IO, and child invocation
ok 399 - public beta run literal approval denial prevents environment reads, dotenv IO, and child invocation
  ---
  duration_ms: 1.186667
  type: 'test'
  ...
# Subtest: complete snapshots restore exact variables including empty values
ok 400 - complete snapshots restore exact variables including empty values
  ---
  duration_ms: 1.253084
  type: 'test'
  ...
# Subtest: selected snapshots distinguish unset variables and preserve unrelated values
ok 401 - selected snapshots distinguish unset variables and preserve unrelated values
  ---
  duration_ms: 0.173875
  type: 'test'
  ...
# Subtest: snapshots and restored values are detached and serialize losslessly
ok 402 - snapshots and restored values are detached and serialize losslessly
  ---
  duration_ms: 0.11675
  type: 'test'
  ...
# Subtest: invalid snapshots fail without changing current state
ok 403 - invalid snapshots fail without changing current state
  ---
  duration_ms: 0.224833
  type: 'test'
  ...
# Subtest: prototype-like variable names remain ordinary data
ok 404 - prototype-like variable names remain ordinary data
  ---
  duration_ms: 0.063917
  type: 'test'
  ...
# Subtest: capture rejects invalid names and NUL values without leaking values
ok 405 - capture rejects invalid names and NUL values without leaking values
  ---
  duration_ms: 0.189208
  type: 'test'
  ...
# Subtest: independent: run captures env argv and host callbacks before asynchronous acquisition
ok 406 - independent: run captures env argv and host callbacks before asynchronous acquisition
  ---
  duration_ms: 7.0055
  type: 'test'
  ...
# Subtest: independent: stdin snapshot owns Buffer views before requesting another chunk
ok 407 - independent: stdin snapshot owns Buffer views before requesting another chunk
  ---
  duration_ms: 0.472125
  type: 'test'
  ...
# Subtest: independent: execution cannot acquire uncached files or mutate cached binary input
ok 408 - independent: execution cannot acquire uncached files or mutate cached binary input
  ---
  duration_ms: 1.530333
  type: 'test'
  ...
# Subtest: independent: binary document output preserves exact bytes and approved file options
ok 409 - independent: binary document output preserves exact bytes and approved file options
  ---
  duration_ms: 1.287083
  type: 'test'
  ...
# Subtest: independent: prepared item templates and attachment sources replay without fresh acquisition
ok 410 - independent: prepared item templates and attachment sources replay without fresh acquisition
  ---
  duration_ms: 1.513417
  type: 'test'
  ...
# Subtest: independent: literal inject templates preserve quotes newlines and Unicode through replay
ok 411 - independent: literal inject templates preserve quotes newlines and Unicode through replay
  ---
  duration_ms: 0.313917
  type: 'test'
  ...
# Subtest: independent: complete snapshot restoration manifests only final set and unset names
ok 412 - independent: complete snapshot restoration manifests only final set and unset names
  ---
  duration_ms: 0.402666
  type: 'test'
  ...
# Subtest: independent: aborted acquisition never starts a later source or backend operation
ok 413 - independent: aborted acquisition never starts a later source or backend operation
  ---
  duration_ms: 0.241375
  type: 'test'
  ...
# Subtest: prepared sources detach caller bytes and replay without reading the host twice
ok 414 - prepared sources detach caller bytes and replay without reading the host twice
  ---
  duration_ms: 3.186
  type: 'test'
  ...
# Subtest: preparation copies env and observes cancellation before source acquisition
ok 415 - preparation copies env and observes cancellation before source acquisition
  ---
  duration_ms: 0.346916
  type: 'test'
  ...
# Subtest: read and inject prepare every reference without executing the backend
ok 416 - read and inject prepare every reference without executing the backend
  ---
  duration_ms: 12.671542
  type: 'test'
  ...
# Subtest: item and document preparation pin the exact binary mutation input
ok 417 - item and document preparation pin the exact binary mutation input
  ---
  duration_ms: 2.207584
  type: 'test'
  ...
# Subtest: run snapshots dotenv and nested references, requiring metadata for Environment dependencies
ok 418 - run snapshots dotenv and nested references, requiring metadata for Environment dependencies
  ---
  duration_ms: 3.618833
  type: 'test'
  ...
# Subtest: snapshot create privately pins values and restore requires value-free key metadata
ok 419 - snapshot create privately pins values and restore requires value-free key metadata
  ---
  duration_ms: 0.687083
  type: 'test'
  ...
# Subtest: prepared execution guards destinations and child intent and captures sink methods
ok 420 - prepared execution guards destinations and child intent and captures sink methods
  ---
  duration_ms: 0.479
  type: 'test'
  ...
# Subtest: prepared handler execution uses owned sources and the same planned mutation
ok 421 - prepared handler execution uses owned sources and the same planned mutation
  ---
  duration_ms: 4.913166
  type: 'test'
  ...
# Subtest: approval effects omit child argument values and deeply freeze display intent
ok 422 - approval effects omit child argument values and deeply freeze display intent
  ---
  duration_ms: 0.900208
  type: 'test'
  ...
# Subtest: inject reuses captured template after approval and plans duplicate references in order
ok 423 - inject reuses captured template after approval and plans duplicate references in order
  ---
  duration_ms: 11.263833
  type: 'test'
  ...
# Subtest: run pins file contents, inherited env and invocation arguments across approval
ok 424 - run pins file contents, inherited env and invocation arguments across approval
  ---
  duration_ms: 2.990917
  type: 'test'
  ...
# Subtest: secret-dependent environment selectors fail before execution rather than guessing
ok 425 - secret-dependent environment selectors fail before execution rather than guessing
  ---
  duration_ms: 0.472583
  type: 'test'
  ...
# Subtest: aborted pending preparation settles and never starts a second acquisition
ok 426 - aborted pending preparation settles and never starts a second acquisition
  ---
  duration_ms: 0.52125
  type: 'test'
  ...
# Subtest: Environment overlays cannot silently discard planned secret dependencies
ok 427 - Environment overlays cannot silently discard planned secret dependencies
  ---
  duration_ms: 0.357125
  type: 'test'
  ...
# Subtest: document stdin is consumed once and remains binary through prepared execution
ok 428 - document stdin is consumed once and remains binary through prepared execution
  ---
  duration_ms: 0.391584
  type: 'test'
  ...
# Subtest: root entry point exposes the plugin selection capability contract
ok 429 - root entry point exposes the plugin selection capability contract
  ---
  duration_ms: 1.181167
  type: 'test'
  ...
# Subtest: root and Node entry points expose the same overwrite confirmation contract
ok 430 - root and Node entry points expose the same overwrite confirmation contract
  ---
  duration_ms: 0.13725
  type: 'test'
  ...
# Subtest: public plugin inspection selects scoped metadata before approving the bound target
ok 431 - public plugin inspection selects scoped metadata before approving the bound target
  ---
  duration_ms: 14.368166
  type: 'test'
  ...
# Subtest: public plugin selection cannot run before either permission gate
ok 432 - public plugin selection cannot run before either permission gate
  ---
  duration_ms: 2.191667
  type: 'test'
  ...
# Subtest: public plugin selection rejects display labels and foreign IDs before final approval
ok 433 - public plugin selection rejects display labels and foreign IDs before final approval
  ---
  duration_ms: 4.144042
  type: 'test'
  ...
# Subtest: object backend routes external capabilities only after host approval
ok 434 - object backend routes external capabilities only after host approval
  ---
  duration_ms: 19.5865
  type: 'test'
  ...
# Subtest: public factory resolves object-backed references through approval
ok 435 - public factory resolves object-backed references through approval
  ---
  duration_ms: 3.096208
  type: 'test'
  ...
# Subtest: public factory denies secret resolution without calling a custom backend
ok 436 - public factory denies secret resolution without calling a custom backend
  ---
  duration_ms: 0.288625
  type: 'test'
  ...
# Subtest: public factory routes ordinary commands to an arbitrary backend
ok 437 - public factory routes ordinary commands to an arbitrary backend
  ---
  duration_ms: 0.699958
  type: 'test'
  ...
# Subtest: item metadata commands do not reveal attachment bodies
ok 438 - item metadata commands do not reveal attachment bodies
  ---
  duration_ms: 2.336792
  type: 'test'
  ...
# Subtest: bulk create forwards one ordered array after literal approval of the original request once
ok 439 - bulk create forwards one ordered array after literal approval of the original request once
  ---
  duration_ms: 4.809208
  type: 'test'
  ...
# Subtest: public bulk create applies assignments to every item and preserves result order
ok 440 - public bulk create applies assignments to every item and preserves result order
  ---
  duration_ms: 3.98925
  type: 'test'
  ...
# Subtest: bulk dry run previews every item without mutating the store
ok 441 - bulk dry run previews every item without mutating the store
  ---
  duration_ms: 1.457291
  type: 'test'
  ...
# Subtest: late malformed templates produce no output or partial mutations
ok 442 - late malformed templates produce no output or partial mutations
  ---
  duration_ms: 2.635375
  type: 'test'
  ...
# Subtest: bulk authorization denial does not consume input or invoke backend
ok 443 - bulk authorization denial does not consume input or invoke backend
  ---
  duration_ms: 0.575833
  type: 'test'
  ...
# Subtest: bulk attachments are read once and copied separately into each template
ok 444 - bulk attachments are read once and copied separately into each template
  ---
  duration_ms: 1.120375
  type: 'test'
  ...
# Subtest: late attachment failure and cancellation never invoke the bulk backend
ok 445 - late attachment failure and cancellation never invoke the bulk backend
  ---
  duration_ms: 1.081375
  type: 'test'
  ...
# Subtest: duplicated item templates receive fresh IDs with consistent section links
ok 446 - duplicated item templates receive fresh IDs with consistent section links
  ---
  duration_ms: 1.906375
  type: 'test'
  ...
# Subtest: bulk parsing rejects empty, nested, scalar, and malformed arrays before backend execution
ok 447 - bulk parsing rejects empty, nested, scalar, and malformed arrays before backend execution
  ---
  duration_ms: 1.32425
  type: 'test'
  ...
# Subtest: bulk arrays are not silently accepted by item edit or template file input
ok 448 - bulk arrays are not silently accepted by item edit or template file input
  ---
  duration_ms: 0.8065
  type: 'test'
  ...
# Subtest: public cross-account list get create pipeline remaps references to the explicit destination
ok 449 - public cross-account list get create pipeline remaps references to the explicit destination
  ---
  duration_ms: 6.158875
  type: 'test'
  ...
# Subtest: bulk duplication never publishes stale source references on remapped fields
ok 450 - bulk duplication never publishes stale source references on remapped fields
  ---
  duration_ms: 0.666708
  type: 'test'
  ...
# Subtest: public createOp loads item create templates and assignments override template fields
ok 451 - public createOp loads item create templates and assignments override template fields
  ---
  duration_ms: 15.184459
  type: 'test'
  ...
# Subtest: public createOp loads edit templates and preserves unmodified metadata
ok 452 - public createOp loads edit templates and preserves unmodified metadata
  ---
  duration_ms: 4.4625
  type: 'test'
  ...
# Subtest: public createOp reads file attachments as bytes with escaped section and file names
ok 453 - public createOp reads file attachments as bytes with escaped section and file names
  ---
  duration_ms: 1.1745
  type: 'test'
  ...
# Subtest: stdin JSON templates support create marker and edit with assignment precedence
ok 454 - stdin JSON templates support create marker and edit with assignment precedence
  ---
  duration_ms: 4.16975
  type: 'test'
  ...
# Subtest: template and stdin collisions and invalid JSON fail without backend calls
ok 455 - template and stdin collisions and invalid JSON fail without backend calls
  ---
  duration_ms: 5.308208
  type: 'test'
  ...
# Subtest: file assignments are consumed and passed as isolated bytes while other arguments stay literal
ok 456 - file assignments are consumed and passed as isolated bytes while other arguments stay literal
  ---
  duration_ms: 0.358209
  type: 'test'
  ...
# Subtest: dry-run previews item templates and attachments without changing backend state
ok 457 - dry-run previews item templates and attachments without changing backend state
  ---
  duration_ms: 0.654208
  type: 'test'
  ...
# Subtest: item output omits attachment content and uses shared field masking and reveal behavior
ok 458 - item output omits attachment content and uses shared field masking and reveal behavior
  ---
  duration_ms: 4.961958
  type: 'test'
  ...
# Subtest: missing file capability and attachment failures do not execute or emit partial items
ok 459 - missing file capability and attachment failures do not execute or emit partial items
  ---
  duration_ms: 1.69025
  type: 'test'
  ...
# Subtest: attachment parsing validates assignments before reading files
ok 460 - attachment parsing validates assignments before reading files
  ---
  duration_ms: 0.652042
  type: 'test'
  ...
# Subtest: cancellation stops a pending file read before backend execution
ok 461 - cancellation stops a pending file read before backend execution
  ---
  duration_ms: 0.343583
  type: 'test'
  ...
# Subtest: handler awaits output and propagates sink failures
ok 462 - handler awaits output and propagates sink failures
  ---
  duration_ms: 0.468708
  type: 'test'
  ...
# Subtest: authorization denial happens before template and attachment IO
ok 463 - authorization denial happens before template and attachment IO
  ---
  duration_ms: 5.982916
  type: 'test'
  ...
# Subtest: a later attachment failure does not persist or output a partially loaded item
ok 464 - a later attachment failure does not persist or output a partially loaded item
  ---
  duration_ms: 0.309583
  type: 'test'
  ...
# Subtest: run: abort waits for the owned child close event
ok 465 - run: abort waits for the owned child close event
  ---
  duration_ms: 42.556209
  type: 'test'
  ...
# Subtest: run: error waits for the owned child close event
ok 466 - run: error waits for the owned child close event
  ---
  duration_ms: 11.763458
  type: 'test'
  ...
# Subtest: run: child output cannot be forwarded after the CLI settles on error
ok 467 - run: child output cannot be forwarded after the CLI settles on error
  ---
  duration_ms: 2.947
  type: 'test'
  ...
# Subtest: unmasked run: abort waits for the owned child close event
ok 468 - unmasked run: abort waits for the owned child close event
  ---
  duration_ms: 1.127625
  type: 'test'
  ...
# Subtest: unmasked run: error waits for the owned child close event
ok 469 - unmasked run: error waits for the owned child close event
  ---
  duration_ms: 1.376
  type: 'test'
  ...
# Subtest: unmasked run: child output cannot be forwarded after the CLI settles on error
ok 470 - unmasked run: child output cannot be forwarded after the CLI settles on error
  ---
  duration_ms: 1.096083
  type: 'test'
  ...
# Subtest: snapshot restore: abort waits for the owned child close event
ok 471 - snapshot restore: abort waits for the owned child close event
  ---
  duration_ms: 1.512542
  type: 'test'
  ...
# Subtest: snapshot restore: error waits for the owned child close event
ok 472 - snapshot restore: error waits for the owned child close event
  ---
  duration_ms: 1.817792
  type: 'test'
  ...
# Subtest: snapshot restore: child output cannot be forwarded after the CLI settles on error
ok 473 - snapshot restore: child output cannot be forwarded after the CLI settles on error
  ---
  duration_ms: 2.201708
  type: 'test'
  ...
# Subtest: Node child output write errors still await child close
ok 474 - Node child output write errors still await child close
  ---
  duration_ms: 83.762458
  type: 'test'
  ...
# Subtest: normal child close waits for outstanding output callbacks before returning
ok 475 - normal child close waits for outstanding output callbacks before returning
  ---
  duration_ms: 2.093542
  type: 'test'
  ...
# Subtest: snapshot masking takes ownership of Uint8Array writes before asynchronous processing
ok 476 - snapshot masking takes ownership of Uint8Array writes before asynchronous processing
  ---
  duration_ms: 3.236333
  type: 'test'
  ...
# Subtest: snapshot masking takes ownership of Buffer writes before asynchronous processing
ok 477 - snapshot masking takes ownership of Buffer writes before asynchronous processing
  ---
  duration_ms: 0.494125
  type: 'test'
  ...
# Subtest: snapshot masking handles split UTF-8, overlapping secrets and independent output streams
ok 478 - snapshot masking handles split UTF-8, overlapping secrets and independent output streams
  ---
  duration_ms: 1.229917
  type: 'test'
  ...
# Subtest: aborted persistence waits for temporary cleanup and never renames staged state
ok 479 - aborted persistence waits for temporary cleanup and never renames staged state
  ---
  duration_ms: 3.88725
  type: 'test'
  ...
# Subtest: persisted snapshots preserve binary views and environment metadata across independent CLI runs
ok 480 - persisted snapshots preserve binary views and environment metadata across independent CLI runs
  ---
  duration_ms: 2.775417
  type: 'test'
  ...
# Subtest: native 2.39.0 canonical stable leaf manifest matches exactly
ok 481 - native 2.39.0 canonical stable leaf manifest matches exactly
  ---
  duration_ms: 10.283916
  type: 'test'
  ...
# Subtest: native inherited flags exclude root-only version
ok 482 - native inherited flags exclude root-only version
  ---
  duration_ms: 0.270083
  type: 'test'
  ...
# Subtest: native local flag kinds and short/hidden aliases match the pinned fixture
ok 483 - native local flag kinds and short/hidden aliases match the pinned fixture
  ---
  duration_ms: 3.661792
  type: 'test'
  ...
# Subtest: every pinned native leaf and command alias accepts its local and inherited flags
ok 484 - every pinned native leaf and command alias accepts its local and inherited flags
  ---
  duration_ms: 353.454667
  type: 'test'
  ...
# Subtest: native root version emits a scalar and is rejected on every child leaf
ok 485 - native root version emits a scalar and is rejected on every child leaf
  ---
  duration_ms: 31.781125
  type: 'test'
  ...
# Subtest: help works without configured backend and describes extension environment
ok 486 - help works without configured backend and describes extension environment
  ---
  duration_ms: 11.145709
  type: 'test'
  ...
# Subtest: node plugin chooser is captured before module loading and forwarded without wrapping
ok 487 - node plugin chooser is captured before module loading and forwarded without wrapping
  ---
  duration_ms: 2.669625
  type: 'test'
  ...
# Subtest: node plugin denial performs no module or candidate loading and no selection
ok 488 - node plugin denial performs no module or candidate loading and no selection
  ---
  duration_ms: 1.2535
  type: 'test'
  ...
# Subtest: node object plugin inspect offers only metadata and accepts an explicit sync or async choice
ok 489 - node object plugin inspect offers only metadata and accepts an explicit sync or async choice
  ---
  duration_ms: 167.788625
  type: 'test'
  ...
# Subtest: node plugin inspection never defaults a missing, cancelled or unoffered choice
ok 490 - node plugin inspection never defaults a missing, cancelled or unoffered choice
  ---
  duration_ms: 26.765334
  type: 'test'
  ...
# Subtest: node explicit plugin inspection bypasses the chooser
ok 491 - node explicit plugin inspection bypasses the chooser
  ---
  duration_ms: 1.907084
  type: 'test'
  ...
# Subtest: missing or conflicting explicit backend configuration fails
ok 492 - missing or conflicting explicit backend configuration fails
  ---
  duration_ms: 1.201333
  type: 'test'
  ...
# Subtest: hidden completion callbacks retain their final directive when completing help flags
ok 493 - hidden completion callbacks retain their final directive when completing help flags
  ---
  duration_ms: 9.9
  type: 'test'
  ...
# Subtest: completion callback names elsewhere do not suppress ordinary help
ok 494 - completion callback names elsewhere do not suppress ordinary help
  ---
  duration_ms: 62.349084
  type: 'test'
  ...
# Subtest: loads a default backend object using a cwd-relative module URL
ok 495 - loads a default backend object using a cwd-relative module URL
  ---
  duration_ms: 1.04925
  type: 'test'
  ...
# Subtest: rejects backend factories rather than executing arbitrary export shapes
ok 496 - rejects backend factories rather than executing arbitrary export shapes
  ---
  duration_ms: 0.40325
  type: 'test'
  ...
# Subtest: module resolved policy exports approve sanitized bindings and refuse changed selections
ok 497 - module resolved policy exports approve sanitized bindings and refuse changed selections
  ---
  duration_ms: 8.908292
  type: 'test'
  ...
# Subtest: Node literal approval compatibility requires explicit host configuration
ok 498 - Node literal approval compatibility requires explicit host configuration
  ---
  duration_ms: 2.05625
  type: 'test'
  ...
# Subtest: resolved file backend approval fails closed without cross-process revision support
ok 499 - resolved file backend approval fails closed without cross-process revision support
  ---
  duration_ms: 39.099125
  type: 'test'
  ...
# Subtest: reads and injects secrets through the root SDK helpers
ok 500 - reads and injects secrets through the root SDK helpers
  ---
  duration_ms: 5.582417
  type: 'test'
  ...
# Subtest: run spawns literal argv with resolved environment and awaits output
ok 501 - run spawns literal argv with resolved environment and awaits output
  ---
  duration_ms: 5.84825
  type: 'test'
  ...
# Subtest: already cancelled invocations do not load backends
ok 502 - already cancelled invocations do not load backends
  ---
  duration_ms: 0.293833
  type: 'test'
  ...
# Subtest: object mutations persist atomically with private temporary permissions
ok 503 - object mutations persist atomically with private temporary permissions
  ---
  duration_ms: 1.751583
  type: 'test'
  ...
# Subtest: read-only commands do not rewrite the seed
ok 504 - read-only commands do not rewrite the seed
  ---
  duration_ms: 0.885041
  type: 'test'
  ...
# Subtest: failed atomic persistence preserves the seed and removes its temporary file
ok 505 - failed atomic persistence preserves the seed and removes its temporary file
  ---
  duration_ms: 6.156958
  type: 'test'
  ...
# Subtest: partial temporary writes are removed after failure
ok 506 - partial temporary writes are removed after failure
  ---
  duration_ms: 1.085541
  type: 'test'
  ...
# Subtest: host awaits asynchronous stream write callbacks
ok 507 - host awaits asynchronous stream write callbacks
  ---
  duration_ms: 1.062291
  type: 'test'
  ...
# Subtest: spawn cancellation forwards the signal and terminates child work
ok 508 - spawn cancellation forwards the signal and terminates child work
  ---
  duration_ms: 0.767375
  type: 'test'
  ...
# Subtest: module authorization denies helper execution before spawning
ok 509 - module authorization denies helper execution before spawning
  ---
  duration_ms: 0.410833
  type: 'test'
  ...
# Subtest: module approval callback receives authorized request and controls execution
ok 510 - module approval callback receives authorized request and controls execution
  ---
  duration_ms: 0.523375
  type: 'test'
  ...
# Subtest: completion works without backend configuration
ok 511 - completion works without backend configuration
  ---
  duration_ms: 0.389875
  type: 'test'
  ...
# Subtest: version reads the runtime package version without loading a backend
ok 512 - version reads the runtime package version without loading a backend
  ---
  duration_ms: 1.051542
  type: 'test'
  ...
# Subtest: short version flag uses the injected package version
ok 513 - short version flag uses the injected package version
  ---
  duration_ms: 25.192125
  type: 'test'
  ...
# Subtest: output files use private permissions by default
ok 514 - output files use private permissions by default
  ---
  duration_ms: 2.450916
  type: 'test'
  ...
# Subtest: output cancellation after opening preserves content and permissions and closes the handle
ok 515 - output cancellation after opening preserves content and permissions and closes the handle
  ---
  duration_ms: 14.582459
  type: 'test'
  ...
# Subtest: empty output symlinks are refused without force
ok 516 - empty output symlinks are refused without force
  ---
  duration_ms: 1.024709
  type: 'test'
  ...
# Subtest: force overwrites output and enforces the requested mode on existing files
ok 517 - force overwrites output and enforces the requested mode on existing files
  ---
  duration_ms: 8.862292
  type: 'test'
  ...
# Subtest: exclusive output creation preserves an existing file without force
ok 518 - exclusive output creation preserves an existing file without force
  ---
  duration_ms: 1.990541
  type: 'test'
  ...
# Subtest: interactive commands do not wait for terminal stdin
ok 519 - interactive commands do not wait for terminal stdin
  ---
  duration_ms: 7.343167
  type: 'test'
  ...
# Subtest: backend module file paths without dot prefix resolve from cwd
ok 520 - backend module file paths without dot prefix resolve from cwd
  ---
  duration_ms: 1.616792
  type: 'test'
  ...
# Subtest: cancellation interrupts pending piped stdin
ok 521 - cancellation interrupts pending piped stdin
  ---
  duration_ms: 0.824334
  type: 'test'
  ...
# Subtest: borrowed input errors and premature closure settle the command
ok 522 - borrowed input errors and premature closure settle the command
  ---
  duration_ms: 9.119375
  type: 'test'
  ...
# Subtest: binary documents survive persistence and a separate CLI invocation
ok 523 - binary documents survive persistence and a separate CLI invocation
  ---
  duration_ms: 2.445542
  type: 'test'
  ...
# Subtest: compatibility channel defaults to stable and enables beta command help explicitly
ok 524 - compatibility channel defaults to stable and enables beta command help explicitly
  ---
  duration_ms: 1.077542
  type: 'test'
  ...
# Subtest: invalid compatibility channels fail without loading a backend
ok 525 - invalid compatibility channels fail without loading a backend
  ---
  duration_ms: 0.524583
  type: 'test'
  ...
# Subtest: binary document output respects the terminal capability
ok 526 - binary document output respects the terminal capability
  ---
  duration_ms: 33.59825
  type: 'test'
  ...
# Subtest: environment restore emits shell output or invokes a child without changing the parent environment
ok 527 - environment restore emits shell output or invokes a child without changing the parent environment
  ---
  duration_ms: 16.612833
  type: 'test'
  ...
# Subtest: object backend generates and transforms an Ed25519 key across CLI invocations
ok 528 - object backend generates and transforms an Ed25519 key across CLI invocations
  ---
  duration_ms: 30.755333
  type: 'test'
  ...
# Subtest: plugin scope supplies normalized absolute paths without deriving terminal identity
ok 529 - plugin scope supplies normalized absolute paths without deriving terminal identity
  ---
  duration_ms: 4.171375
  type: 'test'
  ...
# Subtest: plugin scope defaults are absolute and explicit terminal identity has injected precedence
ok 530 - plugin scope defaults are absolute and explicit terminal identity has injected precedence
  ---
  duration_ms: 6.833417
  type: 'test'
  ...
# Subtest: native scope separators become portable without changing the spawned cwd
ok 531 - native scope separators become portable without changing the spawned cwd
  ---
  duration_ms: 1.624417
  type: 'test'
  ...
# Subtest: win32 UNC share roots normalize canonically while drive and POSIX roots retain their slash
ok 532 - win32 UNC share roots normalize canonically while drive and POSIX roots retain their slash
  ---
  duration_ms: 0.10025
  type: 'test'
  ...
# Subtest: plugin clear confirmation is an optional host capability and central authorization still applies
ok 533 - plugin clear confirmation is an optional host capability and central authorization still applies
  ---
  duration_ms: 0.882167
  type: 'test'
  ...
# Subtest: object plugin clearing requires confirmation unless force is explicit
ok 534 - object plugin clearing requires confirmation unless force is explicit
  ---
  duration_ms: 3.729375
  type: 'test'
  ...
# Subtest: authentication context is explicitly injected and bound before authorization
ok 535 - authentication context is explicitly injected and bound before authorization
  ---
  duration_ms: 0.947459
  type: 'test'
  ...
# Subtest: authentication identity is never inferred from plugin or session environment metadata
ok 536 - authentication identity is never inferred from plugin or session environment metadata
  ---
  duration_ms: 0.822083
  type: 'test'
  ...
# Subtest: managed app authentication survives restart but requires explicit trusted terminal context
ok 537 - managed app authentication survives restart but requires explicit trusted terminal context
  ---
  duration_ms: 4.486709
  type: 'test'
  ...
# Subtest: managed snapshot integration overrides are temporary and never inferred from app sessions
ok 538 - managed snapshot integration overrides are temporary and never inferred from app sessions
  ---
  duration_ms: 21.965125
  type: 'test'
  ...
# Subtest: persisted app defaults remain below OP_ACCOUNT and explicit account flags across invocations
ok 539 - persisted app defaults remain below OP_ACCOUNT and explicit account flags across invocations
  ---
  duration_ms: 3.656791
  type: 'test'
  ...
# Subtest: explicit manual tokens work without terminal context across CLI invocations
ok 540 - explicit manual tokens work without terminal context across CLI invocations
  ---
  duration_ms: 44.222584
  type: 'test'
  ...
# Subtest: document get document-id confirms nonempty output before changing bytes or mode
ok 541 - document get document-id confirms nonempty output before changing bytes or mode
  ---
  duration_ms: 5.045917
  type: 'test'
  ...
# Subtest: read op://Private/Service/file.bin confirms nonempty output before changing bytes or mode
ok 542 - read op://Private/Service/file.bin confirms nonempty output before changing bytes or mode
  ---
  duration_ms: 1.342833
  type: 'test'
  ...
# Subtest: inject --in-file input.tpl confirms nonempty output before changing bytes or mode
ok 543 - inject --in-file input.tpl confirms nonempty output before changing bytes or mode
  ---
  duration_ms: 1.452625
  type: 'test'
  ...
# Subtest: item template get Login --format=json confirms nonempty output before changing bytes or mode
ok 544 - item template get Login --format=json confirms nonempty output before changing bytes or mode
  ---
  duration_ms: 161.993083
  type: 'test'
  ...
# Subtest: overwrite confirmation false preserves existing bytes and mode
ok 545 - overwrite confirmation false preserves existing bytes and mode
  ---
  duration_ms: 1.585167
  type: 'test'
  ...
# Subtest: overwrite confirmation EOF preserves existing bytes and mode
ok 546 - overwrite confirmation EOF preserves existing bytes and mode
  ---
  duration_ms: 1.189666
  type: 'test'
  ...
# Subtest: overwrite confirmation truthy preserves existing bytes and mode
ok 547 - overwrite confirmation truthy preserves existing bytes and mode
  ---
  duration_ms: 1.288917
  type: 'test'
  ...
# Subtest: overwrite confirmation throw preserves existing bytes and mode
ok 548 - overwrite confirmation throw preserves existing bytes and mode
  ---
  duration_ms: 1.177708
  type: 'test'
  ...
# Subtest: overwrite confirmation reject preserves existing bytes and mode
ok 549 - overwrite confirmation reject preserves existing bytes and mode
  ---
  duration_ms: 1.218292
  type: 'test'
  ...
# Subtest: force and empty or absent outputs bypass confirmation but force never bypasses operation policy
ok 550 - force and empty or absent outputs bypass confirmation but force never bypasses operation policy
  ---
  duration_ms: 2.587917
  type: 'test'
  ...
# Subtest: aborting pending overwrite confirmation settles and late consent has no effects
ok 551 - aborting pending overwrite confirmation settles and late consent has no effects
  ---
  duration_ms: 81.718583
  type: 'test'
  ...
# Subtest: confirmation retains the opened file handle across path replacement and truncates shorter output
ok 552 - confirmation retains the opened file handle across path replacement and truncates shorter output
  ---
  duration_ms: 1.081125
  type: 'test'
  ...
# Subtest: document file host fills an existing empty output without force
ok 553 - document file host fills an existing empty output without force
  ---
  duration_ms: 0.529
  type: 'test'
  ...
# Subtest: document file host retains nonempty content and mode without force
ok 554 - document file host retains nonempty content and mode without force
  ---
  duration_ms: 0.656375
  type: 'test'
  ...
# Subtest: document file host still creates missing outputs and honors force
ok 555 - document file host still creates missing outputs and honors force
  ---
  duration_ms: 0.907583
  type: 'test'
  ...
# Subtest: read file host fills an existing empty output without force
ok 556 - read file host fills an existing empty output without force
  ---
  duration_ms: 0.391792
  type: 'test'
  ...
# Subtest: read file host retains nonempty content and mode without force
ok 557 - read file host retains nonempty content and mode without force
  ---
  duration_ms: 0.582625
  type: 'test'
  ...
# Subtest: read file host still creates missing outputs and honors force
ok 558 - read file host still creates missing outputs and honors force
  ---
  duration_ms: 3.020458
  type: 'test'
  ...
# Subtest: matches RFC 6238 SHA-1 vectors
ok 559 - matches RFC 6238 SHA-1 vectors
  ---
  duration_ms: 9.496459
  type: 'test'
  ...
# Subtest: supports SHA-256 and SHA-512 with explicit period
ok 560 - supports SHA-256 and SHA-512 with explicit period
  ---
  duration_ms: 4.366375
  type: 'test'
  ...
# Subtest: rejects malformed OTP settings without including the input
ok 561 - rejects malformed OTP settings without including the input
  ---
  duration_ms: 0.610541
  type: 'test'
  ...
# Subtest: leaf flags are accepted before and between command words with their values
ok 562 - leaf flags are accepted before and between command words with their values
  ---
  duration_ms: 3.490459
  type: 'test'
  ...
# Subtest: final leaf definitions govern repeatable, optional, shorthand and alias flags
ok 563 - final leaf definitions govern repeatable, optional, shorthand and alias flags
  ---
  duration_ms: 3.049541
  type: 'test'
  ...
# Subtest: early flags not belonging to the resolved leaf are rejected before effects
ok 564 - early flags not belonging to the resolved leaf are rejected before effects
  ---
  duration_ms: 54.118208
  type: 'test'
  ...
# Subtest: leaf resolution preserves command aliases, literal argv and stable beta boundaries
ok 565 - leaf resolution preserves command aliases, literal argv and stable beta boundaries
  ---
  duration_ms: 2.635625
  type: 'test'
  ...
# Subtest: native invalid operand counts fail before stdin, authorization or custom backends
ok 566 - native invalid operand counts fail before stdin, authorization or custom backends
  ---
  duration_ms: 1.05325
  type: 'test'
  ...
# Subtest: invalid operands never reach handler overrides and help remains available
ok 567 - invalid operands never reach handler overrides and help remains available
  ---
  duration_ms: 56.816292
  type: 'test'
  ...
# Subtest: every available leaf flag with an inline value resolves before its command in help probes
ok 568 - every available leaf flag with an inline value resolves before its command in help probes
  ---
  duration_ms: 218.926208
  type: 'test'
  ...
# Subtest: native discovery rejects bare leaf booleans and optional flags before the leaf
ok 569 - native discovery rejects bare leaf booleans and optional flags before the leaf
  ---
  duration_ms: 1.140166
  type: 'test'
  ...
# Subtest: inline leaf values and bare global booleans preserve command discovery
ok 570 - inline leaf values and bare global booleans preserve command discovery
  ---
  duration_ms: 2.373459
  type: 'test'
  ...
# Subtest: implicit item get validates piped input after literal allowance but before a custom backend
ok 571 - implicit item get validates piped input after literal allowance but before a custom backend
  ---
  duration_ms: 0.625833
  type: 'test'
  ...
# Subtest: conditional stdin validation replays original bytes to overridden item get handlers
ok 572 - conditional stdin validation replays original bytes to overridden item get handlers
  ---
  duration_ms: 0.416958
  type: 'test'
  ...
# Subtest: user: create_items requires every cumulative prerequisite without implicit grants
ok 573 - user: create_items requires every cumulative prerequisite without implicit grants
  ---
  duration_ms: 3.654625
  type: 'test'
  ...
# Subtest: user: revoking a prerequisite also requires revoking granted create_items
ok 574 - user: revoking a prerequisite also requires revoking granted create_items
  ---
  duration_ms: 0.876875
  type: 'test'
  ...
# Subtest: user: view_and_copy_passwords requires every cumulative prerequisite without implicit grants
ok 575 - user: view_and_copy_passwords requires every cumulative prerequisite without implicit grants
  ---
  duration_ms: 0.696083
  type: 'test'
  ...
# Subtest: user: revoking a prerequisite also requires revoking granted view_and_copy_passwords
ok 576 - user: revoking a prerequisite also requires revoking granted view_and_copy_passwords
  ---
  duration_ms: 41.839541
  type: 'test'
  ...
# Subtest: user: edit_items requires every cumulative prerequisite without implicit grants
ok 577 - user: edit_items requires every cumulative prerequisite without implicit grants
  ---
  duration_ms: 0.868041
  type: 'test'
  ...
# Subtest: user: revoking a prerequisite also requires revoking granted edit_items
ok 578 - user: revoking a prerequisite also requires revoking granted edit_items
  ---
  duration_ms: 0.822709
  type: 'test'
  ...
# Subtest: user: archive_items requires every cumulative prerequisite without implicit grants
ok 579 - user: archive_items requires every cumulative prerequisite without implicit grants
  ---
  duration_ms: 3.477916
  type: 'test'
  ...
# Subtest: user: revoking a prerequisite also requires revoking granted archive_items
ok 580 - user: revoking a prerequisite also requires revoking granted archive_items
  ---
  duration_ms: 0.600708
  type: 'test'
  ...
# Subtest: user: delete_items requires every cumulative prerequisite without implicit grants
ok 581 - user: delete_items requires every cumulative prerequisite without implicit grants
  ---
  duration_ms: 0.653584
  type: 'test'
  ...
# Subtest: user: revoking a prerequisite also requires revoking granted delete_items
ok 582 - user: revoking a prerequisite also requires revoking granted delete_items
  ---
  duration_ms: 0.792834
  type: 'test'
  ...
# Subtest: user: view_item_history requires every cumulative prerequisite without implicit grants
ok 583 - user: view_item_history requires every cumulative prerequisite without implicit grants
  ---
  duration_ms: 0.377833
  type: 'test'
  ...
# Subtest: user: revoking a prerequisite also requires revoking granted view_item_history
ok 584 - user: revoking a prerequisite also requires revoking granted view_item_history
  ---
  duration_ms: 0.518417
  type: 'test'
  ...
# Subtest: user: import_items requires every cumulative prerequisite without implicit grants
ok 585 - user: import_items requires every cumulative prerequisite without implicit grants
  ---
  duration_ms: 0.331917
  type: 'test'
  ...
# Subtest: user: revoking a prerequisite also requires revoking granted import_items
ok 586 - user: revoking a prerequisite also requires revoking granted import_items
  ---
  duration_ms: 0.34775
  type: 'test'
  ...
# Subtest: user: export_items requires every cumulative prerequisite without implicit grants
ok 587 - user: export_items requires every cumulative prerequisite without implicit grants
  ---
  duration_ms: 0.449084
  type: 'test'
  ...
# Subtest: user: revoking a prerequisite also requires revoking granted export_items
ok 588 - user: revoking a prerequisite also requires revoking granted export_items
  ---
  duration_ms: 0.498875
  type: 'test'
  ...
# Subtest: user: copy_and_share_items requires every cumulative prerequisite without implicit grants
ok 589 - user: copy_and_share_items requires every cumulative prerequisite without implicit grants
  ---
  duration_ms: 0.489
  type: 'test'
  ...
# Subtest: user: revoking a prerequisite also requires revoking granted copy_and_share_items
ok 590 - user: revoking a prerequisite also requires revoking granted copy_and_share_items
  ---
  duration_ms: 0.498042
  type: 'test'
  ...
# Subtest: user: print_items requires every cumulative prerequisite without implicit grants
ok 591 - user: print_items requires every cumulative prerequisite without implicit grants
  ---
  duration_ms: 0.442
  type: 'test'
  ...
# Subtest: user: revoking a prerequisite also requires revoking granted print_items
ok 592 - user: revoking a prerequisite also requires revoking granted print_items
  ---
  duration_ms: 12.710958
  type: 'test'
  ...
# Subtest: group: create_items requires every cumulative prerequisite without implicit grants
ok 593 - group: create_items requires every cumulative prerequisite without implicit grants
  ---
  duration_ms: 0.345791
  type: 'test'
  ...
# Subtest: group: revoking a prerequisite also requires revoking granted create_items
ok 594 - group: revoking a prerequisite also requires revoking granted create_items
  ---
  duration_ms: 0.308708
  type: 'test'
  ...
# Subtest: group: view_and_copy_passwords requires every cumulative prerequisite without implicit grants
ok 595 - group: view_and_copy_passwords requires every cumulative prerequisite without implicit grants
  ---
  duration_ms: 0.233208
  type: 'test'
  ...
# Subtest: group: revoking a prerequisite also requires revoking granted view_and_copy_passwords
ok 596 - group: revoking a prerequisite also requires revoking granted view_and_copy_passwords
  ---
  duration_ms: 0.252416
  type: 'test'
  ...
# Subtest: group: edit_items requires every cumulative prerequisite without implicit grants
ok 597 - group: edit_items requires every cumulative prerequisite without implicit grants
  ---
  duration_ms: 0.334
  type: 'test'
  ...
# Subtest: group: revoking a prerequisite also requires revoking granted edit_items
ok 598 - group: revoking a prerequisite also requires revoking granted edit_items
  ---
  duration_ms: 0.396917
  type: 'test'
  ...
# Subtest: group: archive_items requires every cumulative prerequisite without implicit grants
ok 599 - group: archive_items requires every cumulative prerequisite without implicit grants
  ---
  duration_ms: 0.418792
  type: 'test'
  ...
# Subtest: group: revoking a prerequisite also requires revoking granted archive_items
ok 600 - group: revoking a prerequisite also requires revoking granted archive_items
  ---
  duration_ms: 0.484917
  type: 'test'
  ...
# Subtest: group: delete_items requires every cumulative prerequisite without implicit grants
ok 601 - group: delete_items requires every cumulative prerequisite without implicit grants
  ---
  duration_ms: 0.491083
  type: 'test'
  ...
# Subtest: group: revoking a prerequisite also requires revoking granted delete_items
ok 602 - group: revoking a prerequisite also requires revoking granted delete_items
  ---
  duration_ms: 0.471
  type: 'test'
  ...
# Subtest: group: view_item_history requires every cumulative prerequisite without implicit grants
ok 603 - group: view_item_history requires every cumulative prerequisite without implicit grants
  ---
  duration_ms: 0.361792
  type: 'test'
  ...
# Subtest: group: revoking a prerequisite also requires revoking granted view_item_history
ok 604 - group: revoking a prerequisite also requires revoking granted view_item_history
  ---
  duration_ms: 0.387916
  type: 'test'
  ...
# Subtest: group: import_items requires every cumulative prerequisite without implicit grants
ok 605 - group: import_items requires every cumulative prerequisite without implicit grants
  ---
  duration_ms: 0.357458
  type: 'test'
  ...
# Subtest: group: revoking a prerequisite also requires revoking granted import_items
ok 606 - group: revoking a prerequisite also requires revoking granted import_items
  ---
  duration_ms: 0.349667
  type: 'test'
  ...
# Subtest: group: export_items requires every cumulative prerequisite without implicit grants
ok 607 - group: export_items requires every cumulative prerequisite without implicit grants
  ---
  duration_ms: 0.469
  type: 'test'
  ...
# Subtest: group: revoking a prerequisite also requires revoking granted export_items
ok 608 - group: revoking a prerequisite also requires revoking granted export_items
  ---
  duration_ms: 0.551083
  type: 'test'
  ...
# Subtest: group: copy_and_share_items requires every cumulative prerequisite without implicit grants
ok 609 - group: copy_and_share_items requires every cumulative prerequisite without implicit grants
  ---
  duration_ms: 0.446958
  type: 'test'
  ...
# Subtest: group: revoking a prerequisite also requires revoking granted copy_and_share_items
ok 610 - group: revoking a prerequisite also requires revoking granted copy_and_share_items
  ---
  duration_ms: 5.092166
  type: 'test'
  ...
# Subtest: group: print_items requires every cumulative prerequisite without implicit grants
ok 611 - group: print_items requires every cumulative prerequisite without implicit grants
  ---
  duration_ms: 0.5085
  type: 'test'
  ...
# Subtest: group: revoking a prerequisite also requires revoking granted print_items
ok 612 - group: revoking a prerequisite also requires revoking granted print_items
  ---
  duration_ms: 0.513333
  type: 'test'
  ...
# Subtest: existing prerequisites satisfy an incremental grant and revoking a leaf preserves its parents
ok 613 - existing prerequisites satisfy an incremental grant and revoking a leaf preserves its parents
  ---
  duration_ms: 0.289375
  type: 'test'
  ...
# Subtest: umbrella permissions expand only their documented scope and still require prerequisites
ok 614 - umbrella permissions expand only their documented scope and still require prerequisites
  ---
  duration_ms: 0.560709
  type: 'test'
  ...
# Subtest: manage_vault and allow_managing require no viewing or editing rights
ok 615 - manage_vault and allow_managing require no viewing or editing rights
  ---
  duration_ms: 0.204083
  type: 'test'
  ...
# Subtest: granular revokes from seeded umbrellas preserve other scope without stale umbrella grants
ok 616 - granular revokes from seeded umbrellas preserve other scope without stale umbrella grants
  ---
  duration_ms: 0.29025
  type: 'test'
  ...
# Subtest: move_items is derived only while all six documented prerequisites remain
ok 617 - move_items is derived only while all six documented prerequisites remain
  ---
  duration_ms: 0.477041
  type: 'test'
  ...
# Subtest: vault permission filters understand umbrella grants and requirements
ok 618 - vault permission filters understand umbrella grants and requirements
  ---
  duration_ms: 0.570708
  type: 'test'
  ...
# Subtest: no-input never authorizes missing dependencies and plain object seeds do not invent account plans
ok 619 - no-input never authorizes missing dependencies and plain object seeds do not invent account plans
  ---
  duration_ms: 7.078792
  type: 'test'
  ...
# Subtest: unknown permissions and missing grant permissions cannot change stored access
ok 620 - unknown permissions and missing grant permissions cannot change stored access
  ---
  duration_ms: 0.674708
  type: 'test'
  ...
# Subtest: scoped grants preserve foreign account rows and IDs
ok 621 - scoped grants preserve foreign account rows and IDs
  ---
  duration_ms: 0.357916
  type: 'test'
  ...
# Subtest: vault user grant rejects invalid permission values before authorization and acquisition
ok 622 - vault user grant rejects invalid permission values before authorization and acquisition
  ---
  duration_ms: 55.531375
  type: 'test'
  ...
# Subtest: vault user grant accepts documented permissions and native lexical variants without account discovery
ok 623 - vault user grant accepts documented permissions and native lexical variants without account discovery
  ---
  duration_ms: 8.684416
  type: 'test'
  ...
# Subtest: vault user revoke rejects invalid permission values before authorization and acquisition
ok 624 - vault user revoke rejects invalid permission values before authorization and acquisition
  ---
  duration_ms: 75.714792
  type: 'test'
  ...
# Subtest: vault user revoke accepts documented permissions and native lexical variants without account discovery
ok 625 - vault user revoke accepts documented permissions and native lexical variants without account discovery
  ---
  duration_ms: 4.994334
  type: 'test'
  ...
# Subtest: vault group grant rejects invalid permission values before authorization and acquisition
ok 626 - vault group grant rejects invalid permission values before authorization and acquisition
  ---
  duration_ms: 3.775125
  type: 'test'
  ...
# Subtest: vault group grant accepts documented permissions and native lexical variants without account discovery
ok 627 - vault group grant accepts documented permissions and native lexical variants without account discovery
  ---
  duration_ms: 2.869583
  type: 'test'
  ...
# Subtest: vault group revoke rejects invalid permission values before authorization and acquisition
ok 628 - vault group revoke rejects invalid permission values before authorization and acquisition
  ---
  duration_ms: 32.828541
  type: 'test'
  ...
# Subtest: vault group revoke accepts documented permissions and native lexical variants without account discovery
ok 629 - vault group revoke accepts documented permissions and native lexical variants without account discovery
  ---
  duration_ms: 3.038542
  type: 'test'
  ...
# Subtest: vault list rejects invalid permission values before authorization and acquisition
ok 630 - vault list rejects invalid permission values before authorization and acquisition
  ---
  duration_ms: 28.9185
  type: 'test'
  ...
# Subtest: vault list accepts documented permissions and native lexical variants without account discovery
ok 631 - vault list accepts documented permissions and native lexical variants without account discovery
  ---
  duration_ms: 2.52125
  type: 'test'
  ...
# Subtest: permission-value validation does not turn completion-required metadata into execution requirements
ok 632 - permission-value validation does not turn completion-required metadata into execution requirements
  ---
  duration_ms: 0.306334
  type: 'test'
  ...
# Subtest: unrelated CSV flags retain quoted-string parsing
ok 633 - unrelated CSV flags retain quoted-string parsing
  ---
  duration_ms: 0.290583
  type: 'test'
  ...
# Subtest: native executable metadata wins configured label collisions without moving registry rows
ok 634 - native executable metadata wins configured label collisions without moving registry rows
  ---
  duration_ms: 0.960625
  type: 'test'
  ...
# Subtest: managed local availability preserves account isolation and resolves a native executable to its configured ID
ok 635 - managed local availability preserves account isolation and resolves a native executable to its configured ID
  ---
  duration_ms: 3.787959
  type: 'test'
  ...
# Subtest: native human required-field labels remain separate from JSON availability and credential schemas
ok 636 - native human required-field labels remain separate from JSON availability and credential schemas
  ---
  duration_ms: 3.19
  type: 'test'
  ...
# Subtest: empty object backends list the pinned available plugins without fabricating configurations
ok 637 - empty object backends list the pinned available plugins without fabricating configurations
  ---
  duration_ms: 0.809583
  type: 'test'
  ...
# Subtest: available catalog entries merge scoped custom identities but never credentials or defaults
ok 638 - available catalog entries merge scoped custom identities but never credentials or defaults
  ---
  duration_ms: 1.483791
  type: 'test'
  ...
# Subtest: metadata-only selection offers available executables but does not invent unconfigured inspect results
ok 639 - metadata-only selection offers available executables but does not invent unconfigured inspect results
  ---
  duration_ms: 1.049709
  type: 'test'
  ...
# Subtest: plugin list human output matches every row and column of the pinned native no-auth capture
ok 640 - plugin list human output matches every row and column of the pinned native no-auth capture
  ---
  duration_ms: 0.732417
  type: 'test'
  ...
# Subtest: plugin list JSON retains its exact availability projection without display-only fields
ok 641 - plugin list JSON retains its exact availability projection without display-only fields
  ---
  duration_ms: 0.798541
  type: 'test'
  ...
# Subtest: custom plugin display does not infer required fields from a matching registry executable
ok 642 - custom plugin display does not infer required fields from a matching registry executable
  ---
  duration_ms: 0.061541
  type: 'test'
  ...
# Subtest: configured plugin display uses its supplied identity without guessing credential fields
ok 643 - configured plugin display uses its supplied identity without guessing credential fields
  ---
  duration_ms: 0.057167
  type: 'test'
  ...
# Subtest: clear removes terminal then cwd then ancestors through HOME then global
ok 644 - clear removes terminal then cwd then ancestors through HOME then global
  ---
  duration_ms: 4.373666
  type: 'test'
  ...
# Subtest: --all preserves unrelated scopes, other plugins and catalog metadata
ok 645 - --all preserves unrelated scopes, other plugins and catalog metadata
  ---
  duration_ms: 0.43175
  type: 'test'
  ...
# Subtest: missing terminal identity never matches terminal defaults
ok 646 - missing terminal identity never matches terminal defaults
  ---
  duration_ms: 0.785083
  type: 'test'
  ...
# Subtest: normalized portable scope ancestry: C:/Users/User/app
ok 647 - normalized portable scope ancestry: C:/Users/User/app
  ---
  duration_ms: 2.131375
  type: 'test'
  ...
# Subtest: normalized portable scope ancestry: //server/share/user/app
ok 648 - normalized portable scope ancestry: //server/share/user/app
  ---
  duration_ms: 0.306333
  type: 'test'
  ...
# Subtest: normalized portable scope ancestry: /work/app
ok 649 - normalized portable scope ancestry: /work/app
  ---
  duration_ms: 1.445542
  type: 'test'
  ...
# Subtest: rejects noncanonical scope path "relative" atomically
ok 650 - rejects noncanonical scope path "relative" atomically
  ---
  duration_ms: 1.749917
  type: 'test'
  ...
# Subtest: rejects noncanonical scope path "C:relative" atomically
ok 651 - rejects noncanonical scope path "C:relative" atomically
  ---
  duration_ms: 2.743833
  type: 'test'
  ...
# Subtest: rejects noncanonical scope path "C:\\\\Users\\\\User" atomically
ok 652 - rejects noncanonical scope path "C:\\\\Users\\\\User" atomically
  ---
  duration_ms: 1.09975
  type: 'test'
  ...
# Subtest: rejects noncanonical scope path "/home/../user" atomically
ok 653 - rejects noncanonical scope path "/home/../user" atomically
  ---
  duration_ms: 7.433
  type: 'test'
  ...
# Subtest: rejects noncanonical scope path "/home//user" atomically
ok 654 - rejects noncanonical scope path "/home//user" atomically
  ---
  duration_ms: 0.416291
  type: 'test'
  ...
# Subtest: rejects noncanonical scope path "/home/user/" atomically
ok 655 - rejects noncanonical scope path "/home/user/" atomically
  ---
  duration_ms: 0.366458
  type: 'test'
  ...
# Subtest: rejects noncanonical scope path "//server" atomically
ok 656 - rejects noncanonical scope path "//server" atomically
  ---
  duration_ms: 0.787667
  type: 'test'
  ...
# Subtest: rejects noncanonical scope path "/home/./user" atomically
ok 657 - rejects noncanonical scope path "/home/./user" atomically
  ---
  duration_ms: 0.233917
  type: 'test'
  ...
# Subtest: rejects noncanonical scope path "/home/\\u0000user" atomically
ok 658 - rejects noncanonical scope path "/home/\\u0000user" atomically
  ---
  duration_ms: 0.454417
  type: 'test'
  ...
# Subtest: legacy configuration remains readable but clear requires explicit migration
ok 659 - legacy configuration remains readable but clear requires explicit migration
  ---
  duration_ms: 0.559125
  type: 'test'
  ...
# Subtest: clear requires trusted scope even when forced; inspect omission requires selector capability
ok 660 - clear requires trusted scope even when forced; inspect omission requires selector capability
  ---
  duration_ms: 0.343291
  type: 'test'
  ...
# Subtest: confirmation is required unless forced and denial is atomic
ok 661 - confirmation is required unless forced and denial is atomic
  ---
  duration_ms: 0.720042
  type: 'test'
  ...
# Subtest: confirmation contains only selected immutable metadata and callback errors stay private
ok 662 - confirmation contains only selected immutable metadata and callback errors stay private
  ---
  duration_ms: 0.372167
  type: 'test'
  ...
# Subtest: pending confirmation binds scope, preserves concurrent unrelated writes and aborts promptly
ok 663 - pending confirmation binds scope, preserves concurrent unrelated writes and aborts promptly
  ---
  duration_ms: 0.82825
  type: 'test'
  ...
# Subtest: duplicate defaults and concurrent selected-plugin mutations fail atomically
ok 664 - duplicate defaults and concurrent selected-plugin mutations fail atomically
  ---
  duration_ms: 0.442333
  type: 'test'
  ...
# Subtest: --force never bypasses central authorization
ok 665 - --force never bypasses central authorization
  ---
  duration_ms: 1.725834
  type: 'test'
  ...
# Subtest: account-scoped clear preserves other-account plugin defaults
ok 666 - account-scoped clear preserves other-account plugin defaults
  ---
  duration_ms: 0.799792
  type: 'test'
  ...
# Subtest: plugin init hooks receive detached frozen scope without confirmation capability
ok 667 - plugin init hooks receive detached frozen scope without confirmation capability
  ---
  duration_ms: 0.289333
  type: 'test'
  ...
# Subtest: plugin run hooks receive detached frozen scope without confirmation capability
ok 668 - plugin run hooks receive detached frozen scope without confirmation capability
  ---
  duration_ms: 0.148625
  type: 'test'
  ...
# Subtest: plugin clear hooks receive detached frozen scope without confirmation capability
ok 669 - plugin clear hooks receive detached frozen scope without confirmation capability
  ---
  duration_ms: 0.130333
  type: 'test'
  ...
# Subtest: malformed persisted defaults fail atomically
ok 670 - malformed persisted defaults fail atomically
  ---
  duration_ms: 0.217042
  type: 'test'
  ...
# Subtest: malformed persisted defaults fail atomically
ok 671 - malformed persisted defaults fail atomically
  ---
  duration_ms: 0.173042
  type: 'test'
  ...
# Subtest: malformed persisted defaults fail atomically
ok 672 - malformed persisted defaults fail atomically
  ---
  duration_ms: 0.174541
  type: 'test'
  ...
# Subtest: malformed persisted defaults fail atomically
ok 673 - malformed persisted defaults fail atomically
  ---
  duration_ms: 0.3305
  type: 'test'
  ...
# Subtest: malformed persisted defaults fail atomically
ok 674 - malformed persisted defaults fail atomically
  ---
  duration_ms: 0.185667
  type: 'test'
  ...
# Subtest: omitted plugin inspection offers only frozen scoped identities and uses the exact selected ID
ok 675 - omitted plugin inspection offers only frozen scoped identities and uses the exact selected ID
  ---
  duration_ms: 11.452792
  type: 'test'
  ...
# Subtest: plugin binding preparation neither clones configuration nor reads it and execution does not prompt again
ok 676 - plugin binding preparation neither clones configuration nor reads it and execution does not prompt again
  ---
  duration_ms: 1.873667
  type: 'test'
  ...
# Subtest: explicit plugin operands bypass selection in direct and bound inspection
ok 677 - explicit plugin operands bypass selection in direct and bound inspection
  ---
  duration_ms: 1.183083
  type: 'test'
  ...
# Subtest: plugin selection never defaults and rejects cancelled, foreign, name-only or nonexact IDs
ok 678 - plugin selection never defaults and rejects cancelled, foreign, name-only or nonexact IDs
  ---
  duration_ms: 6.882834
  type: 'test'
  ...
# Subtest: pending plugin choice rejects cancellation without waiting for the host
ok 679 - pending plugin choice rejects cancellation without waiting for the host
  ---
  duration_ms: 0.335042
  type: 'test'
  ...
# Subtest: changes during plugin choice or after preparation invalidate the captured generation
ok 680 - changes during plugin choice or after preparation invalidate the captured generation
  ---
  duration_ms: 0.877
  type: 'test'
  ...
# Subtest: plugin selection sanitizes host errors and never enables other plugin commands or bound hooks
ok 681 - plugin selection sanitizes host errors and never enables other plugin commands or bound hooks
  ---
  duration_ms: 4.384417
  type: 'test'
  ...
# Subtest: renaming or replacing a selected plugin cannot retarget a prepared inspection
ok 682 - renaming or replacing a selected plugin cannot retarget a prepared inspection
  ---
  duration_ms: 1.30325
  type: 'test'
  ...
# Subtest: plugin choice does not refresh managed activity and rejects revocation or expiry while pending
ok 683 - plugin choice does not refresh managed activity and rejects revocation or expiry while pending
  ---
  duration_ms: 4.104709
  type: 'test'
  ...
# Subtest: an unconfigured backend still requires an explicit host selection capability
ok 684 - an unconfigured backend still requires an explicit host selection capability
  ---
  duration_ms: 0.88525
  type: 'test'
  ...
# Subtest: public resolved inspection chooses only after resolution permission and reads only after approval
ok 685 - public resolved inspection chooses only after resolution permission and reads only after approval
  ---
  duration_ms: 17.471125
  type: 'test'
  ...
# Subtest: public read writes exact attachment content bytes without text encoding or a file newline
ok 686 - public read writes exact attachment content bytes without text encoding or a file newline
  ---
  duration_ms: 60.625542
  type: 'test'
  ...
# Subtest: public read writes empty binary attachments as empty files
ok 687 - public read writes empty binary attachments as empty files
  ---
  duration_ms: 0.864666
  type: 'test'
  ...
# Subtest: public read sends binary stdout unchanged when no-newline is explicit
ok 688 - public read sends binary stdout unchanged when no-newline is explicit
  ---
  duration_ms: 0.510958
  type: 'test'
  ...
# Subtest: public read renders numeric attachment size as decimal text with text newline options
ok 689 - public read renders numeric attachment size as decimal text with text newline options
  ---
  duration_ms: 3.491083
  type: 'test'
  ...
# Subtest: public read writes numeric size without a file newline and still encodes text values
ok 690 - public read writes numeric size without a file newline and still encodes text values
  ---
  duration_ms: 1.377667
  type: 'test'
  ...
# Subtest: public read rejects arbitrary objects and invalid numeric metadata without coercion or disclosure
ok 691 - public read rejects arbitrary objects and invalid numeric metadata without coercion or disclosure
  ---
  duration_ms: 2.965375
  type: 'test'
  ...
# Subtest: inject and run explicitly reject binary and numeric backend values as non-text
ok 692 - inject and run explicitly reject binary and numeric backend values as non-text
  ---
  duration_ms: 1.52775
  type: 'test'
  ...
# Subtest: denied binary read blocks execution and files before or after permitted metadata resolution
ok 693 - denied binary read blocks execution and files before or after permitted metadata resolution
  ---
  duration_ms: 4.457916
  type: 'test'
  ...
# Subtest: binary read observes cancellation after resolution before writing
ok 694 - binary read observes cancellation after resolution before writing
  ---
  duration_ms: 0.649083
  type: 'test'
  ...
# Subtest: binary read awaits host output and propagates its failure without stdout fallback
ok 695 - binary read awaits host output and propagates its failure without stdout fallback
  ---
  duration_ms: 2.838
  type: 'test'
  ...
# Subtest: derives current raw-ID references including section and valueless fields, replacing stale references
ok 696 - derives current raw-ID references including section and valueless fields, replacing stale references
  ---
  duration_ms: 1.227583
  type: 'test'
  ...
# Subtest: derived output is deeply detached and accepts frozen input without altering metadata or bytes
ok 697 - derived output is deeply detached and accepts frozen input without altering metadata or bytes
  ---
  duration_ms: 0.478459
  type: 'test'
  ...
# Subtest: items without fields remain detached and do not acquire fabricated fields
ok 698 - items without fields remain detached and do not acquire fabricated fields
  ---
  duration_ms: 0.123875
  type: 'test'
  ...
# Subtest: supported ID segments round trip literally without URL normalization or encoding
ok 699 - supported ID segments round trip literally without URL normalization or encoding
  ---
  duration_ms: 0.156667
  type: 'test'
  ...
# Subtest: rejects invalid vault ID undefined without fabrication or plaintext error leaks
ok 700 - rejects invalid vault ID undefined without fabrication or plaintext error leaks
  ---
  duration_ms: 0.395583
  type: 'test'
  ...
# Subtest: rejects invalid vault ID null without fabrication or plaintext error leaks
ok 701 - rejects invalid vault ID null without fabrication or plaintext error leaks
  ---
  duration_ms: 0.101625
  type: 'test'
  ...
# Subtest: rejects invalid vault ID 42 without fabrication or plaintext error leaks
ok 702 - rejects invalid vault ID 42 without fabrication or plaintext error leaks
  ---
  duration_ms: 0.114166
  type: 'test'
  ...
# Subtest: rejects invalid vault ID "" without fabrication or plaintext error leaks
ok 703 - rejects invalid vault ID "" without fabrication or plaintext error leaks
  ---
  duration_ms: 0.057834
  type: 'test'
  ...
# Subtest: rejects invalid vault ID "synthetic/private" without fabrication or plaintext error leaks
ok 704 - rejects invalid vault ID "synthetic/private" without fabrication or plaintext error leaks
  ---
  duration_ms: 0.189416
  type: 'test'
  ...
# Subtest: rejects invalid vault ID "synthetic%2Fprivate" without fabrication or plaintext error leaks
ok 705 - rejects invalid vault ID "synthetic%2Fprivate" without fabrication or plaintext error leaks
  ---
  duration_ms: 0.503
  type: 'test'
  ...
# Subtest: rejects invalid vault ID "synthetic?attr=value" without fabrication or plaintext error leaks
ok 706 - rejects invalid vault ID "synthetic?attr=value" without fabrication or plaintext error leaks
  ---
  duration_ms: 0.180958
  type: 'test'
  ...
# Subtest: rejects invalid vault ID "synthetic\#private" without fabrication or plaintext error leaks
ok 707 - rejects invalid vault ID "synthetic\#private" without fabrication or plaintext error leaks
  ---
  duration_ms: 0.088208
  type: 'test'
  ...
# Subtest: rejects invalid vault ID "syntheticü" without fabrication or plaintext error leaks
ok 708 - rejects invalid vault ID "syntheticü" without fabrication or plaintext error leaks
  ---
  duration_ms: 0.152541
  type: 'test'
  ...
# Subtest: rejects invalid vault ID "synthetic\\u0000private" without fabrication or plaintext error leaks
ok 709 - rejects invalid vault ID "synthetic\\u0000private" without fabrication or plaintext error leaks
  ---
  duration_ms: 0.118458
  type: 'test'
  ...
# Subtest: rejects invalid item ID undefined without fabrication or plaintext error leaks
ok 710 - rejects invalid item ID undefined without fabrication or plaintext error leaks
  ---
  duration_ms: 0.072333
  type: 'test'
  ...
# Subtest: rejects invalid item ID null without fabrication or plaintext error leaks
ok 711 - rejects invalid item ID null without fabrication or plaintext error leaks
  ---
  duration_ms: 0.045
  type: 'test'
  ...
# Subtest: rejects invalid item ID 42 without fabrication or plaintext error leaks
ok 712 - rejects invalid item ID 42 without fabrication or plaintext error leaks
  ---
  duration_ms: 0.119
  type: 'test'
  ...
# Subtest: rejects invalid item ID "" without fabrication or plaintext error leaks
ok 713 - rejects invalid item ID "" without fabrication or plaintext error leaks
  ---
  duration_ms: 0.171917
  type: 'test'
  ...
# Subtest: rejects invalid item ID "synthetic/private" without fabrication or plaintext error leaks
ok 714 - rejects invalid item ID "synthetic/private" without fabrication or plaintext error leaks
  ---
  duration_ms: 0.079084
  type: 'test'
  ...
# Subtest: rejects invalid item ID "synthetic%2Fprivate" without fabrication or plaintext error leaks
ok 715 - rejects invalid item ID "synthetic%2Fprivate" without fabrication or plaintext error leaks
  ---
  duration_ms: 0.054209
  type: 'test'
  ...
# Subtest: rejects invalid item ID "synthetic?attr=value" without fabrication or plaintext error leaks
ok 716 - rejects invalid item ID "synthetic?attr=value" without fabrication or plaintext error leaks
  ---
  duration_ms: 0.046708
  type: 'test'
  ...
# Subtest: rejects invalid item ID "synthetic\#private" without fabrication or plaintext error leaks
ok 717 - rejects invalid item ID "synthetic\#private" without fabrication or plaintext error leaks
  ---
  duration_ms: 0.047083
  type: 'test'
  ...
# Subtest: rejects invalid item ID "syntheticü" without fabrication or plaintext error leaks
ok 718 - rejects invalid item ID "syntheticü" without fabrication or plaintext error leaks
  ---
  duration_ms: 0.044667
  type: 'test'
  ...
# Subtest: rejects invalid item ID "synthetic\\u0000private" without fabrication or plaintext error leaks
ok 719 - rejects invalid item ID "synthetic\\u0000private" without fabrication or plaintext error leaks
  ---
  duration_ms: 0.043375
  type: 'test'
  ...
# Subtest: rejects invalid section ID undefined without fabrication or plaintext error leaks
ok 720 - rejects invalid section ID undefined without fabrication or plaintext error leaks
  ---
  duration_ms: 0.054416
  type: 'test'
  ...
# Subtest: rejects invalid section ID null without fabrication or plaintext error leaks
ok 721 - rejects invalid section ID null without fabrication or plaintext error leaks
  ---
  duration_ms: 0.067167
  type: 'test'
  ...
# Subtest: rejects invalid section ID 42 without fabrication or plaintext error leaks
ok 722 - rejects invalid section ID 42 without fabrication or plaintext error leaks
  ---
  duration_ms: 0.055666
  type: 'test'
  ...
# Subtest: rejects invalid section ID "" without fabrication or plaintext error leaks
ok 723 - rejects invalid section ID "" without fabrication or plaintext error leaks
  ---
  duration_ms: 0.048542
  type: 'test'
  ...
# Subtest: rejects invalid section ID "synthetic/private" without fabrication or plaintext error leaks
ok 724 - rejects invalid section ID "synthetic/private" without fabrication or plaintext error leaks
  ---
  duration_ms: 0.1395
  type: 'test'
  ...
# Subtest: rejects invalid section ID "synthetic%2Fprivate" without fabrication or plaintext error leaks
ok 725 - rejects invalid section ID "synthetic%2Fprivate" without fabrication or plaintext error leaks
  ---
  duration_ms: 0.0835
  type: 'test'
  ...
# Subtest: rejects invalid section ID "synthetic?attr=value" without fabrication or plaintext error leaks
ok 726 - rejects invalid section ID "synthetic?attr=value" without fabrication or plaintext error leaks
  ---
  duration_ms: 0.271792
  type: 'test'
  ...
# Subtest: rejects invalid section ID "synthetic\#private" without fabrication or plaintext error leaks
ok 727 - rejects invalid section ID "synthetic\#private" without fabrication or plaintext error leaks
  ---
  duration_ms: 0.099459
  type: 'test'
  ...
# Subtest: rejects invalid section ID "syntheticü" without fabrication or plaintext error leaks
ok 728 - rejects invalid section ID "syntheticü" without fabrication or plaintext error leaks
  ---
  duration_ms: 0.060583
  type: 'test'
  ...
# Subtest: rejects invalid section ID "synthetic\\u0000private" without fabrication or plaintext error leaks
ok 729 - rejects invalid section ID "synthetic\\u0000private" without fabrication or plaintext error leaks
  ---
  duration_ms: 0.052833
  type: 'test'
  ...
# Subtest: rejects invalid field ID undefined without fabrication or plaintext error leaks
ok 730 - rejects invalid field ID undefined without fabrication or plaintext error leaks
  ---
  duration_ms: 0.050292
  type: 'test'
  ...
# Subtest: rejects invalid field ID null without fabrication or plaintext error leaks
ok 731 - rejects invalid field ID null without fabrication or plaintext error leaks
  ---
  duration_ms: 0.051541
  type: 'test'
  ...
# Subtest: rejects invalid field ID 42 without fabrication or plaintext error leaks
ok 732 - rejects invalid field ID 42 without fabrication or plaintext error leaks
  ---
  duration_ms: 0.060458
  type: 'test'
  ...
# Subtest: rejects invalid field ID "" without fabrication or plaintext error leaks
ok 733 - rejects invalid field ID "" without fabrication or plaintext error leaks
  ---
  duration_ms: 0.126084
  type: 'test'
  ...
# Subtest: rejects invalid field ID "synthetic/private" without fabrication or plaintext error leaks
ok 734 - rejects invalid field ID "synthetic/private" without fabrication or plaintext error leaks
  ---
  duration_ms: 0.24575
  type: 'test'
  ...
# Subtest: rejects invalid field ID "synthetic%2Fprivate" without fabrication or plaintext error leaks
ok 735 - rejects invalid field ID "synthetic%2Fprivate" without fabrication or plaintext error leaks
  ---
  duration_ms: 0.073791
  type: 'test'
  ...
# Subtest: rejects invalid field ID "synthetic?attr=value" without fabrication or plaintext error leaks
ok 736 - rejects invalid field ID "synthetic?attr=value" without fabrication or plaintext error leaks
  ---
  duration_ms: 0.065042
  type: 'test'
  ...
# Subtest: rejects invalid field ID "synthetic\#private" without fabrication or plaintext error leaks
ok 737 - rejects invalid field ID "synthetic\#private" without fabrication or plaintext error leaks
  ---
  duration_ms: 0.049042
  type: 'test'
  ...
# Subtest: rejects invalid field ID "syntheticü" without fabrication or plaintext error leaks
ok 738 - rejects invalid field ID "syntheticü" without fabrication or plaintext error leaks
  ---
  duration_ms: 0.049208
  type: 'test'
  ...
# Subtest: rejects invalid field ID "synthetic\\u0000private" without fabrication or plaintext error leaks
ok 739 - rejects invalid field ID "synthetic\\u0000private" without fabrication or plaintext error leaks
  ---
  duration_ms: 0.050083
  type: 'test'
  ...
# Subtest: parses official names, IDs, sections and metadata queries without URL normalization
ok 740 - parses official names, IDs, sections and metadata queries without URL normalization
  ---
  duration_ms: 0.194583
  type: 'test'
  ...
# Subtest: rejects malformed references and unsupported name characters
ok 741 - rejects malformed references and unsupported name characters
  ---
  duration_ms: 0.187375
  type: 'test'
  ...
# Subtest: resolver delegates exact reference and cancellation to a pluggable backend
ok 742 - resolver delegates exact reference and cancellation to a pluggable backend
  ---
  duration_ms: 0.149542
  type: 'test'
  ...
# Subtest: object reference reads are case insensitive, section aware and preserve file bytes
ok 743 - object reference reads are case insensitive, section aware and preserve file bytes
  ---
  duration_ms: 3.35525
  type: 'test'
  ...
# Subtest: independent resolved rejected-prepare errors do not disclose adapter secrets before approval
ok 744 - independent resolved rejected-prepare errors do not disclose adapter secrets before approval
  ---
  duration_ms: 2.575542
  type: 'test'
  ...
# Subtest: independent resolved synchronous-prepare errors do not disclose adapter secrets before approval
ok 745 - independent resolved synchronous-prepare errors do not disclose adapter secrets before approval
  ---
  duration_ms: 0.597708
  type: 'test'
  ...
# Subtest: independent resolved malformed-metadata errors do not disclose adapter secrets before approval
ok 746 - independent resolved malformed-metadata errors do not disclose adapter secrets before approval
  ---
  duration_ms: 2.15
  type: 'test'
  ...
# Subtest: independent synchronous binding handoff validates exact context before later invalidation
ok 747 - independent synchronous binding handoff validates exact context before later invalidation
  ---
  duration_ms: 2.861458
  type: 'test'
  ...
# Subtest: independent synchronous binding handoff validates omitted-authentication context before later invalidation
ok 748 - independent synchronous binding handoff validates omitted-authentication context before later invalidation
  ---
  duration_ms: 0.885375
  type: 'test'
  ...
# Subtest: independent resolved read: preparation has no execution effects; approved execution uses captured sources
ok 749 - independent resolved read: preparation has no execution effects; approved execution uses captured sources
  ---
  duration_ms: 14.29525
  type: 'test'
  ...
# Subtest: independent resolved inject: preparation has no execution effects; approved execution uses captured sources
ok 750 - independent resolved inject: preparation has no execution effects; approved execution uses captured sources
  ---
  duration_ms: 2.605417
  type: 'test'
  ...
# Subtest: independent resolved run: preparation has no execution effects; approved execution uses captured sources
ok 751 - independent resolved run: preparation has no execution effects; approved execution uses captured sources
  ---
  duration_ms: 2.686125
  type: 'test'
  ...
# Subtest: independent resolved item: preparation has no execution effects; approved execution uses captured sources
ok 752 - independent resolved item: preparation has no execution effects; approved execution uses captured sources
  ---
  duration_ms: 7.759584
  type: 'test'
  ...
# Subtest: independent resolved document: preparation has no execution effects; approved execution uses captured sources
ok 753 - independent resolved document: preparation has no execution effects; approved execution uses captured sources
  ---
  duration_ms: 1.787834
  type: 'test'
  ...
# Subtest: independent resolved snapshot-create: preparation has no execution effects; approved execution uses captured sources
ok 754 - independent resolved snapshot-create: preparation has no execution effects; approved execution uses captured sources
  ---
  duration_ms: 1.754375
  type: 'test'
  ...
# Subtest: independent resolved snapshot-restore: preparation has no execution effects; approved execution uses captured sources
ok 755 - independent resolved snapshot-restore: preparation has no execution effects; approved execution uses captured sources
  ---
  duration_ms: 1.621083
  type: 'test'
  ...
# Subtest: independent resolved initial denial never fetches secrets or writes output
ok 756 - independent resolved initial denial never fetches secrets or writes output
  ---
  duration_ms: 1.121833
  type: 'test'
  ...
# Subtest: independent resolved resolution denial never fetches secrets or writes output
ok 757 - independent resolved resolution denial never fetches secrets or writes output
  ---
  duration_ms: 0.801834
  type: 'test'
  ...
# Subtest: independent resolved final denial never fetches secrets or writes output
ok 758 - independent resolved final denial never fetches secrets or writes output
  ---
  duration_ms: 1.191458
  type: 'test'
  ...
# Subtest: independent resolved execution rejects a changed field after approval metadata preparation
ok 759 - independent resolved execution rejects a changed field after approval metadata preparation
  ---
  duration_ms: 2.87175
  type: 'test'
  ...
# Subtest: independent execute-only backends fail resolved ask before input or fallback execution
ok 760 - independent execute-only backends fail resolved ask before input or fallback execution
  ---
  duration_ms: 0.561625
  type: 'test'
  ...
# Subtest: independent nested inject reads never release mixed-version output
ok 761 - independent nested inject reads never release mixed-version output
  ---
  duration_ms: 1.790542
  type: 'test'
  ...
# Subtest: independent managed session revocation during approval blocks secret execution
ok 762 - independent managed session revocation during approval blocks secret execution
  ---
  duration_ms: 9.878125
  type: 'test'
  ...
# Subtest: independent initial denial precedes implicit and explicit stdin acquisition
ok 763 - independent initial denial precedes implicit and explicit stdin acquisition
  ---
  duration_ms: 1.05325
  type: 'test'
  ...
# Subtest: invalid roles fail before authorization, input and backend on every occurrence
ok 764 - invalid roles fail before authorization, input and backend on every occurrence
  ---
  duration_ms: 3.87025
  type: 'test'
  ...
# Subtest: role completion rejects invalid consumed values without suggesting flags
ok 765 - role completion rejects invalid consumed values without suggesting flags
  ---
  duration_ms: 2.026459
  type: 'test'
  ...
# Subtest: roles accept native case variants and remain optional
ok 766 - roles accept native case variants and remain optional
  ---
  duration_ms: 9.827542
  type: 'test'
  ...
# Subtest: secret handlers
    # Subtest: owns Buffer bytes before a queued masking write starts
    ok 1 - owns Buffer bytes before a queued masking write starts
      ---
      duration_ms: 1.007667
      type: 'test'
      ...
    # Subtest: exposes the shared masking sink for captured environment values
    ok 2 - exposes the shared masking sink for captured environment values
      ---
      duration_ms: 0.388166
      type: 'test'
      ...
    # Subtest: awaits shared masking flush and preserves cancellation
    ok 3 - awaits shared masking flush and preserves cancellation
      ---
      duration_ms: 0.3895
      type: 'test'
      ...
    # Subtest: preserves ordinary shell environment text while expanding variables in secret references
    ok 4 - preserves ordinary shell environment text while expanding variables in secret references
      ---
      duration_ms: 1.091917
      type: 'test'
      ...
    # Subtest: does not expand single-quoted or escaped dotenv references a second time
    ok 5 - does not expand single-quoted or escaped dotenv references a second time
      ---
      duration_ms: 1.084541
      type: 'test'
      ...
    # Subtest: environment sources override unresolved lower-precedence references
    ok 6 - environment sources override unresolved lower-precedence references
      ---
      duration_ms: 0.616333
      type: 'test'
      ...
    # Subtest: cancels a blocked stdin iterator without waiting for input
    ok 7 - cancels a blocked stdin iterator without waiting for input
      ---
      duration_ms: 0.397
      type: 'test'
      ...
    # Subtest: masks longest overlapping secrets and flushes partial non-secret tails
    ok 8 - masks longest overlapping secrets and flushes partial non-secret tails
      ---
      duration_ms: 0.453292
      type: 'test'
      ...
    # Subtest: rejects malformed dotenv input before invoking a child
    ok 9 - rejects malformed dotenv input before invoking a child
      ---
      duration_ms: 1.007959
      type: 'test'
      ...
    # Subtest: reads text with a newline and forwards global flags and cancellation
    ok 10 - reads text with a newline and forwards global flags and cancellation
      ---
      duration_ms: 0.619667
      type: 'test'
      ...
    # Subtest: supports no-newline and preserves reference query parameters
    ok 11 - supports no-newline and preserves reference query parameters
      ---
      duration_ms: 0.135083
      type: 'test'
      ...
    # Subtest: writes raw file content and awaits the writer
    ok 12 - writes raw file content and awaits the writer
      ---
      duration_ms: 0.167333
      type: 'test'
      ...
    # Subtest: refuses to overwrite an existing file without force
    ok 13 - refuses to overwrite an existing file without force
      ---
      duration_ms: 0.168209
      type: 'test'
      ...
    # Subtest: passes default and explicit octal modes and force to the host for read and inject
    ok 14 - passes default and explicit octal modes and force to the host for read and inject
      ---
      duration_ms: 3.074
      type: 'test'
      ...
    # Subtest: rejects malformed file modes before resolving or writing secrets
    ok 15 - rejects malformed file modes before resolving or writing secrets
      ---
      duration_ms: 0.55175
      type: 'test'
      ...
    # Subtest: ignores file modes without an output file
    ok 16 - ignores file modes without an output file
      ---
      duration_ms: 0.2625
      type: 'test'
      ...
    # Subtest: does not emit partial secrets when a later template reference fails
    ok 17 - does not emit partial secrets when a later template reference fails
      ---
      duration_ms: 0.515291
      type: 'test'
      ...
    # Subtest: propagates file write failures without falling back to stdout
    ok 18 - propagates file write failures without falling back to stdout
      ---
      duration_ms: 0.54275
      type: 'test'
      ...
    # Subtest: validates read arity
    ok 19 - validates read arity
      ---
      duration_ms: 0.187917
      type: 'test'
      ...
    # Subtest: rejects non-text backend values
    ok 20 - rejects non-text backend values
      ---
      duration_ms: 0.138125
      type: 'test'
      ...
    # Subtest: injects enclosed and bare references, defaults and case-insensitive variables
    ok 21 - injects enclosed and bare references, defaults and case-insensitive variables
      ---
      duration_ms: 0.315375
      type: 'test'
      ...
    # Subtest: preserves escaped template literals and ignores embedded URI schemes
    ok 22 - preserves escaped template literals and ignores embedded URI schemes
      ---
      duration_ms: 0.14525
      type: 'test'
      ...
    # Subtest: reads a UTF-8 template file and writes the exact rendered content
    ok 23 - reads a UTF-8 template file and writes the exact rendered content
      ---
      duration_ms: 0.401958
      type: 'test'
      ...
    # Subtest: fails on malformed templates before writing
    ok 24 - fails on malformed templates before writing
      ---
      duration_ms: 0.23425
      type: 'test'
      ...
    # Subtest: parses dotenv quoting, multiline, escapes, comments, interpolation and precedence
    ok 25 - parses dotenv quoting, multiline, escapes, comments, interpolation and precedence
      ---
      duration_ms: 0.383792
      type: 'test'
      ...
    # Subtest: masks UTF-8 secrets across chunks on both streams and preserves exit status
    ok 26 - masks UTF-8 secrets across chunks on both streams and preserves exit status
      ---
      duration_ms: 0.954416
      type: 'test'
      ...
    # Subtest: honors no-masking and passes literal child arguments
    ok 27 - honors no-masking and passes literal child arguments
      ---
      duration_ms: 0.228625
      type: 'test'
      ...
    # Subtest: does not invoke a child when resolution fails
    ok 28 - does not invoke a child when resolution fails
      ---
      duration_ms: 0.158667
      type: 'test'
      ...
    # Subtest: preserves abort reasons before and after backend calls
    ok 29 - preserves abort reasons before and after backend calls
      ---
      duration_ms: 0.137875
      type: 'test'
      ...
    # Subtest: propagates sink failures
    ok 30 - propagates sink failures
      ---
      duration_ms: 0.176292
      type: 'test'
      ...
    # Subtest: requires host capabilities and a child command
    ok 31 - requires host capabilities and a child command
      ---
      duration_ms: 0.137417
      type: 'test'
      ...
    1..31
ok 767 - secret handlers
  ---
  duration_ms: 17.624791
  type: 'suite'
  ...
# Subtest: batch selectors accept plain lines and parsed JSON objects or arrays
ok 768 - batch selectors accept plain lines and parsed JSON objects or arrays
  ---
  duration_ms: 0.801959
  type: 'test'
  ...
# Subtest: batch JSON streams ignore line breaks but respect strings and nested metadata
ok 769 - batch JSON streams ignore line breaks but respect strings and nested metadata
  ---
  duration_ms: 0.215459
  type: 'test'
  ...
# Subtest: invalid batch input fails without returning partial selectors or exposing its contents
ok 770 - invalid batch input fails without returning partial selectors or exposing its contents
  ---
  duration_ms: 0.397708
  type: 'test'
  ...
# Subtest: batch parsing does not invoke selector accessors or mutate its input
ok 771 - batch parsing does not invoke selector accessors or mutate its input
  ---
  duration_ms: 0.123083
  type: 'test'
  ...
# Subtest: roundtrips binary leaves and user objects without interpreting their tags
ok 772 - roundtrips binary leaves and user objects without interpreting their tags
  ---
  duration_ms: 1.263125
  type: 'test'
  ...
# Subtest: plain JSON seeds remain compatible and tag-shaped data stays ordinary
ok 773 - plain JSON seeds remain compatible and tag-shaped data stays ordinary
  ---
  duration_ms: 0.136208
  type: 'test'
  ...
# Subtest: rejects malformed envelopes and byte data instead of silently decoding
ok 774 - rejects malformed envelopes and byte data instead of silently decoding
  ---
  duration_ms: 0.197375
  type: 'test'
  ...
# Subtest: refuses unsupported state and cycles without emitting a corrupt snapshot
ok 775 - refuses unsupported state and cycles without emitting a corrupt snapshot
  ---
  duration_ms: 0.273208
  type: 'test'
  ...
# Subtest: preserves envelope-shaped metadata, undefined, negative zero and null prototypes
ok 776 - preserves envelope-shaped metadata, undefined, negative zero and null prototypes
  ---
  duration_ms: 0.103375
  type: 'test'
  ...
# Subtest: rejects extended and accessor arrays rather than dropping their properties
ok 777 - rejects extended and accessor arrays rather than dropping their properties
  ---
  duration_ms: 0.433292
  type: 'test'
  ...
# Subtest: Ed25519 generation returns SSH fields, verifiable keys, and SHA256 fingerprint
ok 778 - Ed25519 generation returns SSH fields, verifiable keys, and SHA256 fingerprint
  ---
  duration_ms: 4.506708
  type: 'test'
  ...
# Subtest: RSA generation selects each supported size without slow key generation
ok 779 - RSA generation selects each supported size without slow key generation
  ---
  duration_ms: 2.459292
  type: 'test'
  ...
# Subtest: RSA transforms preserve key material across PKCS1, PKCS8, and OpenSSH
ok 780 - RSA transforms preserve key material across PKCS1, PKCS8, and OpenSSH
  ---
  duration_ms: 1.577167
  type: 'test'
  ...
# Subtest: Ed25519 PKCS8 inputs roundtrip through OpenSSH and reject RSA-only PKCS1
ok 781 - Ed25519 PKCS8 inputs roundtrip through OpenSSH and reject RSA-only PKCS1
  ---
  duration_ms: 0.557208
  type: 'test'
  ...
# Subtest: invalid selectors, unsupported keys, and crypto failures do not leak key material
ok 782 - invalid selectors, unsupported keys, and crypto failures do not leak key material
  ---
  duration_ms: 0.728
  type: 'test'
  ...
# Subtest: OpenSSH decoding rejects corrupt framing, checkints, public keys, and padding
ok 783 - OpenSSH decoding rejects corrupt framing, checkints, public keys, and padding
  ---
  duration_ms: 0.682917
  type: 'test'
  ...
# Subtest: user suspend validates --deauthorize-devices-after before authorization or acquisition
ok 784 - user suspend validates --deauthorize-devices-after before authorization or acquisition
  ---
  duration_ms: 4.250667
  type: 'test'
  ...
# Subtest: user suspend completion rejects consumed invalid --deauthorize-devices-after values
ok 785 - user suspend completion rejects consumed invalid --deauthorize-devices-after values
  ---
  duration_ms: 1.760334
  type: 'test'
  ...
# Subtest: user suspend preserves accepted --deauthorize-devices-after labels and omission
ok 786 - user suspend preserves accepted --deauthorize-devices-after labels and omission
  ---
  duration_ms: 2.923084
  type: 'test'
  ...
# Subtest: user edit validates --travel-mode before authorization or acquisition
ok 787 - user edit validates --travel-mode before authorization or acquisition
  ---
  duration_ms: 1.168458
  type: 'test'
  ...
# Subtest: user edit completion rejects consumed invalid --travel-mode values
ok 788 - user edit completion rejects consumed invalid --travel-mode values
  ---
  duration_ms: 0.752125
  type: 'test'
  ...
# Subtest: user edit preserves accepted --travel-mode labels and omission
ok 789 - user edit preserves accepted --travel-mode labels and omission
  ---
  duration_ms: 0.797458
  type: 'test'
  ...
# Subtest: vault edit validates --travel-mode before authorization or acquisition
ok 790 - vault edit validates --travel-mode before authorization or acquisition
  ---
  duration_ms: 1.460333
  type: 'test'
  ...
# Subtest: vault edit completion rejects consumed invalid --travel-mode values
ok 791 - vault edit completion rejects consumed invalid --travel-mode values
  ---
  duration_ms: 0.682666
  type: 'test'
  ...
# Subtest: vault edit preserves accepted --travel-mode labels and omission
ok 792 - vault edit preserves accepted --travel-mode labels and omission
  ---
  duration_ms: 1.020542
  type: 'test'
  ...
# Subtest: vault create validates --allow-admins-to-manage before authorization or acquisition
ok 793 - vault create validates --allow-admins-to-manage before authorization or acquisition
  ---
  duration_ms: 1.087292
  type: 'test'
  ...
# Subtest: vault create completion rejects consumed invalid --allow-admins-to-manage values
ok 794 - vault create completion rejects consumed invalid --allow-admins-to-manage values
  ---
  duration_ms: 0.73575
  type: 'test'
  ...
# Subtest: vault create preserves accepted --allow-admins-to-manage labels and omission
ok 795 - vault create preserves accepted --allow-admins-to-manage labels and omission
  ---
  duration_ms: 1.702583
  type: 'test'
  ...
# Subtest: item create validates --ssh-generate-key before authorization or acquisition
ok 796 - item create validates --ssh-generate-key before authorization or acquisition
  ---
  duration_ms: 1.546458
  type: 'test'
  ...
# Subtest: item create completion rejects consumed invalid --ssh-generate-key values
ok 797 - item create completion rejects consumed invalid --ssh-generate-key values
  ---
  duration_ms: 0.845667
  type: 'test'
  ...
# Subtest: item create preserves accepted --ssh-generate-key labels and omission
ok 798 - item create preserves accepted --ssh-generate-key labels and omission
  ---
  duration_ms: 3.409667
  type: 'test'
  ...
# Subtest: read validates --file-mode before authorization or acquisition
ok 799 - read validates --file-mode before authorization or acquisition
  ---
  duration_ms: 1.6105
  type: 'test'
  ...
# Subtest: read completion rejects consumed invalid --file-mode values
ok 800 - read completion rejects consumed invalid --file-mode values
  ---
  duration_ms: 0.610291
  type: 'test'
  ...
# Subtest: read preserves accepted --file-mode labels and omission
ok 801 - read preserves accepted --file-mode labels and omission
  ---
  duration_ms: 0.917875
  type: 'test'
  ...
# Subtest: inject validates --file-mode before authorization or acquisition
ok 802 - inject validates --file-mode before authorization or acquisition
  ---
  duration_ms: 2.053958
  type: 'test'
  ...
# Subtest: inject completion rejects consumed invalid --file-mode values
ok 803 - inject completion rejects consumed invalid --file-mode values
  ---
  duration_ms: 0.645917
  type: 'test'
  ...
# Subtest: inject preserves accepted --file-mode labels and omission
ok 804 - inject preserves accepted --file-mode labels and omission
  ---
  duration_ms: 1.033375
  type: 'test'
  ...
# Subtest: document get validates --file-mode before authorization or acquisition
ok 805 - document get validates --file-mode before authorization or acquisition
  ---
  duration_ms: 1.895125
  type: 'test'
  ...
# Subtest: document get completion rejects consumed invalid --file-mode values
ok 806 - document get completion rejects consumed invalid --file-mode values
  ---
  duration_ms: 0.937667
  type: 'test'
  ...
# Subtest: document get preserves accepted --file-mode labels and omission
ok 807 - document get preserves accepted --file-mode labels and omission
  ---
  duration_ms: 0.916
  type: 'test'
  ...
# Subtest: item template get validates --file-mode before authorization or acquisition
ok 808 - item template get validates --file-mode before authorization or acquisition
  ---
  duration_ms: 1.66175
  type: 'test'
  ...
# Subtest: item template get completion rejects consumed invalid --file-mode values
ok 809 - item template get completion rejects consumed invalid --file-mode values
  ---
  duration_ms: 1.25675
  type: 'test'
  ...
# Subtest: item template get preserves accepted --file-mode labels and omission
ok 810 - item template get preserves accepted --file-mode labels and omission
  ---
  duration_ms: 1.130292
  type: 'test'
  ...
# Subtest: file mode helper accepts native octal uint32 range and minimum width
ok 811 - file mode helper accepts native octal uint32 range and minimum width
  ---
  duration_ms: 0.184375
  type: 'test'
  ...
# Subtest: public read forwards parsed file modes to its host without changing backend flags
ok 812 - public read forwards parsed file modes to its host without changing backend flags
  ---
  duration_ms: 1.413625
  type: 'test'
  ...
# Subtest: Login matches the official published JSON schema
ok 813 - Login matches the official published JSON schema
  ---
  duration_ms: 0.9
  type: 'test'
  ...
# Subtest: supplied schemas resolve names, IDs and categories with independent results
ok 814 - supplied schemas resolve names, IDs and categories with independent results
  ---
  duration_ms: 0.188
  type: 'test'
  ...
# Subtest: password recipes reject invalid classes and lengths before authorization
ok 815 - password recipes reject invalid classes and lengths before authorization
  ---
  duration_ms: 5.208709
  type: 'test'
  ...
# Subtest: password recipe labels remain raw and bare generation retains its default marker
ok 816 - password recipe labels remain raw and bare generation retains its default marker
  ---
  duration_ms: 2.477875
  type: 'test'
  ...
# Subtest: CSV flags reject malformed quoting before authorization and completion
ok 817 - CSV flags reject malformed quoting before authorization and completion
  ---
  duration_ms: 0.6055
  type: 'test'
  ...
# Subtest: CSV flags decode one record with quoted commas, escaped quotes and normalized line endings
ok 818 - CSV flags decode one record with quoted commas, escaped quotes and normalized line endings
  ---
  duration_ms: 1.120042
  type: 'test'
  ...
# Subtest: native string-slice flags stay repeatable completion candidates
ok 819 - native string-slice flags stay repeatable completion candidates
  ---
  duration_ms: 1.295375
  type: 'test'
  ...
# Subtest: invalid vault icon and travel mode values fail without changing state
ok 820 - invalid vault icon and travel mode values fail without changing state
  ---
  duration_ms: 3.247916
  type: 'test'
  ...
# Subtest: documented vault options persist on create and edit
ok 821 - documented vault options persist on create and edit
  ---
  duration_ms: 0.960333
  type: 'test'
  ...
1..821
# tests 851
# suites 1
# pass 851
# fail 0
# cancelled 0
# skipped 0
# todo 0
# duration_ms 6317.214208

> terminal-pilot@0.0.1 pretest:unit
> npm run build


> terminal-pilot@0.0.1 build
> rm -rf dist && tsc --emitDeclarationOnly && node scripts/build.mjs

 ❯ src/runtime/runtime-program.test.ts (317 tests | 2 failed) 218ms
     × releases all join exports when the last acquisition cancels execution 8ms
     × cleans up byte maketrans leases after cancel failure 1ms
✘ [ERROR] Could not resolve "poe-code/safe-fs"

    packages/safe-bash/src/integrations/safejs/filesystem.ts:3:35:
      3 │ export { createNodeFsBridge } from "poe-code/safe-fs";
        ╵                                    ~~~~~~~~~~~~~~~~~~

  The module "./packages/safe-js/dist/browser/safe-fs.js" was not found on the file system:

    node_modules/poe-code/package.json:271:17:
      271 │       "browser": "./packages/safe-js/dist/browser/safe-fs.js",
          ╵                  ~~~~~~~~~~~~~~~~~~~~~~~~~~~~~~~~~~~~~~~~~~~~

  You can mark the path "poe-code/safe-fs" as external to exclude it from the bundle, which will remove this error and leave the unresolved path in the bundle.

 ❯ scripts/bundle-safe-bash.test.ts (33 tests | 33 skipped) 326ms
   ↓ publishes the op entry and live compression chunks in one browser output graph
   ↓ exposes the complete default shell under browser conditions without Node builtins
   ↓ shares the public xml command factory across portable root and subpath entries
   ↓ shares the public yq command factory across portable root and subpath entries
   ↓ shares the public network command factory across portable root and subpath entries
   ↓ shares the public llm command factory across portable root and subpath entries
   ↓ shares the public llm command factory across portable root and subpath entries
   ↓ shares the public llm command factory across portable root and subpath entries
   ↓ shares the public llm command factory across portable root and subpath entries
   ↓ shares the public csplit command factory across portable root and subpath entries
   ↓ shares the public pr command factory across portable root and subpath entries
   ↓ shares the public tsort command factory across portable root and subpath entries
   ↓ shares the public factor command factory across portable root and subpath entries
   ↓ shares the public getopt command factory across portable root and subpath entries
   ↓ shares the public hexdump command factory across portable root and subpath entries
   ↓ shares the public iconv command factory across portable root and subpath entries
   ↓ shares the public line-endings command factory across portable root and subpath entries
   ↓ shares the public line-endings command factory across portable root and subpath entries
   ↓ shares the public line-endings command factory across portable root and subpath entries
   ↓ shares the public line-endings command factory across portable root and subpath entries
   ↓ runs injected llm providers and binary pipelines through the browser command subpath
   ↓ runs both reference llm transports without Node globals in a browser consumer
   ↓ runs nested env/xargs, truncate, csplit, pr, tsort, factor, getopt, hexdump and hd through the public default browser entry
   ↓ bundles the opt-in op plugin with browser crypto and no Node implementation
   ↓ builds the portable shell without Node workers, adapters, or duplicate filesystem identity
   ↓ bundles the complete portable preset with one owned-argument identity
   ↓ executes the maintained browser fixture with all top-level workflows in a Node VM
   ↓ runs filesystem pipelines with canonical identity and injected mounts
   ↓ rejects duplicate portable registration unless replacement is explicit
   ↓ enforces command and output budgets in the portable runtime
   ↓ enforces structural parse admission in the portable runtime
   ↓ cancels active custom commands and disposes the shell
   ↓ portable network factories require transport injection and preserve HTTP header validation
FAIL scripts/bundle-safe-bash.test.ts
Error: Build failed with 1 error:
packages/safe-bash/src/integrations/safejs/filesystem.ts:3:35: ERROR: Could not resolve "poe-code/safe-fs"
 ❯ failureErrorWithLog node_modules/esbuild/lib/main.js:1748:15
 ❯ node_modules/esbuild/lib/main.js:1207:25
 ❯ runOnEndCallbacks node_modules/esbuild/lib/main.js:1588:45
 ❯ buildResponseToResult node_modules/esbuild/lib/main.js:1205:7
 ❯ node_modules/esbuild/lib/main.js:1232:16
 ❯ responseCallbacks.<computed> node_modules/esbuild/lib/main.js:884:9
 ❯ handleIncomingPacket node_modules/esbuild/lib/main.js:939:12
 ❯ Socket.readFromStdout node_modules/esbuild/lib/main.js:862:7

⎯⎯⎯⎯⎯⎯⎯⎯⎯⎯⎯⎯⎯⎯⎯⎯⎯⎯⎯⎯⎯⎯⎯⎯⎯⎯⎯⎯⎯⎯
Serialized Error: { errors: [ { detail: undefined, id: '', location: { column: 35, file: 'packages/safe-bash/src/integrations/safejs/filesystem.ts', length: 18, line: 3, lineText: 'export { createNodeFsBridge } from "poe-code/safe-fs";', namespace: '', suggestion: '' }, notes: [ { location: { column: 17, file: 'node_modules/poe-code/package.json', length: 44, line: 271, lineText: '      "browser": "./packages/safe-js/dist/browser/safe-fs.js",', namespace: '', suggestion: '' }, text: 'The module "./packages/safe-js/dist/browser/safe-fs.js" was not found on the file system:' }, { location: null, text: 'You can mark the path "poe-code/safe-fs" as external to exclude it from the bundle, which will remove this error and leave the unresolved path in the bundle.' } ], pluginName: '', text: 'Could not resolve "poe-code/safe-fs"' } ], warnings: [] }
{"numberFormatLocales":766,"sourceBytes":5153552,"pluralLocales":224}
 ❯ src/runtime/runtime-core-codec-functions.test.ts (41 tests | 3 failed) 691ms
   × retains ascii encoding source identity, cached errors, index side effects and rejected replacement fields 75ms
   × retains latin_1 encoding source identity, cached errors, index side effects and rejected replacement fields 31ms
   × retains utf_8 encoding source identity, cached errors, index side effects and rejected replacement fields 41ms

> @poe-code/safe-js@0.0.1 typecheck:fs
> node scripts/fs-type-contract.mjs


> terminal-pilot@0.0.1 test:unit
> cd ../.. && vitest run packages/terminal-pilot/src/ --pool=forks


 RUN  v4.1.11 /private/tmp/poe-resource-delivery

{"resolution":"NodeNext","environment":"Node-only","contracts":25,"ok":true}
 ✓ packages/terminal-pilot/src/terminal-pilot-core.test.ts (177 tests) 1177ms
 ✓ packages/terminal-pilot/src/terminal-session.test.ts (28 tests) 162ms
 ✓ packages/terminal-pilot/src/commands/commands.test.ts (28 tests) 606ms
     ✓ captures a session screen as a non-empty PNG  578ms
 ✓ packages/terminal-pilot/src/cli.test.ts (10 tests) 506ms
     ✓ configures the terminal-pilot brand on import  373ms
 ✓ packages/terminal-pilot/src/terminal-buffer-graphemes.test.ts (35 tests) 17ms
 ✓ packages/terminal-pilot/src/commands/daemon-runtime.test.ts (2 tests) 4ms
 ✓ packages/terminal-pilot/src/commands/screenshot.test.ts (1 test) 5ms
 ✓ packages/terminal-pilot/src/testing/testing.test.ts (7 tests) 1011ms
     ✓ preserves terminal sessions across separate CLI processes  685ms

 Test Files  8 passed (8)
      Tests  288 passed (288)
   Start at  17:26:43
   Duration  4.42s (transform 2.07s, setup 237ms, import 3.51s, tests 3.49s, environment 1ms)

 ❯ src/session-charmap-codec-api.test.ts (19 tests | 4 failed) 1274ms
   × preserves 'encode' 'mapping' failure identity 47ms
   × preserves 'encode' 'handler' failure identity 56ms
   × preserves 'decode' 'mapping' failure identity 20ms
   × preserves 'decode' 'handler' failure identity 54ms
{"resolution":"NodeNext","environment":"DOM","contracts":25,"ok":true}
 ❯ src/session-codec-module.test.ts (10 tests | 1 failed) 470ms
   × shares imported registrations with native text methods and constructors 57ms
 ❯ src/session-utf7-codec-api.test.ts (18 tests | 1 failed) 726ms
   × preserves decoder guest failures, traceback and native-call note behavior 21ms
{"resolution":"Bundler","environment":"Node-only","contracts":25,"ok":true}
 ❯ src/session-bytes-iterator.test.ts (77 tests | 1 failed) 1328ms
   × matches bytes iterator oracle: 'builtin lookup failures retain guest …' 22ms
{"resolution":"Bundler","environment":"DOM","contracts":25,"ok":true}

> @poe-code/safe-js@0.0.1 test:unit
> cd ../.. && vitest run packages/safe-js/src packages/safe-js/test


 RUN  v4.1.11 /private/tmp/poe-resource-delivery

(node:16687) Warning: The 'NO_COLOR' env is ignored due to the 'FORCE_COLOR' env being set.
(Use `node --trace-warnings ...` to show where the warning was created)
 ✓ packages/safe-js/src/modules/fs.test.ts (556 tests) 1329ms
 ✓ packages/safe-js/src/parse/parser.test.ts (90 tests) 133ms
 ✓ packages/safe-js/src/interp/interpreter.test.ts (477 tests) 3159ms
     ✓ spreads large arrays into push without leaking the host argument limit  718ms
     ✓ caps million-element for...of iteration through the step budget  1824ms
 ✓ packages/safe-js/src/snapshot/restore.test.ts (82 tests) 1300ms
     ✓ restores thousands of parent scopes without using the host call stack  1010ms
 ✓ packages/safe-js/src/modules/fs.adapters.test.ts (97 tests) 1252ms
     ✓ requires reconciliation for a pending write instead of repeating its effect  445ms
 ✓ packages/safe-js/src/run.test.ts (66 tests) 4093ms
     ✓ rejects unbounded recursion with the default call-depth guard  481ms
 ✓ packages/safe-js/src/modules/agent.test.ts (45 tests) 46ms
 ❯ src/session-custom-encoder.test.ts (9 tests | 2 failed) 548ms
   × preserves guest failure identity, notes and traceback: source.encode('EDGE-CUSTOM') 27ms
   × preserves guest failure identity, notes and traceback: bytes(source, 'EDGE-CUSTOM') 90ms
 ✓ packages/safe-js/src/run.replay.stress.test.ts (65 tests) 16368ms
       ✓ replays 16 sequential async callback invocations  502ms
       ✓ replays 16 sequential async callback invocations  452ms
     ✓ preserves callback state across two successive checkpoint restores  413ms
       ✓ matches uninterrupted execution after wait 2  311ms
     ✓ preserves the sequence across a loop checkpoint followed by a top-level checkpoint  401ms
     ✓ does not repeat completed host effects (async: false)  547ms
     ✓ matches native JavaScript and replay for random draws in reactions  321ms
     ✓ matches native random reaction ordering across 8 rounds  481ms
     ✓ matches native random reaction ordering across 32 rounds  1495ms
 ❯ src/session-codec-frozen-execution.test.ts (25 tests | 1 failed) 1285ms
   × frozen execution: 'late frozen import failure retains es…' 53ms
 ✓ packages/safe-js/src/run.snapshot.test.ts (31 tests) 5125ms
     ✓ preserves 'shared sibling captures' when restoring an await checkpoint  344ms
     ✓ preserves 'per-iteration bindings' when restoring an await checkpoint  323ms
 ❯ src/session-codec-callback-service.test.ts (66 tests | 18 failed) 4920ms
   × 'utf-8' unwinds service failure at callback 250 and repeats after reset 163ms
   × 'utf-8-sig' unwinds service failure at callback 250 and repeats after reset 105ms
   × 'utf-16-le' unwinds service failure at callback 250 and repeats after reset 119ms
   × 'utf-16-be' unwinds service failure at callback 250 and repeats after reset 140ms
   × 'utf-32-le' unwinds service failure at callback 250 and repeats after reset 109ms
   × 'utf-32-be' unwinds service failure at callback 250 and repeats after reset 95ms
   × 'utf-8' cancels at callback 250 (service throws: false) without crossing interpreters 220ms
   × 'utf-8' cancels at callback 250 (service throws: true) without crossing interpreters 129ms
   × 'utf-8-sig' cancels at callback 250 (service throws: false) without crossing interpreters 140ms
   × 'utf-8-sig' cancels at callback 250 (service throws: true) without crossing interpreters 113ms
   × 'utf-16-le' cancels at callback 250 (service throws: false) without crossing interpreters 90ms
   × 'utf-16-le' cancels at callback 250 (service throws: true) without crossing interpreters 113ms
   × 'utf-16-be' cancels at callback 250 (service throws: false) without crossing interpreters 60ms
   × 'utf-16-be' cancels at callback 250 (service throws: true) without crossing interpreters 112ms
   × 'utf-32-le' cancels at callback 250 (service throws: false) without crossing interpreters 98ms
   × 'utf-32-le' cancels at callback 250 (service throws: true) without crossing interpreters 106ms
   × 'utf-32-be' cancels at callback 250 (service throws: false) without crossing interpreters 150ms
   × 'utf-32-be' cancels at callback 250 (service throws: true) without crossing interpreters 114ms
 ✓ packages/safe-js/src/interp/source-exceptions-validation.test.ts (98 tests) 21433ms
     ✓ matches complete native output and tick log: '01-waterfall-identity'  352ms
     ✓ matches complete native output and tick log: '02-auto-dependency-closures'  1000ms
     ✓ matches complete native output and tick log: '03-maplimit-lexical-state'  1000ms
     ✓ matches complete native output and tick log: '04-nested-finally-precedence'  707ms
     ✓ matches complete native output and tick log: '05-saga-delegation-cleanup'  661ms
     ✓ matches complete native output and tick log: '07-forkjoin-last-values'  364ms
     ✓ matches complete native output and tick log: '12-finally-domain-records'  672ms
     ✓ restores 'domain record' at 'before' using 'next' capture  452ms
     ✓ restores 'domain record' at 'before' using 'current' capture  493ms
     ✓ restores 'domain record' at 'after' using 'next' capture  377ms
     ✓ restores 'domain record' at 'after' using 'current' capture  444ms
     ✓ restores 'Error-shaped record' at 'before' using 'next' capture  354ms
     ✓ restores 'Error-shaped record' at 'before' using 'current' capture  363ms
     ✓ restores 'Error-shaped record' at 'after' using 'current' capture  361ms
     ✓ restores 'TypeError-shaped record' at 'before' using 'current' capture  325ms
     ✓ restores 'TypeError-shaped record' at 'after' using 'next' capture  368ms
     ✓ restores 'TypeError-shaped record' at 'after' using 'current' capture  395ms
     ✓ restores 'plain record' at 'before' using 'next' capture  348ms
     ✓ restores 'plain record' at 'before' using 'current' capture  436ms
     ✓ restores 'plain record' at 'after' using 'next' capture  317ms
     ✓ restores 'plain record' at 'after' using 'current' capture  373ms
     ✓ restores 'genuine TypeError' at 'before' using 'next' capture  330ms
     ✓ restores 'genuine TypeError' at 'before' using 'current' capture  327ms
     ✓ restores 'number' at 'after' using 'current' capture  368ms
     ✓ restores 'false' at 'before' using 'next' capture  464ms
     ✓ restores 'false' at 'after' using 'current' capture  301ms
     ✓ restores 'null' at 'before' using 'current' capture  413ms
     ✓ restores 'null' at 'after' using 'next' capture  316ms
 ✓ packages/safe-js/src/interp/host-bridge.test.ts (45 tests) 3635ms
     ✓ preserves synchronous function Error() { [native code] } metadata through repeated replay  837ms
     ✓ preserves synchronous function TypeError() { [native code] } metadata through repeated replay  364ms
     ✓ preserves synchronous function RangeError() { [native code] } metadata through repeated replay  467ms
 ❯ packages/safe-fs/tests/real-read-budget-review.test.ts (0 test)
FAIL packages/safe-fs/tests/real-read-budget-review.test.ts
Error: Cannot find package 'poe-code/safe-fs/core' imported from /private/tmp/poe-resource-delivery/packages/safe-bash/src/contracts/errors.ts
 ❯ packages/safe-bash/src/contracts/errors.ts:1:1
      1| export { isErrnoCode, isFsError, toFsError, FsError } from "poe-code/s…
       | ^
      2| export type { ErrnoCode, FsErrorOptions } from "poe-code/safe-fs/core";
      3|
 ❯ packages/safe-bash/src/contracts/command-requirements.ts:3:1

⎯⎯⎯⎯⎯⎯⎯⎯⎯⎯⎯⎯⎯⎯⎯⎯⎯⎯⎯⎯⎯⎯⎯⎯⎯⎯⎯⎯⎯⎯
Serialized Error: { code: 'ERR_MODULE_NOT_FOUND' }
 ✓ packages/safe-js/src/interp/promise.test.ts (59 tests) 107ms
 ❯ src/session-codec-stateful-encoder-user.test.ts (24 tests | 24 failed) 1276ms
   × 'iso2022_jp' restores encoder state after recovery and guest failure 188ms
   × 'iso2022_jp_1' restores encoder state after recovery and guest failure 74ms
   × 'iso2022_jp_2' restores encoder state after recovery and guest failure 69ms
   × 'iso2022_jp_3' restores encoder state after recovery and guest failure 24ms
   × 'iso2022_jp_2004' restores encoder state after recovery and guest failure 69ms
   × 'iso2022_jp_ext' restores encoder state after recovery and guest failure 20ms
   × 'iso2022_kr' restores encoder state after recovery and guest failure 18ms
   × 'hz' restores encoder state after recovery and guest failure 44ms
   × 'iso2022_jp' keeps encoder recovery cancellation terminal (throws=false) 88ms
   × 'iso2022_jp' keeps encoder recovery cancellation terminal (throws=true) 68ms
   × 'iso2022_jp_1' keeps encoder recovery cancellation terminal (throws=false) 24ms
   × 'iso2022_jp_1' keeps encoder recovery cancellation terminal (throws=true) 59ms
   × 'iso2022_jp_2' keeps encoder recovery cancellation terminal (throws=false) 37ms
   × 'iso2022_jp_2' keeps encoder recovery cancellation terminal (throws=true) 63ms
   × 'iso2022_jp_3' keeps encoder recovery cancellation terminal (throws=false) 42ms
   × 'iso2022_jp_3' keeps encoder recovery cancellation terminal (throws=true) 24ms
   × 'iso2022_jp_2004' keeps encoder recovery cancellation terminal (throws=false) 42ms
   × 'iso2022_jp_2004' keeps encoder recovery cancellation terminal (throws=true) 69ms
   × 'iso2022_jp_ext' keeps encoder recovery cancellation terminal (throws=false) 26ms
   × 'iso2022_jp_ext' keeps encoder recovery cancellation terminal (throws=true) 24ms
   × 'iso2022_kr' keeps encoder recovery cancellation terminal (throws=false) 32ms
   × 'iso2022_kr' keeps encoder recovery cancellation terminal (throws=true) 74ms
   × 'hz' keeps encoder recovery cancellation terminal (throws=false) 60ms
   × 'hz' keeps encoder recovery cancellation terminal (throws=true) 36ms
 ❯ src/session-codec-recovery-registry-swap.test.ts (43 tests | 12 failed) 2527ms
   × retains decoder state during registry replacement: 'utf-16; guest failure=false' 60ms
   × retains decoder state during registry replacement: 'utf-16; guest failure=true' 50ms
   × retains decoder state during registry replacement: 'utf-32; guest failure=false' 82ms
   × retains decoder state during registry replacement: 'utf-32; guest failure=true' 45ms
   × keeps cancellation during registry replacement terminal: 'utf-16; guest failure=false'; throws=false 34ms
   × keeps cancellation during registry replacement terminal: 'utf-16; guest failure=false'; throws=true 44ms
   × keeps cancellation during registry replacement terminal: 'utf-16; guest failure=true'; throws=false 34ms
   × keeps cancellation during registry replacement terminal: 'utf-16; guest failure=true'; throws=true 27ms
   × keeps cancellation during registry replacement terminal: 'utf-32; guest failure=false'; throws=false 20ms
   × keeps cancellation during registry replacement terminal: 'utf-32; guest failure=false'; throws=true 61ms
   × keeps cancellation during registry replacement terminal: 'utf-32; guest failure=true'; throws=false 21ms
   × keeps cancellation during registry replacement terminal: 'utf-32; guest failure=true'; throws=true 45ms
 ✓ packages/safe-js/src/cli.test.ts (46 tests) 4531ms
     ✓ removes Git from the default CLI registry  553ms
     ✓ inspects and migrates checkpoints without executing the target  802ms
     ✓ replaces stale snapshots after a failed run: effect(); throw new Error("failed");  476ms
     ✓ replaces stale snapshots after a failed run: export default function () { effect(); throw new Error("failed"); }  370ms
     ✓ replaces stale snapshots after a failed run: export default async function () { await effect(); throw new Error("failed"); }  379ms
 ✓ packages/safe-js/src/interp/cancel.test.ts (42 tests) 3722ms
     ✓ preserves live custom all capability results with cancellation armed  636ms
     ✓ preserves live custom allSettled capability results with cancellation armed  372ms
     ✓ preserves live custom any capability results with cancellation armed  393ms
     ✓ preserves live custom race capability results with cancellation armed  365ms
 ❯ src/session-interpolated-literal-codec.test.ts (180 tests | 64 failed) 2601ms
   × interpolated literal codec: 't"\N{SNAKE}{1}"' 10ms
   × interpolated literal codec: 't"""first\n\N{SNAKE}{1}"""' 7ms
   × interpolated literal codec: 't"\ud800{1}"' 5ms
   × interpolated literal codec: 't"""first\n\ud800{1}"""' 10ms
   × interpolated literal codec: 't"\q{1}"' 6ms
   × interpolated literal codec: 't"""first\n\q{1}"""' 52ms
   × interpolated literal codec: 't"\777{1}"' 28ms
   × interpolated literal codec: 't"""first\n\777{1}"""' 5ms
   × interpolated literal codec: 't"\{1}"' 10ms
   × interpolated literal codec: 't"""first\n\{1}"""' 5ms
   × interpolated literal codec: 't"{{\n}}"' 9ms
   × interpolated literal codec: 't"""first\n{{\n}}"""' 4ms
   × interpolated literal codec: 't"\é{1}"' 6ms
   × interpolated literal codec: 't"""first\n\é{1}"""' 8ms
   × interpolated literal codec: 't"\\é{1}"' 46ms
   × interpolated literal codec: 't"""first\n\\é{1}"""' 50ms
   × interpolated literal codec: 't"\q{{\z"' 6ms
   × interpolated literal codec: 't"""first\n\q{{\z"""' 4ms
   × interpolated literal codec: 't"\N{SNAKE}\q"' 7ms
   × interpolated literal codec: 't"""first\n\N{SNAKE}\q"""' 4ms
   × interpolated literal codec: 'rt"\x"' 4ms
   × interpolated literal codec: 'rt"""first\n\x"""' 46ms
   × interpolated literal codec: 'rt"abc\u0"' 4ms
   × interpolated literal codec: 'rt"""first\nabc\u0"""' 17ms
   × interpolated literal codec: 'rt"é\U00110000"' 15ms
   × interpolated literal codec: 'rt"""first\né\U00110000"""' 5ms
   × interpolated literal codec: 'rt"\N{no}"' 8ms
   × interpolated literal codec: 'rt"""first\n\N{no}"""' 6ms
   × interpolated literal codec: 'rt"{{\x}}"' 15ms
   × interpolated literal codec: 'rt"""first\n{{\x}}"""' 4ms
   × interpolated literal codec: 'rt"a{{b}}\x"' 32ms
   × interpolated literal codec: 'rt"""first\na{{b}}\x"""' 13ms
   × interpolated literal codec: 'rt"\x{1}"' 4ms
   × interpolated literal codec: 'rt"""first\n\x{1}"""' 40ms
   × interpolated literal codec: 'rt"{1}\x"' 5ms
   × interpolated literal codec: 'rt"""first\n{1}\x"""' 9ms
   × interpolated literal codec: 'rt"{1:\x}"' 9ms
   × interpolated literal codec: 'rt"""first\n{1:\x}"""' 4ms
   × interpolated literal codec: 'rt"\x{1:\u}"' 8ms
   × interpolated literal codec: 'rt"""first\n\x{1:\u}"""' 4ms
   × interpolated literal codec: 'rt"\N{SNAKE}{1}"' 43ms
   × interpolated literal codec: 'rt"""first\n\N{SNAKE}{1}"""' 11ms
   × interpolated literal codec: 'rt"\ud800{1}"' 11ms
   × interpolated literal codec: 'rt"""first\n\ud800{1}"""' 12ms
   × interpolated literal codec: 'rt"\q{1}"' 4ms
   × interpolated literal codec: 'rt"""first\n\q{1}"""' 11ms
   × interpolated literal codec: 'rt"\777{1}"' 9ms
   × interpolated literal codec: 'rt"""first\n\777{1}"""' 4ms
   × interpolated literal codec: 'rt"\{1}"' 23ms
   × interpolated literal codec: 'rt"""first\n\{1}"""' 4ms
   × interpolated literal codec: 'rt"{{\n}}"' 8ms
   × interpolated literal codec: 'rt"""first\n{{\n}}"""' 7ms
   × interpolated literal codec: 'rt"\é{1}"' 5ms
   × interpolated literal codec: 'rt"""first\n\é{1}"""' 18ms
   × interpolated literal codec: 'rt"\\é{1}"' 15ms
   × interpolated literal codec: 'rt"""first\n\\é{1}"""' 30ms
   × interpolated literal codec: 'rt"\N{SNAKE}\x"' 4ms
   × interpolated literal codec: 'rt"""first\n\N{SNAKE}\x"""' 12ms
   × interpolated literal codec: 'rt"\N{SNAKE}\N{no}"' 15ms
   × interpolated literal codec: 'rt"""first\n\N{SNAKE}\N{no}"""' 14ms
   × interpolated literal codec: 'rt"\q{{\z"' 17ms
   × interpolated literal codec: 'rt"""first\n\q{{\z"""' 4ms
   × interpolated literal codec: 'rt"\N{SNAKE}\q"' 43ms
   × interpolated literal codec: 'rt"""first\n\N{SNAKE}\q"""' 11ms
 ✓ packages/safe-js/src/runner/run-harness.test.ts (31 tests) 1371ms
 ✓ packages/safe-js/src/interp/methods/array.test.ts (22 tests) 238ms
 ❯ src/session-codec-native-slots.test.ts (59 tests | 3 failed) 2353ms
   × native codec slots: 'hash inheritance failure 1' 45ms
   × native codec slots: 'hash inheritance failure 2' 36ms
   × native codec slots: 'hash inheritance failure 3' 62ms
 ❯ src/session-codec-source-registry.test.ts (4 tests | 4 failed) 253ms
   × source registry: 'source decoder receives an ownerless …' 123ms
   × source registry: 'source callback failures retain nativ…' 68ms
   × source registry: 'source codec callbacks use the suppli…' 26ms
   × keeps cancellation in source decoder callbacks terminal 35ms
 ✓ packages/safe-js/src/external-checkpoint-validation.test.ts (14 tests) 9000ms
     ✓ captures externally and by signal while 'reduction' remains pending  937ms
     ✓ captures externally and by signal while 'callback' remains pending  1332ms
     ✓ captures externally and by signal while 'retry-reissue' remains pending  1117ms
     ✓ captures externally and by signal while 'retry-external' remains pending  1174ms
     ✓ captures externally and by signal while 'co' remains pending  3044ms
 ✓ packages/safe-js/test/integration/input-error-projection.test.ts (19 tests) 33277ms
     ✓ flushes the complete serialized observation beyond the pipe buffer  1615ms
     ✓ classifies complete proof 1 against the same capture and request  1787ms
     ✓ classifies complete proof 1 against the same capture and request: completed replay  1800ms
     ✓ classifies complete proof 2 against the same capture and request  1819ms
     ✓ classifies complete proof 2 against the same capture and request: completed replay  1866ms
     ✓ classifies minimal proof 1 against the same capture and request  2084ms
     ✓ classifies minimal proof 1 against the same capture and request: completed replay  1763ms
     ✓ classifies minimal proof 2 against the same capture and request  1862ms
     ✓ classifies minimal proof 2 against the same capture and request: completed replay  1895ms
     ✓ classifies native-fields proof 1 against the same capture and request  1816ms
     ✓ classifies native-fields proof 1 against the same capture and request: completed replay  1581ms
     ✓ classifies native-fields proof 2 against the same capture and request  1921ms
     ✓ classifies native-fields proof 2 against the same capture and request: completed replay  1964ms
     ✓ preserves raw-left proof provenance with the complete right receipt  1619ms
     ✓ preserves raw-left proof provenance with the complete right receipt: completed replay  1647ms
     ✓ preserves genuine-null-left proof provenance with the complete right receipt  1892ms
     ✓ preserves genuine-null-left proof provenance with the complete right receipt: completed replay  1786ms
     ✓ records raw public-input qualification without substituting it for O12  1039ms
 ❯ src/session-codec-platform-modules.test.ts (6 tests | 3 failed) 345ms
   × platform codec: 'mbcs import failure and registry cache' 109ms
   × platform codec: 'oem import failure and registry cache' 63ms
   × platform codec: 'Windows code-page factory imports laz…' 33ms
 ✓ packages/safe-js/src/index.test.ts (17 tests) 301ms
 ❯ src/session-punycode-module.test.ts (7 tests | 3 failed) 625ms
   × Punycode library: 'encoding helpers and public encoders …' 81ms
   × Punycode library: 'decoder policies, input variants and …' 69ms
   × Punycode library: 'stream adapters preserve serviced cal…' 47ms
 ✓ packages/safe-js/src/interp/globals/object-aliases-validation.test.ts (19 tests) 2948ms
     ✓ replays original 'pick-transform' against its full immutable anchor  653ms
     ✓ replays original 'pick-transform-mutate' against its full immutable anchor  499ms
     ✓ replays original 'FE01' against its full immutable anchor  395ms
 ✓ packages/safe-js/src/interp/source-exceptions.test.ts (13 tests) 6618ms
     ✓ preserves the complete 01-waterfall-identity workflow  419ms
     ✓ preserves the complete 02-auto-dependency-closures workflow  1197ms
     ✓ preserves the complete 03-maplimit-lexical-state workflow  1350ms
     ✓ preserves the complete 04-nested-finally-precedence workflow  742ms
     ✓ preserves the complete 05-saga-delegation-cleanup workflow  817ms
     ✓ preserves the complete 06-scan-reduce-state workflow  339ms
     ✓ preserves the complete 07-forkjoin-last-values workflow  396ms
     ✓ preserves the complete 12-finally-domain-records workflow  662ms
 ❯ src/session-core-codec-buffers.test.ts (18 tests | 18 failed) 454ms
   × public codec buffer contract: 'ascii inherited buffer failure preced…' 77ms
   × public codec buffer contract: 'ascii validates buffer hook result be…' 34ms
   × public codec buffer contract: 'ascii uses and releases an overridden…' 9ms
   × public codec buffer contract: 'ascii rejects a strided memoryview' 24ms
   × public codec buffer contract: 'latin_1 inherited buffer failure prec…' 48ms
   × public codec buffer contract: 'latin_1 validates buffer hook result …' 7ms
   × public codec buffer contract: 'latin_1 uses and releases an overridd…' 25ms
   × public codec buffer contract: 'latin_1 rejects a strided memoryview' 19ms
   × public codec buffer contract: 'utf_8 inherited buffer failure preced…' 18ms
   × public codec buffer contract: 'utf_8 validates buffer hook result be…' 14ms
   × public codec buffer contract: 'utf_8 uses and releases an overridden…' 8ms
   × public codec buffer contract: 'utf_8 rejects a strided memoryview' 31ms
   × keeps cancellation in 'ascii' buffer acquisition fatal (throws=false) 43ms
   × keeps cancellation in 'ascii' buffer acquisition fatal (throws=true) 9ms
   × keeps cancellation in 'latin_1' buffer acquisition fatal (throws=false) 23ms
   × keeps cancellation in 'latin_1' buffer acquisition fatal (throws=true) 33ms
   × keeps cancellation in 'utf_8' buffer acquisition fatal (throws=false) 5ms
   × keeps cancellation in 'utf_8' buffer acquisition fatal (throws=true) 15ms
 ✓ packages/safe-js/src/realm.test.ts (31 tests) 1725ms
 ❯ src/session-codec-cstring-replacement.test.ts (15 tests | 6 failed) 1523ms
   × 'c2 decoded 8 as UTF-8 replacement' 247ms
   × 'c2 decoded 88 as UTF-8 replacement' 197ms
   × 'c4 decoded 8 as UTF-8 replacement' 155ms
   × 'c4 decoded 88 as UTF-8 replacement' 170ms
   × 'f0 decoded 8 as UTF-8 replacement' 142ms
   × 'f0 decoded 88 as UTF-8 replacement' 163ms
 ❯ src/session-punycode.test.ts (1 test | 1 failed) 149ms
   × uses Punycode through real guest text consumers and exception storage 137ms
 ✓ packages/safe-js/src/interp/regex/compile-policy.test.ts (36 tests) 1830ms
     ✓ CONTROL genuine EA pending and completed regex checkpoints retain hash and graphs  492ms
 ✓ packages/safe-js/src/interp/float32array.test.ts (27 tests) 3578ms
     ✓ replays a pending checkpoint with typed host outcomes and shared views  514ms
     ✓ exports typed arguments and genuine callable metadata without invoking digest hooks  360ms
     ✓ retains typed host outcomes and callback graph identity through completed replay  1086ms
 ✓ packages/safe-js/src/parse/tokenizer.test.ts (25 tests) 17ms
 ❯ src/session-codec-native-failures.test.ts (118 tests | 8 failed) 3666ms
   × native codec failure: 'u16: text.encode(encoding)' 154ms
   × native codec failure: 'u16: str.encode(text, encoding)' 19ms
   × native codec failure: 'u16: bytes(text, encoding)' 39ms
   × native codec failure: 'u16: bytes.__new__(bytes, text, encod…' 26ms
   × native codec failure: 'u32: text.encode(encoding)' 54ms
   × native codec failure: 'u32: str.encode(text, encoding)' 67ms
   × native codec failure: 'u32: bytes(text, encoding)' 21ms
   × native codec failure: 'u32: bytes.__new__(bytes, text, encod…' 55ms
 ✓ packages/safe-js/src/interp/generator-intrinsic-prototypes.test.ts (60 tests) 8268ms
   ✓ preserves generator intrinsic graphs across a pending effect: function* f(){yield 1;yield 2}const value=f();const next=value.next;const first=next.call(value);await pause();return [first,next===value.next,Object.getPrototypeOf(value)===f.prototype,next.call(value)]  379ms
   ✓ preserves generator intrinsic graphs across a pending effect: async function* f(){yield 1;yield 2}const value=f();const next=value.next;const first=await next.call(value);await pause();return [first,next===value.next,Object.getPrototypeOf(value)===f.prototype,await next.call(value)]  305ms
   ✓ preserves generator intrinsic graphs across a pending effect: function* f(){}const value=f();const prototype=Object.getPrototypeOf(f.prototype);prototype.next=function(){return {done:true,value:this.extra}};value.extra=7;Object.freeze(f.prototype);await pause();return [value.next(),Object.isFrozen(f.prototype),Object.getPrototypeOf(value)===f.prototype]  368ms
   ✓ preserves generator intrinsic graphs across a pending effect: const it=(async function*(){})();const factory=it[Symbol.asyncIterator];const prototype=Object.getPrototypeOf(Object.getPrototypeOf(it));delete prototype[Symbol.toStringTag];await pause();return [factory===it[Symbol.asyncIterator],factory.call(it)===it,Object.prototype.toString.call(it)]  302ms
   ✓ preserves generator intrinsic graphs across a pending effect: { source: 'async function* f(x=(f.prototype={},pause())){}f.prototype.extra=7;const value=f();return value.extra', expected: undefined }  307ms
   ✓ retains the replacement prototype during parameter initialization (async=false)  312ms
   ✓ restores generator prototype and borrowed method identity without reexecution (async=false)  328ms
   ✓ restores generator prototype and borrowed method identity without reexecution (async=true)  376ms
   ✓ restores the pre-intrinsic generator heap shape (async=false)  316ms
   ✓ initializes the realm for generators created by a restored ordinary function (async=true)  357ms
 ✓ packages/safe-js/src/interp/conformance.test.ts (72 tests) 1714ms
 ❯ src/session-source-reencoding-user.test.ts (18 tests | 18 failed) 884ms
   × source re-encoding public contract: 'comment replacement \'?\'' 127ms
   × source re-encoding public contract: 'comment replacement b\'?\'' 51ms
   × source re-encoding public contract: 'comment replacement b\'\xff\'' 90ms
   × source re-encoding public contract: 'comment replacement b\'\x00\'' 17ms
   × source re-encoding public contract: 'comment replacement \'\ud800\'' 48ms
   × source re-encoding public contract: 'negative resume' 57ms
   × source re-encoding public contract: 'index protocol' 43ms
   × source re-encoding public contract: 'out of range' 33ms
   × source re-encoding public contract: 'wrong replacement type' 51ms
   × source re-encoding public contract: 'wrong position type' 27ms
   × source re-encoding public contract: 'wrong tuple length' 52ms
   × source re-encoding public contract: 'guest TypeError' 34ms
   × source re-encoding public contract: 'guest ValueError' 30ms
   × source re-encoding public contract: 'service callback' 26ms
   × source re-encoding public contract: 'token malformed bytes' 14ms
   × source re-encoding public contract: 'non ASCII text replacement' 86ms
   × source re-encoding service cancellation is terminal (throws=false) 57ms
   × source re-encoding service cancellation is terminal (throws=true) 41ms
 ❯ src/session-bytes-keyword-subtypes.test.ts (132 tests | 1 failed) 2820ms
   × preserves bytes constructor keyword lookup: 'source mutation replace' 48ms
 ❯ src/session-codec-standard-rejection.test.ts (3 tests | 3 failed) 392ms
   × standard handler rejections preserve pinned exception metadata (normal) 149ms
   × standard handler rejections preserve pinned exception metadata (cancel-return) 172ms
   × standard handler rejections preserve pinned exception metadata (cancel-throw) 70ms
 ❯ src/session-punycode-prefix-termination.test.ts (8 tests | 4 failed) 541ms
   × keeps prefix recovery cancellation terminal through 'codecs.decode(data, \'punycode\')' (throws=false) 88ms
   × keeps prefix recovery cancellation terminal through 'codecs.decode(data, \'punycode\')' (throws=true) 26ms
   × keeps prefix recovery cancellation terminal through 'codecs.getincrementaldecoder(\'punyco…' (throws=false) 33ms
   × keeps prefix recovery cancellation terminal through 'codecs.getincrementaldecoder(\'punyco…' (throws=true) 94ms
 ❯ src/session-codec-multibyte-encoder-reentry.test.ts (6 tests | 6 failed) 434ms
   × 'gb2312' preserves callback and restored pending state 146ms
   × 'gbk' preserves callback and restored pending state 66ms
   × 'euc_jis_2004' preserves callback and restored pending state 66ms
   × 'euc_jisx0213' preserves callback and restored pending state 45ms
   × 'shift_jis_2004' preserves callback and restored pending state 23ms
   × 'shift_jisx0213' preserves callback and restored pending state 86ms
 ❯ src/session-codec-callback-recursion.test.ts (6 tests | 6 failed) 1151ms
   × repeated 'utf-8' callback recursion preserves exact tracebacks and reset 463ms
   × repeated 'utf-8-sig' callback recursion preserves exact tracebacks and reset 184ms
   × repeated 'utf-16-le' callback recursion preserves exact tracebacks and reset 130ms
   × repeated 'utf-16-be' callback recursion preserves exact tracebacks and reset 154ms
   × repeated 'utf-32-le' callback recursion preserves exact tracebacks and reset 116ms
   × repeated 'utf-32-be' callback recursion preserves exact tracebacks and reset 102ms
 ❯ src/session-codec-incremental-callback-user.test.ts (120 tests | 18 failed) 8202ms
   × incremental callback user audit: 'utf-8; reenter; return' 139ms
   × incremental callback user audit: 'utf-8; reenter; raise' 135ms
   × incremental callback user audit: 'utf-8; reenter; overflow' 153ms
   × incremental callback user audit: 'utf-8-sig; reenter; return' 141ms
   × incremental callback user audit: 'utf-8-sig; reenter; raise' 195ms
   × incremental callback user audit: 'utf-8-sig; reenter; overflow' 124ms
   × incremental callback user audit: 'utf-16-le; reenter; return' 105ms
   × incremental callback user audit: 'utf-16-le; reenter; raise' 231ms
   × incremental callback user audit: 'utf-16-le; reenter; overflow' 250ms
   × incremental callback user audit: 'utf-16-be; reenter; return' 158ms
   × incremental callback user audit: 'utf-16-be; reenter; raise' 99ms
   × incremental callback user audit: 'utf-16-be; reenter; overflow' 130ms
   × incremental callback user audit: 'utf-32-le; reenter; return' 138ms
   × incremental callback user audit: 'utf-32-le; reenter; raise' 75ms
   × incremental callback user audit: 'utf-32-le; reenter; overflow' 74ms
   × incremental callback user audit: 'utf-32-be; reenter; return' 100ms
   × incremental callback user audit: 'utf-32-be; reenter; raise' 95ms
   × incremental callback user audit: 'utf-32-be; reenter; overflow' 122ms
 ❯ src/session-codec-public-contracts.test.ts (20 tests | 9 failed) 1096ms
   × public codec contract: 'byte escape types, argument precedenc…' 82ms
   × public codec contract: 'Punycode public decoder factories ret…' 105ms
   × public codec contract: 'charmap surrogateescape retains origi…' 56ms
   × public codec contract: 'callback failures preserve identity, …' 63ms
   × public codec contract: 'all standard handlers through publish…' 64ms
   × public codec contract: 'custom codecs shared by encode/decode…' 60ms
   × public codec contract: 'decoder subtype identity and tuple ov…' 27ms
   × public codec contract: 'stream reader/writer adapters over a …' 86ms
   × public codec contract: 'UTF-16/32 rejected replacements resto…' 70ms
 ❯ src/session-codec-resume-validation-matrix.test.ts (19 tests | 4 failed) 2605ms
   × codec recovery validation: 'utf-16 encode' 253ms
   × codec recovery validation: 'utf-16 decode' 231ms
   × codec recovery validation: 'utf-32 encode' 289ms
   × codec recovery validation: 'utf-32 decode' 227ms
 ❯ packages/safe-python/src/session-bytes-iterator.test.ts (77 tests | 1 failed) 1521ms
   ✓ matches bytes iterator oracle: 'native type and descriptors' 98ms
   ✓ matches bytes iterator oracle: 'source identity and exhaustion state' 77ms
   ✓ matches bytes iterator oracle: 'state validation uses native integers' 33ms
   ✓ matches bytes iterator oracle: 'reduction uses active builtins before…' 28ms
   ✓ matches bytes iterator oracle: 'reentrant builtin lookup observes upd…' 53ms
   × matches bytes iterator oracle: 'builtin lookup failures retain guest …' 14ms
   ✓ cancels iterator reduction through the real output adapter during builtin lookup 68ms
   ✓ matches bytes iterator argument binding: 'i.__iter__()' 37ms
   ✓ matches bytes iterator argument binding: 'i.__iter__(1)' 32ms
   ✓ matches bytes iterator argument binding: 'i.__iter__(1, 2)' 48ms
   ✓ matches bytes iterator argument binding: 'i.__iter__(foo=1)' 20ms
   ✓ matches bytes iterator argument binding: 'i.__iter__(1, foo=1)' 6ms
   ✓ matches bytes iterator argument binding: 'i.__iter__(*[1, 2], **{1: 2})' 24ms
   ✓ matches bytes iterator argument binding: 'T.__iter__()' 6ms
   ✓ matches bytes iterator argument binding: 'T.__iter__(i)' 11ms
   ✓ matches bytes iterator argument binding: 'T.__iter__(i, 1)' 77ms
   ✓ matches bytes iterator argument binding: 'T.__iter__(i, 1, 2)' 5ms
   ✓ matches bytes iterator argument binding: 'T.__iter__(None)' 18ms
   ✓ matches bytes iterator argument binding: 'T.__iter__(None, 1)' 6ms
   ✓ matches bytes iterator argument binding: 'T.__iter__(None, foo=1)' 17ms
   ✓ matches bytes iterator argument binding: 'T.__iter__(i, foo=1)' 22ms
   ✓ matches bytes iterator argument binding: 'i.__next__()' 5ms
   ✓ matches bytes iterator argument binding: 'i.__next__(1)' 32ms
   ✓ matches bytes iterator argument binding: 'i.__next__(1, 2)' 11ms
   ✓ matches bytes iterator argument binding: 'i.__next__(foo=1)' 32ms
   ✓ matches bytes iterator argument binding: 'i.__next__(1, foo=1)' 7ms
   ✓ matches bytes iterator argument binding: 'i.__next__(*[1, 2], **{1: 2})' 6ms
   ✓ matches bytes iterator argument binding: 'T.__next__()' 48ms
   ✓ matches bytes iterator argument binding: 'T.__next__(i)' 5ms
   ✓ matches bytes iterator argument binding: 'T.__next__(i, 1)' 15ms
   ✓ matches bytes iterator argument binding: 'T.__next__(i, 1, 2)' 7ms
   ✓ matches bytes iterator argument binding: 'T.__next__(None)' 6ms
   ✓ matches bytes iterator argument binding: 'T.__next__(None, 1)' 23ms
   ✓ matches bytes iterator argument binding: 'T.__next__(None, foo=1)' 5ms
   ✓ matches bytes iterator argument binding: 'T.__next__(i, foo=1)' 29ms
   ✓ matches bytes iterator argument binding: 'i.__length_hint__()' 7ms
   ✓ matches bytes iterator argument binding: 'i.__length_hint__(1)' 5ms
   ✓ matches bytes iterator argument binding: 'i.__length_hint__(1, 2)' 7ms
   ✓ matches bytes iterator argument binding: 'i.__length_hint__(foo=1)' 6ms
   ✓ matches bytes iterator argument binding: 'i.__length_hint__(1, foo=1)' 68ms
   ✓ matches bytes iterator argument binding: 'i.__length_hint__(*[1, 2], **{1: 2})' 8ms
   ✓ matches bytes iterator argument binding: 'T.__length_hint__()' 18ms
   ✓ matches bytes iterator argument binding: 'T.__length_hint__(i)' 21ms
   ✓ matches bytes iterator argument binding: 'T.__length_hint__(i, 1)' 8ms
   ✓ matches bytes iterator argument binding: 'T.__length_hint__(i, 1, 2)' 9ms
   ✓ matches bytes iterator argument binding: 'T.__length_hint__(None)' 5ms
   ✓ matches bytes iterator argument binding: 'T.__length_hint__(None, 1)' 9ms
   ✓ matches bytes iterator argument binding: 'T.__length_hint__(None, foo=1)' 12ms
   ✓ matches bytes iterator argument binding: 'T.__length_hint__(i, foo=1)' 5ms
   ✓ matches bytes iterator argument binding: 'i.__reduce__()' 34ms
   ✓ matches bytes iterator argument binding: 'i.__reduce__(1)' 5ms
   ✓ matches bytes iterator argument binding: 'i.__reduce__(1, 2)' 27ms
   ✓ matches bytes iterator argument binding: 'i.__reduce__(foo=1)' 16ms
   ✓ matches bytes iterator argument binding: 'i.__reduce__(1, foo=1)' 5ms
   ✓ matches bytes iterator argument binding: 'i.__reduce__(*[1, 2], **{1: 2})' 16ms
   ✓ matches bytes iterator argument binding: 'T.__reduce__()' 5ms
   ✓ matches bytes iterator argument binding: 'T.__reduce__(i)' 27ms
   ✓ matches bytes iterator argument binding: 'T.__reduce__(i, 1)' 13ms
   ✓ matches bytes iterator argument binding: 'T.__reduce__(i, 1, 2)' 5ms
   ✓ matches bytes iterator argument binding: 'T.__reduce__(None)' 18ms
   ✓ matches bytes iterator argument binding: 'T.__reduce__(None, 1)' 4ms
   ✓ matches bytes iterator argument binding: 'T.__reduce__(None, foo=1)' 16ms
   ✓ matches bytes iterator argument binding: 'T.__reduce__(i, foo=1)' 5ms
   ✓ matches bytes iterator argument binding: 'i.__setstate__()' 10ms
   ✓ matches bytes iterator argument binding: 'i.__setstate__(1)' 7ms
   ✓ matches bytes iterator argument binding: 'i.__setstate__(1, 2)' 10ms
   ✓ matches bytes iterator argument binding: 'i.__setstate__(foo=1)' 44ms
   ✓ matches bytes iterator argument binding: 'i.__setstate__(1, foo=1)' 10ms
   ✓ matches bytes iterator argument binding: 'i.__setstate__(*[1, 2], **{1: 2})' 14ms
   ✓ matches bytes iterator argument binding: 'T.__setstate__()' 20ms
   ✓ matches bytes iterator argument binding: 'T.__setstate__(i)' 4ms
   ✓ matches bytes iterator argument binding: 'T.__setstate__(i, 1)' 10ms
   ✓ matches bytes iterator argument binding: 'T.__setstate__(i, 1, 2)' 9ms
   ✓ matches bytes iterator argument binding: 'T.__setstate__(None)' 31ms
   ✓ matches bytes iterator argument binding: 'T.__setstate__(None, 1)' 13ms
   ✓ matches bytes iterator argument binding: 'T.__setstate__(None, foo=1)' 4ms
   ✓ matches bytes iterator argument binding: 'T.__setstate__(i, foo=1)' 16ms
FAIL packages/safe-python/src/session-bytes-iterator.test.ts > matches bytes iterator oracle: 'builtin lookup failures retain guest …'
AssertionError: {"status":"ok","value":{"kind":"str","primitive":"AssertionError([])"}}: expected 'exception' to be 'ok' // Object.is equality

Expected: "ok"
Received: "exception"

 ❯ packages/safe-python/src/session-bytes-iterator.test.ts:169:110
    167|   let diagnostic:unknown=result;
    168|   if(result.status==="exception"){session.globals.set("failure",result…
    169|   expect(result.status,JSON.stringify(diagnostic,(_key,value)=>typeof …
       |                                                                                                              ^
    170| });
    171|

 ❯ src/session-codec-bom-newline-split-user.test.ts (9 tests | 2 failed) 3123ms
   × actual BOM/newline state transfer: 'utf-16' 66ms
   × actual BOM/newline state transfer: 'utf-32' 26ms
 ❯ src/session-codec-result-diagnostic-bytes.test.ts (15 tests | 5 failed) 916ms
   × codec result diagnostic 'decode: b\'\x80\' * 401' 68ms
   × codec result diagnostic 'decode: b\'a\' * 399 + b\'\xff\'' 29ms
   × codec result diagnostic 'decode: b\'a\' * 399 + b\'\xe2\'' 33ms
   × codec result diagnostic 'decode: b\'a\' * 398 + b\'\xe2\'' 19ms
   × codec result diagnostic 'decode: b\'a\' * 399 + b\'\xe2\x82\xa…' 34ms
 ✓ packages/safe-js/src/run.cbi-001-validation.test.ts (29 tests) 31625ms
     ✓ retains original registration after first  1696ms
     ✓ retains original registration after second  1081ms
     ✓ retains original registration after completed  881ms
     ✓ recaptures first to second to completed without consuming new deliveries as history  1533ms
     ✓ retains original registration after first  1091ms
     ✓ retains original registration after second  1017ms
     ✓ retains original registration after completed  874ms
     ✓ recaptures first to second to completed without consuming new deliveries as history  1388ms
     ✓ retains original registration after first  3481ms
     ✓ retains original registration after second  2768ms
     ✓ retains original registration after completed  3299ms
     ✓ recaptures first to second to completed without consuming new deliveries as history  4717ms
     ✓ retains original registration after first  1057ms
     ✓ retains original registration after second  887ms
     ✓ retains original registration after completed  655ms
     ✓ recaptures first to second to completed without consuming new deliveries as history  1192ms
     ✓ executes 'four identical old-registration events' with lexical count four  745ms
     ✓ executes 'different payloads on old registration' with lexical count four  648ms
     ✓ executes 'identical events on new registration' with lexical count four  576ms
     ✓ deduplicates only actual reissue history at callback 1 and runs its new suffix  380ms
     ✓ deduplicates only actual reissue history at callback 2 and runs its new suffix  376ms
     ✓ deduplicates only actual reissue history at callback 3 and runs its new suffix  373ms
     ✓ requires a completion proof and treats resumer calls as new events (joined: false)  338ms
     ✓ requires a completion proof and treats resumer calls as new events (joined: true)  311ms
 ❯ src/session-codec-encoder-callback-state.test.ts (80 tests | 16 failed) 4012ms
   × 'utf-16; keep; negative resume' 29ms
   × 'utf-16; keep; index failure' 47ms
   × 'utf-16; reset; negative resume' 28ms
   × 'utf-16; reset; index failure' 31ms
   × 'utf-16; setstate; negative resume' 31ms
   × 'utf-16; setstate; index failure' 17ms
   × 'utf-16; nested; negative resume' 46ms
   × 'utf-16; nested; index failure' 22ms
   × 'utf-32; keep; negative resume' 32ms
   × 'utf-32; keep; index failure' 38ms
   × 'utf-32; reset; negative resume' 57ms
   × 'utf-32; reset; index failure' 22ms
   × 'utf-32; setstate; negative resume' 33ms
   × 'utf-32; setstate; index failure' 56ms
   × 'utf-32; nested; negative resume' 35ms
   × 'utf-32; nested; index failure' 16ms
 ❯ src/session-codec-stream-mutation.test.ts (4 tests | 1 failed) 399ms
   × 'stream reader bytearray and memoryvie…' 97ms
 ❯ packages/safe-python/src/session-bytes-keyword-subtypes.test.ts (132 tests | 1 failed) 2982ms
   ✓ preserves bytes constructor keyword lookup: 'source normal' 103ms
   ✓ preserves bytes constructor keyword lookup: 'source false' 34ms
   ✓ preserves bytes constructor keyword lookup: 'source true' 42ms
   ✓ preserves bytes constructor keyword lookup: 'source raise' 32ms
   ✓ preserves bytes constructor keyword lookup: 'source notimplemented' 23ms
   ✓ preserves bytes constructor keyword lookup: 'source truth' 37ms
   ✓ preserves bytes constructor keyword lookup: 'source badstr' 21ms
   ✓ preserves bytes constructor keyword lookup: 'encoding normal' 16ms
   ✓ preserves bytes constructor keyword lookup: 'encoding false' 30ms
   ✓ preserves bytes constructor keyword lookup: 'encoding true' 9ms
   ✓ preserves bytes constructor keyword lookup: 'encoding raise' 14ms
   ✓ preserves bytes constructor keyword lookup: 'encoding notimplemented' 13ms
   ✓ preserves bytes constructor keyword lookup: 'encoding truth' 9ms
   ✓ preserves bytes constructor keyword lookup: 'encoding badstr' 11ms
   ✓ preserves bytes constructor keyword lookup: 'errors normal' 67ms
   ✓ preserves bytes constructor keyword lookup: 'errors false' 8ms
   ✓ preserves bytes constructor keyword lookup: 'errors true' 29ms
   ✓ preserves bytes constructor keyword lookup: 'errors raise' 14ms
   ✓ preserves bytes constructor keyword lookup: 'errors notimplemented' 7ms
   ✓ preserves bytes constructor keyword lookup: 'errors truth' 31ms
   ✓ preserves bytes constructor keyword lookup: 'errors badstr' 22ms
   ✓ preserves bytes constructor keyword lookup: 'sourc normal' 7ms
   ✓ preserves bytes constructor keyword lookup: 'sourc false' 26ms
   ✓ preserves bytes constructor keyword lookup: 'sourc true' 33ms
   ✓ preserves bytes constructor keyword lookup: 'sourc raise' 6ms
   ✓ preserves bytes constructor keyword lookup: 'sourc notimplemented' 40ms
   ✓ preserves bytes constructor keyword lookup: 'sourc truth' 16ms
   ✓ preserves bytes constructor keyword lookup: 'sourc badstr' 28ms
   ✓ preserves bytes constructor keyword lookup: ' normal' 13ms
   ✓ preserves bytes constructor keyword lookup: ' false' 27ms
   ✓ preserves bytes constructor keyword lookup: ' true' 10ms
   ✓ preserves bytes constructor keyword lookup: ' raise' 7ms
   ✓ preserves bytes constructor keyword lookup: ' notimplemented' 12ms
   ✓ preserves bytes constructor keyword lookup: ' truth' 26ms
   ✓ preserves bytes constructor keyword lookup: ' badstr' 87ms
   ✓ preserves bytes constructor keyword lookup: 'source alias return False bytes(**kwa…' 7ms
   ✓ preserves bytes constructor keyword lookup: 'source alias return False bytes(\'a\'…' 15ms
   ✓ preserves bytes constructor keyword lookup: 'source alias return False bytes.__new…' 25ms
   ✓ preserves bytes constructor keyword lookup: 'source alias return str.__eq__(self, …' 6ms
   ✓ preserves bytes constructor keyword lookup: 'source alias return str.__eq__(self, …' 36ms
   ✓ preserves bytes constructor keyword lookup: 'source alias return str.__eq__(self, …' 18ms
   ✓ preserves bytes constructor keyword lookup: 'source alias raise ValueError(\'looku…' 12ms
   ✓ preserves bytes constructor keyword lookup: 'source alias raise ValueError(\'looku…' 41ms
   ✓ preserves bytes constructor keyword lookup: 'source alias raise ValueError(\'looku…' 24ms
   ✓ preserves bytes constructor keyword lookup: 'encoding alias return False bytes(**k…' 43ms
   ✓ preserves bytes constructor keyword lookup: 'encoding alias return False bytes(\'a…' 11ms
   ✓ preserves bytes constructor keyword lookup: 'encoding alias return False bytes.__n…' 6ms
   ✓ preserves bytes constructor keyword lookup: 'encoding alias return str.__eq__(self…' 36ms
   ✓ preserves bytes constructor keyword lookup: 'encoding alias return str.__eq__(self…' 23ms
   ✓ preserves bytes constructor keyword lookup: 'encoding alias return str.__eq__(self…' 12ms
   ✓ preserves bytes constructor keyword lookup: 'encoding alias raise ValueError(\'loo…' 10ms
   ✓ preserves bytes constructor keyword lookup: 'encoding alias raise ValueError(\'loo…' 16ms
   ✓ preserves bytes constructor keyword lookup: 'encoding alias raise ValueError(\'loo…' 5ms
   ✓ preserves bytes constructor keyword lookup: 'errors alias return False bytes(**kwa…' 24ms
   ✓ preserves bytes constructor keyword lookup: 'errors alias return False bytes(\'a\'…' 9ms
   ✓ preserves bytes constructor keyword lookup: 'errors alias return False bytes.__new…' 6ms
   ✓ preserves bytes constructor keyword lookup: 'errors alias return str.__eq__(self, …' 32ms
   ✓ preserves bytes constructor keyword lookup: 'errors alias return str.__eq__(self, …' 22ms
   ✓ preserves bytes constructor keyword lookup: 'errors alias return str.__eq__(self, …' 7ms
   ✓ preserves bytes constructor keyword lookup: 'errors alias raise ValueError(\'looku…' 39ms
   ✓ preserves bytes constructor keyword lookup: 'errors alias raise ValueError(\'looku…' 31ms
   ✓ preserves bytes constructor keyword lookup: 'errors alias raise ValueError(\'looku…' 6ms
   ✓ preserves bytes constructor keyword lookup: 'source mutation true' 16ms
   ✓ preserves bytes constructor keyword lookup: 'source mutation normal' 6ms
   ✓ preserves bytes constructor keyword lookup: 'source mutation clear' 27ms
   × preserves bytes constructor keyword lookup: 'source mutation replace' 233ms
   ✓ preserves bytes constructor keyword lookup: 'source mutation raise' 39ms
   ✓ preserves bytes constructor keyword lookup: 'encoding mutation true' 7ms
   ✓ preserves bytes constructor keyword lookup: 'encoding mutation normal' 40ms
   ✓ preserves bytes constructor keyword lookup: 'encoding mutation clear' 18ms
   ✓ preserves bytes constructor keyword lookup: 'encoding mutation replace' 23ms
   ✓ preserves bytes constructor keyword lookup: 'encoding mutation raise' 24ms
   ✓ preserves bytes constructor keyword lookup: 'errors mutation true' 20ms
   ✓ preserves bytes constructor keyword lookup: 'errors mutation normal' 6ms
   ✓ preserves bytes constructor keyword lookup: 'errors mutation clear' 21ms
   ✓ preserves bytes constructor keyword lookup: 'errors mutation replace' 33ms
   ✓ preserves bytes constructor keyword lookup: 'errors mutation raise' 5ms
   ✓ preserves bytes constructor keyword lookup: 'bytes(**kwargs) false duplicates False' 22ms
   ✓ preserves bytes constructor keyword lookup: 'bytes(**kwargs) false duplicates True' 14ms
   ✓ preserves bytes constructor keyword lookup: 'bytes(**kwargs) true duplicates False' 6ms
   ✓ preserves bytes constructor keyword lookup: 'bytes(**kwargs) true duplicates True' 44ms
   ✓ preserves bytes constructor keyword lookup: 'bytes(**kwargs) alternate duplicates …' 10ms
   ✓ preserves bytes constructor keyword lookup: 'bytes(**kwargs) alternate duplicates …' 17ms
   ✓ preserves bytes constructor keyword lookup: 'bytes(**kwargs) raise duplicates False' 10ms
   ✓ preserves bytes constructor keyword lookup: 'bytes(**kwargs) raise duplicates True' 45ms
   ✓ preserves bytes constructor keyword lookup: 'bytes.__new__(bytes, **kwargs) false …' 7ms
   ✓ preserves bytes constructor keyword lookup: 'bytes.__new__(bytes, **kwargs) false …' 30ms
   ✓ preserves bytes constructor keyword lookup: 'bytes.__new__(bytes, **kwargs) true d…' 39ms
   ✓ preserves bytes constructor keyword lookup: 'bytes.__new__(bytes, **kwargs) true d…' 6ms
   ✓ preserves bytes constructor keyword lookup: 'bytes.__new__(bytes, **kwargs) altern…' 21ms
   ✓ preserves bytes constructor keyword lookup: 'bytes.__new__(bytes, **kwargs) altern…' 20ms
   ✓ preserves bytes constructor keyword lookup: 'bytes.__new__(bytes, **kwargs) raise …' 6ms
   ✓ preserves bytes constructor keyword lookup: 'bytes.__new__(bytes, **kwargs) raise …' 44ms
   ✓ preserves bytes constructor keyword lookup: 'B(**kwargs) false duplicates False' 16ms
   ✓ preserves bytes constructor keyword lookup: 'B(**kwargs) false duplicates True' 7ms
   ✓ preserves bytes constructor keyword lookup: 'B(**kwargs) true duplicates False' 45ms
   ✓ preserves bytes constructor keyword lookup: 'B(**kwargs) true duplicates True' 27ms
   ✓ preserves bytes constructor keyword lookup: 'B(**kwargs) alternate duplicates False' 7ms
   ✓ preserves bytes constructor keyword lookup: 'B(**kwargs) alternate duplicates True' 23ms
   ✓ preserves bytes constructor keyword lookup: 'B(**kwargs) raise duplicates False' 6ms
   ✓ preserves bytes constructor keyword lookup: 'B(**kwargs) raise duplicates True' 20ms
   ✓ preserves bytes constructor keyword lookup: 'source mutation replace once' 33ms
   ✓ preserves bytes constructor keyword lookup: 'encoding mutation replace once' 5ms
   ✓ preserves bytes constructor keyword lookup: 'errors mutation replace once' 42ms
   ✓ preserves bytes constructor keyword lookup: 'string comparison key == \'source\' r…' 13ms
   ✓ preserves bytes constructor keyword lookup: 'string comparison \'source\' == key r…' 5ms
   ✓ preserves bytes constructor keyword lookup: 'string comparison key == \'source\' r…' 23ms
   ✓ preserves bytes constructor keyword lookup: 'string comparison \'source\' == key r…' 6ms
   ✓ preserves bytes constructor keyword lookup: 'string comparison key != \'source\' r…' 32ms
   ✓ preserves bytes constructor keyword lookup: 'string comparison \'source\' != key r…' 10ms
   ✓ preserves bytes constructor keyword lookup: 'string comparison key != \'source\' r…' 7ms
   ✓ preserves bytes constructor keyword lookup: 'string comparison \'source\' != key r…' 8ms
   ✓ preserves bytes constructor keyword lookup: 'string comparison key < \'source\' re…' 4ms
   ✓ preserves bytes constructor keyword lookup: 'string comparison \'source\' < key re…' 49ms
   ✓ preserves bytes constructor keyword lookup: 'string comparison key < \'source\' re…' 7ms
   ✓ preserves bytes constructor keyword lookup: 'string comparison \'source\' < key re…' 4ms
   ✓ preserves bytes constructor keyword lookup: 'string comparison key <= \'source\' r…' 7ms
   ✓ preserves bytes constructor keyword lookup: 'string comparison \'source\' <= key r…' 5ms
   ✓ preserves bytes constructor keyword lookup: 'string comparison key <= \'source\' r…' 38ms
   ✓ preserves bytes constructor keyword lookup: 'string comparison \'source\' <= key r…' 7ms
   ✓ preserves bytes constructor keyword lookup: 'string comparison key > \'source\' re…' 6ms
   ✓ preserves bytes constructor keyword lookup: 'string comparison \'source\' > key re…' 22ms
   ✓ preserves bytes constructor keyword lookup: 'string comparison key > \'source\' re…' 7ms
   ✓ preserves bytes constructor keyword lookup: 'string comparison \'source\' > key re…' 32ms
   ✓ preserves bytes constructor keyword lookup: 'string comparison key >= \'source\' r…' 9ms
   ✓ preserves bytes constructor keyword lookup: 'string comparison \'source\' >= key r…' 5ms
   ✓ preserves bytes constructor keyword lookup: 'string comparison key >= \'source\' r…' 12ms
   ✓ preserves bytes constructor keyword lookup: 'string comparison \'source\' >= key r…' 5ms
   ✓ keeps bytes keyword lookup cancellation fatal 42ms
   ✓ keeps bytes keyword diagnostic cancellation fatal 56ms
   ✓ keeps bytes keyword truth cancellation fatal 13ms
   ✓ keeps bytes keyword render cancellation fatal 20ms
FAIL packages/safe-python/src/session-bytes-keyword-subtypes.test.ts > preserves bytes constructor keyword lookup: 'source mutation replace'
AssertionError: expected { status: 'terminated', …(2) } to deeply equal { status: 'ok' }

- Expected
+ Received

  {
-   "status": "ok",
+   "message": "execution allocation limit exceeded",
+   "reason": "allocation",
+   "status": "terminated",
  }

 ❯ packages/safe-python/src/session-bytes-keyword-subtypes.test.ts:7:32
      5| it.each(reference.rows)("preserves bytes constructor keyword lookup: $…
      6|   const session=new PythonSession({limits:{maxSteps:1_000_000,maxAlloc…
      7|   expect(session.exec(source)).toEqual({status:"ok"});
       |                                ^
      8|   expect(session.eval("repr(actual)")).toMatchObject({status:"ok",valu…
      9| });

 ❯ src/session-codec-stream-traceback.test.ts (1 test | 1 failed) 186ms
   × retains caller and codec frames with pinned instruction positions 185ms
 ❯ src/session-source-codec-final-line.test.ts (3 tests | 2 failed) 288ms
   × source decoding: 'exec final encoding-cookie lines' 68ms
   × source decoding: 'eval final encoding-cookie lines' 81ms
 ❯ src/session-codec-native-wide-modules.test.ts (10 tests | 10 failed) 539ms
   × native wide codec module: 'utf-16 registry and module API' 172ms
   × native wide codec module: 'utf-16 incremental encoder state and …' 69ms
   × native wide codec module: 'utf-16 every incremental split and st…' 30ms
   × native wide codec module: 'utf-16 missing BOM and truncated inpu…' 30ms
   × native wide codec module: 'utf-16 stream adapters BOM and reset' 78ms
   × native wide codec module: 'utf-32 registry and module API' 22ms
   × native wide codec module: 'utf-32 incremental encoder state and …' 21ms
   × native wide codec module: 'utf-32 every incremental split and st…' 36ms
   × native wide codec module: 'utf-32 missing BOM and truncated inpu…' 23ms
   × native wide codec module: 'utf-32 stream adapters BOM and reset' 56ms
 ❯ src/session-codec-decoder-consumers.test.ts (8 tests | 8 failed) 448ms
   × registered decoder consumer: 'source.decode(\'decoder-contract\'): …' 143ms
   × registered decoder consumer: 'source.decode(\'decoder-contract\'): …' 59ms
   × registered decoder consumer: 'bytes.decode(source, \'decoder-contra…' 82ms
   × registered decoder consumer: 'bytes.decode(source, \'decoder-contra…' 28ms
   × registered decoder consumer: 'str(source, \'decoder-contract\'): om…' 50ms
   × registered decoder consumer: 'str(source, \'decoder-contract\'): ex…' 28ms
   × registered decoder consumer: 'str.__new__(str, source, \'decoder-co…' 40ms
   × registered decoder consumer: 'str.__new__(str, source, \'decoder-co…' 16ms
 ❯ packages/safe-js/src/modules/namespace-identity-mc-002-validation.test.ts (18 tests | 2 failed) 42636ms
     ✓ retains the exact substantial original source bytes 2ms
     ✓ matches all native-anchored fields with object/object registries  4156ms
     ✓ matches all native-anchored fields with object/map registries  3787ms
     ✓ matches all native-anchored fields with map/object registries  3986ms
     ✓ matches all native-anchored fields with map/map registries  3522ms
     ✓ matches the complete original graph through the public memfs harness  4884ms
     ✓ preserves standalone import ordering: import * as first from "api"; import data from "api"; import { read as operation } from "api"; 97ms
     ✓ preserves standalone import ordering: import data from "api"; import { read as operation } from "api"; import * as first from "api"; 103ms
     ✓ preserves standalone import ordering: import { default as data, read as operation } from "api"; import * as first from "api"; 113ms
     ✓ preserves standalone import ordering: import { read as operation } from "api"; import * as first from "api"; import data from "api"; 106ms
     ✓ copies namespace data separately for overlapping and later executions 241ms
     ✓ keeps distinct module names separate even with the same host export object 43ms
     ✓ shares an empty namespace across repeated standalone imports 70ms
     × keeps aliases through three completed object-registry replays 5528ms
     × keeps aliases through three completed map-registry replays 5306ms
     ✓ restores identity after a 25-step checkpoint with +0 calls  3071ms
     ✓ restores identity after a 900-step checkpoint with 1 calls  3802ms
     ✓ restores identity after a 1800-step checkpoint with 2 calls  3802ms
FAIL packages/safe-js/src/modules/namespace-identity-mc-002-validation.test.ts > MC-002 independent public replay and checkpoints > keeps aliases through three completed object-registry replays
Error: Test timed out in 5000ms.
If this is a long-running test, pass a timeout value as the last argument or configure it globally with "testTimeout".
 ❯ packages/safe-js/src/modules/namespace-identity-mc-002-validation.test.ts:529:28
    527|
    528| describe("MC-002 independent public replay and checkpoints", () => {
    529|   it.each(["object", "map"])(
       |                            ^
    530|     "keeps aliases through three completed %s-registry replays",
    531|     async (shape) => {

FAIL packages/safe-js/src/modules/namespace-identity-mc-002-validation.test.ts > MC-002 independent public replay and checkpoints > keeps aliases through three completed map-registry replays
Error: Test timed out in 5000ms.
If this is a long-running test, pass a timeout value as the last argument or configure it globally with "testTimeout".
 ❯ packages/safe-js/src/modules/namespace-identity-mc-002-validation.test.ts:529:28
    527|
    528| describe("MC-002 independent public replay and checkpoints", () => {
    529|   it.each(["object", "map"])(
       |                            ^
    530|     "keeps aliases through three completed %s-registry replays",
    531|     async (shape) => {

 ✓ packages/safe-js/src/interp/accessor-properties.test.ts (132 tests) 11463ms
     ✓ matches native data to accessor conversion  411ms
 ❯ src/session-codec-rot13-undefined-integration.test.ts (4 tests | 4 failed) 311ms
   × 'ROT13 bytes consumer nontext rejection' 107ms
   × 'undefined bytes consumer' 14ms
   × 'guest module spec' 97ms
   × 'undefined traceback' 92ms
 ✓ packages/safe-js/src/realm-callback-phases.test.ts (27 tests) 2794ms
     ✓ keeps overlapping callbacks queued until the preceding prefix finishes  367ms
 ✓ packages/safe-js/src/modules/mcp-managed.test.ts (20 tests) 2421ms
     ✓ retains JSON-RPC error codes and data through checked calls and replay  507ms
     ✓ closes connections after a run and replays without reopening or repeating tools  334ms
     ✓ isolates concurrent runs sharing a module  577ms
 ✓ packages/safe-js/src/modules/mcp.test.ts (16 tests) 41ms
 ✓ packages/safe-js/src/snapshot/serialize.test.ts (15 tests) 250ms
 ❯ src/session-union-construction-descriptors.test.ts (125 tests | 17 failed) 2679ms
   × matches union construction descriptor behavior: 'cls.__or__(u, other)' 28ms
   × matches union construction descriptor behavior: 'u.__or__(other)' 20ms
   × matches union construction descriptor behavior: 'cls.__or__(u, 0)' 9ms
   × matches union construction descriptor behavior: 'u.__or__(0)' 12ms
   × matches union construction descriptor behavior: 'cls.__or__(u, list[int])' 63ms
   × matches union construction descriptor behavior: 'u.__or__(list[int])' 13ms
   × matches union construction descriptor behavior: 'cls.__ror__(u, other)' 31ms
   × matches union construction descriptor behavior: 'u.__ror__(other)' 8ms
   × matches union construction descriptor behavior: 'cls.__ror__(u, 0)' 15ms
   × matches union construction descriptor behavior: 'u.__ror__(0)' 36ms
   × matches union construction descriptor behavior: 'cls.__ror__(u, list[int])' 8ms
   × matches union construction descriptor behavior: 'u.__ror__(list[int])' 12ms
   × matches union construction descriptor behavior: 'type.__or__(int, list[int])' 19ms
   × matches union construction descriptor behavior: 'int.__or__(list[int])' 7ms
   × matches union construction descriptor behavior: 'type.__ror__(int, list[int])' 13ms
   × matches union construction descriptor behavior: 'int.__ror__(list[int])' 38ms
   × matches union construction descriptor behavior: 'u|other' 8ms
 ❯ src/session-unicode-text-consumers.test.ts (70 tests | 2 failed) 5608ms
   × public Unicode text conversions: 'utf_16' / 'aliases' 28ms
   × public Unicode text conversions: 'utf_32' / 'aliases' 49ms
 ✓ packages/safe-js/src/host-error-identity.test.ts (70 tests) 15008ms
     ✓ preserves ordinary 'Error' catch/finally order and recorded replay  736ms
     ✓ preserves ordinary 'TypeError' catch/finally order and recorded replay  494ms
     ✓ preserves ordinary 'string' catch/finally order and recorded replay  529ms
     ✓ preserves ordinary 'null' catch/finally order and recorded replay  427ms
     ✓ preserves ordinary 'object' catch/finally order and recorded replay  473ms
     ✓ preserves ordinary 'Error' catch/finally order and recorded replay  493ms
     ✓ preserves ordinary 'TypeError' catch/finally order and recorded replay  479ms
     ✓ preserves ordinary 'string' catch/finally order and recorded replay  495ms
     ✓ preserves ordinary 'null' catch/finally order and recorded replay  452ms
     ✓ preserves ordinary 'object' catch/finally order and recorded replay  459ms
   ✓ does not record a sync engine failure as an ordinary host outcome  448ms
   ✓ does not record a async engine failure as an ordinary host outcome  418ms
     ✓ enforces named-conflict before guest catch/finally effects  410ms
     ✓ enforces missing-proof before guest catch/finally effects  322ms
     ✓ enforces wrong-proof before guest catch/finally effects  371ms
     ✓ enforces accepted-proof before guest catch/finally effects  373ms
     ✓ enforces named-conflict before guest catch/finally effects  848ms
     ✓ enforces explicit-conflict before guest catch/finally effects  469ms
     ✓ enforces missing-proof before guest catch/finally effects  484ms
     ✓ enforces accepted-proof before guest catch/finally effects  317ms
 ❯ src/session-encode-compatibility.test.ts (72 tests | 6 failed) 1681ms
   × public str.encode: assert 'abc\0'.encode('ansi_x3.4_1968') == b'abc\0' 103ms
   × public str.encode: assert 'abc\0'.encode('ansi_x3_4_1968') == b'abc\0' 87ms
   × public str.encode: assert 'abc\0'.encode('ansi_x3.4_1986') == b'abc\0' 25ms
   × public str.encode: assert 'abc\0'.encode('iso_646.irv_1991') == b'abc\0' 71ms
   × public str.encode: assert 'éÿ\0'.encode('csisolatin1') == b'\xe9\xff\0' 32ms
   × public str.encode: assert 'éÿ\0'.encode('iso_8859_1_1987') == b'\xe9\xff\0' 23ms
 ❯ src/session-dictionary-native-contracts.test.ts (707 tests | 5 failed) 9831ms
   × matches dictionary native contract: 'exact __reversed__()' 43ms
   × matches dictionary native contract: 'explicit __reversed__()' 5ms
   × matches dictionary native contract: 'subtype __reversed__()' 8ms
   × matches dictionary native contract: 'subtype-explicit __reversed__()' 6ms
   × matches dictionary native contract: 'metaclass __reversed__()' 33ms
 ✓ packages/safe-js/test/ppr2-integration-adjudication.test.ts (19 tests) 15787ms
     ✓ 'reduction': native trace, public/signal/completed checkpoints and recapture  1784ms
     ✓ 'callback': native trace, public/signal/completed checkpoints and recapture  3310ms
     ✓ 'retry-reissue': native trace, public/signal/completed checkpoints and recapture  2970ms
     ✓ 'retry-external': native trace, public/signal/completed checkpoints and recapture  3159ms
     ✓ 'co': native trace, public/signal/completed checkpoints and recapture  3924ms
 ✓ packages/safe-js/src/interp/methods/array-callback-mutation.test.ts (130 tests) 3701ms
 ✓ packages/safe-js/src/interp/globals/object-aliases.test.ts (21 tests) 1136ms
 ❯ packages/safe-python/src/session-charmap-codec-api.test.ts (19 tests | 4 failed) 463ms
   ✓ publishes charmap binding, Latin-1 defaults and native subtype validation 53ms
   ✓ uses guest mapping subscriptions, probing order and cached error recovery 38ms
   ✓ validates negative resume positions and replacement input through the shared registry 26ms
   ✓ honors charmap native versus registered strict policy 22ms
   ✓ honors charmap native versus registered ignore policy 21ms
   ✓ honors charmap native versus registered replace policy 18ms
   ✓ honors charmap native versus registered backslashreplace policy 18ms
   ✓ honors charmap native versus registered xmlcharrefreplace policy 15ms
   ✓ honors charmap native versus registered namereplace policy 18ms
   ✓ honors charmap native versus registered surrogateescape policy 20ms
   ✓ honors charmap native versus registered surrogatepass policy 18ms
   × preserves 'encode' 'mapping' failure identity 22ms
   × preserves 'encode' 'handler' failure identity 17ms
   × preserves 'decode' 'mapping' failure identity 15ms
   × preserves 'decode' 'handler' failure identity 15ms
   ✓ caches recovery callbacks only within one operation and isolates interpreters 20ms
   ✓ honors decoder index effects and replacement validation order 15ms
   ✓ cancels encode during guest mapping or recovery 53ms
   ✓ cancels decode during guest mapping or recovery 39ms
FAIL packages/safe-python/src/session-charmap-codec-api.test.ts > preserves 'encode' 'mapping' failure identity
AssertionError: mapping traceback: expected 'exception' to be 'ok' // Object.is equality

Expected: "ok"
Received: "exception"

 ❯ run packages/safe-python/src/session-charmap-codec-api.test.ts:13:32
     11|     if(message.status==="ok")detail=String(message.value.primitive);
     12|   }
     13|   expect(result.status,detail).toBe("ok");
       |                                ^
     14| }
     15|
 ❯ packages/safe-python/src/session-charmap-codec-api.test.ts:135:5

FAIL packages/safe-python/src/session-charmap-codec-api.test.ts > preserves 'encode' 'handler' failure identity
AssertionError: handler traceback: expected 'exception' to be 'ok' // Object.is equality

Expected: "ok"
Received: "exception"

 ❯ run packages/safe-python/src/session-charmap-codec-api.test.ts:13:32
     11|     if(message.status==="ok")detail=String(message.value.primitive);
     12|   }
     13|   expect(result.status,detail).toBe("ok");
       |                                ^
     14| }
     15|
 ❯ packages/safe-python/src/session-charmap-codec-api.test.ts:135:5

FAIL packages/safe-python/src/session-charmap-codec-api.test.ts > preserves 'decode' 'mapping' failure identity
AssertionError: mapping traceback: expected 'exception' to be 'ok' // Object.is equality

Expected: "ok"
Received: "exception"

 ❯ run packages/safe-python/src/session-charmap-codec-api.test.ts:13:32
     11|     if(message.status==="ok")detail=String(message.value.primitive);
     12|   }
     13|   expect(result.status,detail).toBe("ok");
       |                                ^
     14| }
     15|
 ❯ packages/safe-python/src/session-charmap-codec-api.test.ts:135:5

FAIL packages/safe-python/src/session-charmap-codec-api.test.ts > preserves 'decode' 'handler' failure identity
AssertionError: handler traceback: expected 'exception' to be 'ok' // Object.is equality

Expected: "ok"
Received: "exception"

 ❯ run packages/safe-python/src/session-charmap-codec-api.test.ts:13:32
     11|     if(message.status==="ok")detail=String(message.value.primitive);
     12|   }
     13|   expect(result.status,detail).toBe("ok");
       |                                ^
     14| }
     15|
 ❯ packages/safe-python/src/session-charmap-codec-api.test.ts:135:5

 ✓ packages/safe-js/src/interp/globals/object-from-entries-iterables-validation.test.ts (24 tests) 723ms

⎯⎯⎯⎯⎯⎯ Failed Tests 327 ⎯⎯⎯⎯⎯⎯

 FAIL  src/session-bytes-iterator.test.ts > matches bytes iterator oracle: 'builtin lookup failures retain guest …'
AssertionError: {"status":"ok","value":{"kind":"str","primitive":"AssertionError([])"}}: expected 'exception' to be 'ok' // Object.is equality

Expected: "ok"
Received: "exception"

 ❯ src/session-bytes-iterator.test.ts:169:110
    167|   let diagnostic:unknown=result;
    168|   if(result.status==="exception"){session.globals.set("failure",result…
    169|   expect(result.status,JSON.stringify(diagnostic,(_key,value)=>typeof …
       |                                                                                                              ^
    170| });
    171|

⎯⎯⎯⎯⎯⎯⎯⎯⎯⎯⎯⎯⎯⎯⎯⎯⎯⎯⎯⎯⎯⎯[1/327]⎯

 FAIL  src/session-bytes-keyword-subtypes.test.ts > preserves bytes constructor keyword lookup: 'source mutation replace'
AssertionError: expected { status: 'terminated', …(2) } to deeply equal { status: 'ok' }

- Expected
+ Received

  {
-   "status": "ok",
+   "message": "Maximum call stack size exceeded",
+   "reason": "internal",
+   "status": "terminated",
  }

 ❯ src/session-bytes-keyword-subtypes.test.ts:7:32
      5| it.each(reference.rows)("preserves bytes constructor keyword lookup: $…
      6|   const session=new PythonSession({limits:{maxSteps:1_000_000,maxAlloc…
      7|   expect(session.exec(source)).toEqual({status:"ok"});
       |                                ^
      8|   expect(session.eval("repr(actual)")).toMatchObject({status:"ok",valu…
      9| });

⎯⎯⎯⎯⎯⎯⎯⎯⎯⎯⎯⎯⎯⎯⎯⎯⎯⎯⎯⎯⎯⎯[2/327]⎯

 FAIL  src/session-charmap-codec-api.test.ts > preserves 'encode' 'mapping' failure identity
 FAIL  src/session-charmap-codec-api.test.ts > preserves 'decode' 'mapping' failure identity
AssertionError: mapping traceback: expected 'exception' to be 'ok' // Object.is equality

Expected: "ok"
Received: "exception"

 ❯ run src/session-charmap-codec-api.test.ts:13:32
     11|     if(message.status==="ok")detail=String(message.value.primitive);
     12|   }
     13|   expect(result.status,detail).toBe("ok");
       |                                ^
     14| }
     15|
 ❯ src/session-charmap-codec-api.test.ts:135:5

⎯⎯⎯⎯⎯⎯⎯⎯⎯⎯⎯⎯⎯⎯⎯⎯⎯⎯⎯⎯⎯⎯[3/327]⎯

 FAIL  src/session-charmap-codec-api.test.ts > preserves 'encode' 'handler' failure identity
 FAIL  src/session-charmap-codec-api.test.ts > preserves 'decode' 'handler' failure identity
AssertionError: handler traceback: expected 'exception' to be 'ok' // Object.is equality

Expected: "ok"
Received: "exception"

 ❯ run src/session-charmap-codec-api.test.ts:13:32
     11|     if(message.status==="ok")detail=String(message.value.primitive);
     12|   }
     13|   expect(result.status,detail).toBe("ok");
       |                                ^
     14| }
     15|
 ❯ src/session-charmap-codec-api.test.ts:135:5

⎯⎯⎯⎯⎯⎯⎯⎯⎯⎯⎯⎯⎯⎯⎯⎯⎯⎯⎯⎯⎯⎯[4/327]⎯

 FAIL  src/session-codec-bom-newline-split-user.test.ts > actual BOM/newline state transfer: 'utf-16'
AssertionError: encoded b'\xff\xfe\xff\xfeA\x00\xe9\x00=\xd8\x00\xde\r\x00\n\x00\xff\xfeZ\x00'
: expected 'exception' to be 'ok' // Object.is equality

Expected: "ok"
Received: "exception"

 ❯ src/session-codec-bom-newline-split-user.test.ts:17:33
     15|   });
     16|   const result = session.exec(source);
     17|   expect(result.status, output).toBe('ok');
       |                                 ^
     18|   expect(output).toBe(row.oracle.stdout);
     19| });

⎯⎯⎯⎯⎯⎯⎯⎯⎯⎯⎯⎯⎯⎯⎯⎯⎯⎯⎯⎯⎯⎯[5/327]⎯

 FAIL  src/session-codec-bom-newline-split-user.test.ts > actual BOM/newline state transfer: 'utf-32'
AssertionError: encoded b'\xff\xfe\x00\x00\xff\xfe\x00\x00A\x00\x00\x00\xe9\x00\x00\x00\x00\xf6\x01\x00\r\x00\x00\x00\n\x00\x00\x00\xff\xfe\x00\x00Z\x00\x00\x00'
: expected 'exception' to be 'ok' // Object.is equality

Expected: "ok"
Received: "exception"

 ❯ src/session-codec-bom-newline-split-user.test.ts:17:33
     15|   });
     16|   const result = session.exec(source);
     17|   expect(result.status, output).toBe('ok');
       |                                 ^
     18|   expect(output).toBe(row.oracle.stdout);
     19| });

⎯⎯⎯⎯⎯⎯⎯⎯⎯⎯⎯⎯⎯⎯⎯⎯⎯⎯⎯⎯⎯⎯[6/327]⎯

 FAIL  src/session-codec-callback-recursion.test.ts > repeated 'utf-8' callback recursion preserves exact tracebacks and reset
AssertionError: prefix '' (b'\xed', 0)
: expected { status: 'terminated', …(2) } to deeply equal { status: 'ok' }

- Expected
+ Received

  {
-   "status": "ok",
+   "message": "Maximum call stack size exceeded",
+   "reason": "internal",
+   "status": "terminated",
  }

 ❯ src/session-codec-callback-recursion.test.ts:19:26
     17|   });
     18|   const result = session.exec(source);
     19|   expect(result, output).toEqual({status: "ok"});
       |                          ^
     20|   expect(output).toBe(row.stdout);
     21| });

⎯⎯⎯⎯⎯⎯⎯⎯⎯⎯⎯⎯⎯⎯⎯⎯⎯⎯⎯⎯⎯⎯[7/327]⎯

 FAIL  src/session-codec-callback-recursion.test.ts > repeated 'utf-8-sig' callback recursion preserves exact tracebacks and reset
AssertionError: prefix '' (b'\xef', 1)
: expected { status: 'terminated', …(2) } to deeply equal { status: 'ok' }

- Expected
+ Received

  {
-   "status": "ok",
+   "message": "Maximum call stack size exceeded",
+   "reason": "internal",
+   "status": "terminated",
  }

 ❯ src/session-codec-callback-recursion.test.ts:19:26
     17|   });
     18|   const result = session.exec(source);
     19|   expect(result, output).toEqual({status: "ok"});
       |                          ^
     20|   expect(output).toBe(row.stdout);
     21| });

⎯⎯⎯⎯⎯⎯⎯⎯⎯⎯⎯⎯⎯⎯⎯⎯⎯⎯⎯⎯⎯⎯[8/327]⎯

 FAIL  src/session-codec-callback-recursion.test.ts > repeated 'utf-16-le' callback recursion preserves exact tracebacks and reset
 FAIL  src/session-codec-callback-recursion.test.ts > repeated 'utf-32-le' callback recursion preserves exact tracebacks and reset
 FAIL  src/session-codec-callback-recursion.test.ts > repeated 'utf-32-be' callback recursion preserves exact tracebacks and reset
AssertionError: prefix '' (b'\x00', 0)
: expected { status: 'terminated', …(2) } to deeply equal { status: 'ok' }

- Expected
+ Received

  {
-   "status": "ok",
+   "message": "Maximum call stack size exceeded",
+   "reason": "internal",
+   "status": "terminated",
  }

 ❯ src/session-codec-callback-recursion.test.ts:19:26
     17|   });
     18|   const result = session.exec(source);
     19|   expect(result, output).toEqual({status: "ok"});
       |                          ^
     20|   expect(output).toBe(row.stdout);
     21| });

⎯⎯⎯⎯⎯⎯⎯⎯⎯⎯⎯⎯⎯⎯⎯⎯⎯⎯⎯⎯⎯⎯[9/327]⎯

 FAIL  src/session-codec-callback-recursion.test.ts > repeated 'utf-16-be' callback recursion preserves exact tracebacks and reset
AssertionError: prefix '' (b'\xd8', 0)
: expected { status: 'terminated', …(2) } to deeply equal { status: 'ok' }

- Expected
+ Received

  {
-   "status": "ok",
+   "message": "Maximum call stack size exceeded",
+   "reason": "internal",
+   "status": "terminated",
  }

 ❯ src/session-codec-callback-recursion.test.ts:19:26
     17|   });
     18|   const result = session.exec(source);
     19|   expect(result, output).toEqual({status: "ok"});
       |                          ^
     20|   expect(output).toBe(row.stdout);
     21| });

⎯⎯⎯⎯⎯⎯⎯⎯⎯⎯⎯⎯⎯⎯⎯⎯⎯⎯⎯⎯⎯[10/327]⎯

 FAIL  src/session-codec-callback-service.test.ts > 'utf-8' unwinds service failure at callback 250 and repeats after reset
AssertionError: {"reads":86,"output":""}: expected { status: 'terminated', …(2) } to deeply equal { status: 'ok' }

- Expected
+ Received

  {
-   "status": "ok",
+   "message": "Maximum call stack size exceeded",
+   "reason": "internal",
+   "status": "terminated",
  }

 ❯ src/session-codec-callback-service.test.ts:22:51
     20|   });
     21|   const result = session.exec(expected.source);
     22|   expect(result, JSON.stringify({reads, output})).toEqual({status: "ok…
       |                                                   ^
     23|   expect(reads).toBe(stopAt * 2);
     24|   expect(output).toBe(expected.stdout);

⎯⎯⎯⎯⎯⎯⎯⎯⎯⎯⎯⎯⎯⎯⎯⎯⎯⎯⎯⎯⎯[11/327]⎯

 FAIL  src/session-codec-callback-service.test.ts > 'utf-8-sig' unwinds service failure at callback 250 and repeats after reset
AssertionError: {"reads":76,"output":""}: expected { status: 'terminated', …(2) } to deeply equal { status: 'ok' }

- Expected
+ Received

  {
-   "status": "ok",
+   "message": "Maximum call stack size exceeded",
+   "reason": "internal",
+   "status": "terminated",
  }

 ❯ src/session-codec-callback-service.test.ts:22:51
     20|   });
     21|   const result = session.exec(expected.source);
     22|   expect(result, JSON.stringify({reads, output})).toEqual({status: "ok…
       |                                                   ^
     23|   expect(reads).toBe(stopAt * 2);
     24|   expect(output).toBe(expected.stdout);

⎯⎯⎯⎯⎯⎯⎯⎯⎯⎯⎯⎯⎯⎯⎯⎯⎯⎯⎯⎯⎯[12/327]⎯

 FAIL  src/session-codec-callback-service.test.ts > 'utf-16-le' unwinds service failure at callback 250 and repeats after reset
AssertionError: {"reads":112,"output":""}: expected { status: 'terminated', …(2) } to deeply equal { status: 'ok' }

- Expected
+ Received

  {
-   "status": "ok",
+   "message": "Maximum call stack size exceeded",
+   "reason": "internal",
+   "status": "terminated",
  }

 ❯ src/session-codec-callback-service.test.ts:22:51
     20|   });
     21|   const result = session.exec(expected.source);
     22|   expect(result, JSON.stringify({reads, output})).toEqual({status: "ok…
       |                                                   ^
     23|   expect(reads).toBe(stopAt * 2);
     24|   expect(output).toBe(expected.stdout);

⎯⎯⎯⎯⎯⎯⎯⎯⎯⎯⎯⎯⎯⎯⎯⎯⎯⎯⎯⎯⎯[13/327]⎯

 FAIL  src/session-codec-callback-service.test.ts > 'utf-16-be' unwinds service failure at callback 250 and repeats after reset
AssertionError: {"reads":115,"output":""}: expected { status: 'terminated', …(2) } to deeply equal { status: 'ok' }

- Expected
+ Received

  {
-   "status": "ok",
+   "message": "Maximum call stack size exceeded",
+   "reason": "internal",
+   "status": "terminated",
  }

 ❯ src/session-codec-callback-service.test.ts:22:51
     20|   });
     21|   const result = session.exec(expected.source);
     22|   expect(result, JSON.stringify({reads, output})).toEqual({status: "ok…
       |                                                   ^
     23|   expect(reads).toBe(stopAt * 2);
     24|   expect(output).toBe(expected.stdout);

⎯⎯⎯⎯⎯⎯⎯⎯⎯⎯⎯⎯⎯⎯⎯⎯⎯⎯⎯⎯⎯[14/327]⎯

 FAIL  src/session-codec-callback-service.test.ts > 'utf-32-le' unwinds service failure at callback 250 and repeats after reset
AssertionError: {"reads":116,"output":""}: expected { status: 'terminated', …(2) } to deeply equal { status: 'ok' }

- Expected
+ Received

  {
-   "status": "ok",
+   "message": "Maximum call stack size exceeded",
+   "reason": "internal",
+   "status": "terminated",
  }

 ❯ src/session-codec-callback-service.test.ts:22:51
     20|   });
     21|   const result = session.exec(expected.source);
     22|   expect(result, JSON.stringify({reads, output})).toEqual({status: "ok…
       |                                                   ^
     23|   expect(reads).toBe(stopAt * 2);
     24|   expect(output).toBe(expected.stdout);

⎯⎯⎯⎯⎯⎯⎯⎯⎯⎯⎯⎯⎯⎯⎯⎯⎯⎯⎯⎯⎯[15/327]⎯

 FAIL  src/session-codec-callback-service.test.ts > 'utf-32-be' unwinds service failure at callback 250 and repeats after reset
AssertionError: {"reads":117,"output":""}: expected { status: 'terminated', …(2) } to deeply equal { status: 'ok' }

- Expected
+ Received

  {
-   "status": "ok",
+   "message": "Maximum call stack size exceeded",
+   "reason": "internal",
+   "status": "terminated",
  }

 ❯ src/session-codec-callback-service.test.ts:22:51
     20|   });
     21|   const result = session.exec(expected.source);
     22|   expect(result, JSON.stringify({reads, output})).toEqual({status: "ok…
       |                                                   ^
     23|   expect(reads).toBe(stopAt * 2);
     24|   expect(output).toBe(expected.stdout);

⎯⎯⎯⎯⎯⎯⎯⎯⎯⎯⎯⎯⎯⎯⎯⎯⎯⎯⎯⎯⎯[16/327]⎯

 FAIL  src/session-codec-callback-service.test.ts > 'utf-8' cancels at callback 250 (service throws: false) without crossing interpreters
AssertionError: {"reads":105,"output":""}: expected { status: 'terminated', …(2) } to match object { status: 'terminated', …(1) }
(1 matching property omitted from actual)

- Expected
+ Received

  {
-   "reason": "cancelled",
+   "reason": "internal",
    "status": "terminated",
  }

 ❯ src/session-codec-callback-service.test.ts:53:53
     51|     expect(isolated.exec(independent)).toEqual({status: "ok"});
     52|     expect(isolatedReads).toBe(0);
     53|     expect(result, JSON.stringify({reads, output})).toMatchObject({sta…
       |                                                     ^
     54|     expect(reads).toBe(stopAt);
     55|     expect(output).toBe("");

⎯⎯⎯⎯⎯⎯⎯⎯⎯⎯⎯⎯⎯⎯⎯⎯⎯⎯⎯⎯⎯[17/327]⎯

 FAIL  src/session-codec-callback-service.test.ts > 'utf-8' cancels at callback 250 (service throws: true) without crossing interpreters
AssertionError: {"reads":111,"output":""}: expected { status: 'terminated', …(2) } to match object { status: 'terminated', …(1) }
(1 matching property omitted from actual)

- Expected
+ Received

  {
-   "reason": "cancelled",
+   "reason": "internal",
    "status": "terminated",
  }

 ❯ src/session-codec-callback-service.test.ts:53:53
     51|     expect(isolated.exec(independent)).toEqual({status: "ok"});
     52|     expect(isolatedReads).toBe(0);
     53|     expect(result, JSON.stringify({reads, output})).toMatchObject({sta…
       |                                                     ^
     54|     expect(reads).toBe(stopAt);
     55|     expect(output).toBe("");

⎯⎯⎯⎯⎯⎯⎯⎯⎯⎯⎯⎯⎯⎯⎯⎯⎯⎯⎯⎯⎯[18/327]⎯

 FAIL  src/session-codec-callback-service.test.ts > 'utf-8-sig' cancels at callback 250 (service throws: false) without crossing interpreters
 FAIL  src/session-codec-callback-service.test.ts > 'utf-8-sig' cancels at callback 250 (service throws: true) without crossing interpreters
AssertionError: {"reads":84,"output":""}: expected { status: 'terminated', …(2) } to match object { status: 'terminated', …(1) }
(1 matching property omitted from actual)

- Expected
+ Received

  {
-   "reason": "cancelled",
+   "reason": "internal",
    "status": "terminated",
  }

 ❯ src/session-codec-callback-service.test.ts:53:53
     51|     expect(isolated.exec(independent)).toEqual({status: "ok"});
     52|     expect(isolatedReads).toBe(0);
     53|     expect(result, JSON.stringify({reads, output})).toMatchObject({sta…
       |                                                     ^
     54|     expect(reads).toBe(stopAt);
     55|     expect(output).toBe("");

⎯⎯⎯⎯⎯⎯⎯⎯⎯⎯⎯⎯⎯⎯⎯⎯⎯⎯⎯⎯⎯[19/327]⎯

 FAIL  src/session-codec-callback-service.test.ts > 'utf-16-le' cancels at callback 250 (service throws: false) without crossing interpreters
 FAIL  src/session-codec-callback-service.test.ts > 'utf-16-le' cancels at callback 250 (service throws: true) without crossing interpreters
 FAIL  src/session-codec-callback-service.test.ts > 'utf-16-be' cancels at callback 250 (service throws: false) without crossing interpreters
AssertionError: {"reads":122,"output":""}: expected { status: 'terminated', …(2) } to match object { status: 'terminated', …(1) }
(1 matching property omitted from actual)

- Expected
+ Received

  {
-   "reason": "cancelled",
+   "reason": "internal",
    "status": "terminated",
  }

 ❯ src/session-codec-callback-service.test.ts:53:53
     51|     expect(isolated.exec(independent)).toEqual({status: "ok"});
     52|     expect(isolatedReads).toBe(0);
     53|     expect(result, JSON.stringify({reads, output})).toMatchObject({sta…
       |                                                     ^
     54|     expect(reads).toBe(stopAt);
     55|     expect(output).toBe("");

⎯⎯⎯⎯⎯⎯⎯⎯⎯⎯⎯⎯⎯⎯⎯⎯⎯⎯⎯⎯⎯[20/327]⎯

 FAIL  src/session-codec-callback-service.test.ts > 'utf-16-be' cancels at callback 250 (service throws: true) without crossing interpreters
AssertionError: {"reads":126,"output":""}: expected { status: 'terminated', …(2) } to match object { status: 'terminated', …(1) }
(1 matching property omitted from actual)

- Expected
+ Received

  {
-   "reason": "cancelled",
+   "reason": "internal",
    "status": "terminated",
  }

 ❯ src/session-codec-callback-service.test.ts:53:53
     51|     expect(isolated.exec(independent)).toEqual({status: "ok"});
     52|     expect(isolatedReads).toBe(0);
     53|     expect(result, JSON.stringify({reads, output})).toMatchObject({sta…
       |                                                     ^
     54|     expect(reads).toBe(stopAt);
     55|     expect(output).toBe("");

⎯⎯⎯⎯⎯⎯⎯⎯⎯⎯⎯⎯⎯⎯⎯⎯⎯⎯⎯⎯⎯[21/327]⎯

 FAIL  src/session-codec-callback-service.test.ts > 'utf-32-le' cancels at callback 250 (service throws: false) without crossing interpreters
 FAIL  src/session-codec-callback-service.test.ts > 'utf-32-le' cancels at callback 250 (service throws: true) without crossing interpreters
 FAIL  src/session-codec-callback-service.test.ts > 'utf-32-be' cancels at callback 250 (service throws: false) without crossing interpreters
 FAIL  src/session-codec-callback-service.test.ts > 'utf-32-be' cancels at callback 250 (service throws: true) without crossing interpreters
AssertionError: {"reads":131,"output":""}: expected { status: 'terminated', …(2) } to match object { status: 'terminated', …(1) }
(1 matching property omitted from actual)

- Expected
+ Received

  {
-   "reason": "cancelled",
+   "reason": "internal",
    "status": "terminated",
  }

 ❯ src/session-codec-callback-service.test.ts:53:53
     51|     expect(isolated.exec(independent)).toEqual({status: "ok"});
     52|     expect(isolatedReads).toBe(0);
     53|     expect(result, JSON.stringify({reads, output})).toMatchObject({sta…
       |                                                     ^
     54|     expect(reads).toBe(stopAt);
     55|     expect(output).toBe("");

⎯⎯⎯⎯⎯⎯⎯⎯⎯⎯⎯⎯⎯⎯⎯⎯⎯⎯⎯⎯⎯[22/327]⎯

 FAIL  src/session-codec-cstring-replacement.test.ts > 'c2 decoded 8 as UTF-8 replacement'
AssertionError: expected '\'8\' True\nok\nok\n2\nutf-8\nok\nok\…' to be '\'8\' True\nok\nok\n2\nutf-8\nok\nok\…' // Object.is equality

- Expected
+ Received

@@ -79,12 +79,12 @@
  latin1 b'8'
  latin1 b'8'
  utf8 b'8'
  utf8 b'8'
  utf8 b'8'
- utf16 b'\xff\xfe8\x00'
+ utf16 LookupError unknown encoding: utf16
  utf16 b'\xff\xfe8\x00'
  utf16 b'\xff\xfe8\x00'
- utf32 b'\xff\xfe\x00\x008\x00\x00\x00'
+ utf32 LookupError unknown encoding: utf32
  utf32 b'\xff\xfe\x00\x008\x00\x00\x00'
  utf32 b'\xff\xfe\x00\x008\x00\x00\x00'


 ❯ src/session-codec-cstring-replacement.test.ts:16:18
     14|   });
     15|   expect(session.exec(source).status).toBe('ok');
     16|   expect(output).toBe(expected.stdout);
       |                  ^
     17| });
     18|

⎯⎯⎯⎯⎯⎯⎯⎯⎯⎯⎯⎯⎯⎯⎯⎯⎯⎯⎯⎯⎯[23/327]⎯

 FAIL  src/session-codec-cstring-replacement.test.ts > 'c2 decoded 88 as UTF-8 replacement'
AssertionError: expected '\'88\' False\nUnicodeEncodeError True…' to be '\'88\' False\nUnicodeEncodeError True…' // Object.is equality

- Expected
+ Received

@@ -79,12 +79,12 @@
  latin1 b'88'
  latin1 b'88'
  utf8 UnicodeEncodeError True utf-8 0 1 surrogates not allowed
  utf8 UnicodeEncodeError True utf-8 0 1 surrogates not allowed
  utf8 UnicodeEncodeError True utf-8 0 1 surrogates not allowed
- utf16 UnicodeEncodeError True utf-16 0 1 surrogates not allowed
+ utf16 LookupError unknown encoding: utf16
  utf16 UnicodeEncodeError True utf-16 0 1 surrogates not allowed
  utf16 UnicodeEncodeError True utf-16 0 1 surrogates not allowed
- utf32 UnicodeEncodeError True utf-32 0 1 surrogates not allowed
+ utf32 LookupError unknown encoding: utf32
  utf32 UnicodeEncodeError True utf-32 0 1 surrogates not allowed
  utf32 UnicodeEncodeError True utf-32 0 1 surrogates not allowed


 ❯ src/session-codec-cstring-replacement.test.ts:16:18
     14|   });
     15|   expect(session.exec(source).status).toBe('ok');
     16|   expect(output).toBe(expected.stdout);
       |                  ^
     17| });
     18|

⎯⎯⎯⎯⎯⎯⎯⎯⎯⎯⎯⎯⎯⎯⎯⎯⎯⎯⎯⎯⎯[24/327]⎯

 FAIL  src/session-codec-cstring-replacement.test.ts > 'c4 decoded 8 as UTF-8 replacement'
 FAIL  src/session-codec-cstring-replacement.test.ts > 'f0 decoded 8 as UTF-8 replacement'
AssertionError: expected '\'8\' False\nUnicodeEncodeError True …' to be '\'8\' False\nUnicodeEncodeError True …' // Object.is equality

- Expected
+ Received

@@ -79,12 +79,12 @@
  latin1 UnicodeEncodeError True latin-1 0 1 ordinal not in range(256)
  latin1 UnicodeEncodeError True latin-1 0 1 ordinal not in range(256)
  utf8 UnicodeEncodeError True utf-8 0 1 surrogates not allowed
  utf8 UnicodeEncodeError True utf-8 0 1 surrogates not allowed
  utf8 UnicodeEncodeError True utf-8 0 1 surrogates not allowed
- utf16 UnicodeEncodeError True utf-16 0 1 surrogates not allowed
+ utf16 LookupError unknown encoding: utf16
  utf16 UnicodeEncodeError True utf-16 0 1 surrogates not allowed
  utf16 UnicodeEncodeError True utf-16 0 1 surrogates not allowed
- utf32 UnicodeEncodeError True utf-32 0 1 surrogates not allowed
+ utf32 LookupError unknown encoding: utf32
  utf32 UnicodeEncodeError True utf-32 0 1 surrogates not allowed
  utf32 UnicodeEncodeError True utf-32 0 1 surrogates not allowed


 ❯ src/session-codec-cstring-replacement.test.ts:16:18
     14|   });
     15|   expect(session.exec(source).status).toBe('ok');
     16|   expect(output).toBe(expected.stdout);
       |                  ^
     17| });
     18|

⎯⎯⎯⎯⎯⎯⎯⎯⎯⎯⎯⎯⎯⎯⎯⎯⎯⎯⎯⎯⎯[25/327]⎯

 FAIL  src/session-codec-cstring-replacement.test.ts > 'c4 decoded 88 as UTF-8 replacement'
 FAIL  src/session-codec-cstring-replacement.test.ts > 'f0 decoded 88 as UTF-8 replacement'
AssertionError: expected '\'88\' False\nUnicodeEncodeError True…' to be '\'88\' False\nUnicodeEncodeError True…' // Object.is equality

- Expected
+ Received

@@ -79,12 +79,12 @@
  latin1 UnicodeEncodeError True latin-1 0 1 ordinal not in range(256)
  latin1 UnicodeEncodeError True latin-1 0 1 ordinal not in range(256)
  utf8 UnicodeEncodeError True utf-8 0 1 surrogates not allowed
  utf8 UnicodeEncodeError True utf-8 0 1 surrogates not allowed
  utf8 UnicodeEncodeError True utf-8 0 1 surrogates not allowed
- utf16 UnicodeEncodeError True utf-16 0 1 surrogates not allowed
+ utf16 LookupError unknown encoding: utf16
  utf16 UnicodeEncodeError True utf-16 0 1 surrogates not allowed
  utf16 UnicodeEncodeError True utf-16 0 1 surrogates not allowed
- utf32 UnicodeEncodeError True utf-32 0 1 surrogates not allowed
+ utf32 LookupError unknown encoding: utf32
  utf32 UnicodeEncodeError True utf-32 0 1 surrogates not allowed
  utf32 UnicodeEncodeError True utf-32 0 1 surrogates not allowed


 ❯ src/session-codec-cstring-replacement.test.ts:16:18
     14|   });
     15|   expect(session.exec(source).status).toBe('ok');
     16|   expect(output).toBe(expected.stdout);
       |                  ^
     17| });
     18|

⎯⎯⎯⎯⎯⎯⎯⎯⎯⎯⎯⎯⎯⎯⎯⎯⎯⎯⎯⎯⎯[26/327]⎯

 FAIL  src/session-codec-decoder-consumers.test.ts > registered decoder consumer: 'source.decode(\'decoder-contract\'): …'
 FAIL  src/session-codec-decoder-consumers.test.ts > registered decoder consumer: 'source.decode(\'decoder-contract\'): …'
 FAIL  src/session-codec-decoder-consumers.test.ts > registered decoder consumer: 'bytes.decode(source, \'decoder-contra…'
 FAIL  src/session-codec-decoder-consumers.test.ts > registered decoder consumer: 'bytes.decode(source, \'decoder-contra…'
 FAIL  src/session-codec-decoder-consumers.test.ts > registered decoder consumer: 'str(source, \'decoder-contract\'): om…'
 FAIL  src/session-codec-decoder-consumers.test.ts > registered decoder consumer: 'str(source, \'decoder-contract\'): ex…'
 FAIL  src/session-codec-decoder-consumers.test.ts > registered decoder consumer: 'str.__new__(str, source, \'decoder-co…'
 FAIL  src/session-codec-decoder-consumers.test.ts > registered decoder consumer: 'str.__new__(str, source, \'decoder-co…'
AssertionError: unknown encoding: decoder-contract: expected 'exception' to be 'ok' // Object.is equality

Expected: "ok"
Received: "exception"

 ❯ src/session-codec-decoder-consumers.test.ts:14:33
     12|     if (diagnostic.status === "ok") detail = String(diagnostic.value.p…
     13|   }
     14|   expect(result.status, detail).toBe("ok");
       |                                 ^
     15| });
     16|

⎯⎯⎯⎯⎯⎯⎯⎯⎯⎯⎯⎯⎯⎯⎯⎯⎯⎯⎯⎯⎯[27/327]⎯

 FAIL  src/session-codec-encoder-callback-state.test.ts > 'utf-16; keep; negative resume'
 FAIL  src/session-codec-encoder-callback-state.test.ts > 'utf-16; keep; index failure'
 FAIL  src/session-codec-encoder-callback-state.test.ts > 'utf-16; reset; negative resume'
 FAIL  src/session-codec-encoder-callback-state.test.ts > 'utf-16; reset; index failure'
 FAIL  src/session-codec-encoder-callback-state.test.ts > 'utf-16; setstate; negative resume'
 FAIL  src/session-codec-encoder-callback-state.test.ts > 'utf-16; setstate; index failure'
 FAIL  src/session-codec-encoder-callback-state.test.ts > 'utf-16; nested; negative resume'
 FAIL  src/session-codec-encoder-callback-state.test.ts > 'utf-16; nested; index failure'
AssertionError: unknown encoding: utf-16: expected 'exception' to be 'ok' // Object.is equality

Expected: "ok"
Received: "exception"

 ❯ src/session-codec-encoder-callback-state.test.ts:22:37
     20|     if (detail.status === 'ok') diagnostic += String(detail.value.prim…
     21|   }
     22|   expect(result.status, diagnostic).toBe('ok');
       |                                     ^
     23|   expect(output).toBe(oracle.output);
     24| });

⎯⎯⎯⎯⎯⎯⎯⎯⎯⎯⎯⎯⎯⎯⎯⎯⎯⎯⎯⎯⎯[28/327]⎯

 FAIL  src/session-codec-encoder-callback-state.test.ts > 'utf-32; keep; negative resume'
 FAIL  src/session-codec-encoder-callback-state.test.ts > 'utf-32; keep; index failure'
 FAIL  src/session-codec-encoder-callback-state.test.ts > 'utf-32; reset; negative resume'
 FAIL  src/session-codec-encoder-callback-state.test.ts > 'utf-32; reset; index failure'
 FAIL  src/session-codec-encoder-callback-state.test.ts > 'utf-32; setstate; negative resume'
 FAIL  src/session-codec-encoder-callback-state.test.ts > 'utf-32; setstate; index failure'
 FAIL  src/session-codec-encoder-callback-state.test.ts > 'utf-32; nested; negative resume'
 FAIL  src/session-codec-encoder-callback-state.test.ts > 'utf-32; nested; index failure'
AssertionError: unknown encoding: utf-32: expected 'exception' to be 'ok' // Object.is equality

Expected: "ok"
Received: "exception"

 ❯ src/session-codec-encoder-callback-state.test.ts:22:37
     20|     if (detail.status === 'ok') diagnostic += String(detail.value.prim…
     21|   }
     22|   expect(result.status, diagnostic).toBe('ok');
       |                                     ^
     23|   expect(output).toBe(oracle.output);
     24| });

⎯⎯⎯⎯⎯⎯⎯⎯⎯⎯⎯⎯⎯⎯⎯⎯⎯⎯⎯⎯⎯[29/327]⎯

 FAIL  src/session-codec-frozen-execution.test.ts > frozen execution: 'late frozen import failure retains es…'
AssertionError: 'code' object has no attribute 'co_consts': expected 'exception' to be 'ok' // Object.is equality

Expected: "ok"
Received: "exception"

 ❯ src/session-codec-frozen-execution.test.ts:42:33
     40|     if (diagnostic.status === "ok") detail = String(diagnostic.value.p…
     41|   }
     42|   expect(result.status, detail).toBe("ok");
       |                                 ^
     43|   expect(stdout).toBe(output);
     44|   // The mutated base class and the imported module cannot leak to a n…

⎯⎯⎯⎯⎯⎯⎯⎯⎯⎯⎯⎯⎯⎯⎯⎯⎯⎯⎯⎯⎯[30/327]⎯

 FAIL  src/session-codec-incremental-callback-user.test.ts > incremental callback user audit: 'utf-8; reenter; return'
 FAIL  src/session-codec-incremental-callback-user.test.ts > incremental callback user audit: 'utf-8; reenter; raise'
 FAIL  src/session-codec-incremental-callback-user.test.ts > incremental callback user audit: 'utf-8; reenter; overflow'
 FAIL  src/session-codec-incremental-callback-user.test.ts > incremental callback user audit: 'utf-8-sig; reenter; return'
 FAIL  src/session-codec-incremental-callback-user.test.ts > incremental callback user audit: 'utf-8-sig; reenter; raise'
 FAIL  src/session-codec-incremental-callback-user.test.ts > incremental callback user audit: 'utf-8-sig; reenter; overflow'
 FAIL  src/session-codec-incremental-callback-user.test.ts > incremental callback user audit: 'utf-16-le; reenter; return'
 FAIL  src/session-codec-incremental-callback-user.test.ts > incremental callback user audit: 'utf-16-le; reenter; raise'
 FAIL  src/session-codec-incremental-callback-user.test.ts > incremental callback user audit: 'utf-16-le; reenter; overflow'
 FAIL  src/session-codec-incremental-callback-user.test.ts > incremental callback user audit: 'utf-16-be; reenter; return'
 FAIL  src/session-codec-incremental-callback-user.test.ts > incremental callback user audit: 'utf-16-be; reenter; raise'
 FAIL  src/session-codec-incremental-callback-user.test.ts > incremental callback user audit: 'utf-16-be; reenter; overflow'
 FAIL  src/session-codec-incremental-callback-user.test.ts > incremental callback user audit: 'utf-32-le; reenter; return'
 FAIL  src/session-codec-incremental-callback-user.test.ts > incremental callback user audit: 'utf-32-le; reenter; raise'
 FAIL  src/session-codec-incremental-callback-user.test.ts > incremental callback user audit: 'utf-32-le; reenter; overflow'
 FAIL  src/session-codec-incremental-callback-user.test.ts > incremental callback user audit: 'utf-32-be; reenter; return'
 FAIL  src/session-codec-incremental-callback-user.test.ts > incremental callback user audit: 'utf-32-be; reenter; raise'
 FAIL  src/session-codec-incremental-callback-user.test.ts > incremental callback user audit: 'utf-32-be; reenter; overflow'
AssertionError: {"status":"terminated","reason":"internal","message":"Maximum call stack size exceeded"}: expected 'terminated' to be 'ok' // Object.is equality

Expected: "ok"
Received: "terminated"

 ❯ src/session-codec-incremental-callback-user.test.ts:22:91
     20|   });
     21|   const result = session.exec(source);
     22|   expect(result.status, result.status === "terminated" ? JSON.stringif…
       |                                                                                           ^
     23|   expect(output).toBe(row.stdout);
     24| });

⎯⎯⎯⎯⎯⎯⎯⎯⎯⎯⎯⎯⎯⎯⎯⎯⎯⎯⎯⎯⎯[31/327]⎯

 FAIL  src/session-codec-module.test.ts > shares imported registrations with native text methods and constructors
AssertionError: unknown encoding: public_text: expected 'exception' to be 'ok' // Object.is equality

Expected: "ok"
Received: "exception"

 ❯ run src/session-codec-module.test.ts:13:32
     11|     if(message.status==="ok")detail=String(message.value.primitive);
     12|   }
     13|   expect(result.status,detail).toBe("ok");
       |                                ^
     14| }
     15|
 ❯ src/session-codec-module.test.ts:77:3

⎯⎯⎯⎯⎯⎯⎯⎯⎯⎯⎯⎯⎯⎯⎯⎯⎯⎯⎯⎯⎯[32/327]⎯

 FAIL  src/session-codec-multibyte-encoder-reentry.test.ts > 'gb2312' preserves callback and restored pending state
AssertionError: LookupError('unknown encoding: gb2312'): expected 'exception' to be 'ok' // Object.is equality

Expected: "ok"
Received: "exception"

 ❯ src/session-codec-multibyte-encoder-reentry.test.ts:24:37
     22|     if (detail.status === 'ok') diagnostic += String(detail.value.prim…
     23|   }
     24|   expect(result.status, diagnostic).toBe('ok');
       |                                     ^
     25|   expect(output).toBe(oracle.stdout);
     26| });

⎯⎯⎯⎯⎯⎯⎯⎯⎯⎯⎯⎯⎯⎯⎯⎯⎯⎯⎯⎯⎯[33/327]⎯

 FAIL  src/session-codec-multibyte-encoder-reentry.test.ts > 'gbk' preserves callback and restored pending state
AssertionError: LookupError('unknown encoding: gbk'): expected 'exception' to be 'ok' // Object.is equality

Expected: "ok"
Received: "exception"

 ❯ src/session-codec-multibyte-encoder-reentry.test.ts:24:37
     22|     if (detail.status === 'ok') diagnostic += String(detail.value.prim…
     23|   }
     24|   expect(result.status, diagnostic).toBe('ok');
       |                                     ^
     25|   expect(output).toBe(oracle.stdout);
     26| });

⎯⎯⎯⎯⎯⎯⎯⎯⎯⎯⎯⎯⎯⎯⎯⎯⎯⎯⎯⎯⎯[34/327]⎯

 FAIL  src/session-codec-multibyte-encoder-reentry.test.ts > 'euc_jis_2004' preserves callback and restored pending state
AssertionError: LookupError('unknown encoding: euc_jis_2004'): expected 'exception' to be 'ok' // Object.is equality

Expected: "ok"
Received: "exception"

 ❯ src/session-codec-multibyte-encoder-reentry.test.ts:24:37
     22|     if (detail.status === 'ok') diagnostic += String(detail.value.prim…
     23|   }
     24|   expect(result.status, diagnostic).toBe('ok');
       |                                     ^
     25|   expect(output).toBe(oracle.stdout);
     26| });

⎯⎯⎯⎯⎯⎯⎯⎯⎯⎯⎯⎯⎯⎯⎯⎯⎯⎯⎯⎯⎯[35/327]⎯

 FAIL  src/session-codec-multibyte-encoder-reentry.test.ts > 'euc_jisx0213' preserves callback and restored pending state
AssertionError: LookupError('unknown encoding: euc_jisx0213'): expected 'exception' to be 'ok' // Object.is equality

Expected: "ok"
Received: "exception"

 ❯ src/session-codec-multibyte-encoder-reentry.test.ts:24:37
     22|     if (detail.status === 'ok') diagnostic += String(detail.value.prim…
     23|   }
     24|   expect(result.status, diagnostic).toBe('ok');
       |                                     ^
     25|   expect(output).toBe(oracle.stdout);
     26| });

⎯⎯⎯⎯⎯⎯⎯⎯⎯⎯⎯⎯⎯⎯⎯⎯⎯⎯⎯⎯⎯[36/327]⎯

 FAIL  src/session-codec-multibyte-encoder-reentry.test.ts > 'shift_jis_2004' preserves callback and restored pending state
AssertionError: LookupError('unknown encoding: shift_jis_2004'): expected 'exception' to be 'ok' // Object.is equality

Expected: "ok"
Received: "exception"

 ❯ src/session-codec-multibyte-encoder-reentry.test.ts:24:37
     22|     if (detail.status === 'ok') diagnostic += String(detail.value.prim…
     23|   }
     24|   expect(result.status, diagnostic).toBe('ok');
       |                                     ^
     25|   expect(output).toBe(oracle.stdout);
     26| });

⎯⎯⎯⎯⎯⎯⎯⎯⎯⎯⎯⎯⎯⎯⎯⎯⎯⎯⎯⎯⎯[37/327]⎯

 FAIL  src/session-codec-multibyte-encoder-reentry.test.ts > 'shift_jisx0213' preserves callback and restored pending state
AssertionError: LookupError('unknown encoding: shift_jisx0213'): expected 'exception' to be 'ok' // Object.is equality

Expected: "ok"
Received: "exception"

 ❯ src/session-codec-multibyte-encoder-reentry.test.ts:24:37
     22|     if (detail.status === 'ok') diagnostic += String(detail.value.prim…
     23|   }
     24|   expect(result.status, diagnostic).toBe('ok');
       |                                     ^
     25|   expect(output).toBe(oracle.stdout);
     26| });

⎯⎯⎯⎯⎯⎯⎯⎯⎯⎯⎯⎯⎯⎯⎯⎯⎯⎯⎯⎯⎯[38/327]⎯

 FAIL  src/session-codec-native-failures.test.ts > native codec failure: 'u16: text.encode(encoding)'
 FAIL  src/session-codec-native-failures.test.ts > native codec failure: 'u16: str.encode(text, encoding)'
 FAIL  src/session-codec-native-failures.test.ts > native codec failure: 'u16: bytes(text, encoding)'
 FAIL  src/session-codec-native-failures.test.ts > native codec failure: 'u16: bytes.__new__(bytes, text, encod…'
AssertionError: unknown encoding: u16: expected 'exception' to be 'ok' // Object.is equality

Expected: "ok"
Received: "exception"

 ❯ src/session-codec-native-failures.test.ts:14:32
     12|     if(diagnostic.status==="ok")detail=String(diagnostic.value.primiti…
     13|   }
     14|   expect(result.status,detail).toBe("ok");
       |                                ^
     15| });
     16|

⎯⎯⎯⎯⎯⎯⎯⎯⎯⎯⎯⎯⎯⎯⎯⎯⎯⎯⎯⎯⎯[39/327]⎯

 FAIL  src/session-codec-native-failures.test.ts > native codec failure: 'u32: text.encode(encoding)'
 FAIL  src/session-codec-native-failures.test.ts > native codec failure: 'u32: str.encode(text, encoding)'
 FAIL  src/session-codec-native-failures.test.ts > native codec failure: 'u32: bytes(text, encoding)'
 FAIL  src/session-codec-native-failures.test.ts > native codec failure: 'u32: bytes.__new__(bytes, text, encod…'
AssertionError: unknown encoding: u32: expected 'exception' to be 'ok' // Object.is equality

Expected: "ok"
Received: "exception"

 ❯ src/session-codec-native-failures.test.ts:14:32
     12|     if(diagnostic.status==="ok")detail=String(diagnostic.value.primiti…
     13|   }
     14|   expect(result.status,detail).toBe("ok");
       |                                ^
     15| });
     16|

⎯⎯⎯⎯⎯⎯⎯⎯⎯⎯⎯⎯⎯⎯⎯⎯⎯⎯⎯⎯⎯[40/327]⎯

 FAIL  src/session-codec-native-slots.test.ts > native codec slots: 'hash inheritance failure 1'
 FAIL  src/session-codec-native-slots.test.ts > native codec slots: 'hash inheritance failure 2'
 FAIL  src/session-codec-native-slots.test.ts > native codec slots: 'hash inheritance failure 3'
AssertionError: 'NoneType' object has no attribute 'tb_frame': expected 'exception' to be 'ok' // Object.is equality

Expected: "ok"
Received: "exception"

 ❯ src/session-codec-native-slots.test.ts:15:41
     13|     if (diagnostic.status === "ok") detail = diagnostic.value.primitiv…
     14|   }
     15|   expect(result.status, String(detail)).toBe("ok");
       |                                         ^
     16| });
     17|

⎯⎯⎯⎯⎯⎯⎯⎯⎯⎯⎯⎯⎯⎯⎯⎯⎯⎯⎯⎯⎯[41/327]⎯

 FAIL  src/session-codec-native-wide-modules.test.ts > native wide codec module: 'utf-16 registry and module API'
 FAIL  src/session-codec-native-wide-modules.test.ts > native wide codec module: 'utf-16 incremental encoder state and …'
 FAIL  src/session-codec-native-wide-modules.test.ts > native wide codec module: 'utf-16 every incremental split and st…'
 FAIL  src/session-codec-native-wide-modules.test.ts > native wide codec module: 'utf-16 missing BOM and truncated inpu…'
 FAIL  src/session-codec-native-wide-modules.test.ts > native wide codec module: 'utf-16 stream adapters BOM and reset'
 FAIL  src/session-codec-native-wide-modules.test.ts > native wide codec module: 'utf-32 registry and module API'
 FAIL  src/session-codec-native-wide-modules.test.ts > native wide codec module: 'utf-32 incremental encoder state and …'
 FAIL  src/session-codec-native-wide-modules.test.ts > native wide codec module: 'utf-32 every incremental split and st…'
 FAIL  src/session-codec-native-wide-modules.test.ts > native wide codec module: 'utf-32 missing BOM and truncated inpu…'
 FAIL  src/session-codec-native-wide-modules.test.ts > native wide codec module: 'utf-32 stream adapters BOM and reset'
AssertionError: No module named 'sys': expected 'exception' to be 'ok' // Object.is equality

Expected: "ok"
Received: "exception"

 ❯ src/session-codec-native-wide-modules.test.ts:14:33
     12|     if (diagnostic.status === "ok") detail = String(diagnostic.value.p…
     13|   }
     14|   expect(result.status, detail).toBe("ok");
       |                                 ^
     15| });
     16|

⎯⎯⎯⎯⎯⎯⎯⎯⎯⎯⎯⎯⎯⎯⎯⎯⎯⎯⎯⎯⎯[42/327]⎯

 FAIL  src/session-codec-platform-modules.test.ts > platform codec: 'mbcs import failure and registry cache'
 FAIL  src/session-codec-platform-modules.test.ts > platform codec: 'oem import failure and registry cache'
 FAIL  src/session-codec-platform-modules.test.ts > platform codec: 'Windows code-page factory imports laz…'
AssertionError: expected 'exception' to be 'ok' // Object.is equality

Expected: "ok"
Received: "exception"

 ❯ src/session-codec-platform-modules.test.ts:14:33
     12|     if (diagnostic.status === "ok") detail = String(diagnostic.value.p…
     13|   }
     14|   expect(result.status, detail).toBe("ok");
       |                                 ^
     15| });
     16|

⎯⎯⎯⎯⎯⎯⎯⎯⎯⎯⎯⎯⎯⎯⎯⎯⎯⎯⎯⎯⎯[43/327]⎯

 FAIL  src/session-codec-public-contracts.test.ts > public codec contract: 'byte escape types, argument precedenc…'
AssertionError: No module named 'warnings': expected 'exception' to be 'ok' // Object.is equality

Expected: "ok"
Received: "exception"

 ❯ src/session-codec-public-contracts.test.ts:23:32
     21|     if(diagnostic.status==="ok")detail=String(diagnostic.value.primiti…
     22|   }
     23|   expect(result.status,detail).toBe("ok");
       |                                ^
     24|   expect(output).toBe(expected!.stdout);
     25| });

⎯⎯⎯⎯⎯⎯⎯⎯⎯⎯⎯⎯⎯⎯⎯⎯⎯⎯⎯⎯⎯[44/327]⎯

 FAIL  src/session-codec-public-contracts.test.ts > public codec contract: 'Punycode public decoder factories ret…'
AssertionError: name 'memoryview' is not defined: expected 'exception' to be 'ok' // Object.is equality

Expected: "ok"
Received: "exception"

 ❯ src/session-codec-public-contracts.test.ts:23:32
     21|     if(diagnostic.status==="ok")detail=String(diagnostic.value.primiti…
     22|   }
     23|   expect(result.status,detail).toBe("ok");
       |                                ^
     24|   expect(output).toBe(expected!.stdout);
     25| });

⎯⎯⎯⎯⎯⎯⎯⎯⎯⎯⎯⎯⎯⎯⎯⎯⎯⎯⎯⎯⎯[45/327]⎯

 FAIL  src/session-codec-public-contracts.test.ts > public codec contract: 'charmap surrogateescape retains origi…'
 FAIL  src/session-codec-public-contracts.test.ts > public codec contract: 'all standard handlers through publish…'
AssertionError: expected 'exception' to be 'ok' // Object.is equality

Expected: "ok"
Received: "exception"

 ❯ src/session-codec-public-contracts.test.ts:23:32
     21|     if(diagnostic.status==="ok")detail=String(diagnostic.value.primiti…
     22|   }
     23|   expect(result.status,detail).toBe("ok");
       |                                ^
     24|   expect(output).toBe(expected!.stdout);
     25| });

⎯⎯⎯⎯⎯⎯⎯⎯⎯⎯⎯⎯⎯⎯⎯⎯⎯⎯⎯⎯⎯[46/327]⎯

 FAIL  src/session-codec-public-contracts.test.ts > public codec contract: 'callback failures preserve identity, …'
AssertionError: 'NoneType' object has no attribute 'tb_frame': expected 'exception' to be 'ok' // Object.is equality

Expected: "ok"
Received: "exception"

 ❯ src/session-codec-public-contracts.test.ts:23:32
     21|     if(diagnostic.status==="ok")detail=String(diagnostic.value.primiti…
     22|   }
     23|   expect(result.status,detail).toBe("ok");
       |                                ^
     24|   expect(output).toBe(expected!.stdout);
     25| });

⎯⎯⎯⎯⎯⎯⎯⎯⎯⎯⎯⎯⎯⎯⎯⎯⎯⎯⎯⎯⎯[47/327]⎯

 FAIL  src/session-codec-public-contracts.test.ts > public codec contract: 'custom codecs shared by encode/decode…'
AssertionError: unknown encoding: public_consumer: expected 'exception' to be 'ok' // Object.is equality

Expected: "ok"
Received: "exception"

 ❯ src/session-codec-public-contracts.test.ts:23:32
     21|     if(diagnostic.status==="ok")detail=String(diagnostic.value.primiti…
     22|   }
     23|   expect(result.status,detail).toBe("ok");
       |                                ^
     24|   expect(output).toBe(expected!.stdout);
     25| });

⎯⎯⎯⎯⎯⎯⎯⎯⎯⎯⎯⎯⎯⎯⎯⎯⎯⎯⎯⎯⎯[48/327]⎯

 FAIL  src/session-codec-public-contracts.test.ts > public codec contract: 'decoder subtype identity and tuple ov…'
AssertionError: unknown encoding: public_subtype: expected 'exception' to be 'ok' // Object.is equality

Expected: "ok"
Received: "exception"

 ❯ src/session-codec-public-contracts.test.ts:23:32
     21|     if(diagnostic.status==="ok")detail=String(diagnostic.value.primiti…
     22|   }
     23|   expect(result.status,detail).toBe("ok");
       |                                ^
     24|   expect(output).toBe(expected!.stdout);
     25| });

⎯⎯⎯⎯⎯⎯⎯⎯⎯⎯⎯⎯⎯⎯⎯⎯⎯⎯⎯⎯⎯[49/327]⎯

 FAIL  src/session-codec-public-contracts.test.ts > public codec contract: 'stream reader/writer adapters over a …'
AssertionError: No module named 'io': expected 'exception' to be 'ok' // Object.is equality

Expected: "ok"
Received: "exception"

 ❯ src/session-codec-public-contracts.test.ts:23:32
     21|     if(diagnostic.status==="ok")detail=String(diagnostic.value.primiti…
     22|   }
     23|   expect(result.status,detail).toBe("ok");
       |                                ^
     24|   expect(output).toBe(expected!.stdout);
     25| });

⎯⎯⎯⎯⎯⎯⎯⎯⎯⎯⎯⎯⎯⎯⎯⎯⎯⎯⎯⎯⎯[50/327]⎯

 FAIL  src/session-codec-public-contracts.test.ts > public codec contract: 'UTF-16/32 rejected replacements resto…'
AssertionError: unknown encoding: utf-16: expected 'exception' to be 'ok' // Object.is equality

Expected: "ok"
Received: "exception"

 ❯ src/session-codec-public-contracts.test.ts:23:32
     21|     if(diagnostic.status==="ok")detail=String(diagnostic.value.primiti…
     22|   }
     23|   expect(result.status,detail).toBe("ok");
       |                                ^
     24|   expect(output).toBe(expected!.stdout);
     25| });

⎯⎯⎯⎯⎯⎯⎯⎯⎯⎯⎯⎯⎯⎯⎯⎯⎯⎯⎯⎯⎯[51/327]⎯

 FAIL  src/session-codec-recovery-registry-swap.test.ts > retains decoder state during registry replacement: 'utf-16; guest failure=false'
 FAIL  src/session-codec-recovery-registry-swap.test.ts > retains decoder state during registry replacement: 'utf-16; guest failure=true'
AssertionError: LookupError('unknown encoding: utf-16'): expected 'exception' to be 'ok' // Object.is equality

Expected: "ok"
Received: "exception"

 ❯ src/session-codec-recovery-registry-swap.test.ts:30:33
     28|     if (diagnostic.status === "ok") detail = String(diagnostic.value.p…
     29|   }
     30|   expect(result.status, detail).toBe("ok");
       |                                 ^
     31|   expect(output).toBe(oracle.stdout);
     32|   expect(reads).toBe(1);

⎯⎯⎯⎯⎯⎯⎯⎯⎯⎯⎯⎯⎯⎯⎯⎯⎯⎯⎯⎯⎯[52/327]⎯

 FAIL  src/session-codec-recovery-registry-swap.test.ts > retains decoder state during registry replacement: 'utf-32; guest failure=false'
 FAIL  src/session-codec-recovery-registry-swap.test.ts > retains decoder state during registry replacement: 'utf-32; guest failure=true'
AssertionError: LookupError('unknown encoding: utf-32'): expected 'exception' to be 'ok' // Object.is equality

Expected: "ok"
Received: "exception"

 ❯ src/session-codec-recovery-registry-swap.test.ts:30:33
     28|     if (diagnostic.status === "ok") detail = String(diagnostic.value.p…
     29|   }
     30|   expect(result.status, detail).toBe("ok");
       |                                 ^
     31|   expect(output).toBe(oracle.stdout);
     32|   expect(reads).toBe(1);

⎯⎯⎯⎯⎯⎯⎯⎯⎯⎯⎯⎯⎯⎯⎯⎯⎯⎯⎯⎯⎯[53/327]⎯

 FAIL  src/session-codec-recovery-registry-swap.test.ts > keeps cancellation during registry replacement terminal: 'utf-16; guest failure=false'; throws=false
 FAIL  src/session-codec-recovery-registry-swap.test.ts > keeps cancellation during registry replacement terminal: 'utf-16; guest failure=false'; throws=true
 FAIL  src/session-codec-recovery-registry-swap.test.ts > keeps cancellation during registry replacement terminal: 'utf-16; guest failure=true'; throws=false
 FAIL  src/session-codec-recovery-registry-swap.test.ts > keeps cancellation during registry replacement terminal: 'utf-16; guest failure=true'; throws=true
 FAIL  src/session-codec-recovery-registry-swap.test.ts > keeps cancellation during registry replacement terminal: 'utf-32; guest failure=false'; throws=false
 FAIL  src/session-codec-recovery-registry-swap.test.ts > keeps cancellation during registry replacement terminal: 'utf-32; guest failure=false'; throws=true
 FAIL  src/session-codec-recovery-registry-swap.test.ts > keeps cancellation during registry replacement terminal: 'utf-32; guest failure=true'; throws=false
 FAIL  src/session-codec-recovery-registry-swap.test.ts > keeps cancellation during registry replacement terminal: 'utf-32; guest failure=true'; throws=true
AssertionError: expected 'exception' to be 'terminated' // Object.is equality

Expected: "terminated"
Received: "exception"

 ❯ src/session-codec-recovery-registry-swap.test.ts:48:27
     46|     });
     47|     const result = session.exec(source);
     48|     expect(result.status).toBe("terminated");
       |                           ^
     49|     if (result.status === "terminated") expect(result.reason).toBe("ca…
     50|     expect(reads).toBe(1);

⎯⎯⎯⎯⎯⎯⎯⎯⎯⎯⎯⎯⎯⎯⎯⎯⎯⎯⎯⎯⎯[54/327]⎯

 FAIL  src/session-codec-result-diagnostic-bytes.test.ts > codec result diagnostic 'decode: b\'\x80\' * 401'
AssertionError: unknown encoding: �����������������������������������������������������������������������������������������������������������������������������������������������������������������������������������������������������������������������������������������������������������������������������������������������������������������������������������������������������������������������������������������������������������������: expected 'exception' to be 'ok' // Object.is equality

Expected: "ok"
Received: "exception"

 ❯ src/session-codec-result-diagnostic-bytes.test.ts:18:37
     16|     if (message.status === "ok") diagnostic = String(message.value.pri…
     17|   }
     18|   expect(result.status, diagnostic).toBe("ok");
       |                                     ^
     19|   expect(output).toBe(reference.cases.find(row => row.name === name)!.…
     20| });

⎯⎯⎯⎯⎯⎯⎯⎯⎯⎯⎯⎯⎯⎯⎯⎯⎯⎯⎯⎯⎯[55/327]⎯

 FAIL  src/session-codec-result-diagnostic-bytes.test.ts > codec result diagnostic 'decode: b\'a\' * 399 + b\'\xff\''
 FAIL  src/session-codec-result-diagnostic-bytes.test.ts > codec result diagnostic 'decode: b\'a\' * 399 + b\'\xe2\''
AssertionError: unknown encoding: aaaaaaaaaaaaaaaaaaaaaaaaaaaaaaaaaaaaaaaaaaaaaaaaaaaaaaaaaaaaaaaaaaaaaaaaaaaaaaaaaaaaaaaaaaaaaaaaaaaaaaaaaaaaaaaaaaaaaaaaaaaaaaaaaaaaaaaaaaaaaaaaaaaaaaaaaaaaaaaaaaaaaaaaaaaaaaaaaaaaaaaaaaaaaaaaaaaaaaaaaaaaaaaaaaaaaaaaaaaaaaaaaaaaaaaaaaaaaaaaaaaaaaaaaaaaaaaaaaaaaaaaaaaaaaaaaaaaaaaaaaaaaaaaaaaaaaaaaaaaaaaaaaaaaaaaaaaaaaaaaaaaaaaaaaaaaaaaaaaaaaaaaaaaaaaaaaaaaaaaaaaaaaaaaaaaaaaaaaaaaaaaaaaaaaaaaaaaaaa�: expected 'exception' to be 'ok' // Object.is equality

Expected: "ok"
Received: "exception"

 ❯ src/session-codec-result-diagnostic-bytes.test.ts:18:37
     16|     if (message.status === "ok") diagnostic = String(message.value.pri…
     17|   }
     18|   expect(result.status, diagnostic).toBe("ok");
       |                                     ^
     19|   expect(output).toBe(reference.cases.find(row => row.name === name)!.…
     20| });

⎯⎯⎯⎯⎯⎯⎯⎯⎯⎯⎯⎯⎯⎯⎯⎯⎯⎯⎯⎯⎯[56/327]⎯

 FAIL  src/session-codec-result-diagnostic-bytes.test.ts > codec result diagnostic 'decode: b\'a\' * 398 + b\'\xe2\''
AssertionError: unknown encoding: aaaaaaaaaaaaaaaaaaaaaaaaaaaaaaaaaaaaaaaaaaaaaaaaaaaaaaaaaaaaaaaaaaaaaaaaaaaaaaaaaaaaaaaaaaaaaaaaaaaaaaaaaaaaaaaaaaaaaaaaaaaaaaaaaaaaaaaaaaaaaaaaaaaaaaaaaaaaaaaaaaaaaaaaaaaaaaaaaaaaaaaaaaaaaaaaaaaaaaaaaaaaaaaaaaaaaaaaaaaaaaaaaaaaaaaaaaaaaaaaaaaaaaaaaaaaaaaaaaaaaaaaaaaaaaaaaaaaaaaaaaaaaaaaaaaaaaaaaaaaaaaaaaaaaaaaaaaaaaaaaaaaaaaaaaaaaaaaaaaaaaaaaaaaaaaaaaaaaaaaaaaaaaaaaaaaaaaaaaaaaaaaaaaaaaaaaaaaaa�: expected 'exception' to be 'ok' // Object.is equality

Expected: "ok"
Received: "exception"

 ❯ src/session-codec-result-diagnostic-bytes.test.ts:18:37
     16|     if (message.status === "ok") diagnostic = String(message.value.pri…
     17|   }
     18|   expect(result.status, diagnostic).toBe("ok");
       |                                     ^
     19|   expect(output).toBe(reference.cases.find(row => row.name === name)!.…
     20| });

⎯⎯⎯⎯⎯⎯⎯⎯⎯⎯⎯⎯⎯⎯⎯⎯⎯⎯⎯⎯⎯[57/327]⎯

 FAIL  src/session-codec-result-diagnostic-bytes.test.ts > codec result diagnostic 'decode: b\'a\' * 399 + b\'\xe2\x82\xa…'
AssertionError: unknown encoding: aaaaaaaaaaaaaaaaaaaaaaaaaaaaaaaaaaaaaaaaaaaaaaaaaaaaaaaaaaaaaaaaaaaaaaaaaaaaaaaaaaaaaaaaaaaaaaaaaaaaaaaaaaaaaaaaaaaaaaaaaaaaaaaaaaaaaaaaaaaaaaaaaaaaaaaaaaaaaaaaaaaaaaaaaaaaaaaaaaaaaaaaaaaaaaaaaaaaaaaaaaaaaaaaaaaaaaaaaaaaaaaaaaaaaaaaaaaaaaaaaaaaaaaaaaaaaaaaaaaaaaaaaaaaaaaaaaaaaaaaaaaaaaaaaaaaaaaaaaaaaaaaaaaaaaaaaaaaaaaaaaaaaaaaaaaaaaaaaaaaaaaaaaaaaaaaaaaaaaaaaaaaaaaaaaaaaaaaaaaaaaaaaaaaaaaaaaaaaaa€: expected 'exception' to be 'ok' // Object.is equality

Expected: "ok"
Received: "exception"

 ❯ src/session-codec-result-diagnostic-bytes.test.ts:18:37
     16|     if (message.status === "ok") diagnostic = String(message.value.pri…
     17|   }
     18|   expect(result.status, diagnostic).toBe("ok");
       |                                     ^
     19|   expect(output).toBe(reference.cases.find(row => row.name === name)!.…
     20| });

⎯⎯⎯⎯⎯⎯⎯⎯⎯⎯⎯⎯⎯⎯⎯⎯⎯⎯⎯⎯⎯[58/327]⎯

 FAIL  src/session-codec-resume-validation-matrix.test.ts > codec recovery validation: 'utf-16 encode'
AssertionError: expected 'utf-16 encode ? -4 [] (\'LookupError\…' to be 'utf-16 encode ? -4 [(1, 2, \'surrogat…' // Object.is equality

- Expected
+ Received

- utf-16 encode ? -4 [(1, 2, 'surrogates not allowed'), 'index'] ('IndexError', ('position -1 from error handler out of bounds',), ["encoding with 'utf-16' codec failed"])
- utf-16 encode ? -3 [(1, 2, 'surrogates not allowed'), 'index', (1, 2, 'surrogates not allowed')] ('RuntimeError', ('repeated',), ["encoding with 'utf-16' codec failed"])
- utf-16 encode ? -1 [(1, 2, 'surrogates not allowed'), 'index'] ('ok', b'\xff\xfeA\x00?\x00B\x00')
- utf-16 encode ? 0 [(1, 2, 'surrogates not allowed'), 'index', (1, 2, 'surrogates not allowed')] ('RuntimeError', ('repeated',), ["encoding with 'utf-16' codec failed"])
- utf-16 encode ? 1 [(1, 2, 'surrogates not allowed'), 'index', (1, 2, 'surrogates not allowed')] ('RuntimeError', ('repeated',), ["encoding with 'utf-16' codec failed"])
- utf-16 encode ? 3 [(1, 2, 'surrogates not allowed'), 'index'] ('ok', b'\xff\xfeA\x00?\x00')
- utf-16 encode ? 4 [(1, 2, 'surrogates not allowed'), 'index'] ('IndexError', ('position 4 from error handler out of bounds',), ["encoding with 'utf-16' codec failed"])
- utf-16 encode ? 9223372036854775808 [(1, 2, 'surrogates not allowed'), 'index'] ('OverflowError', ('Python int too large to convert to C ssize_t',), ["encoding with 'utf-16' codec failed"])
- utf-16 encode ? -9223372036854775809 [(1, 2, 'surrogates not allowed'), 'index'] ('OverflowError', ('Python int too large to convert to C ssize_t',), ["encoding with 'utf-16' codec failed"])
- utf-16 encode b'?' -4 [(1, 2, 'surrogates not allowed'), 'index'] ('IndexError', ('position -1 from error handler out of bounds',), ["encoding with 'utf-16' codec failed"])
- utf-16 encode b'?' -3 [(1, 2, 'surrogates not allowed'), 'index'] ('UnicodeEncodeError', ('utf-16', 'A\ud800B', 1, 2, 'surrogates not allowed'), ["encoding with 'utf-16' codec failed"])
- utf-16 encode b'?' -1 [(1, 2, 'surrogates not allowed'), 'index'] ('UnicodeEncodeError', ('utf-16', 'A\ud800B', 1, 2, 'surrogates not allowed'), ["encoding with 'utf-16' codec failed"])
- utf-16 encode b'?' 0 [(1, 2, 'surrogates not allowed'), 'index'] ('UnicodeEncodeError', ('utf-16', 'A\ud800B', 1, 2, 'surrogates not allowed'), ["encoding with 'utf-16' codec failed"])
- utf-16 encode b'?' 1 [(1, 2, 'surrogates not allowed'), 'index'] ('UnicodeEncodeError', ('utf-16', 'A\ud800B', 1, 2, 'surrogates not allowed'), ["encoding with 'utf-16' codec failed"])
- utf-16 encode b'?' 3 [(1, 2, 'surrogates not allowed'), 'index'] ('UnicodeEncodeError', ('utf-16', 'A\ud800B', 1, 2, 'surrogates not allowed'), ["encoding with 'utf-16' codec failed"])
- utf-16 encode b'?' 4 [(1, 2, 'surrogates not allowed'), 'index'] ('IndexError', ('position 4 from error handler out of bounds',), ["encoding with 'utf-16' codec failed"])
- utf-16 encode b'?' 9223372036854775808 [(1, 2, 'surrogates not allowed'), 'index'] ('OverflowError', ('Python int too large to convert to C ssize_t',), ["encoding with 'utf-16' codec failed"])
- utf-16 encode b'?' -9223372036854775809 [(1, 2, 'surrogates not allowed'), 'index'] ('OverflowError', ('Python int too large to convert to C ssize_t',), ["encoding with 'utf-16' codec failed"])
- utf-16 encode None -4 [(1, 2, 'surrogates not allowed'), 'index'] ('TypeError', ('encoding error handler must return (str/bytes, int) tuple',), ["encoding with 'utf-16' codec failed"])
- utf-16 encode None -3 [(1, 2, 'surrogates not allowed'), 'index'] ('TypeError', ('encoding error handler must return (str/bytes, int) tuple',), ["encoding with 'utf-16' codec failed"])
- utf-16 encode None -1 [(1, 2, 'surrogates not allowed'), 'index'] ('TypeError', ('encoding error handler must return (str/bytes, int) tuple',), ["encoding with 'utf-16' codec failed"])
- utf-16 encode None 0 [(1, 2, 'surrogates not allowed'), 'index'] ('TypeError', ('encoding error handler must return (str/bytes, int) tuple',), ["encoding with 'utf-16' codec failed"])
- utf-16 encode None 1 [(1, 2, 'surrogates not allowed'), 'index'] ('TypeError', ('encoding error handler must return (str/bytes, int) tuple',), ["encoding with 'utf-16' codec failed"])
- utf-16 encode None 3 [(1, 2, 'surrogates not allowed'), 'index'] ('TypeError', ('encoding error handler must return (str/bytes, int) tuple',), ["encoding with 'utf-16' codec failed"])
- utf-16 encode None 4 [(1, 2, 'surrogates not allowed'), 'index'] ('TypeError', ('encoding error handler must return (str/bytes, int) tuple',), ["encoding with 'utf-16' codec failed"])
- utf-16 encode None 9223372036854775808 [(1, 2, 'surrogates not allowed'), 'index'] ('OverflowError', ('Python int too large to convert to C ssize_t',), ["encoding with 'utf-16' codec failed"])
- utf-16 encode None -9223372036854775809 [(1, 2, 'surrogates not allowed'), 'index'] ('OverflowError', ('Python int too large to convert to C ssize_t',), ["encoding with 'utf-16' codec failed"])
+ utf-16 encode ? -4 [] ('LookupError', ('unknown encoding: utf-16',), None)
+ utf-16 encode ? -3 [] ('LookupError', ('unknown encoding: utf-16',), None)
+ utf-16 encode ? -1 [] ('LookupError', ('unknown encoding: utf-16',), None)
+ utf-16 encode ? 0 [] ('LookupError', ('unknown encoding: utf-16',), None)
+ utf-16 encode ? 1 [] ('LookupError', ('unknown encoding: utf-16',), None)
+ utf-16 encode ? 3 [] ('LookupError', ('unknown encoding: utf-16',), None)
+ utf-16 encode ? 4 [] ('LookupError', ('unknown encoding: utf-16',), None)
+ utf-16 encode ? 9223372036854775808 [] ('LookupError', ('unknown encoding: utf-16',), None)
+ utf-16 encode ? -9223372036854775809 [] ('LookupError', ('unknown encoding: utf-16',), None)
+ utf-16 encode b'?' -4 [] ('LookupError', ('unknown encoding: utf-16',), None)
+ utf-16 encode b'?' -3 [] ('LookupError', ('unknown encoding: utf-16',), None)
+ utf-16 encode b'?' -1 [] ('LookupError', ('unknown encoding: utf-16',), None)
+ utf-16 encode b'?' 0 [] ('LookupError', ('unknown encoding: utf-16',), None)
+ utf-16 encode b'?' 1 [] ('LookupError', ('unknown encoding: utf-16',), None)
+ utf-16 encode b'?' 3 [] ('LookupError', ('unknown encoding: utf-16',), None)
+ utf-16 encode b'?' 4 [] ('LookupError', ('unknown encoding: utf-16',), None)
+ utf-16 encode b'?' 9223372036854775808 [] ('LookupError', ('unknown encoding: utf-16',), None)
+ utf-16 encode b'?' -9223372036854775809 [] ('LookupError', ('unknown encoding: utf-16',), None)
+ utf-16 encode None -4 [] ('LookupError', ('unknown encoding: utf-16',), None)
+ utf-16 encode None -3 [] ('LookupError', ('unknown encoding: utf-16',), None)
+ utf-16 encode None -1 [] ('LookupError', ('unknown encoding: utf-16',), None)
+ utf-16 encode None 0 [] ('LookupError', ('unknown encoding: utf-16',), None)
+ utf-16 encode None 1 [] ('LookupError', ('unknown encoding: utf-16',), None)
+ utf-16 encode None 3 [] ('LookupError', ('unknown encoding: utf-16',), None)
+ utf-16 encode None 4 [] ('LookupError', ('unknown encoding: utf-16',), None)
+ utf-16 encode None 9223372036854775808 [] ('LookupError', ('unknown encoding: utf-16',), None)
+ utf-16 encode None -9223372036854775809 [] ('LookupError', ('unknown encoding: utf-16',), None)


 ❯ src/session-codec-resume-validation-matrix.test.ts:21:18
     19|   });
     20|   expect(session.exec(source)).toEqual({status: "ok"});
     21|   expect(output).toBe(reference.cases.find(row => row.name === name)!.…
       |                  ^
     22| });
     23|

⎯⎯⎯⎯⎯⎯⎯⎯⎯⎯⎯⎯⎯⎯⎯⎯⎯⎯⎯⎯⎯[59/327]⎯

 FAIL  src/session-codec-resume-validation-matrix.test.ts > codec recovery validation: 'utf-16 decode'
AssertionError: expected 'utf-16 decode ? -4 [] (\'LookupError\…' to be 'utf-16 decode ? -4 [(2, 3, \'truncate…' // Object.is equality

- Expected
+ Received

- utf-16 decode ? -4 [(2, 3, 'truncated data'), 'index'] ('IndexError', ('position -1 from error handler out of bounds',), ["decoding with 'utf-16' codec failed"])
- utf-16 decode ? -3 [(2, 3, 'truncated data'), 'index', (2, 3, 'truncated data')] ('RuntimeError', ('repeated',), ["decoding with 'utf-16' codec failed"])
- utf-16 decode ? -1 [(2, 3, 'truncated data'), 'index', (2, 3, 'truncated data')] ('RuntimeError', ('repeated',), ["decoding with 'utf-16' codec failed"])
- utf-16 decode ? 0 [(2, 3, 'truncated data'), 'index', (2, 3, 'truncated data')] ('RuntimeError', ('repeated',), ["decoding with 'utf-16' codec failed"])
- utf-16 decode ? 1 [(2, 3, 'truncated data'), 'index'] ('ok', 'ａ?䋿')
- utf-16 decode ? 3 [(2, 3, 'truncated data'), 'index'] ('ok', 'ａ?')
- utf-16 decode ? 4 [(2, 3, 'truncated data'), 'index'] ('IndexError', ('position 4 from error handler out of bounds',), ["decoding with 'utf-16' codec failed"])
- utf-16 decode ? 9223372036854775808 [(2, 3, 'truncated data'), 'index'] ('OverflowError', ('Python int too large to convert to C ssize_t',), ["decoding with 'utf-16' codec failed"])
- utf-16 decode ? -9223372036854775809 [(2, 3, 'truncated data'), 'index'] ('OverflowError', ('Python int too large to convert to C ssize_t',), ["decoding with 'utf-16' codec failed"])
- utf-16 decode b'?' -4 [(2, 3, 'truncated data')] ('TypeError', ('decoding error handler must return (str, int) tuple',), ["decoding with 'utf-16' codec failed"])
- utf-16 decode b'?' -3 [(2, 3, 'truncated data')] ('TypeError', ('decoding error handler must return (str, int) tuple',), ["decoding with 'utf-16' codec failed"])
- utf-16 decode b'?' -1 [(2, 3, 'truncated data')] ('TypeError', ('decoding error handler must return (str, int) tuple',), ["decoding with 'utf-16' codec failed"])
- utf-16 decode b'?' 0 [(2, 3, 'truncated data')] ('TypeError', ('decoding error handler must return (str, int) tuple',), ["decoding with 'utf-16' codec failed"])
- utf-16 decode b'?' 1 [(2, 3, 'truncated data')] ('TypeError', ('decoding error handler must return (str, int) tuple',), ["decoding with 'utf-16' codec failed"])
- utf-16 decode b'?' 3 [(2, 3, 'truncated data')] ('TypeError', ('decoding error handler must return (str, int) tuple',), ["decoding with 'utf-16' codec failed"])
- utf-16 decode b'?' 4 [(2, 3, 'truncated data')] ('TypeError', ('decoding error handler must return (str, int) tuple',), ["decoding with 'utf-16' codec failed"])
- utf-16 decode b'?' 9223372036854775808 [(2, 3, 'truncated data')] ('TypeError', ('decoding error handler must return (str, int) tuple',), ["decoding with 'utf-16' codec failed"])
- utf-16 decode b'?' -9223372036854775809 [(2, 3, 'truncated data')] ('TypeError', ('decoding error handler must return (str, int) tuple',), ["decoding with 'utf-16' codec failed"])
- utf-16 decode None -4 [(2, 3, 'truncated data')] ('TypeError', ('decoding error handler must return (str, int) tuple',), ["decoding with 'utf-16' codec failed"])
- utf-16 decode None -3 [(2, 3, 'truncated data')] ('TypeError', ('decoding error handler must return (str, int) tuple',), ["decoding with 'utf-16' codec failed"])
- utf-16 decode None -1 [(2, 3, 'truncated data')] ('TypeError', ('decoding error handler must return (str, int) tuple',), ["decoding with 'utf-16' codec failed"])
- utf-16 decode None 0 [(2, 3, 'truncated data')] ('TypeError', ('decoding error handler must return (str, int) tuple',), ["decoding with 'utf-16' codec failed"])
- utf-16 decode None 1 [(2, 3, 'truncated data')] ('TypeError', ('decoding error handler must return (str, int) tuple',), ["decoding with 'utf-16' codec failed"])
- utf-16 decode None 3 [(2, 3, 'truncated data')] ('TypeError', ('decoding error handler must return (str, int) tuple',), ["decoding with 'utf-16' codec failed"])
- utf-16 decode None 4 [(2, 3, 'truncated data')] ('TypeError', ('decoding error handler must return (str, int) tuple',), ["decoding with 'utf-16' codec failed"])
- utf-16 decode None 9223372036854775808 [(2, 3, 'truncated data')] ('TypeError', ('decoding error handler must return (str, int) tuple',), ["decoding with 'utf-16' codec failed"])
- utf-16 decode None -9223372036854775809 [(2, 3, 'truncated data')] ('TypeError', ('decoding error handler must return (str, int) tuple',), ["decoding with 'utf-16' codec failed"])
+ utf-16 decode ? -4 [] ('LookupError', ('unknown encoding: utf-16',), None)
+ utf-16 decode ? -3 [] ('LookupError', ('unknown encoding: utf-16',), None)
+ utf-16 decode ? -1 [] ('LookupError', ('unknown encoding: utf-16',), None)
+ utf-16 decode ? 0 [] ('LookupError', ('unknown encoding: utf-16',), None)
+ utf-16 decode ? 1 [] ('LookupError', ('unknown encoding: utf-16',), None)
+ utf-16 decode ? 3 [] ('LookupError', ('unknown encoding: utf-16',), None)
+ utf-16 decode ? 4 [] ('LookupError', ('unknown encoding: utf-16',), None)
+ utf-16 decode ? 9223372036854775808 [] ('LookupError', ('unknown encoding: utf-16',), None)
+ utf-16 decode ? -9223372036854775809 [] ('LookupError', ('unknown encoding: utf-16',), None)
+ utf-16 decode b'?' -4 [] ('LookupError', ('unknown encoding: utf-16',), None)
+ utf-16 decode b'?' -3 [] ('LookupError', ('unknown encoding: utf-16',), None)
+ utf-16 decode b'?' -1 [] ('LookupError', ('unknown encoding: utf-16',), None)
+ utf-16 decode b'?' 0 [] ('LookupError', ('unknown encoding: utf-16',), None)
+ utf-16 decode b'?' 1 [] ('LookupError', ('unknown encoding: utf-16',), None)
+ utf-16 decode b'?' 3 [] ('LookupError', ('unknown encoding: utf-16',), None)
+ utf-16 decode b'?' 4 [] ('LookupError', ('unknown encoding: utf-16',), None)
+ utf-16 decode b'?' 9223372036854775808 [] ('LookupError', ('unknown encoding: utf-16',), None)
+ utf-16 decode b'?' -9223372036854775809 [] ('LookupError', ('unknown encoding: utf-16',), None)
+ utf-16 decode None -4 [] ('LookupError', ('unknown encoding: utf-16',), None)
+ utf-16 decode None -3 [] ('LookupError', ('unknown encoding: utf-16',), None)
+ utf-16 decode None -1 [] ('LookupError', ('unknown encoding: utf-16',), None)
+ utf-16 decode None 0 [] ('LookupError', ('unknown encoding: utf-16',), None)
+ utf-16 decode None 1 [] ('LookupError', ('unknown encoding: utf-16',), None)
+ utf-16 decode None 3 [] ('LookupError', ('unknown encoding: utf-16',), None)
+ utf-16 decode None 4 [] ('LookupError', ('unknown encoding: utf-16',), None)
+ utf-16 decode None 9223372036854775808 [] ('LookupError', ('unknown encoding: utf-16',), None)
+ utf-16 decode None -9223372036854775809 [] ('LookupError', ('unknown encoding: utf-16',), None)


 ❯ src/session-codec-resume-validation-matrix.test.ts:21:18
     19|   });
     20|   expect(session.exec(source)).toEqual({status: "ok"});
     21|   expect(output).toBe(reference.cases.find(row => row.name === name)!.…
       |                  ^
     22| });
     23|

⎯⎯⎯⎯⎯⎯⎯⎯⎯⎯⎯⎯⎯⎯⎯⎯⎯⎯⎯⎯⎯[60/327]⎯

 FAIL  src/session-codec-resume-validation-matrix.test.ts > codec recovery validation: 'utf-32 encode'
AssertionError: expected 'utf-32 encode ? -4 [] (\'LookupError\…' to be 'utf-32 encode ? -4 [(1, 2, \'surrogat…' // Object.is equality

- Expected
+ Received

- utf-32 encode ? -4 [(1, 2, 'surrogates not allowed'), 'index'] ('IndexError', ('position -1 from error handler out of bounds',), ["encoding with 'utf-32' codec failed"])
- utf-32 encode ? -3 [(1, 2, 'surrogates not allowed'), 'index', (1, 2, 'surrogates not allowed')] ('RuntimeError', ('repeated',), ["encoding with 'utf-32' codec failed"])
- utf-32 encode ? -1 [(1, 2, 'surrogates not allowed'), 'index'] ('ok', b'\xff\xfe\x00\x00A\x00\x00\x00?\x00\x00\x00B\x00\x00\x00')
- utf-32 encode ? 0 [(1, 2, 'surrogates not allowed'), 'index', (1, 2, 'surrogates not allowed')] ('RuntimeError', ('repeated',), ["encoding with 'utf-32' codec failed"])
- utf-32 encode ? 1 [(1, 2, 'surrogates not allowed'), 'index', (1, 2, 'surrogates not allowed')] ('RuntimeError', ('repeated',), ["encoding with 'utf-32' codec failed"])
- utf-32 encode ? 3 [(1, 2, 'surrogates not allowed'), 'index'] ('ok', b'\xff\xfe\x00\x00A\x00\x00\x00?\x00\x00\x00')
- utf-32 encode ? 4 [(1, 2, 'surrogates not allowed'), 'index'] ('IndexError', ('position 4 from error handler out of bounds',), ["encoding with 'utf-32' codec failed"])
- utf-32 encode ? 9223372036854775808 [(1, 2, 'surrogates not allowed'), 'index'] ('OverflowError', ('Python int too large to convert to C ssize_t',), ["encoding with 'utf-32' codec failed"])
- utf-32 encode ? -9223372036854775809 [(1, 2, 'surrogates not allowed'), 'index'] ('OverflowError', ('Python int too large to convert to C ssize_t',), ["encoding with 'utf-32' codec failed"])
- utf-32 encode b'?' -4 [(1, 2, 'surrogates not allowed'), 'index'] ('IndexError', ('position -1 from error handler out of bounds',), ["encoding with 'utf-32' codec failed"])
- utf-32 encode b'?' -3 [(1, 2, 'surrogates not allowed'), 'index'] ('UnicodeEncodeError', ('utf-32', 'A\ud800B', 1, 2, 'surrogates not allowed'), ["encoding with 'utf-32' codec failed"])
- utf-32 encode b'?' -1 [(1, 2, 'surrogates not allowed'), 'index'] ('UnicodeEncodeError', ('utf-32', 'A\ud800B', 1, 2, 'surrogates not allowed'), ["encoding with 'utf-32' codec failed"])
- utf-32 encode b'?' 0 [(1, 2, 'surrogates not allowed'), 'index'] ('UnicodeEncodeError', ('utf-32', 'A\ud800B', 1, 2, 'surrogates not allowed'), ["encoding with 'utf-32' codec failed"])
- utf-32 encode b'?' 1 [(1, 2, 'surrogates not allowed'), 'index'] ('UnicodeEncodeError', ('utf-32', 'A\ud800B', 1, 2, 'surrogates not allowed'), ["encoding with 'utf-32' codec failed"])
- utf-32 encode b'?' 3 [(1, 2, 'surrogates not allowed'), 'index'] ('UnicodeEncodeError', ('utf-32', 'A\ud800B', 1, 2, 'surrogates not allowed'), ["encoding with 'utf-32' codec failed"])
- utf-32 encode b'?' 4 [(1, 2, 'surrogates not allowed'), 'index'] ('IndexError', ('position 4 from error handler out of bounds',), ["encoding with 'utf-32' codec failed"])
- utf-32 encode b'?' 9223372036854775808 [(1, 2, 'surrogates not allowed'), 'index'] ('OverflowError', ('Python int too large to convert to C ssize_t',), ["encoding with 'utf-32' codec failed"])
- utf-32 encode b'?' -9223372036854775809 [(1, 2, 'surrogates not allowed'), 'index'] ('OverflowError', ('Python int too large to convert to C ssize_t',), ["encoding with 'utf-32' codec failed"])
- utf-32 encode None -4 [(1, 2, 'surrogates not allowed'), 'index'] ('TypeError', ('encoding error handler must return (str/bytes, int) tuple',), ["encoding with 'utf-32' codec failed"])
- utf-32 encode None -3 [(1, 2, 'surrogates not allowed'), 'index'] ('TypeError', ('encoding error handler must return (str/bytes, int) tuple',), ["encoding with 'utf-32' codec failed"])
- utf-32 encode None -1 [(1, 2, 'surrogates not allowed'), 'index'] ('TypeError', ('encoding error handler must return (str/bytes, int) tuple',), ["encoding with 'utf-32' codec failed"])
- utf-32 encode None 0 [(1, 2, 'surrogates not allowed'), 'index'] ('TypeError', ('encoding error handler must return (str/bytes, int) tuple',), ["encoding with 'utf-32' codec failed"])
- utf-32 encode None 1 [(1, 2, 'surrogates not allowed'), 'index'] ('TypeError', ('encoding error handler must return (str/bytes, int) tuple',), ["encoding with 'utf-32' codec failed"])
- utf-32 encode None 3 [(1, 2, 'surrogates not allowed'), 'index'] ('TypeError', ('encoding error handler must return (str/bytes, int) tuple',), ["encoding with 'utf-32' codec failed"])
- utf-32 encode None 4 [(1, 2, 'surrogates not allowed'), 'index'] ('TypeError', ('encoding error handler must return (str/bytes, int) tuple',), ["encoding with 'utf-32' codec failed"])
- utf-32 encode None 9223372036854775808 [(1, 2, 'surrogates not allowed'), 'index'] ('OverflowError', ('Python int too large to convert to C ssize_t',), ["encoding with 'utf-32' codec failed"])
- utf-32 encode None -9223372036854775809 [(1, 2, 'surrogates not allowed'), 'index'] ('OverflowError', ('Python int too large to convert to C ssize_t',), ["encoding with 'utf-32' codec failed"])
+ utf-32 encode ? -4 [] ('LookupError', ('unknown encoding: utf-32',), None)
+ utf-32 encode ? -3 [] ('LookupError', ('unknown encoding: utf-32',), None)
+ utf-32 encode ? -1 [] ('LookupError', ('unknown encoding: utf-32',), None)
+ utf-32 encode ? 0 [] ('LookupError', ('unknown encoding: utf-32',), None)
+ utf-32 encode ? 1 [] ('LookupError', ('unknown encoding: utf-32',), None)
+ utf-32 encode ? 3 [] ('LookupError', ('unknown encoding: utf-32',), None)
+ utf-32 encode ? 4 [] ('LookupError', ('unknown encoding: utf-32',), None)
+ utf-32 encode ? 9223372036854775808 [] ('LookupError', ('unknown encoding: utf-32',), None)
+ utf-32 encode ? -9223372036854775809 [] ('LookupError', ('unknown encoding: utf-32',), None)
+ utf-32 encode b'?' -4 [] ('LookupError', ('unknown encoding: utf-32',), None)
+ utf-32 encode b'?' -3 [] ('LookupError', ('unknown encoding: utf-32',), None)
+ utf-32 encode b'?' -1 [] ('LookupError', ('unknown encoding: utf-32',), None)
+ utf-32 encode b'?' 0 [] ('LookupError', ('unknown encoding: utf-32',), None)
+ utf-32 encode b'?' 1 [] ('LookupError', ('unknown encoding: utf-32',), None)
+ utf-32 encode b'?' 3 [] ('LookupError', ('unknown encoding: utf-32',), None)
+ utf-32 encode b'?' 4 [] ('LookupError', ('unknown encoding: utf-32',), None)
+ utf-32 encode b'?' 9223372036854775808 [] ('LookupError', ('unknown encoding: utf-32',), None)
+ utf-32 encode b'?' -9223372036854775809 [] ('LookupError', ('unknown encoding: utf-32',), None)
+ utf-32 encode None -4 [] ('LookupError', ('unknown encoding: utf-32',), None)
+ utf-32 encode None -3 [] ('LookupError', ('unknown encoding: utf-32',), None)
+ utf-32 encode None -1 [] ('LookupError', ('unknown encoding: utf-32',), None)
+ utf-32 encode None 0 [] ('LookupError', ('unknown encoding: utf-32',), None)
+ utf-32 encode None 1 [] ('LookupError', ('unknown encoding: utf-32',), None)
+ utf-32 encode None 3 [] ('LookupError', ('unknown encoding: utf-32',), None)
+ utf-32 encode None 4 [] ('LookupError', ('unknown encoding: utf-32',), None)
+ utf-32 encode None 9223372036854775808 [] ('LookupError', ('unknown encoding: utf-32',), None)
+ utf-32 encode None -9223372036854775809 [] ('LookupError', ('unknown encoding: utf-32',), None)


 ❯ src/session-codec-resume-validation-matrix.test.ts:21:18
     19|   });
     20|   expect(session.exec(source)).toEqual({status: "ok"});
     21|   expect(output).toBe(reference.cases.find(row => row.name === name)!.…
       |                  ^
     22| });
     23|

⎯⎯⎯⎯⎯⎯⎯⎯⎯⎯⎯⎯⎯⎯⎯⎯⎯⎯⎯⎯⎯[61/327]⎯

 FAIL  src/session-codec-resume-validation-matrix.test.ts > codec recovery validation: 'utf-32 decode'
AssertionError: expected 'utf-32 decode ? -4 [] (\'LookupError\…' to be 'utf-32 decode ? -4 [(0, 3, \'truncate…' // Object.is equality

- Expected
+ Received

- utf-32 decode ? -4 [(0, 3, 'truncated data'), 'index'] ('IndexError', ('position -1 from error handler out of bounds',), ["decoding with 'utf-32' codec failed"])
- utf-32 decode ? -3 [(0, 3, 'truncated data'), 'index', (0, 3, 'truncated data')] ('RuntimeError', ('repeated',), ["decoding with 'utf-32' codec failed"])
- utf-32 decode ? -1 [(0, 3, 'truncated data'), 'index', (2, 3, 'truncated data')] ('RuntimeError', ('repeated',), ["decoding with 'utf-32' codec failed"])
- utf-32 decode ? 0 [(0, 3, 'truncated data'), 'index', (0, 3, 'truncated data')] ('RuntimeError', ('repeated',), ["decoding with 'utf-32' codec failed"])
- utf-32 decode ? 1 [(0, 3, 'truncated data'), 'index', (1, 3, 'truncated data')] ('RuntimeError', ('repeated',), ["decoding with 'utf-32' codec failed"])
- utf-32 decode ? 3 [(0, 3, 'truncated data'), 'index'] ('ok', '?')
- utf-32 decode ? 4 [(0, 3, 'truncated data'), 'index'] ('IndexError', ('position 4 from error handler out of bounds',), ["decoding with 'utf-32' codec failed"])
- utf-32 decode ? 9223372036854775808 [(0, 3, 'truncated data'), 'index'] ('OverflowError', ('Python int too large to convert to C ssize_t',), ["decoding with 'utf-32' codec failed"])
- utf-32 decode ? -9223372036854775809 [(0, 3, 'truncated data'), 'index'] ('OverflowError', ('Python int too large to convert to C ssize_t',), ["decoding with 'utf-32' codec failed"])
- utf-32 decode b'?' -4 [(0, 3, 'truncated data')] ('TypeError', ('decoding error handler must return (str, int) tuple',), ["decoding with 'utf-32' codec failed"])
- utf-32 decode b'?' -3 [(0, 3, 'truncated data')] ('TypeError', ('decoding error handler must return (str, int) tuple',), ["decoding with 'utf-32' codec failed"])
- utf-32 decode b'?' -1 [(0, 3, 'truncated data')] ('TypeError', ('decoding error handler must return (str, int) tuple',), ["decoding with 'utf-32' codec failed"])
- utf-32 decode b'?' 0 [(0, 3, 'truncated data')] ('TypeError', ('decoding error handler must return (str, int) tuple',), ["decoding with 'utf-32' codec failed"])
- utf-32 decode b'?' 1 [(0, 3, 'truncated data')] ('TypeError', ('decoding error handler must return (str, int) tuple',), ["decoding with 'utf-32' codec failed"])
- utf-32 decode b'?' 3 [(0, 3, 'truncated data')] ('TypeError', ('decoding error handler must return (str, int) tuple',), ["decoding with 'utf-32' codec failed"])
- utf-32 decode b'?' 4 [(0, 3, 'truncated data')] ('TypeError', ('decoding error handler must return (str, int) tuple',), ["decoding with 'utf-32' codec failed"])
- utf-32 decode b'?' 9223372036854775808 [(0, 3, 'truncated data')] ('TypeError', ('decoding error handler must return (str, int) tuple',), ["decoding with 'utf-32' codec failed"])
- utf-32 decode b'?' -9223372036854775809 [(0, 3, 'truncated data')] ('TypeError', ('decoding error handler must return (str, int) tuple',), ["decoding with 'utf-32' codec failed"])
- utf-32 decode None -4 [(0, 3, 'truncated data')] ('TypeError', ('decoding error handler must return (str, int) tuple',), ["decoding with 'utf-32' codec failed"])
- utf-32 decode None -3 [(0, 3, 'truncated data')] ('TypeError', ('decoding error handler must return (str, int) tuple',), ["decoding with 'utf-32' codec failed"])
- utf-32 decode None -1 [(0, 3, 'truncated data')] ('TypeError', ('decoding error handler must return (str, int) tuple',), ["decoding with 'utf-32' codec failed"])
- utf-32 decode None 0 [(0, 3, 'truncated data')] ('TypeError', ('decoding error handler must return (str, int) tuple',), ["decoding with 'utf-32' codec failed"])
- utf-32 decode None 1 [(0, 3, 'truncated data')] ('TypeError', ('decoding error handler must return (str, int) tuple',), ["decoding with 'utf-32' codec failed"])
- utf-32 decode None 3 [(0, 3, 'truncated data')] ('TypeError', ('decoding error handler must return (str, int) tuple',), ["decoding with 'utf-32' codec failed"])
- utf-32 decode None 4 [(0, 3, 'truncated data')] ('TypeError', ('decoding error handler must return (str, int) tuple',), ["decoding with 'utf-32' codec failed"])
- utf-32 decode None 9223372036854775808 [(0, 3, 'truncated data')] ('TypeError', ('decoding error handler must return (str, int) tuple',), ["decoding with 'utf-32' codec failed"])
- utf-32 decode None -9223372036854775809 [(0, 3, 'truncated data')] ('TypeError', ('decoding error handler must return (str, int) tuple',), ["decoding with 'utf-32' codec failed"])
+ utf-32 decode ? -4 [] ('LookupError', ('unknown encoding: utf-32',), None)
+ utf-32 decode ? -3 [] ('LookupError', ('unknown encoding: utf-32',), None)
+ utf-32 decode ? -1 [] ('LookupError', ('unknown encoding: utf-32',), None)
+ utf-32 decode ? 0 [] ('LookupError', ('unknown encoding: utf-32',), None)
+ utf-32 decode ? 1 [] ('LookupError', ('unknown encoding: utf-32',), None)
+ utf-32 decode ? 3 [] ('LookupError', ('unknown encoding: utf-32',), None)
+ utf-32 decode ? 4 [] ('LookupError', ('unknown encoding: utf-32',), None)
+ utf-32 decode ? 9223372036854775808 [] ('LookupError', ('unknown encoding: utf-32',), None)
+ utf-32 decode ? -9223372036854775809 [] ('LookupError', ('unknown encoding: utf-32',), None)
+ utf-32 decode b'?' -4 [] ('LookupError', ('unknown encoding: utf-32',), None)
+ utf-32 decode b'?' -3 [] ('LookupError', ('unknown encoding: utf-32',), None)
+ utf-32 decode b'?' -1 [] ('LookupError', ('unknown encoding: utf-32',), None)
+ utf-32 decode b'?' 0 [] ('LookupError', ('unknown encoding: utf-32',), None)
+ utf-32 decode b'?' 1 [] ('LookupError', ('unknown encoding: utf-32',), None)
+ utf-32 decode b'?' 3 [] ('LookupError', ('unknown encoding: utf-32',), None)
+ utf-32 decode b'?' 4 [] ('LookupError', ('unknown encoding: utf-32',), None)
+ utf-32 decode b'?' 9223372036854775808 [] ('LookupError', ('unknown encoding: utf-32',), None)
+ utf-32 decode b'?' -9223372036854775809 [] ('LookupError', ('unknown encoding: utf-32',), None)
+ utf-32 decode None -4 [] ('LookupError', ('unknown encoding: utf-32',), None)
+ utf-32 decode None -3 [] ('LookupError', ('unknown encoding: utf-32',), None)
+ utf-32 decode None -1 [] ('LookupError', ('unknown encoding: utf-32',), None)
+ utf-32 decode None 0 [] ('LookupError', ('unknown encoding: utf-32',), None)
+ utf-32 decode None 1 [] ('LookupError', ('unknown encoding: utf-32',), None)
+ utf-32 decode None 3 [] ('LookupError', ('unknown encoding: utf-32',), None)
+ utf-32 decode None 4 [] ('LookupError', ('unknown encoding: utf-32',), None)
+ utf-32 decode None 9223372036854775808 [] ('LookupError', ('unknown encoding: utf-32',), None)
+ utf-32 decode None -9223372036854775809 [] ('LookupError', ('unknown encoding: utf-32',), None)


 ❯ src/session-codec-resume-validation-matrix.test.ts:21:18
     19|   });
     20|   expect(session.exec(source)).toEqual({status: "ok"});
     21|   expect(output).toBe(reference.cases.find(row => row.name === name)!.…
       |                  ^
     22| });
     23|

⎯⎯⎯⎯⎯⎯⎯⎯⎯⎯⎯⎯⎯⎯⎯⎯⎯⎯⎯⎯⎯[62/327]⎯

 FAIL  src/session-codec-rot13-undefined-integration.test.ts > 'ROT13 bytes consumer nontext rejection'
AssertionError: expected 'LookupError unknown encoding: rot13\n' to be 'LookupError \'rot13\' is not a text e…' // Object.is equality

- Expected
+ Received

- LookupError 'rot13' is not a text encoding; use codecs.decode() to handle arbitrary codecs
+ LookupError unknown encoding: rot13


 ❯ src/session-codec-rot13-undefined-integration.test.ts:14:18
     12|   });
     13|   expect(session.exec(source).status).toBe('ok');
     14|   expect(output).toBe(expected);
       |                  ^
     15| });
     16|

⎯⎯⎯⎯⎯⎯⎯⎯⎯⎯⎯⎯⎯⎯⎯⎯⎯⎯⎯⎯⎯[63/327]⎯

 FAIL  src/session-codec-rot13-undefined-integration.test.ts > 'undefined bytes consumer'
AssertionError: expected 'LookupError unknown encoding: undefin…' to be 'UnicodeError undefined encoding\n' // Object.is equality

- Expected
+ Received

- UnicodeError undefined encoding
+ LookupError unknown encoding: undefined


 ❯ src/session-codec-rot13-undefined-integration.test.ts:14:18
     12|   });
     13|   expect(session.exec(source).status).toBe('ok');
     14|   expect(output).toBe(expected);
       |                  ^
     15| });
     16|

⎯⎯⎯⎯⎯⎯⎯⎯⎯⎯⎯⎯⎯⎯⎯⎯⎯⎯⎯⎯⎯[64/327]⎯

 FAIL  src/session-codec-rot13-undefined-integration.test.ts > 'guest module spec'
AssertionError: expected 'AttributeError module \'encodings.rot…' to be 'encodings.rot_13\n' // Object.is equality

- Expected
+ Received

- encodings.rot_13
+ AttributeError module 'encodings.rot_13' has no attribute '__spec__'


 ❯ src/session-codec-rot13-undefined-integration.test.ts:14:18
     12|   });
     13|   expect(session.exec(source).status).toBe('ok');
     14|   expect(output).toBe(expected);
       |                  ^
     15| });
     16|

⎯⎯⎯⎯⎯⎯⎯⎯⎯⎯⎯⎯⎯⎯⎯⎯⎯⎯⎯⎯⎯[65/327]⎯

 FAIL  src/session-codec-rot13-undefined-integration.test.ts > 'undefined traceback'
AssertionError: expected 'False\n' to be 'True\n' // Object.is equality

- Expected
+ Received

- True
+ False


 ❯ src/session-codec-rot13-undefined-integration.test.ts:14:18
     12|   });
     13|   expect(session.exec(source).status).toBe('ok');
     14|   expect(output).toBe(expected);
       |                  ^
     15| });
     16|

⎯⎯⎯⎯⎯⎯⎯⎯⎯⎯⎯⎯⎯⎯⎯⎯⎯⎯⎯⎯⎯[66/327]⎯

 FAIL  src/session-codec-source-registry.test.ts > source registry: 'source decoder receives an ownerless …'
 FAIL  src/session-codec-source-registry.test.ts > source registry: 'source callback failures retain nativ…'
 FAIL  src/session-codec-source-registry.test.ts > source registry: 'source codec callbacks use the suppli…'
AssertionError: expected 'terminated' to be 'ok' // Object.is equality

Expected: "ok"
Received: "terminated"

 ❯ src/session-codec-source-registry.test.ts:23:33
     21|   // Check the discriminant before a deep matcher can inspect opaque h…
     22|   // Keep the complete result/output assertion once execution has succ…
     23|   expect(result.status, detail).toBe("ok");
       |                                 ^
     24|   expect({result, output}).toEqual({result: {status: "ok"}, output: re…
     25| });

⎯⎯⎯⎯⎯⎯⎯⎯⎯⎯⎯⎯⎯⎯⎯⎯⎯⎯⎯⎯⎯[67/327]⎯

 FAIL  src/session-codec-source-registry.test.ts > keeps cancellation in source decoder callbacks terminal
AssertionError: expected { status: 'terminated', …(2) } to match object { status: 'terminated', …(1) }
(1 matching property omitted from actual)

- Expected
+ Received

  {
-   "reason": "cancelled",
+   "reason": "internal",
    "status": "terminated",
  }

 ❯ src/session-codec-source-registry.test.ts:38:18
     36|   const result = session.exec(codecSourceRegistryCases[2].source);
     37|   expect(result.status).toBe("terminated");
     38|   expect(result).toMatchObject({status: "terminated", reason: "cancell…
       |                  ^
     39|   expect(reads).toBe(1);
     40|   expect(output).toBe("search source_service\ndecode\n");

⎯⎯⎯⎯⎯⎯⎯⎯⎯⎯⎯⎯⎯⎯⎯⎯⎯⎯⎯⎯⎯[68/327]⎯

 FAIL  src/session-codec-standard-rejection.test.ts > standard handler rejections preserve pinned exception metadata (normal)
AssertionError: expected 'strict TypeError (\'strict_errors() t…' to be 'strict TypeError (\'strict_errors() t…' // Object.is equality

- Expected
+ Received

- strict TypeError ('strict_errors() takes exactly one argument (0 given)',) None None True
+ strict TypeError ('strict_errors() takes exactly one argument (0 given)',) None None False
- strict TypeError ('strict_errors() takes exactly one argument (2 given)',) None None True
+ strict TypeError ('strict_errors() takes exactly one argument (2 given)',) None None False
- strict TypeError ('strict_errors() takes no keyword arguments',) None None True
+ strict TypeError ('strict_errors() takes no keyword arguments',) None None False
- strict TypeError ('codec must pass exception instance',) None None True
+ strict TypeError ('codec must pass exception instance',) None None False
- ignore TypeError ('ignore_errors() takes exactly one argument (0 given)',) None None True
+ ignore TypeError ('ignore_errors() takes exactly one argument (0 given)',) None None False
- ignore TypeError ('ignore_errors() takes exactly one argument (2 given)',) None None True
+ ignore TypeError ('ignore_errors() takes exactly one argument (2 given)',) None None False
- ignore TypeError ('ignore_errors() takes no keyword arguments',) None None True
+ ignore TypeError ('ignore_errors() takes no keyword arguments',) None None False
- ignore TypeError ("don't know how to handle NoneType in error callback",) None None True
+ ignore TypeError ("don't know how to handle NoneType in error callback",) None None False
- replace TypeError ('replace_errors() takes exactly one argument (0 given)',) None None True
+ replace TypeError ('replace_errors() takes exactly one argument (0 given)',) None None False
- replace TypeError ('replace_errors() takes exactly one argument (2 given)',) None None True
+ replace TypeError ('replace_errors() takes exactly one argument (2 given)',) None None False
- replace TypeError ('replace_errors() takes no keyword arguments',) None None True
+ replace TypeError ('replace_errors() takes no keyword arguments',) None None False
- replace TypeError ("don't know how to handle NoneType in error callback",) None None True
+ replace TypeError ("don't know how to handle NoneType in error callback",) None None False
- xmlcharrefreplace TypeError ('xmlcharrefreplace_errors() takes exactly one argument (0 given)',) None None True
+ xmlcharrefreplace TypeError ('xmlcharrefreplace_errors() takes exactly one argument (0 given)',) None None False
- xmlcharrefreplace TypeError ('xmlcharrefreplace_errors() takes exactly one argument (2 given)',) None None True
+ xmlcharrefreplace TypeError ('xmlcharrefreplace_errors() takes exactly one argument (2 given)',) None None False
- xmlcharrefreplace TypeError ('xmlcharrefreplace_errors() takes no keyword arguments',) None None True
+ xmlcharrefreplace TypeError ('xmlcharrefreplace_errors() takes no keyword arguments',) None None False
- xmlcharrefreplace TypeError ("don't know how to handle NoneType in error callback",) None None True
+ xmlcharrefreplace TypeError ("don't know how to handle NoneType in error callback",) None None False
- backslashreplace TypeError ('backslashreplace_errors() takes exactly one argument (0 given)',) None None True
+ backslashreplace TypeError ('backslashreplace_errors() takes exactly one argument (0 given)',) None None False
- backslashreplace TypeError ('backslashreplace_errors() takes exactly one argument (2 given)',) None None True
+ backslashreplace TypeError ('backslashreplace_errors() takes exactly one argument (2 given)',) None None False
- backslashreplace TypeError ('backslashreplace_errors() takes no keyword arguments',) None None True
+ backslashreplace TypeError ('backslashreplace_errors() takes no keyword arguments',) None None False
- backslashreplace TypeError ("don't know how to handle NoneType in error callback",) None None True
+ backslashreplace TypeError ("don't know how to handle NoneType in error callback",) None None False
- namereplace TypeError ('namereplace_errors() takes exactly one argument (0 given)',) None None True
+ namereplace TypeError ('namereplace_errors() takes exactly one argument (0 given)',) None None False
- namereplace TypeError ('namereplace_errors() takes exactly one argument (2 given)',) None None True
+ namereplace TypeError ('namereplace_errors() takes exactly one argument (2 given)',) None None False
- namereplace TypeError ('namereplace_errors() takes no keyword arguments',) None None True
+ namereplace TypeError ('namereplace_errors() takes no keyword arguments',) None None False
- namereplace TypeError ("don't know how to handle NoneType in error callback",) None None True
+ namereplace TypeError ("don't know how to handle NoneType in error callback",) None None False
- surrogatepass TypeError ('surrogatepass() takes exactly one argument (0 given)',) None None True
+ surrogatepass TypeError ('surrogatepass() takes exactly one argument (0 given)',) None None False
- surrogatepass TypeError ('surrogatepass() takes exactly one argument (2 given)',) None None True
+ surrogatepass TypeError ('surrogatepass() takes exactly one argument (2 given)',) None None False
- surrogatepass TypeError ('surrogatepass() takes no keyword arguments',) None None True
+ surrogatepass TypeError ('surrogatepass() takes no keyword arguments',) None None False
- surrogatepass TypeError ("don't know how to handle NoneType in error callback",) None None True
+ surrogatepass TypeError ("don't know how to handle NoneType in error callback",) None None False
- surrogateescape TypeError ('surrogateescape() takes exactly one argument (0 given)',) None None True
+ surrogateescape TypeError ('surrogateescape() takes exactly one argument (0 given)',) None None False
- surrogateescape TypeError ('surrogateescape() takes exactly one argument (2 given)',) None None True
+ surrogateescape TypeError ('surrogateescape() takes exactly one argument (2 given)',) None None False
- surrogateescape TypeError ('surrogateescape() takes no keyword arguments',) None None True
+ surrogateescape TypeError ('surrogateescape() takes no keyword arguments',) None None False
- surrogateescape TypeError ("don't know how to handle NoneType in error callback",) None None True
+ surrogateescape TypeError ("don't know how to handle NoneType in error callback",) None None False
- ignore object TypeError ("UnicodeError 'object' attribute is not set",) False True
+ ignore object TypeError ("UnicodeError 'object' attribute is not set",) False False
- replace object TypeError ("UnicodeError 'object' attribute must be a bytes",) False True
+ replace object TypeError ("UnicodeError 'object' attribute must be a bytes",) False False
- surrogatepass encoding TypeError ("UnicodeError 'encoding' attribute is not set",) False True
+ surrogatepass encoding TypeError ("UnicodeError 'encoding' attribute is not set",) False False
- surrogatepass encoding TypeError ("UnicodeError 'encoding' attribute must be a string",) False True
+ surrogatepass encoding TypeError ("UnicodeError 'encoding' attribute must be a string",) False False
  continue


 ❯ src/session-codec-standard-rejection.test.ts:32:18
     30|     expect(session.eval("1")).toBe(result);
     31|   }
     32|   expect(output).toBe(mode === "normal" ? reference.oracle.stdout : re…
       |                  ^
     33| });
     34|

⎯⎯⎯⎯⎯⎯⎯⎯⎯⎯⎯⎯⎯⎯⎯⎯⎯⎯⎯⎯⎯[69/327]⎯

 FAIL  src/session-codec-standard-rejection.test.ts > standard handler rejections preserve pinned exception metadata (cancel-return)
 FAIL  src/session-codec-standard-rejection.test.ts > standard handler rejections preserve pinned exception metadata (cancel-throw)
AssertionError: expected 'strict TypeError (\'strict_errors() t…' to be 'strict TypeError (\'strict_errors() t…' // Object.is equality

- Expected
+ Received

- strict TypeError ('strict_errors() takes exactly one argument (0 given)',) None None True
+ strict TypeError ('strict_errors() takes exactly one argument (0 given)',) None None False
- strict TypeError ('strict_errors() takes exactly one argument (2 given)',) None None True
+ strict TypeError ('strict_errors() takes exactly one argument (2 given)',) None None False
- strict TypeError ('strict_errors() takes no keyword arguments',) None None True
+ strict TypeError ('strict_errors() takes no keyword arguments',) None None False
- strict TypeError ('codec must pass exception instance',) None None True
+ strict TypeError ('codec must pass exception instance',) None None False
- ignore TypeError ('ignore_errors() takes exactly one argument (0 given)',) None None True
+ ignore TypeError ('ignore_errors() takes exactly one argument (0 given)',) None None False
- ignore TypeError ('ignore_errors() takes exactly one argument (2 given)',) None None True
+ ignore TypeError ('ignore_errors() takes exactly one argument (2 given)',) None None False
- ignore TypeError ('ignore_errors() takes no keyword arguments',) None None True
+ ignore TypeError ('ignore_errors() takes no keyword arguments',) None None False
- ignore TypeError ("don't know how to handle NoneType in error callback",) None None True
+ ignore TypeError ("don't know how to handle NoneType in error callback",) None None False
- replace TypeError ('replace_errors() takes exactly one argument (0 given)',) None None True
+ replace TypeError ('replace_errors() takes exactly one argument (0 given)',) None None False
- replace TypeError ('replace_errors() takes exactly one argument (2 given)',) None None True
+ replace TypeError ('replace_errors() takes exactly one argument (2 given)',) None None False
- replace TypeError ('replace_errors() takes no keyword arguments',) None None True
+ replace TypeError ('replace_errors() takes no keyword arguments',) None None False
- replace TypeError ("don't know how to handle NoneType in error callback",) None None True
+ replace TypeError ("don't know how to handle NoneType in error callback",) None None False
- xmlcharrefreplace TypeError ('xmlcharrefreplace_errors() takes exactly one argument (0 given)',) None None True
+ xmlcharrefreplace TypeError ('xmlcharrefreplace_errors() takes exactly one argument (0 given)',) None None False
- xmlcharrefreplace TypeError ('xmlcharrefreplace_errors() takes exactly one argument (2 given)',) None None True
+ xmlcharrefreplace TypeError ('xmlcharrefreplace_errors() takes exactly one argument (2 given)',) None None False
- xmlcharrefreplace TypeError ('xmlcharrefreplace_errors() takes no keyword arguments',) None None True
+ xmlcharrefreplace TypeError ('xmlcharrefreplace_errors() takes no keyword arguments',) None None False
- xmlcharrefreplace TypeError ("don't know how to handle NoneType in error callback",) None None True
+ xmlcharrefreplace TypeError ("don't know how to handle NoneType in error callback",) None None False
- backslashreplace TypeError ('backslashreplace_errors() takes exactly one argument (0 given)',) None None True
+ backslashreplace TypeError ('backslashreplace_errors() takes exactly one argument (0 given)',) None None False
- backslashreplace TypeError ('backslashreplace_errors() takes exactly one argument (2 given)',) None None True
+ backslashreplace TypeError ('backslashreplace_errors() takes exactly one argument (2 given)',) None None False
- backslashreplace TypeError ('backslashreplace_errors() takes no keyword arguments',) None None True
+ backslashreplace TypeError ('backslashreplace_errors() takes no keyword arguments',) None None False
- backslashreplace TypeError ("don't know how to handle NoneType in error callback",) None None True
+ backslashreplace TypeError ("don't know how to handle NoneType in error callback",) None None False
- namereplace TypeError ('namereplace_errors() takes exactly one argument (0 given)',) None None True
+ namereplace TypeError ('namereplace_errors() takes exactly one argument (0 given)',) None None False
- namereplace TypeError ('namereplace_errors() takes exactly one argument (2 given)',) None None True
+ namereplace TypeError ('namereplace_errors() takes exactly one argument (2 given)',) None None False
- namereplace TypeError ('namereplace_errors() takes no keyword arguments',) None None True
+ namereplace TypeError ('namereplace_errors() takes no keyword arguments',) None None False
- namereplace TypeError ("don't know how to handle NoneType in error callback",) None None True
+ namereplace TypeError ("don't know how to handle NoneType in error callback",) None None False
- surrogatepass TypeError ('surrogatepass() takes exactly one argument (0 given)',) None None True
+ surrogatepass TypeError ('surrogatepass() takes exactly one argument (0 given)',) None None False
- surrogatepass TypeError ('surrogatepass() takes exactly one argument (2 given)',) None None True
+ surrogatepass TypeError ('surrogatepass() takes exactly one argument (2 given)',) None None False
- surrogatepass TypeError ('surrogatepass() takes no keyword arguments',) None None True
+ surrogatepass TypeError ('surrogatepass() takes no keyword arguments',) None None False
- surrogatepass TypeError ("don't know how to handle NoneType in error callback",) None None True
+ surrogatepass TypeError ("don't know how to handle NoneType in error callback",) None None False
- surrogateescape TypeError ('surrogateescape() takes exactly one argument (0 given)',) None None True
+ surrogateescape TypeError ('surrogateescape() takes exactly one argument (0 given)',) None None False
- surrogateescape TypeError ('surrogateescape() takes exactly one argument (2 given)',) None None True
+ surrogateescape TypeError ('surrogateescape() takes exactly one argument (2 given)',) None None False
- surrogateescape TypeError ('surrogateescape() takes no keyword arguments',) None None True
+ surrogateescape TypeError ('surrogateescape() takes no keyword arguments',) None None False
- surrogateescape TypeError ("don't know how to handle NoneType in error callback",) None None True
+ surrogateescape TypeError ("don't know how to handle NoneType in error callback",) None None False
- ignore object TypeError ("UnicodeError 'object' attribute is not set",) False True
+ ignore object TypeError ("UnicodeError 'object' attribute is not set",) False False
- replace object TypeError ("UnicodeError 'object' attribute must be a bytes",) False True
+ replace object TypeError ("UnicodeError 'object' attribute must be a bytes",) False False
- surrogatepass encoding TypeError ("UnicodeError 'encoding' attribute is not set",) False True
+ surrogatepass encoding TypeError ("UnicodeError 'encoding' attribute is not set",) False False
- surrogatepass encoding TypeError ("UnicodeError 'encoding' attribute must be a string",) False True
+ surrogatepass encoding TypeError ("UnicodeError 'encoding' attribute must be a string",) False False


 ❯ src/session-codec-standard-rejection.test.ts:32:18
     30|     expect(session.eval("1")).toBe(result);
     31|   }
     32|   expect(output).toBe(mode === "normal" ? reference.oracle.stdout : re…
       |                  ^
     33| });
     34|

⎯⎯⎯⎯⎯⎯⎯⎯⎯⎯⎯⎯⎯⎯⎯⎯⎯⎯⎯⎯⎯[70/327]⎯

 FAIL  src/session-codec-stateful-encoder-user.test.ts > 'iso2022_jp' restores encoder state after recovery and guest failure
AssertionError: LookupError('unknown encoding: iso2022_jp'): expected 'exception' to be 'ok' // Object.is equality

Expected: "ok"
Received: "exception"

 ❯ src/session-codec-stateful-encoder-user.test.ts:25:33
     23|     if (diagnostic.status === "ok") detail = String(diagnostic.value.p…
     24|   }
     25|   expect(result.status, detail).toBe("ok");
       |                                 ^
     26|   expect(output).toBe(oracle.stdout);
     27|   expect(reads).toBeGreaterThanOrEqual(3);

⎯⎯⎯⎯⎯⎯⎯⎯⎯⎯⎯⎯⎯⎯⎯⎯⎯⎯⎯⎯⎯[71/327]⎯

 FAIL  src/session-codec-stateful-encoder-user.test.ts > 'iso2022_jp_1' restores encoder state after recovery and guest failure
AssertionError: LookupError('unknown encoding: iso2022_jp_1'): expected 'exception' to be 'ok' // Object.is equality

Expected: "ok"
Received: "exception"

 ❯ src/session-codec-stateful-encoder-user.test.ts:25:33
     23|     if (diagnostic.status === "ok") detail = String(diagnostic.value.p…
     24|   }
     25|   expect(result.status, detail).toBe("ok");
       |                                 ^
     26|   expect(output).toBe(oracle.stdout);
     27|   expect(reads).toBeGreaterThanOrEqual(3);

⎯⎯⎯⎯⎯⎯⎯⎯⎯⎯⎯⎯⎯⎯⎯⎯⎯⎯⎯⎯⎯[72/327]⎯

 FAIL  src/session-codec-stateful-encoder-user.test.ts > 'iso2022_jp_2' restores encoder state after recovery and guest failure
AssertionError: LookupError('unknown encoding: iso2022_jp_2'): expected 'exception' to be 'ok' // Object.is equality

Expected: "ok"
Received: "exception"

 ❯ src/session-codec-stateful-encoder-user.test.ts:25:33
     23|     if (diagnostic.status === "ok") detail = String(diagnostic.value.p…
     24|   }
     25|   expect(result.status, detail).toBe("ok");
       |                                 ^
     26|   expect(output).toBe(oracle.stdout);
     27|   expect(reads).toBeGreaterThanOrEqual(3);

⎯⎯⎯⎯⎯⎯⎯⎯⎯⎯⎯⎯⎯⎯⎯⎯⎯⎯⎯⎯⎯[73/327]⎯

 FAIL  src/session-codec-stateful-encoder-user.test.ts > 'iso2022_jp_3' restores encoder state after recovery and guest failure
AssertionError: LookupError('unknown encoding: iso2022_jp_3'): expected 'exception' to be 'ok' // Object.is equality

Expected: "ok"
Received: "exception"

 ❯ src/session-codec-stateful-encoder-user.test.ts:25:33
     23|     if (diagnostic.status === "ok") detail = String(diagnostic.value.p…
     24|   }
     25|   expect(result.status, detail).toBe("ok");
       |                                 ^
     26|   expect(output).toBe(oracle.stdout);
     27|   expect(reads).toBeGreaterThanOrEqual(3);

⎯⎯⎯⎯⎯⎯⎯⎯⎯⎯⎯⎯⎯⎯⎯⎯⎯⎯⎯⎯⎯[74/327]⎯

 FAIL  src/session-codec-stateful-encoder-user.test.ts > 'iso2022_jp_2004' restores encoder state after recovery and guest failure
AssertionError: LookupError('unknown encoding: iso2022_jp_2004'): expected 'exception' to be 'ok' // Object.is equality

Expected: "ok"
Received: "exception"

 ❯ src/session-codec-stateful-encoder-user.test.ts:25:33
     23|     if (diagnostic.status === "ok") detail = String(diagnostic.value.p…
     24|   }
     25|   expect(result.status, detail).toBe("ok");
       |                                 ^
     26|   expect(output).toBe(oracle.stdout);
     27|   expect(reads).toBeGreaterThanOrEqual(3);

⎯⎯⎯⎯⎯⎯⎯⎯⎯⎯⎯⎯⎯⎯⎯⎯⎯⎯⎯⎯⎯[75/327]⎯

 FAIL  src/session-codec-stateful-encoder-user.test.ts > 'iso2022_jp_ext' restores encoder state after recovery and guest failure
AssertionError: LookupError('unknown encoding: iso2022_jp_ext'): expected 'exception' to be 'ok' // Object.is equality

Expected: "ok"
Received: "exception"

 ❯ src/session-codec-stateful-encoder-user.test.ts:25:33
     23|     if (diagnostic.status === "ok") detail = String(diagnostic.value.p…
     24|   }
     25|   expect(result.status, detail).toBe("ok");
       |                                 ^
     26|   expect(output).toBe(oracle.stdout);
     27|   expect(reads).toBeGreaterThanOrEqual(3);

⎯⎯⎯⎯⎯⎯⎯⎯⎯⎯⎯⎯⎯⎯⎯⎯⎯⎯⎯⎯⎯[76/327]⎯

 FAIL  src/session-codec-stateful-encoder-user.test.ts > 'iso2022_kr' restores encoder state after recovery and guest failure
AssertionError: LookupError('unknown encoding: iso2022_kr'): expected 'exception' to be 'ok' // Object.is equality

Expected: "ok"
Received: "exception"

 ❯ src/session-codec-stateful-encoder-user.test.ts:25:33
     23|     if (diagnostic.status === "ok") detail = String(diagnostic.value.p…
     24|   }
     25|   expect(result.status, detail).toBe("ok");
       |                                 ^
     26|   expect(output).toBe(oracle.stdout);
     27|   expect(reads).toBeGreaterThanOrEqual(3);

⎯⎯⎯⎯⎯⎯⎯⎯⎯⎯⎯⎯⎯⎯⎯⎯⎯⎯⎯⎯⎯[77/327]⎯

 FAIL  src/session-codec-stateful-encoder-user.test.ts > 'hz' restores encoder state after recovery and guest failure
AssertionError: LookupError('unknown encoding: hz'): expected 'exception' to be 'ok' // Object.is equality

Expected: "ok"
Received: "exception"

 ❯ src/session-codec-stateful-encoder-user.test.ts:25:33
     23|     if (diagnostic.status === "ok") detail = String(diagnostic.value.p…
     24|   }
     25|   expect(result.status, detail).toBe("ok");
       |                                 ^
     26|   expect(output).toBe(oracle.stdout);
     27|   expect(reads).toBeGreaterThanOrEqual(3);

⎯⎯⎯⎯⎯⎯⎯⎯⎯⎯⎯⎯⎯⎯⎯⎯⎯⎯⎯⎯⎯[78/327]⎯

 FAIL  src/session-codec-stateful-encoder-user.test.ts > 'iso2022_jp' keeps encoder recovery cancellation terminal (throws=false)
 FAIL  src/session-codec-stateful-encoder-user.test.ts > 'iso2022_jp' keeps encoder recovery cancellation terminal (throws=true)
AssertionError: LookupError('unknown encoding: iso2022_jp'): expected 'exception' to be 'terminated' // Object.is equality

Expected: "terminated"
Received: "exception"

 ❯ src/session-codec-stateful-encoder-user.test.ts:51:35
     49|       if (diagnostic.status === "ok") detail = String(diagnostic.value…
     50|     }
     51|     expect(result.status, detail).toBe("terminated");
       |                                   ^
     52|     if (result.status === "terminated") expect(result.reason).toBe("ca…
     53|     const before = writes;

⎯⎯⎯⎯⎯⎯⎯⎯⎯⎯⎯⎯⎯⎯⎯⎯⎯⎯⎯⎯⎯[79/327]⎯

 FAIL  src/session-codec-stateful-encoder-user.test.ts > 'iso2022_jp_1' keeps encoder recovery cancellation terminal (throws=false)
 FAIL  src/session-codec-stateful-encoder-user.test.ts > 'iso2022_jp_1' keeps encoder recovery cancellation terminal (throws=true)
AssertionError: LookupError('unknown encoding: iso2022_jp_1'): expected 'exception' to be 'terminated' // Object.is equality

Expected: "terminated"
Received: "exception"

 ❯ src/session-codec-stateful-encoder-user.test.ts:51:35
     49|       if (diagnostic.status === "ok") detail = String(diagnostic.value…
     50|     }
     51|     expect(result.status, detail).toBe("terminated");
       |                                   ^
     52|     if (result.status === "terminated") expect(result.reason).toBe("ca…
     53|     const before = writes;

⎯⎯⎯⎯⎯⎯⎯⎯⎯⎯⎯⎯⎯⎯⎯⎯⎯⎯⎯⎯⎯[80/327]⎯

 FAIL  src/session-codec-stateful-encoder-user.test.ts > 'iso2022_jp_2' keeps encoder recovery cancellation terminal (throws=false)
 FAIL  src/session-codec-stateful-encoder-user.test.ts > 'iso2022_jp_2' keeps encoder recovery cancellation terminal (throws=true)
AssertionError: LookupError('unknown encoding: iso2022_jp_2'): expected 'exception' to be 'terminated' // Object.is equality

Expected: "terminated"
Received: "exception"

 ❯ src/session-codec-stateful-encoder-user.test.ts:51:35
     49|       if (diagnostic.status === "ok") detail = String(diagnostic.value…
     50|     }
     51|     expect(result.status, detail).toBe("terminated");
       |                                   ^
     52|     if (result.status === "terminated") expect(result.reason).toBe("ca…
     53|     const before = writes;

⎯⎯⎯⎯⎯⎯⎯⎯⎯⎯⎯⎯⎯⎯⎯⎯⎯⎯⎯⎯⎯[81/327]⎯

 FAIL  src/session-codec-stateful-encoder-user.test.ts > 'iso2022_jp_3' keeps encoder recovery cancellation terminal (throws=false)
 FAIL  src/session-codec-stateful-encoder-user.test.ts > 'iso2022_jp_3' keeps encoder recovery cancellation terminal (throws=true)
AssertionError: LookupError('unknown encoding: iso2022_jp_3'): expected 'exception' to be 'terminated' // Object.is equality

Expected: "terminated"
Received: "exception"

 ❯ src/session-codec-stateful-encoder-user.test.ts:51:35
     49|       if (diagnostic.status === "ok") detail = String(diagnostic.value…
     50|     }
     51|     expect(result.status, detail).toBe("terminated");
       |                                   ^
     52|     if (result.status === "terminated") expect(result.reason).toBe("ca…
     53|     const before = writes;

⎯⎯⎯⎯⎯⎯⎯⎯⎯⎯⎯⎯⎯⎯⎯⎯⎯⎯⎯⎯⎯[82/327]⎯

 FAIL  src/session-codec-stateful-encoder-user.test.ts > 'iso2022_jp_2004' keeps encoder recovery cancellation terminal (throws=false)
 FAIL  src/session-codec-stateful-encoder-user.test.ts > 'iso2022_jp_2004' keeps encoder recovery cancellation terminal (throws=true)
AssertionError: LookupError('unknown encoding: iso2022_jp_2004'): expected 'exception' to be 'terminated' // Object.is equality

Expected: "terminated"
Received: "exception"

 ❯ src/session-codec-stateful-encoder-user.test.ts:51:35
     49|       if (diagnostic.status === "ok") detail = String(diagnostic.value…
     50|     }
     51|     expect(result.status, detail).toBe("terminated");
       |                                   ^
     52|     if (result.status === "terminated") expect(result.reason).toBe("ca…
     53|     const before = writes;

⎯⎯⎯⎯⎯⎯⎯⎯⎯⎯⎯⎯⎯⎯⎯⎯⎯⎯⎯⎯⎯[83/327]⎯

 FAIL  src/session-codec-stateful-encoder-user.test.ts > 'iso2022_jp_ext' keeps encoder recovery cancellation terminal (throws=false)
 FAIL  src/session-codec-stateful-encoder-user.test.ts > 'iso2022_jp_ext' keeps encoder recovery cancellation terminal (throws=true)
AssertionError: LookupError('unknown encoding: iso2022_jp_ext'): expected 'exception' to be 'terminated' // Object.is equality

Expected: "terminated"
Received: "exception"

 ❯ src/session-codec-stateful-encoder-user.test.ts:51:35
     49|       if (diagnostic.status === "ok") detail = String(diagnostic.value…
     50|     }
     51|     expect(result.status, detail).toBe("terminated");
       |                                   ^
     52|     if (result.status === "terminated") expect(result.reason).toBe("ca…
     53|     const before = writes;

⎯⎯⎯⎯⎯⎯⎯⎯⎯⎯⎯⎯⎯⎯⎯⎯⎯⎯⎯⎯⎯[84/327]⎯

 FAIL  src/session-codec-stateful-encoder-user.test.ts > 'iso2022_kr' keeps encoder recovery cancellation terminal (throws=false)
 FAIL  src/session-codec-stateful-encoder-user.test.ts > 'iso2022_kr' keeps encoder recovery cancellation terminal (throws=true)
AssertionError: LookupError('unknown encoding: iso2022_kr'): expected 'exception' to be 'terminated' // Object.is equality

Expected: "terminated"
Received: "exception"

 ❯ src/session-codec-stateful-encoder-user.test.ts:51:35
     49|       if (diagnostic.status === "ok") detail = String(diagnostic.value…
     50|     }
     51|     expect(result.status, detail).toBe("terminated");
       |                                   ^
     52|     if (result.status === "terminated") expect(result.reason).toBe("ca…
     53|     const before = writes;

⎯⎯⎯⎯⎯⎯⎯⎯⎯⎯⎯⎯⎯⎯⎯⎯⎯⎯⎯⎯⎯[85/327]⎯

 FAIL  src/session-codec-stateful-encoder-user.test.ts > 'hz' keeps encoder recovery cancellation terminal (throws=false)
 FAIL  src/session-codec-stateful-encoder-user.test.ts > 'hz' keeps encoder recovery cancellation terminal (throws=true)
AssertionError: LookupError('unknown encoding: hz'): expected 'exception' to be 'terminated' // Object.is equality

Expected: "terminated"
Received: "exception"

 ❯ src/session-codec-stateful-encoder-user.test.ts:51:35
     49|       if (diagnostic.status === "ok") detail = String(diagnostic.value…
     50|     }
     51|     expect(result.status, detail).toBe("terminated");
       |                                   ^
     52|     if (result.status === "terminated") expect(result.reason).toBe("ca…
     53|     const before = writes;

⎯⎯⎯⎯⎯⎯⎯⎯⎯⎯⎯⎯⎯⎯⎯⎯⎯⎯⎯⎯⎯[86/327]⎯

 FAIL  src/session-codec-stream-mutation.test.ts > 'stream reader bytearray and memoryvie…'
AssertionError: exception: name 'bytearray' is not defined: expected 'exception' to be 'ok' // Object.is equality

Expected: "ok"
Received: "exception"

 ❯ src/session-codec-stream-mutation.test.ts:20:37
     18|     if (message.status === 'ok') diagnostic += ': ' + String(message.v…
     19|   }
     20|   expect(result.status, diagnostic).toBe('ok');
       |                                     ^
     21|   expect(output).toBe(reference.cases.find(row => row.name === name)!.…
     22| });

⎯⎯⎯⎯⎯⎯⎯⎯⎯⎯⎯⎯⎯⎯⎯⎯⎯⎯⎯⎯⎯[87/327]⎯

 FAIL  src/session-codec-stream-traceback.test.ts > retains caller and codec frames with pinned instruction positions
AssertionError: expected '' to be '<module> 3 66\nencode 204 12\n' // Object.is equality

- Expected
+ Received

- <module> 3 66
- encode 204 12
-

 ❯ src/session-codec-stream-traceback.test.ts:19:18
     17| `;
     18|   expect(session.exec(source,{filename:'<codec-trace>'})).toMatchObjec…
     19|   expect(output).toBe('<module> 3 66\nencode 204 12\n');
       |                  ^
     20| });
     21|

⎯⎯⎯⎯⎯⎯⎯⎯⎯⎯⎯⎯⎯⎯⎯⎯⎯⎯⎯⎯⎯[88/327]⎯

 FAIL  src/session-core-codec-buffers.test.ts > public codec buffer contract: 'ascii inherited buffer failure preced…'
 FAIL  src/session-core-codec-buffers.test.ts > public codec buffer contract: 'latin_1 inherited buffer failure prec…'
 FAIL  src/session-core-codec-buffers.test.ts > public codec buffer contract: 'utf_8 inherited buffer failure preced…'
AssertionError: decoder ignored __buffer__: expected 'exception' to be 'ok' // Object.is equality

Expected: "ok"
Received: "exception"

 ❯ src/session-core-codec-buffers.test.ts:14:33
     12|     if (diagnostic.status === "ok") detail = String(diagnostic.value.p…
     13|   }
     14|   expect(result.status, detail).toBe("ok");
       |                                 ^
     15| });
     16|

⎯⎯⎯⎯⎯⎯⎯⎯⎯⎯⎯⎯⎯⎯⎯⎯⎯⎯⎯⎯⎯[89/327]⎯

 FAIL  src/session-core-codec-buffers.test.ts > public codec buffer contract: 'ascii validates buffer hook result be…'
 FAIL  src/session-core-codec-buffers.test.ts > public codec buffer contract: 'latin_1 validates buffer hook result …'
 FAIL  src/session-core-codec-buffers.test.ts > public codec buffer contract: 'utf_8 validates buffer hook result be…'
AssertionError: invalid buffer hook result accepted: expected 'exception' to be 'ok' // Object.is equality

Expected: "ok"
Received: "exception"

 ❯ src/session-core-codec-buffers.test.ts:14:33
     12|     if (diagnostic.status === "ok") detail = String(diagnostic.value.p…
     13|   }
     14|   expect(result.status, detail).toBe("ok");
       |                                 ^
     15| });
     16|

⎯⎯⎯⎯⎯⎯⎯⎯⎯⎯⎯⎯⎯⎯⎯⎯⎯⎯⎯⎯⎯[90/327]⎯

 FAIL  src/session-core-codec-buffers.test.ts > public codec buffer contract: 'ascii uses and releases an overridden…'
 FAIL  src/session-core-codec-buffers.test.ts > public codec buffer contract: 'latin_1 uses and releases an overridd…'
 FAIL  src/session-core-codec-buffers.test.ts > public codec buffer contract: 'utf_8 uses and releases an overridden…'
AssertionError: name 'bytearray' is not defined: expected 'exception' to be 'ok' // Object.is equality

Expected: "ok"
Received: "exception"

 ❯ src/session-core-codec-buffers.test.ts:14:33
     12|     if (diagnostic.status === "ok") detail = String(diagnostic.value.p…
     13|   }
     14|   expect(result.status, detail).toBe("ok");
       |                                 ^
     15| });
     16|

⎯⎯⎯⎯⎯⎯⎯⎯⎯⎯⎯⎯⎯⎯⎯⎯⎯⎯⎯⎯⎯[91/327]⎯

 FAIL  src/session-core-codec-buffers.test.ts > public codec buffer contract: 'ascii rejects a strided memoryview'
 FAIL  src/session-core-codec-buffers.test.ts > public codec buffer contract: 'latin_1 rejects a strided memoryview'
 FAIL  src/session-core-codec-buffers.test.ts > public codec buffer contract: 'utf_8 rejects a strided memoryview'
AssertionError: name 'memoryview' is not defined: expected 'exception' to be 'ok' // Object.is equality

Expected: "ok"
Received: "exception"

 ❯ src/session-core-codec-buffers.test.ts:14:33
     12|     if (diagnostic.status === "ok") detail = String(diagnostic.value.p…
     13|   }
     14|   expect(result.status, detail).toBe("ok");
       |                                 ^
     15| });
     16|

⎯⎯⎯⎯⎯⎯⎯⎯⎯⎯⎯⎯⎯⎯⎯⎯⎯⎯⎯⎯⎯[92/327]⎯

 FAIL  src/session-core-codec-buffers.test.ts > keeps cancellation in 'ascii' buffer acquisition fatal (throws=false)
 FAIL  src/session-core-codec-buffers.test.ts > keeps cancellation in 'latin_1' buffer acquisition fatal (throws=false)
 FAIL  src/session-core-codec-buffers.test.ts > keeps cancellation in 'utf_8' buffer acquisition fatal (throws=false)
AssertionError: throws=false: expected [] to deeply equal [ 'cancel' ]

- Expected
+ Received

- [
-   "cancel",
- ]
+ []

 ❯ src/session-core-codec-buffers.test.ts:34:40
     32|     print('recovered')
     33| `);
     34|     expect(writes, `throws=${throws}`).toEqual(["cancel"]);
       |                                        ^
     35|     expect(result).toMatchObject({status: "terminated", reason: "cance…
     36|     expect(session.eval("1")).toMatchObject({status: "terminated", rea…

⎯⎯⎯⎯⎯⎯⎯⎯⎯⎯⎯⎯⎯⎯⎯⎯⎯⎯⎯⎯⎯[93/327]⎯

 FAIL  src/session-core-codec-buffers.test.ts > keeps cancellation in 'ascii' buffer acquisition fatal (throws=true)
 FAIL  src/session-core-codec-buffers.test.ts > keeps cancellation in 'latin_1' buffer acquisition fatal (throws=true)
 FAIL  src/session-core-codec-buffers.test.ts > keeps cancellation in 'utf_8' buffer acquisition fatal (throws=true)
AssertionError: throws=true: expected [] to deeply equal [ 'cancel' ]

- Expected
+ Received

- [
-   "cancel",
- ]
+ []

 ❯ src/session-core-codec-buffers.test.ts:34:40
     32|     print('recovered')
     33| `);
     34|     expect(writes, `throws=${throws}`).toEqual(["cancel"]);
       |                                        ^
     35|     expect(result).toMatchObject({status: "terminated", reason: "cance…
     36|     expect(session.eval("1")).toMatchObject({status: "terminated", rea…

⎯⎯⎯⎯⎯⎯⎯⎯⎯⎯⎯⎯⎯⎯⎯⎯⎯⎯⎯⎯⎯[94/327]⎯

 FAIL  src/session-custom-encoder.test.ts > preserves guest failure identity, notes and traceback: source.encode('EDGE-CUSTOM')
 FAIL  src/session-custom-encoder.test.ts > preserves guest failure identity, notes and traceback: bytes(source, 'EDGE-CUSTOM')
AssertionError: failure traceback: expected 'exception' to be 'ok' // Object.is equality

Expected: "ok"
Received: "exception"

 ❯ run src/session-custom-encoder.test.ts:13:32
     11|     if(message.status==="ok")detail=String(message.value.primitive);
     12|   }
     13|   expect(result.status,detail).toBe("ok");
       |                                ^
     14| }
     15|
 ❯ src/session-custom-encoder.test.ts:76:3

⎯⎯⎯⎯⎯⎯⎯⎯⎯⎯⎯⎯⎯⎯⎯⎯⎯⎯⎯⎯⎯[95/327]⎯

 FAIL  src/session-dictionary-native-contracts.test.ts > matches dictionary native contract: 'exact __reversed__()'
 FAIL  src/session-dictionary-native-contracts.test.ts > matches dictionary native contract: 'explicit __reversed__()'
 FAIL  src/session-dictionary-native-contracts.test.ts > matches dictionary native contract: 'subtype __reversed__()'
 FAIL  src/session-dictionary-native-contracts.test.ts > matches dictionary native contract: 'subtype-explicit __reversed__()'
 FAIL  src/session-dictionary-native-contracts.test.ts > matches dictionary native contract: 'metaclass __reversed__()'
AssertionError: expected { status: 'terminated', …(2) } to deeply equal { status: 'ok' }

- Expected
+ Received

  {
-   "status": "ok",
+   "message": "canonical type for iterator is unavailable",
+   "reason": "capability",
+   "status": "terminated",
  }

 ❯ src/session-dictionary-native-contracts.test.ts:7:32
      5| it.each(reference.cases)("matches dictionary native contract: $name", …
      6|   const session = new PythonSession({limits: {maxSteps: 1_000_000, max…
      7|   expect(session.exec(source)).toEqual({status: "ok"});
       |                                ^
      8|   expect(session.eval("repr(observation)")).toMatchObject({status: "ok…
      9| });

⎯⎯⎯⎯⎯⎯⎯⎯⎯⎯⎯⎯⎯⎯⎯⎯⎯⎯⎯⎯⎯[96/327]⎯

 FAIL  src/session-encode-compatibility.test.ts > public str.encode: assert 'abc\0'.encode('ansi_x3.4_1968') == b'abc\0'
 FAIL  src/session-encode-compatibility.test.ts > public str.encode: assert 'abc\0'.encode('ansi_x3_4_1968') == b'abc\0'
 FAIL  src/session-encode-compatibility.test.ts > public str.encode: assert 'abc\0'.encode('ansi_x3.4_1986') == b'abc\0'
 FAIL  src/session-encode-compatibility.test.ts > public str.encode: assert 'abc\0'.encode('iso_646.irv_1991') == b'abc\0'
 FAIL  src/session-encode-compatibility.test.ts > public str.encode: assert 'éÿ\0'.encode('csisolatin1') == b'\xe9\xff\0'
 FAIL  src/session-encode-compatibility.test.ts > public str.encode: assert 'éÿ\0'.encode('iso_8859_1_1987') == b'\xe9\xff\0'
AssertionError: expected 'terminated' to be 'ok' // Object.is equality

Expected: "ok"
Received: "terminated"

 ❯ src/session-encode-compatibility.test.ts:8:39
      6| it.each(encodeCases)("public str.encode: %s", source => {
      7|   const session = new PythonSession({ limits: { maxSteps: 200_000, max…
      8|   expect(session.exec(source).status).toBe("ok");
       |                                       ^
      9| });
     10|

⎯⎯⎯⎯⎯⎯⎯⎯⎯⎯⎯⎯⎯⎯⎯⎯⎯⎯⎯⎯⎯[97/327]⎯

 FAIL  src/session-interpolated-literal-codec.test.ts > interpolated literal codec: 't"\N{SNAKE}{1}"'
 FAIL  src/session-interpolated-literal-codec.test.ts > interpolated literal codec: 't"""first\n\N{SNAKE}{1}"""'
 FAIL  src/session-interpolated-literal-codec.test.ts > interpolated literal codec: 't"\ud800{1}"'
 FAIL  src/session-interpolated-literal-codec.test.ts > interpolated literal codec: 't"""first\n\ud800{1}"""'
 FAIL  src/session-interpolated-literal-codec.test.ts > interpolated literal codec: 't"\q{1}"'
 FAIL  src/session-interpolated-literal-codec.test.ts > interpolated literal codec: 't"""first\n\q{1}"""'
 FAIL  src/session-interpolated-literal-codec.test.ts > interpolated literal codec: 't"\777{1}"'
 FAIL  src/session-interpolated-literal-codec.test.ts > interpolated literal codec: 't"""first\n\777{1}"""'
 FAIL  src/session-interpolated-literal-codec.test.ts > interpolated literal codec: 't"\{1}"'
 FAIL  src/session-interpolated-literal-codec.test.ts > interpolated literal codec: 't"""first\n\{1}"""'
 FAIL  src/session-interpolated-literal-codec.test.ts > interpolated literal codec: 't"{{\n}}"'
 FAIL  src/session-interpolated-literal-codec.test.ts > interpolated literal codec: 't"""first\n{{\n}}"""'
 FAIL  src/session-interpolated-literal-codec.test.ts > interpolated literal codec: 't"\é{1}"'
 FAIL  src/session-interpolated-literal-codec.test.ts > interpolated literal codec: 't"""first\n\é{1}"""'
 FAIL  src/session-interpolated-literal-codec.test.ts > interpolated literal codec: 't"\\é{1}"'
 FAIL  src/session-interpolated-literal-codec.test.ts > interpolated literal codec: 't"""first\n\\é{1}"""'
 FAIL  src/session-interpolated-literal-codec.test.ts > interpolated literal codec: 't"\q{{\z"'
 FAIL  src/session-interpolated-literal-codec.test.ts > interpolated literal codec: 't"""first\n\q{{\z"""'
 FAIL  src/session-interpolated-literal-codec.test.ts > interpolated literal codec: 't"\N{SNAKE}\q"'
 FAIL  src/session-interpolated-literal-codec.test.ts > interpolated literal codec: 't"""first\n\N{SNAKE}\q"""'
 FAIL  src/session-interpolated-literal-codec.test.ts > interpolated literal codec: 'rt"\x"'
 FAIL  src/session-interpolated-literal-codec.test.ts > interpolated literal codec: 'rt"""first\n\x"""'
 FAIL  src/session-interpolated-literal-codec.test.ts > interpolated literal codec: 'rt"abc\u0"'
 FAIL  src/session-interpolated-literal-codec.test.ts > interpolated literal codec: 'rt"""first\nabc\u0"""'
 FAIL  src/session-interpolated-literal-codec.test.ts > interpolated literal codec: 'rt"é\U00110000"'
 FAIL  src/session-interpolated-literal-codec.test.ts > interpolated literal codec: 'rt"""first\né\U00110000"""'
 FAIL  src/session-interpolated-literal-codec.test.ts > interpolated literal codec: 'rt"\N{no}"'
 FAIL  src/session-interpolated-literal-codec.test.ts > interpolated literal codec: 'rt"""first\n\N{no}"""'
 FAIL  src/session-interpolated-literal-codec.test.ts > interpolated literal codec: 'rt"{{\x}}"'
 FAIL  src/session-interpolated-literal-codec.test.ts > interpolated literal codec: 'rt"""first\n{{\x}}"""'
 FAIL  src/session-interpolated-literal-codec.test.ts > interpolated literal codec: 'rt"a{{b}}\x"'
 FAIL  src/session-interpolated-literal-codec.test.ts > interpolated literal codec: 'rt"""first\na{{b}}\x"""'
 FAIL  src/session-interpolated-literal-codec.test.ts > interpolated literal codec: 'rt"\x{1}"'
 FAIL  src/session-interpolated-literal-codec.test.ts > interpolated literal codec: 'rt"""first\n\x{1}"""'
 FAIL  src/session-interpolated-literal-codec.test.ts > interpolated literal codec: 'rt"{1}\x"'
 FAIL  src/session-interpolated-literal-codec.test.ts > interpolated literal codec: 'rt"""first\n{1}\x"""'
 FAIL  src/session-interpolated-literal-codec.test.ts > interpolated literal codec: 'rt"{1:\x}"'
 FAIL  src/session-interpolated-literal-codec.test.ts > interpolated literal codec: 'rt"""first\n{1:\x}"""'
 FAIL  src/session-interpolated-literal-codec.test.ts > interpolated literal codec: 'rt"\x{1:\u}"'
 FAIL  src/session-interpolated-literal-codec.test.ts > interpolated literal codec: 'rt"""first\n\x{1:\u}"""'
 FAIL  src/session-interpolated-literal-codec.test.ts > interpolated literal codec: 'rt"\N{SNAKE}{1}"'
 FAIL  src/session-interpolated-literal-codec.test.ts > interpolated literal codec: 'rt"""first\n\N{SNAKE}{1}"""'
 FAIL  src/session-interpolated-literal-codec.test.ts > interpolated literal codec: 'rt"\ud800{1}"'
 FAIL  src/session-interpolated-literal-codec.test.ts > interpolated literal codec: 'rt"""first\n\ud800{1}"""'
 FAIL  src/session-interpolated-literal-codec.test.ts > interpolated literal codec: 'rt"\q{1}"'
 FAIL  src/session-interpolated-literal-codec.test.ts > interpolated literal codec: 'rt"""first\n\q{1}"""'
 FAIL  src/session-interpolated-literal-codec.test.ts > interpolated literal codec: 'rt"\777{1}"'
 FAIL  src/session-interpolated-literal-codec.test.ts > interpolated literal codec: 'rt"""first\n\777{1}"""'
 FAIL  src/session-interpolated-literal-codec.test.ts > interpolated literal codec: 'rt"\{1}"'
 FAIL  src/session-interpolated-literal-codec.test.ts > interpolated literal codec: 'rt"""first\n\{1}"""'
 FAIL  src/session-interpolated-literal-codec.test.ts > interpolated literal codec: 'rt"{{\n}}"'
 FAIL  src/session-interpolated-literal-codec.test.ts > interpolated literal codec: 'rt"""first\n{{\n}}"""'
 FAIL  src/session-interpolated-literal-codec.test.ts > interpolated literal codec: 'rt"\é{1}"'
 FAIL  src/session-interpolated-literal-codec.test.ts > interpolated literal codec: 'rt"""first\n\é{1}"""'
 FAIL  src/session-interpolated-literal-codec.test.ts > interpolated literal codec: 'rt"\\é{1}"'
 FAIL  src/session-interpolated-literal-codec.test.ts > interpolated literal codec: 'rt"""first\n\\é{1}"""'
 FAIL  src/session-interpolated-literal-codec.test.ts > interpolated literal codec: 'rt"\N{SNAKE}\x"'
 FAIL  src/session-interpolated-literal-codec.test.ts > interpolated literal codec: 'rt"""first\n\N{SNAKE}\x"""'
 FAIL  src/session-interpolated-literal-codec.test.ts > interpolated literal codec: 'rt"\N{SNAKE}\N{no}"'
 FAIL  src/session-interpolated-literal-codec.test.ts > interpolated literal codec: 'rt"""first\n\N{SNAKE}\N{no}"""'
 FAIL  src/session-interpolated-literal-codec.test.ts > interpolated literal codec: 'rt"\q{{\z"'
 FAIL  src/session-interpolated-literal-codec.test.ts > interpolated literal codec: 'rt"""first\n\q{{\z"""'
 FAIL  src/session-interpolated-literal-codec.test.ts > interpolated literal codec: 'rt"\N{SNAKE}\q"'
 FAIL  src/session-interpolated-literal-codec.test.ts > interpolated literal codec: 'rt"""first\n\N{SNAKE}\q"""'
AssertionError: expression execution is not implemented for interpolated-string: expected 'terminated' to be 'ok' // Object.is equality

Expected: "ok"
Received: "terminated"

 ❯ src/session-interpolated-literal-codec.test.ts:15:79
     13|     output:{write(text){output+=text;},flush(){}}});
     14|   const result=session.exec(source);
     15|   expect(result.status,result.status==="terminated"?result.message:und…
       |                                                                               ^
     16|   expect(output).toBe(stdout);
     17|   expect(observed).toEqual(warnings);

⎯⎯⎯⎯⎯⎯⎯⎯⎯⎯⎯⎯⎯⎯⎯⎯⎯⎯⎯⎯⎯[98/327]⎯

 FAIL  src/session-punycode-module.test.ts > Punycode library: 'encoding helpers and public encoders …'
AssertionError: {"status":"ok","value":{"kind":"str","primitive":"name 'bytearray' is not defined"}}: expected 'exception' to be 'ok' // Object.is equality

Expected: "ok"
Received: "exception"

 ❯ src/session-punycode-module.test.ts:18:49
     16|     detail = session.eval("str(failure)");
     17|   }
     18|   expect(result.status, JSON.stringify(detail)).toBe("ok");
       |                                                 ^
     19|   expect(reads).toBe(name.startsWith("stream") ? 1 : name.startsWith("…
     20|   expect(output).toBe(name.startsWith("stream") || name.startsWith("in…

⎯⎯⎯⎯⎯⎯⎯⎯⎯⎯⎯⎯⎯⎯⎯⎯⎯⎯⎯⎯⎯[99/327]⎯

 FAIL  src/session-punycode-module.test.ts > Punycode library: 'decoder policies, input variants and …'
 FAIL  src/session-punycode-module.test.ts > Punycode library: 'stream adapters preserve serviced cal…'
AssertionError: {"status":"ok","value":{"kind":"str","primitive":"name 'memoryview' is not defined"}}: expected 'exception' to be 'ok' // Object.is equality

Expected: "ok"
Received: "exception"

 ❯ src/session-punycode-module.test.ts:18:49
     16|     detail = session.eval("str(failure)");
     17|   }
     18|   expect(result.status, JSON.stringify(detail)).toBe("ok");
       |                                                 ^
     19|   expect(reads).toBe(name.startsWith("stream") ? 1 : name.startsWith("…
     20|   expect(output).toBe(name.startsWith("stream") || name.startsWith("in…

⎯⎯⎯⎯⎯⎯⎯⎯⎯⎯⎯⎯⎯⎯⎯⎯⎯⎯⎯⎯[100/327]⎯

 FAIL  src/session-punycode-prefix-termination.test.ts > keeps prefix recovery cancellation terminal through 'codecs.decode(data, \'punycode\')' (throws=false)
 FAIL  src/session-punycode-prefix-termination.test.ts > keeps prefix recovery cancellation terminal through 'codecs.decode(data, \'punycode\')' (throws=true)
 FAIL  src/session-punycode-prefix-termination.test.ts > keeps prefix recovery cancellation terminal through 'codecs.getincrementaldecoder(\'punyco…' (throws=false)
 FAIL  src/session-punycode-prefix-termination.test.ts > keeps prefix recovery cancellation terminal through 'codecs.getincrementaldecoder(\'punyco…' (throws=true)
AssertionError: NameError name 'memoryview' is not defined
continued
: expected { status: 'ok' } to match object { status: 'terminated', …(1) }

- Expected
+ Received

  {
-   "reason": "cancelled",
-   "status": "terminated",
+   "status": "ok",
  }

 ❯ src/session-punycode-prefix-termination.test.ts:34:27
     32| print('continued')
     33| `);
     34|     expect(result,output).toMatchObject({status:"terminated",reason:"c…
       |                           ^
     35|     expect(reads).toBe(1);
     36|     expect(output).toBe("prefix\n");

⎯⎯⎯⎯⎯⎯⎯⎯⎯⎯⎯⎯⎯⎯⎯⎯⎯⎯⎯⎯[101/327]⎯

 FAIL  src/session-punycode.test.ts > uses Punycode through real guest text consumers and exception storage
AssertionError: expected 'exception' to be 'ok' // Object.is equality

Expected: "ok"
Received: "exception"

 ❯ src/session-punycode.test.ts:40:39
     38| it("uses Punycode through real guest text consumers and exception stor…
     39|   const session=new PythonSession({limits:{maxSteps:1000000,maxAllocat…
     40|   expect(session.exec(source).status).toBe("ok");
       |                                       ^
     41| });
     42|

⎯⎯⎯⎯⎯⎯⎯⎯⎯⎯⎯⎯⎯⎯⎯⎯⎯⎯⎯⎯[102/327]⎯

 FAIL  src/session-source-codec-final-line.test.ts > source decoding: 'exec final encoding-cookie lines'
 FAIL  src/session-source-codec-final-line.test.ts > source decoding: 'eval final encoding-cookie lines'
AssertionError: expected 'terminated' to be 'ok' // Object.is equality

Expected: "ok"
Received: "terminated"

 ❯ src/session-source-codec-final-line.test.ts:14:39
     12|     output: {write(text) {output += text;}, flush() {}}
     13|   });
     14|   expect(session.exec(source).status).toBe("ok");
       |                                       ^
     15|   expect(output).toBe(reference.cases.find(row => row.name === name)!.…
     16| });

⎯⎯⎯⎯⎯⎯⎯⎯⎯⎯⎯⎯⎯⎯⎯⎯⎯⎯⎯⎯[103/327]⎯

 FAIL  src/session-source-reencoding-user.test.ts > source re-encoding public contract: 'comment replacement \'?\''
 FAIL  src/session-source-reencoding-user.test.ts > source re-encoding public contract: 'comment replacement b\'?\''
 FAIL  src/session-source-reencoding-user.test.ts > source re-encoding public contract: 'comment replacement b\'\xff\''
 FAIL  src/session-source-reencoding-user.test.ts > source re-encoding public contract: 'negative resume'
AssertionError: expected 'SyntaxError \'utf-8\' codec can\'t en…' to be 'ok 42\n[(\'UnicodeDecodeError\', 17, …' // Object.is equality

- Expected
+ Received

- ok 42
- [('UnicodeDecodeError', 17, 18), ('UnicodeEncodeError', 17, 18)]
+ SyntaxError 'utf-8' codec can't encode character '\ud800' in position 17: surrogates not allowed (<string>, line 0)
+ [('UnicodeDecodeError', 17, 18)]


 ❯ src/session-source-reencoding-user.test.ts:13:18
     11|   });
     12|   expect(session.exec(source).status, output).toBe("ok");
     13|   expect(output).toBe(stdout);
       |                  ^
     14| });
     15|

⎯⎯⎯⎯⎯⎯⎯⎯⎯⎯⎯⎯⎯⎯⎯⎯⎯⎯⎯⎯[104/327]⎯

 FAIL  src/session-source-reencoding-user.test.ts > source re-encoding public contract: 'comment replacement b\'\x00\''
AssertionError: expected 'SyntaxError \'utf-8\' codec can\'t en…' to be 'ok None\n[(\'UnicodeDecodeError\', 17…' // Object.is equality

- Expected
+ Received

- ok None
- [('UnicodeDecodeError', 17, 18), ('UnicodeEncodeError', 17, 18)]
+ SyntaxError 'utf-8' codec can't encode character '\ud800' in position 17: surrogates not allowed (<string>, line 0)
+ [('UnicodeDecodeError', 17, 18)]


 ❯ src/session-source-reencoding-user.test.ts:13:18
     11|   });
     12|   expect(session.exec(source).status, output).toBe("ok");
     13|   expect(output).toBe(stdout);
       |                  ^
     14| });
     15|

⎯⎯⎯⎯⎯⎯⎯⎯⎯⎯⎯⎯⎯⎯⎯⎯⎯⎯⎯⎯[105/327]⎯

 FAIL  src/session-source-reencoding-user.test.ts > source re-encoding public contract: 'comment replacement \'\ud800\''
 FAIL  src/session-source-reencoding-user.test.ts > source re-encoding public contract: 'non ASCII text replacement'
AssertionError: expected 'SyntaxError \'utf-8\' codec can\'t en…' to be 'SyntaxError \'utf-8\' codec can\'t en…' // Object.is equality

- Expected
+ Received

  SyntaxError 'utf-8' codec can't encode character '\ud800' in position 17: surrogates not allowed (<string>, line 0)
- [('UnicodeDecodeError', 17, 18), ('UnicodeEncodeError', 17, 18)]
+ [('UnicodeDecodeError', 17, 18)]


 ❯ src/session-source-reencoding-user.test.ts:13:18
     11|   });
     12|   expect(session.exec(source).status, output).toBe("ok");
     13|   expect(output).toBe(stdout);
       |                  ^
     14| });
     15|

⎯⎯⎯⎯⎯⎯⎯⎯⎯⎯⎯⎯⎯⎯⎯⎯⎯⎯⎯⎯[106/327]⎯

 FAIL  src/session-source-reencoding-user.test.ts > source re-encoding public contract: 'index protocol'
AssertionError: expected 'SyntaxError \'utf-8\' codec can\'t en…' to be 'ok 42\n[(\'UnicodeDecodeError\', 17, …' // Object.is equality

- Expected
+ Received

- ok 42
- [('UnicodeDecodeError', 17, 18), ('UnicodeEncodeError', 17, 18), 'index']
+ SyntaxError 'utf-8' codec can't encode character '\ud800' in position 17: surrogates not allowed (<string>, line 0)
+ [('UnicodeDecodeError', 17, 18)]


 ❯ src/session-source-reencoding-user.test.ts:13:18
     11|   });
     12|   expect(session.exec(source).status, output).toBe("ok");
     13|   expect(output).toBe(stdout);
       |                  ^
     14| });
     15|

⎯⎯⎯⎯⎯⎯⎯⎯⎯⎯⎯⎯⎯⎯⎯⎯⎯⎯⎯⎯[107/327]⎯

 FAIL  src/session-source-reencoding-user.test.ts > source re-encoding public contract: 'out of range'
AssertionError: expected 'SyntaxError \'utf-8\' codec can\'t en…' to be 'SyntaxError position 31 from error ha…' // Object.is equality

- Expected
+ Received

- SyntaxError position 31 from error handler out of bounds (<string>, line 0)
- [('UnicodeDecodeError', 17, 18), ('UnicodeEncodeError', 17, 18)]
+ SyntaxError 'utf-8' codec can't encode character '\ud800' in position 17: surrogates not allowed (<string>, line 0)
+ [('UnicodeDecodeError', 17, 18)]


 ❯ src/session-source-reencoding-user.test.ts:13:18
     11|   });
     12|   expect(session.exec(source).status, output).toBe("ok");
     13|   expect(output).toBe(stdout);
       |                  ^
     14| });
     15|

⎯⎯⎯⎯⎯⎯⎯⎯⎯⎯⎯⎯⎯⎯⎯⎯⎯⎯⎯⎯[108/327]⎯

 FAIL  src/session-source-reencoding-user.test.ts > source re-encoding public contract: 'wrong replacement type'
 FAIL  src/session-source-reencoding-user.test.ts > source re-encoding public contract: 'wrong tuple length'
AssertionError: expected 'SyntaxError \'utf-8\' codec can\'t en…' to be 'TypeError encoding error handler must…' // Object.is equality

- Expected
+ Received

- TypeError encoding error handler must return (str/bytes, int) tuple
- [('UnicodeDecodeError', 17, 18), ('UnicodeEncodeError', 17, 18)]
+ SyntaxError 'utf-8' codec can't encode character '\ud800' in position 17: surrogates not allowed (<string>, line 0)
+ [('UnicodeDecodeError', 17, 18)]


 ❯ src/session-source-reencoding-user.test.ts:13:18
     11|   });
     12|   expect(session.exec(source).status, output).toBe("ok");
     13|   expect(output).toBe(stdout);
       |                  ^
     14| });
     15|

⎯⎯⎯⎯⎯⎯⎯⎯⎯⎯⎯⎯⎯⎯⎯⎯⎯⎯⎯⎯[109/327]⎯

 FAIL  src/session-source-reencoding-user.test.ts > source re-encoding public contract: 'wrong position type'
AssertionError: expected 'SyntaxError \'utf-8\' codec can\'t en…' to be 'TypeError \'str\' object cannot be in…' // Object.is equality

- Expected
+ Received

- TypeError 'str' object cannot be interpreted as an integer
- [('UnicodeDecodeError', 17, 18), ('UnicodeEncodeError', 17, 18)]
+ SyntaxError 'utf-8' codec can't encode character '\ud800' in position 17: surrogates not allowed (<string>, line 0)
+ [('UnicodeDecodeError', 17, 18)]


 ❯ src/session-source-reencoding-user.test.ts:13:18
     11|   });
     12|   expect(session.exec(source).status, output).toBe("ok");
     13|   expect(output).toBe(stdout);
       |                  ^
     14| });
     15|

⎯⎯⎯⎯⎯⎯⎯⎯⎯⎯⎯⎯⎯⎯⎯⎯⎯⎯⎯⎯[110/327]⎯

 FAIL  src/session-source-reencoding-user.test.ts > source re-encoding public contract: 'guest TypeError'
AssertionError: expected 'SyntaxError \'utf-8\' codec can\'t en…' to be 'TypeError reencoding failed\n[(\'Unic…' // Object.is equality

- Expected
+ Received

- TypeError reencoding failed
- [('UnicodeDecodeError', 17, 18), ('UnicodeEncodeError', 17, 18)]
+ SyntaxError 'utf-8' codec can't encode character '\ud800' in position 17: surrogates not allowed (<string>, line 0)
+ [('UnicodeDecodeError', 17, 18)]


 ❯ src/session-source-reencoding-user.test.ts:13:18
     11|   });
     12|   expect(session.exec(source).status, output).toBe("ok");
     13|   expect(output).toBe(stdout);
       |                  ^
     14| });
     15|

⎯⎯⎯⎯⎯⎯⎯⎯⎯⎯⎯⎯⎯⎯⎯⎯⎯⎯⎯⎯[111/327]⎯

 FAIL  src/session-source-reencoding-user.test.ts > source re-encoding public contract: 'guest ValueError'
AssertionError: expected 'SyntaxError \'utf-8\' codec can\'t en…' to be 'SyntaxError reencoding failed (<strin…' // Object.is equality

- Expected
+ Received

- SyntaxError reencoding failed (<string>, line 0)
- [('UnicodeDecodeError', 17, 18), ('UnicodeEncodeError', 17, 18)]
+ SyntaxError 'utf-8' codec can't encode character '\ud800' in position 17: surrogates not allowed (<string>, line 0)
+ [('UnicodeDecodeError', 17, 18)]


 ❯ src/session-source-reencoding-user.test.ts:13:18
     11|   });
     12|   expect(session.exec(source).status, output).toBe("ok");
     13|   expect(output).toBe(stdout);
       |                  ^
     14| });
     15|

⎯⎯⎯⎯⎯⎯⎯⎯⎯⎯⎯⎯⎯⎯⎯⎯⎯⎯⎯⎯[112/327]⎯

 FAIL  src/session-source-reencoding-user.test.ts > source re-encoding public contract: 'service callback'
AssertionError: expected 'SyntaxError \'utf-8\' codec can\'t en…' to be 'encoding service ready\nok 42\n[(\'Un…' // Object.is equality

- Expected
+ Received

- encoding service ready
- ok 42
- [('UnicodeDecodeError', 17, 18), ('UnicodeEncodeError', 17, 18)]
+ SyntaxError 'utf-8' codec can't encode character '\ud800' in position 17: surrogates not allowed (<string>, line 0)
+ [('UnicodeDecodeError', 17, 18)]


 ❯ src/session-source-reencoding-user.test.ts:13:18
     11|   });
     12|   expect(session.exec(source).status, output).toBe("ok");
     13|   expect(output).toBe(stdout);
       |                  ^
     14| });
     15|

⎯⎯⎯⎯⎯⎯⎯⎯⎯⎯⎯⎯⎯⎯⎯⎯⎯⎯⎯⎯[113/327]⎯

 FAIL  src/session-source-reencoding-user.test.ts > source re-encoding public contract: 'token malformed bytes'
AssertionError: expected 'SyntaxError \'utf-8\' codec can\'t en…' to be 'SyntaxError invalid non-printable cha…' // Object.is equality

- Expected
+ Received

- SyntaxError invalid non-printable character U+D800 (<string>, line 2)
- [('UnicodeDecodeError', 16, 17), ('UnicodeEncodeError', 16, 17), ('UnicodeDecodeError', 0, 1), ('UnicodeDecodeError', 16, 17)]
+ SyntaxError 'utf-8' codec can't encode character '\ud800' in position 16: surrogates not allowed (<string>, line 0)
+ [('UnicodeDecodeError', 16, 17)]


 ❯ src/session-source-reencoding-user.test.ts:13:18
     11|   });
     12|   expect(session.exec(source).status, output).toBe("ok");
     13|   expect(output).toBe(stdout);
       |                  ^
     14| });
     15|

⎯⎯⎯⎯⎯⎯⎯⎯⎯⎯⎯⎯⎯⎯⎯⎯⎯⎯⎯⎯[114/327]⎯

 FAIL  src/session-source-reencoding-user.test.ts > source re-encoding service cancellation is terminal (throws=false)
 FAIL  src/session-source-reencoding-user.test.ts > source re-encoding service cancellation is terminal (throws=true)
AssertionError: expected { status: 'ok' } to match object { status: 'terminated', …(1) }

- Expected
+ Received

  {
-   "reason": "cancelled",
-   "status": "terminated",
+   "status": "ok",
  }

 ❯ src/session-source-reencoding-user.test.ts:30:32
     28|     output: {write(text) {output += text;}, flush() {}}
     29|   });
     30|   expect(session.exec(source)).toMatchObject({status: "terminated", re…
       |                                ^
     31|   expect(reads).toBe(1);
     32|   expect(output).toBe("");

⎯⎯⎯⎯⎯⎯⎯⎯⎯⎯⎯⎯⎯⎯⎯⎯⎯⎯⎯⎯[115/327]⎯

 FAIL  src/session-unicode-text-consumers.test.ts > public Unicode text conversions: 'utf_16' / 'aliases'
 FAIL  src/session-unicode-text-consumers.test.ts > public Unicode text conversions: 'utf_32' / 'aliases'
AssertionError: expected 'exception' to be 'ok' // Object.is equality

Expected: "ok"
Received: "exception"

 ❯ src/session-unicode-text-consumers.test.ts:9:39
      7| it.each(reference.cases)("public Unicode text conversions: $name / $po…
      8|   const session=new PythonSession({limits:{maxSteps:4000000,maxAllocat…
      9|   expect(session.exec(source).status).toBe("ok");
       |                                       ^
     10| });
     11|

⎯⎯⎯⎯⎯⎯⎯⎯⎯⎯⎯⎯⎯⎯⎯⎯⎯⎯⎯⎯[116/327]⎯

 FAIL  src/session-union-construction-descriptors.test.ts > matches union construction descriptor behavior: 'cls.__or__(u, other)'
 FAIL  src/session-union-construction-descriptors.test.ts > matches union construction descriptor behavior: 'u.__or__(other)'
AssertionError: expected { status: 'ok', value: { …(2) } } to match object { status: 'ok', …(1) }
(1 matching property omitted from actual)

- Expected
+ Received

  {
    "status": "ok",
    "value": {
-     "primitive": "(('ok', False, 'int | str | Other()'), [])",
+     "primitive": "(('ok', True, 'NotImplemented'), [])",
    },
  }

 ❯ src/session-union-construction-descriptors.test.ts:8:40
      6|   const session = new PythonSession({ limits: { maxSteps: 100_000, max…
      7|   expect(session.exec(source)).toEqual({ status: "ok" });
      8|   expect(session.eval("repr(result)")).toMatchObject({ status: "ok", v…
       |                                        ^
      9| });
     10|

⎯⎯⎯⎯⎯⎯⎯⎯⎯⎯⎯⎯⎯⎯⎯⎯⎯⎯⎯⎯[117/327]⎯

 FAIL  src/session-union-construction-descriptors.test.ts > matches union construction descriptor behavior: 'cls.__or__(u, 0)'
 FAIL  src/session-union-construction-descriptors.test.ts > matches union construction descriptor behavior: 'u.__or__(0)'
AssertionError: expected { status: 'ok', value: { …(2) } } to match object { status: 'ok', …(1) }
(1 matching property omitted from actual)

- Expected
+ Received

  {
    "status": "ok",
    "value": {
-     "primitive": "(('ok', False, 'int | str | 0'), [])",
+     "primitive": "(('ok', True, 'NotImplemented'), [])",
    },
  }

 ❯ src/session-union-construction-descriptors.test.ts:8:40
      6|   const session = new PythonSession({ limits: { maxSteps: 100_000, max…
      7|   expect(session.exec(source)).toEqual({ status: "ok" });
      8|   expect(session.eval("repr(result)")).toMatchObject({ status: "ok", v…
       |                                        ^
      9| });
     10|

⎯⎯⎯⎯⎯⎯⎯⎯⎯⎯⎯⎯⎯⎯⎯⎯⎯⎯⎯⎯[118/327]⎯

 FAIL  src/session-union-construction-descriptors.test.ts > matches union construction descriptor behavior: 'cls.__or__(u, list[int])'
 FAIL  src/session-union-construction-descriptors.test.ts > matches union construction descriptor behavior: 'u.__or__(list[int])'
AssertionError: expected { status: 'ok', value: { …(2) } } to match object { status: 'ok', …(1) }
(1 matching property omitted from actual)

- Expected
+ Received

  {
    "status": "ok",
    "value": {
-     "primitive": "(('ok', False, 'int | str | list[int]'), [])",
+     "primitive": "(('TypeError', \"type 'list' is not subscriptable\", (\"type 'list' is not subscriptable\",)), [])",
    },
  }

 ❯ src/session-union-construction-descriptors.test.ts:8:40
      6|   const session = new PythonSession({ limits: { maxSteps: 100_000, max…
      7|   expect(session.exec(source)).toEqual({ status: "ok" });
      8|   expect(session.eval("repr(result)")).toMatchObject({ status: "ok", v…
       |                                        ^
      9| });
     10|

⎯⎯⎯⎯⎯⎯⎯⎯⎯⎯⎯⎯⎯⎯⎯⎯⎯⎯⎯⎯[119/327]⎯

 FAIL  src/session-union-construction-descriptors.test.ts > matches union construction descriptor behavior: 'cls.__ror__(u, other)'
 FAIL  src/session-union-construction-descriptors.test.ts > matches union construction descriptor behavior: 'u.__ror__(other)'
AssertionError: expected { status: 'ok', value: { …(2) } } to match object { status: 'ok', …(1) }
(1 matching property omitted from actual)

- Expected
+ Received

  {
    "status": "ok",
    "value": {
-     "primitive": "(('ok', False, 'Other() | int | str'), [])",
+     "primitive": "(('ok', True, 'NotImplemented'), [])",
    },
  }

 ❯ src/session-union-construction-descriptors.test.ts:8:40
      6|   const session = new PythonSession({ limits: { maxSteps: 100_000, max…
      7|   expect(session.exec(source)).toEqual({ status: "ok" });
      8|   expect(session.eval("repr(result)")).toMatchObject({ status: "ok", v…
       |                                        ^
      9| });
     10|

⎯⎯⎯⎯⎯⎯⎯⎯⎯⎯⎯⎯⎯⎯⎯⎯⎯⎯⎯⎯[120/327]⎯

 FAIL  src/session-union-construction-descriptors.test.ts > matches union construction descriptor behavior: 'cls.__ror__(u, 0)'
 FAIL  src/session-union-construction-descriptors.test.ts > matches union construction descriptor behavior: 'u.__ror__(0)'
AssertionError: expected { status: 'ok', value: { …(2) } } to match object { status: 'ok', …(1) }
(1 matching property omitted from actual)

- Expected
+ Received

  {
    "status": "ok",
    "value": {
-     "primitive": "(('ok', False, '0 | int | str'), [])",
+     "primitive": "(('ok', True, 'NotImplemented'), [])",
    },
  }

 ❯ src/session-union-construction-descriptors.test.ts:8:40
      6|   const session = new PythonSession({ limits: { maxSteps: 100_000, max…
      7|   expect(session.exec(source)).toEqual({ status: "ok" });
      8|   expect(session.eval("repr(result)")).toMatchObject({ status: "ok", v…
       |                                        ^
      9| });
     10|

⎯⎯⎯⎯⎯⎯⎯⎯⎯⎯⎯⎯⎯⎯⎯⎯⎯⎯⎯⎯[121/327]⎯

 FAIL  src/session-union-construction-descriptors.test.ts > matches union construction descriptor behavior: 'cls.__ror__(u, list[int])'
 FAIL  src/session-union-construction-descriptors.test.ts > matches union construction descriptor behavior: 'u.__ror__(list[int])'
AssertionError: expected { status: 'ok', value: { …(2) } } to match object { status: 'ok', …(1) }
(1 matching property omitted from actual)

- Expected
+ Received

  {
    "status": "ok",
    "value": {
-     "primitive": "(('ok', False, 'list[int] | int | str'), [])",
+     "primitive": "(('TypeError', \"type 'list' is not subscriptable\", (\"type 'list' is not subscriptable\",)), [])",
    },
  }

 ❯ src/session-union-construction-descriptors.test.ts:8:40
      6|   const session = new PythonSession({ limits: { maxSteps: 100_000, max…
      7|   expect(session.exec(source)).toEqual({ status: "ok" });
      8|   expect(session.eval("repr(result)")).toMatchObject({ status: "ok", v…
       |                                        ^
      9| });
     10|

⎯⎯⎯⎯⎯⎯⎯⎯⎯⎯⎯⎯⎯⎯⎯⎯⎯⎯⎯⎯[122/327]⎯

 FAIL  src/session-union-construction-descriptors.test.ts > matches union construction descriptor behavior: 'type.__or__(int, list[int])'
AssertionError: expected { status: 'ok', value: { …(2) } } to match object { status: 'ok', …(1) }
(1 matching property omitted from actual)

- Expected
+ Received

  {
    "status": "ok",
    "value": {
-     "primitive": "(('ok', False, 'int | list[int]'), [])",
+     "primitive": "(('TypeError', \"type 'list' is not subscriptable\", (\"type 'list' is not subscriptable\",)), [])",
    },
  }

 ❯ src/session-union-construction-descriptors.test.ts:8:40
      6|   const session = new PythonSession({ limits: { maxSteps: 100_000, max…
      7|   expect(session.exec(source)).toEqual({ status: "ok" });
      8|   expect(session.eval("repr(result)")).toMatchObject({ status: "ok", v…
       |                                        ^
      9| });
     10|

⎯⎯⎯⎯⎯⎯⎯⎯⎯⎯⎯⎯⎯⎯⎯⎯⎯⎯⎯⎯[123/327]⎯

 FAIL  src/session-union-construction-descriptors.test.ts > matches union construction descriptor behavior: 'int.__or__(list[int])'
AssertionError: expected { status: 'ok', value: { …(2) } } to match object { status: 'ok', …(1) }
(1 matching property omitted from actual)

- Expected
+ Received

  {
    "status": "ok",
    "value": {
-     "primitive": "(('TypeError', \"descriptor '__or__' requires a 'int' object but received a 'types.GenericAlias'\", (\"descriptor '__or__' requires a 'int' object but received a 'types.GenericAlias'\",)), [])",
+     "primitive": "(('TypeError', \"type 'list' is not subscriptable\", (\"type 'list' is not subscriptable\",)), [])",
    },
  }

 ❯ src/session-union-construction-descriptors.test.ts:8:40
      6|   const session = new PythonSession({ limits: { maxSteps: 100_000, max…
      7|   expect(session.exec(source)).toEqual({ status: "ok" });
      8|   expect(session.eval("repr(result)")).toMatchObject({ status: "ok", v…
       |                                        ^
      9| });
     10|

⎯⎯⎯⎯⎯⎯⎯⎯⎯⎯⎯⎯⎯⎯⎯⎯⎯⎯⎯⎯[124/327]⎯

 FAIL  src/session-union-construction-descriptors.test.ts > matches union construction descriptor behavior: 'type.__ror__(int, list[int])'
AssertionError: expected { status: 'ok', value: { …(2) } } to match object { status: 'ok', …(1) }
(1 matching property omitted from actual)

- Expected
+ Received

  {
    "status": "ok",
    "value": {
-     "primitive": "(('ok', False, 'list[int] | int'), [])",
+     "primitive": "(('TypeError', \"type 'list' is not subscriptable\", (\"type 'list' is not subscriptable\",)), [])",
    },
  }

 ❯ src/session-union-construction-descriptors.test.ts:8:40
      6|   const session = new PythonSession({ limits: { maxSteps: 100_000, max…
      7|   expect(session.exec(source)).toEqual({ status: "ok" });
      8|   expect(session.eval("repr(result)")).toMatchObject({ status: "ok", v…
       |                                        ^
      9| });
     10|

⎯⎯⎯⎯⎯⎯⎯⎯⎯⎯⎯⎯⎯⎯⎯⎯⎯⎯⎯⎯[125/327]⎯

 FAIL  src/session-union-construction-descriptors.test.ts > matches union construction descriptor behavior: 'int.__ror__(list[int])'
AssertionError: expected { status: 'ok', value: { …(2) } } to match object { status: 'ok', …(1) }
(1 matching property omitted from actual)

- Expected
+ Received

  {
    "status": "ok",
    "value": {
-     "primitive": "(('TypeError', \"descriptor '__ror__' requires a 'int' object but received a 'types.GenericAlias'\", (\"descriptor '__ror__' requires a 'int' object but received a 'types.GenericAlias'\",)), [])",
+     "primitive": "(('TypeError', \"type 'list' is not subscriptable\", (\"type 'list' is not subscriptable\",)), [])",
    },
  }

 ❯ src/session-union-construction-descriptors.test.ts:8:40
      6|   const session = new PythonSession({ limits: { maxSteps: 100_000, max…
      7|   expect(session.exec(source)).toEqual({ status: "ok" });
      8|   expect(session.eval("repr(result)")).toMatchObject({ status: "ok", v…
       |                                        ^
      9| });
     10|

⎯⎯⎯⎯⎯⎯⎯⎯⎯⎯⎯⎯⎯⎯⎯⎯⎯⎯⎯⎯[126/327]⎯

 FAIL  src/session-union-construction-descriptors.test.ts > matches union construction descriptor behavior: 'u|other'
AssertionError: expected { status: 'ok', value: { …(2) } } to match object { status: 'ok', …(1) }
(1 matching property omitted from actual)

- Expected
+ Received

  {
    "status": "ok",
    "value": {
-     "primitive": "(('ok', False, 'int | str | Other()'), [])",
+     "primitive": "(('ok', False, '23'), ['ror'])",
    },
  }

 ❯ src/session-union-construction-descriptors.test.ts:8:40
      6|   const session = new PythonSession({ limits: { maxSteps: 100_000, max…
      7|   expect(session.exec(source)).toEqual({ status: "ok" });
      8|   expect(session.eval("repr(result)")).toMatchObject({ status: "ok", v…
       |                                        ^
      9| });
     10|

⎯⎯⎯⎯⎯⎯⎯⎯⎯⎯⎯⎯⎯⎯⎯⎯⎯⎯⎯⎯[127/327]⎯

 FAIL  src/session-utf7-codec-api.test.ts > preserves decoder guest failures, traceback and native-call note behavior
AssertionError: UTF-7 callback traceback: expected 'exception' to be 'ok' // Object.is equality

Expected: "ok"
Received: "exception"

 ❯ run src/session-utf7-codec-api.test.ts:13:32
     11|     if(message.status==="ok")detail=String(message.value.primitive);
     12|   }
     13|   expect(result.status,detail).toBe("ok");
       |                                ^
     14| }
     15|
 ❯ src/session-utf7-codec-api.test.ts:194:3

⎯⎯⎯⎯⎯⎯⎯⎯⎯⎯⎯⎯⎯⎯⎯⎯⎯⎯⎯⎯[128/327]⎯

 FAIL  src/runtime/runtime-core-codec-functions.test.ts > retains ascii encoding source identity, cached errors, index side effects and rejected replacement fields
 FAIL  src/runtime/runtime-core-codec-functions.test.ts > retains latin_1 encoding source identity, cached errors, index side effects and rejected replacement fields
 FAIL  src/runtime/runtime-core-codec-functions.test.ts > retains utf_8 encoding source identity, cached errors, index side effects and rejected replacement fields
Error: AssertionError: ["assert error.__traceback__ is not None"]
 ❯ Object.run src/runtime/runtime-core-codec-functions.test.ts:41:351

 ❯ src/runtime/runtime-core-codec-functions.test.ts:167:13

⎯⎯⎯⎯⎯⎯⎯⎯⎯⎯⎯⎯⎯⎯⎯⎯⎯⎯⎯⎯[129/327]⎯

 FAIL  src/runtime/runtime-program.test.ts > assembled concrete runtime programs > releases all join exports when the last acquisition cancels execution
AssertionError: expected [ 'second', 'first' ] to deeply equal [ 'first', 'second' ]

- Expected
+ Received

  [
-   "first",
    "second",
+   "first",
  ]

 ❯ src/runtime/runtime-program.test.ts:425:75
    423|       }
    424|     } });
    425|     expect(() => state.run()).toThrow(ExecutionLimitError); expect(tra…
       |                                                                           ^
    426|   });
    427|   it.each(["startswith", "endswith"])("releases each %s tuple buffer b…

⎯⎯⎯⎯⎯⎯⎯⎯⎯⎯⎯⎯⎯⎯⎯⎯⎯⎯⎯⎯[130/327]⎯

 FAIL  src/runtime/runtime-program.test.ts > assembled concrete runtime programs > cleans up byte maketrans leases after cancel failure
AssertionError: expected [ 'target', 'source' ] to deeply equal [ 'source', 'target' ]

- Expected
+ Received

  [
-   "source",
    "target",
+   "source",
  ]

 ❯ src/runtime/runtime-program.test.ts:630:19
    628|     } });
    629|     expect(() => state.run()).toThrow(mode === "length" ? "maketrans a…
    630|     expect(trace).toEqual(mode === "acquisition" ? ["source"] : ["sour…
       |                   ^
    631|   });
    632|   it("retains translation buffers until both inputs have been acquired…

⎯⎯⎯⎯⎯⎯⎯⎯⎯⎯⎯⎯⎯⎯⎯⎯⎯⎯⎯⎯[131/327]⎯


 ✓ packages/safe-js/src/named-host-mutations.test.ts (42 tests) 1204ms
 Test Files  42 failed | 1150 passed (1192)
      Tests  327 failed | 85977 passed (86304)
   Start at  17:26:35
   Duration  175.21s (transform 73.93s, setup 0ms, import 937.54s, tests 1290.23s, environment 72ms)

 ✓ packages/safe-js/src/interp/globals/object-array.test.ts (15 tests) 206ms
npm error Lifecycle script `test:unit` failed with error:
npm error code 1
npm error path /private/tmp/poe-resource-delivery/packages/safe-python
npm error workspace @poe-code/safe-python@0.0.0-dev
npm error location /private/tmp/poe-resource-delivery/packages/safe-python
npm error command failed
npm error command sh -c vitest run --config vitest.config.ts
AggregateError: Workspace execution and cleanup failed
    at throwFailures (file:///private/tmp/poe-resource-delivery/scripts/build-workspaces.mjs:13:34)
    at executeStages (file:///private/tmp/poe-resource-delivery/scripts/build-workspaces.mjs:386:3)
    at process.processTicksAndRejections (node:internal/process/task_queues:103:5)
    at async testWorkspaces (file:///private/tmp/poe-resource-delivery/scripts/build-workspaces.mjs:424:3)
    at async file:///private/tmp/poe-resource-delivery/scripts/build-workspaces.mjs:473:32 {
  [errors]: [
    Error: Workspace test:unit failed: @poe-code/safe-python (1)
        at taskError (file:///private/tmp/poe-resource-delivery/scripts/build-workspaces.mjs:174:17)
        at ChildProcess.onClose (file:///private/tmp/poe-resource-delivery/scripts/build-workspaces.mjs:319:27)
        at Object.onceWrapper (node:events:634:26)
        at ChildProcess.emit (node:events:519:28)
        at maybeClose (node:internal/child_process:1101:16)
        at ChildProcess._handle.onexit (node:internal/child_process:304:5) {
      exitCode: 1
    },
    Error: kill EPERM
        at process.kill (node:internal/process/per_thread:281:13)
        at exists (file:///private/tmp/poe-resource-delivery/scripts/build-workspaces.mjs:352:22)
        at run (file:///private/tmp/poe-resource-delivery/scripts/build-workspaces.mjs:358:51)
        at async work (file:///private/tmp/poe-resource-delivery/scripts/build-workspaces.mjs:372:7)
        at async Promise.all (index 3)
        at async executeStages (file:///private/tmp/poe-resource-delivery/scripts/build-workspaces.mjs:381:5)
        at async testWorkspaces (file:///private/tmp/poe-resource-delivery/scripts/build-workspaces.mjs:424:3)
        at async file:///private/tmp/poe-resource-delivery/scripts/build-workspaces.mjs:473:32 {
      errno: -1,
      code: 'EPERM',
      syscall: 'kill'
    }
  ]
}
