PARTIAL STDOUT RECEIPT: retained from the string-split independent suite onward. Earlier setup, two failing files, foreign-newtarget and regex-cursor output are summarized in package-checks.md; this file does not claim to be a complete stdout capture.
 ✓ packages/safe-js/src/interp/methods/string-split.independent.test.ts (808 tests) 21217ms
     ✓ preserves typed slots for /'(b*)'/'s' on ''ab'', limit +0  315ms
     ✓ preserves typed slots for /'(b*)'/'gims' on ''ab'', limit 5  451ms
 ✓ packages/safe-js/src/interp/source-exceptions-validation.test.ts (98 tests) 9880ms
     ✓ matches complete native output and tick log: '02-auto-dependency-closures'  494ms
     ✓ matches complete native output and tick log: '03-maplimit-lexical-state'  497ms
     ✓ matches complete native output and tick log: '04-nested-finally-precedence'  317ms
     ✓ matches complete native output and tick log: '05-saga-delegation-cleanup'  339ms
 ✓ packages/safe-js/test/integration/input-error-projection.test.ts (19 tests) 20741ms
     ✓ flushes the complete serialized observation beyond the pipe buffer  1035ms
     ✓ classifies complete proof 1 against the same capture and request  1227ms
     ✓ classifies complete proof 1 against the same capture and request: completed replay  1037ms
     ✓ classifies complete proof 2 against the same capture and request  1151ms
     ✓ classifies complete proof 2 against the same capture and request: completed replay  976ms
     ✓ classifies minimal proof 1 against the same capture and request  1060ms
     ✓ classifies minimal proof 1 against the same capture and request: completed replay  1034ms
     ✓ classifies minimal proof 2 against the same capture and request  1058ms
     ✓ classifies minimal proof 2 against the same capture and request: completed replay  1000ms
     ✓ classifies native-fields proof 1 against the same capture and request  1135ms
     ✓ classifies native-fields proof 1 against the same capture and request: completed replay  1062ms
     ✓ classifies native-fields proof 2 against the same capture and request  1372ms
     ✓ classifies native-fields proof 2 against the same capture and request: completed replay  1056ms
     ✓ preserves raw-left proof provenance with the complete right receipt  1303ms
     ✓ preserves raw-left proof provenance with the complete right receipt: completed replay  957ms
     ✓ preserves genuine-null-left proof provenance with the complete right receipt  1222ms
     ✓ preserves genuine-null-left proof provenance with the complete right receipt: completed replay  1131ms
     ✓ records raw public-input qualification without substituting it for O12  888ms
 ✓ packages/safe-js/src/interp/globals/math-function-metadata.test.ts (186 tests) 15060ms
   ✓ preserves Math.'asin' metadata in 'pending' checkpoints  489ms
 ✓ packages/safe-js/src/interp/float32-camera.test.ts (11 tests) 15057ms
     ✓ matches the complete native and recorded batch trace for inverse-coordinate-transforms:camera-axis-frustum-typed:samples-0-1  2010ms
     ✓ matches the complete native and recorded batch trace for inverse-coordinate-transforms:camera-axis-frustum-typed:samples-2-3  2132ms
     ✓ matches the complete native and recorded batch trace for inverse-coordinate-transforms:camera-axis-frustum-typed:samples-4-5  1542ms
     ✓ matches the complete native and recorded batch trace for inverse-coordinate-transforms:camera-oblique-frame-typed:samples-0-1  2076ms
     ✓ matches the complete native and recorded batch trace for inverse-coordinate-transforms:camera-oblique-frame-typed:samples-2-3  2311ms
     ✓ matches the complete native and recorded batch trace for inverse-coordinate-transforms:camera-oblique-frame-typed:samples-4-4  1686ms
     ✓ matches the complete native and recorded batch trace for inverse-coordinate-transforms:camera-offset-handoff-typed:samples-0-1  1641ms
     ✓ matches the complete native and recorded batch trace for inverse-coordinate-transforms:camera-offset-handoff-typed:samples-2-3  1653ms
 ✓ packages/safe-js/src/modules/namespace-identity-mc-002-validation.test.ts (18 tests) 14606ms
     ✓ matches all native-anchored fields with object/object registries  1489ms
     ✓ matches all native-anchored fields with object/map registries  1264ms
     ✓ matches all native-anchored fields with map/object registries  1171ms
     ✓ matches all native-anchored fields with map/map registries  1297ms
     ✓ matches the complete original graph through the public memfs harness  1286ms
     ✓ keeps aliases through three completed object-registry replays  2170ms
     ✓ keeps aliases through three completed map-registry replays  2089ms
     ✓ restores identity after a 25-step checkpoint with +0 calls  1207ms
     ✓ restores identity after a 900-step checkpoint with 1 calls  1162ms
     ✓ restores identity after a 1800-step checkpoint with 2 calls  1256ms
 ✓ packages/safe-js/src/run.cbi-001-validation.test.ts (29 tests) 9777ms
     ✓ retains original registration after first  643ms
     ✓ retains original registration after second  375ms
     ✓ retains original registration after completed  319ms
     ✓ recaptures first to second to completed without consuming new deliveries as history  524ms
     ✓ retains original registration after first  368ms
     ✓ retains original registration after second  385ms
     ✓ retains original registration after completed  309ms
     ✓ recaptures first to second to completed without consuming new deliveries as history  481ms
     ✓ retains original registration after first  1068ms
     ✓ retains original registration after second  935ms
     ✓ retains original registration after completed  863ms
     ✓ recaptures first to second to completed without consuming new deliveries as history  1255ms
     ✓ recaptures first to second to completed without consuming new deliveries as history  352ms
 ✓ packages/safe-js/src/snapshot/guest-generator-nested-yields.test.ts (70 tests) 9808ms
   ✓ resumes suspension inside yield arguments: 'let count=0;function input(){count++;…' (async=true, operation='return')  326ms
 ✓ packages/safe-js/src/interp/globals/collections-iteration-validation.test.ts (112 tests) 9260ms
 ✓ packages/safe-js/src/run.references.test.ts (99 tests) 7814ms
     ✓ checks the let temporal dead zone at the right operation  382ms
     ✓ checks the const temporal dead zone at the right operation  460ms
 ✓ packages/safe-js/src/interp/methods/array-nested-reads.test.ts (202 tests) 8262ms
 ✓ packages/safe-js/src/interp/methods/regex-last-index.test.ts (287 tests) 8803ms
 ✓ packages/safe-js/src/interp/methods/regex-metadata-order.independent.test.ts (169 tests) 7670ms
 ✓ packages/safe-js/src/interp/methods/string-receivers.test.ts (264 tests) 5924ms
 ✓ packages/safe-js/src/snapshot/guest-generator-catch-iterator.test.ts (28 tests) 6864ms
   ✓ restores catch binding and body: 'try{throw new Set([1,2])}catch([a,b])…' async=true  312ms
   ✓ restores catch binding and body: 'let closed=0;function* input(){try{yi…' async=false  335ms
   ✓ restores catch binding and body: 'let closed=0;function* input(){try{yi…' async=true  355ms
   ✓ restores catch binding and body: 'try{throw [1,undefined]}catch([a,b=yi…' async=false  364ms
   ✓ restores catch binding and body: 'try{throw [1,undefined]}catch([a,b=yi…' async=true  313ms
   ✓ restores catch binding and body: 'try{throw new Set([1,2])}catch([a]){t…' async=false  319ms
   ✓ restores catch binding and body: 'let read;try{throw [1]}catch([a,b=(re…' async=false  330ms
   ✓ restores catch binding and body: 'let read;try{throw [1]}catch([a,b=(re…' async=true  309ms
 ✓ packages/safe-js/src/run.retained-callback.test.ts (21 tests) 8867ms
     ✓ restores at first without losing a new delivery  572ms
     ✓ restores at second without losing a new delivery  447ms
     ✓ preserves new callback history through successive and completed checkpoints  491ms
     ✓ restores at second without losing a new delivery  340ms
     ✓ preserves new callback history through successive and completed checkpoints  512ms
     ✓ restores at first without losing a new delivery  338ms
     ✓ restores at second without losing a new delivery  318ms
     ✓ preserves new callback history through successive and completed checkpoints  357ms
     ✓ preserves new callback history through successive and completed checkpoints  338ms
     ✓ delivers repeated events uninterrupted  476ms
     ✓ restores at first without losing a new delivery  1185ms
     ✓ restores at second without losing a new delivery  841ms
     ✓ preserves new callback history through successive and completed checkpoints  1289ms
 ✓ packages/safe-js/src/interp/function-bound-snapshot.test.ts (23 tests) 2611ms
 ✓ packages/safe-js/src/snapshot/guest-generator-iteration-continuations.test.ts (50 tests) 7650ms
   ✓ retains for-of progress: 'for(const value of [1,2,3]){yield val…' (async=false)  328ms
 ✓ packages/safe-js/test/ppr2-integration-adjudication.test.ts (19 tests) 4571ms
     ✓ 'reduction': native trace, public/signal/completed checkpoints and recapture  436ms
     ✓ 'callback': native trace, public/signal/completed checkpoints and recapture  695ms
     ✓ 'retry-reissue': native trace, public/signal/completed checkpoints and recapture  581ms
     ✓ 'retry-external': native trace, public/signal/completed checkpoints and recapture  588ms
     ✓ 'co': native trace, public/signal/completed checkpoints and recapture  1720ms
 ✓ packages/safe-js/src/snapshot/mixed-realm-closures.test.ts (24 tests) 6734ms
   ✓ restores the originating realm for '()=>[]'  470ms
   ✓ restores the originating realm for 'Function("return this")'  317ms
   ✓ restores the originating realm for '(()=>{class C { value=[] };return ()=…'  321ms
   ✓ restores the originating realm for '(()=>{class C { #value={};get(){retur…'  325ms
   ✓ restores the originating realm for '(()=>{function* f(){yield 0;while(tru…'  353ms
   ✓ restores the originating realm for '(()=>{function* f(){yield 0;while(tru…'  338ms
   ✓ restores the originating realm for '(()=>{function* f(){yield 0;while(tru…'  363ms
   ✓ restores the originating realm for '(()=>{function* f(){while(true)yield …'  413ms
   ✓ restores the originating realm for '(()=>{async function* f(){while(true)…'  323ms
 ✓ packages/safe-js/src/interp/ordinary-constructor-realm.test.ts (38 tests) 1618ms
 ✓ packages/safe-js/src/run.replay.stress.test.ts (65 tests) 6369ms
     ✓ matches native random reaction ordering across 32 rounds  536ms
 ✓ packages/safe-js/src/interp/methods/lang-01-validation.test.ts (41 tests) 2114ms
     ✓ composes three levels through aliases: 'alias.map(outer)'  462ms
     ✓ composes three levels through aliases: 'alias.reduce((total, value, index, ar…'  329ms
 ✓ packages/safe-js/src/named-host-policy.test.ts (46 tests) 4775ms
 ✓ packages/safe-js/src/run.random.test.ts (28 tests) 3224ms
 ✓ packages/safe-js/src/interp/iterator-result-creation-realm.test.ts (78 tests) 5288ms
 ✓ packages/safe-js/src/interp/methods/callback-this.test.ts (141 tests) 5421ms
 ✓ packages/safe-js/src/interp/methods/ctx-001-validation.test.ts (37 tests) 3419ms
 ✓ packages/safe-js/src/interp/globals/number-mc-003.test.ts (23 tests) 1566ms
     ✓ matches every original 'alpha' distance and route  302ms
 ✓ packages/safe-js/src/interp/globals/string-method-metadata.test.ts (66 tests) 2763ms
 ✓ packages/safe-js/src/run.promise-generic.test.ts (52 tests) 3481ms
 ✓ packages/safe-js/src/interp/globals/intl-datetimeformat.test.ts (52 tests) 3880ms
   ✓ restores cached format identity, aliases and custom prototypes repeatedly  321ms
 ✓ packages/safe-js/src/migrate.test.ts (31 tests) 4046ms
     ✓ rejects archived callbacks without a registered source function  359ms
 ✓ packages/safe-js/src/interp/boxed-boundaries.test.ts (48 tests) 1523ms
 ✓ packages/safe-js/src/interp/globals/number-locale-formatting.test.ts (63 tests) 1343ms
 ✓ packages/safe-js/src/run.completed-replay.test.ts (10 tests) 3328ms
     ✓ replays 16 draws, original inputs, and completed host results  328ms
     ✓ replays 128 draws, original inputs, and completed host results  2220ms
 ✓ packages/safe-js/src/interp/methods/string.match-no-match.independent.test.ts (189 tests) 4783ms
 ✓ packages/safe-js/src/interp/methods/number-coercion.test.ts (92 tests) 1659ms
 ✓ packages/safe-js/src/interp/function-arity.test.ts (18 tests) 3034ms
     ✓ selects the comparator branch in the complete original D3 bisector workload  1226ms
     ✓ keeps the complete explicit-mode control equivalent to the original  1357ms
 ✓ packages/safe-js/src/run.promise-aliases.test.ts (19 tests) 3711ms
     ✓ matches the full native workflow and restores both inputs (pending: false)  1322ms
     ✓ matches the full native workflow and restores both inputs (pending: true)  1058ms
 ✓ packages/safe-js/src/interp/number-typed-arrays.test.ts (92 tests) 2016ms
 ✓ packages/safe-js/src/snapshot/mixed-source-closures.test.ts (16 tests) 3505ms
   ✓ preserves distinct function bodies and captured state from return ()=>1  347ms
 ✓ packages/safe-js/src/external-checkpoint-validation.test.ts (14 tests) 2822ms
     ✓ captures externally and by signal while 'reduction' remains pending  323ms
     ✓ captures externally and by signal while 'callback' remains pending  462ms
     ✓ captures externally and by signal while 'retry-reissue' remains pending  392ms
     ✓ captures externally and by signal while 'retry-external' remains pending  349ms
     ✓ captures externally and by signal while 'co' remains pending  884ms
 ✓ packages/safe-js/src/interp/accessor-properties.test.ts (132 tests) 3168ms
 ✓ packages/safe-js/src/snapshot/guest-generator-array-patterns.test.ts (29 tests) 2660ms
 ✓ packages/safe-js/src/interp/generator-intrinsic-prototypes.test.ts (60 tests) 1963ms
 ✓ packages/safe-js/src/lint/mutable-closures.stress.test.ts (25 tests) 3352ms
       ✓ matches native JavaScript at width 24  1145ms
       ✓ matches native JavaScript at width 24  591ms
       ✓ matches native JavaScript at width 24  400ms
 ✓ packages/safe-js/src/interp/methods/array-receivers.test.ts (199 tests) 3537ms
 ✓ packages/safe-js/src/interp/globals/standard-builtin-lengths.test.ts (34 tests) 2201ms
 ✓ packages/safe-js/src/snapshot/proxy.test.ts (36 tests) 1967ms
 ✓ packages/safe-js/src/interp/globals/temporal-duration-total.test.ts (42 tests) 956ms
 ✓ packages/safe-js/src/interp/globals/boxed-primitives.test.ts (76 tests) 1933ms
 ✓ packages/safe-js/src/snapshot/guest-generator-delegation.test.ts (20 tests) 3199ms
 ✓ packages/safe-js/src/interp/globals/uri-globals.test.ts (113 tests) 3159ms
 ✓ packages/safe-js/src/interp/globals/reflect.test.ts (57 tests) 1519ms
 ✓ packages/safe-js/src/interp/methods/string-patterns.test.ts (107 tests) 2267ms
 ✓ packages/safe-js/src/interp/methods/array-callback-mutation.test.ts (130 tests) 2790ms
 ✓ packages/safe-js/src/host-error-identity.test.ts (70 tests) 3290ms
 ✓ packages/safe-js/src/sandbox-integrity.test.ts (40 tests) 1264ms
 ✓ packages/safe-js/src/snapshot/guest-generator-object-patterns.test.ts (31 tests) 2292ms
 ✓ packages/safe-js/src/interp/globals/collection-object-model.test.ts (34 tests) 1542ms
 ✓ packages/safe-js/src/interp/methods/mapset-callback-mutation.test.ts (44 tests) 2572ms
     ✓ matches native append visitation and completed replay  336ms
 ✓ packages/safe-js/src/interp/float32-define-coercion.test.ts (19 tests) 591ms
 ✓ packages/safe-js/src/snapshot/guest-generator-calls.test.ts (18 tests) 1914ms
 ✓ packages/safe-js/src/snapshot/async-function-continuations.test.ts (29 tests) 2519ms
 ✓ packages/safe-js/src/interp/globals/numeric-parsing.test.ts (86 tests) 2084ms
 ✓ packages/safe-js/src/interp/globals/dynamic-function.test.ts (65 tests) 2181ms
 ✓ packages/safe-js/src/interp/data-view.test.ts (51 tests) 1499ms
 ✓ packages/safe-js/src/snapshot/dynamic-import.test.ts (18 tests) 1775ms
 ✓ packages/safe-js/src/interp/host-digest-tojson.test.ts (9 tests) 1351ms
 ✓ packages/safe-js/src/interp/globals/object-from-entries.test.ts (44 tests) 1608ms
 ✓ packages/safe-js/src/interp/globals/intl-segmenter.test.ts (40 tests) 1715ms
   ✓ restores Segmenter private state repeatedly: const f=new Intl.Segmenter('en');const segment=f.segment;f.self=f;Object.setPrototypeOf(f,{marker:7});return ()=>[...segment.call(f,'ab')].map(x=>x.segment).concat(f.self===f,Object.getPrototypeOf(f).marker)  315ms
 ✓ packages/safe-js/src/interp/num-001-validation.test.ts (25 tests) 2127ms
 ✓ packages/safe-js/src/interp/globals/array-from.test.ts (61 tests) 1804ms
 ✓ packages/safe-js/src/interp/globals/date-locale-formatting.test.ts (64 tests) 1552ms
 ✓ packages/safe-js/src/snapshot/mixed-realm-values.test.ts (15 tests) 2287ms
 ✓ packages/safe-js/src/run.failure-replay.test.ts (17 tests) 1976ms
     ✓ requires a new host deadline without repeating effects  573ms
 ✓ packages/safe-js/src/run.promise-constructor.test.ts (49 tests) 1209ms
 ✓ packages/safe-js/src/interp/globals/regex-construction.test.ts (110 tests) 2033ms
 ✓ packages/safe-js/src/interp/float32-species.test.ts (21 tests) 859ms
 ✓ packages/safe-js/src/interp/globals/dynamic-function-foreign-newtarget.test.ts (16 tests) 1289ms
 ✓ packages/safe-js/src/interp/methods/regex-invocation.test.ts (94 tests) 2113ms
 ✓ packages/safe-js/src/interp/globals/json-function-metadata.test.ts (22 tests) 1169ms
 ✓ packages/safe-js/src/interp/async-generator.test.ts (77 tests) 1229ms
 ✓ packages/safe-js/src/interp/uint8-base64.test.ts (67 tests) 1777ms
 ✓ packages/safe-js/src/snapshot/private-elements.test.ts (31 tests) 2159ms
 ✓ packages/safe-js/src/interp/guest-proxy-array-results.test.ts (63 tests) 1570ms
 ✓ packages/safe-js/src/interp/methods/array-locale-string.test.ts (36 tests) 988ms
 ✓ packages/safe-js/src/snapshot/internal-continuation-references.test.ts (21 tests) 1688ms
 ✓ packages/safe-js/src/run.test.ts (66 tests) 1738ms
 ✓ packages/safe-js/src/interp/classes.test.ts (93 tests) 1697ms
 ✓ packages/safe-js/src/interp/host-array-metadata.test.ts (15 tests) 1274ms
     ✓ preserves the full graph through callback result and two completed replays  430ms
 ✓ packages/safe-js/src/interp/globals/intl-foreign-newtarget.test.ts (32 tests) 1302ms
 ✓ packages/safe-js/src/interp/globals/intl-numberformat.test.ts (42 tests) 969ms
 ✓ packages/safe-js/src/interp/methods/regex-unicode-sets.test.ts (61 tests) 1227ms
 ✓ packages/safe-js/src/run.promise-compatibility.test.ts (20 tests) 1749ms
 ✓ packages/safe-js/src/interp/source-exceptions.test.ts (13 tests) 1913ms
     ✓ preserves the complete 02-auto-dependency-closures workflow  338ms
     ✓ preserves the complete 03-maplimit-lexical-state workflow  301ms
 ✓ packages/safe-js/src/interp/iterator-lazy-helpers.test.ts (44 tests) 1175ms
 ✓ packages/safe-js/src/interp/globals/json-parse-reviver.test.ts (40 tests) 1157ms
 ✓ packages/safe-js/src/interp/globals/string-coercion.test.ts (48 tests) 946ms
 ✓ packages/safe-js/src/interp/string-conversion-parity.test.ts (35 tests) 1070ms
 ✓ packages/safe-js/test/integration/crash-resume.test.ts (11 tests) 1464ms
 ✓ packages/safe-js/src/interp/error-intrinsic-prototypes.test.ts (34 tests) 910ms
 ✓ packages/safe-js/src/interp/globals/buffer-foreign-newtarget.test.ts (45 tests) 1732ms
 ✓ packages/safe-js/src/run.public-promise-recovery.test.ts (10 tests) 1539ms
     ✓ restores the full unchanged scan without hiding separate raw alias differences  563ms
 ✓ packages/safe-js/src/lint.syntax-parity.test.ts (26 tests) 1326ms
 ✓ packages/safe-js/src/interp/generator-own-properties.test.ts (44 tests) 1130ms
 ✓ packages/safe-js/src/interp/globals/set-operations.test.ts (54 tests) 1742ms
 ✓ packages/safe-js/src/interp/methods/regex-unicode.test.ts (64 tests) 1294ms
 ✓ packages/safe-js/src/interp/intrinsic-prototype-origin.test.ts (46 tests) 2270ms
 ✓ packages/safe-js/src/interp/globals/intl-pluralrules.test.ts (37 tests) 1229ms
 ✓ packages/safe-js/src/interp/methods/collection-method-receivers.test.ts (54 tests) 1373ms
 ✓ packages/safe-js/src/run.string-coercion.test.ts (8 tests) 1105ms
 ✓ packages/safe-js/test/ppr2-integration-history.test.ts (40 tests) 2061ms
 ✓ packages/safe-js/src/interp/deleted-iterator-fallback.test.ts (64 tests) 1684ms
 ✓ packages/safe-js/src/cli.test.ts (46 tests) 1290ms
 ✓ packages/safe-js/src/interp/globals/iterator-helper-result-realm.test.ts (25 tests) 1664ms
 ✓ packages/safe-js/src/interp/globals/date-setter-coercion.test.ts (47 tests) 1219ms
 ✓ packages/safe-js/src/interp/host-callback-arity.test.ts (30 tests) 2044ms
     ✓ preserves cached aliases, native length descriptors, defaults and callback execution  324ms
 ✓ packages/safe-js/src/interp/accessor-boundaries.test.ts (38 tests) 1884ms
 ✓ packages/safe-js/src/loader/markdown-offset-hi-002-validation.test.ts (38 tests) 2671ms
     ✓ restores a legacy-prefix checkpoint with real replay and hash guards: {"newline":"\n","bom":""}  349ms
 ✓ packages/safe-js/src/object-intrinsic.test.ts (37 tests) 1544ms
     ✓ preserves mutated intrinsic checkpoint data while rejecting lossy plain data copies  323ms
 ✓ packages/safe-js/src/interp/globals/set-construction.test.ts (38 tests) 1345ms
 ✓ packages/safe-js/src/interp/function-properties.test.ts (37 tests) 2316ms
 ✓ packages/safe-js/src/interp/computed-property-keys.test.ts (47 tests) 1526ms
 ✓ packages/safe-js/src/interp/globals/intl-durationformat.test.ts (43 tests) 1649ms
 ✓ packages/safe-js/src/interp/globals/intl-locale.test.ts (54 tests) 2038ms
 ✓ packages/safe-js/src/interp/member-key-conversion.test.ts (63 tests) 1983ms
 ✓ packages/safe-js/src/run.snapshot.test.ts (31 tests) 2429ms
 ✓ packages/safe-js/src/interp/function-prototype-lifetime.test.ts (31 tests) 1865ms
 ✓ packages/safe-js/src/parse/keyword-methods-validation.test.ts (59 tests) 1832ms
 ✓ packages/safe-js/src/interp/globals/reflection-creation-realm.test.ts (21 tests) 1316ms
 ✓ packages/safe-js/src/interp/bigint-typed-array.test.ts (56 tests) 2161ms
 ✓ packages/safe-js/src/interp/globals/math-sum-precise.test.ts (67 tests) 1828ms
 ✓ packages/safe-js/src/snapshot/pending-promise-continuations.test.ts (16 tests) 2035ms
 ✓ packages/safe-js/src/interp/globals/intl-displaynames.test.ts (34 tests) 1686ms
   ✓ restores DisplayNames state, aliases and custom prototype through repeated snapshots  302ms
 ✓ packages/safe-js/src/interp/globals/map-construction.test.ts (45 tests) 1743ms
 ✓ packages/safe-js/src/parse/keyword-properties.test.ts (54 tests) 1690ms
 ✓ packages/safe-js/src/interp/receiver-retention.test.ts (34 tests) 1656ms
 ✓ packages/safe-js/src/interp/methods/string-locale-compare.test.ts (64 tests) 2372ms
(node:7112) Warning: The 'NO_COLOR' env is ignored due to the 'FORCE_COLOR' env being set.
(Use `node --trace-warnings ...` to show where the warning was created)
 ✓ packages/safe-js/src/interp/interpreter.test.ts (477 tests) 3606ms
     ✓ spreads large arrays into push without leaking the host argument limit  702ms
     ✓ caps million-element for...of iteration through the step budget  2345ms
 ✓ packages/safe-js/src/interp/globals/intl-listformat.test.ts (33 tests) 1558ms
 ✓ packages/safe-js/src/interp/object-accessors.test.ts (72 tests) 1647ms
 ✓ packages/safe-js/src/interp/globals/object-aliases.test.ts (21 tests) 1249ms
 ✓ packages/safe-js/src/interp/source-exceptions.boundaries.test.ts (84 tests) 2476ms
 ✓ packages/safe-js/src/interp/bigint-operators.test.ts (24 tests) 1663ms
 ✓ packages/safe-js/src/lint/function-syntax.stress.test.ts (14 tests) 2251ms
       ✓ matches native JavaScript at width 12  834ms
 ✓ packages/safe-js/src/interp/guest-proxy-array-methods.test.ts (45 tests) 1512ms
 ✓ packages/safe-js/src/interp/globals/date-prototype-brand.test.ts (53 tests) 1685ms
 ✓ packages/safe-js/src/interp/globals/group-by.test.ts (29 tests) 1783ms
 ✓ packages/safe-js/src/snapshot/intrinsic-mutations.test.ts (17 tests) 1705ms
 ✓ packages/safe-js/src/modules/dynamic-import.test.ts (39 tests) 2131ms
   ✓ replays dynamic namespace inputs without repeating host calls  413ms
 ✓ packages/safe-js/src/interp/methods/array-species-creation-realm.test.ts (28 tests) 2060ms
 ✓ packages/safe-js/src/interp/symbol.test.ts (41 tests) 1226ms
 ✓ packages/safe-js/src/run.promise-order.test.ts (39 tests) 1962ms
     ✓ preserves 256 caller iterations before async continuation  377ms
 ✓ packages/safe-js/src/interp/methods/regex-flags.test.ts (43 tests) 2009ms
 ✓ packages/safe-js/src/interp/globals/number-mc-003-validation.test.ts (56 tests) 1501ms
 ✓ packages/safe-js/src/interp/methods/regex-legacy-grammar.test.ts (54 tests) 1507ms
 ✓ packages/safe-js/src/run.pending-imported-promise.test.ts (5 tests) 1395ms
   ✓ reconciles an aliased pending Promise once with a fulfilled outcome  375ms
 ✓ packages/safe-js/src/interp/globals/string-search-coercion.test.ts (68 tests) 2083ms
 ✓ packages/safe-js/src/interp/guest-proxy-copy.test.ts (31 tests) 1070ms
 ✓ packages/safe-js/src/interp/host-bridge.test.ts (45 tests) 1909ms
     ✓ preserves synchronous function Error() { [native code] } metadata through repeated replay  400ms
 ✓ packages/safe-js/src/interp/methods/mapset-callback-replay.test.ts (4 tests) 2438ms
     ✓ recovers a finite worklist from a budget checkpoint without repeating effects  632ms
     ✓ preserves genuine pending boundaries and does not await callback return values  825ms
     ✓ recovers a finite worklist from a budget checkpoint without repeating effects  371ms
     ✓ preserves genuine pending boundaries and does not await callback return values  608ms
 ✓ packages/safe-js/src/interp/globals/string-factory-coercion.test.ts (55 tests) 1794ms
 ✓ packages/safe-js/src/interp/globals/weak-collection-realms.test.ts (32 tests) 1798ms
 ✓ packages/safe-js/src/interp/globals/iterator-zip.test.ts (33 tests) 1155ms
 ✓ packages/safe-js/src/interp/globals/intl-relativetimeformat.test.ts (28 tests) 1301ms
 ✓ packages/safe-js/src/interp/globals/intl-collator.test.ts (36 tests) 1538ms
 ✓ packages/safe-js/src/migration-file.test.ts (14 tests) 1768ms
     ✓ inspects without writes, then exclusively publishes a portable continuation  303ms
 ✓ packages/safe-js/src/interp/methods/string-replacer-result.test.ts (40 tests) 1028ms
 ✓ packages/safe-js/src/interp/globals/object-aliases-validation.test.ts (19 tests) 1431ms
     ✓ replays original 'pick-transform' against its full immutable anchor  334ms
 ✓ packages/safe-js/src/named-host-mutations.test.ts (42 tests) 1189ms
 ✓ packages/safe-js/src/snapshot/completed-map-alias.test.ts (2 tests) 1008ms
     ✓ matches native before and after two completed restores: 'captured Map value alias'  458ms
     ✓ matches native before and after two completed restores: 'collection cycles, sparse metadata an…'  549ms
 ✓ packages/safe-js/src/snapshot/thenable-continuations.test.ts (10 tests) 1046ms
 ✓ packages/safe-js/src/snapshot/eval-source.test.ts (18 tests) 1415ms
 ✓ packages/safe-js/src/interp/float32-some.test.ts (17 tests) 650ms
 ✓ packages/safe-js/src/interp/float32-last-index-of.test.ts (21 tests) 782ms
 ✓ packages/safe-js/src/interp/globals/temporal-plain-time-format.test.ts (28 tests) 712ms
 ✓ packages/safe-js/src/interp/class-accessors.test.ts (83 tests) 975ms
 ✓ packages/safe-js/src/snapshot/eval-call.test.ts (10 tests) 1018ms
 ✓ packages/safe-js/src/interp/global-object.test.ts (73 tests) 887ms
 ✓ packages/safe-js/src/snapshot/settled-promises.test.ts (11 tests) 1009ms
 ✓ packages/safe-js/src/interp/globals/error-cause-reflection.test.ts (25 tests) 1086ms
 ✓ packages/safe-js/src/interp/numeric-coercion-order.test.ts (50 tests) 1774ms
 ✓ packages/safe-js/src/interp/float32-prototype-snapshots.test.ts (12 tests) 1352ms
 ✓ packages/safe-js/src/interp/cancel.test.ts (42 tests) 1097ms
 ✓ packages/safe-js/src/interp/var-environment.test.ts (23 tests) 1580ms
 ✓ packages/safe-js/src/interp/methods/function-to-string.test.ts (51 tests) 1202ms
 ✓ packages/safe-js/src/modules/mcp-managed.test.ts (20 tests) 669ms
 ✓ packages/safe-js/src/interp/methods/collection-iterators.test.ts (60 tests) 1202ms
 ✓ packages/safe-js/src/interp/methods/ctx-001-integration.test.ts (10 tests) 1119ms
 ✓ packages/safe-js/src/interp/methods/string-locale-case.test.ts (34 tests) 884ms
 ✓ packages/safe-js/src/run.promise-iterable.test.ts (36 tests) 1255ms
 ✓ packages/safe-js/src/interp/float32-resizable-snapshots.test.ts (7 tests) 776ms
 ✓ packages/safe-js/src/interp/globals/numeric-predicates.test.ts (48 tests) 1445ms
 ✓ packages/safe-js/src/interp/intermediate-retention.test.ts (49 tests) 1305ms
 ✓ packages/safe-js/src/interp/globals/string-index-coercion.test.ts (32 tests) 876ms
 ✓ packages/safe-js/src/interp/regexp-match-payload-realm.test.ts (11 tests) 800ms
 ✓ packages/safe-js/src/interp/private-state.test.ts (16 tests) 569ms
 ✓ packages/safe-js/src/interp/float32-for-each.test.ts (17 tests) 866ms
 ✓ packages/safe-js/src/interp/methods/array-species.test.ts (55 tests) 1499ms
 ✓ packages/safe-js/src/interp/methods/number-receivers.test.ts (31 tests) 967ms
 ✓ packages/safe-js/src/interp/float32-find-last.test.ts (16 tests) 625ms
 ✓ packages/safe-js/src/interp/globals/temporal-duration-round.test.ts (42 tests) 1262ms
 ✓ packages/safe-js/src/interp/globals/promise-custom-prototype.test.ts (16 tests) 954ms
 ✓ packages/safe-js/src/interp/globals/array-from-construction-order.test.ts (13 tests) 946ms
 ✓ packages/safe-js/src/interp/globals/string-character-coercion.test.ts (54 tests) 2135ms
 ✓ packages/safe-js/src/interp/float32-reduce-right.test.ts (20 tests) 1091ms
 ✓ packages/safe-js/src/interp/globals/buffer-constructor-prototype-descriptors.test.ts (16 tests) 1501ms
 ✓ packages/safe-js/src/interp/globals/resource-constructor-foreign-newtarget.test.ts (20 tests) 1658ms
 ✓ packages/safe-js/src/interp/anonymous-function-names.test.ts (39 tests) 1319ms
 ✓ packages/safe-js/src/interp/globals/boxed-creation-realm.test.ts (20 tests) 1250ms
 ✓ packages/safe-js/src/interp/function-has-instance-prototype.test.ts (25 tests) 1202ms
 ✓ packages/safe-js/test/final-async-proof-conversion.test.ts (6 tests) 1197ms
   ✓ converts current source functions without invoking them or losing graph identity  584ms
 ✓ packages/safe-js/src/interp/float32-intrinsic-prototypes.test.ts (34 tests) 1017ms
 ✓ packages/safe-js/src/interp/float32-to-sorted.test.ts (25 tests) 1153ms
 ✓ packages/safe-js/src/parse/contextual-labels.test.ts (24 tests) 1135ms
 ✓ packages/safe-js/src/interp/globals/numeric-parser-identity.test.ts (14 tests) 996ms
 ✓ packages/safe-js/src/interp/symbol-operators.test.ts (37 tests) 1137ms
 ✓ packages/safe-js/src/interp/object-method-super.test.ts (36 tests) 1126ms
 ✓ packages/safe-js/src/indexed-host-objects.test.ts (37 tests) 870ms
 ✓ packages/safe-js/src/interp/global-script-execution.test.ts (40 tests) 963ms
 ✓ packages/safe-js/src/interp/globals/temporal-plain-time-difference.test.ts (22 tests) 859ms
 ✓ packages/safe-js/src/interp/float32-map.test.ts (26 tests) 1278ms
 ✓ packages/safe-js/src/interp/iterator-consumers.test.ts (30 tests) 1162ms
 ✓ packages/safe-js/src/interp/globals/date-subclass-prototype.test.ts (22 tests) 1114ms
 ✓ packages/safe-js/src/interp/globals/math-coercion.test.ts (48 tests) 1875ms
 ✓ packages/safe-js/src/interp/globals/array-proxy-index-keys.test.ts (29 tests) 1493ms
 ✓ packages/safe-js/src/interp/globals/json-raw.test.ts (37 tests) 1086ms
 ✓ packages/safe-js/src/interp/float32-iterator-resize.test.ts (9 tests) 932ms
 ✓ packages/safe-js/src/interp/globals/string-range-coercion.test.ts (30 tests) 1132ms
 ✓ packages/safe-js/src/interp/globals/regex-compile.test.ts (24 tests) 846ms
 ✓ packages/safe-js/src/interp/generator-templates.test.ts (16 tests) 789ms
 ✓ packages/safe-js/src/run.host-promise-property-aliases.test.ts (6 tests) 1150ms
   ✓ preserves aliases between Promise properties and their host outcome {"asynchronous":false,"promiseFirst":false}  348ms
 ✓ packages/safe-js/src/interp/methods/regex-symbol-matchall.test.ts (19 tests) 1136ms
 ✓ packages/safe-js/src/snapshot/resource-declarations.test.ts (11 tests) 1619ms
 ✓ packages/safe-js/src/interp/methods/array-callback-replay.test.ts (4 tests) 1533ms
     ✓ replays recorded host callbacks containing map mutation without repeating the host  606ms
     ✓ replays recorded host callbacks containing reduce mutation without repeating the host  342ms
     ✓ replays recorded host callbacks containing sort mutation without repeating the host  359ms
 ✓ packages/safe-js/src/interp/globals/foreign-intrinsic-error-realm.test.ts (17 tests) 1428ms
 ✓ packages/safe-js/src/interp/globals/temporal-plain-time-round.test.ts (33 tests) 2338ms
 ✓ packages/safe-js/src/interp/methods/regex-backreference.test.ts (36 tests) 1330ms
 ✓ packages/safe-js/src/interp/globals/collection-own-properties.test.ts (22 tests) 1159ms
 ✓ packages/safe-js/src/interp/globals/atomics-nonshared.test.ts (45 tests) 1231ms
 ✓ packages/safe-js/src/interp/collection-iterator-prototype.test.ts (31 tests) 1095ms
 ✓ packages/safe-js/src/interp/for-await.test.ts (52 tests) 1183ms
 ✓ packages/safe-js/src/run.new-settlement-promise.test.ts (9 tests) 1694ms
   ✓ replays a newly encountered fulfilled Promise and its aliases  346ms
 ✓ packages/safe-js/src/snapshot/eval-source-validation.test.ts (14 tests) 904ms
 ✓ packages/safe-js/src/cli.fs-config.test.ts (28 tests) 1232ms
     ✓ preserves legacy host-root wiring for [ '--fs' ]  703ms
 ✓ packages/safe-js/src/interp/float32-sort.test.ts (28 tests) 1261ms
 ✓ packages/safe-js/src/interp/globals/intl-proxy-locales.test.ts (21 tests) 1063ms
 ✓ packages/safe-js/src/snapshot/dynamic-source.test.ts (18 tests) 1229ms
 ✓ packages/safe-js/src/interp/methods/string-replace-exec.test.ts (25 tests) 1482ms
     ✓ bounds nonterminating exec before invoking a replacer  483ms
 ✓ packages/safe-js/src/interp/globals/primitive-method-snapshots.test.ts (5 tests) 1124ms
   ✓ restores mutable properties and behavior of String.prototype.toString  361ms
 ✓ packages/safe-js/src/interp/methods/regex-indices.test.ts (20 tests) 879ms
 ✓ packages/safe-js/src/snapshot/symbol-registry.test.ts (13 tests) 1307ms
 ✓ packages/safe-js/src/interp/globals/array-from-async.test.ts (33 tests) 1505ms
 ✓ packages/safe-js/src/interp/globals/array-typed-result-coercion.test.ts (30 tests) 1181ms
 ✓ packages/safe-js/src/interp/methods/string-localecompare-validation.test.ts (32 tests) 1016ms
 ✓ packages/safe-js/src/interp/methods/regex-modifiers.test.ts (37 tests) 1241ms
 ✓ packages/safe-js/src/interp/float32-index-coercion.test.ts (20 tests) 1004ms
 ✓ packages/safe-js/src/snapshot/promise-capability-executors.test.ts (8 tests) 1252ms
   ✓ restores retained capability executor state: const callbacks=[];function C(executor){executor(value=>{this.value=value},reason=>{this.reason=reason})}C.resolve=value=>({then(ok,fail){callbacks.push([ok,fail])}});const result=Promise.allSettled.call(C,[1,2]);callbacks[0][0](7);return async()=>{callbacks[1][1]('second');return result.value}  363ms
 ✓ packages/safe-js/src/interp/globals/array-subclass-construction.test.ts (29 tests) 1840ms
   ✓ preserves factory subclass identity on completed replay  415ms
 ✓ packages/safe-js/src/interp/float32-from.test.ts (24 tests) 1154ms
 ✓ packages/safe-js/src/parse/keyword-methods.test.ts (75 tests) 1539ms
 ✓ packages/safe-js/src/interp/methods/string-concat.test.ts (34 tests) 1362ms
 ✓ packages/safe-js/src/interp/array-buffer-slice.test.ts (20 tests) 1034ms
 ✓ packages/safe-js/src/interp/globals/promise-result-realm.test.ts (13 tests) 1125ms
 ✓ packages/safe-js/src/interp/shared-host-cross-call.test.ts (18 tests) 1279ms
 ✓ packages/safe-js/src/interp/globals/shared-array-buffer.test.ts (30 tests) 1213ms
 ✓ packages/safe-js/src/interp/globals/string-padding-coercion.test.ts (36 tests) 1394ms
 ✓ packages/safe-js/src/date.test.ts (29 tests) 1094ms
 ✓ packages/safe-js/src/interp/template-coercion.test.ts (37 tests) 1482ms
 ✓ packages/safe-js/src/interp/in-operator.test.ts (29 tests) 1079ms
 ✓ packages/safe-js/src/snapshot/constructor-environments.test.ts (14 tests) 1492ms
 ✓ packages/safe-js/src/interp/float32array.test.ts (27 tests) 1090ms
 ✓ packages/safe-js/src/interp/globals/regex-escape.test.ts (31 tests) 882ms
 ✓ packages/safe-js/src/interp/globals/temporal-plain-date-time-round.test.ts (29 tests) 989ms
 ✓ packages/safe-js/src/interp/uint8array.test.ts (28 tests) 1095ms
 ✓ packages/safe-js/src/interp/regexp-iterator-prototype.test.ts (35 tests) 1377ms
 ✓ packages/safe-js/src/interp/float32-range-coercion.test.ts (14 tests) 998ms
 ✓ packages/safe-js/src/snapshot/pending-promise-subclasses.test.ts (5 tests) 874ms
 ✓ packages/safe-js/src/interp/function-prototype.test.ts (24 tests) 897ms
 ✓ packages/safe-js/src/interp/globals/temporal-duration-format.test.ts (25 tests) 988ms
 ✓ packages/safe-js/src/interp/globals/weak-collections.test.ts (23 tests) 1036ms
 ✓ packages/safe-js/src/run.promise-settlement-identity.test.ts (9 tests) 972ms
 ✓ packages/safe-js/src/interp/float32-set-inputs.test.ts (21 tests) 928ms
 ✓ packages/safe-js/src/interp/globals/math-namespace.test.ts (17 tests) 910ms
 ✓ packages/safe-js/src/interp/globals/json-parse-coercion.test.ts (32 tests) 1240ms
 ✓ packages/safe-js/src/interp/methods/split-creation-realm.test.ts (15 tests) 1075ms
 ✓ packages/safe-js/src/cli-dynamic-source.test.ts (6 tests) 759ms
     ✓ executes return Function("a", "return a + 1")(2); without suppressing lint  608ms
 ✓ packages/safe-js/src/interp/bigint.test.ts (26 tests) 827ms
 ✓ packages/safe-js/src/snapshot/dynamic-with.test.ts (6 tests) 748ms
 ✓ packages/safe-js/src/interp/globals/intl.test.ts (28 tests) 910ms
 ✓ packages/safe-js/src/interp/globals/number-coercion.test.ts (26 tests) 952ms
 ✓ packages/safe-js/src/interp/catch-iterator-protocol.test.ts (24 tests) 782ms
 ✓ packages/safe-js/src/interp/float32-filter.test.ts (25 tests) 1010ms
 ✓ packages/safe-js/src/interp/methods/regex-lookahead.test.ts (25 tests) 838ms
 ✓ packages/safe-js/src/interp/globals/iterator-prototype-setter.test.ts (18 tests) 876ms
 ✓ packages/safe-js/src/modules/namespace-identity-mc-002.test.ts (10 tests) 896ms
     ✓ retains shared namespace inputs through repeated completed replay  384ms
 ✓ packages/safe-js/src/interp/globals/temporal-instant-construction.test.ts (26 tests) 731ms
 ✓ packages/safe-js/src/interp/catch-finally.test.ts (26 tests) 874ms
 ✓ packages/safe-js/src/interp/float32-with.test.ts (18 tests) 755ms
 ✓ packages/safe-js/src/interp/generator-delegated-result.test.ts (13 tests) 817ms
 ✓ packages/safe-js/src/modules/agent-result-policy.test.ts (32 tests) 752ms
 ✓ packages/safe-js/src/interp/globals/object-property-key-order.test.ts (6 tests) 1000ms
   ✓ converts keys before validating the hasOwnProperty receiver  520ms
   ✓ converts keys before validating the propertyIsEnumerable receiver  386ms
 ✓ packages/safe-js/src/interp/structured-clone-errors.test.ts (25 tests) 804ms
 ✓ packages/safe-js/src/interp/globals/json-reviver-proxy-traversal.test.ts (17 tests) 833ms
 ✓ packages/safe-js/src/interp/globals/temporal-plain-time-locale.test.ts (33 tests) 1081ms
 ✓ packages/safe-js/src/interp/float32-every.test.ts (19 tests) 1018ms
 ✓ packages/safe-js/src/interp/optional-missing-method.test.ts (32 tests) 1137ms
 ✓ packages/safe-js/src/interp/methods/string-locale-guest-options.test.ts (24 tests) 1185ms
 ✓ packages/safe-js/src/interp/globals/dynamic-with.test.ts (30 tests) 939ms
 ✓ packages/safe-js/src/interp/methods/string-html.test.ts (29 tests) 1525ms
 ✓ packages/safe-js/src/interp/globals/collection-prototype-noop.test.ts (37 tests) 1174ms
 ✓ packages/safe-js/src/interp/generator-result-realm.test.ts (9 tests) 964ms
 ✓ packages/safe-js/src/interp/iterator-global.test.ts (29 tests) 904ms
 ✓ packages/safe-js/src/interp/methods/regex-lookbehind.test.ts (30 tests) 1081ms
 ✓ packages/safe-js/src/snapshot/pending-promise-aggregates.test.ts (7 tests) 1079ms
 ✓ packages/safe-js/src/interp/globals/iterator-limit-range.test.ts (10 tests) 906ms
 ✓ packages/safe-js/src/interp/private-class-elements.test.ts (20 tests) 622ms
 ✓ packages/safe-js/src/interp/globals/promise-prototype-lifetime.test.ts (17 tests) 1237ms
 ✓ packages/safe-js/src/interp/methods/regex-named-groups.test.ts (35 tests) 1168ms
 ✓ packages/safe-js/src/interp/array-buffer-transfer.test.ts (25 tests) 1070ms
 ✓ packages/safe-js/src/named-host-objects.test.ts (41 tests) 976ms
 ✓ packages/safe-js/src/interp/callable-prototypes.test.ts (48 tests) 1037ms
 ✓ packages/safe-js/src/interp/function-receivers.test.ts (24 tests) 855ms
 ✓ packages/safe-js/src/run.host-nested-promise-replay.test.ts (5 tests) 1099ms
   ✓ replays a rejected nested host Promise without invoking the host again  306ms
 ✓ packages/safe-js/src/interp/globals/dynamic-arguments-var.test.ts (17 tests) 1038ms
 ✓ packages/safe-js/src/interp/globals/string-repeat-coercion.test.ts (20 tests) 921ms
 ✓ packages/safe-js/src/interp/promise-await-properties.test.ts (13 tests) 754ms
 ✓ packages/safe-js/src/interp/float32-find-index.test.ts (15 tests) 791ms
 ✓ packages/safe-js/src/interp/globals/promise-foreign-newtarget.test.ts (11 tests) 809ms
 ✓ packages/safe-js/src/interp/globals/regexp-foreign-call-owner.test.ts (10 tests) 806ms
 ✓ packages/safe-js/src/interp/object-generator-methods.test.ts (32 tests) 925ms
 ✓ packages/safe-js/src/snapshot/guest-generator-for-in.test.ts (35 tests) 960ms
 ✓ packages/safe-js/src/interp/globals/date-legacy-methods.test.ts (20 tests) 788ms
 ✓ packages/safe-js/src/interp/optional-chain-short-circuit.test.ts (24 tests) 842ms
 ✓ packages/safe-js/src/interp/catch-properties.test.ts (26 tests) 878ms
 ✓ packages/safe-js/src/loader/multiple-blocks.test.ts (35 tests) 1034ms
     ✓ matches native execution across 64 mutable and async blocks  306ms
 ✓ packages/safe-js/src/snapshot/async-generator-validation.test.ts (13 tests) 871ms
 ✓ packages/safe-js/src/modules/namespace-exotics.test.ts (19 tests) 610ms
 ✓ packages/safe-js/src/interp/globals/intrinsic-context-budget-reuse.test.ts (8 tests) 974ms
 ✓ packages/safe-js/src/interp/host-function-properties.test.ts (21 tests) 790ms
 ✓ packages/safe-js/src/interp/globals/temporal-instant-difference.test.ts (26 tests) 857ms
 ✓ packages/safe-js/src/parse/template-decimal-escapes.test.ts (17 tests) 733ms
 ✓ packages/safe-js/src/interp/globals/proxy.test.ts (32 tests) 902ms
 ✓ packages/safe-js/src/interp/globals/object-legacy-accessors.test.ts (30 tests) 1120ms
 ✓ packages/safe-js/src/interp/float16-array.test.ts (21 tests) 980ms
 ✓ packages/safe-js/src/snapshot/typed-array-iterator-replay.test.ts (5 tests) 705ms
 ✓ packages/safe-js/src/interp/guest-proxy-define.test.ts (30 tests) 808ms
 ✓ packages/safe-js/src/interp/object-method-names.test.ts (15 tests) 790ms
 ✓ packages/safe-js/src/interp/globals/promise-with-resolvers.test.ts (15 tests) 809ms
 ✓ packages/safe-js/src/interp/float32-fill.test.ts (20 tests) 843ms
 ✓ packages/safe-js/src/interp/globals/collections-iteration.test.ts (24 tests) 883ms
 ✓ packages/safe-js/src/snapshot/buffer-prototype-replay.test.ts (9 tests) 877ms
 ✓ packages/safe-js/src/run.host-regexp-import.test.ts (12 tests) 752ms
 ✓ packages/safe-js/src/snapshot/promise-resolvers.test.ts (8 tests) 800ms
 ✓ packages/safe-js/test/h5-context-converter-review.test.ts (5 tests) 806ms
   ✓ converts genuine return graphs without invoking functions or adding callbacks  342ms
 ✓ packages/safe-js/src/interp/float32-copy-within.test.ts (22 tests) 799ms
 ✓ packages/safe-js/src/realm-callback-phases.test.ts (27 tests) 977ms
 ✓ packages/safe-js/src/interp/for-in-builtin-objects.test.ts (21 tests) 690ms
 ✓ packages/safe-js/src/interp/globals/date-coercion.test.ts (22 tests) 807ms
 ✓ packages/safe-js/src/interp/globals/number-method-metadata.test.ts (10 tests) 750ms
 ✓ packages/safe-js/src/snapshot/finalization-registry.test.ts (7 tests) 612ms
 ✓ packages/safe-js/src/snapshot/guest-generator-do-while.test.ts (36 tests) 791ms
 ✓ packages/safe-js/test/final-async-proof-adapter.test.ts (5 tests) 943ms
     ✓ restores original callbackData with real callback IDs and exact suffix  572ms
     ✓ restores original callbackFunction with real callback IDs and exact suffix  365ms
 ✓ packages/safe-js/src/realm.test.ts (31 tests) 921ms
 ✓ packages/safe-js/src/snapshot/dynamic-function-self-binding.test.ts (9 tests) 855ms
 ✓ packages/safe-js/src/interp/globals/string-substr-coercion.test.ts (17 tests) 818ms
 ✓ packages/safe-js/src/interp/methods/lang-01-integration.test.ts (8 tests) 832ms
 ✓ packages/safe-js/src/runner/signal-dump.test.ts (13 tests) 846ms
 ✓ packages/safe-js/src/interp/globals/iterator-concat.test.ts (21 tests) 972ms
 ✓ packages/safe-js/src/interp/methods/regex-cursor.test.ts (412 tests) 730ms
 ✓ packages/safe-js/src/interp/array-buffer-transfer-fixed.test.ts (22 tests) 840ms
 ✓ packages/safe-js/src/interp/globals/error-is-error.test.ts (26 tests) 724ms
 ✓ packages/safe-js/src/interp/globals/weakmap-upsert.test.ts (21 tests) 837ms
 ✓ packages/safe-js/src/interp/globals/string-normalize-coercion.test.ts (13 tests) 741ms
 ✓ packages/safe-js/src/interp/float32-of.test.ts (18 tests) 936ms
 ✓ packages/safe-js/src/interp/float32-constructor-inputs.test.ts (20 tests) 1034ms
 ✓ packages/safe-js/src/interp/float32-find-last-index.test.ts (15 tests) 807ms
 ✓ packages/safe-js/src/run.host-promise-data-properties.test.ts (4 tests) 785ms
   ✓ replays new host Promise data properties (async: false)  326ms
 ✓ packages/safe-js/src/interp/function-apply-array-like.test.ts (22 tests) 773ms
 ✓ packages/safe-js/src/interp/iterator-constructor.test.ts (16 tests) 583ms
 ✓ packages/safe-js/src/interp/promise-subclass-async.test.ts (11 tests) 673ms
 ✓ packages/safe-js/src/interp/globals/standard-error-constructors.test.ts (14 tests) 634ms
 ✓ packages/safe-js/src/snapshot/class-constructor.test.ts (11 tests) 884ms
 ✓ packages/safe-js/src/interp/float32-find.test.ts (15 tests) 891ms
   ✓ preserves find through two snapshot round-trips  306ms
 ✓ packages/safe-js/src/snapshot/guest-generator-for-continuations.test.ts (26 tests) 686ms
 ✓ packages/safe-js/src/interp/float32-reduce.test.ts (20 tests) 935ms
 ✓ packages/safe-js/src/interp/methods/match-creation-realm.test.ts (12 tests) 885ms
 ✓ packages/safe-js/src/interp/structured-clone-transfer.test.ts (29 tests) 1061ms
 ✓ packages/safe-js/src/snapshot/exception-function-hoisting.test.ts (6 tests) 819ms
 ✓ packages/safe-js/src/lint/function-syntax.test.ts (41 tests) 618ms
 ✓ packages/safe-js/src/interp/uint8-hex.test.ts (27 tests) 1069ms
 ✓ packages/safe-js/src/interp/catch-scope.test.ts (24 tests) 1031ms
 ✓ packages/safe-js/src/interp/methods/string-is-well-formed.test.ts (25 tests) 720ms
 ✓ packages/safe-js/src/snapshot/strict-destructuring-bindings.test.ts (4 tests) 659ms
 ✓ packages/safe-js/src/snapshot/atomic-wait-continuation.test.ts (16 tests) 1464ms
 ✓ packages/safe-js/src/interp/globals/json-creation-realm.test.ts (10 tests) 855ms
 ✓ packages/safe-js/src/snapshot/global-object.test.ts (4 tests) 674ms
   ✓ preserves global object identity and identifier storage through repeated snapshots  364ms
 ✓ packages/safe-js/src/interp/host-arg-map-shadow.test.ts (9 tests) 570ms
 ✓ packages/safe-js/src/snapshot/array-buffer-detached.test.ts (14 tests) 766ms
 ✓ packages/safe-js/src/interp/globals/string-ignored-arguments.test.ts (28 tests) 734ms
 ✓ packages/safe-js/src/parse/new-tagged-template.test.ts (17 tests) 692ms
 ✓ packages/safe-js/src/interp/tracked-intrinsic-prototypes.test.ts (34 tests) 845ms
 ✓ packages/safe-js/src/interp/globals/promise-method-species.test.ts (19 tests) 971ms
 ✓ packages/safe-js/src/interp/globals/temporal-plain-time-conversion.test.ts (24 tests) 1010ms
 ✓ packages/safe-js/src/interp/globals/dynamic-function-owner-realm.test.ts (8 tests) 1029ms
 ✓ packages/safe-js/src/snapshot/guest-generator-switch.test.ts (35 tests) 978ms
 ✓ packages/safe-js/src/interp/float32-constructor-detached.test.ts (27 tests) 797ms
 ✓ packages/safe-js/src/snapshot/dynamic-block-functions.test.ts (6 tests) 801ms
 ✓ packages/safe-js/src/snapshot/eval-catch-conflicts.test.ts (3 tests) 516ms
 ✓ packages/safe-js/src/interp/globals/json-proxy.test.ts (24 tests) 690ms
 ✓ packages/safe-js/src/modules/fs.adapters.test.ts (97 tests) 635ms
 ✓ packages/safe-js/src/interp/globals/iterator-sdk-consumers-proxy.test.ts (28 tests) 1011ms
 ✓ packages/safe-js/test/conformance/execute.test.ts (25 tests) 693ms
 ✓ packages/safe-js/src/interp/globals/number-function-properties.test.ts (25 tests) 586ms
 ✓ packages/safe-js/src/snapshot/shadowed-array-methods.test.ts (23 tests) 715ms
 ✓ packages/safe-js/src/interp/float32-at.test.ts (14 tests) 888ms
   ✓ preserves at through two snapshot round-trips  404ms
 ✓ packages/safe-js/src/interp/globals/json-reviver-inserted-object.test.ts (18 tests) 969ms
 ✓ packages/safe-js/test/conformance/realm.test.ts (15 tests) 628ms
 ✓ packages/safe-js/src/interp/string-replacement-protocols.test.ts (23 tests) 537ms
 ✓ packages/safe-js/src/interp/globals/collection-constructor-adders.test.ts (19 tests) 683ms
 ✓ packages/safe-js/src/interp/methods/string-to-well-formed.test.ts (44 tests) 732ms
 ✓ packages/safe-js/src/loader/markdown-offset-hi-002.test.ts (30 tests) 708ms
 ✓ packages/safe-js/src/interp/globals/collection-as-prototype.test.ts (14 tests) 614ms
 ✓ packages/safe-js/src/interp/globals/dynamic-assignment.test.ts (26 tests) 867ms
 ✓ packages/safe-js/src/interp/globals/temporal-now.test.ts (14 tests) 457ms
 ✓ packages/safe-js/src/interp/methods/array-iterators.test.ts (27 tests) 572ms
 ✓ packages/safe-js/src/snapshot/guest-generator-pattern-sources.test.ts (19 tests) 400ms
 ✓ packages/safe-js/src/interp/globals/temporal-instant-format.test.ts (31 tests) 523ms
 ✓ packages/safe-js/src/snapshot/eval-deleted-assignment.test.ts (5 tests) 500ms
 ✓ packages/safe-js/src/interp/methods/string-split-coercion.test.ts (24 tests) 439ms
 ✓ packages/safe-js/src/interp/float32-reverse.test.ts (15 tests) 450ms
 ✓ packages/safe-js/src/interp/globals/promise-try.test.ts (16 tests) 476ms
 ✓ packages/safe-js/src/realm-console-override.test.ts (33 tests) 427ms
 ✓ packages/safe-js/src/interp/for-of-assignment.test.ts (26 tests) 517ms
 ✓ packages/safe-js/src/interp/float32-includes.test.ts (17 tests) 582ms
 ✓ packages/safe-js/src/interp/globals/temporal-duration-methods.test.ts (19 tests) 512ms
 ✓ packages/safe-js/src/interp/globals/error-string-coercion.test.ts (29 tests) 435ms
 ✓ packages/safe-js/src/interp/globals/dynamic-block-functions.test.ts (26 tests) 571ms
 ✓ packages/safe-js/src/parse/template-line-normalization.test.ts (20 tests) 745ms
 ✓ packages/safe-js/src/interp/pattern-rest-realm.test.ts (10 tests) 340ms
 ✓ packages/safe-js/src/checkpoint-views-validation.test.ts (2 tests) 483ms
     ✓ retains serialized state and restores actual file bytes after complete  304ms
 ✓ packages/safe-js/src/interp/globals/temporal-plain-time-with.test.ts (18 tests) 479ms
 ✓ packages/safe-js/src/interp/float32-index-of.test.ts (20 tests) 583ms
 ✓ packages/safe-js/src/snapshot/guest-generator-declarations.test.ts (19 tests) 440ms
 ✓ packages/safe-js/src/snapshot/sloppy-let.test.ts (5 tests) 447ms
 ✓ packages/safe-js/src/interp/globals/promise-subclass-prototype.test.ts (15 tests) 550ms
 ✓ packages/safe-js/src/interp/globals/temporal-instant-round.test.ts (21 tests) 460ms
 ✓ packages/safe-js/src/interp/iterator-close.test.ts (25 tests) 481ms
 ✓ packages/safe-js/src/interp/methods/string-match-exec.test.ts (17 tests) 625ms
 ✓ packages/safe-js/src/interp/globals/error-prototype-lifetime.test.ts (13 tests) 598ms
 ✓ packages/safe-js/src/interp/globals/eval.test.ts (26 tests) 530ms
 ✓ packages/safe-js/src/interp/data-budget.test.ts (15 tests) 331ms
 ✓ packages/safe-js/src/interp/globals/array-static-proxy-results.test.ts (8 tests) 525ms
 ✓ packages/safe-js/src/interp/for-head-lexical-scope.test.ts (21 tests) 495ms
 ✓ packages/safe-js/src/interp/globals/promise-function-metadata.test.ts (14 tests) 472ms
 ✓ packages/safe-js/src/snapshot/mixed-realm-intrinsics.test.ts (5 tests) 546ms
 ✓ packages/safe-js/src/interp/proto-methods.test.ts (21 tests) 582ms
 ✓ packages/safe-js/src/interp/globals/date-structured-clone.test.ts (13 tests) 506ms
 ✓ packages/safe-js/src/parse/contextual-from.test.ts (45 tests) 730ms
 ✓ packages/safe-js/src/interp/globals/async-iterator-dispose.test.ts (10 tests) 444ms
 ✓ packages/safe-js/src/interp/date-properties.test.ts (33 tests) 555ms
 ✓ packages/safe-js/src/interp/regex/compile-policy.test.ts (36 tests) 640ms
 ✓ packages/safe-js/src/run.pending-proof-future-budget.test.ts (4 tests) 574ms
 ✓ packages/safe-js/src/interp/array-buffer-host-compatibility.test.ts (2 tests) 699ms
   ✓ supports fixed buffers without host methods "resize"  590ms
 ✓ packages/safe-js/src/interp/globals/temporal-plain-time-construction.test.ts (15 tests) 659ms
 ✓ packages/safe-js/src/interp/methods/array-copy-creation-realm.test.ts (4 tests) 440ms
 ✓ packages/safe-js/src/parse/contextual-from-validation.test.ts (59 tests) 568ms
 ✓ packages/safe-js/src/snapshot/symbol-accessor-replay.test.ts (5 tests) 489ms
 ✓ packages/safe-js/src/interp/globals/collection-subclass-prototypes.test.ts (12 tests) 544ms
 ✓ packages/safe-js/src/interp/globals/object-proto-accessor.test.ts (23 tests) 580ms
 ✓ packages/safe-js/src/interp/globals/iterator-sdk-lazy-proxy.test.ts (20 tests) 424ms
 ✓ packages/safe-js/src/snapshot/guest-heap-validation.test.ts (11 tests) 406ms
 ✓ packages/safe-js/src/snapshot/guest-generator-pattern-defaults.test.ts (18 tests) 412ms
 ✓ packages/safe-js/src/interp/float32-to-locale-string.test.ts (15 tests) 382ms
 ✓ packages/safe-js/src/snapshot/reference-error-delivery.test.ts (10 tests) 470ms
 ✓ packages/safe-js/src/interp/globals/async-disposable-stack.test.ts (11 tests) 378ms
 ✓ packages/safe-js/src/interp/interactions.test.ts (10 tests) 441ms
 ✓ packages/safe-js/src/external-checkpoint.test.ts (6 tests) 401ms
 ✓ packages/safe-js/src/interp/array-literal-prototype-lifetime.test.ts (10 tests) 273ms
 ✓ packages/safe-js/src/interp/globals/object-from-entries-iterables-validation.test.ts (24 tests) 504ms
 ✓ packages/safe-js/src/runner/run-harness.test.ts (31 tests) 746ms
 ✓ packages/safe-js/src/interp/globals/json-spacing.test.ts (24 tests) 645ms
 ✓ packages/safe-js/src/parse/literal-member-assignment-targets.test.ts (27 tests) 748ms
 ✓ packages/safe-js/src/modules/fs.test.ts (556 tests) 899ms
 ✓ packages/safe-js/src/interp/methods/regex-symbol-replace.test.ts (13 tests) 771ms
 ✓ packages/safe-js/src/interp/globals/temporal-instant-arithmetic.test.ts (21 tests) 870ms
 ✓ packages/safe-js/src/interp/globals/buffer-sdk-new-target.test.ts (24 tests) 806ms
 ✓ packages/safe-js/src/interp/guest-proxy-enumerable.test.ts (27 tests) 651ms
 ✓ packages/safe-js/src/interp/globals/map-upsert.test.ts (17 tests) 486ms
 ✓ packages/safe-js/src/interp/symbol-descriptors.test.ts (26 tests) 460ms
 ✓ packages/safe-js/src/interp/globals/temporal-duration-compare.test.ts (16 tests) 389ms
 ✓ packages/safe-js/src/interp/float32-to-reversed.test.ts (15 tests) 461ms
 ✓ packages/safe-js/src/snapshot/guest-generator-dump.test.ts (7 tests) 466ms
 ✓ packages/safe-js/src/interp/shared-host-order.test.ts (6 tests) 499ms
 ✓ packages/safe-js/src/interp/structured-clone-accessors.test.ts (17 tests) 445ms
 ✓ packages/safe-js/src/interp/globals/temporal-duration-locale.test.ts (13 tests) 490ms
 ✓ packages/safe-js/src/interp/regexp-properties.test.ts (17 tests) 485ms
 ✓ packages/safe-js/src/interp/globals/temporal-plain-date-time-with.test.ts (15 tests) 426ms
 ✓ packages/safe-js/src/interp/globals/promise-own-properties.test.ts (13 tests) 430ms
 ✓ packages/safe-js/src/interp/globals/temporal-plain-year-month-construction.test.ts (18 tests) 431ms
 ✓ packages/safe-js/src/interp/globals/array-constructor-realm.test.ts (12 tests) 380ms
 ✓ packages/safe-js/src/interp/shared-host-boundary.test.ts (24 tests) 421ms
 ✓ packages/safe-js/src/interp/globals/temporal-plain-month-day-construction.test.ts (16 tests) 415ms
 ✓ packages/safe-js/test/adversarial/snapshot-mutation.test.ts (1 test) 469ms
     ✓ rejects malformed mutations with typed errors and preserves valid roundtrips  468ms
 ✓ packages/safe-js/src/interp/methods/regex-metadata-order.test.ts (23 tests) 466ms
 ✓ packages/safe-js/src/interp/globals/eval-function-declarations.test.ts (20 tests) 391ms
 ✓ packages/safe-js/src/interp/globals/disposable-stack.test.ts (11 tests) 298ms
 ✓ packages/safe-js/src/interp/conformance.test.ts (72 tests) 442ms
 ✓ packages/safe-js/src/snapshot/eval-super-environment.test.ts (5 tests) 471ms
 ✓ packages/safe-js/src/interp/optional-chain-async.test.ts (16 tests) 401ms
 ✓ packages/safe-js/src/snapshot/restore.test.ts (82 tests) 440ms
     ✓ restores thousands of parent scopes without using the host call stack  346ms
 ✓ packages/safe-js/src/interp/globals/temporal-plain-date-with.test.ts (15 tests) 511ms
 ✓ packages/safe-js/test/integration/budgets.test.ts (12 tests) 529ms
 ✓ packages/safe-js/src/interp/globals/collections.test.ts (17 tests) 380ms
 ✓ packages/safe-js/src/snapshot/promise-callable-references.test.ts (6 tests) 402ms
 ✓ packages/safe-js/src/run.pending-imported-promise-nested-proof.test.ts (2 tests) 461ms
 ✓ packages/safe-js/src/snapshot/async-disposable-stack.test.ts (5 tests) 397ms
 ✓ packages/safe-js/src/interp/methods/regex-symbol-split.test.ts (19 tests) 449ms
 ✓ packages/safe-js/src/snapshot/guest-generator-assignments.test.ts (34 tests) 350ms
 ✓ packages/safe-js/src/interp/string-iterator-prototype.test.ts (20 tests) 498ms
 ✓ packages/safe-js/src/interp/globals/json-namespace.test.ts (10 tests) 576ms
 ✓ packages/safe-js/src/interp/global-object-lifetime.test.ts (7 tests) 543ms
 ✓ packages/safe-js/src/interp/globals/buffer-sdk-species-proxy.test.ts (18 tests) 571ms
 ✓ packages/safe-js/src/interp/globals/regex-like-construction.test.ts (18 tests) 620ms
 ✓ packages/safe-js/src/snapshot/eval-delete-bindings.test.ts (3 tests) 457ms
 ✓ packages/safe-js/src/interp/methods/regex-symbol-search.test.ts (17 tests) 560ms
 ✓ packages/safe-js/src/interp/globals/eval-for-switch-completion.test.ts (22 tests) 388ms
 ✓ packages/safe-js/src/interp/globals/date-static-function-properties.test.ts (14 tests) 496ms
 ✓ packages/safe-js/src/interp/globals/eval-function-execution.test.ts (24 tests) 497ms
 ✓ packages/safe-js/src/interp/globals/typed-array-sdk-result-prototype.test.ts (23 tests) 615ms
 ✓ packages/safe-js/src/interp/globals/promise-resolver-metadata.test.ts (8 tests) 682ms
 ✓ packages/safe-js/src/interp/globals/iterator-wrapper-result-realm.test.ts (5 tests) 438ms
 ✓ packages/safe-js/src/interp/promise-import-string-properties.test.ts (14 tests) 499ms
 ✓ packages/safe-js/src/host-callback-receiver.test.ts (16 tests) 541ms
 ✓ packages/safe-js/src/parse/contextual-shorthand.test.ts (6 tests) 473ms
 ✓ packages/safe-js/src/interp/globals/temporal-plain-date-time-from.test.ts (22 tests) 492ms
 ✓ packages/safe-js/src/parse/sloppy-let-statement-bodies.test.ts (20 tests) 557ms
 ✓ packages/safe-js/src/interp/globals/weak-constructor-prototype-descriptors.test.ts (5 tests) 698ms
 ✓ packages/safe-js/src/interp/promise-property-budgets.test.ts (8 tests) 537ms
 ✓ packages/safe-js/src/interp/globals/temporal-duration-with.test.ts (15 tests) 612ms
 ✓ packages/safe-js/src/interp/methods/regex-to-string.test.ts (19 tests) 647ms
 ✓ packages/safe-js/src/interp/globals/temporal-duration-arithmetic.test.ts (14 tests) 610ms
 ✓ packages/safe-js/src/interp/globals/regex-prototype.test.ts (22 tests) 719ms
 ✓ packages/safe-js/src/interp/globals/temporal-plain-time-arithmetic.test.ts (15 tests) 505ms
 ✓ packages/safe-js/src/interp/guest-proxy-array-species.test.ts (15 tests) 435ms
 ✓ packages/safe-js/src/interp/array-buffer-resizable.test.ts (12 tests) 506ms
 ✓ packages/safe-js/src/interp/guest-proxy-ownership.test.ts (21 tests) 474ms
 ✓ packages/safe-js/src/interp/match-all-iterator.test.ts (13 tests) 428ms
 ✓ packages/safe-js/src/interp/globals/temporal-zoned-date-time-with.test.ts (5 tests) 310ms
 ✓ packages/safe-js/src/parse/module-source-budget.test.ts (8 tests) 399ms
 ✓ packages/safe-js/src/interp/globals/temporal-instant-locale.test.ts (14 tests) 443ms
 ✓ packages/safe-js/src/snapshot/undefined-binding.test.ts (2 tests) 449ms
 ✓ packages/safe-js/src/interp/globals/promise-prototype-graph.test.ts (9 tests) 435ms
 ✓ packages/safe-js/src/interp/guest-iteration-builtins.test.ts (12 tests) 386ms
 ✓ packages/safe-js/src/interp/globals/temporal-plain-date-time-difference.test.ts (13 tests) 474ms
 ✓ packages/safe-js/src/snapshot/eval-class-arguments.test.ts (4 tests) 435ms
 ✓ packages/safe-js/src/snapshot/guest-generator-branches.test.ts (40 tests) 457ms
 ✓ packages/safe-js/src/interp/structured-clone-sdk-intl.test.ts (12 tests) 456ms
 ✓ packages/safe-js/src/interp/globals/temporal-zoned-date-time-conversion.test.ts (5 tests) 346ms
 ✓ packages/safe-js/src/interp/array-buffer-detached.test.ts (9 tests) 396ms
 ✓ packages/safe-js/src/run.promise-settlement-collections.test.ts (3 tests) 428ms
 ✓ packages/safe-js/src/interp/object-copy-enumerability.test.ts (20 tests) 497ms
 ✓ packages/safe-js/src/interp/globals/eval-iteration-completion.test.ts (20 tests) 460ms
 ✓ packages/safe-js/src/interp/methods/string-nullish-regexp-hooks.test.ts (14 tests) 446ms
 ✓ packages/safe-js/src/interp/retained-root-accounting.test.ts (11 tests) 448ms
 ✓ packages/safe-js/src/interp/globals/eval-foreign-realm.test.ts (5 tests) 426ms
 ✓ packages/safe-js/src/guest-references.test.ts (17 tests) 478ms
 ✓ packages/safe-js/src/interp/globals/temporal-plain-month-day-conversion.test.ts (11 tests) 371ms
 ✓ packages/safe-js/src/interp/destructuring-order.test.ts (11 tests) 311ms
 ✓ packages/safe-js/src/snapshot/pending-promise-species.test.ts (4 tests) 484ms
 ✓ packages/safe-js/src/interp/methods/regex-symbol-match.test.ts (15 tests) 412ms
 ✓ packages/safe-js/src/interp/globals/object-constructor-realm.test.ts (10 tests) 499ms
 ✓ packages/safe-js/src/interp/globals/temporal-zoned-date-time-construction.test.ts (11 tests) 511ms
 ✓ packages/safe-js/src/interp/uint8array-persistence.test.ts (6 tests) 457ms
 ✓ packages/safe-js/src/run.array-own-metadata.test.ts (12 tests) 381ms
 ✓ packages/safe-js/src/metadata-validation.test.ts (14 tests) 484ms
 ✓ packages/safe-js/src/interp/structured-clone-intl.test.ts (17 tests) 429ms
 ✓ packages/safe-js/src/proxy-host-callback.test.ts (13 tests) 435ms
 ✓ packages/safe-js/src/interp/globals/temporal-offset-validation.test.ts (12 tests) 368ms
 ✓ packages/safe-js/src/interp/globals/temporal-time-zone-string.test.ts (17 tests) 355ms
 ✓ packages/safe-js/src/interp/template-identity.test.ts (13 tests) 403ms
 ✓ packages/safe-js/src/interp/globals/temporal-plain-date-time-arithmetic.test.ts (12 tests) 435ms
 ✓ packages/safe-js/src/modules/fs.host-module.test.ts (9 tests) 378ms
 ✓ packages/safe-js/src/interp/globals/typed-array-sdk-from-proxy.test.ts (12 tests) 259ms
 ✓ packages/safe-js/src/interp/globals/object-from-entries-iterables.test.ts (26 tests) 370ms
 ✓ packages/safe-js/src/interp/globals/object-assign-exotic-targets.test.ts (16 tests) 365ms
 ✓ packages/safe-js/src/snapshot/temporal-instant-replay.test.ts (26 tests) 260ms
 ✓ packages/safe-js/src/interp/globals/regex-as-prototype.test.ts (7 tests) 327ms
 ✓ packages/safe-js/src/run.promise-property-key-budgets.test.ts (14 tests) 360ms
 ✓ packages/safe-js/src/interp/class-default-names.test.ts (16 tests) 318ms
 ✓ packages/safe-js/src/run.call-order.test.ts (15 tests) 391ms
 ✓ packages/safe-js/src/interp/methods/string-search-exec.test.ts (14 tests) 420ms
 ✓ packages/safe-js/test/final-async-proof-disposition.test.ts (2 tests) 362ms
 ✓ packages/safe-js/src/parse/contextual-of.test.ts (23 tests) 467ms
 ✓ packages/safe-js/src/interp/globals/weak-prototype-realms.test.ts (4 tests) 378ms
 ✓ packages/safe-js/src/snapshot/duplicate-block-functions.test.ts (3 tests) 321ms
 ✓ packages/safe-js/src/interp/globals/temporal-duration-construction.test.ts (12 tests) 267ms
 ✓ packages/safe-js/src/interp/globals/temporal-plain-year-month-arithmetic.test.ts (12 tests) 311ms
 ✓ packages/safe-js/src/interp/guest-proxy-for-in.test.ts (19 tests) 404ms
 ✓ packages/safe-js/src/interp/globals/temporal-plain-time-json.test.ts (8 tests) 433ms
 ✓ packages/safe-js/src/interp/methods/string.match-no-match.test.ts (22 tests) 594ms
 ✓ packages/safe-js/src/interp/globals/eval-parameter-environment.test.ts (16 tests) 475ms
 ✓ packages/safe-js/src/interp/guest-proxy-set.test.ts (20 tests) 578ms
 ✓ packages/safe-js/src/interp/globals/temporal-plain-date-construction.test.ts (7 tests) 523ms
 ✓ packages/safe-js/src/interp/globals/date-temporal-instant.test.ts (10 tests) 500ms
 ✓ packages/safe-js/src/interp/methods/string-is-well-formed.independent.test.ts (13 tests) 581ms
 ✓ packages/safe-js/src/interp/globals/json-date-hook-removal.test.ts (8 tests) 660ms
 ✓ packages/safe-js/src/interp/methods/string-match-flags.test.ts (15 tests) 545ms
 ✓ packages/safe-js/src/interp/guest-proxy-inherited-tag.test.ts (16 tests) 551ms
 ✓ packages/safe-js/src/interp/globals/global-bindings.test.ts (13 tests) 306ms
 ✓ packages/safe-js/src/interp/globals/array-from-proxy-order.test.ts (12 tests) 370ms
 ✓ packages/safe-js/src/interp/globals/suppressed-error.test.ts (13 tests) 541ms
 ✓ packages/safe-js/src/interp/globals/string-raw-direct.test.ts (25 tests) 422ms
 ✓ packages/safe-js/src/interp/array-buffer.test.ts (10 tests) 446ms
 ✓ packages/safe-js/src/interp/globals/disposal-symbols.test.ts (7 tests) 349ms
 ✓ packages/safe-js/src/snapshot/promise-aggregate-callbacks.test.ts (2 tests) 375ms
 ✓ packages/safe-js/src/interp/globals/string-trim-aliases.test.ts (9 tests) 340ms
 ✓ packages/safe-js/src/run.replay-input-allocation-budgets.test.ts (4 tests) 391ms
 ✓ packages/safe-js/src/interp/globals/promise-proxy.test.ts (14 tests) 348ms
 ✓ packages/safe-js/src/snapshot/regex-cursor-data.test.ts (53 tests) 494ms
 ✓ packages/safe-js/src/interp/has-instance.test.ts (14 tests) 473ms
 ✓ packages/safe-js/src/interp/globals/descriptor-creation-realm.test.ts (7 tests) 616ms
 ✓ packages/safe-js/src/host-result-prototype-replay.test.ts (2 tests) 379ms
 ✓ packages/safe-js/src/interp/globals/atomics-wait-async.test.ts (5 tests) 535ms
 ✓ packages/safe-js/src/interp/globals/temporal-plain-date-time-calendar.test.ts (15 tests) 310ms
 ✓ packages/safe-js/src/interp/globals/eval-loop-completion.test.ts (18 tests) 318ms
 ✓ packages/safe-js/src/interp/guest-proxy-integrity.test.ts (12 tests) 303ms
 ✓ packages/safe-js/src/interp/globals/intl-datetimeformat-temporal.test.ts (9 tests) 306ms
 ✓ packages/safe-js/src/interp/globals/json-array-replacer.test.ts (19 tests) 321ms
 ✓ packages/safe-js/src/interp/globals/temporal-plain-date-time-construction.test.ts (6 tests) 308ms
 ✓ packages/safe-js/src/interp/methods/string-match-all-flags.test.ts (11 tests) 284ms
 ✓ packages/safe-js/src/interp/globals/aggregate-error-array-realm.test.ts (6 tests) 280ms
 ✓ packages/safe-js/src/interp/array-prototype-links.test.ts (19 tests) 340ms
 ✓ packages/safe-js/src/parse/contextual-arrow-parameters.test.ts (17 tests) 305ms
 ✓ packages/safe-js/src/interp/globals/intl-datetimeformat-plain-month-day.test.ts (5 tests) 369ms
 ✓ packages/safe-js/src/interp/entry-pair-creation-realm.test.ts (6 tests) 488ms
 ✓ packages/safe-js/src/interp/guest-proxy-construct.test.ts (19 tests) 494ms
 ✓ packages/safe-js/src/interp/globals/temporal-plain-date-from.test.ts (7 tests) 500ms
 ✓ packages/safe-js/src/run.pending-imported-promise-checkpoints.test.ts (2 tests) 473ms
   ✓ preserves two distinct pending nodes and aliases across input outcomes  323ms
 ✓ packages/safe-js/src/interp/delete-value.test.ts (16 tests) 353ms
 ✓ packages/safe-js/src/interp/destructuring-primitives.test.ts (13 tests) 345ms
 ✓ packages/safe-js/src/interp/guest-proxy-own-keys.test.ts (20 tests) 445ms
 ✓ packages/safe-js/src/interp/guest-proxy-integrity-query.test.ts (16 tests) 472ms
 ✓ packages/safe-js/src/interp/resource-declarations.test.ts (12 tests) 397ms
 ✓ packages/safe-js/src/interp/globals/eval-delete-bindings.test.ts (16 tests) 482ms
 ✓ packages/safe-js/src/interp/globals/temporal-plain-date-arithmetic.test.ts (7 tests) 422ms
 ✓ packages/safe-js/src/interp/regex/compile-ownership.test.ts (11 tests) 397ms
 ✓ packages/safe-js/src/interp/string-symbol-protocols.test.ts (13 tests) 334ms
 ✓ packages/safe-js/src/interp/globals/bigint-json.test.ts (10 tests) 427ms
 ✓ packages/safe-js/src/interp/globals/temporal-plain-date-with-calendar.test.ts (5 tests) 348ms
 ✓ packages/safe-js/src/interp/globals/temporal-plain-date-to-zoned.test.ts (4 tests) 317ms
 ✓ packages/safe-js/src/snapshot/async-function-to-string-tag.test.ts (3 tests) 463ms
 ✓ packages/safe-js/src/snapshot/deleted-to-string-tag.test.ts (3 tests) 418ms
 ✓ packages/safe-js/src/interp/globals/temporal-plain-date-time-conversion.test.ts (8 tests) 437ms
 ✓ packages/safe-js/src/interp/arguments.test.ts (14 tests) 402ms
 ✓ packages/safe-js/src/interp/guest-proxy-flatten.test.ts (16 tests) 409ms
 ✓ packages/safe-js/src/snapshot/iterator-zip.test.ts (9 tests) 453ms
 ✓ packages/safe-js/src/interp/object-extensibility.test.ts (14 tests) 381ms
 ✓ packages/safe-js/src/interp/float32-resize-methods.test.ts (6 tests) 226ms
 ✓ packages/safe-js/src/interp/globals/intl-datetimeformat-plain-date.test.ts (5 tests) 431ms
 ✓ packages/safe-js/src/snapshot/iterator-concat.test.ts (7 tests) 340ms
 ✓ packages/safe-js/src/interp/shared-scope-accounting.test.ts (12 tests) 298ms
 ✓ packages/safe-js/src/interp/methods/string-search-frozen.test.ts (13 tests) 355ms
 ✓ packages/safe-js/src/snapshot/labeled-functions.test.ts (2 tests) 254ms
 ✓ packages/safe-js/src/interp/globals/iterator-dispose.test.ts (8 tests) 328ms
 ✓ packages/safe-js/src/interp/globals/eval-completion.test.ts (17 tests) 328ms
 ✓ packages/safe-js/src/snapshot/array-unscopables-descriptors.test.ts (3 tests) 318ms
 ✓ packages/safe-js/src/interp/foreign-aggregate-error.test.ts (8 tests) 347ms
 ✓ packages/safe-js/src/snapshot/array-unscopables.test.ts (3 tests) 343ms
 ✓ packages/safe-js/src/interp/globals/temporal-zoned-date-time-difference.test.ts (5 tests) 294ms
 ✓ packages/safe-js/src/interp/labeled-block.test.ts (28 tests) 294ms
 ✓ packages/safe-js/src/interp/globals/temporal-instant-conversion.test.ts (14 tests) 300ms
 ✓ packages/safe-js/src/interp/globals/temporal-zoned-date-time-with-calendar.test.ts (6 tests) 354ms
 ✓ packages/safe-js/src/interp/methods/string-replacement-validation.test.ts (63 tests) 262ms
 ✓ packages/safe-js/src/interp/globals/temporal-zoned-date-time-format.test.ts (5 tests) 292ms
 ✓ packages/safe-js/src/interp/destructuring-iterator.test.ts (12 tests) 354ms
 ✓ packages/safe-js/src/interp/structured-clone-sdk-iterators.test.ts (6 tests) 238ms
 ✓ packages/safe-js/src/interp/globals/temporal-plain-year-month-locale.test.ts (6 tests) 274ms
 ✓ packages/safe-js/src/interp/globals/temporal-plain-year-month-calendar.test.ts (9 tests) 263ms
 ✓ packages/safe-js/src/interp/globals/temporal-plain-date-locale.test.ts (7 tests) 285ms
 ✓ packages/safe-js/src/interp/globals/promise-proxy-thenable.test.ts (13 tests) 300ms
 ✓ packages/safe-js/src/snapshot/guest-generator-members.test.ts (22 tests) 225ms
 ✓ packages/safe-js/src/interp/globals/temporal-plain-month-day-format.test.ts (11 tests) 243ms
 ✓ packages/safe-js/src/interp/globals/eval-global-declarations.test.ts (14 tests) 310ms
 ✓ packages/safe-js/src/interp/function-rest-realm.test.ts (7 tests) 295ms
 ✓ packages/safe-js/src/interp/guest-proxy-set-expression.test.ts (13 tests) 276ms
 ✓ packages/safe-js/src/snapshot/promise-to-string-tag.test.ts (3 tests) 357ms
 ✓ packages/safe-js/test/final-async-proof-representation.test.ts (3 tests) 276ms
 ✓ packages/safe-js/src/interp/globals/temporal-plain-date-time-format.test.ts (10 tests) 406ms
 ✓ packages/safe-js/src/interp/globals/temporal-plain-year-month-format.test.ts (11 tests) 319ms
 ✓ packages/safe-js/src/interp/guest-proxy-descriptor-input.test.ts (10 tests) 298ms
 ✓ packages/safe-js/src/interp/globals/promise-proxy-property-read.test.ts (10 tests) 338ms
 ✓ packages/safe-js/src/interp/methods/string-deleted-hooks.test.ts (11 tests) 370ms
 ✓ packages/safe-js/src/interp/globals/temporal-plain-date-difference.test.ts (6 tests) 311ms
 ✓ packages/safe-js/src/interp/guest-iteration.test.ts (8 tests) 391ms
 ✓ packages/safe-js/src/interp/globals/temporal-plain-year-month-compare.test.ts (6 tests) 438ms
 ✓ packages/safe-js/src/interp/guest-proxy-bind.test.ts (10 tests) 309ms
 ✓ packages/safe-js/src/interp/globals/temporal-plain-month-day-with.test.ts (7 tests) 392ms
 ✓ packages/safe-js/src/interp/temporal-plain-year-month-host.test.ts (6 tests) 382ms
 ✓ packages/safe-js/src/interp/globals/intl-datetimeformat-plain-date-time.test.ts (4 tests) 380ms
 ✓ packages/safe-js/src/interp/globals/eval-declaration-conflicts.test.ts (11 tests) 338ms
 ✓ packages/safe-js/src/interp/globals/temporal-zoned-date-time-locale.test.ts (4 tests) 333ms
 ✓ packages/safe-js/src/interp/concat-spreadable.test.ts (13 tests) 392ms
 ✓ packages/safe-js/src/interp/globals/temporal-relative-to-zoned-date-time.test.ts (5 tests) 424ms
 ✓ packages/safe-js/src/interp/function-bind-prototype-order.test.ts (11 tests) 476ms
 ✓ packages/safe-js/src/interp/globals/iterator-zip-sdk.test.ts (6 tests) 335ms
 ✓ packages/safe-js/src/interp/globals/iterator-sdk-builtin-input.test.ts (11 tests) 408ms
 ✓ packages/safe-js/src/snapshot/for-in-sequence.test.ts (2 tests) 404ms
 ✓ packages/safe-js/src/interp/tagged-template-freeze.test.ts (9 tests) 479ms
 ✓ packages/safe-js/src/interp/typed-array-clone-bounds.test.ts (14 tests) 562ms
 ✓ packages/safe-js/src/interp/to-string-tag.test.ts (13 tests) 449ms
 ✓ packages/safe-js/src/interp/globals/temporal-plain-month-day-locale.test.ts (6 tests) 405ms
 ✓ packages/safe-js/src/interp/globals/temporal-plain-date-comparison.test.ts (5 tests) 473ms
 ✓ packages/safe-js/src/interp/globals/proxy-instanceof.test.ts (14 tests) 501ms
 ✓ packages/safe-js/src/interp/delete-primitive.test.ts (14 tests) 435ms
 ✓ packages/safe-js/src/interp/globals/intl-datetimeformat-plain-year-month.test.ts (5 tests) 449ms
 ✓ packages/safe-js/src/interp/globals/date-constructor-realm.test.ts (7 tests) 423ms
 ✓ packages/safe-js/src/snapshot/eval-delete-block-function.test.ts (2 tests) 392ms
 ✓ packages/safe-js/src/interp/function-default-exports.test.ts (40 tests) 506ms
 ✓ packages/safe-js/src/interp/globals/object-enumerability-mutation.test.ts (10 tests) 380ms
 ✓ packages/safe-js/src/interp/globals/temporal-zoned-date-time-round.test.ts (5 tests) 390ms
 ✓ packages/safe-js/src/interp/globals/eval-with-completion.test.ts (12 tests) 471ms
 ✓ packages/safe-js/src/run.pending-imported-promise-cancellation.test.ts (2 tests) 414ms
 ✓ packages/safe-js/src/interp/guest-proxy-define-properties.test.ts (10 tests) 433ms
 ✓ packages/safe-js/src/snapshot/async-function-validation.test.ts (5 tests) 461ms
 ✓ packages/safe-js/src/interp/globals/dynamic-function-self-binding.test.ts (12 tests) 637ms
 ✓ packages/safe-js/src/interp/numberformat-bundle-initialization.test.ts (1 test) 510ms
   ✓ emits valid JavaScript when the runtime is bundled behind a dynamic import  508ms
 ✓ packages/safe-js/src/snapshot/legacy-for-in-initializers.test.ts (2 tests) 426ms
 ✓ packages/safe-js/src/interp/globals/temporal-plain-date-time-to-zoned.test.ts (3 tests) 465ms
 ✓ packages/safe-js/src/lint/known-globals-mc-001-validation.test.ts (22 tests) 464ms
 ✓ packages/safe-js/src/interp/globals/proxy-callable-tag.test.ts (10 tests) 401ms
 ✓ packages/safe-js/src/parse/template-regex-boundaries.test.ts (13 tests) 460ms
 ✓ packages/safe-js/src/snapshot/eval-parameter-environment.test.ts (2 tests) 398ms
 ✓ packages/safe-js/src/interp/for-of-array-protocol.test.ts (9 tests) 726ms
 ✓ packages/safe-js/src/interp/globals/object-reflection-primitives.test.ts (15 tests) 538ms
 ✓ packages/safe-js/src/interp/globals/temporal-string-options-order.test.ts (9 tests) 420ms
 ✓ packages/safe-js/src/interp/globals/dynamic-sloppy-grammar.test.ts (14 tests) 507ms
 ✓ packages/safe-js/src/interp/globals/object-set-prototype-primitives.test.ts (11 tests) 499ms
 ✓ packages/safe-js/src/interp/globals/temporal-zoned-date-time-arithmetic.test.ts (5 tests) 523ms
 ✓ packages/safe-js/src/interp/guest-proxy-get-expression.test.ts (13 tests) 370ms
 ✓ packages/safe-js/src/interp/globals/temporal-plain-date-to-date-time.test.ts (5 tests) 397ms
 ✓ packages/safe-js/src/interp/globals/typed-array-sdk-input-proxy.test.ts (10 tests) 410ms
 ✓ packages/safe-js/src/interp/globals/temporal-plain-date-time-locale.test.ts (6 tests) 394ms
 ✓ packages/safe-js/src/interp/globals/temporal-plain-year-month-with.test.ts (7 tests) 409ms
 ✓ packages/safe-js/src/interp/globals/temporal-instant-zoned.test.ts (4 tests) 335ms
 ✓ packages/safe-js/src/interp/globals/temporal-zoned-date-time-with-time-zone.test.ts (4 tests) 354ms
 ✓ packages/safe-js/src/interp/globals/finalization-registry.test.ts (6 tests) 323ms
 ✓ packages/safe-js/src/run.pending-promise-properties.test.ts (1 test) 340ms
   ✓ retains original properties across pending proof replacement and completed replay  339ms
 ✓ packages/safe-js/src/interp/guest-proxy-concat.test.ts (12 tests) 395ms
 ✓ packages/safe-js/src/interp/globals/temporal-zoned-date-time-start-of-day.test.ts (4 tests) 335ms
 ✓ packages/safe-js/src/interp/globals/temporal-private-calendar-input.test.ts (9 tests) 356ms
 ✓ packages/safe-js/src/interp/globals/eval-parameter-function-kinds.test.ts (9 tests) 356ms
 ✓ packages/safe-js/src/run.reconciliation-cancellation.test.ts (2 tests) 351ms
 ✓ packages/safe-js/src/interp/globals/temporal-plain-date-time-compare.test.ts (8 tests) 392ms
 ✓ packages/safe-js/src/interp/globals/iterator-to-array-realm.test.ts (5 tests) 407ms
 ✓ packages/safe-js/src/snapshot/array-buffer.test.ts (22 tests) 322ms
 ✓ packages/safe-js/src/interp/globals/temporal-relative-to-plain-date-time.test.ts (5 tests) 476ms
 ✓ packages/safe-js/src/interp/catch-reference-errors.test.ts (9 tests) 300ms
 ✓ packages/safe-js/src/interp/globals/temporal-plain-year-month-difference.test.ts (9 tests) 448ms
 ✓ packages/safe-js/src/interp/globals/dynamic-duplicate-block-functions.test.ts (16 tests) 359ms
 ✓ packages/safe-js/src/interp/string-coercion-retention.test.ts (7 tests) 433ms
 ✓ packages/safe-js/src/error/shape-audit.test.ts (12 tests) 330ms
 ✓ packages/safe-js/src/interp/globals/temporal-zoned-date-time-with-plain-time.test.ts (6 tests) 460ms
 ✓ packages/safe-js/src/interp/globals/async-function-to-string-tag.test.ts (9 tests) 361ms
 ✓ packages/safe-js/src/snapshot/function-restricted-accessors.test.ts (2 tests) 338ms
 ✓ packages/safe-js/src/snapshot/bigint.test.ts (21 tests) 425ms
 ✓ packages/safe-js/src/interp/globals/promise-inherited-proxy.test.ts (9 tests) 397ms
 ✓ packages/safe-js/src/interp/array-buffer-host.test.ts (9 tests) 300ms
 ✓ packages/safe-js/src/interp/guest-proxy-accessor-lookup.test.ts (11 tests) 300ms
 ✓ packages/safe-js/src/snapshot/catch-reference-errors.test.ts (2 tests) 390ms
 ✓ packages/safe-js/src/interp/proxy-primitive-conversion.test.ts (9 tests) 378ms
 ✓ packages/safe-js/src/modules/import-attribute-reflection.test.ts (8 tests) 395ms
 ✓ packages/safe-js/src/snapshot/array-shape.test.ts (19 tests) 568ms
     ✓ serializes sparse automatic checkpoints and resumes with preserved shape  301ms
 ✓ packages/safe-js/src/parse/dynamic-html-comments.test.ts (10 tests) 376ms
 ✓ packages/safe-js/src/interp/globals/date-json-primitive-boxing.test.ts (8 tests) 418ms
 ✓ packages/safe-js/src/interp/globals/bigint-coercion.test.ts (13 tests) 499ms
 ✓ packages/safe-js/src/interp/foreign-host-error.test.ts (11 tests) 485ms
 ✓ packages/safe-js/src/interp/object-literal-realm.test.ts (6 tests) 316ms
 ✓ packages/safe-js/src/interp/globals/typed-array-constructor-prototype-lifetime.test.ts (12 tests) 425ms
 ✓ packages/safe-js/src/interp/globals/eval-class-arguments.test.ts (9 tests) 370ms
 ✓ packages/safe-js/src/interp/globals/temporal-plain-date-time-with-calendar.test.ts (5 tests) 410ms
 ✓ packages/safe-js/src/interp/undefined-binding.test.ts (16 tests) 523ms
 ✓ packages/safe-js/test/conformance/result.test.ts (14 tests) 565ms
 ✓ packages/safe-js/src/interp/globals/promise-finally-foreign-species.test.ts (5 tests) 422ms
 ✓ packages/safe-js/src/interp/globals/function-restricted-accessors.test.ts (10 tests) 402ms
 ✓ packages/safe-js/src/interp/globals/array-unscopables-descriptors.test.ts (7 tests) 333ms
 ✓ packages/safe-js/src/interp/globals/iterator-sdk-dispose.test.ts (11 tests) 547ms
 ✓ packages/safe-js/src/interp/intrinsics.test.ts (15 tests) 496ms
 ✓ packages/safe-js/src/snapshot/weak-collection-key-kinds.test.ts (2 tests) 491ms
   ✓ rejects internal aggregate records as map keys during node validation  322ms
 ✓ packages/safe-js/src/snapshot/eval-delete-update.test.ts (2 tests) 418ms
 ✓ packages/safe-js/src/interp/globals/math-f16round.independent.test.ts (9 tests | 1 skipped) 442ms
     ✓ replays untouched EA checkpoints with explicitly enumerated intrinsic additions  384ms
 ✓ packages/safe-js/src/interp/guest-proxy-call.test.ts (17 tests) 723ms
 ✓ packages/safe-js/src/interp/globals/eval-delete-update.test.ts (9 tests) 399ms
 ✓ packages/safe-js/src/interp/globals/temporal-plain-year-month-conversion.test.ts (11 tests) 448ms
 ✓ packages/safe-js/src/interp/symbol-boxing.test.ts (11 tests) 359ms
 ✓ packages/safe-js/src/interp/globals/temporal-relative-to-calendar.test.ts (8 tests) 359ms
 ✓ packages/safe-js/src/interp/structured-clone-symbol.test.ts (7 tests) 279ms
 ✓ packages/safe-js/src/interp/rest-property-reads.test.ts (11 tests) 325ms
 ✓ packages/safe-js/src/interp/globals/typed-array-sdk-of-proxy.test.ts (8 tests) 322ms
 ✓ packages/safe-js/src/interp/globals/iterator-sdk-from-proxy.test.ts (7 tests) 283ms
 ✓ packages/safe-js/src/interp/globals/temporal-plain-year-month-from.test.ts (7 tests) 347ms
 ✓ packages/safe-js/test/conformance/corpus.test.ts (10 tests) 370ms
 ✓ packages/safe-js/test/adversarial/test262-semantics.test.ts (9 tests) 396ms
 ✓ packages/safe-js/src/interp/globals/promise-finally-own-then.test.ts (8 tests) 373ms
 ✓ packages/safe-js/src/parse/yield-conditional-operand.test.ts (7 tests) 390ms
 ✓ packages/safe-js/src/interp/globals/object-from-entries-realm.test.ts (5 tests) 398ms
 ✓ packages/safe-js/src/interp/globals/eval-super-environment.test.ts (10 tests) 404ms
 ✓ packages/safe-js/src/interp/globals/temporal-zoned-date-input.test.ts (6 tests) 369ms
 ✓ packages/safe-js/src/snapshot/weak-reference.test.ts (20 tests) 296ms
 ✓ packages/safe-js/src/interp/function-source-semantics.test.ts (5 tests) 323ms
 ✓ packages/safe-js/src/parse/conditional-decimal.independent.test.ts (36 tests) 341ms
 ✓ packages/safe-js/src/interp/globals/promise-own-then-resolution.test.ts (8 tests) 347ms
 ✓ packages/safe-js/src/interp/temporal-duration-copy.test.ts (10 tests) 331ms
 ✓ packages/safe-js/src/interp/globals/atomics-pause.test.ts (4 tests) 325ms
 ✓ packages/safe-js/src/interp/globals/intl-datetimeformat-zoned-rejection.test.ts (6 tests) 315ms
 ✓ packages/safe-js/test/adversarial/corpus.test.ts (1 test) 410ms
     ✓ handles transferable parser, runtime, lifecycle, and resource failures  409ms
 ✓ packages/safe-js/src/snapshot/guest-generator-tagged-templates.test.ts (16 tests) 344ms
 ✓ packages/safe-js/src/example-runner.test.ts (6 tests) 314ms
 ✓ packages/safe-js/src/interp/globals/object-assign-symbol-keys.test.ts (9 tests) 329ms
 ✓ packages/safe-js/src/snapshot/guest-generator-logical-references.test.ts (18 tests) 295ms
 ✓ packages/safe-js/src/interp/array-buffer-capacity-budget.test.ts (10 tests) 327ms
 ✓ packages/safe-js/src/interp/structured-clone-proxy.test.ts (12 tests) 361ms
 ✓ packages/safe-js/src/interp/array-buffer-options.test.ts (7 tests) 300ms
 ✓ packages/safe-js/src/interp/globals/temporal-plain-time-coercion.test.ts (3 tests) 326ms
 ✓ packages/safe-js/src/interp/thenable-state.test.ts (8 tests) 325ms
 ✓ packages/safe-js/src/interp/globals/temporal-zoned-date-time-transition.test.ts (4 tests) 373ms
 ✓ packages/safe-js/src/interp/globals/json-symbol-replacer.test.ts (9 tests) 360ms
 ✓ packages/safe-js/src/interp/globals/promise-method-constructor.test.ts (8 tests) 347ms
 ✓ packages/safe-js/src/interp/globals/temporal-plain-month-day-from.test.ts (7 tests) 387ms
 ✓ packages/safe-js/src/interp/structured-clone-sdk-runtime-records.test.ts (5 tests) 373ms
 ✓ packages/safe-js/src/interp/reference-error-delivery.test.ts (8 tests) 411ms
 ✓ packages/safe-js/src/interp/guest-proxy-legacy-proto.test.ts (10 tests) 345ms
 ✓ packages/safe-js/src/interp/globals/temporal-plain-date-time-owned-input.test.ts (4 tests) 332ms
 ✓ packages/safe-js/src/interp/methods/string-split-lazy.test.ts (11 tests) 458ms
 ✓ packages/safe-js/src/interp/globals/arguments-restricted-descriptor.test.ts (6 tests) 321ms
 ✓ packages/safe-js/src/interp/guest-proxy-assign.test.ts (9 tests) 570ms
 ✓ packages/safe-js/src/snapshot/guest-lowlevel.test.ts (7 tests) 810ms
 ✓ packages/safe-js/src/interp/globals/atomics-wait-disposal.test.ts (5 tests) 701ms
 ✓ packages/safe-js/src/interp/methods/array-sort-validation-order.test.ts (4 tests) 328ms
 ✓ packages/safe-js/src/modules/env.test.ts (37 tests) 250ms
 ✓ packages/safe-js/src/snapshot/global-bindings.test.ts (1 test) 360ms
   ✓ preserves writable globals captured by a closure across repeated JSON round trips  359ms
 ✓ packages/safe-js/src/interp/globals/promise-any-descriptors.test.ts (4 tests) 463ms
 ✓ packages/safe-js/src/lint/mutable-closures.test.ts (6 tests) 278ms
 ✓ packages/safe-js/src/interp/numberformat-subsecond-units.test.ts (82 tests) 272ms
 ✓ packages/safe-js/src/interp/regex/compile-helper-ownership.test.ts (10 tests) 317ms
 ✓ packages/safe-js/src/interp/globals/temporal-plain-date-time-to-date.test.ts (3 tests) 321ms
 ✓ packages/safe-js/src/interp/globals/temporal-plain-date-owned-conversion.test.ts (5 tests) 301ms
 ✓ packages/safe-js/src/snapshot/guest-generator-objects.test.ts (16 tests) 289ms
 ✓ packages/safe-js/src/interp/guest-proxy-object-keys.test.ts (6 tests) 240ms
 ✓ packages/safe-js/src/interp/globals/eval-global-block-functions.test.ts (6 tests) 277ms
 ✓ packages/safe-js/src/interp/intrinsic-object-capture.test.ts (6 tests) 285ms
 ✓ packages/safe-js/src/interp/atomic-wait.test.ts (9 tests) 267ms
 ✓ packages/safe-js/src/interp/temporal-zoned-date-time-host.test.ts (4 tests) 228ms
 ✓ packages/safe-js/src/interp/globals/promise-to-string-tag.test.ts (7 tests) 257ms
 ✓ packages/safe-js/src/interp/globals/intl-bound-proxy-coercion.test.ts (4 tests) 343ms
 ✓ packages/safe-js/src/interp/globals/array-unscopables.test.ts (6 tests) 255ms
 ✓ packages/safe-js/src/interp/disposable-stack-state.test.ts (4 tests) 258ms
 ✓ packages/safe-js/src/parse/legacy-for-in-initializers.test.ts (14 tests) 287ms
 ✓ packages/safe-js/src/interp/globals/temporal-zoned-date-time-from.test.ts (5 tests) 324ms
 ✓ packages/safe-js/src/interp/globals/temporal-namespace-wiring.test.ts (2 tests) 270ms
 ✓ packages/safe-js/src/interp/exception-function-hoisting.test.ts (7 tests) 249ms
 ✓ packages/safe-js/src/interp/host-imported-promise-validation.test.ts (5 tests) 286ms
 ✓ packages/safe-js/src/interp/globals/proxy-global.test.ts (9 tests) 334ms
 ✓ packages/safe-js/src/parse/await-exponentiation.test.ts (13 tests) 331ms
 ✓ packages/safe-js/src/interp/methods/regex-final-qualifications.test.ts (7 tests) 241ms
 ✓ packages/safe-js/src/interp/guest-proxy-object-tag.test.ts (7 tests) 230ms
 ✓ packages/safe-js/src/interp/globals/temporal-relative-to-zone-bag.test.ts (4 tests) 239ms
 ✓ packages/safe-js/src/proxy-data-copy.test.ts (8 tests) 281ms
 ✓ packages/safe-js/src/parse/bindings.test.ts (20 tests) 270ms
 ✓ packages/safe-js/src/snapshot/arguments-restricted-descriptor.test.ts (1 test) 249ms
 ✓ packages/safe-js/src/interp/globals/temporal-zoned-date-time-comparison.test.ts (4 tests) 223ms
 ✓ packages/safe-js/src/interp/globals/string-concat-symbol.test.ts (8 tests) 319ms
 ✓ packages/safe-js/src/parse/assign-ids.test.ts (13 tests) 254ms
 ✓ packages/safe-js/src/parse/for-of-let-lookahead.test.ts (9 tests) 283ms
 ✓ packages/safe-js/src/interp/regexp-presence.test.ts (7 tests) 250ms
 ✓ packages/safe-js/src/interp/float32-join-resize.test.ts (5 tests) 231ms
 ✓ packages/safe-js/src/interp/structured-clone-weak-state.test.ts (4 tests) 251ms
 ✓ packages/safe-js/src/interp/methods/string-to-well-formed.independent.test.ts (9 tests) 244ms
 ✓ packages/safe-js/src/interp/strict-destructuring-bindings.test.ts (6 tests) 240ms
 ✓ packages/safe-js/src/interp/globals/group-by-creation-realm.test.ts (3 tests) 288ms
 ✓ packages/safe-js/src/interp/globals/promise-catch-own-then.test.ts (6 tests) 244ms
 ✓ packages/safe-js/src/interp/guest-proxy-with.test.ts (7 tests) 267ms
 ✓ packages/safe-js/src/interp/globals/weak-ref.test.ts (6 tests) 242ms
 ✓ packages/safe-js/src/interp/globals/temporal-plain-year-month-partial.test.ts (5 tests) 228ms
 ✓ packages/safe-js/src/interp/globals/deleted-to-string-tag.test.ts (8 tests) 253ms
 ✓ packages/safe-js/src/interp/guest-proxy-object-descriptors.test.ts (8 tests) 263ms
 ✓ packages/safe-js/src/interp/globals/iterator-sdk-construction.test.ts (8 tests) 285ms
 ✓ packages/safe-js/src/interp/methods/string-replacement.test.ts (98 tests) 229ms
 ✓ packages/safe-js/src/snapshot/guest-ast-validation.test.ts (8 tests) 202ms
 ✓ packages/safe-js/src/interp/globals/promise-prototype-proxy-adoption.test.ts (4 tests) 235ms
 ✓ packages/safe-js/src/interp/guest-proxy-is-prototype.test.ts (9 tests) 229ms
 ✓ packages/safe-js/src/interp/iteration-proxy-acquire.test.ts (5 tests) 231ms
 ✓ packages/safe-js/test/integration/snapshot-roundtrip.test.ts (2 tests) 235ms
 ✓ packages/safe-js/src/interp/for-in-array-properties.test.ts (6 tests) 242ms
 ✓ packages/safe-js/src/interp/structured-clone-sdk-executable.test.ts (6 tests) 207ms
 ✓ packages/safe-js/src/interp/structured-clone-boxed-symbol.test.ts (8 tests) 273ms
 ✓ packages/safe-js/src/parse/for-in-sequence.test.ts (10 tests) 253ms
 ✓ packages/safe-js/src/snapshot/guest-generator-templates.test.ts (14 tests) 244ms
 ✓ packages/safe-js/src/interp/temporal-plain-month-day-host.test.ts (4 tests) 251ms
 ✓ packages/safe-js/src/interp/globals/temporal-plain-month-day-partial.test.ts (4 tests) 264ms
 ✓ packages/safe-js/src/interp/class-default-exports.test.ts (21 tests) 265ms
 ✓ packages/safe-js/src/interp/globals/promise-proxy-getter.test.ts (6 tests) 283ms
 ✓ packages/safe-js/src/lint/eval-import-reads.test.ts (7 tests) 232ms
 ✓ packages/safe-js/src/snapshot/temporal-duration.test.ts (20 tests) 247ms
 ✓ packages/safe-js/src/modules/time.test.ts (19 tests) 177ms
 ✓ packages/safe-js/src/interp/globals/finalization-registry-cleanup.test.ts (6 tests) 257ms
 ✓ packages/safe-js/src/parse/yield-precedence.test.ts (22 tests) 258ms
 ✓ packages/safe-js/src/parse/for-of-async-lookahead.test.ts (9 tests) 242ms
 ✓ packages/safe-js/src/interp/globals/misc.test.ts (9 tests) 201ms
 ✓ packages/safe-js/src/interp/globals/json-function-hooks.test.ts (5 tests) 207ms
 ✓ packages/safe-js/src/parse/labeled-functions.test.ts (13 tests) 247ms
 ✓ packages/safe-js/src/interp/float32-slice-resize.test.ts (5 tests) 261ms
 ✓ packages/safe-js/src/interp/temporal-duration-import.test.ts (7 tests) 230ms
 ✓ packages/safe-js/src/interp/array-host-method-metadata.test.ts (2 tests) 238ms
 ✓ packages/safe-js/src/interp/iteration-protocol.test.ts (13 tests) 240ms
 ✓ packages/safe-js/src/snapshot/intl-bound-call-context.test.ts (3 tests) 244ms
 ✓ packages/safe-js/src/interp/temporal-instant-copy.test.ts (14 tests) 217ms
 ✓ packages/safe-js/src/interp/structured-clone-symbol-keys.test.ts (5 tests) 181ms
 ✓ packages/safe-js/src/interp/shared-host-pending-prefix.test.ts (1 test) 210ms
 ✓ packages/safe-js/src/interp/globals/temporal-instant-structured-clone.test.ts (7 tests) 242ms
 ✓ packages/safe-js/src/parse/parse-import-meta.test.ts (14 tests) 223ms
 ✓ packages/safe-js/src/interp/temporal-duration-export.test.ts (8 tests) 201ms
 ✓ packages/safe-js/src/interp/values.regex-copy.test.ts (13 tests) 214ms
 ✓ packages/safe-js/src/snapshot/bound-constructor-new-target.test.ts (2 tests) 206ms
 ✓ packages/safe-js/src/interp/globals/temporal-duration-total-boundary.test.ts (3 tests) 226ms
 ✓ packages/safe-js/src/interp/guest-proxy-instanceof.test.ts (9 tests) 270ms
 ✓ packages/safe-js/src/parse/contextual-function-names.test.ts (45 tests) 165ms
 ✓ packages/safe-js/src/interp/globals/object-array.test.ts (15 tests) 215ms
 ✓ packages/safe-js/src/interp/promise-aggregate-state.test.ts (4 tests) 249ms
 ✓ packages/safe-js/src/lint/weak-globals.test.ts (9 tests) 203ms
 ✓ packages/safe-js/src/interp/guest-proxy-array-identity.test.ts (6 tests) 183ms
 ✓ packages/safe-js/src/interp/globals/temporal-plain-date-time-date-input.test.ts (3 tests) 191ms
 ✓ packages/safe-js/src/interp/globals/promise-resolve-constructor.test.ts (4 tests) 186ms
 ✓ packages/safe-js/src/interp/globals/math.test.ts (36 tests) 185ms
 ✓ packages/safe-js/src/interp/globals/temporal-instant-format-zone.test.ts (5 tests) 212ms
 ✓ packages/safe-js/src/interp/globals/iterator-to-array-budget.test.ts (5 tests) 311ms
 ✓ packages/safe-js/src/interp/function-realm.test.ts (5 tests) 150ms
 ✓ packages/safe-js/src/interp/time-duration-total.test.ts (16 tests) 137ms
 ✓ packages/safe-js/src/interp/globals/temporal-month-day-year-month-input.test.ts (3 tests) 259ms
 ✓ packages/safe-js/src/index.test.ts (17 tests) 360ms
 ✓ packages/safe-js/src/interp/values-bookkeeping.test.ts (25 tests) 144ms
 ✓ packages/safe-js/src/snapshot/promise-aggregate-validation.test.ts (3 tests) 214ms
 ✓ packages/safe-js/src/interp/function-realm-budget-reuse.test.ts (2 tests) 193ms
 ✓ packages/safe-js/src/parse/statement-body-declarations.test.ts (11 tests) 206ms
 ✓ packages/safe-js/src/interp/running-state.test.ts (13 tests) 242ms
 ✓ packages/safe-js/src/interp/methods/array-with.test.ts (41 tests) 212ms
 ✓ packages/safe-js/src/snapshot/shared-array-buffer.test.ts (25 tests) 370ms
 ✓ packages/safe-js/src/interp/primitive-symbol-members.test.ts (3 tests) 396ms
 ✓ packages/safe-js/src/interp/symbol-registry-accounting.test.ts (4 tests) 233ms
 ✓ packages/safe-js/src/interp/promise-continuations.test.ts (7 tests) 185ms
 ✓ packages/safe-js/src/interp/globals/eval-delete-block-function.test.ts (5 tests) 266ms
 ✓ packages/safe-js/src/interp/globals/weak-ref-budget.test.ts (4 tests) 197ms
 ✓ packages/safe-js/src/snapshot/temporal-duration-replay.test.ts (24 tests) 162ms
 ✓ packages/safe-js/src/interp/guest-proxy-in-expression.test.ts (5 tests) 174ms
 ✓ packages/safe-js/src/parse/numeric-literals.test.ts (64 tests) 155ms
 ✓ packages/safe-js/src/interp/globals/temporal-plain-date-relative.test.ts (3 tests) 199ms
 ✓ packages/safe-js/src/interp/globals/eval-budget.test.ts (2 tests) 175ms
 ✓ packages/safe-js/src/interp/numberformat-unit-pattern.test.ts (3 tests) 155ms
 ✓ packages/safe-js/src/interp/methods/string.test.ts (22 tests) 188ms
 ✓ packages/safe-js/src/snapshot/guest-generator-restore.test.ts (23 tests) 200ms
 ✓ packages/safe-js/src/interp/error-diagnostic-accessors.test.ts (4 tests) 196ms
 ✓ packages/safe-js/src/interp/promise-allocation-accessors.test.ts (10 tests) 198ms
 ✓ packages/safe-js/src/interp/spread-result-properties.test.ts (2 tests) 160ms
 ✓ packages/safe-js/src/lint/escape-globals.test.ts (6 tests) 133ms
 ✓ packages/safe-js/src/interp/for-in-targets.test.ts (4 tests) 187ms
 ✓ packages/safe-js/src/interp/weak-collection-well-known.test.ts (9 tests) 175ms
 ✓ packages/safe-js/src/realm-owned-job-error.test.ts (4 tests) 139ms
 ✓ packages/safe-js/src/snapshot/guest-generator-identifier-assignments.test.ts (14 tests) 144ms
 ✓ packages/safe-js/src/interp/methods/string-localecompare-observer-validation.test.ts (24 tests) 143ms
 ✓ packages/safe-js/src/interp/async-function-cancellation.test.ts (2 tests) 130ms
 ✓ packages/safe-js/src/interp/async-function-driver.test.ts (2 tests) 135ms
 ✓ packages/safe-js/src/interp/methods/regex-range-case.test.ts (13 tests) 186ms
 ✓ packages/safe-js/src/interp/methods/string-split.test.ts (49 tests) 178ms
 ✓ packages/safe-js/src/interp/foreign-host-array.test.ts (4 tests) 161ms
 ✓ packages/safe-js/src/interp/reference-error-stack.test.ts (5 tests) 172ms
 ✓ packages/safe-js/src/snapshot/reference-error-stack.test.ts (1 test) 155ms
 ✓ packages/safe-js/src/snapshot/guest-generator-for-head-scope.test.ts (5 tests) 151ms
 ✓ packages/safe-js/src/lint/dynamic-import.test.ts (42 tests) 138ms
 ✓ packages/safe-js/src/interp/collection-instance-origin.test.ts (2 tests) 154ms
 ✓ packages/safe-js/src/interp/globals/function-sdk-construction.test.ts (3 tests) 149ms
 ✓ packages/safe-js/src/lint/prototype-access.test.ts (5 tests) 146ms
 ✓ packages/safe-js/src/interp/intl-duration-record-temporal.test.ts (4 tests) 118ms
 ✓ packages/safe-js/src/parse/parser.test.ts (90 tests) 131ms
 ✓ packages/safe-js/src/interp/construction-state.test.ts (2 tests) 112ms
 ✓ packages/safe-js/src/interp/values-bookkeeping-validation.test.ts (16 tests) 127ms
 ✓ packages/safe-js/src/lint/weak-collection-globals.test.ts (2 tests) 148ms
 ✓ packages/safe-js/src/interp/guest-proxy-delete-expression.test.ts (5 tests) 185ms
 ✓ packages/safe-js/src/snapshot/serialize.test.ts (15 tests) 130ms
 ✓ packages/safe-js/src/snapshot/guest-dump.test.ts (1 test) 133ms
 ✓ packages/safe-js/src/lint/proxy-global.test.ts (4 tests) 153ms
 ✓ packages/safe-js/src/snapshot/restore-function-kind.test.ts (20 tests) 140ms
 ✓ packages/safe-js/src/lint/atomics-global.test.ts (3 tests) 131ms
 ✓ packages/safe-js/src/lint/index.test.ts (41 tests) 98ms
 ✓ packages/safe-js/src/snapshot/async-function-live-capture.test.ts (1 test) 123ms
 ✓ packages/safe-js/src/parse/dynamic-function.test.ts (111 tests) 143ms
 ✓ packages/safe-js/src/interp/temporal-month-day-offset-disambiguation.test.ts (6 tests) 119ms
 ✓ packages/safe-js/src/interp/async.test.ts (18 tests) 90ms
 ✓ packages/safe-js/src/interp/host-error-private-cause.test.ts (4 tests) 107ms
 ✓ packages/safe-js/src/interp/regex/compile-helper-policy.test.ts (17 tests) 115ms
 ✓ packages/safe-js/src/lint/known-globals-mc-001.test.ts (15 tests) 109ms
 ✓ packages/safe-js/src/snapshot/backing-storage-cycles.test.ts (3 tests) 113ms
 ✓ packages/safe-js/src/interp/methods/array.test.ts (22 tests) 151ms
 ✓ packages/safe-js/src/interp/globals/math-f16round.test.ts (59 tests | 1 skipped) 94ms
 ✓ packages/safe-js/src/snapshot/weak-collection.test.ts (13 tests) 93ms
 ✓ packages/safe-js/src/interp/numberformat-backend.test.ts (32 tests) 113ms
 ✓ packages/safe-js/src/snapshot/collection-iterators.test.ts (50 tests) 82ms
 ✓ packages/safe-js/src/interp/generator.test.ts (16 tests) 82ms
 ✓ packages/safe-js/src/interp/structured-clone-null-prototype.test.ts (2 tests) 93ms
 ✓ packages/safe-js/src/interp/intrinsic-shared-retention.test.ts (9 tests) 114ms
 ✓ packages/safe-js/src/interp/methods/array-with.independent.test.ts (12 tests) 113ms
 ✓ packages/safe-js/src/parse/ordinary-await.test.ts (14 tests) 94ms
 ✓ packages/safe-js/src/snapshot/date-properties.test.ts (9 tests) 93ms
 ✓ packages/safe-js/src/parse/for-initializer-no-in.test.ts (32 tests) 100ms
 ✓ packages/safe-js/src/snapshot/template-identity.test.ts (14 tests) 100ms
 ✓ packages/safe-js/src/restore.test.ts (20 tests) 90ms
 ✓ packages/safe-js/src/interp/array-write-context.test.ts (1 test) 110ms
 ✓ packages/safe-js/src/interp/shared-host-budget.test.ts (4 tests) 82ms
 ✓ packages/safe-js/src/interp/regex/compile-callback-receiver.test.ts (1 test) 93ms
 ✓ packages/safe-js/src/lint/finalization-registry-global.test.ts (1 test) 85ms
 ✓ packages/safe-js/src/interp/regex/compile-callback-stack.test.ts (1 test) 79ms
 ✓ packages/safe-js/src/interp/async-delegation-protocol.test.ts (13 tests) 83ms
 ✓ packages/safe-js/src/snapshot/guest-heap.test.ts (4 tests) 55ms
 ✓ packages/safe-js/src/lint/weak-ref-global.test.ts (1 test) 85ms
 ✓ packages/safe-js/src/interp/globals/intl-intrinsic-retention.test.ts (12 tests) 73ms
 ✓ packages/safe-js/src/modules/fs.conformance.test.ts (201 tests | 33 skipped) 73ms
 ✓ packages/safe-js/src/interp/scope.test.ts (28 tests) 66ms
 ✓ packages/safe-js/src/interp/numberformat-sign-parts.test.ts (6 tests) 54ms
 ✓ packages/safe-js/src/interp/budget-realm-views.test.ts (7 tests) 71ms
 ✓ packages/safe-js/src/interp/guest-proxy-descriptor.test.ts (41 tests) 67ms
 ✓ packages/safe-js/src/interp/regex/compile-ingress.test.ts (3 tests) 66ms
 ✓ packages/safe-js/src/snapshot/obj-002-num-integration.test.ts (8 tests) 63ms
 ✓ packages/safe-js/src/lint/rules/AS-large-literal.test.ts (7 tests) 51ms
 ✓ packages/safe-js/src/interp/intl-duration-parts.test.ts (9 tests) 53ms
 ✓ packages/safe-js/src/snapshot/imported-promise-depth.test.ts (3 tests) 66ms
 ✓ packages/safe-js/src/lint.test.ts (9 tests) 64ms
 ✓ packages/safe-js/src/modules/agent.test.ts (45 tests) 50ms
 ✓ packages/safe-js/src/interp/promise.test.ts (59 tests) 54ms
 ✓ packages/safe-js/src/interp/intl-offset-zone.test.ts (29 tests) 51ms
 ✓ packages/safe-js/src/snapshot/assignment-reference-validation.test.ts (6 tests) 49ms
 ✓ packages/safe-js/src/interp/exceptions.test.ts (13 tests) 44ms
 ✓ packages/safe-js/src/lint/rules/AS-frontmatter-field-unused.test.ts (6 tests) 46ms
 ✓ packages/safe-js/src/snapshot/symbol.test.ts (22 tests) 49ms
 ✓ packages/safe-js/src/snapshot/with-environment.test.ts (7 tests) 41ms
 ✓ packages/safe-js/src/lint/classes.test.ts (17 tests) 42ms
 ✓ packages/safe-js/src/lint/rules/AS010.test.ts (13 tests) 19ms
 ✓ packages/safe-js/src/interp/numberformat-unit-validation.test.ts (6 tests) 38ms
 ✓ packages/safe-js/src/snapshot/regexp-properties.test.ts (19 tests) 45ms
 ✓ packages/safe-js/src/interp/host-call-graph.test.ts (4 tests) 37ms
 ✓ packages/safe-js/src/interp/values.test.ts (25 tests) 46ms
 ✓ packages/safe-js/src/snapshot/temporal-zoned-date-time.test.ts (11 tests) 32ms
 ✓ packages/safe-js/test/adversarial/parser-smoke.test.ts (1 test) 42ms
 ✓ packages/safe-js/src/snapshot/regexp-iterators.test.ts (7 tests) 37ms
 ✓ packages/safe-js/src/snapshot/obj-002-validation.test.ts (17 tests) 49ms
 ✓ packages/safe-js/src/interp/budget.test.ts (41 tests) 40ms
 ✓ packages/safe-js/src/interp/globals/error.test.ts (22 tests) 47ms
 ✓ packages/safe-js/src/loader/frontmatter.test.ts (21 tests) 35ms
 ✓ packages/safe-js/src/snapshot/mapped-arguments.test.ts (12 tests) 50ms
 ✓ packages/safe-js/src/snapshot/collection-properties.test.ts (30 tests) 41ms
 ✓ packages/safe-js/src/snapshot/temporal-plain-year-month.test.ts (15 tests) 40ms
 ✓ packages/safe-js/src/snapshot/temporal-instant.test.ts (18 tests) 29ms
 ✓ packages/safe-js/src/parse/dynamic-delete.test.ts (40 tests) 38ms
 ✓ packages/safe-js/src/snapshot/temporal-plain-month-day.test.ts (13 tests) 30ms
 ✓ packages/safe-js/src/interp/methods/function.test.ts (11 tests) 33ms
 ✓ packages/safe-js/src/snapshot/regexp-iterator-modes.test.ts (12 tests) 27ms
 ✓ packages/safe-js/test/conformance/command.test.ts (21 tests) 16ms
 ✓ packages/safe-js/src/interp/tagged-template-error-order.test.ts (7 tests) 27ms
 ✓ packages/safe-js/src/snapshot/temporal-plain-date.test.ts (13 tests) 26ms
 ✓ packages/safe-js/src/parse/dynamic-legacy-numbers.test.ts (20 tests) 48ms
 ✓ packages/safe-js/src/snapshot/error-data.test.ts (15 tests) 33ms
 ✓ packages/safe-js/src/interp/guest-proxy-prototype.test.ts (21 tests) 36ms
 ✓ packages/safe-js/src/snapshot/temporal-plain-date-time.test.ts (11 tests) 32ms
 ✓ packages/safe-js/src/interp/symbol-copy.test.ts (6 tests) 26ms
 ✓ packages/safe-js/src/interp/closure-origin.test.ts (10 tests) 33ms
 ✓ packages/safe-js/src/interp/pending-promise-proof-budget.test.ts (5 tests) 21ms
 ✓ packages/safe-js/src/parse/escaped-keywords.test.ts (20 tests) 23ms
 ✓ packages/safe-js/src/parse/generator.test.ts (50 tests) 34ms
 ✓ packages/safe-js/src/parse/strict-reserved-references.test.ts (16 tests) 24ms
 ✓ packages/safe-js/src/parse/dynamic-static-import.test.ts (40 tests) 40ms
 ✓ packages/safe-js/src/snapshot/temporal-calendar-replay.test.ts (36 tests) 27ms
 ✓ packages/safe-js/src/snapshot/temporal-plain-time.test.ts (22 tests) 34ms
 ✓ packages/safe-js/src/interp/numberformat-data-generation.test.ts (19 tests) 38ms
 ✓ packages/safe-js/src/snapshot/guest-arrays.test.ts (11 tests) 32ms
 ✓ packages/safe-js/src/parse/dynamic-legacy-escapes.test.ts (32 tests) 32ms
 ✓ packages/safe-js/src/snapshot/datetimeformat-requested-options.test.ts (10 tests) 34ms
 ✓ packages/safe-js/src/interp/guest-proxy-extensibility.test.ts (18 tests) 28ms
 ✓ packages/safe-js/src/parse/reserved-identifier-positions.test.ts (16 tests) 23ms
 ✓ packages/safe-js/src/snapshot/null-object-prototype.test.ts (12 tests) 29ms
 ✓ packages/safe-js/src/parse/private-classes.test.ts (23 tests) 25ms
 ✓ packages/safe-js/src/lint/rules/AS014.test.ts (11 tests) 14ms
 ✓ packages/safe-js/src/parse/eval-script.test.ts (46 tests) 28ms
 ✓ packages/safe-js/src/parse/classes.test.ts (37 tests) 25ms
 ✓ packages/safe-js/src/interp/promise.generic.test.ts (28 tests) 18ms
 ✓ packages/safe-js/src/parse/object-rest-assignment.test.ts (14 tests) 19ms
 ✓ packages/safe-js/src/parse/bigint-literals.test.ts (18 tests) 26ms
 ✓ packages/safe-js/src/parse/strict-restricted-targets.test.ts (4 tests) 20ms
 ✓ packages/safe-js/src/snapshot/replay-inputs.test.ts (13 tests) 22ms
 ✓ packages/safe-js/test/conformance/metadata.test.ts (19 tests) 20ms
 ✓ packages/safe-js/src/lint/iterator-constructor.test.ts (1 test) 21ms
 ✓ packages/safe-js/src/lint/rules/AS003.test.ts (21 tests) 24ms
 ✓ packages/safe-js/src/parse/hash.test.ts (33 tests) 27ms
 ✓ packages/safe-js/src/interp/shared-host-callback-validation.test.ts (6 tests) 18ms
 ✓ packages/safe-js/src/interp/guest-proxy-get.test.ts (17 tests) 17ms
 ✓ packages/safe-js/src/interp/numberformat-pluralrules.test.ts (49 tests) 22ms
 ✓ packages/safe-js/src/lint/rules/AS-destructure-null-default.test.ts (14 tests) 14ms
 ✓ packages/safe-js/src/interp/globals/console-json.test.ts (22 tests) 23ms
 ✓ packages/safe-js/src/snapshot/promise-capability-properties.test.ts (7 tests) 13ms
 ✓ packages/safe-js/src/snapshot/imported-promise-data.test.ts (20 tests) 18ms
 ✓ packages/safe-js/src/snapshot/temporal-zoned-date-time-replay.test.ts (13 tests) 14ms
 ✓ packages/safe-js/src/parse/function-strict-parameters.test.ts (22 tests) 31ms
 ✓ packages/safe-js/src/interp/patterns.test.ts (10 tests) 24ms
 ✓ packages/safe-js/src/modules/mcp.test.ts (16 tests) 18ms
 ✓ packages/safe-js/src/interp/host-reconciliation-budget.test.ts (12 tests) 14ms
 ✓ packages/safe-js/src/cli-entrypoint.test.ts (13 tests) 48ms
 ✓ packages/safe-js/src/snapshot/replay-data.test.ts (19 tests) 14ms
 ✓ packages/safe-js/src/parse/tokenizer.test.ts (25 tests) 23ms
 ✓ packages/safe-js/src/interp/async-generator-driver.test.ts (9 tests) 28ms
 ✓ packages/safe-js/src/interp/pending-proof-encoding-rollback.test.ts (2 tests) 19ms
 ✓ packages/safe-js/test/helpers/legacy-dump-graph.test.ts (28 tests) 21ms
 ✓ packages/safe-js/src/snapshot/backend.test.ts (11 tests) 17ms
 ✓ packages/safe-js/src/interp/host-call.test.ts (17 tests) 22ms
 ✓ packages/safe-js/src/interp/regex/engine.test.ts (33 tests) 14ms
 ✓ packages/safe-js/src/lint/runtime-modules.test.ts (2 tests) 25ms
 ✓ packages/safe-js/src/lint/temporal.test.ts (1 test) 18ms
 ✓ packages/safe-js/src/lint/rules/AS006-007.test.ts (14 tests) 19ms
 ✓ packages/safe-js/src/snapshot/scheduler.test.ts (14 tests) 24ms
 ✓ packages/safe-js/src/modules/log.test.ts (10 tests) 12ms
 ✓ packages/safe-js/src/dump.test.ts (11 tests) 23ms
 ✓ packages/safe-js/src/snapshot/symbol-replay.test.ts (16 tests) 19ms
 ✓ packages/safe-js/src/interp/temporal-plain-date-time-copy.test.ts (10 tests) 16ms
 ✓ packages/safe-js/src/lint/reflect.test.ts (1 test) 22ms
 ✓ packages/safe-js/src/parse/format-error.test.ts (13 tests) 13ms
 ✓ packages/safe-js/src/snapshot/temporal-plain-time-replay.test.ts (26 tests) 16ms
 ✓ packages/safe-js/src/interp/temporal-plain-month-day.test.ts (17 tests) 11ms
 ✓ packages/safe-js/src/parse/resource-declarations.test.ts (24 tests) 17ms
 ✓ packages/safe-js/src/lint/rules/AS-unused-import.test.ts (14 tests) 15ms
 ✓ packages/safe-js/src/lint/rules/AS015.test.ts (12 tests) 15ms
 ✓ packages/safe-js/src/lint/rules/AS-unreachable.test.ts (20 tests) 19ms
 ✓ packages/safe-js/src/interp/collection-iterator-bridges.test.ts (7 tests) 18ms
 ✓ packages/safe-js/src/interp/host-promise-property-budget.test.ts (2 tests) 14ms
 ✓ packages/safe-js/src/error/format.test.ts (10 tests) 10ms
 ✓ packages/safe-js/src/lint/bigint-typed-array.test.ts (2 tests) 19ms
 ✓ packages/safe-js/src/lint/rules/AS-jsdoc-type.test.ts (14 tests) 18ms
 ✓ packages/safe-js/src/parse/sloppy-let-statements.test.ts (14 tests) 19ms
 ✓ packages/safe-js/src/parse/loop-var-conflicts.test.ts (17 tests) 17ms
 ✓ packages/safe-js/src/modules/fs-config.test.ts (50 tests) 19ms
 ✓ packages/safe-js/src/lint/rules/AS-async-not-needed.test.ts (13 tests) 15ms
 ✓ packages/safe-js/src/interp/await-allocation-budget.test.ts (13 tests) 16ms
 ✓ packages/safe-js/src/interp/guest-proxy-has.test.ts (13 tests) 15ms
 ✓ packages/safe-js/test/conformance/discover.test.ts (8 tests) 13ms
 ✓ packages/safe-js/src/loader/find-exported.test.ts (14 tests) 18ms
 ✓ packages/safe-js/src/parse/parse-export.test.ts (9 tests) 13ms
 ✓ packages/safe-js/src/interp/temporal-time-zone-string.test.ts (73 tests) 11ms
 ✓ packages/safe-js/src/lint/array-buffer.test.ts (1 test) 11ms
 ✓ packages/safe-js/src/lint/eval-binding-reads.test.ts (9 tests) 15ms
 ✓ packages/safe-js/src/lint/rules/AS-missing-async.test.ts (11 tests) 17ms
 ✓ packages/safe-js/src/lint/rules/AS-mutating-frozen.test.ts (11 tests) 15ms
 ✓ packages/safe-js/src/lint/rules/AS009.test.ts (12 tests) 17ms
 ✓ packages/safe-js/src/lint/rules/AS-floating-promise.test.ts (14 tests) 17ms
 ✓ packages/safe-js/src/parse/parse-switch.test.ts (3 tests) 8ms
 ✓ packages/safe-js/src/lint/rules/AS-shadow-global.test.ts (7 tests) 10ms
 ✓ packages/safe-js/src/lint/rules/AS013.test.ts (11 tests) 15ms
 ✓ packages/safe-js/src/lint/rules/AS-unbounded-loop.test.ts (13 tests) 16ms
 ✓ packages/safe-js/src/lint/rules/AS-needless-template.test.ts (11 tests) 15ms
 ✓ packages/safe-js/src/interp/structured-clone-sdk-symbol.test.ts (7 tests) 12ms
 ✓ packages/safe-js/src/interp/measure-record-budget.test.ts (24 tests) 15ms
 ✓ packages/safe-js/src/lint/float16-array.test.ts (1 test) 13ms
 ✓ packages/safe-js/src/interp/guest-proxy-delete.test.ts (13 tests) 13ms
 ✓ packages/safe-js/src/interp/host-promise-settlement-identity.test.ts (4 tests) 13ms
 ✓ packages/safe-js/src/snapshot/trusted-promise-replay.test.ts (5 tests) 14ms
 ✓ packages/safe-js/src/interp/temporal-zoned-date-time-copy.test.ts (8 tests) 14ms
 ✓ packages/safe-js/src/snapshot/replay-graph-extension.test.ts (5 tests) 12ms
 ✓ packages/safe-js/src/interp/arguments-accessor-budget.test.ts (5 tests) 9ms
 ✓ packages/safe-js/src/parse/dynamic-import.test.ts (11 tests) 13ms
 ✓ packages/safe-js/src/lint/rules/AS004.test.ts (10 tests) 16ms
 ✓ packages/safe-js/src/interp/clone-prototype-independent.test.ts (4 tests) 13ms
 ✓ packages/safe-js/src/interp/intl-duration-options.test.ts (21 tests) 11ms
 ✓ packages/safe-js/src/lint/rules/AS001.test.ts (36 tests) 9ms
 ✓ packages/safe-js/test/helpers/legacy-parser-aliases.test.ts (8 tests) 10ms
 ✓ packages/safe-js/src/parse/template-escape-positions.test.ts (21 tests) 11ms
 ✓ packages/safe-js/src/snapshot/imported-promise-schedule.test.ts (10 tests) 11ms
 ✓ packages/safe-js/src/interp/temporal-plain-month-day-copy.test.ts (8 tests) 11ms
 ✓ packages/safe-js/src/interp/regex/parse.test.ts (18 tests) 11ms
 ✓ packages/safe-js/src/interp/promise-settlement-alias.test.ts (6 tests) 10ms
 ✓ packages/safe-js/src/interp/host-function-metadata.test.ts (2 tests) 10ms
 ✓ packages/safe-js/src/interp/temporal-plain-year-month-copy.test.ts (10 tests) 14ms
 ✓ packages/safe-js/src/interp/measure-managed-array.test.ts (7 tests) 7ms
 ✓ packages/safe-js/src/modules/harness.test.ts (12 tests) 12ms
 ✓ packages/safe-js/src/lint/rules/AS005.test.ts (13 tests) 13ms
 ✓ packages/safe-js/src/interp/shared-array-buffer.test.ts (18 tests) 13ms
 ✓ packages/safe-js/src/modules/registry.test.ts (4 tests) 10ms
 ✓ packages/safe-js/src/interp/intrinsic-retention-allocation.test.ts (6 tests) 9ms
 ✓ packages/safe-js/src/lint/rules/AS-import-cycle.test.ts (6 tests) 12ms
 ✓ packages/safe-js/src/interp/temporal-plain-date-copy.test.ts (8 tests) 14ms
 ✓ packages/safe-js/src/snapshot/pending-imported-promise-validation.test.ts (5 tests) 11ms
 ✓ packages/safe-js/src/interp/mapped-arguments.test.ts (9 tests) 10ms
 ✓ packages/safe-js/src/interp/shared-host-storage.test.ts (5 tests) 10ms
 ✓ packages/safe-js/src/interp/temporal-plain-time-copy.test.ts (13 tests) 13ms
 ✓ packages/safe-js/src/interp/typed-array-symbol-accounting.test.ts (25 tests) 13ms
 ✓ packages/safe-js/src/interp/finalization-registry-state.test.ts (9 tests) 11ms
 ✓ packages/safe-js/src/interp/promise-cross-realm-import.test.ts (4 tests) 9ms
 ✓ packages/safe-js/src/snapshot/imported-promise-property-validation.test.ts (4 tests) 9ms
 ✓ packages/safe-js/src/interp/temporal-zoned-date-time.test.ts (19 tests) 12ms
 ✓ packages/safe-js/src/interp/promise-property-capture.test.ts (1 test) 7ms
 ✓ packages/safe-js/src/interp/temporal-duration.test.ts (25 tests) 10ms
 ✓ packages/safe-js/src/modules/fs.option-surface.test.ts (29 tests) 5ms
 ✓ packages/safe-js/test/array-observer-contract.test.ts (25 tests) 7ms
 ✓ packages/safe-js/src/interp/host-digest-representation.test.ts (10 tests) 9ms
 ✓ packages/safe-js/src/interp/methods/number.test.ts (9 tests) 12ms
 ✓ packages/safe-js/test/conformance/report.test.ts (9 tests) 7ms
 ✓ packages/safe-js/src/parse/unicode-whitespace.test.ts (20 tests) 11ms
 ✓ packages/safe-js/src/interp/intl-duration-record.test.ts (22 tests) 13ms
 ✓ packages/safe-js/src/interp/weak-collection-cleanup.test.ts (4 tests) 11ms
 ✓ packages/safe-js/src/interp/intrinsic-retained-roots-cache.test.ts (6 tests) 10ms
 ✓ packages/safe-js/src/snapshot/scope-frames.test.ts (6 tests) 8ms
 ✓ packages/safe-js/src/interp/temporal-offset-validation.test.ts (49 tests) 10ms
 ✓ packages/safe-js/src/loader/extract-block.test.ts (24 tests) 10ms
 ✓ packages/safe-js/src/parse/eval-source-budget.test.ts (6 tests) 9ms
 ✓ packages/safe-js/src/interp/structured-clone-weak-graph.test.ts (5 tests) 10ms
 ✓ packages/safe-js/src/interp/budget.compile-guard.test.ts (6 tests) 9ms
 ✓ packages/safe-js/src/interp/job-kept-targets.test.ts (7 tests) 8ms
 ✓ packages/safe-js/src/interp/closure-measure-fast-path.test.ts (2 tests) 9ms
 ✓ packages/safe-js/src/lint/rules/AS-export-import-meta.test.ts (6 tests) 9ms
 ✓ packages/safe-js/src/interp/promise-replay.test.ts (18 tests) 9ms
 ✓ packages/safe-js/src/interp/weak-collection.test.ts (11 tests) 11ms
 ✓ packages/safe-js/src/interp/scope-frame.test.ts (8 tests) 7ms
 ✓ packages/safe-js/src/interp/host-reconciliation-context.test.ts (1 test) 8ms
 ✓ packages/safe-js/src/interp/datetimeformat-requested-options-accounting.test.ts (2 tests) 6ms
 ✓ packages/safe-js/src/interp/symbol-resources.test.ts (7 tests) 7ms
 ✓ packages/safe-js/src/interp/temporal-plain-time-boundaries.test.ts (5 tests) 9ms
 ✓ packages/safe-js/src/interp/promise-replay-import-header.test.ts (13 tests) 6ms
 ✓ packages/safe-js/src/interp/intrinsic-retention-group-cache.test.ts (4 tests) 9ms
 ✓ packages/safe-js/src/interp/guest-proxy.test.ts (18 tests) 8ms
 ✓ packages/safe-js/src/modules/module-environment.test.ts (3 tests) 8ms
 ✓ packages/safe-js/src/interp/temporal-plain-year-month.test.ts (14 tests) 7ms
 ✓ packages/safe-js/src/interp/guest-proxy-set-prototype-retention.test.ts (4 tests) 6ms
 ✓ packages/safe-js/src/interp/guest-proxy-trap.test.ts (12 tests) 9ms
 ✓ packages/safe-js/src/snapshot/dump-readiness.test.ts (2 tests) 6ms
 ✓ packages/safe-js/src/interp/scope-root-groups.test.ts (6 tests) 8ms
 ✓ packages/safe-js/src/interp/temporal-realm-prototypes.test.ts (8 tests) 8ms
 ✓ packages/safe-js/src/interp/globals/temporal-rounding-options.test.ts (9 tests) 7ms
 ✓ packages/safe-js/src/interp/temporal-plain-date-time.test.ts (15 tests) 8ms
 ✓ packages/safe-js/src/interp/temporal-plain-date.test.ts (14 tests) 6ms
 ✓ packages/safe-js/src/interp/structured-clone-host-instant.test.ts (14 tests | 7 skipped) 7ms
 ✓ packages/safe-js/src/interp/methods/regex.test.ts (4 tests) 8ms
 ✓ packages/safe-js/src/modules/metric.test.ts (10 tests) 8ms
 ✓ packages/safe-js/src/parse/function-source.test.ts (3 tests) 8ms
 ✓ packages/safe-js/src/interp/intrinsic-data-roots.test.ts (6 tests) 8ms
 ✓ packages/safe-js/src/interp/structured-clone-promises.test.ts (4 tests) 8ms
 ✓ packages/safe-js/src/interp/methods/string-locale-direct.test.ts (6 tests) 7ms
 ✓ packages/safe-js/src/interp/intrinsic-measure-cache.test.ts (4 tests) 9ms
 ✓ packages/safe-js/src/interp/reconcile-empty-tickets.test.ts (4 tests) 9ms
 ✓ packages/safe-js/src/interp/array-index-capture.test.ts (5 tests) 6ms
 ✓ packages/safe-js/src/interp/temporal-calendar-string.test.ts (19 tests) 5ms
 ✓ packages/safe-js/src/snapshot/policy.test.ts (24 tests) 7ms
 ✓ packages/safe-js/src/interp/host-argument-normalization.test.ts (8 tests) 9ms
 ✓ packages/safe-js/src/parse/unicode-line-terminators.test.ts (4 tests) 7ms
 ✓ packages/safe-js/src/interp/dense-array-keys.test.ts (4 tests) 7ms
 ✓ packages/safe-js/src/interp/temporal-plain-time.test.ts (17 tests) 8ms
 ✓ packages/safe-js/src/snapshot/property-descriptors.test.ts (9 tests) 12ms
 ✓ packages/safe-js/src/interp/host-reconciliation-disposal.test.ts (5 tests) 7ms
 ✓ packages/safe-js/src/interp/finalization-held-accounting.test.ts (2 tests) 11ms
 ✓ packages/safe-js/src/snapshot/data-descriptor-validation.test.ts (11 tests) 8ms
 ✓ packages/safe-js/src/interp/array-measurement.test.ts (6 tests) 12ms
 ✓ packages/safe-js/src/interp/temporal-instant.test.ts (9 tests) 13ms
 ✓ packages/safe-js/src/interp/scope-binding-deletion.test.ts (3 tests) 9ms
 ✓ packages/safe-js/src/parse/private-identifiers.test.ts (8 tests) 7ms
 ✓ packages/safe-js/src/interp/intrinsic-prototype-retention.test.ts (3 tests) 7ms
 ✓ packages/safe-js/src/interp/scope-alias.test.ts (4 tests) 14ms
 ✓ packages/safe-js/src/interp/with-binding-reference.test.ts (7 tests) 11ms
 ✓ packages/safe-js/src/parse/unicode-line-continuations.test.ts (2 tests) 7ms
 ✓ packages/safe-js/src/interp/jobs.test.ts (5 tests) 7ms
 ✓ packages/safe-js/src/interp/promise-replay-imports.test.ts (9 tests) 9ms
 ✓ packages/safe-js/src/interp/float32-properties.test.ts (5 tests) 6ms
 ✓ packages/safe-js/src/interp/intrinsic-state-detection.test.ts (8 tests) 7ms
 ✓ packages/safe-js/src/interp/promise-replay-settlement.test.ts (4 tests) 6ms
 ✓ packages/safe-js/src/modules/fs.workerd.test.ts (1 test) 6ms
 ✓ packages/safe-js/src/interp/boxed.test.ts (10 tests) 6ms
 ✓ packages/safe-js/src/cli-help-import.test.ts (1 test) 7ms
 ✓ packages/safe-js/src/interp/promise-state.test.ts (2 tests) 4ms
 ✓ packages/safe-js/src/interp/intl-duration-locale.test.ts (7 tests) 5ms
 ✓ packages/safe-js/src/interp/prototype-realm-free.test.ts (5 tests) 7ms
 ✓ packages/safe-js/src/interp/measure-symbol-capture.test.ts (3 tests) 8ms
 ✓ packages/safe-js/src/interp/empty-retained-values.test.ts (4 tests) 5ms
 ✓ packages/safe-js/src/interp/structured-clone-capabilities.test.ts (2 tests) 6ms
 ✓ packages/safe-js/src/interp/resources.test.ts (3 tests) 7ms
 ✓ packages/safe-js/src/interp/guest-proxy-prototype-retention.test.ts (2 tests) 10ms
 ✓ packages/safe-js/src/modules/fail.test.ts (3 tests) 4ms
 ✓ packages/safe-js/src/interp/array-symbol-capture.test.ts (4 tests) 7ms
 ✓ packages/safe-js/src/interp/globals/temporal-year-month-registration.test.ts (1 test) 6ms
 ✓ packages/safe-js/src/interp/intrinsic-projection-retirement.test.ts (2 tests) 5ms
 ✓ packages/safe-js/src/interp/global-scope.test.ts (3 tests) 5ms
 ✓ packages/safe-js/test/array-worker-contract.test.ts (8 tests) 5ms
 ✓ packages/safe-js/src/interp/temporal-instant-host-brand.test.ts (5 tests) 4ms
 ✓ packages/safe-js/src/interp/intrinsic-realm-identity.test.ts (5 tests) 8ms
 ✓ packages/safe-js/src/interp/produced-value-allocation.test.ts (5 tests) 6ms
 ✓ packages/safe-js/src/platform/workerd.test.ts (4 tests) 5ms
 ✓ packages/safe-js/src/parse/private-name-context.test.ts (3 tests) 5ms
 ✓ packages/safe-js/src/interp/dom-exception-platform.test.ts (1 test) 5ms
 ✓ packages/safe-js/src/interp/async-disposable-stack-state.test.ts (1 test) 5ms
 ✓ packages/safe-js/src/interp/budget-owner.test.ts (2 tests) 4ms
 ✓ packages/safe-js/src/error/shape.test.ts (3 tests) 5ms
 ✓ packages/safe-js/src/interp/disposal-symbol-compatibility.test.ts (1 test) 4ms
 ✓ packages/safe-js/src/lint/rules/module-registry.test.ts (2 tests) 4ms
 ✓ packages/safe-js/src/error/native-suppressed-error.test.ts (2 tests) 5ms
 ✓ packages/safe-js/src/core.test.ts (1 test) 3ms
 ✓ packages/safe-js/test/adversarial/report.test.ts (2 tests) 3ms
 ↓ packages/safe-js/src/parse/fuzz.test.ts (1 test | 1 skipped)
 ↓ packages/safe-js/src/interp/temporal-instant-native.test.ts (4 tests | 4 skipped)

⎯⎯⎯⎯⎯⎯⎯ Failed Tests 7 ⎯⎯⎯⎯⎯⎯⎯

 FAIL  packages/safe-js/src/interp/promise-import-properties.test.ts > imports user symbol properties without exposing host promise metadata
AssertionError: expected undefined to be 42 // Object.is equality

- Expected:
42

+ Received:
undefined

 ❯ packages/safe-js/src/interp/promise-import-properties.test.ts:15:27
     13|   Object.defineProperty(value,key,{value:42,enumerable:true});
     14|   const properties=getPromiseProperties(deepCopyToSandbox(value) as Sa…
     15|   expect(properties[key]).toBe(42);
       |                           ^
     16|   expect(Reflect.ownKeys(properties)).toEqual([key]);
     17| });

⎯⎯⎯⎯⎯⎯⎯⎯⎯⎯⎯⎯⎯⎯⎯⎯⎯⎯⎯⎯⎯⎯⎯⎯[1/7]⎯

 FAIL  packages/safe-js/src/interp/globals/iso-month-name-completeness.test.ts > retains the standalone ISO month for en-US with long width
AssertionError: expected { ok: true, …(3) } to match object { ok: true, returnValue: [ …(3) ] }
(12 matching properties omitted from actual)

- Expected
+ Received

  {
    "ok": true,
    "returnValue": [
-     [
-       {
-         "type": "month",
-         "value": "February",
-       },
-     ],
-     "February",
-     "February",
+     [],
+     "",
+     "",
    ],
  }

 ❯ packages/safe-js/src/interp/globals/iso-month-name-completeness.test.ts:19:18
     17|       new Temporal.PlainYearMonth(2000,2).toLocaleString(locale,option…
     18|     ]`);
     19|   expect(result).toMatchObject({ ok: true, returnValue: [
       |                  ^
     20|     [{ type: "month", value: expected }], expected, expected
     21|   ] });

⎯⎯⎯⎯⎯⎯⎯⎯⎯⎯⎯⎯⎯⎯⎯⎯⎯⎯⎯⎯⎯⎯⎯⎯[2/7]⎯

 FAIL  packages/safe-js/src/interp/globals/iso-month-name-completeness.test.ts > retains the standalone ISO month for pl-PL with long width
AssertionError: expected { ok: true, …(3) } to match object { ok: true, returnValue: [ …(3) ] }
(12 matching properties omitted from actual)

- Expected
+ Received

  {
    "ok": true,
    "returnValue": [
-     [
-       {
-         "type": "month",
-         "value": "luty",
-       },
-     ],
-     "luty",
-     "luty",
+     [],
+     "",
+     "",
    ],
  }

 ❯ packages/safe-js/src/interp/globals/iso-month-name-completeness.test.ts:19:18
     17|       new Temporal.PlainYearMonth(2000,2).toLocaleString(locale,option…
     18|     ]`);
     19|   expect(result).toMatchObject({ ok: true, returnValue: [
       |                  ^
     20|     [{ type: "month", value: expected }], expected, expected
     21|   ] });

⎯⎯⎯⎯⎯⎯⎯⎯⎯⎯⎯⎯⎯⎯⎯⎯⎯⎯⎯⎯⎯⎯⎯⎯[3/7]⎯

 FAIL  packages/safe-js/src/interp/globals/iso-month-name-completeness.test.ts > retains the standalone ISO month for ru-RU with long width
AssertionError: expected { ok: true, …(3) } to match object { ok: true, returnValue: [ …(3) ] }
(12 matching properties omitted from actual)

- Expected
+ Received

  {
    "ok": true,
    "returnValue": [
-     [
-       {
-         "type": "month",
-         "value": "февраль",
-       },
-     ],
-     "февраль",
-     "февраль",
+     [],
+     "",
+     "",
    ],
  }

 ❯ packages/safe-js/src/interp/globals/iso-month-name-completeness.test.ts:19:18
     17|       new Temporal.PlainYearMonth(2000,2).toLocaleString(locale,option…
     18|     ]`);
     19|   expect(result).toMatchObject({ ok: true, returnValue: [
       |                  ^
     20|     [{ type: "month", value: expected }], expected, expected
     21|   ] });

⎯⎯⎯⎯⎯⎯⎯⎯⎯⎯⎯⎯⎯⎯⎯⎯⎯⎯⎯⎯⎯⎯⎯⎯[4/7]⎯

 FAIL  packages/safe-js/src/interp/globals/iso-month-name-completeness.test.ts > preserves both ISO month names and sources in a en-US range
AssertionError: expected { ok: true, …(3) } to match object { ok: true, returnValue: [ …(3) ] }
(12 matching properties omitted from actual)

- Expected
+ Received

  {
    "ok": true,
    "returnValue": [
-     [
-       {
-         "source": "startRange",
-         "type": "month",
-         "value": "February",
-       },
-       {
-         "source": "endRange",
-         "type": "month",
-         "value": "March",
-       },
-     ],
+     [],
      true,
      "iso8601",
    ],
  }

 ❯ packages/safe-js/src/interp/globals/iso-month-name-completeness.test.ts:39:18
     37|       formatter.resolvedOptions().calendar];
     38|   `);
     39|   expect(result).toMatchObject({ ok: true, returnValue: [[
       |                  ^
     40|     { type: "month", value: start, source: "startRange" },
     41|     { type: "month", value: end, source: "endRange" }

⎯⎯⎯⎯⎯⎯⎯⎯⎯⎯⎯⎯⎯⎯⎯⎯⎯⎯⎯⎯⎯⎯⎯⎯[5/7]⎯

 FAIL  packages/safe-js/src/interp/globals/iso-month-name-completeness.test.ts > preserves both ISO month names and sources in a pl-PL range
AssertionError: expected { ok: true, …(3) } to match object { ok: true, returnValue: [ …(3) ] }
(12 matching properties omitted from actual)

- Expected
+ Received

  {
    "ok": true,
    "returnValue": [
-     [
-       {
-         "source": "startRange",
-         "type": "month",
-         "value": "luty",
-       },
-       {
-         "source": "endRange",
-         "type": "month",
-         "value": "marzec",
-       },
-     ],
+     [],
      true,
      "iso8601",
    ],
  }

 ❯ packages/safe-js/src/interp/globals/iso-month-name-completeness.test.ts:39:18
     37|       formatter.resolvedOptions().calendar];
     38|   `);
     39|   expect(result).toMatchObject({ ok: true, returnValue: [[
       |                  ^
     40|     { type: "month", value: start, source: "startRange" },
     41|     { type: "month", value: end, source: "endRange" }

⎯⎯⎯⎯⎯⎯⎯⎯⎯⎯⎯⎯⎯⎯⎯⎯⎯⎯⎯⎯⎯⎯⎯⎯[6/7]⎯

 FAIL  packages/safe-js/src/interp/globals/iso-month-name-completeness.test.ts > preserves both ISO month names and sources in a ru-RU range
AssertionError: expected { ok: true, …(3) } to match object { ok: true, returnValue: [ …(3) ] }
(12 matching properties omitted from actual)

- Expected
+ Received

  {
    "ok": true,
    "returnValue": [
-     [
-       {
-         "source": "startRange",
-         "type": "month",
-         "value": "февраль",
-       },
-       {
-         "source": "endRange",
-         "type": "month",
-         "value": "март",
-       },
-     ],
+     [],
      true,
      "iso8601",
    ],
  }

 ❯ packages/safe-js/src/interp/globals/iso-month-name-completeness.test.ts:39:18
     37|       formatter.resolvedOptions().calendar];
     38|   `);
     39|   expect(result).toMatchObject({ ok: true, returnValue: [[
       |                  ^
     40|     { type: "month", value: start, source: "startRange" },
     41|     { type: "month", value: end, source: "endRange" }

⎯⎯⎯⎯⎯⎯⎯⎯⎯⎯⎯⎯⎯⎯⎯⎯⎯⎯⎯⎯⎯⎯⎯⎯[7/7]⎯


 Test Files  2 failed | 1310 passed | 2 skipped (1314)
      Tests  7 failed | 29049 passed | 47 skipped (29103)
   Start at  23:16:17
   Duration  1810.25s (transform 26.24s, setup 16.13s, import 624.12s, tests 1044.41s, environment 82ms)

npm error Lifecycle script `test:unit` failed with error:
npm error code 1
npm error path /Users/kjopek/Workspace/poe-code/packages/safe-js
npm error workspace @poe-code/safe-js@0.0.1
npm error location /Users/kjopek/Workspace/poe-code/packages/safe-js
npm error command failed
npm error command sh -c cd ../.. && vitest run packages/safe-js/src packages/safe-js/test

